[2026-09-30T19:10:07.154+0000] {processor.py:153} INFO - Started process (PID=52) to work on /home/airflow/.local/lib/python3.7/site-packages/airflow/example_dags/example_skip_dag.py
[2026-09-30T19:10:07.154+0000] {processor.py:743} INFO - Processing file /home/airflow/.local/lib/python3.7/site-packages/airflow/example_dags/example_skip_dag.py for tasks to queue
[2026-09-30T19:10:07.155+0000] {logging_mixin.py:137} INFO - [2026-09-30T19:10:07.155+0000] {dagbag.py:538} INFO - Filling up the DagBag from /home/airflow/.local/lib/python3.7/site-packages/airflow/example_dags/example_skip_dag.py
[2026-09-30T19:10:07.171+0000] {processor.py:753} INFO - DAG(s) dict_keys(['example_skip_dag']) retrieved from /home/airflow/.local/lib/python3.7/site-packages/airflow/example_dags/example_skip_dag.py
[2026-09-30T19:10:07.199+0000] {logging_mixin.py:137} INFO - [2026-09-30T19:10:07.199+0000] {dag.py:2676} INFO - Sync 1 DAGs
[2026-09-30T19:10:07.234+0000] {logging_mixin.py:137} INFO - [2026-09-30T19:10:07.234+0000] {dag.py:3427} INFO - Setting next_dagrun for example_skip_dag to 2026-09-29T19:10:07.234158+00:00, run_after=2026-09-30T19:10:07.234158+00:00
[2026-09-30T19:10:07.256+0000] {processor.py:175} INFO - Processing /home/airflow/.local/lib/python3.7/site-packages/airflow/example_dags/example_skip_dag.py took 0.105 seconds
[2026-09-30T19:10:37.800+0000] {processor.py:153} INFO - Started process (PID=150) to work on /home/airflow/.local/lib/python3.7/site-packages/airflow/example_dags/example_skip_dag.py
[2026-09-30T19:10:37.801+0000] {processor.py:743} INFO - Processing file /home/airflow/.local/lib/python3.7/site-packages/airflow/example_dags/example_skip_dag.py for tasks to queue
[2026-09-30T19:10:37.802+0000] {logging_mixin.py:137} INFO - [2026-09-30T19:10:37.802+0000] {dagbag.py:538} INFO - Filling up the DagBag from /home/airflow/.local/lib/python3.7/site-packages/airflow/example_dags/example_skip_dag.py
[2026-09-30T19:10:37.822+0000] {processor.py:753} INFO - DAG(s) dict_keys(['example_skip_dag']) retrieved from /home/airflow/.local/lib/python3.7/site-packages/airflow/example_dags/example_skip_dag.py
[2026-09-30T19:10:37.868+0000] {logging_mixin.py:137} INFO - [2026-09-30T19:10:37.868+0000] {dag.py:2676} INFO - Sync 1 DAGs
[2026-09-30T19:10:37.906+0000] {logging_mixin.py:137} INFO - [2026-09-30T19:10:37.906+0000] {dag.py:3427} INFO - Setting next_dagrun for example_skip_dag to 2026-09-29T19:10:37.905906+00:00, run_after=2026-09-30T19:10:37.905906+00:00
[2026-09-30T19:10:37.941+0000] {processor.py:175} INFO - Processing /home/airflow/.local/lib/python3.7/site-packages/airflow/example_dags/example_skip_dag.py took 0.144 seconds
[2026-09-30T19:11:08.182+0000] {processor.py:153} INFO - Started process (PID=228) to work on /home/airflow/.local/lib/python3.7/site-packages/airflow/example_dags/example_skip_dag.py
[2026-09-30T19:11:08.182+0000] {processor.py:743} INFO - Processing file /home/airflow/.local/lib/python3.7/site-packages/airflow/example_dags/example_skip_dag.py for tasks to queue
[2026-09-30T19:11:08.183+0000] {logging_mixin.py:137} INFO - [2026-09-30T19:11:08.183+0000] {dagbag.py:538} INFO - Filling up the DagBag from /home/airflow/.local/lib/python3.7/site-packages/airflow/example_dags/example_skip_dag.py
[2026-09-30T19:11:08.201+0000] {processor.py:753} INFO - DAG(s) dict_keys(['example_skip_dag']) retrieved from /home/airflow/.local/lib/python3.7/site-packages/airflow/example_dags/example_skip_dag.py
[2026-09-30T19:11:08.245+0000] {logging_mixin.py:137} INFO - [2026-09-30T19:11:08.245+0000] {dag.py:2676} INFO - Sync 1 DAGs
[2026-09-30T19:11:08.284+0000] {logging_mixin.py:137} INFO - [2026-09-30T19:11:08.284+0000] {dag.py:3427} INFO - Setting next_dagrun for example_skip_dag to 2026-09-29T19:11:08.283847+00:00, run_after=2026-09-30T19:11:08.283847+00:00
[2026-09-30T19:11:08.317+0000] {processor.py:175} INFO - Processing /home/airflow/.local/lib/python3.7/site-packages/airflow/example_dags/example_skip_dag.py took 0.139 seconds
[2026-09-30T19:11:38.717+0000] {processor.py:153} INFO - Started process (PID=306) to work on /home/airflow/.local/lib/python3.7/site-packages/airflow/example_dags/example_skip_dag.py
[2026-09-30T19:11:38.719+0000] {processor.py:743} INFO - Processing file /home/airflow/.local/lib/python3.7/site-packages/airflow/example_dags/example_skip_dag.py for tasks to queue
[2026-09-30T19:11:38.719+0000] {logging_mixin.py:137} INFO - [2026-09-30T19:11:38.719+0000] {dagbag.py:538} INFO - Filling up the DagBag from /home/airflow/.local/lib/python3.7/site-packages/airflow/example_dags/example_skip_dag.py
[2026-09-30T19:11:38.740+0000] {processor.py:753} INFO - DAG(s) dict_keys(['example_skip_dag']) retrieved from /home/airflow/.local/lib/python3.7/site-packages/airflow/example_dags/example_skip_dag.py
[2026-09-30T19:11:38.791+0000] {logging_mixin.py:137} INFO - [2026-09-30T19:11:38.790+0000] {dag.py:2676} INFO - Sync 1 DAGs
[2026-09-30T19:11:38.823+0000] {logging_mixin.py:137} INFO - [2026-09-30T19:11:38.823+0000] {dag.py:3427} INFO - Setting next_dagrun for example_skip_dag to 2026-09-29T19:11:38.822779+00:00, run_after=2026-09-30T19:11:38.822779+00:00
[2026-09-30T19:11:38.846+0000] {processor.py:175} INFO - Processing /home/airflow/.local/lib/python3.7/site-packages/airflow/example_dags/example_skip_dag.py took 0.135 seconds
[2026-09-30T19:12:09.423+0000] {processor.py:153} INFO - Started process (PID=393) to work on /home/airflow/.local/lib/python3.7/site-packages/airflow/example_dags/example_skip_dag.py
[2026-09-30T19:12:09.425+0000] {processor.py:743} INFO - Processing file /home/airflow/.local/lib/python3.7/site-packages/airflow/example_dags/example_skip_dag.py for tasks to queue
[2026-09-30T19:12:09.425+0000] {logging_mixin.py:137} INFO - [2026-09-30T19:12:09.425+0000] {dagbag.py:538} INFO - Filling up the DagBag from /home/airflow/.local/lib/python3.7/site-packages/airflow/example_dags/example_skip_dag.py
[2026-09-30T19:12:09.443+0000] {processor.py:753} INFO - DAG(s) dict_keys(['example_skip_dag']) retrieved from /home/airflow/.local/lib/python3.7/site-packages/airflow/example_dags/example_skip_dag.py
[2026-09-30T19:12:09.494+0000] {logging_mixin.py:137} INFO - [2026-09-30T19:12:09.494+0000] {dag.py:2676} INFO - Sync 1 DAGs
[2026-09-30T19:12:09.530+0000] {logging_mixin.py:137} INFO - [2026-09-30T19:12:09.530+0000] {dag.py:3427} INFO - Setting next_dagrun for example_skip_dag to 2026-09-29T19:12:09.530475+00:00, run_after=2026-09-30T19:12:09.530475+00:00
[2026-09-30T19:12:09.556+0000] {processor.py:175} INFO - Processing /home/airflow/.local/lib/python3.7/site-packages/airflow/example_dags/example_skip_dag.py took 0.137 seconds
[2026-09-30T19:12:39.762+0000] {processor.py:153} INFO - Started process (PID=482) to work on /home/airflow/.local/lib/python3.7/site-packages/airflow/example_dags/example_skip_dag.py
[2026-09-30T19:12:39.763+0000] {processor.py:743} INFO - Processing file /home/airflow/.local/lib/python3.7/site-packages/airflow/example_dags/example_skip_dag.py for tasks to queue
[2026-09-30T19:12:39.764+0000] {logging_mixin.py:137} INFO - [2026-09-30T19:12:39.764+0000] {dagbag.py:538} INFO - Filling up the DagBag from /home/airflow/.local/lib/python3.7/site-packages/airflow/example_dags/example_skip_dag.py
[2026-09-30T19:12:39.793+0000] {processor.py:753} INFO - DAG(s) dict_keys(['example_skip_dag']) retrieved from /home/airflow/.local/lib/python3.7/site-packages/airflow/example_dags/example_skip_dag.py
[2026-09-30T19:12:39.865+0000] {logging_mixin.py:137} INFO - [2026-09-30T19:12:39.864+0000] {dag.py:2676} INFO - Sync 1 DAGs
[2026-09-30T19:12:39.913+0000] {logging_mixin.py:137} INFO - [2026-09-30T19:12:39.913+0000] {dag.py:3427} INFO - Setting next_dagrun for example_skip_dag to 2026-09-29T19:12:39.912659+00:00, run_after=2026-09-30T19:12:39.912659+00:00
[2026-09-30T19:12:39.943+0000] {processor.py:175} INFO - Processing /home/airflow/.local/lib/python3.7/site-packages/airflow/example_dags/example_skip_dag.py took 0.188 seconds
[2026-09-30T19:13:10.210+0000] {processor.py:153} INFO - Started process (PID=561) to work on /home/airflow/.local/lib/python3.7/site-packages/airflow/example_dags/example_skip_dag.py
[2026-09-30T19:13:10.210+0000] {processor.py:743} INFO - Processing file /home/airflow/.local/lib/python3.7/site-packages/airflow/example_dags/example_skip_dag.py for tasks to queue
[2026-09-30T19:13:10.211+0000] {logging_mixin.py:137} INFO - [2026-09-30T19:13:10.211+0000] {dagbag.py:538} INFO - Filling up the DagBag from /home/airflow/.local/lib/python3.7/site-packages/airflow/example_dags/example_skip_dag.py
[2026-09-30T19:13:10.230+0000] {processor.py:753} INFO - DAG(s) dict_keys(['example_skip_dag']) retrieved from /home/airflow/.local/lib/python3.7/site-packages/airflow/example_dags/example_skip_dag.py
[2026-09-30T19:13:10.305+0000] {logging_mixin.py:137} INFO - [2026-09-30T19:13:10.305+0000] {dag.py:2676} INFO - Sync 1 DAGs
[2026-09-30T19:13:10.344+0000] {logging_mixin.py:137} INFO - [2026-09-30T19:13:10.343+0000] {dag.py:3427} INFO - Setting next_dagrun for example_skip_dag to 2026-09-29T19:13:10.343438+00:00, run_after=2026-09-30T19:13:10.343438+00:00
[2026-09-30T19:13:10.367+0000] {processor.py:175} INFO - Processing /home/airflow/.local/lib/python3.7/site-packages/airflow/example_dags/example_skip_dag.py took 0.163 seconds
[2026-09-30T19:13:40.595+0000] {processor.py:153} INFO - Started process (PID=639) to work on /home/airflow/.local/lib/python3.7/site-packages/airflow/example_dags/example_skip_dag.py
[2026-09-30T19:13:40.595+0000] {processor.py:743} INFO - Processing file /home/airflow/.local/lib/python3.7/site-packages/airflow/example_dags/example_skip_dag.py for tasks to queue
[2026-09-30T19:13:40.596+0000] {logging_mixin.py:137} INFO - [2026-09-30T19:13:40.596+0000] {dagbag.py:538} INFO - Filling up the DagBag from /home/airflow/.local/lib/python3.7/site-packages/airflow/example_dags/example_skip_dag.py
[2026-09-30T19:13:40.620+0000] {processor.py:753} INFO - DAG(s) dict_keys(['example_skip_dag']) retrieved from /home/airflow/.local/lib/python3.7/site-packages/airflow/example_dags/example_skip_dag.py
[2026-09-30T19:13:40.692+0000] {logging_mixin.py:137} INFO - [2026-09-30T19:13:40.692+0000] {dag.py:2676} INFO - Sync 1 DAGs
[2026-09-30T19:13:40.726+0000] {logging_mixin.py:137} INFO - [2026-09-30T19:13:40.726+0000] {dag.py:3427} INFO - Setting next_dagrun for example_skip_dag to 2026-09-29T19:13:40.726144+00:00, run_after=2026-09-30T19:13:40.726144+00:00
[2026-09-30T19:13:40.755+0000] {processor.py:175} INFO - Processing /home/airflow/.local/lib/python3.7/site-packages/airflow/example_dags/example_skip_dag.py took 0.164 seconds
[2026-09-30T19:14:11.765+0000] {processor.py:153} INFO - Started process (PID=725) to work on /home/airflow/.local/lib/python3.7/site-packages/airflow/example_dags/example_skip_dag.py
[2026-09-30T19:14:11.766+0000] {processor.py:743} INFO - Processing file /home/airflow/.local/lib/python3.7/site-packages/airflow/example_dags/example_skip_dag.py for tasks to queue
[2026-09-30T19:14:11.768+0000] {logging_mixin.py:137} INFO - [2026-09-30T19:14:11.767+0000] {dagbag.py:538} INFO - Filling up the DagBag from /home/airflow/.local/lib/python3.7/site-packages/airflow/example_dags/example_skip_dag.py
[2026-09-30T19:14:11.796+0000] {processor.py:753} INFO - DAG(s) dict_keys(['example_skip_dag']) retrieved from /home/airflow/.local/lib/python3.7/site-packages/airflow/example_dags/example_skip_dag.py
[2026-09-30T19:14:11.856+0000] {logging_mixin.py:137} INFO - [2026-09-30T19:14:11.856+0000] {dag.py:2676} INFO - Sync 1 DAGs
[2026-09-30T19:14:11.887+0000] {logging_mixin.py:137} INFO - [2026-09-30T19:14:11.886+0000] {dag.py:3427} INFO - Setting next_dagrun for example_skip_dag to 2026-09-29T19:14:11.886542+00:00, run_after=2026-09-30T19:14:11.886542+00:00
[2026-09-30T19:14:11.911+0000] {processor.py:175} INFO - Processing /home/airflow/.local/lib/python3.7/site-packages/airflow/example_dags/example_skip_dag.py took 0.152 seconds
[2026-09-30T19:14:42.013+0000] {processor.py:153} INFO - Started process (PID=813) to work on /home/airflow/.local/lib/python3.7/site-packages/airflow/example_dags/example_skip_dag.py
[2026-09-30T19:14:42.014+0000] {processor.py:743} INFO - Processing file /home/airflow/.local/lib/python3.7/site-packages/airflow/example_dags/example_skip_dag.py for tasks to queue
[2026-09-30T19:14:42.015+0000] {logging_mixin.py:137} INFO - [2026-09-30T19:14:42.015+0000] {dagbag.py:538} INFO - Filling up the DagBag from /home/airflow/.local/lib/python3.7/site-packages/airflow/example_dags/example_skip_dag.py
[2026-09-30T19:14:42.033+0000] {processor.py:753} INFO - DAG(s) dict_keys(['example_skip_dag']) retrieved from /home/airflow/.local/lib/python3.7/site-packages/airflow/example_dags/example_skip_dag.py
[2026-09-30T19:14:42.081+0000] {logging_mixin.py:137} INFO - [2026-09-30T19:14:42.081+0000] {dag.py:2676} INFO - Sync 1 DAGs
[2026-09-30T19:14:42.113+0000] {logging_mixin.py:137} INFO - [2026-09-30T19:14:42.113+0000] {dag.py:3427} INFO - Setting next_dagrun for example_skip_dag to 2026-09-29T19:14:42.112781+00:00, run_after=2026-09-30T19:14:42.112781+00:00
[2026-09-30T19:14:42.142+0000] {processor.py:175} INFO - Processing /home/airflow/.local/lib/python3.7/site-packages/airflow/example_dags/example_skip_dag.py took 0.136 seconds
[2026-09-30T19:15:12.201+0000] {processor.py:153} INFO - Started process (PID=891) to work on /home/airflow/.local/lib/python3.7/site-packages/airflow/example_dags/example_skip_dag.py
[2026-09-30T19:15:12.202+0000] {processor.py:743} INFO - Processing file /home/airflow/.local/lib/python3.7/site-packages/airflow/example_dags/example_skip_dag.py for tasks to queue
[2026-09-30T19:15:12.202+0000] {logging_mixin.py:137} INFO - [2026-09-30T19:15:12.202+0000] {dagbag.py:538} INFO - Filling up the DagBag from /home/airflow/.local/lib/python3.7/site-packages/airflow/example_dags/example_skip_dag.py
[2026-09-30T19:15:12.221+0000] {processor.py:753} INFO - DAG(s) dict_keys(['example_skip_dag']) retrieved from /home/airflow/.local/lib/python3.7/site-packages/airflow/example_dags/example_skip_dag.py
[2026-09-30T19:15:12.270+0000] {logging_mixin.py:137} INFO - [2026-09-30T19:15:12.270+0000] {dag.py:2676} INFO - Sync 1 DAGs
[2026-09-30T19:15:12.305+0000] {logging_mixin.py:137} INFO - [2026-09-30T19:15:12.305+0000] {dag.py:3427} INFO - Setting next_dagrun for example_skip_dag to 2026-09-29T19:15:12.305145+00:00, run_after=2026-09-30T19:15:12.305145+00:00
[2026-09-30T19:15:12.329+0000] {processor.py:175} INFO - Processing /home/airflow/.local/lib/python3.7/site-packages/airflow/example_dags/example_skip_dag.py took 0.133 seconds
[2026-09-30T19:15:42.832+0000] {processor.py:153} INFO - Started process (PID=969) to work on /home/airflow/.local/lib/python3.7/site-packages/airflow/example_dags/example_skip_dag.py
[2026-09-30T19:15:42.833+0000] {processor.py:743} INFO - Processing file /home/airflow/.local/lib/python3.7/site-packages/airflow/example_dags/example_skip_dag.py for tasks to queue
[2026-09-30T19:15:42.833+0000] {logging_mixin.py:137} INFO - [2026-09-30T19:15:42.833+0000] {dagbag.py:538} INFO - Filling up the DagBag from /home/airflow/.local/lib/python3.7/site-packages/airflow/example_dags/example_skip_dag.py
[2026-09-30T19:15:42.852+0000] {processor.py:753} INFO - DAG(s) dict_keys(['example_skip_dag']) retrieved from /home/airflow/.local/lib/python3.7/site-packages/airflow/example_dags/example_skip_dag.py
[2026-09-30T19:15:42.900+0000] {logging_mixin.py:137} INFO - [2026-09-30T19:15:42.900+0000] {dag.py:2676} INFO - Sync 1 DAGs
[2026-09-30T19:15:42.933+0000] {logging_mixin.py:137} INFO - [2026-09-30T19:15:42.932+0000] {dag.py:3427} INFO - Setting next_dagrun for example_skip_dag to 2026-09-29T19:15:42.932552+00:00, run_after=2026-09-30T19:15:42.932552+00:00
[2026-09-30T19:15:42.953+0000] {processor.py:175} INFO - Processing /home/airflow/.local/lib/python3.7/site-packages/airflow/example_dags/example_skip_dag.py took 0.125 seconds
[2026-09-30T19:16:13.145+0000] {processor.py:153} INFO - Started process (PID=1047) to work on /home/airflow/.local/lib/python3.7/site-packages/airflow/example_dags/example_skip_dag.py
[2026-09-30T19:16:13.146+0000] {processor.py:743} INFO - Processing file /home/airflow/.local/lib/python3.7/site-packages/airflow/example_dags/example_skip_dag.py for tasks to queue
[2026-09-30T19:16:13.146+0000] {logging_mixin.py:137} INFO - [2026-09-30T19:16:13.146+0000] {dagbag.py:538} INFO - Filling up the DagBag from /home/airflow/.local/lib/python3.7/site-packages/airflow/example_dags/example_skip_dag.py
[2026-09-30T19:16:13.166+0000] {processor.py:753} INFO - DAG(s) dict_keys(['example_skip_dag']) retrieved from /home/airflow/.local/lib/python3.7/site-packages/airflow/example_dags/example_skip_dag.py
[2026-09-30T19:16:13.215+0000] {logging_mixin.py:137} INFO - [2026-09-30T19:16:13.215+0000] {dag.py:2676} INFO - Sync 1 DAGs
[2026-09-30T19:16:13.251+0000] {logging_mixin.py:137} INFO - [2026-09-30T19:16:13.251+0000] {dag.py:3427} INFO - Setting next_dagrun for example_skip_dag to 2026-09-29T19:16:13.250768+00:00, run_after=2026-09-30T19:16:13.250768+00:00
[2026-09-30T19:16:13.274+0000] {processor.py:175} INFO - Processing /home/airflow/.local/lib/python3.7/site-packages/airflow/example_dags/example_skip_dag.py took 0.133 seconds
[2026-09-30T19:16:43.604+0000] {processor.py:153} INFO - Started process (PID=1145) to work on /home/airflow/.local/lib/python3.7/site-packages/airflow/example_dags/example_skip_dag.py
[2026-09-30T19:16:43.605+0000] {processor.py:743} INFO - Processing file /home/airflow/.local/lib/python3.7/site-packages/airflow/example_dags/example_skip_dag.py for tasks to queue
[2026-09-30T19:16:43.606+0000] {logging_mixin.py:137} INFO - [2026-09-30T19:16:43.605+0000] {dagbag.py:538} INFO - Filling up the DagBag from /home/airflow/.local/lib/python3.7/site-packages/airflow/example_dags/example_skip_dag.py
[2026-09-30T19:16:43.627+0000] {processor.py:753} INFO - DAG(s) dict_keys(['example_skip_dag']) retrieved from /home/airflow/.local/lib/python3.7/site-packages/airflow/example_dags/example_skip_dag.py
[2026-09-30T19:16:43.678+0000] {logging_mixin.py:137} INFO - [2026-09-30T19:16:43.677+0000] {dag.py:2676} INFO - Sync 1 DAGs
[2026-09-30T19:16:43.725+0000] {logging_mixin.py:137} INFO - [2026-09-30T19:16:43.725+0000] {dag.py:3427} INFO - Setting next_dagrun for example_skip_dag to 2026-09-29T19:16:43.724864+00:00, run_after=2026-09-30T19:16:43.724864+00:00
[2026-09-30T19:16:43.756+0000] {processor.py:175} INFO - Processing /home/airflow/.local/lib/python3.7/site-packages/airflow/example_dags/example_skip_dag.py took 0.157 seconds
[2026-09-30T19:17:14.465+0000] {processor.py:153} INFO - Started process (PID=1223) to work on /home/airflow/.local/lib/python3.7/site-packages/airflow/example_dags/example_skip_dag.py
[2026-09-30T19:17:14.466+0000] {processor.py:743} INFO - Processing file /home/airflow/.local/lib/python3.7/site-packages/airflow/example_dags/example_skip_dag.py for tasks to queue
[2026-09-30T19:17:14.467+0000] {logging_mixin.py:137} INFO - [2026-09-30T19:17:14.467+0000] {dagbag.py:538} INFO - Filling up the DagBag from /home/airflow/.local/lib/python3.7/site-packages/airflow/example_dags/example_skip_dag.py
[2026-09-30T19:17:14.490+0000] {processor.py:753} INFO - DAG(s) dict_keys(['example_skip_dag']) retrieved from /home/airflow/.local/lib/python3.7/site-packages/airflow/example_dags/example_skip_dag.py
[2026-09-30T19:17:14.552+0000] {logging_mixin.py:137} INFO - [2026-09-30T19:17:14.551+0000] {dag.py:2676} INFO - Sync 1 DAGs
[2026-09-30T19:17:14.588+0000] {logging_mixin.py:137} INFO - [2026-09-30T19:17:14.587+0000] {dag.py:3427} INFO - Setting next_dagrun for example_skip_dag to 2026-09-29T19:17:14.587603+00:00, run_after=2026-09-30T19:17:14.587603+00:00
[2026-09-30T19:17:14.610+0000] {processor.py:175} INFO - Processing /home/airflow/.local/lib/python3.7/site-packages/airflow/example_dags/example_skip_dag.py took 0.148 seconds
[2026-09-30T19:17:45.313+0000] {processor.py:153} INFO - Started process (PID=1301) to work on /home/airflow/.local/lib/python3.7/site-packages/airflow/example_dags/example_skip_dag.py
[2026-09-30T19:17:45.314+0000] {processor.py:743} INFO - Processing file /home/airflow/.local/lib/python3.7/site-packages/airflow/example_dags/example_skip_dag.py for tasks to queue
[2026-09-30T19:17:45.315+0000] {logging_mixin.py:137} INFO - [2026-09-30T19:17:45.315+0000] {dagbag.py:538} INFO - Filling up the DagBag from /home/airflow/.local/lib/python3.7/site-packages/airflow/example_dags/example_skip_dag.py
[2026-09-30T19:17:45.333+0000] {processor.py:753} INFO - DAG(s) dict_keys(['example_skip_dag']) retrieved from /home/airflow/.local/lib/python3.7/site-packages/airflow/example_dags/example_skip_dag.py
[2026-09-30T19:17:45.395+0000] {logging_mixin.py:137} INFO - [2026-09-30T19:17:45.394+0000] {dag.py:2676} INFO - Sync 1 DAGs
[2026-09-30T19:17:45.431+0000] {logging_mixin.py:137} INFO - [2026-09-30T19:17:45.431+0000] {dag.py:3427} INFO - Setting next_dagrun for example_skip_dag to 2026-09-29T19:17:45.430829+00:00, run_after=2026-09-30T19:17:45.430829+00:00
[2026-09-30T19:17:45.457+0000] {processor.py:175} INFO - Processing /home/airflow/.local/lib/python3.7/site-packages/airflow/example_dags/example_skip_dag.py took 0.148 seconds
[2026-09-30T19:18:16.083+0000] {processor.py:153} INFO - Started process (PID=1388) to work on /home/airflow/.local/lib/python3.7/site-packages/airflow/example_dags/example_skip_dag.py
[2026-09-30T19:18:16.085+0000] {processor.py:743} INFO - Processing file /home/airflow/.local/lib/python3.7/site-packages/airflow/example_dags/example_skip_dag.py for tasks to queue
[2026-09-30T19:18:16.085+0000] {logging_mixin.py:137} INFO - [2026-09-30T19:18:16.085+0000] {dagbag.py:538} INFO - Filling up the DagBag from /home/airflow/.local/lib/python3.7/site-packages/airflow/example_dags/example_skip_dag.py
[2026-09-30T19:18:16.105+0000] {processor.py:753} INFO - DAG(s) dict_keys(['example_skip_dag']) retrieved from /home/airflow/.local/lib/python3.7/site-packages/airflow/example_dags/example_skip_dag.py
[2026-09-30T19:18:16.168+0000] {logging_mixin.py:137} INFO - [2026-09-30T19:18:16.168+0000] {dag.py:2676} INFO - Sync 1 DAGs
[2026-09-30T19:18:16.214+0000] {logging_mixin.py:137} INFO - [2026-09-30T19:18:16.214+0000] {dag.py:3427} INFO - Setting next_dagrun for example_skip_dag to 2026-09-29T19:18:16.213717+00:00, run_after=2026-09-30T19:18:16.213717+00:00
[2026-09-30T19:18:16.248+0000] {processor.py:175} INFO - Processing /home/airflow/.local/lib/python3.7/site-packages/airflow/example_dags/example_skip_dag.py took 0.170 seconds
[2026-09-30T19:18:46.417+0000] {processor.py:153} INFO - Started process (PID=1477) to work on /home/airflow/.local/lib/python3.7/site-packages/airflow/example_dags/example_skip_dag.py
[2026-09-30T19:18:46.418+0000] {processor.py:743} INFO - Processing file /home/airflow/.local/lib/python3.7/site-packages/airflow/example_dags/example_skip_dag.py for tasks to queue
[2026-09-30T19:18:46.419+0000] {logging_mixin.py:137} INFO - [2026-09-30T19:18:46.419+0000] {dagbag.py:538} INFO - Filling up the DagBag from /home/airflow/.local/lib/python3.7/site-packages/airflow/example_dags/example_skip_dag.py
[2026-09-30T19:18:46.444+0000] {processor.py:753} INFO - DAG(s) dict_keys(['example_skip_dag']) retrieved from /home/airflow/.local/lib/python3.7/site-packages/airflow/example_dags/example_skip_dag.py
[2026-09-30T19:18:46.503+0000] {logging_mixin.py:137} INFO - [2026-09-30T19:18:46.503+0000] {dag.py:2676} INFO - Sync 1 DAGs
[2026-09-30T19:18:46.546+0000] {logging_mixin.py:137} INFO - [2026-09-30T19:18:46.546+0000] {dag.py:3427} INFO - Setting next_dagrun for example_skip_dag to 2026-09-29T19:18:46.546149+00:00, run_after=2026-09-30T19:18:46.546149+00:00
[2026-09-30T19:18:46.572+0000] {processor.py:175} INFO - Processing /home/airflow/.local/lib/python3.7/site-packages/airflow/example_dags/example_skip_dag.py took 0.159 seconds
[2026-09-30T19:19:17.257+0000] {processor.py:153} INFO - Started process (PID=1555) to work on /home/airflow/.local/lib/python3.7/site-packages/airflow/example_dags/example_skip_dag.py
[2026-09-30T19:19:17.259+0000] {processor.py:743} INFO - Processing file /home/airflow/.local/lib/python3.7/site-packages/airflow/example_dags/example_skip_dag.py for tasks to queue
[2026-09-30T19:19:17.260+0000] {logging_mixin.py:137} INFO - [2026-09-30T19:19:17.260+0000] {dagbag.py:538} INFO - Filling up the DagBag from /home/airflow/.local/lib/python3.7/site-packages/airflow/example_dags/example_skip_dag.py
[2026-09-30T19:19:17.279+0000] {processor.py:753} INFO - DAG(s) dict_keys(['example_skip_dag']) retrieved from /home/airflow/.local/lib/python3.7/site-packages/airflow/example_dags/example_skip_dag.py
[2026-09-30T19:19:17.331+0000] {logging_mixin.py:137} INFO - [2026-09-30T19:19:17.331+0000] {dag.py:2676} INFO - Sync 1 DAGs
[2026-09-30T19:19:17.367+0000] {logging_mixin.py:137} INFO - [2026-09-30T19:19:17.367+0000] {dag.py:3427} INFO - Setting next_dagrun for example_skip_dag to 2026-09-29T19:19:17.367211+00:00, run_after=2026-09-30T19:19:17.367211+00:00
[2026-09-30T19:19:17.389+0000] {processor.py:175} INFO - Processing /home/airflow/.local/lib/python3.7/site-packages/airflow/example_dags/example_skip_dag.py took 0.136 seconds
[2026-09-30T19:19:48.330+0000] {processor.py:153} INFO - Started process (PID=1633) to work on /home/airflow/.local/lib/python3.7/site-packages/airflow/example_dags/example_skip_dag.py
[2026-09-30T19:19:48.331+0000] {processor.py:743} INFO - Processing file /home/airflow/.local/lib/python3.7/site-packages/airflow/example_dags/example_skip_dag.py for tasks to queue
[2026-09-30T19:19:48.332+0000] {logging_mixin.py:137} INFO - [2026-09-30T19:19:48.332+0000] {dagbag.py:538} INFO - Filling up the DagBag from /home/airflow/.local/lib/python3.7/site-packages/airflow/example_dags/example_skip_dag.py
[2026-09-30T19:19:48.360+0000] {processor.py:753} INFO - DAG(s) dict_keys(['example_skip_dag']) retrieved from /home/airflow/.local/lib/python3.7/site-packages/airflow/example_dags/example_skip_dag.py
[2026-09-30T19:19:48.421+0000] {logging_mixin.py:137} INFO - [2026-09-30T19:19:48.421+0000] {dag.py:2676} INFO - Sync 1 DAGs
[2026-09-30T19:19:48.453+0000] {logging_mixin.py:137} INFO - [2026-09-30T19:19:48.453+0000] {dag.py:3427} INFO - Setting next_dagrun for example_skip_dag to 2026-09-29T19:19:48.453377+00:00, run_after=2026-09-30T19:19:48.453377+00:00
[2026-09-30T19:19:48.479+0000] {processor.py:175} INFO - Processing /home/airflow/.local/lib/python3.7/site-packages/airflow/example_dags/example_skip_dag.py took 0.154 seconds
[2026-09-30T19:20:19.452+0000] {processor.py:153} INFO - Started process (PID=1732) to work on /home/airflow/.local/lib/python3.7/site-packages/airflow/example_dags/example_skip_dag.py
[2026-09-30T19:20:19.453+0000] {processor.py:743} INFO - Processing file /home/airflow/.local/lib/python3.7/site-packages/airflow/example_dags/example_skip_dag.py for tasks to queue
[2026-09-30T19:20:19.453+0000] {logging_mixin.py:137} INFO - [2026-09-30T19:20:19.453+0000] {dagbag.py:538} INFO - Filling up the DagBag from /home/airflow/.local/lib/python3.7/site-packages/airflow/example_dags/example_skip_dag.py
[2026-09-30T19:20:19.472+0000] {processor.py:753} INFO - DAG(s) dict_keys(['example_skip_dag']) retrieved from /home/airflow/.local/lib/python3.7/site-packages/airflow/example_dags/example_skip_dag.py
[2026-09-30T19:20:19.527+0000] {logging_mixin.py:137} INFO - [2026-09-30T19:20:19.527+0000] {dag.py:2676} INFO - Sync 1 DAGs
[2026-09-30T19:20:19.564+0000] {logging_mixin.py:137} INFO - [2026-09-30T19:20:19.563+0000] {dag.py:3427} INFO - Setting next_dagrun for example_skip_dag to 2026-09-29T19:20:19.563623+00:00, run_after=2026-09-30T19:20:19.563623+00:00
[2026-09-30T19:20:19.584+0000] {processor.py:175} INFO - Processing /home/airflow/.local/lib/python3.7/site-packages/airflow/example_dags/example_skip_dag.py took 0.137 seconds
[2026-09-30T19:20:49.830+0000] {processor.py:153} INFO - Started process (PID=1811) to work on /home/airflow/.local/lib/python3.7/site-packages/airflow/example_dags/example_skip_dag.py
[2026-09-30T19:20:49.831+0000] {processor.py:743} INFO - Processing file /home/airflow/.local/lib/python3.7/site-packages/airflow/example_dags/example_skip_dag.py for tasks to queue
[2026-09-30T19:20:49.831+0000] {logging_mixin.py:137} INFO - [2026-09-30T19:20:49.831+0000] {dagbag.py:538} INFO - Filling up the DagBag from /home/airflow/.local/lib/python3.7/site-packages/airflow/example_dags/example_skip_dag.py
[2026-09-30T19:20:49.852+0000] {processor.py:753} INFO - DAG(s) dict_keys(['example_skip_dag']) retrieved from /home/airflow/.local/lib/python3.7/site-packages/airflow/example_dags/example_skip_dag.py
[2026-09-30T19:20:49.902+0000] {logging_mixin.py:137} INFO - [2026-09-30T19:20:49.902+0000] {dag.py:2676} INFO - Sync 1 DAGs
[2026-09-30T19:20:49.938+0000] {logging_mixin.py:137} INFO - [2026-09-30T19:20:49.938+0000] {dag.py:3427} INFO - Setting next_dagrun for example_skip_dag to 2026-09-29T19:20:49.937833+00:00, run_after=2026-09-30T19:20:49.937833+00:00
[2026-09-30T19:20:49.961+0000] {processor.py:175} INFO - Processing /home/airflow/.local/lib/python3.7/site-packages/airflow/example_dags/example_skip_dag.py took 0.135 seconds
[2026-09-30T19:21:20.291+0000] {processor.py:153} INFO - Started process (PID=1890) to work on /home/airflow/.local/lib/python3.7/site-packages/airflow/example_dags/example_skip_dag.py
[2026-09-30T19:21:20.293+0000] {processor.py:743} INFO - Processing file /home/airflow/.local/lib/python3.7/site-packages/airflow/example_dags/example_skip_dag.py for tasks to queue
[2026-09-30T19:21:20.294+0000] {logging_mixin.py:137} INFO - [2026-09-30T19:21:20.294+0000] {dagbag.py:538} INFO - Filling up the DagBag from /home/airflow/.local/lib/python3.7/site-packages/airflow/example_dags/example_skip_dag.py
[2026-09-30T19:21:20.322+0000] {processor.py:753} INFO - DAG(s) dict_keys(['example_skip_dag']) retrieved from /home/airflow/.local/lib/python3.7/site-packages/airflow/example_dags/example_skip_dag.py
[2026-09-30T19:21:20.380+0000] {logging_mixin.py:137} INFO - [2026-09-30T19:21:20.380+0000] {dag.py:2676} INFO - Sync 1 DAGs
[2026-09-30T19:21:20.425+0000] {logging_mixin.py:137} INFO - [2026-09-30T19:21:20.424+0000] {dag.py:3427} INFO - Setting next_dagrun for example_skip_dag to 2026-09-29T19:21:20.424464+00:00, run_after=2026-09-30T19:21:20.424464+00:00
[2026-09-30T19:21:20.458+0000] {processor.py:175} INFO - Processing /home/airflow/.local/lib/python3.7/site-packages/airflow/example_dags/example_skip_dag.py took 0.173 seconds
[2026-09-30T19:21:50.815+0000] {processor.py:153} INFO - Started process (PID=1969) to work on /home/airflow/.local/lib/python3.7/site-packages/airflow/example_dags/example_skip_dag.py
[2026-09-30T19:21:50.816+0000] {processor.py:743} INFO - Processing file /home/airflow/.local/lib/python3.7/site-packages/airflow/example_dags/example_skip_dag.py for tasks to queue
[2026-09-30T19:21:50.817+0000] {logging_mixin.py:137} INFO - [2026-09-30T19:21:50.817+0000] {dagbag.py:538} INFO - Filling up the DagBag from /home/airflow/.local/lib/python3.7/site-packages/airflow/example_dags/example_skip_dag.py
[2026-09-30T19:21:50.845+0000] {processor.py:753} INFO - DAG(s) dict_keys(['example_skip_dag']) retrieved from /home/airflow/.local/lib/python3.7/site-packages/airflow/example_dags/example_skip_dag.py
[2026-09-30T19:21:50.896+0000] {logging_mixin.py:137} INFO - [2026-09-30T19:21:50.896+0000] {dag.py:2676} INFO - Sync 1 DAGs
[2026-09-30T19:21:50.936+0000] {logging_mixin.py:137} INFO - [2026-09-30T19:21:50.936+0000] {dag.py:3427} INFO - Setting next_dagrun for example_skip_dag to 2026-09-29T19:21:50.935789+00:00, run_after=2026-09-30T19:21:50.935789+00:00
[2026-09-30T19:21:50.956+0000] {processor.py:175} INFO - Processing /home/airflow/.local/lib/python3.7/site-packages/airflow/example_dags/example_skip_dag.py took 0.147 seconds
[2026-09-30T19:22:21.741+0000] {processor.py:153} INFO - Started process (PID=2068) to work on /home/airflow/.local/lib/python3.7/site-packages/airflow/example_dags/example_skip_dag.py
[2026-09-30T19:22:21.743+0000] {processor.py:743} INFO - Processing file /home/airflow/.local/lib/python3.7/site-packages/airflow/example_dags/example_skip_dag.py for tasks to queue
[2026-09-30T19:22:21.744+0000] {logging_mixin.py:137} INFO - [2026-09-30T19:22:21.743+0000] {dagbag.py:538} INFO - Filling up the DagBag from /home/airflow/.local/lib/python3.7/site-packages/airflow/example_dags/example_skip_dag.py
[2026-09-30T19:22:21.762+0000] {processor.py:753} INFO - DAG(s) dict_keys(['example_skip_dag']) retrieved from /home/airflow/.local/lib/python3.7/site-packages/airflow/example_dags/example_skip_dag.py
[2026-09-30T19:22:21.810+0000] {logging_mixin.py:137} INFO - [2026-09-30T19:22:21.810+0000] {dag.py:2676} INFO - Sync 1 DAGs
[2026-09-30T19:22:21.847+0000] {logging_mixin.py:137} INFO - [2026-09-30T19:22:21.846+0000] {dag.py:3427} INFO - Setting next_dagrun for example_skip_dag to 2026-09-29T19:22:21.846391+00:00, run_after=2026-09-30T19:22:21.846391+00:00
[2026-09-30T19:22:21.869+0000] {processor.py:175} INFO - Processing /home/airflow/.local/lib/python3.7/site-packages/airflow/example_dags/example_skip_dag.py took 0.134 seconds
[2026-09-30T19:22:52.041+0000] {processor.py:153} INFO - Started process (PID=2151) to work on /home/airflow/.local/lib/python3.7/site-packages/airflow/example_dags/example_skip_dag.py
[2026-09-30T19:22:52.042+0000] {processor.py:743} INFO - Processing file /home/airflow/.local/lib/python3.7/site-packages/airflow/example_dags/example_skip_dag.py for tasks to queue
[2026-09-30T19:22:52.043+0000] {logging_mixin.py:137} INFO - [2026-09-30T19:22:52.042+0000] {dagbag.py:538} INFO - Filling up the DagBag from /home/airflow/.local/lib/python3.7/site-packages/airflow/example_dags/example_skip_dag.py
[2026-09-30T19:22:52.059+0000] {processor.py:753} INFO - DAG(s) dict_keys(['example_skip_dag']) retrieved from /home/airflow/.local/lib/python3.7/site-packages/airflow/example_dags/example_skip_dag.py
[2026-09-30T19:22:52.104+0000] {logging_mixin.py:137} INFO - [2026-09-30T19:22:52.103+0000] {dag.py:2676} INFO - Sync 1 DAGs
[2026-09-30T19:22:52.134+0000] {logging_mixin.py:137} INFO - [2026-09-30T19:22:52.134+0000] {dag.py:3427} INFO - Setting next_dagrun for example_skip_dag to 2026-09-29T19:22:52.134398+00:00, run_after=2026-09-30T19:22:52.134398+00:00
[2026-09-30T19:22:52.153+0000] {processor.py:175} INFO - Processing /home/airflow/.local/lib/python3.7/site-packages/airflow/example_dags/example_skip_dag.py took 0.114 seconds
[2026-09-30T19:23:22.857+0000] {processor.py:153} INFO - Started process (PID=2230) to work on /home/airflow/.local/lib/python3.7/site-packages/airflow/example_dags/example_skip_dag.py
[2026-09-30T19:23:22.858+0000] {processor.py:743} INFO - Processing file /home/airflow/.local/lib/python3.7/site-packages/airflow/example_dags/example_skip_dag.py for tasks to queue
[2026-09-30T19:23:22.859+0000] {logging_mixin.py:137} INFO - [2026-09-30T19:23:22.859+0000] {dagbag.py:538} INFO - Filling up the DagBag from /home/airflow/.local/lib/python3.7/site-packages/airflow/example_dags/example_skip_dag.py
[2026-09-30T19:23:22.878+0000] {processor.py:753} INFO - DAG(s) dict_keys(['example_skip_dag']) retrieved from /home/airflow/.local/lib/python3.7/site-packages/airflow/example_dags/example_skip_dag.py
[2026-09-30T19:23:22.927+0000] {logging_mixin.py:137} INFO - [2026-09-30T19:23:22.926+0000] {dag.py:2676} INFO - Sync 1 DAGs
[2026-09-30T19:23:22.968+0000] {logging_mixin.py:137} INFO - [2026-09-30T19:23:22.968+0000] {dag.py:3427} INFO - Setting next_dagrun for example_skip_dag to 2026-09-29T19:23:22.967731+00:00, run_after=2026-09-30T19:23:22.967731+00:00
[2026-09-30T19:23:22.988+0000] {processor.py:175} INFO - Processing /home/airflow/.local/lib/python3.7/site-packages/airflow/example_dags/example_skip_dag.py took 0.135 seconds
[2026-09-30T19:23:53.986+0000] {processor.py:153} INFO - Started process (PID=2322) to work on /home/airflow/.local/lib/python3.7/site-packages/airflow/example_dags/example_skip_dag.py
[2026-09-30T19:23:53.987+0000] {processor.py:743} INFO - Processing file /home/airflow/.local/lib/python3.7/site-packages/airflow/example_dags/example_skip_dag.py for tasks to queue
[2026-09-30T19:23:53.987+0000] {logging_mixin.py:137} INFO - [2026-09-30T19:23:53.987+0000] {dagbag.py:538} INFO - Filling up the DagBag from /home/airflow/.local/lib/python3.7/site-packages/airflow/example_dags/example_skip_dag.py
[2026-09-30T19:23:54.010+0000] {processor.py:753} INFO - DAG(s) dict_keys(['example_skip_dag']) retrieved from /home/airflow/.local/lib/python3.7/site-packages/airflow/example_dags/example_skip_dag.py
[2026-09-30T19:23:54.064+0000] {logging_mixin.py:137} INFO - [2026-09-30T19:23:54.064+0000] {dag.py:2676} INFO - Sync 1 DAGs
[2026-09-30T19:23:54.098+0000] {logging_mixin.py:137} INFO - [2026-09-30T19:23:54.098+0000] {dag.py:3427} INFO - Setting next_dagrun for example_skip_dag to 2026-09-29T19:23:54.098245+00:00, run_after=2026-09-30T19:23:54.098245+00:00
[2026-09-30T19:23:54.120+0000] {processor.py:175} INFO - Processing /home/airflow/.local/lib/python3.7/site-packages/airflow/example_dags/example_skip_dag.py took 0.139 seconds
[2026-09-30T19:24:24.410+0000] {processor.py:153} INFO - Started process (PID=2416) to work on /home/airflow/.local/lib/python3.7/site-packages/airflow/example_dags/example_skip_dag.py
[2026-09-30T19:24:24.411+0000] {processor.py:743} INFO - Processing file /home/airflow/.local/lib/python3.7/site-packages/airflow/example_dags/example_skip_dag.py for tasks to queue
[2026-09-30T19:24:24.411+0000] {logging_mixin.py:137} INFO - [2026-09-30T19:24:24.411+0000] {dagbag.py:538} INFO - Filling up the DagBag from /home/airflow/.local/lib/python3.7/site-packages/airflow/example_dags/example_skip_dag.py
[2026-09-30T19:24:24.429+0000] {processor.py:753} INFO - DAG(s) dict_keys(['example_skip_dag']) retrieved from /home/airflow/.local/lib/python3.7/site-packages/airflow/example_dags/example_skip_dag.py
[2026-09-30T19:24:24.488+0000] {logging_mixin.py:137} INFO - [2026-09-30T19:24:24.487+0000] {dag.py:2676} INFO - Sync 1 DAGs
[2026-09-30T19:24:24.520+0000] {logging_mixin.py:137} INFO - [2026-09-30T19:24:24.520+0000] {dag.py:3427} INFO - Setting next_dagrun for example_skip_dag to 2026-09-29T19:24:24.519731+00:00, run_after=2026-09-30T19:24:24.519731+00:00
[2026-09-30T19:24:24.545+0000] {processor.py:175} INFO - Processing /home/airflow/.local/lib/python3.7/site-packages/airflow/example_dags/example_skip_dag.py took 0.139 seconds
[2026-09-30T19:24:54.693+0000] {processor.py:153} INFO - Started process (PID=2496) to work on /home/airflow/.local/lib/python3.7/site-packages/airflow/example_dags/example_skip_dag.py
[2026-09-30T19:24:54.695+0000] {processor.py:743} INFO - Processing file /home/airflow/.local/lib/python3.7/site-packages/airflow/example_dags/example_skip_dag.py for tasks to queue
[2026-09-30T19:24:54.696+0000] {logging_mixin.py:137} INFO - [2026-09-30T19:24:54.695+0000] {dagbag.py:538} INFO - Filling up the DagBag from /home/airflow/.local/lib/python3.7/site-packages/airflow/example_dags/example_skip_dag.py
[2026-09-30T19:24:54.724+0000] {processor.py:753} INFO - DAG(s) dict_keys(['example_skip_dag']) retrieved from /home/airflow/.local/lib/python3.7/site-packages/airflow/example_dags/example_skip_dag.py
[2026-09-30T19:24:54.787+0000] {logging_mixin.py:137} INFO - [2026-09-30T19:24:54.787+0000] {dag.py:2676} INFO - Sync 1 DAGs
[2026-09-30T19:24:54.819+0000] {logging_mixin.py:137} INFO - [2026-09-30T19:24:54.819+0000] {dag.py:3427} INFO - Setting next_dagrun for example_skip_dag to 2026-09-29T19:24:54.819197+00:00, run_after=2026-09-30T19:24:54.819197+00:00
[2026-09-30T19:24:54.845+0000] {processor.py:175} INFO - Processing /home/airflow/.local/lib/python3.7/site-packages/airflow/example_dags/example_skip_dag.py took 0.158 seconds
[2026-09-30T19:25:25.210+0000] {processor.py:153} INFO - Started process (PID=2578) to work on /home/airflow/.local/lib/python3.7/site-packages/airflow/example_dags/example_skip_dag.py
[2026-09-30T19:25:25.211+0000] {processor.py:743} INFO - Processing file /home/airflow/.local/lib/python3.7/site-packages/airflow/example_dags/example_skip_dag.py for tasks to queue
[2026-09-30T19:25:25.212+0000] {logging_mixin.py:137} INFO - [2026-09-30T19:25:25.212+0000] {dagbag.py:538} INFO - Filling up the DagBag from /home/airflow/.local/lib/python3.7/site-packages/airflow/example_dags/example_skip_dag.py
[2026-09-30T19:25:25.240+0000] {processor.py:753} INFO - DAG(s) dict_keys(['example_skip_dag']) retrieved from /home/airflow/.local/lib/python3.7/site-packages/airflow/example_dags/example_skip_dag.py
[2026-09-30T19:25:25.293+0000] {logging_mixin.py:137} INFO - [2026-09-30T19:25:25.293+0000] {dag.py:2676} INFO - Sync 1 DAGs
[2026-09-30T19:25:25.330+0000] {logging_mixin.py:137} INFO - [2026-09-30T19:25:25.330+0000] {dag.py:3427} INFO - Setting next_dagrun for example_skip_dag to 2026-09-29T19:25:25.330336+00:00, run_after=2026-09-30T19:25:25.330336+00:00
[2026-09-30T19:25:25.354+0000] {processor.py:175} INFO - Processing /home/airflow/.local/lib/python3.7/site-packages/airflow/example_dags/example_skip_dag.py took 0.150 seconds
[2026-09-30T19:25:56.867+0000] {processor.py:153} INFO - Started process (PID=2677) to work on /home/airflow/.local/lib/python3.7/site-packages/airflow/example_dags/example_skip_dag.py
[2026-09-30T19:25:56.868+0000] {processor.py:743} INFO - Processing file /home/airflow/.local/lib/python3.7/site-packages/airflow/example_dags/example_skip_dag.py for tasks to queue
[2026-09-30T19:25:56.869+0000] {logging_mixin.py:137} INFO - [2026-09-30T19:25:56.869+0000] {dagbag.py:538} INFO - Filling up the DagBag from /home/airflow/.local/lib/python3.7/site-packages/airflow/example_dags/example_skip_dag.py
[2026-09-30T19:25:56.887+0000] {processor.py:753} INFO - DAG(s) dict_keys(['example_skip_dag']) retrieved from /home/airflow/.local/lib/python3.7/site-packages/airflow/example_dags/example_skip_dag.py
[2026-09-30T19:25:56.950+0000] {logging_mixin.py:137} INFO - [2026-09-30T19:25:56.950+0000] {dag.py:2676} INFO - Sync 1 DAGs
[2026-09-30T19:25:56.992+0000] {logging_mixin.py:137} INFO - [2026-09-30T19:25:56.992+0000] {dag.py:3427} INFO - Setting next_dagrun for example_skip_dag to 2026-09-29T19:25:56.992455+00:00, run_after=2026-09-30T19:25:56.992455+00:00
[2026-09-30T19:25:57.014+0000] {processor.py:175} INFO - Processing /home/airflow/.local/lib/python3.7/site-packages/airflow/example_dags/example_skip_dag.py took 0.150 seconds
[2026-09-30T19:26:27.993+0000] {processor.py:153} INFO - Started process (PID=2757) to work on /home/airflow/.local/lib/python3.7/site-packages/airflow/example_dags/example_skip_dag.py
[2026-09-30T19:26:27.996+0000] {processor.py:743} INFO - Processing file /home/airflow/.local/lib/python3.7/site-packages/airflow/example_dags/example_skip_dag.py for tasks to queue
[2026-09-30T19:26:27.997+0000] {logging_mixin.py:137} INFO - [2026-09-30T19:26:27.997+0000] {dagbag.py:538} INFO - Filling up the DagBag from /home/airflow/.local/lib/python3.7/site-packages/airflow/example_dags/example_skip_dag.py
[2026-09-30T19:26:28.016+0000] {processor.py:753} INFO - DAG(s) dict_keys(['example_skip_dag']) retrieved from /home/airflow/.local/lib/python3.7/site-packages/airflow/example_dags/example_skip_dag.py
[2026-09-30T19:26:28.067+0000] {logging_mixin.py:137} INFO - [2026-09-30T19:26:28.067+0000] {dag.py:2676} INFO - Sync 1 DAGs
[2026-09-30T19:26:28.099+0000] {logging_mixin.py:137} INFO - [2026-09-30T19:26:28.099+0000] {dag.py:3427} INFO - Setting next_dagrun for example_skip_dag to 2026-09-29T19:26:28.099222+00:00, run_after=2026-09-30T19:26:28.099222+00:00
[2026-09-30T19:26:28.122+0000] {processor.py:175} INFO - Processing /home/airflow/.local/lib/python3.7/site-packages/airflow/example_dags/example_skip_dag.py took 0.133 seconds
[2026-09-30T19:26:58.831+0000] {processor.py:153} INFO - Started process (PID=2836) to work on /home/airflow/.local/lib/python3.7/site-packages/airflow/example_dags/example_skip_dag.py
[2026-09-30T19:26:58.832+0000] {processor.py:743} INFO - Processing file /home/airflow/.local/lib/python3.7/site-packages/airflow/example_dags/example_skip_dag.py for tasks to queue
[2026-09-30T19:26:58.833+0000] {logging_mixin.py:137} INFO - [2026-09-30T19:26:58.833+0000] {dagbag.py:538} INFO - Filling up the DagBag from /home/airflow/.local/lib/python3.7/site-packages/airflow/example_dags/example_skip_dag.py
[2026-09-30T19:26:58.860+0000] {processor.py:753} INFO - DAG(s) dict_keys(['example_skip_dag']) retrieved from /home/airflow/.local/lib/python3.7/site-packages/airflow/example_dags/example_skip_dag.py
[2026-09-30T19:26:58.931+0000] {logging_mixin.py:137} INFO - [2026-09-30T19:26:58.930+0000] {dag.py:2676} INFO - Sync 1 DAGs
[2026-09-30T19:26:58.980+0000] {logging_mixin.py:137} INFO - [2026-09-30T19:26:58.980+0000] {dag.py:3427} INFO - Setting next_dagrun for example_skip_dag to 2026-09-29T19:26:58.979544+00:00, run_after=2026-09-30T19:26:58.979544+00:00
[2026-09-30T19:26:59.010+0000] {processor.py:175} INFO - Processing /home/airflow/.local/lib/python3.7/site-packages/airflow/example_dags/example_skip_dag.py took 0.185 seconds
[2026-09-30T19:27:29.582+0000] {processor.py:153} INFO - Started process (PID=2915) to work on /home/airflow/.local/lib/python3.7/site-packages/airflow/example_dags/example_skip_dag.py
[2026-09-30T19:27:29.582+0000] {processor.py:743} INFO - Processing file /home/airflow/.local/lib/python3.7/site-packages/airflow/example_dags/example_skip_dag.py for tasks to queue
[2026-09-30T19:27:29.583+0000] {logging_mixin.py:137} INFO - [2026-09-30T19:27:29.583+0000] {dagbag.py:538} INFO - Filling up the DagBag from /home/airflow/.local/lib/python3.7/site-packages/airflow/example_dags/example_skip_dag.py
[2026-09-30T19:27:29.600+0000] {processor.py:753} INFO - DAG(s) dict_keys(['example_skip_dag']) retrieved from /home/airflow/.local/lib/python3.7/site-packages/airflow/example_dags/example_skip_dag.py
[2026-09-30T19:27:29.648+0000] {logging_mixin.py:137} INFO - [2026-09-30T19:27:29.648+0000] {dag.py:2676} INFO - Sync 1 DAGs
[2026-09-30T19:27:29.693+0000] {logging_mixin.py:137} INFO - [2026-09-30T19:27:29.693+0000] {dag.py:3427} INFO - Setting next_dagrun for example_skip_dag to 2026-09-29T19:27:29.692696+00:00, run_after=2026-09-30T19:27:29.692696+00:00
[2026-09-30T19:27:29.721+0000] {processor.py:175} INFO - Processing /home/airflow/.local/lib/python3.7/site-packages/airflow/example_dags/example_skip_dag.py took 0.143 seconds
[2026-09-30T19:27:59.802+0000] {processor.py:153} INFO - Started process (PID=3003) to work on /home/airflow/.local/lib/python3.7/site-packages/airflow/example_dags/example_skip_dag.py
[2026-09-30T19:27:59.803+0000] {processor.py:743} INFO - Processing file /home/airflow/.local/lib/python3.7/site-packages/airflow/example_dags/example_skip_dag.py for tasks to queue
[2026-09-30T19:27:59.804+0000] {logging_mixin.py:137} INFO - [2026-09-30T19:27:59.804+0000] {dagbag.py:538} INFO - Filling up the DagBag from /home/airflow/.local/lib/python3.7/site-packages/airflow/example_dags/example_skip_dag.py
[2026-09-30T19:27:59.822+0000] {processor.py:753} INFO - DAG(s) dict_keys(['example_skip_dag']) retrieved from /home/airflow/.local/lib/python3.7/site-packages/airflow/example_dags/example_skip_dag.py
[2026-09-30T19:27:59.872+0000] {logging_mixin.py:137} INFO - [2026-09-30T19:27:59.872+0000] {dag.py:2676} INFO - Sync 1 DAGs
[2026-09-30T19:27:59.943+0000] {logging_mixin.py:137} INFO - [2026-09-30T19:27:59.943+0000] {dag.py:3427} INFO - Setting next_dagrun for example_skip_dag to 2026-09-29T19:27:59.942663+00:00, run_after=2026-09-30T19:27:59.942663+00:00
[2026-09-30T19:27:59.970+0000] {processor.py:175} INFO - Processing /home/airflow/.local/lib/python3.7/site-packages/airflow/example_dags/example_skip_dag.py took 0.172 seconds
[2026-09-30T19:28:30.616+0000] {processor.py:153} INFO - Started process (PID=3093) to work on /home/airflow/.local/lib/python3.7/site-packages/airflow/example_dags/example_skip_dag.py
[2026-09-30T19:28:30.617+0000] {processor.py:743} INFO - Processing file /home/airflow/.local/lib/python3.7/site-packages/airflow/example_dags/example_skip_dag.py for tasks to queue
[2026-09-30T19:28:30.618+0000] {logging_mixin.py:137} INFO - [2026-09-30T19:28:30.618+0000] {dagbag.py:538} INFO - Filling up the DagBag from /home/airflow/.local/lib/python3.7/site-packages/airflow/example_dags/example_skip_dag.py
[2026-09-30T19:28:30.646+0000] {processor.py:753} INFO - DAG(s) dict_keys(['example_skip_dag']) retrieved from /home/airflow/.local/lib/python3.7/site-packages/airflow/example_dags/example_skip_dag.py
[2026-09-30T19:28:30.708+0000] {logging_mixin.py:137} INFO - [2026-09-30T19:28:30.708+0000] {dag.py:2676} INFO - Sync 1 DAGs
[2026-09-30T19:28:30.747+0000] {logging_mixin.py:137} INFO - [2026-09-30T19:28:30.747+0000] {dag.py:3427} INFO - Setting next_dagrun for example_skip_dag to 2026-09-29T19:28:30.747386+00:00, run_after=2026-09-30T19:28:30.747386+00:00
[2026-09-30T19:28:30.774+0000] {processor.py:175} INFO - Processing /home/airflow/.local/lib/python3.7/site-packages/airflow/example_dags/example_skip_dag.py took 0.165 seconds
[2026-09-30T19:29:01.387+0000] {processor.py:153} INFO - Started process (PID=3172) to work on /home/airflow/.local/lib/python3.7/site-packages/airflow/example_dags/example_skip_dag.py
[2026-09-30T19:29:01.388+0000] {processor.py:743} INFO - Processing file /home/airflow/.local/lib/python3.7/site-packages/airflow/example_dags/example_skip_dag.py for tasks to queue
[2026-09-30T19:29:01.389+0000] {logging_mixin.py:137} INFO - [2026-09-30T19:29:01.389+0000] {dagbag.py:538} INFO - Filling up the DagBag from /home/airflow/.local/lib/python3.7/site-packages/airflow/example_dags/example_skip_dag.py
[2026-09-30T19:29:01.407+0000] {processor.py:753} INFO - DAG(s) dict_keys(['example_skip_dag']) retrieved from /home/airflow/.local/lib/python3.7/site-packages/airflow/example_dags/example_skip_dag.py
[2026-09-30T19:29:01.461+0000] {logging_mixin.py:137} INFO - [2026-09-30T19:29:01.461+0000] {dag.py:2676} INFO - Sync 1 DAGs
[2026-09-30T19:29:01.511+0000] {logging_mixin.py:137} INFO - [2026-09-30T19:29:01.511+0000] {dag.py:3427} INFO - Setting next_dagrun for example_skip_dag to 2026-09-29T19:29:01.510958+00:00, run_after=2026-09-30T19:29:01.510958+00:00
[2026-09-30T19:29:01.540+0000] {processor.py:175} INFO - Processing /home/airflow/.local/lib/python3.7/site-packages/airflow/example_dags/example_skip_dag.py took 0.157 seconds
[2026-09-30T19:29:32.366+0000] {processor.py:153} INFO - Started process (PID=3251) to work on /home/airflow/.local/lib/python3.7/site-packages/airflow/example_dags/example_skip_dag.py
[2026-09-30T19:29:32.367+0000] {processor.py:743} INFO - Processing file /home/airflow/.local/lib/python3.7/site-packages/airflow/example_dags/example_skip_dag.py for tasks to queue
[2026-09-30T19:29:32.367+0000] {logging_mixin.py:137} INFO - [2026-09-30T19:29:32.367+0000] {dagbag.py:538} INFO - Filling up the DagBag from /home/airflow/.local/lib/python3.7/site-packages/airflow/example_dags/example_skip_dag.py
[2026-09-30T19:29:32.385+0000] {processor.py:753} INFO - DAG(s) dict_keys(['example_skip_dag']) retrieved from /home/airflow/.local/lib/python3.7/site-packages/airflow/example_dags/example_skip_dag.py
[2026-09-30T19:29:32.446+0000] {logging_mixin.py:137} INFO - [2026-09-30T19:29:32.446+0000] {dag.py:2676} INFO - Sync 1 DAGs
[2026-09-30T19:29:32.487+0000] {logging_mixin.py:137} INFO - [2026-09-30T19:29:32.487+0000] {dag.py:3427} INFO - Setting next_dagrun for example_skip_dag to 2026-09-29T19:29:32.486564+00:00, run_after=2026-09-30T19:29:32.486564+00:00
[2026-09-30T19:29:32.514+0000] {processor.py:175} INFO - Processing /home/airflow/.local/lib/python3.7/site-packages/airflow/example_dags/example_skip_dag.py took 0.152 seconds
[2026-09-30T19:30:02.755+0000] {processor.py:153} INFO - Started process (PID=3337) to work on /home/airflow/.local/lib/python3.7/site-packages/airflow/example_dags/example_skip_dag.py
[2026-09-30T19:30:02.756+0000] {processor.py:743} INFO - Processing file /home/airflow/.local/lib/python3.7/site-packages/airflow/example_dags/example_skip_dag.py for tasks to queue
[2026-09-30T19:30:02.757+0000] {logging_mixin.py:137} INFO - [2026-09-30T19:30:02.756+0000] {dagbag.py:538} INFO - Filling up the DagBag from /home/airflow/.local/lib/python3.7/site-packages/airflow/example_dags/example_skip_dag.py
[2026-09-30T19:30:02.775+0000] {processor.py:753} INFO - DAG(s) dict_keys(['example_skip_dag']) retrieved from /home/airflow/.local/lib/python3.7/site-packages/airflow/example_dags/example_skip_dag.py
[2026-09-30T19:30:02.832+0000] {logging_mixin.py:137} INFO - [2026-09-30T19:30:02.832+0000] {dag.py:2676} INFO - Sync 1 DAGs
[2026-09-30T19:30:02.883+0000] {logging_mixin.py:137} INFO - [2026-09-30T19:30:02.882+0000] {dag.py:3427} INFO - Setting next_dagrun for example_skip_dag to 2026-09-29T19:30:02.882538+00:00, run_after=2026-09-30T19:30:02.882538+00:00
[2026-09-30T19:30:02.916+0000] {processor.py:175} INFO - Processing /home/airflow/.local/lib/python3.7/site-packages/airflow/example_dags/example_skip_dag.py took 0.165 seconds
[2026-09-30T19:30:33.440+0000] {processor.py:153} INFO - Started process (PID=3429) to work on /home/airflow/.local/lib/python3.7/site-packages/airflow/example_dags/example_skip_dag.py
[2026-09-30T19:30:33.441+0000] {processor.py:743} INFO - Processing file /home/airflow/.local/lib/python3.7/site-packages/airflow/example_dags/example_skip_dag.py for tasks to queue
[2026-09-30T19:30:33.442+0000] {logging_mixin.py:137} INFO - [2026-09-30T19:30:33.442+0000] {dagbag.py:538} INFO - Filling up the DagBag from /home/airflow/.local/lib/python3.7/site-packages/airflow/example_dags/example_skip_dag.py
[2026-09-30T19:30:33.461+0000] {processor.py:753} INFO - DAG(s) dict_keys(['example_skip_dag']) retrieved from /home/airflow/.local/lib/python3.7/site-packages/airflow/example_dags/example_skip_dag.py
[2026-09-30T19:30:33.509+0000] {logging_mixin.py:137} INFO - [2026-09-30T19:30:33.509+0000] {dag.py:2676} INFO - Sync 1 DAGs
[2026-09-30T19:30:33.540+0000] {logging_mixin.py:137} INFO - [2026-09-30T19:30:33.540+0000] {dag.py:3427} INFO - Setting next_dagrun for example_skip_dag to 2026-09-29T19:30:33.539758+00:00, run_after=2026-09-30T19:30:33.539758+00:00
[2026-09-30T19:30:33.564+0000] {processor.py:175} INFO - Processing /home/airflow/.local/lib/python3.7/site-packages/airflow/example_dags/example_skip_dag.py took 0.128 seconds
[2026-09-30T19:31:04.235+0000] {processor.py:153} INFO - Started process (PID=3508) to work on /home/airflow/.local/lib/python3.7/site-packages/airflow/example_dags/example_skip_dag.py
[2026-09-30T19:31:04.236+0000] {processor.py:743} INFO - Processing file /home/airflow/.local/lib/python3.7/site-packages/airflow/example_dags/example_skip_dag.py for tasks to queue
[2026-09-30T19:31:04.237+0000] {logging_mixin.py:137} INFO - [2026-09-30T19:31:04.236+0000] {dagbag.py:538} INFO - Filling up the DagBag from /home/airflow/.local/lib/python3.7/site-packages/airflow/example_dags/example_skip_dag.py
[2026-09-30T19:31:04.257+0000] {processor.py:753} INFO - DAG(s) dict_keys(['example_skip_dag']) retrieved from /home/airflow/.local/lib/python3.7/site-packages/airflow/example_dags/example_skip_dag.py
[2026-09-30T19:31:04.306+0000] {logging_mixin.py:137} INFO - [2026-09-30T19:31:04.306+0000] {dag.py:2676} INFO - Sync 1 DAGs
[2026-09-30T19:31:04.347+0000] {logging_mixin.py:137} INFO - [2026-09-30T19:31:04.346+0000] {dag.py:3427} INFO - Setting next_dagrun for example_skip_dag to 2026-09-29T19:31:04.346544+00:00, run_after=2026-09-30T19:31:04.346544+00:00
[2026-09-30T19:31:04.372+0000] {processor.py:175} INFO - Processing /home/airflow/.local/lib/python3.7/site-packages/airflow/example_dags/example_skip_dag.py took 0.142 seconds
[2026-09-30T19:31:35.073+0000] {processor.py:153} INFO - Started process (PID=3587) to work on /home/airflow/.local/lib/python3.7/site-packages/airflow/example_dags/example_skip_dag.py
[2026-09-30T19:31:35.074+0000] {processor.py:743} INFO - Processing file /home/airflow/.local/lib/python3.7/site-packages/airflow/example_dags/example_skip_dag.py for tasks to queue
[2026-09-30T19:31:35.075+0000] {logging_mixin.py:137} INFO - [2026-09-30T19:31:35.075+0000] {dagbag.py:538} INFO - Filling up the DagBag from /home/airflow/.local/lib/python3.7/site-packages/airflow/example_dags/example_skip_dag.py
[2026-09-30T19:31:35.104+0000] {processor.py:753} INFO - DAG(s) dict_keys(['example_skip_dag']) retrieved from /home/airflow/.local/lib/python3.7/site-packages/airflow/example_dags/example_skip_dag.py
[2026-09-30T19:31:35.157+0000] {logging_mixin.py:137} INFO - [2026-09-30T19:31:35.157+0000] {dag.py:2676} INFO - Sync 1 DAGs
[2026-09-30T19:31:35.192+0000] {logging_mixin.py:137} INFO - [2026-09-30T19:31:35.191+0000] {dag.py:3427} INFO - Setting next_dagrun for example_skip_dag to 2026-09-29T19:31:35.191648+00:00, run_after=2026-09-30T19:31:35.191648+00:00
[2026-09-30T19:31:35.214+0000] {processor.py:175} INFO - Processing /home/airflow/.local/lib/python3.7/site-packages/airflow/example_dags/example_skip_dag.py took 0.149 seconds
[2026-09-30T19:32:05.518+0000] {processor.py:153} INFO - Started process (PID=3686) to work on /home/airflow/.local/lib/python3.7/site-packages/airflow/example_dags/example_skip_dag.py
[2026-09-30T19:32:05.518+0000] {processor.py:743} INFO - Processing file /home/airflow/.local/lib/python3.7/site-packages/airflow/example_dags/example_skip_dag.py for tasks to queue
[2026-09-30T19:32:05.519+0000] {logging_mixin.py:137} INFO - [2026-09-30T19:32:05.519+0000] {dagbag.py:538} INFO - Filling up the DagBag from /home/airflow/.local/lib/python3.7/site-packages/airflow/example_dags/example_skip_dag.py
[2026-09-30T19:32:05.536+0000] {processor.py:753} INFO - DAG(s) dict_keys(['example_skip_dag']) retrieved from /home/airflow/.local/lib/python3.7/site-packages/airflow/example_dags/example_skip_dag.py
[2026-09-30T19:32:05.587+0000] {logging_mixin.py:137} INFO - [2026-09-30T19:32:05.587+0000] {dag.py:2676} INFO - Sync 1 DAGs
[2026-09-30T19:32:05.638+0000] {logging_mixin.py:137} INFO - [2026-09-30T19:32:05.637+0000] {dag.py:3427} INFO - Setting next_dagrun for example_skip_dag to 2026-09-29T19:32:05.637197+00:00, run_after=2026-09-30T19:32:05.637197+00:00
[2026-09-30T19:32:05.666+0000] {processor.py:175} INFO - Processing /home/airflow/.local/lib/python3.7/site-packages/airflow/example_dags/example_skip_dag.py took 0.152 seconds
[2026-09-30T19:32:36.504+0000] {processor.py:153} INFO - Started process (PID=3765) to work on /home/airflow/.local/lib/python3.7/site-packages/airflow/example_dags/example_skip_dag.py
[2026-09-30T19:32:36.505+0000] {processor.py:743} INFO - Processing file /home/airflow/.local/lib/python3.7/site-packages/airflow/example_dags/example_skip_dag.py for tasks to queue
[2026-09-30T19:32:36.506+0000] {logging_mixin.py:137} INFO - [2026-09-30T19:32:36.506+0000] {dagbag.py:538} INFO - Filling up the DagBag from /home/airflow/.local/lib/python3.7/site-packages/airflow/example_dags/example_skip_dag.py
[2026-09-30T19:32:36.528+0000] {processor.py:753} INFO - DAG(s) dict_keys(['example_skip_dag']) retrieved from /home/airflow/.local/lib/python3.7/site-packages/airflow/example_dags/example_skip_dag.py
[2026-09-30T19:32:36.573+0000] {logging_mixin.py:137} INFO - [2026-09-30T19:32:36.573+0000] {dag.py:2676} INFO - Sync 1 DAGs
[2026-09-30T19:32:36.606+0000] {logging_mixin.py:137} INFO - [2026-09-30T19:32:36.606+0000] {dag.py:3427} INFO - Setting next_dagrun for example_skip_dag to 2026-09-29T19:32:36.605759+00:00, run_after=2026-09-30T19:32:36.605759+00:00
[2026-09-30T19:32:36.629+0000] {processor.py:175} INFO - Processing /home/airflow/.local/lib/python3.7/site-packages/airflow/example_dags/example_skip_dag.py took 0.132 seconds
[2026-09-30T19:33:07.037+0000] {processor.py:153} INFO - Started process (PID=3844) to work on /home/airflow/.local/lib/python3.7/site-packages/airflow/example_dags/example_skip_dag.py
[2026-09-30T19:33:07.038+0000] {processor.py:743} INFO - Processing file /home/airflow/.local/lib/python3.7/site-packages/airflow/example_dags/example_skip_dag.py for tasks to queue
[2026-09-30T19:33:07.038+0000] {logging_mixin.py:137} INFO - [2026-09-30T19:33:07.038+0000] {dagbag.py:538} INFO - Filling up the DagBag from /home/airflow/.local/lib/python3.7/site-packages/airflow/example_dags/example_skip_dag.py
[2026-09-30T19:33:07.056+0000] {processor.py:753} INFO - DAG(s) dict_keys(['example_skip_dag']) retrieved from /home/airflow/.local/lib/python3.7/site-packages/airflow/example_dags/example_skip_dag.py
[2026-09-30T19:33:07.102+0000] {logging_mixin.py:137} INFO - [2026-09-30T19:33:07.101+0000] {dag.py:2676} INFO - Sync 1 DAGs
[2026-09-30T19:33:07.142+0000] {logging_mixin.py:137} INFO - [2026-09-30T19:33:07.142+0000] {dag.py:3427} INFO - Setting next_dagrun for example_skip_dag to 2026-09-29T19:33:07.141912+00:00, run_after=2026-09-30T19:33:07.141912+00:00
[2026-09-30T19:33:07.169+0000] {processor.py:175} INFO - Processing /home/airflow/.local/lib/python3.7/site-packages/airflow/example_dags/example_skip_dag.py took 0.137 seconds
[2026-09-30T19:33:38.235+0000] {processor.py:153} INFO - Started process (PID=3932) to work on /home/airflow/.local/lib/python3.7/site-packages/airflow/example_dags/example_skip_dag.py
[2026-09-30T19:33:38.236+0000] {processor.py:743} INFO - Processing file /home/airflow/.local/lib/python3.7/site-packages/airflow/example_dags/example_skip_dag.py for tasks to queue
[2026-09-30T19:33:38.237+0000] {logging_mixin.py:137} INFO - [2026-09-30T19:33:38.237+0000] {dagbag.py:538} INFO - Filling up the DagBag from /home/airflow/.local/lib/python3.7/site-packages/airflow/example_dags/example_skip_dag.py
[2026-09-30T19:33:38.254+0000] {processor.py:753} INFO - DAG(s) dict_keys(['example_skip_dag']) retrieved from /home/airflow/.local/lib/python3.7/site-packages/airflow/example_dags/example_skip_dag.py
[2026-09-30T19:33:38.303+0000] {logging_mixin.py:137} INFO - [2026-09-30T19:33:38.303+0000] {dag.py:2676} INFO - Sync 1 DAGs
[2026-09-30T19:33:38.345+0000] {logging_mixin.py:137} INFO - [2026-09-30T19:33:38.345+0000] {dag.py:3427} INFO - Setting next_dagrun for example_skip_dag to 2026-09-29T19:33:38.344669+00:00, run_after=2026-09-30T19:33:38.344669+00:00
[2026-09-30T19:33:38.375+0000] {processor.py:175} INFO - Processing /home/airflow/.local/lib/python3.7/site-packages/airflow/example_dags/example_skip_dag.py took 0.145 seconds
[2026-09-30T19:34:09.250+0000] {processor.py:153} INFO - Started process (PID=4022) to work on /home/airflow/.local/lib/python3.7/site-packages/airflow/example_dags/example_skip_dag.py
[2026-09-30T19:34:09.251+0000] {processor.py:743} INFO - Processing file /home/airflow/.local/lib/python3.7/site-packages/airflow/example_dags/example_skip_dag.py for tasks to queue
[2026-09-30T19:34:09.252+0000] {logging_mixin.py:137} INFO - [2026-09-30T19:34:09.252+0000] {dagbag.py:538} INFO - Filling up the DagBag from /home/airflow/.local/lib/python3.7/site-packages/airflow/example_dags/example_skip_dag.py
[2026-09-30T19:34:09.271+0000] {processor.py:753} INFO - DAG(s) dict_keys(['example_skip_dag']) retrieved from /home/airflow/.local/lib/python3.7/site-packages/airflow/example_dags/example_skip_dag.py
[2026-09-30T19:34:09.333+0000] {logging_mixin.py:137} INFO - [2026-09-30T19:34:09.333+0000] {dag.py:2676} INFO - Sync 1 DAGs
[2026-09-30T19:34:09.393+0000] {logging_mixin.py:137} INFO - [2026-09-30T19:34:09.392+0000] {dag.py:3427} INFO - Setting next_dagrun for example_skip_dag to 2026-09-29T19:34:09.392131+00:00, run_after=2026-09-30T19:34:09.392131+00:00
[2026-09-30T19:34:09.431+0000] {processor.py:175} INFO - Processing /home/airflow/.local/lib/python3.7/site-packages/airflow/example_dags/example_skip_dag.py took 0.185 seconds
[2026-09-30T19:34:39.883+0000] {processor.py:153} INFO - Started process (PID=4101) to work on /home/airflow/.local/lib/python3.7/site-packages/airflow/example_dags/example_skip_dag.py
[2026-09-30T19:34:39.885+0000] {processor.py:743} INFO - Processing file /home/airflow/.local/lib/python3.7/site-packages/airflow/example_dags/example_skip_dag.py for tasks to queue
[2026-09-30T19:34:39.886+0000] {logging_mixin.py:137} INFO - [2026-09-30T19:34:39.886+0000] {dagbag.py:538} INFO - Filling up the DagBag from /home/airflow/.local/lib/python3.7/site-packages/airflow/example_dags/example_skip_dag.py
[2026-09-30T19:34:39.904+0000] {processor.py:753} INFO - DAG(s) dict_keys(['example_skip_dag']) retrieved from /home/airflow/.local/lib/python3.7/site-packages/airflow/example_dags/example_skip_dag.py
[2026-09-30T19:34:39.953+0000] {logging_mixin.py:137} INFO - [2026-09-30T19:34:39.953+0000] {dag.py:2676} INFO - Sync 1 DAGs
[2026-09-30T19:34:39.985+0000] {logging_mixin.py:137} INFO - [2026-09-30T19:34:39.985+0000] {dag.py:3427} INFO - Setting next_dagrun for example_skip_dag to 2026-09-29T19:34:39.985074+00:00, run_after=2026-09-30T19:34:39.985074+00:00
[2026-09-30T19:34:40.013+0000] {processor.py:175} INFO - Processing /home/airflow/.local/lib/python3.7/site-packages/airflow/example_dags/example_skip_dag.py took 0.134 seconds
[2026-09-30T19:35:10.104+0000] {processor.py:153} INFO - Started process (PID=4180) to work on /home/airflow/.local/lib/python3.7/site-packages/airflow/example_dags/example_skip_dag.py
[2026-09-30T19:35:10.105+0000] {processor.py:743} INFO - Processing file /home/airflow/.local/lib/python3.7/site-packages/airflow/example_dags/example_skip_dag.py for tasks to queue
[2026-09-30T19:35:10.106+0000] {logging_mixin.py:137} INFO - [2026-09-30T19:35:10.105+0000] {dagbag.py:538} INFO - Filling up the DagBag from /home/airflow/.local/lib/python3.7/site-packages/airflow/example_dags/example_skip_dag.py
[2026-09-30T19:35:10.125+0000] {processor.py:753} INFO - DAG(s) dict_keys(['example_skip_dag']) retrieved from /home/airflow/.local/lib/python3.7/site-packages/airflow/example_dags/example_skip_dag.py
[2026-09-30T19:35:10.171+0000] {logging_mixin.py:137} INFO - [2026-09-30T19:35:10.171+0000] {dag.py:2676} INFO - Sync 1 DAGs
[2026-09-30T19:35:10.207+0000] {logging_mixin.py:137} INFO - [2026-09-30T19:35:10.207+0000] {dag.py:3427} INFO - Setting next_dagrun for example_skip_dag to 2026-09-29T19:35:10.207085+00:00, run_after=2026-09-30T19:35:10.207085+00:00
[2026-09-30T19:35:10.235+0000] {processor.py:175} INFO - Processing /home/airflow/.local/lib/python3.7/site-packages/airflow/example_dags/example_skip_dag.py took 0.135 seconds
[2026-09-30T19:35:40.699+0000] {processor.py:153} INFO - Started process (PID=4259) to work on /home/airflow/.local/lib/python3.7/site-packages/airflow/example_dags/example_skip_dag.py
[2026-09-30T19:35:40.700+0000] {processor.py:743} INFO - Processing file /home/airflow/.local/lib/python3.7/site-packages/airflow/example_dags/example_skip_dag.py for tasks to queue
[2026-09-30T19:35:40.701+0000] {logging_mixin.py:137} INFO - [2026-09-30T19:35:40.701+0000] {dagbag.py:538} INFO - Filling up the DagBag from /home/airflow/.local/lib/python3.7/site-packages/airflow/example_dags/example_skip_dag.py
[2026-09-30T19:35:40.720+0000] {processor.py:753} INFO - DAG(s) dict_keys(['example_skip_dag']) retrieved from /home/airflow/.local/lib/python3.7/site-packages/airflow/example_dags/example_skip_dag.py
[2026-09-30T19:35:40.765+0000] {logging_mixin.py:137} INFO - [2026-09-30T19:35:40.765+0000] {dag.py:2676} INFO - Sync 1 DAGs
[2026-09-30T19:35:40.797+0000] {logging_mixin.py:137} INFO - [2026-09-30T19:35:40.797+0000] {dag.py:3427} INFO - Setting next_dagrun for example_skip_dag to 2026-09-29T19:35:40.797445+00:00, run_after=2026-09-30T19:35:40.797445+00:00
[2026-09-30T19:35:40.822+0000] {processor.py:175} INFO - Processing /home/airflow/.local/lib/python3.7/site-packages/airflow/example_dags/example_skip_dag.py took 0.127 seconds
[2026-09-30T19:36:11.797+0000] {processor.py:153} INFO - Started process (PID=4358) to work on /home/airflow/.local/lib/python3.7/site-packages/airflow/example_dags/example_skip_dag.py
[2026-09-30T19:36:11.798+0000] {processor.py:743} INFO - Processing file /home/airflow/.local/lib/python3.7/site-packages/airflow/example_dags/example_skip_dag.py for tasks to queue
[2026-09-30T19:36:11.799+0000] {logging_mixin.py:137} INFO - [2026-09-30T19:36:11.799+0000] {dagbag.py:538} INFO - Filling up the DagBag from /home/airflow/.local/lib/python3.7/site-packages/airflow/example_dags/example_skip_dag.py
[2026-09-30T19:36:11.820+0000] {processor.py:753} INFO - DAG(s) dict_keys(['example_skip_dag']) retrieved from /home/airflow/.local/lib/python3.7/site-packages/airflow/example_dags/example_skip_dag.py
[2026-09-30T19:36:11.873+0000] {logging_mixin.py:137} INFO - [2026-09-30T19:36:11.873+0000] {dag.py:2676} INFO - Sync 1 DAGs
[2026-09-30T19:36:11.906+0000] {logging_mixin.py:137} INFO - [2026-09-30T19:36:11.906+0000] {dag.py:3427} INFO - Setting next_dagrun for example_skip_dag to 2026-09-29T19:36:11.906098+00:00, run_after=2026-09-30T19:36:11.906098+00:00
[2026-09-30T19:36:11.932+0000] {processor.py:175} INFO - Processing /home/airflow/.local/lib/python3.7/site-packages/airflow/example_dags/example_skip_dag.py took 0.138 seconds
[2026-09-30T19:36:42.132+0000] {processor.py:153} INFO - Started process (PID=4437) to work on /home/airflow/.local/lib/python3.7/site-packages/airflow/example_dags/example_skip_dag.py
[2026-09-30T19:36:42.133+0000] {processor.py:743} INFO - Processing file /home/airflow/.local/lib/python3.7/site-packages/airflow/example_dags/example_skip_dag.py for tasks to queue
[2026-09-30T19:36:42.134+0000] {logging_mixin.py:137} INFO - [2026-09-30T19:36:42.134+0000] {dagbag.py:538} INFO - Filling up the DagBag from /home/airflow/.local/lib/python3.7/site-packages/airflow/example_dags/example_skip_dag.py
[2026-09-30T19:36:42.153+0000] {processor.py:753} INFO - DAG(s) dict_keys(['example_skip_dag']) retrieved from /home/airflow/.local/lib/python3.7/site-packages/airflow/example_dags/example_skip_dag.py
[2026-09-30T19:36:42.201+0000] {logging_mixin.py:137} INFO - [2026-09-30T19:36:42.201+0000] {dag.py:2676} INFO - Sync 1 DAGs
[2026-09-30T19:36:42.233+0000] {logging_mixin.py:137} INFO - [2026-09-30T19:36:42.233+0000] {dag.py:3427} INFO - Setting next_dagrun for example_skip_dag to 2026-09-29T19:36:42.232814+00:00, run_after=2026-09-30T19:36:42.232814+00:00
[2026-09-30T19:36:42.263+0000] {processor.py:175} INFO - Processing /home/airflow/.local/lib/python3.7/site-packages/airflow/example_dags/example_skip_dag.py took 0.135 seconds
[2026-09-30T19:37:12.460+0000] {processor.py:153} INFO - Started process (PID=4516) to work on /home/airflow/.local/lib/python3.7/site-packages/airflow/example_dags/example_skip_dag.py
[2026-09-30T19:37:12.461+0000] {processor.py:743} INFO - Processing file /home/airflow/.local/lib/python3.7/site-packages/airflow/example_dags/example_skip_dag.py for tasks to queue
[2026-09-30T19:37:12.462+0000] {logging_mixin.py:137} INFO - [2026-09-30T19:37:12.462+0000] {dagbag.py:538} INFO - Filling up the DagBag from /home/airflow/.local/lib/python3.7/site-packages/airflow/example_dags/example_skip_dag.py
[2026-09-30T19:37:12.481+0000] {processor.py:753} INFO - DAG(s) dict_keys(['example_skip_dag']) retrieved from /home/airflow/.local/lib/python3.7/site-packages/airflow/example_dags/example_skip_dag.py
[2026-09-30T19:37:12.529+0000] {logging_mixin.py:137} INFO - [2026-09-30T19:37:12.529+0000] {dag.py:2676} INFO - Sync 1 DAGs
[2026-09-30T19:37:12.562+0000] {logging_mixin.py:137} INFO - [2026-09-30T19:37:12.562+0000] {dag.py:3427} INFO - Setting next_dagrun for example_skip_dag to 2026-09-29T19:37:12.562451+00:00, run_after=2026-09-30T19:37:12.562451+00:00
[2026-09-30T19:37:12.585+0000] {processor.py:175} INFO - Processing /home/airflow/.local/lib/python3.7/site-packages/airflow/example_dags/example_skip_dag.py took 0.128 seconds
[2026-09-30T19:37:43.405+0000] {processor.py:153} INFO - Started process (PID=4595) to work on /home/airflow/.local/lib/python3.7/site-packages/airflow/example_dags/example_skip_dag.py
[2026-09-30T19:37:43.406+0000] {processor.py:743} INFO - Processing file /home/airflow/.local/lib/python3.7/site-packages/airflow/example_dags/example_skip_dag.py for tasks to queue
[2026-09-30T19:37:43.407+0000] {logging_mixin.py:137} INFO - [2026-09-30T19:37:43.407+0000] {dagbag.py:538} INFO - Filling up the DagBag from /home/airflow/.local/lib/python3.7/site-packages/airflow/example_dags/example_skip_dag.py
[2026-09-30T19:37:43.426+0000] {processor.py:753} INFO - DAG(s) dict_keys(['example_skip_dag']) retrieved from /home/airflow/.local/lib/python3.7/site-packages/airflow/example_dags/example_skip_dag.py
[2026-09-30T19:37:43.475+0000] {logging_mixin.py:137} INFO - [2026-09-30T19:37:43.475+0000] {dag.py:2676} INFO - Sync 1 DAGs
[2026-09-30T19:37:43.507+0000] {logging_mixin.py:137} INFO - [2026-09-30T19:37:43.506+0000] {dag.py:3427} INFO - Setting next_dagrun for example_skip_dag to 2026-09-29T19:37:43.506596+00:00, run_after=2026-09-30T19:37:43.506596+00:00
[2026-09-30T19:37:43.528+0000] {processor.py:175} INFO - Processing /home/airflow/.local/lib/python3.7/site-packages/airflow/example_dags/example_skip_dag.py took 0.127 seconds
[2026-09-30T19:38:14.291+0000] {processor.py:153} INFO - Started process (PID=4696) to work on /home/airflow/.local/lib/python3.7/site-packages/airflow/example_dags/example_skip_dag.py
[2026-09-30T19:38:14.292+0000] {processor.py:743} INFO - Processing file /home/airflow/.local/lib/python3.7/site-packages/airflow/example_dags/example_skip_dag.py for tasks to queue
[2026-09-30T19:38:14.293+0000] {logging_mixin.py:137} INFO - [2026-09-30T19:38:14.293+0000] {dagbag.py:538} INFO - Filling up the DagBag from /home/airflow/.local/lib/python3.7/site-packages/airflow/example_dags/example_skip_dag.py
[2026-09-30T19:38:14.320+0000] {processor.py:753} INFO - DAG(s) dict_keys(['example_skip_dag']) retrieved from /home/airflow/.local/lib/python3.7/site-packages/airflow/example_dags/example_skip_dag.py
[2026-09-30T19:38:14.374+0000] {logging_mixin.py:137} INFO - [2026-09-30T19:38:14.374+0000] {dag.py:2676} INFO - Sync 1 DAGs
[2026-09-30T19:38:14.413+0000] {logging_mixin.py:137} INFO - [2026-09-30T19:38:14.413+0000] {dag.py:3427} INFO - Setting next_dagrun for example_skip_dag to 2026-09-29T19:38:14.412873+00:00, run_after=2026-09-30T19:38:14.412873+00:00
[2026-09-30T19:38:14.434+0000] {processor.py:175} INFO - Processing /home/airflow/.local/lib/python3.7/site-packages/airflow/example_dags/example_skip_dag.py took 0.146 seconds
[2026-09-30T19:38:45.219+0000] {processor.py:153} INFO - Started process (PID=4779) to work on /home/airflow/.local/lib/python3.7/site-packages/airflow/example_dags/example_skip_dag.py
[2026-09-30T19:38:45.220+0000] {processor.py:743} INFO - Processing file /home/airflow/.local/lib/python3.7/site-packages/airflow/example_dags/example_skip_dag.py for tasks to queue
[2026-09-30T19:38:45.220+0000] {logging_mixin.py:137} INFO - [2026-09-30T19:38:45.220+0000] {dagbag.py:538} INFO - Filling up the DagBag from /home/airflow/.local/lib/python3.7/site-packages/airflow/example_dags/example_skip_dag.py
[2026-09-30T19:38:45.239+0000] {processor.py:753} INFO - DAG(s) dict_keys(['example_skip_dag']) retrieved from /home/airflow/.local/lib/python3.7/site-packages/airflow/example_dags/example_skip_dag.py
[2026-09-30T19:38:45.290+0000] {logging_mixin.py:137} INFO - [2026-09-30T19:38:45.290+0000] {dag.py:2676} INFO - Sync 1 DAGs
[2026-09-30T19:38:45.326+0000] {logging_mixin.py:137} INFO - [2026-09-30T19:38:45.326+0000] {dag.py:3427} INFO - Setting next_dagrun for example_skip_dag to 2026-09-29T19:38:45.325546+00:00, run_after=2026-09-30T19:38:45.325546+00:00
[2026-09-30T19:38:45.356+0000] {processor.py:175} INFO - Processing /home/airflow/.local/lib/python3.7/site-packages/airflow/example_dags/example_skip_dag.py took 0.141 seconds
[2026-09-30T19:39:16.248+0000] {processor.py:153} INFO - Started process (PID=4863) to work on /home/airflow/.local/lib/python3.7/site-packages/airflow/example_dags/example_skip_dag.py
[2026-09-30T19:39:16.250+0000] {processor.py:743} INFO - Processing file /home/airflow/.local/lib/python3.7/site-packages/airflow/example_dags/example_skip_dag.py for tasks to queue
[2026-09-30T19:39:16.251+0000] {logging_mixin.py:137} INFO - [2026-09-30T19:39:16.251+0000] {dagbag.py:538} INFO - Filling up the DagBag from /home/airflow/.local/lib/python3.7/site-packages/airflow/example_dags/example_skip_dag.py
[2026-09-30T19:39:16.278+0000] {processor.py:753} INFO - DAG(s) dict_keys(['example_skip_dag']) retrieved from /home/airflow/.local/lib/python3.7/site-packages/airflow/example_dags/example_skip_dag.py
[2026-09-30T19:39:16.349+0000] {logging_mixin.py:137} INFO - [2026-09-30T19:39:16.349+0000] {dag.py:2676} INFO - Sync 1 DAGs
[2026-09-30T19:39:16.401+0000] {logging_mixin.py:137} INFO - [2026-09-30T19:39:16.400+0000] {dag.py:3427} INFO - Setting next_dagrun for example_skip_dag to 2026-09-29T19:39:16.400551+00:00, run_after=2026-09-30T19:39:16.400551+00:00
[2026-09-30T19:39:16.428+0000] {processor.py:175} INFO - Processing /home/airflow/.local/lib/python3.7/site-packages/airflow/example_dags/example_skip_dag.py took 0.184 seconds
[2026-09-30T19:39:46.596+0000] {processor.py:153} INFO - Started process (PID=4967) to work on /home/airflow/.local/lib/python3.7/site-packages/airflow/example_dags/example_skip_dag.py
[2026-09-30T19:39:46.597+0000] {processor.py:743} INFO - Processing file /home/airflow/.local/lib/python3.7/site-packages/airflow/example_dags/example_skip_dag.py for tasks to queue
[2026-09-30T19:39:46.598+0000] {logging_mixin.py:137} INFO - [2026-09-30T19:39:46.598+0000] {dagbag.py:538} INFO - Filling up the DagBag from /home/airflow/.local/lib/python3.7/site-packages/airflow/example_dags/example_skip_dag.py
[2026-09-30T19:39:46.618+0000] {processor.py:753} INFO - DAG(s) dict_keys(['example_skip_dag']) retrieved from /home/airflow/.local/lib/python3.7/site-packages/airflow/example_dags/example_skip_dag.py
[2026-09-30T19:39:46.677+0000] {logging_mixin.py:137} INFO - [2026-09-30T19:39:46.677+0000] {dag.py:2676} INFO - Sync 1 DAGs
[2026-09-30T19:39:46.721+0000] {logging_mixin.py:137} INFO - [2026-09-30T19:39:46.720+0000] {dag.py:3427} INFO - Setting next_dagrun for example_skip_dag to 2026-09-29T19:39:46.720640+00:00, run_after=2026-09-30T19:39:46.720640+00:00
[2026-09-30T19:39:46.746+0000] {processor.py:175} INFO - Processing /home/airflow/.local/lib/python3.7/site-packages/airflow/example_dags/example_skip_dag.py took 0.154 seconds
[2026-09-30T19:40:17.437+0000] {processor.py:153} INFO - Started process (PID=5051) to work on /home/airflow/.local/lib/python3.7/site-packages/airflow/example_dags/example_skip_dag.py
[2026-09-30T19:40:17.438+0000] {processor.py:743} INFO - Processing file /home/airflow/.local/lib/python3.7/site-packages/airflow/example_dags/example_skip_dag.py for tasks to queue
[2026-09-30T19:40:17.439+0000] {logging_mixin.py:137} INFO - [2026-09-30T19:40:17.439+0000] {dagbag.py:538} INFO - Filling up the DagBag from /home/airflow/.local/lib/python3.7/site-packages/airflow/example_dags/example_skip_dag.py
[2026-09-30T19:40:17.457+0000] {processor.py:753} INFO - DAG(s) dict_keys(['example_skip_dag']) retrieved from /home/airflow/.local/lib/python3.7/site-packages/airflow/example_dags/example_skip_dag.py
[2026-09-30T19:40:17.514+0000] {logging_mixin.py:137} INFO - [2026-09-30T19:40:17.514+0000] {dag.py:2676} INFO - Sync 1 DAGs
[2026-09-30T19:40:17.547+0000] {logging_mixin.py:137} INFO - [2026-09-30T19:40:17.547+0000] {dag.py:3427} INFO - Setting next_dagrun for example_skip_dag to 2026-09-29T19:40:17.546813+00:00, run_after=2026-09-30T19:40:17.546813+00:00
[2026-09-30T19:40:17.568+0000] {processor.py:175} INFO - Processing /home/airflow/.local/lib/python3.7/site-packages/airflow/example_dags/example_skip_dag.py took 0.136 seconds
[2026-09-30T19:40:48.190+0000] {processor.py:153} INFO - Started process (PID=5136) to work on /home/airflow/.local/lib/python3.7/site-packages/airflow/example_dags/example_skip_dag.py
[2026-09-30T19:40:48.191+0000] {processor.py:743} INFO - Processing file /home/airflow/.local/lib/python3.7/site-packages/airflow/example_dags/example_skip_dag.py for tasks to queue
[2026-09-30T19:40:48.191+0000] {logging_mixin.py:137} INFO - [2026-09-30T19:40:48.191+0000] {dagbag.py:538} INFO - Filling up the DagBag from /home/airflow/.local/lib/python3.7/site-packages/airflow/example_dags/example_skip_dag.py
[2026-09-30T19:40:48.213+0000] {processor.py:753} INFO - DAG(s) dict_keys(['example_skip_dag']) retrieved from /home/airflow/.local/lib/python3.7/site-packages/airflow/example_dags/example_skip_dag.py
[2026-09-30T19:40:48.261+0000] {logging_mixin.py:137} INFO - [2026-09-30T19:40:48.261+0000] {dag.py:2676} INFO - Sync 1 DAGs
[2026-09-30T19:40:48.297+0000] {logging_mixin.py:137} INFO - [2026-09-30T19:40:48.297+0000] {dag.py:3427} INFO - Setting next_dagrun for example_skip_dag to 2026-09-29T19:40:48.296958+00:00, run_after=2026-09-30T19:40:48.296958+00:00
[2026-09-30T19:40:48.327+0000] {processor.py:175} INFO - Processing /home/airflow/.local/lib/python3.7/site-packages/airflow/example_dags/example_skip_dag.py took 0.141 seconds
[2026-09-30T19:41:18.973+0000] {processor.py:153} INFO - Started process (PID=5228) to work on /home/airflow/.local/lib/python3.7/site-packages/airflow/example_dags/example_skip_dag.py
[2026-09-30T19:41:18.973+0000] {processor.py:743} INFO - Processing file /home/airflow/.local/lib/python3.7/site-packages/airflow/example_dags/example_skip_dag.py for tasks to queue
[2026-09-30T19:41:18.974+0000] {logging_mixin.py:137} INFO - [2026-09-30T19:41:18.974+0000] {dagbag.py:538} INFO - Filling up the DagBag from /home/airflow/.local/lib/python3.7/site-packages/airflow/example_dags/example_skip_dag.py
[2026-09-30T19:41:18.989+0000] {processor.py:753} INFO - DAG(s) dict_keys(['example_skip_dag']) retrieved from /home/airflow/.local/lib/python3.7/site-packages/airflow/example_dags/example_skip_dag.py
[2026-09-30T19:41:19.033+0000] {logging_mixin.py:137} INFO - [2026-09-30T19:41:19.033+0000] {dag.py:2676} INFO - Sync 1 DAGs
[2026-09-30T19:41:19.062+0000] {logging_mixin.py:137} INFO - [2026-09-30T19:41:19.062+0000] {dag.py:3427} INFO - Setting next_dagrun for example_skip_dag to 2026-09-29T19:41:19.062374+00:00, run_after=2026-09-30T19:41:19.062374+00:00
[2026-09-30T19:41:19.088+0000] {processor.py:175} INFO - Processing /home/airflow/.local/lib/python3.7/site-packages/airflow/example_dags/example_skip_dag.py took 0.118 seconds
[2026-09-30T19:41:49.274+0000] {processor.py:153} INFO - Started process (PID=5328) to work on /home/airflow/.local/lib/python3.7/site-packages/airflow/example_dags/example_skip_dag.py
[2026-09-30T19:41:49.274+0000] {processor.py:743} INFO - Processing file /home/airflow/.local/lib/python3.7/site-packages/airflow/example_dags/example_skip_dag.py for tasks to queue
[2026-09-30T19:41:49.275+0000] {logging_mixin.py:137} INFO - [2026-09-30T19:41:49.275+0000] {dagbag.py:538} INFO - Filling up the DagBag from /home/airflow/.local/lib/python3.7/site-packages/airflow/example_dags/example_skip_dag.py
[2026-09-30T19:41:49.288+0000] {processor.py:753} INFO - DAG(s) dict_keys(['example_skip_dag']) retrieved from /home/airflow/.local/lib/python3.7/site-packages/airflow/example_dags/example_skip_dag.py
[2026-09-30T19:41:49.322+0000] {logging_mixin.py:137} INFO - [2026-09-30T19:41:49.322+0000] {dag.py:2676} INFO - Sync 1 DAGs
[2026-09-30T19:41:49.344+0000] {logging_mixin.py:137} INFO - [2026-09-30T19:41:49.344+0000] {dag.py:3427} INFO - Setting next_dagrun for example_skip_dag to 2026-09-29T19:41:49.343806+00:00, run_after=2026-09-30T19:41:49.343806+00:00
[2026-09-30T19:41:49.361+0000] {processor.py:175} INFO - Processing /home/airflow/.local/lib/python3.7/site-packages/airflow/example_dags/example_skip_dag.py took 0.091 seconds
[2026-09-30T19:42:19.971+0000] {processor.py:153} INFO - Started process (PID=5415) to work on /home/airflow/.local/lib/python3.7/site-packages/airflow/example_dags/example_skip_dag.py
[2026-09-30T19:42:19.972+0000] {processor.py:743} INFO - Processing file /home/airflow/.local/lib/python3.7/site-packages/airflow/example_dags/example_skip_dag.py for tasks to queue
[2026-09-30T19:42:19.974+0000] {logging_mixin.py:137} INFO - [2026-09-30T19:42:19.974+0000] {dagbag.py:538} INFO - Filling up the DagBag from /home/airflow/.local/lib/python3.7/site-packages/airflow/example_dags/example_skip_dag.py
[2026-09-30T19:42:20.015+0000] {processor.py:753} INFO - DAG(s) dict_keys(['example_skip_dag']) retrieved from /home/airflow/.local/lib/python3.7/site-packages/airflow/example_dags/example_skip_dag.py
[2026-09-30T19:42:20.072+0000] {logging_mixin.py:137} INFO - [2026-09-30T19:42:20.071+0000] {dag.py:2676} INFO - Sync 1 DAGs
[2026-09-30T19:42:20.114+0000] {logging_mixin.py:137} INFO - [2026-09-30T19:42:20.113+0000] {dag.py:3427} INFO - Setting next_dagrun for example_skip_dag to 2026-09-29T19:42:20.113376+00:00, run_after=2026-09-30T19:42:20.113376+00:00
[2026-09-30T19:42:20.141+0000] {processor.py:175} INFO - Processing /home/airflow/.local/lib/python3.7/site-packages/airflow/example_dags/example_skip_dag.py took 0.178 seconds
[2026-09-30T19:42:50.840+0000] {processor.py:153} INFO - Started process (PID=5507) to work on /home/airflow/.local/lib/python3.7/site-packages/airflow/example_dags/example_skip_dag.py
[2026-09-30T19:42:50.841+0000] {processor.py:743} INFO - Processing file /home/airflow/.local/lib/python3.7/site-packages/airflow/example_dags/example_skip_dag.py for tasks to queue
[2026-09-30T19:42:50.842+0000] {logging_mixin.py:137} INFO - [2026-09-30T19:42:50.842+0000] {dagbag.py:538} INFO - Filling up the DagBag from /home/airflow/.local/lib/python3.7/site-packages/airflow/example_dags/example_skip_dag.py
[2026-09-30T19:42:50.866+0000] {processor.py:753} INFO - DAG(s) dict_keys(['example_skip_dag']) retrieved from /home/airflow/.local/lib/python3.7/site-packages/airflow/example_dags/example_skip_dag.py
[2026-09-30T19:42:50.914+0000] {logging_mixin.py:137} INFO - [2026-09-30T19:42:50.914+0000] {dag.py:2676} INFO - Sync 1 DAGs
[2026-09-30T19:42:50.948+0000] {logging_mixin.py:137} INFO - [2026-09-30T19:42:50.948+0000] {dag.py:3427} INFO - Setting next_dagrun for example_skip_dag to 2026-09-29T19:42:50.948103+00:00, run_after=2026-09-30T19:42:50.948103+00:00
[2026-09-30T19:42:50.972+0000] {processor.py:175} INFO - Processing /home/airflow/.local/lib/python3.7/site-packages/airflow/example_dags/example_skip_dag.py took 0.135 seconds
[2026-09-30T19:43:21.804+0000] {processor.py:153} INFO - Started process (PID=5598) to work on /home/airflow/.local/lib/python3.7/site-packages/airflow/example_dags/example_skip_dag.py
[2026-09-30T19:43:21.805+0000] {processor.py:743} INFO - Processing file /home/airflow/.local/lib/python3.7/site-packages/airflow/example_dags/example_skip_dag.py for tasks to queue
[2026-09-30T19:43:21.806+0000] {logging_mixin.py:137} INFO - [2026-09-30T19:43:21.806+0000] {dagbag.py:538} INFO - Filling up the DagBag from /home/airflow/.local/lib/python3.7/site-packages/airflow/example_dags/example_skip_dag.py
[2026-09-30T19:43:21.827+0000] {processor.py:753} INFO - DAG(s) dict_keys(['example_skip_dag']) retrieved from /home/airflow/.local/lib/python3.7/site-packages/airflow/example_dags/example_skip_dag.py
[2026-09-30T19:43:21.878+0000] {logging_mixin.py:137} INFO - [2026-09-30T19:43:21.877+0000] {dag.py:2676} INFO - Sync 1 DAGs
[2026-09-30T19:43:21.911+0000] {logging_mixin.py:137} INFO - [2026-09-30T19:43:21.911+0000] {dag.py:3427} INFO - Setting next_dagrun for example_skip_dag to 2026-09-29T19:43:21.911013+00:00, run_after=2026-09-30T19:43:21.911013+00:00
[2026-09-30T19:43:21.933+0000] {processor.py:175} INFO - Processing /home/airflow/.local/lib/python3.7/site-packages/airflow/example_dags/example_skip_dag.py took 0.134 seconds
[2026-09-30T19:43:52.168+0000] {processor.py:153} INFO - Started process (PID=5677) to work on /home/airflow/.local/lib/python3.7/site-packages/airflow/example_dags/example_skip_dag.py
[2026-09-30T19:43:52.170+0000] {processor.py:743} INFO - Processing file /home/airflow/.local/lib/python3.7/site-packages/airflow/example_dags/example_skip_dag.py for tasks to queue
[2026-09-30T19:43:52.171+0000] {logging_mixin.py:137} INFO - [2026-09-30T19:43:52.171+0000] {dagbag.py:538} INFO - Filling up the DagBag from /home/airflow/.local/lib/python3.7/site-packages/airflow/example_dags/example_skip_dag.py
[2026-09-30T19:43:52.201+0000] {processor.py:753} INFO - DAG(s) dict_keys(['example_skip_dag']) retrieved from /home/airflow/.local/lib/python3.7/site-packages/airflow/example_dags/example_skip_dag.py
[2026-09-30T19:43:52.270+0000] {logging_mixin.py:137} INFO - [2026-09-30T19:43:52.270+0000] {dag.py:2676} INFO - Sync 1 DAGs
[2026-09-30T19:43:52.310+0000] {logging_mixin.py:137} INFO - [2026-09-30T19:43:52.310+0000] {dag.py:3427} INFO - Setting next_dagrun for example_skip_dag to 2026-09-29T19:43:52.310028+00:00, run_after=2026-09-30T19:43:52.310028+00:00
[2026-09-30T19:43:52.348+0000] {processor.py:175} INFO - Processing /home/airflow/.local/lib/python3.7/site-packages/airflow/example_dags/example_skip_dag.py took 0.185 seconds
[2026-09-30T19:44:22.641+0000] {processor.py:153} INFO - Started process (PID=5757) to work on /home/airflow/.local/lib/python3.7/site-packages/airflow/example_dags/example_skip_dag.py
[2026-09-30T19:44:22.642+0000] {processor.py:743} INFO - Processing file /home/airflow/.local/lib/python3.7/site-packages/airflow/example_dags/example_skip_dag.py for tasks to queue
[2026-09-30T19:44:22.642+0000] {logging_mixin.py:137} INFO - [2026-09-30T19:44:22.642+0000] {dagbag.py:538} INFO - Filling up the DagBag from /home/airflow/.local/lib/python3.7/site-packages/airflow/example_dags/example_skip_dag.py
[2026-09-30T19:44:22.665+0000] {processor.py:753} INFO - DAG(s) dict_keys(['example_skip_dag']) retrieved from /home/airflow/.local/lib/python3.7/site-packages/airflow/example_dags/example_skip_dag.py
[2026-09-30T19:44:22.726+0000] {logging_mixin.py:137} INFO - [2026-09-30T19:44:22.725+0000] {dag.py:2676} INFO - Sync 1 DAGs
[2026-09-30T19:44:22.763+0000] {logging_mixin.py:137} INFO - [2026-09-30T19:44:22.763+0000] {dag.py:3427} INFO - Setting next_dagrun for example_skip_dag to 2026-09-29T19:44:22.763036+00:00, run_after=2026-09-30T19:44:22.763036+00:00
[2026-09-30T19:44:22.787+0000] {processor.py:175} INFO - Processing /home/airflow/.local/lib/python3.7/site-packages/airflow/example_dags/example_skip_dag.py took 0.152 seconds
[2026-09-30T19:44:52.852+0000] {processor.py:153} INFO - Started process (PID=5861) to work on /home/airflow/.local/lib/python3.7/site-packages/airflow/example_dags/example_skip_dag.py
[2026-09-30T19:44:52.853+0000] {processor.py:743} INFO - Processing file /home/airflow/.local/lib/python3.7/site-packages/airflow/example_dags/example_skip_dag.py for tasks to queue
[2026-09-30T19:44:52.853+0000] {logging_mixin.py:137} INFO - [2026-09-30T19:44:52.853+0000] {dagbag.py:538} INFO - Filling up the DagBag from /home/airflow/.local/lib/python3.7/site-packages/airflow/example_dags/example_skip_dag.py
[2026-09-30T19:44:52.871+0000] {processor.py:753} INFO - DAG(s) dict_keys(['example_skip_dag']) retrieved from /home/airflow/.local/lib/python3.7/site-packages/airflow/example_dags/example_skip_dag.py
[2026-09-30T19:44:52.920+0000] {logging_mixin.py:137} INFO - [2026-09-30T19:44:52.919+0000] {dag.py:2676} INFO - Sync 1 DAGs
[2026-09-30T19:44:52.965+0000] {logging_mixin.py:137} INFO - [2026-09-30T19:44:52.964+0000] {dag.py:3427} INFO - Setting next_dagrun for example_skip_dag to 2026-09-29T19:44:52.964542+00:00, run_after=2026-09-30T19:44:52.964542+00:00
[2026-09-30T19:44:53.012+0000] {processor.py:175} INFO - Processing /home/airflow/.local/lib/python3.7/site-packages/airflow/example_dags/example_skip_dag.py took 0.165 seconds
[2026-09-30T19:45:23.365+0000] {processor.py:153} INFO - Started process (PID=5945) to work on /home/airflow/.local/lib/python3.7/site-packages/airflow/example_dags/example_skip_dag.py
[2026-09-30T19:45:23.366+0000] {processor.py:743} INFO - Processing file /home/airflow/.local/lib/python3.7/site-packages/airflow/example_dags/example_skip_dag.py for tasks to queue
[2026-09-30T19:45:23.367+0000] {logging_mixin.py:137} INFO - [2026-09-30T19:45:23.367+0000] {dagbag.py:538} INFO - Filling up the DagBag from /home/airflow/.local/lib/python3.7/site-packages/airflow/example_dags/example_skip_dag.py
[2026-09-30T19:45:23.396+0000] {processor.py:753} INFO - DAG(s) dict_keys(['example_skip_dag']) retrieved from /home/airflow/.local/lib/python3.7/site-packages/airflow/example_dags/example_skip_dag.py
[2026-09-30T19:45:23.458+0000] {logging_mixin.py:137} INFO - [2026-09-30T19:45:23.458+0000] {dag.py:2676} INFO - Sync 1 DAGs
[2026-09-30T19:45:23.502+0000] {logging_mixin.py:137} INFO - [2026-09-30T19:45:23.502+0000] {dag.py:3427} INFO - Setting next_dagrun for example_skip_dag to 2026-09-29T19:45:23.502069+00:00, run_after=2026-09-30T19:45:23.502069+00:00
[2026-09-30T19:45:23.528+0000] {processor.py:175} INFO - Processing /home/airflow/.local/lib/python3.7/site-packages/airflow/example_dags/example_skip_dag.py took 0.169 seconds
[2026-09-30T19:45:53.678+0000] {processor.py:153} INFO - Started process (PID=6024) to work on /home/airflow/.local/lib/python3.7/site-packages/airflow/example_dags/example_skip_dag.py
[2026-09-30T19:45:53.680+0000] {processor.py:743} INFO - Processing file /home/airflow/.local/lib/python3.7/site-packages/airflow/example_dags/example_skip_dag.py for tasks to queue
[2026-09-30T19:45:53.681+0000] {logging_mixin.py:137} INFO - [2026-09-30T19:45:53.681+0000] {dagbag.py:538} INFO - Filling up the DagBag from /home/airflow/.local/lib/python3.7/site-packages/airflow/example_dags/example_skip_dag.py
[2026-09-30T19:45:53.710+0000] {processor.py:753} INFO - DAG(s) dict_keys(['example_skip_dag']) retrieved from /home/airflow/.local/lib/python3.7/site-packages/airflow/example_dags/example_skip_dag.py
[2026-09-30T19:45:53.772+0000] {logging_mixin.py:137} INFO - [2026-09-30T19:45:53.772+0000] {dag.py:2676} INFO - Sync 1 DAGs
[2026-09-30T19:45:53.820+0000] {logging_mixin.py:137} INFO - [2026-09-30T19:45:53.819+0000] {dag.py:3427} INFO - Setting next_dagrun for example_skip_dag to 2026-09-29T19:45:53.819512+00:00, run_after=2026-09-30T19:45:53.819512+00:00
[2026-09-30T19:45:53.843+0000] {processor.py:175} INFO - Processing /home/airflow/.local/lib/python3.7/site-packages/airflow/example_dags/example_skip_dag.py took 0.171 seconds
[2026-09-30T19:46:23.960+0000] {processor.py:153} INFO - Started process (PID=6103) to work on /home/airflow/.local/lib/python3.7/site-packages/airflow/example_dags/example_skip_dag.py
[2026-09-30T19:46:23.962+0000] {processor.py:743} INFO - Processing file /home/airflow/.local/lib/python3.7/site-packages/airflow/example_dags/example_skip_dag.py for tasks to queue
[2026-09-30T19:46:23.963+0000] {logging_mixin.py:137} INFO - [2026-09-30T19:46:23.963+0000] {dagbag.py:538} INFO - Filling up the DagBag from /home/airflow/.local/lib/python3.7/site-packages/airflow/example_dags/example_skip_dag.py
[2026-09-30T19:46:23.992+0000] {processor.py:753} INFO - DAG(s) dict_keys(['example_skip_dag']) retrieved from /home/airflow/.local/lib/python3.7/site-packages/airflow/example_dags/example_skip_dag.py
[2026-09-30T19:46:24.065+0000] {logging_mixin.py:137} INFO - [2026-09-30T19:46:24.064+0000] {dag.py:2676} INFO - Sync 1 DAGs
[2026-09-30T19:46:24.112+0000] {logging_mixin.py:137} INFO - [2026-09-30T19:46:24.112+0000] {dag.py:3427} INFO - Setting next_dagrun for example_skip_dag to 2026-09-29T19:46:24.111754+00:00, run_after=2026-09-30T19:46:24.111754+00:00
[2026-09-30T19:46:24.148+0000] {processor.py:175} INFO - Processing /home/airflow/.local/lib/python3.7/site-packages/airflow/example_dags/example_skip_dag.py took 0.193 seconds
[2026-09-30T19:46:54.820+0000] {processor.py:153} INFO - Started process (PID=6202) to work on /home/airflow/.local/lib/python3.7/site-packages/airflow/example_dags/example_skip_dag.py
[2026-09-30T19:46:54.822+0000] {processor.py:743} INFO - Processing file /home/airflow/.local/lib/python3.7/site-packages/airflow/example_dags/example_skip_dag.py for tasks to queue
[2026-09-30T19:46:54.823+0000] {logging_mixin.py:137} INFO - [2026-09-30T19:46:54.823+0000] {dagbag.py:538} INFO - Filling up the DagBag from /home/airflow/.local/lib/python3.7/site-packages/airflow/example_dags/example_skip_dag.py
[2026-09-30T19:46:54.853+0000] {processor.py:753} INFO - DAG(s) dict_keys(['example_skip_dag']) retrieved from /home/airflow/.local/lib/python3.7/site-packages/airflow/example_dags/example_skip_dag.py
[2026-09-30T19:46:54.916+0000] {logging_mixin.py:137} INFO - [2026-09-30T19:46:54.915+0000] {dag.py:2676} INFO - Sync 1 DAGs
[2026-09-30T19:46:54.958+0000] {logging_mixin.py:137} INFO - [2026-09-30T19:46:54.957+0000] {dag.py:3427} INFO - Setting next_dagrun for example_skip_dag to 2026-09-29T19:46:54.957586+00:00, run_after=2026-09-30T19:46:54.957586+00:00
[2026-09-30T19:46:54.978+0000] {processor.py:175} INFO - Processing /home/airflow/.local/lib/python3.7/site-packages/airflow/example_dags/example_skip_dag.py took 0.164 seconds
[2026-09-30T19:47:25.683+0000] {processor.py:153} INFO - Started process (PID=6281) to work on /home/airflow/.local/lib/python3.7/site-packages/airflow/example_dags/example_skip_dag.py
[2026-09-30T19:47:25.684+0000] {processor.py:743} INFO - Processing file /home/airflow/.local/lib/python3.7/site-packages/airflow/example_dags/example_skip_dag.py for tasks to queue
[2026-09-30T19:47:25.685+0000] {logging_mixin.py:137} INFO - [2026-09-30T19:47:25.685+0000] {dagbag.py:538} INFO - Filling up the DagBag from /home/airflow/.local/lib/python3.7/site-packages/airflow/example_dags/example_skip_dag.py
[2026-09-30T19:47:25.710+0000] {processor.py:753} INFO - DAG(s) dict_keys(['example_skip_dag']) retrieved from /home/airflow/.local/lib/python3.7/site-packages/airflow/example_dags/example_skip_dag.py
[2026-09-30T19:47:25.766+0000] {logging_mixin.py:137} INFO - [2026-09-30T19:47:25.766+0000] {dag.py:2676} INFO - Sync 1 DAGs
[2026-09-30T19:47:25.799+0000] {logging_mixin.py:137} INFO - [2026-09-30T19:47:25.799+0000] {dag.py:3427} INFO - Setting next_dagrun for example_skip_dag to 2026-09-29T19:47:25.798815+00:00, run_after=2026-09-30T19:47:25.798815+00:00
[2026-09-30T19:47:25.831+0000] {processor.py:175} INFO - Processing /home/airflow/.local/lib/python3.7/site-packages/airflow/example_dags/example_skip_dag.py took 0.151 seconds
[2026-09-30T19:47:56.244+0000] {processor.py:153} INFO - Started process (PID=6360) to work on /home/airflow/.local/lib/python3.7/site-packages/airflow/example_dags/example_skip_dag.py
[2026-09-30T19:47:56.246+0000] {processor.py:743} INFO - Processing file /home/airflow/.local/lib/python3.7/site-packages/airflow/example_dags/example_skip_dag.py for tasks to queue
[2026-09-30T19:47:56.246+0000] {logging_mixin.py:137} INFO - [2026-09-30T19:47:56.246+0000] {dagbag.py:538} INFO - Filling up the DagBag from /home/airflow/.local/lib/python3.7/site-packages/airflow/example_dags/example_skip_dag.py
[2026-09-30T19:47:56.269+0000] {processor.py:753} INFO - DAG(s) dict_keys(['example_skip_dag']) retrieved from /home/airflow/.local/lib/python3.7/site-packages/airflow/example_dags/example_skip_dag.py
[2026-09-30T19:47:56.322+0000] {logging_mixin.py:137} INFO - [2026-09-30T19:47:56.322+0000] {dag.py:2676} INFO - Sync 1 DAGs
[2026-09-30T19:47:56.355+0000] {logging_mixin.py:137} INFO - [2026-09-30T19:47:56.355+0000] {dag.py:3427} INFO - Setting next_dagrun for example_skip_dag to 2026-09-29T19:47:56.355248+00:00, run_after=2026-09-30T19:47:56.355248+00:00
[2026-09-30T19:47:56.381+0000] {processor.py:175} INFO - Processing /home/airflow/.local/lib/python3.7/site-packages/airflow/example_dags/example_skip_dag.py took 0.140 seconds
[2026-09-30T19:48:27.260+0000] {processor.py:153} INFO - Started process (PID=6449) to work on /home/airflow/.local/lib/python3.7/site-packages/airflow/example_dags/example_skip_dag.py
[2026-09-30T19:48:27.261+0000] {processor.py:743} INFO - Processing file /home/airflow/.local/lib/python3.7/site-packages/airflow/example_dags/example_skip_dag.py for tasks to queue
[2026-09-30T19:48:27.261+0000] {logging_mixin.py:137} INFO - [2026-09-30T19:48:27.261+0000] {dagbag.py:538} INFO - Filling up the DagBag from /home/airflow/.local/lib/python3.7/site-packages/airflow/example_dags/example_skip_dag.py
[2026-09-30T19:48:27.280+0000] {processor.py:753} INFO - DAG(s) dict_keys(['example_skip_dag']) retrieved from /home/airflow/.local/lib/python3.7/site-packages/airflow/example_dags/example_skip_dag.py
[2026-09-30T19:48:27.323+0000] {logging_mixin.py:137} INFO - [2026-09-30T19:48:27.323+0000] {dag.py:2676} INFO - Sync 1 DAGs
[2026-09-30T19:48:27.361+0000] {logging_mixin.py:137} INFO - [2026-09-30T19:48:27.361+0000] {dag.py:3427} INFO - Setting next_dagrun for example_skip_dag to 2026-09-29T19:48:27.361275+00:00, run_after=2026-09-30T19:48:27.361275+00:00
[2026-09-30T19:48:27.388+0000] {processor.py:175} INFO - Processing /home/airflow/.local/lib/python3.7/site-packages/airflow/example_dags/example_skip_dag.py took 0.132 seconds
[2026-09-30T19:48:58.050+0000] {processor.py:153} INFO - Started process (PID=6539) to work on /home/airflow/.local/lib/python3.7/site-packages/airflow/example_dags/example_skip_dag.py
[2026-09-30T19:48:58.051+0000] {processor.py:743} INFO - Processing file /home/airflow/.local/lib/python3.7/site-packages/airflow/example_dags/example_skip_dag.py for tasks to queue
[2026-09-30T19:48:58.052+0000] {logging_mixin.py:137} INFO - [2026-09-30T19:48:58.052+0000] {dagbag.py:538} INFO - Filling up the DagBag from /home/airflow/.local/lib/python3.7/site-packages/airflow/example_dags/example_skip_dag.py
[2026-09-30T19:48:58.072+0000] {processor.py:753} INFO - DAG(s) dict_keys(['example_skip_dag']) retrieved from /home/airflow/.local/lib/python3.7/site-packages/airflow/example_dags/example_skip_dag.py
[2026-09-30T19:48:58.118+0000] {logging_mixin.py:137} INFO - [2026-09-30T19:48:58.118+0000] {dag.py:2676} INFO - Sync 1 DAGs
[2026-09-30T19:48:58.150+0000] {logging_mixin.py:137} INFO - [2026-09-30T19:48:58.150+0000] {dag.py:3427} INFO - Setting next_dagrun for example_skip_dag to 2026-09-29T19:48:58.150011+00:00, run_after=2026-09-30T19:48:58.150011+00:00
[2026-09-30T19:48:58.175+0000] {processor.py:175} INFO - Processing /home/airflow/.local/lib/python3.7/site-packages/airflow/example_dags/example_skip_dag.py took 0.129 seconds
[2026-09-30T19:49:28.848+0000] {processor.py:153} INFO - Started process (PID=6618) to work on /home/airflow/.local/lib/python3.7/site-packages/airflow/example_dags/example_skip_dag.py
[2026-09-30T19:49:28.849+0000] {processor.py:743} INFO - Processing file /home/airflow/.local/lib/python3.7/site-packages/airflow/example_dags/example_skip_dag.py for tasks to queue
[2026-09-30T19:49:28.850+0000] {logging_mixin.py:137} INFO - [2026-09-30T19:49:28.850+0000] {dagbag.py:538} INFO - Filling up the DagBag from /home/airflow/.local/lib/python3.7/site-packages/airflow/example_dags/example_skip_dag.py
[2026-09-30T19:49:28.869+0000] {processor.py:753} INFO - DAG(s) dict_keys(['example_skip_dag']) retrieved from /home/airflow/.local/lib/python3.7/site-packages/airflow/example_dags/example_skip_dag.py
[2026-09-30T19:49:28.916+0000] {logging_mixin.py:137} INFO - [2026-09-30T19:49:28.916+0000] {dag.py:2676} INFO - Sync 1 DAGs
[2026-09-30T19:49:28.945+0000] {logging_mixin.py:137} INFO - [2026-09-30T19:49:28.945+0000] {dag.py:3427} INFO - Setting next_dagrun for example_skip_dag to 2026-09-29T19:49:28.945046+00:00, run_after=2026-09-30T19:49:28.945046+00:00
[2026-09-30T19:49:28.967+0000] {processor.py:175} INFO - Processing /home/airflow/.local/lib/python3.7/site-packages/airflow/example_dags/example_skip_dag.py took 0.122 seconds
[2026-09-30T19:49:59.373+0000] {processor.py:153} INFO - Started process (PID=6696) to work on /home/airflow/.local/lib/python3.7/site-packages/airflow/example_dags/example_skip_dag.py
[2026-09-30T19:49:59.374+0000] {processor.py:743} INFO - Processing file /home/airflow/.local/lib/python3.7/site-packages/airflow/example_dags/example_skip_dag.py for tasks to queue
[2026-09-30T19:49:59.375+0000] {logging_mixin.py:137} INFO - [2026-09-30T19:49:59.375+0000] {dagbag.py:538} INFO - Filling up the DagBag from /home/airflow/.local/lib/python3.7/site-packages/airflow/example_dags/example_skip_dag.py
[2026-09-30T19:49:59.394+0000] {processor.py:753} INFO - DAG(s) dict_keys(['example_skip_dag']) retrieved from /home/airflow/.local/lib/python3.7/site-packages/airflow/example_dags/example_skip_dag.py
[2026-09-30T19:49:59.439+0000] {logging_mixin.py:137} INFO - [2026-09-30T19:49:59.439+0000] {dag.py:2676} INFO - Sync 1 DAGs
[2026-09-30T19:49:59.469+0000] {logging_mixin.py:137} INFO - [2026-09-30T19:49:59.468+0000] {dag.py:3427} INFO - Setting next_dagrun for example_skip_dag to 2026-09-29T19:49:59.468582+00:00, run_after=2026-09-30T19:49:59.468582+00:00
[2026-09-30T19:49:59.489+0000] {processor.py:175} INFO - Processing /home/airflow/.local/lib/python3.7/site-packages/airflow/example_dags/example_skip_dag.py took 0.120 seconds
[2026-09-30T19:50:30.285+0000] {processor.py:153} INFO - Started process (PID=6784) to work on /home/airflow/.local/lib/python3.7/site-packages/airflow/example_dags/example_skip_dag.py
[2026-09-30T19:50:30.286+0000] {processor.py:743} INFO - Processing file /home/airflow/.local/lib/python3.7/site-packages/airflow/example_dags/example_skip_dag.py for tasks to queue
[2026-09-30T19:50:30.287+0000] {logging_mixin.py:137} INFO - [2026-09-30T19:50:30.287+0000] {dagbag.py:538} INFO - Filling up the DagBag from /home/airflow/.local/lib/python3.7/site-packages/airflow/example_dags/example_skip_dag.py
[2026-09-30T19:50:30.320+0000] {processor.py:753} INFO - DAG(s) dict_keys(['example_skip_dag']) retrieved from /home/airflow/.local/lib/python3.7/site-packages/airflow/example_dags/example_skip_dag.py
[2026-09-30T19:50:30.382+0000] {logging_mixin.py:137} INFO - [2026-09-30T19:50:30.382+0000] {dag.py:2676} INFO - Sync 1 DAGs
[2026-09-30T19:50:30.428+0000] {logging_mixin.py:137} INFO - [2026-09-30T19:50:30.428+0000] {dag.py:3427} INFO - Setting next_dagrun for example_skip_dag to 2026-09-29T19:50:30.427773+00:00, run_after=2026-09-30T19:50:30.427773+00:00
[2026-09-30T19:50:30.450+0000] {processor.py:175} INFO - Processing /home/airflow/.local/lib/python3.7/site-packages/airflow/example_dags/example_skip_dag.py took 0.170 seconds
[2026-09-30T19:51:01.185+0000] {processor.py:153} INFO - Started process (PID=6874) to work on /home/airflow/.local/lib/python3.7/site-packages/airflow/example_dags/example_skip_dag.py
[2026-09-30T19:51:01.186+0000] {processor.py:743} INFO - Processing file /home/airflow/.local/lib/python3.7/site-packages/airflow/example_dags/example_skip_dag.py for tasks to queue
[2026-09-30T19:51:01.187+0000] {logging_mixin.py:137} INFO - [2026-09-30T19:51:01.187+0000] {dagbag.py:538} INFO - Filling up the DagBag from /home/airflow/.local/lib/python3.7/site-packages/airflow/example_dags/example_skip_dag.py
[2026-09-30T19:51:01.207+0000] {processor.py:753} INFO - DAG(s) dict_keys(['example_skip_dag']) retrieved from /home/airflow/.local/lib/python3.7/site-packages/airflow/example_dags/example_skip_dag.py
[2026-09-30T19:51:01.257+0000] {logging_mixin.py:137} INFO - [2026-09-30T19:51:01.256+0000] {dag.py:2676} INFO - Sync 1 DAGs
[2026-09-30T19:51:01.289+0000] {logging_mixin.py:137} INFO - [2026-09-30T19:51:01.289+0000] {dag.py:3427} INFO - Setting next_dagrun for example_skip_dag to 2026-09-29T19:51:01.289218+00:00, run_after=2026-09-30T19:51:01.289218+00:00
[2026-09-30T19:51:01.309+0000] {processor.py:175} INFO - Processing /home/airflow/.local/lib/python3.7/site-packages/airflow/example_dags/example_skip_dag.py took 0.129 seconds
[2026-09-30T19:51:31.988+0000] {processor.py:153} INFO - Started process (PID=6953) to work on /home/airflow/.local/lib/python3.7/site-packages/airflow/example_dags/example_skip_dag.py
[2026-09-30T19:51:31.989+0000] {processor.py:743} INFO - Processing file /home/airflow/.local/lib/python3.7/site-packages/airflow/example_dags/example_skip_dag.py for tasks to queue
[2026-09-30T19:51:31.990+0000] {logging_mixin.py:137} INFO - [2026-09-30T19:51:31.990+0000] {dagbag.py:538} INFO - Filling up the DagBag from /home/airflow/.local/lib/python3.7/site-packages/airflow/example_dags/example_skip_dag.py
[2026-09-30T19:51:32.019+0000] {processor.py:753} INFO - DAG(s) dict_keys(['example_skip_dag']) retrieved from /home/airflow/.local/lib/python3.7/site-packages/airflow/example_dags/example_skip_dag.py
[2026-09-30T19:51:32.085+0000] {logging_mixin.py:137} INFO - [2026-09-30T19:51:32.085+0000] {dag.py:2676} INFO - Sync 1 DAGs
[2026-09-30T19:51:32.115+0000] {logging_mixin.py:137} INFO - [2026-09-30T19:51:32.115+0000] {dag.py:3427} INFO - Setting next_dagrun for example_skip_dag to 2026-09-29T19:51:32.114780+00:00, run_after=2026-09-30T19:51:32.114780+00:00
[2026-09-30T19:51:32.134+0000] {processor.py:175} INFO - Processing /home/airflow/.local/lib/python3.7/site-packages/airflow/example_dags/example_skip_dag.py took 0.152 seconds
[2026-09-30T19:52:02.194+0000] {processor.py:153} INFO - Started process (PID=7032) to work on /home/airflow/.local/lib/python3.7/site-packages/airflow/example_dags/example_skip_dag.py
[2026-09-30T19:52:02.195+0000] {processor.py:743} INFO - Processing file /home/airflow/.local/lib/python3.7/site-packages/airflow/example_dags/example_skip_dag.py for tasks to queue
[2026-09-30T19:52:02.197+0000] {logging_mixin.py:137} INFO - [2026-09-30T19:52:02.196+0000] {dagbag.py:538} INFO - Filling up the DagBag from /home/airflow/.local/lib/python3.7/site-packages/airflow/example_dags/example_skip_dag.py
[2026-09-30T19:52:02.226+0000] {processor.py:753} INFO - DAG(s) dict_keys(['example_skip_dag']) retrieved from /home/airflow/.local/lib/python3.7/site-packages/airflow/example_dags/example_skip_dag.py
[2026-09-30T19:52:02.275+0000] {logging_mixin.py:137} INFO - [2026-09-30T19:52:02.274+0000] {dag.py:2676} INFO - Sync 1 DAGs
[2026-09-30T19:52:02.314+0000] {logging_mixin.py:137} INFO - [2026-09-30T19:52:02.314+0000] {dag.py:3427} INFO - Setting next_dagrun for example_skip_dag to 2026-09-29T19:52:02.313958+00:00, run_after=2026-09-30T19:52:02.313958+00:00
[2026-09-30T19:52:02.343+0000] {processor.py:175} INFO - Processing /home/airflow/.local/lib/python3.7/site-packages/airflow/example_dags/example_skip_dag.py took 0.156 seconds
[2026-09-30T19:52:32.810+0000] {processor.py:153} INFO - Started process (PID=7131) to work on /home/airflow/.local/lib/python3.7/site-packages/airflow/example_dags/example_skip_dag.py
[2026-09-30T19:52:32.812+0000] {processor.py:743} INFO - Processing file /home/airflow/.local/lib/python3.7/site-packages/airflow/example_dags/example_skip_dag.py for tasks to queue
[2026-09-30T19:52:32.813+0000] {logging_mixin.py:137} INFO - [2026-09-30T19:52:32.812+0000] {dagbag.py:538} INFO - Filling up the DagBag from /home/airflow/.local/lib/python3.7/site-packages/airflow/example_dags/example_skip_dag.py
[2026-09-30T19:52:32.842+0000] {processor.py:753} INFO - DAG(s) dict_keys(['example_skip_dag']) retrieved from /home/airflow/.local/lib/python3.7/site-packages/airflow/example_dags/example_skip_dag.py
[2026-09-30T19:52:32.906+0000] {logging_mixin.py:137} INFO - [2026-09-30T19:52:32.906+0000] {dag.py:2676} INFO - Sync 1 DAGs
[2026-09-30T19:52:32.955+0000] {logging_mixin.py:137} INFO - [2026-09-30T19:52:32.955+0000] {dag.py:3427} INFO - Setting next_dagrun for example_skip_dag to 2026-09-29T19:52:32.954986+00:00, run_after=2026-09-30T19:52:32.954986+00:00
[2026-09-30T19:52:32.989+0000] {processor.py:175} INFO - Processing /home/airflow/.local/lib/python3.7/site-packages/airflow/example_dags/example_skip_dag.py took 0.185 seconds
[2026-09-30T19:53:03.163+0000] {processor.py:153} INFO - Started process (PID=7210) to work on /home/airflow/.local/lib/python3.7/site-packages/airflow/example_dags/example_skip_dag.py
[2026-09-30T19:53:03.164+0000] {processor.py:743} INFO - Processing file /home/airflow/.local/lib/python3.7/site-packages/airflow/example_dags/example_skip_dag.py for tasks to queue
[2026-09-30T19:53:03.164+0000] {logging_mixin.py:137} INFO - [2026-09-30T19:53:03.164+0000] {dagbag.py:538} INFO - Filling up the DagBag from /home/airflow/.local/lib/python3.7/site-packages/airflow/example_dags/example_skip_dag.py
[2026-09-30T19:53:03.184+0000] {processor.py:753} INFO - DAG(s) dict_keys(['example_skip_dag']) retrieved from /home/airflow/.local/lib/python3.7/site-packages/airflow/example_dags/example_skip_dag.py
[2026-09-30T19:53:03.243+0000] {logging_mixin.py:137} INFO - [2026-09-30T19:53:03.243+0000] {dag.py:2676} INFO - Sync 1 DAGs
[2026-09-30T19:53:03.277+0000] {logging_mixin.py:137} INFO - [2026-09-30T19:53:03.277+0000] {dag.py:3427} INFO - Setting next_dagrun for example_skip_dag to 2026-09-29T19:53:03.276832+00:00, run_after=2026-09-30T19:53:03.276832+00:00
[2026-09-30T19:53:03.297+0000] {processor.py:175} INFO - Processing /home/airflow/.local/lib/python3.7/site-packages/airflow/example_dags/example_skip_dag.py took 0.138 seconds
[2026-09-30T19:53:34.067+0000] {processor.py:153} INFO - Started process (PID=7289) to work on /home/airflow/.local/lib/python3.7/site-packages/airflow/example_dags/example_skip_dag.py
[2026-09-30T19:53:34.069+0000] {processor.py:743} INFO - Processing file /home/airflow/.local/lib/python3.7/site-packages/airflow/example_dags/example_skip_dag.py for tasks to queue
[2026-09-30T19:53:34.070+0000] {logging_mixin.py:137} INFO - [2026-09-30T19:53:34.069+0000] {dagbag.py:538} INFO - Filling up the DagBag from /home/airflow/.local/lib/python3.7/site-packages/airflow/example_dags/example_skip_dag.py
[2026-09-30T19:53:34.088+0000] {processor.py:753} INFO - DAG(s) dict_keys(['example_skip_dag']) retrieved from /home/airflow/.local/lib/python3.7/site-packages/airflow/example_dags/example_skip_dag.py
[2026-09-30T19:53:34.141+0000] {logging_mixin.py:137} INFO - [2026-09-30T19:53:34.141+0000] {dag.py:2676} INFO - Sync 1 DAGs
[2026-09-30T19:53:34.172+0000] {logging_mixin.py:137} INFO - [2026-09-30T19:53:34.172+0000] {dag.py:3427} INFO - Setting next_dagrun for example_skip_dag to 2026-09-29T19:53:34.172503+00:00, run_after=2026-09-30T19:53:34.172503+00:00
[2026-09-30T19:53:34.194+0000] {processor.py:175} INFO - Processing /home/airflow/.local/lib/python3.7/site-packages/airflow/example_dags/example_skip_dag.py took 0.132 seconds
[2026-09-30T19:54:04.645+0000] {processor.py:153} INFO - Started process (PID=7368) to work on /home/airflow/.local/lib/python3.7/site-packages/airflow/example_dags/example_skip_dag.py
[2026-09-30T19:54:04.646+0000] {processor.py:743} INFO - Processing file /home/airflow/.local/lib/python3.7/site-packages/airflow/example_dags/example_skip_dag.py for tasks to queue
[2026-09-30T19:54:04.647+0000] {logging_mixin.py:137} INFO - [2026-09-30T19:54:04.647+0000] {dagbag.py:538} INFO - Filling up the DagBag from /home/airflow/.local/lib/python3.7/site-packages/airflow/example_dags/example_skip_dag.py
[2026-09-30T19:54:04.667+0000] {processor.py:753} INFO - DAG(s) dict_keys(['example_skip_dag']) retrieved from /home/airflow/.local/lib/python3.7/site-packages/airflow/example_dags/example_skip_dag.py
[2026-09-30T19:54:04.713+0000] {logging_mixin.py:137} INFO - [2026-09-30T19:54:04.713+0000] {dag.py:2676} INFO - Sync 1 DAGs
[2026-09-30T19:54:04.745+0000] {logging_mixin.py:137} INFO - [2026-09-30T19:54:04.745+0000] {dag.py:3427} INFO - Setting next_dagrun for example_skip_dag to 2026-09-29T19:54:04.744885+00:00, run_after=2026-09-30T19:54:04.744885+00:00
[2026-09-30T19:54:04.765+0000] {processor.py:175} INFO - Processing /home/airflow/.local/lib/python3.7/site-packages/airflow/example_dags/example_skip_dag.py took 0.124 seconds
[2026-09-30T19:54:35.119+0000] {processor.py:153} INFO - Started process (PID=7469) to work on /home/airflow/.local/lib/python3.7/site-packages/airflow/example_dags/example_skip_dag.py
[2026-09-30T19:54:35.120+0000] {processor.py:743} INFO - Processing file /home/airflow/.local/lib/python3.7/site-packages/airflow/example_dags/example_skip_dag.py for tasks to queue
[2026-09-30T19:54:35.121+0000] {logging_mixin.py:137} INFO - [2026-09-30T19:54:35.121+0000] {dagbag.py:538} INFO - Filling up the DagBag from /home/airflow/.local/lib/python3.7/site-packages/airflow/example_dags/example_skip_dag.py
[2026-09-30T19:54:35.150+0000] {processor.py:753} INFO - DAG(s) dict_keys(['example_skip_dag']) retrieved from /home/airflow/.local/lib/python3.7/site-packages/airflow/example_dags/example_skip_dag.py
[2026-09-30T19:54:35.224+0000] {logging_mixin.py:137} INFO - [2026-09-30T19:54:35.223+0000] {dag.py:2676} INFO - Sync 1 DAGs
[2026-09-30T19:54:35.275+0000] {logging_mixin.py:137} INFO - [2026-09-30T19:54:35.275+0000] {dag.py:3427} INFO - Setting next_dagrun for example_skip_dag to 2026-09-29T19:54:35.275049+00:00, run_after=2026-09-30T19:54:35.275049+00:00
[2026-09-30T19:54:35.304+0000] {processor.py:175} INFO - Processing /home/airflow/.local/lib/python3.7/site-packages/airflow/example_dags/example_skip_dag.py took 0.192 seconds
[2026-09-30T19:55:05.738+0000] {processor.py:153} INFO - Started process (PID=7548) to work on /home/airflow/.local/lib/python3.7/site-packages/airflow/example_dags/example_skip_dag.py
[2026-09-30T19:55:05.740+0000] {processor.py:743} INFO - Processing file /home/airflow/.local/lib/python3.7/site-packages/airflow/example_dags/example_skip_dag.py for tasks to queue
[2026-09-30T19:55:05.740+0000] {logging_mixin.py:137} INFO - [2026-09-30T19:55:05.740+0000] {dagbag.py:538} INFO - Filling up the DagBag from /home/airflow/.local/lib/python3.7/site-packages/airflow/example_dags/example_skip_dag.py
[2026-09-30T19:55:05.758+0000] {processor.py:753} INFO - DAG(s) dict_keys(['example_skip_dag']) retrieved from /home/airflow/.local/lib/python3.7/site-packages/airflow/example_dags/example_skip_dag.py
[2026-09-30T19:55:05.812+0000] {logging_mixin.py:137} INFO - [2026-09-30T19:55:05.812+0000] {dag.py:2676} INFO - Sync 1 DAGs
[2026-09-30T19:55:05.853+0000] {logging_mixin.py:137} INFO - [2026-09-30T19:55:05.853+0000] {dag.py:3427} INFO - Setting next_dagrun for example_skip_dag to 2026-09-29T19:55:05.852797+00:00, run_after=2026-09-30T19:55:05.852797+00:00
[2026-09-30T19:55:05.883+0000] {processor.py:175} INFO - Processing /home/airflow/.local/lib/python3.7/site-packages/airflow/example_dags/example_skip_dag.py took 0.149 seconds
[2026-09-30T19:55:36.046+0000] {processor.py:153} INFO - Started process (PID=7627) to work on /home/airflow/.local/lib/python3.7/site-packages/airflow/example_dags/example_skip_dag.py
[2026-09-30T19:55:36.047+0000] {processor.py:743} INFO - Processing file /home/airflow/.local/lib/python3.7/site-packages/airflow/example_dags/example_skip_dag.py for tasks to queue
[2026-09-30T19:55:36.049+0000] {logging_mixin.py:137} INFO - [2026-09-30T19:55:36.049+0000] {dagbag.py:538} INFO - Filling up the DagBag from /home/airflow/.local/lib/python3.7/site-packages/airflow/example_dags/example_skip_dag.py
[2026-09-30T19:55:36.077+0000] {processor.py:753} INFO - DAG(s) dict_keys(['example_skip_dag']) retrieved from /home/airflow/.local/lib/python3.7/site-packages/airflow/example_dags/example_skip_dag.py
[2026-09-30T19:55:36.136+0000] {logging_mixin.py:137} INFO - [2026-09-30T19:55:36.136+0000] {dag.py:2676} INFO - Sync 1 DAGs
[2026-09-30T19:55:36.167+0000] {logging_mixin.py:137} INFO - [2026-09-30T19:55:36.166+0000] {dag.py:3427} INFO - Setting next_dagrun for example_skip_dag to 2026-09-29T19:55:36.166533+00:00, run_after=2026-09-30T19:55:36.166533+00:00
[2026-09-30T19:55:36.193+0000] {processor.py:175} INFO - Processing /home/airflow/.local/lib/python3.7/site-packages/airflow/example_dags/example_skip_dag.py took 0.154 seconds
[2026-09-30T19:56:06.582+0000] {processor.py:153} INFO - Started process (PID=7706) to work on /home/airflow/.local/lib/python3.7/site-packages/airflow/example_dags/example_skip_dag.py
[2026-09-30T19:56:06.583+0000] {processor.py:743} INFO - Processing file /home/airflow/.local/lib/python3.7/site-packages/airflow/example_dags/example_skip_dag.py for tasks to queue
[2026-09-30T19:56:06.583+0000] {logging_mixin.py:137} INFO - [2026-09-30T19:56:06.583+0000] {dagbag.py:538} INFO - Filling up the DagBag from /home/airflow/.local/lib/python3.7/site-packages/airflow/example_dags/example_skip_dag.py
[2026-09-30T19:56:06.603+0000] {processor.py:753} INFO - DAG(s) dict_keys(['example_skip_dag']) retrieved from /home/airflow/.local/lib/python3.7/site-packages/airflow/example_dags/example_skip_dag.py
[2026-09-30T19:56:06.648+0000] {logging_mixin.py:137} INFO - [2026-09-30T19:56:06.648+0000] {dag.py:2676} INFO - Sync 1 DAGs
[2026-09-30T19:56:06.685+0000] {logging_mixin.py:137} INFO - [2026-09-30T19:56:06.684+0000] {dag.py:3427} INFO - Setting next_dagrun for example_skip_dag to 2026-09-29T19:56:06.684698+00:00, run_after=2026-09-30T19:56:06.684698+00:00
[2026-09-30T19:56:06.714+0000] {processor.py:175} INFO - Processing /home/airflow/.local/lib/python3.7/site-packages/airflow/example_dags/example_skip_dag.py took 0.136 seconds
[2026-09-30T19:56:36.874+0000] {processor.py:153} INFO - Started process (PID=7805) to work on /home/airflow/.local/lib/python3.7/site-packages/airflow/example_dags/example_skip_dag.py
[2026-09-30T19:56:36.875+0000] {processor.py:743} INFO - Processing file /home/airflow/.local/lib/python3.7/site-packages/airflow/example_dags/example_skip_dag.py for tasks to queue
[2026-09-30T19:56:36.876+0000] {logging_mixin.py:137} INFO - [2026-09-30T19:56:36.875+0000] {dagbag.py:538} INFO - Filling up the DagBag from /home/airflow/.local/lib/python3.7/site-packages/airflow/example_dags/example_skip_dag.py
[2026-09-30T19:56:36.894+0000] {processor.py:753} INFO - DAG(s) dict_keys(['example_skip_dag']) retrieved from /home/airflow/.local/lib/python3.7/site-packages/airflow/example_dags/example_skip_dag.py
[2026-09-30T19:56:36.941+0000] {logging_mixin.py:137} INFO - [2026-09-30T19:56:36.941+0000] {dag.py:2676} INFO - Sync 1 DAGs
[2026-09-30T19:56:36.976+0000] {logging_mixin.py:137} INFO - [2026-09-30T19:56:36.975+0000] {dag.py:3427} INFO - Setting next_dagrun for example_skip_dag to 2026-09-29T19:56:36.975609+00:00, run_after=2026-09-30T19:56:36.975609+00:00
[2026-09-30T19:56:36.996+0000] {processor.py:175} INFO - Processing /home/airflow/.local/lib/python3.7/site-packages/airflow/example_dags/example_skip_dag.py took 0.125 seconds
[2026-09-30T19:57:07.275+0000] {processor.py:153} INFO - Started process (PID=7884) to work on /home/airflow/.local/lib/python3.7/site-packages/airflow/example_dags/example_skip_dag.py
[2026-09-30T19:57:07.276+0000] {processor.py:743} INFO - Processing file /home/airflow/.local/lib/python3.7/site-packages/airflow/example_dags/example_skip_dag.py for tasks to queue
[2026-09-30T19:57:07.277+0000] {logging_mixin.py:137} INFO - [2026-09-30T19:57:07.276+0000] {dagbag.py:538} INFO - Filling up the DagBag from /home/airflow/.local/lib/python3.7/site-packages/airflow/example_dags/example_skip_dag.py
[2026-09-30T19:57:07.295+0000] {processor.py:753} INFO - DAG(s) dict_keys(['example_skip_dag']) retrieved from /home/airflow/.local/lib/python3.7/site-packages/airflow/example_dags/example_skip_dag.py
[2026-09-30T19:57:07.345+0000] {logging_mixin.py:137} INFO - [2026-09-30T19:57:07.344+0000] {dag.py:2676} INFO - Sync 1 DAGs
[2026-09-30T19:57:07.380+0000] {logging_mixin.py:137} INFO - [2026-09-30T19:57:07.380+0000] {dag.py:3427} INFO - Setting next_dagrun for example_skip_dag to 2026-09-29T19:57:07.380112+00:00, run_after=2026-09-30T19:57:07.380112+00:00
[2026-09-30T19:57:07.405+0000] {processor.py:175} INFO - Processing /home/airflow/.local/lib/python3.7/site-packages/airflow/example_dags/example_skip_dag.py took 0.134 seconds
[2026-09-30T19:57:37.699+0000] {processor.py:153} INFO - Started process (PID=7963) to work on /home/airflow/.local/lib/python3.7/site-packages/airflow/example_dags/example_skip_dag.py
[2026-09-30T19:57:37.701+0000] {processor.py:743} INFO - Processing file /home/airflow/.local/lib/python3.7/site-packages/airflow/example_dags/example_skip_dag.py for tasks to queue
[2026-09-30T19:57:37.701+0000] {logging_mixin.py:137} INFO - [2026-09-30T19:57:37.701+0000] {dagbag.py:538} INFO - Filling up the DagBag from /home/airflow/.local/lib/python3.7/site-packages/airflow/example_dags/example_skip_dag.py
[2026-09-30T19:57:37.721+0000] {processor.py:753} INFO - DAG(s) dict_keys(['example_skip_dag']) retrieved from /home/airflow/.local/lib/python3.7/site-packages/airflow/example_dags/example_skip_dag.py
[2026-09-30T19:57:37.768+0000] {logging_mixin.py:137} INFO - [2026-09-30T19:57:37.768+0000] {dag.py:2676} INFO - Sync 1 DAGs
[2026-09-30T19:57:37.805+0000] {logging_mixin.py:137} INFO - [2026-09-30T19:57:37.805+0000] {dag.py:3427} INFO - Setting next_dagrun for example_skip_dag to 2026-09-29T19:57:37.804984+00:00, run_after=2026-09-30T19:57:37.804984+00:00
[2026-09-30T19:57:37.829+0000] {processor.py:175} INFO - Processing /home/airflow/.local/lib/python3.7/site-packages/airflow/example_dags/example_skip_dag.py took 0.135 seconds
[2026-09-30T19:58:07.935+0000] {processor.py:153} INFO - Started process (PID=8042) to work on /home/airflow/.local/lib/python3.7/site-packages/airflow/example_dags/example_skip_dag.py
[2026-09-30T19:58:07.935+0000] {processor.py:743} INFO - Processing file /home/airflow/.local/lib/python3.7/site-packages/airflow/example_dags/example_skip_dag.py for tasks to queue
[2026-09-30T19:58:07.936+0000] {logging_mixin.py:137} INFO - [2026-09-30T19:58:07.936+0000] {dagbag.py:538} INFO - Filling up the DagBag from /home/airflow/.local/lib/python3.7/site-packages/airflow/example_dags/example_skip_dag.py
[2026-09-30T19:58:07.955+0000] {processor.py:753} INFO - DAG(s) dict_keys(['example_skip_dag']) retrieved from /home/airflow/.local/lib/python3.7/site-packages/airflow/example_dags/example_skip_dag.py
[2026-09-30T19:58:08.006+0000] {logging_mixin.py:137} INFO - [2026-09-30T19:58:08.006+0000] {dag.py:2676} INFO - Sync 1 DAGs
[2026-09-30T19:58:08.046+0000] {logging_mixin.py:137} INFO - [2026-09-30T19:58:08.045+0000] {dag.py:3427} INFO - Setting next_dagrun for example_skip_dag to 2026-09-29T19:58:08.045303+00:00, run_after=2026-09-30T19:58:08.045303+00:00
[2026-09-30T19:58:08.076+0000] {processor.py:175} INFO - Processing /home/airflow/.local/lib/python3.7/site-packages/airflow/example_dags/example_skip_dag.py took 0.145 seconds
[2026-09-30T19:58:38.212+0000] {processor.py:153} INFO - Started process (PID=8120) to work on /home/airflow/.local/lib/python3.7/site-packages/airflow/example_dags/example_skip_dag.py
[2026-09-30T19:58:38.213+0000] {processor.py:743} INFO - Processing file /home/airflow/.local/lib/python3.7/site-packages/airflow/example_dags/example_skip_dag.py for tasks to queue
[2026-09-30T19:58:38.214+0000] {logging_mixin.py:137} INFO - [2026-09-30T19:58:38.213+0000] {dagbag.py:538} INFO - Filling up the DagBag from /home/airflow/.local/lib/python3.7/site-packages/airflow/example_dags/example_skip_dag.py
[2026-09-30T19:58:38.232+0000] {processor.py:753} INFO - DAG(s) dict_keys(['example_skip_dag']) retrieved from /home/airflow/.local/lib/python3.7/site-packages/airflow/example_dags/example_skip_dag.py
[2026-09-30T19:58:38.280+0000] {logging_mixin.py:137} INFO - [2026-09-30T19:58:38.280+0000] {dag.py:2676} INFO - Sync 1 DAGs
[2026-09-30T19:58:38.313+0000] {logging_mixin.py:137} INFO - [2026-09-30T19:58:38.313+0000] {dag.py:3427} INFO - Setting next_dagrun for example_skip_dag to 2026-09-29T19:58:38.313402+00:00, run_after=2026-09-30T19:58:38.313402+00:00
[2026-09-30T19:58:38.335+0000] {processor.py:175} INFO - Processing /home/airflow/.local/lib/python3.7/site-packages/airflow/example_dags/example_skip_dag.py took 0.127 seconds
[2026-09-30T19:59:08.405+0000] {processor.py:153} INFO - Started process (PID=8208) to work on /home/airflow/.local/lib/python3.7/site-packages/airflow/example_dags/example_skip_dag.py
[2026-09-30T19:59:08.406+0000] {processor.py:743} INFO - Processing file /home/airflow/.local/lib/python3.7/site-packages/airflow/example_dags/example_skip_dag.py for tasks to queue
[2026-09-30T19:59:08.406+0000] {logging_mixin.py:137} INFO - [2026-09-30T19:59:08.406+0000] {dagbag.py:538} INFO - Filling up the DagBag from /home/airflow/.local/lib/python3.7/site-packages/airflow/example_dags/example_skip_dag.py
[2026-09-30T19:59:08.424+0000] {processor.py:753} INFO - DAG(s) dict_keys(['example_skip_dag']) retrieved from /home/airflow/.local/lib/python3.7/site-packages/airflow/example_dags/example_skip_dag.py
[2026-09-30T19:59:08.477+0000] {logging_mixin.py:137} INFO - [2026-09-30T19:59:08.477+0000] {dag.py:2676} INFO - Sync 1 DAGs
[2026-09-30T19:59:08.524+0000] {logging_mixin.py:137} INFO - [2026-09-30T19:59:08.524+0000] {dag.py:3427} INFO - Setting next_dagrun for example_skip_dag to 2026-09-29T19:59:08.523692+00:00, run_after=2026-09-30T19:59:08.523692+00:00
[2026-09-30T19:59:08.557+0000] {processor.py:175} INFO - Processing /home/airflow/.local/lib/python3.7/site-packages/airflow/example_dags/example_skip_dag.py took 0.156 seconds
[2026-09-30T19:59:38.867+0000] {processor.py:153} INFO - Started process (PID=8298) to work on /home/airflow/.local/lib/python3.7/site-packages/airflow/example_dags/example_skip_dag.py
[2026-09-30T19:59:38.869+0000] {processor.py:743} INFO - Processing file /home/airflow/.local/lib/python3.7/site-packages/airflow/example_dags/example_skip_dag.py for tasks to queue
[2026-09-30T19:59:38.870+0000] {logging_mixin.py:137} INFO - [2026-09-30T19:59:38.870+0000] {dagbag.py:538} INFO - Filling up the DagBag from /home/airflow/.local/lib/python3.7/site-packages/airflow/example_dags/example_skip_dag.py
[2026-09-30T19:59:38.899+0000] {processor.py:753} INFO - DAG(s) dict_keys(['example_skip_dag']) retrieved from /home/airflow/.local/lib/python3.7/site-packages/airflow/example_dags/example_skip_dag.py
[2026-09-30T19:59:38.961+0000] {logging_mixin.py:137} INFO - [2026-09-30T19:59:38.961+0000] {dag.py:2676} INFO - Sync 1 DAGs
[2026-09-30T19:59:38.992+0000] {logging_mixin.py:137} INFO - [2026-09-30T19:59:38.991+0000] {dag.py:3427} INFO - Setting next_dagrun for example_skip_dag to 2026-09-29T19:59:38.991601+00:00, run_after=2026-09-30T19:59:38.991601+00:00
[2026-09-30T19:59:39.013+0000] {processor.py:175} INFO - Processing /home/airflow/.local/lib/python3.7/site-packages/airflow/example_dags/example_skip_dag.py took 0.151 seconds
[2026-09-30T20:00:09.067+0000] {processor.py:153} INFO - Started process (PID=8377) to work on /home/airflow/.local/lib/python3.7/site-packages/airflow/example_dags/example_skip_dag.py
[2026-09-30T20:00:09.068+0000] {processor.py:743} INFO - Processing file /home/airflow/.local/lib/python3.7/site-packages/airflow/example_dags/example_skip_dag.py for tasks to queue
[2026-09-30T20:00:09.068+0000] {logging_mixin.py:137} INFO - [2026-09-30T20:00:09.068+0000] {dagbag.py:538} INFO - Filling up the DagBag from /home/airflow/.local/lib/python3.7/site-packages/airflow/example_dags/example_skip_dag.py
[2026-09-30T20:00:09.083+0000] {processor.py:753} INFO - DAG(s) dict_keys(['example_skip_dag']) retrieved from /home/airflow/.local/lib/python3.7/site-packages/airflow/example_dags/example_skip_dag.py
[2026-09-30T20:00:09.117+0000] {logging_mixin.py:137} INFO - [2026-09-30T20:00:09.117+0000] {dag.py:2676} INFO - Sync 1 DAGs
[2026-09-30T20:00:09.140+0000] {logging_mixin.py:137} INFO - [2026-09-30T20:00:09.140+0000] {dag.py:3427} INFO - Setting next_dagrun for example_skip_dag to 2026-09-29T20:00:09.140627+00:00, run_after=2026-09-30T20:00:09.140627+00:00
[2026-09-30T20:00:09.158+0000] {processor.py:175} INFO - Processing /home/airflow/.local/lib/python3.7/site-packages/airflow/example_dags/example_skip_dag.py took 0.095 seconds
[2026-09-30T20:00:39.770+0000] {processor.py:153} INFO - Started process (PID=8456) to work on /home/airflow/.local/lib/python3.7/site-packages/airflow/example_dags/example_skip_dag.py
[2026-09-30T20:00:39.772+0000] {processor.py:743} INFO - Processing file /home/airflow/.local/lib/python3.7/site-packages/airflow/example_dags/example_skip_dag.py for tasks to queue
[2026-09-30T20:00:39.772+0000] {logging_mixin.py:137} INFO - [2026-09-30T20:00:39.772+0000] {dagbag.py:538} INFO - Filling up the DagBag from /home/airflow/.local/lib/python3.7/site-packages/airflow/example_dags/example_skip_dag.py
[2026-09-30T20:00:39.789+0000] {processor.py:753} INFO - DAG(s) dict_keys(['example_skip_dag']) retrieved from /home/airflow/.local/lib/python3.7/site-packages/airflow/example_dags/example_skip_dag.py
[2026-09-30T20:00:39.837+0000] {logging_mixin.py:137} INFO - [2026-09-30T20:00:39.837+0000] {dag.py:2676} INFO - Sync 1 DAGs
[2026-09-30T20:00:39.878+0000] {logging_mixin.py:137} INFO - [2026-09-30T20:00:39.878+0000] {dag.py:3427} INFO - Setting next_dagrun for example_skip_dag to 2026-09-29T20:00:39.877953+00:00, run_after=2026-09-30T20:00:39.877953+00:00
[2026-09-30T20:00:39.908+0000] {processor.py:175} INFO - Processing /home/airflow/.local/lib/python3.7/site-packages/airflow/example_dags/example_skip_dag.py took 0.145 seconds
[2026-09-30T20:01:10.174+0000] {processor.py:153} INFO - Started process (PID=8535) to work on /home/airflow/.local/lib/python3.7/site-packages/airflow/example_dags/example_skip_dag.py
[2026-09-30T20:01:10.175+0000] {processor.py:743} INFO - Processing file /home/airflow/.local/lib/python3.7/site-packages/airflow/example_dags/example_skip_dag.py for tasks to queue
[2026-09-30T20:01:10.176+0000] {logging_mixin.py:137} INFO - [2026-09-30T20:01:10.176+0000] {dagbag.py:538} INFO - Filling up the DagBag from /home/airflow/.local/lib/python3.7/site-packages/airflow/example_dags/example_skip_dag.py
[2026-09-30T20:01:10.200+0000] {processor.py:753} INFO - DAG(s) dict_keys(['example_skip_dag']) retrieved from /home/airflow/.local/lib/python3.7/site-packages/airflow/example_dags/example_skip_dag.py
[2026-09-30T20:01:10.260+0000] {logging_mixin.py:137} INFO - [2026-09-30T20:01:10.260+0000] {dag.py:2676} INFO - Sync 1 DAGs
[2026-09-30T20:01:10.292+0000] {logging_mixin.py:137} INFO - [2026-09-30T20:01:10.292+0000] {dag.py:3427} INFO - Setting next_dagrun for example_skip_dag to 2026-09-29T20:01:10.292092+00:00, run_after=2026-09-30T20:01:10.292092+00:00
[2026-09-30T20:01:10.325+0000] {processor.py:175} INFO - Processing /home/airflow/.local/lib/python3.7/site-packages/airflow/example_dags/example_skip_dag.py took 0.157 seconds
[2026-09-30T20:01:40.851+0000] {processor.py:153} INFO - Started process (PID=8634) to work on /home/airflow/.local/lib/python3.7/site-packages/airflow/example_dags/example_skip_dag.py
[2026-09-30T20:01:40.853+0000] {processor.py:743} INFO - Processing file /home/airflow/.local/lib/python3.7/site-packages/airflow/example_dags/example_skip_dag.py for tasks to queue
[2026-09-30T20:01:40.855+0000] {logging_mixin.py:137} INFO - [2026-09-30T20:01:40.854+0000] {dagbag.py:538} INFO - Filling up the DagBag from /home/airflow/.local/lib/python3.7/site-packages/airflow/example_dags/example_skip_dag.py
[2026-09-30T20:01:40.883+0000] {processor.py:753} INFO - DAG(s) dict_keys(['example_skip_dag']) retrieved from /home/airflow/.local/lib/python3.7/site-packages/airflow/example_dags/example_skip_dag.py
[2026-09-30T20:01:40.955+0000] {logging_mixin.py:137} INFO - [2026-09-30T20:01:40.955+0000] {dag.py:2676} INFO - Sync 1 DAGs
[2026-09-30T20:01:41.002+0000] {logging_mixin.py:137} INFO - [2026-09-30T20:01:41.002+0000] {dag.py:3427} INFO - Setting next_dagrun for example_skip_dag to 2026-09-29T20:01:41.001951+00:00, run_after=2026-09-30T20:01:41.001951+00:00
[2026-09-30T20:01:41.035+0000] {processor.py:175} INFO - Processing /home/airflow/.local/lib/python3.7/site-packages/airflow/example_dags/example_skip_dag.py took 0.190 seconds
[2026-09-30T20:02:11.215+0000] {processor.py:153} INFO - Started process (PID=8713) to work on /home/airflow/.local/lib/python3.7/site-packages/airflow/example_dags/example_skip_dag.py
[2026-09-30T20:02:11.216+0000] {processor.py:743} INFO - Processing file /home/airflow/.local/lib/python3.7/site-packages/airflow/example_dags/example_skip_dag.py for tasks to queue
[2026-09-30T20:02:11.217+0000] {logging_mixin.py:137} INFO - [2026-09-30T20:02:11.217+0000] {dagbag.py:538} INFO - Filling up the DagBag from /home/airflow/.local/lib/python3.7/site-packages/airflow/example_dags/example_skip_dag.py
[2026-09-30T20:02:11.239+0000] {processor.py:753} INFO - DAG(s) dict_keys(['example_skip_dag']) retrieved from /home/airflow/.local/lib/python3.7/site-packages/airflow/example_dags/example_skip_dag.py
[2026-09-30T20:02:11.291+0000] {logging_mixin.py:137} INFO - [2026-09-30T20:02:11.291+0000] {dag.py:2676} INFO - Sync 1 DAGs
[2026-09-30T20:02:11.323+0000] {logging_mixin.py:137} INFO - [2026-09-30T20:02:11.323+0000] {dag.py:3427} INFO - Setting next_dagrun for example_skip_dag to 2026-09-29T20:02:11.323232+00:00, run_after=2026-09-30T20:02:11.323232+00:00
[2026-09-30T20:02:11.347+0000] {processor.py:175} INFO - Processing /home/airflow/.local/lib/python3.7/site-packages/airflow/example_dags/example_skip_dag.py took 0.136 seconds
[2026-09-30T20:02:41.423+0000] {processor.py:153} INFO - Started process (PID=8792) to work on /home/airflow/.local/lib/python3.7/site-packages/airflow/example_dags/example_skip_dag.py
[2026-09-30T20:02:41.425+0000] {processor.py:743} INFO - Processing file /home/airflow/.local/lib/python3.7/site-packages/airflow/example_dags/example_skip_dag.py for tasks to queue
[2026-09-30T20:02:41.426+0000] {logging_mixin.py:137} INFO - [2026-09-30T20:02:41.425+0000] {dagbag.py:538} INFO - Filling up the DagBag from /home/airflow/.local/lib/python3.7/site-packages/airflow/example_dags/example_skip_dag.py
[2026-09-30T20:02:41.449+0000] {processor.py:753} INFO - DAG(s) dict_keys(['example_skip_dag']) retrieved from /home/airflow/.local/lib/python3.7/site-packages/airflow/example_dags/example_skip_dag.py
[2026-09-30T20:02:41.495+0000] {logging_mixin.py:137} INFO - [2026-09-30T20:02:41.495+0000] {dag.py:2676} INFO - Sync 1 DAGs
[2026-09-30T20:02:41.533+0000] {logging_mixin.py:137} INFO - [2026-09-30T20:02:41.532+0000] {dag.py:3427} INFO - Setting next_dagrun for example_skip_dag to 2026-09-29T20:02:41.532608+00:00, run_after=2026-09-30T20:02:41.532608+00:00
[2026-09-30T20:02:41.565+0000] {processor.py:175} INFO - Processing /home/airflow/.local/lib/python3.7/site-packages/airflow/example_dags/example_skip_dag.py took 0.145 seconds
[2026-09-30T20:03:11.923+0000] {processor.py:153} INFO - Started process (PID=8871) to work on /home/airflow/.local/lib/python3.7/site-packages/airflow/example_dags/example_skip_dag.py
[2026-09-30T20:03:11.924+0000] {processor.py:743} INFO - Processing file /home/airflow/.local/lib/python3.7/site-packages/airflow/example_dags/example_skip_dag.py for tasks to queue
[2026-09-30T20:03:11.925+0000] {logging_mixin.py:137} INFO - [2026-09-30T20:03:11.925+0000] {dagbag.py:538} INFO - Filling up the DagBag from /home/airflow/.local/lib/python3.7/site-packages/airflow/example_dags/example_skip_dag.py
[2026-09-30T20:03:11.943+0000] {processor.py:753} INFO - DAG(s) dict_keys(['example_skip_dag']) retrieved from /home/airflow/.local/lib/python3.7/site-packages/airflow/example_dags/example_skip_dag.py
[2026-09-30T20:03:12.002+0000] {logging_mixin.py:137} INFO - [2026-09-30T20:03:12.002+0000] {dag.py:2676} INFO - Sync 1 DAGs
[2026-09-30T20:03:12.035+0000] {logging_mixin.py:137} INFO - [2026-09-30T20:03:12.034+0000] {dag.py:3427} INFO - Setting next_dagrun for example_skip_dag to 2026-09-29T20:03:12.034582+00:00, run_after=2026-09-30T20:03:12.034582+00:00
[2026-09-30T20:03:12.061+0000] {processor.py:175} INFO - Processing /home/airflow/.local/lib/python3.7/site-packages/airflow/example_dags/example_skip_dag.py took 0.142 seconds
[2026-09-30T20:03:42.496+0000] {processor.py:153} INFO - Started process (PID=8950) to work on /home/airflow/.local/lib/python3.7/site-packages/airflow/example_dags/example_skip_dag.py
[2026-09-30T20:03:42.497+0000] {processor.py:743} INFO - Processing file /home/airflow/.local/lib/python3.7/site-packages/airflow/example_dags/example_skip_dag.py for tasks to queue
[2026-09-30T20:03:42.498+0000] {logging_mixin.py:137} INFO - [2026-09-30T20:03:42.498+0000] {dagbag.py:538} INFO - Filling up the DagBag from /home/airflow/.local/lib/python3.7/site-packages/airflow/example_dags/example_skip_dag.py
[2026-09-30T20:03:42.518+0000] {processor.py:753} INFO - DAG(s) dict_keys(['example_skip_dag']) retrieved from /home/airflow/.local/lib/python3.7/site-packages/airflow/example_dags/example_skip_dag.py
[2026-09-30T20:03:42.565+0000] {logging_mixin.py:137} INFO - [2026-09-30T20:03:42.565+0000] {dag.py:2676} INFO - Sync 1 DAGs
[2026-09-30T20:03:42.602+0000] {logging_mixin.py:137} INFO - [2026-09-30T20:03:42.602+0000] {dag.py:3427} INFO - Setting next_dagrun for example_skip_dag to 2026-09-29T20:03:42.601734+00:00, run_after=2026-09-30T20:03:42.601734+00:00
[2026-09-30T20:03:42.631+0000] {processor.py:175} INFO - Processing /home/airflow/.local/lib/python3.7/site-packages/airflow/example_dags/example_skip_dag.py took 0.141 seconds
[2026-09-30T20:04:12.865+0000] {processor.py:153} INFO - Started process (PID=9049) to work on /home/airflow/.local/lib/python3.7/site-packages/airflow/example_dags/example_skip_dag.py
[2026-09-30T20:04:12.866+0000] {processor.py:743} INFO - Processing file /home/airflow/.local/lib/python3.7/site-packages/airflow/example_dags/example_skip_dag.py for tasks to queue
[2026-09-30T20:04:12.867+0000] {logging_mixin.py:137} INFO - [2026-09-30T20:04:12.867+0000] {dagbag.py:538} INFO - Filling up the DagBag from /home/airflow/.local/lib/python3.7/site-packages/airflow/example_dags/example_skip_dag.py
[2026-09-30T20:04:12.886+0000] {processor.py:753} INFO - DAG(s) dict_keys(['example_skip_dag']) retrieved from /home/airflow/.local/lib/python3.7/site-packages/airflow/example_dags/example_skip_dag.py
[2026-09-30T20:04:12.939+0000] {logging_mixin.py:137} INFO - [2026-09-30T20:04:12.939+0000] {dag.py:2676} INFO - Sync 1 DAGs
[2026-09-30T20:04:12.976+0000] {logging_mixin.py:137} INFO - [2026-09-30T20:04:12.976+0000] {dag.py:3427} INFO - Setting next_dagrun for example_skip_dag to 2026-09-29T20:04:12.975756+00:00, run_after=2026-09-30T20:04:12.975756+00:00
[2026-09-30T20:04:12.998+0000] {processor.py:175} INFO - Processing /home/airflow/.local/lib/python3.7/site-packages/airflow/example_dags/example_skip_dag.py took 0.139 seconds
[2026-09-30T20:04:43.195+0000] {processor.py:153} INFO - Started process (PID=9128) to work on /home/airflow/.local/lib/python3.7/site-packages/airflow/example_dags/example_skip_dag.py
[2026-09-30T20:04:43.197+0000] {processor.py:743} INFO - Processing file /home/airflow/.local/lib/python3.7/site-packages/airflow/example_dags/example_skip_dag.py for tasks to queue
[2026-09-30T20:04:43.198+0000] {logging_mixin.py:137} INFO - [2026-09-30T20:04:43.198+0000] {dagbag.py:538} INFO - Filling up the DagBag from /home/airflow/.local/lib/python3.7/site-packages/airflow/example_dags/example_skip_dag.py
[2026-09-30T20:04:43.230+0000] {processor.py:753} INFO - DAG(s) dict_keys(['example_skip_dag']) retrieved from /home/airflow/.local/lib/python3.7/site-packages/airflow/example_dags/example_skip_dag.py
[2026-09-30T20:04:43.299+0000] {logging_mixin.py:137} INFO - [2026-09-30T20:04:43.299+0000] {dag.py:2676} INFO - Sync 1 DAGs
[2026-09-30T20:04:43.346+0000] {logging_mixin.py:137} INFO - [2026-09-30T20:04:43.345+0000] {dag.py:3427} INFO - Setting next_dagrun for example_skip_dag to 2026-09-29T20:04:43.345510+00:00, run_after=2026-09-30T20:04:43.345510+00:00
[2026-09-30T20:04:43.379+0000] {processor.py:175} INFO - Processing /home/airflow/.local/lib/python3.7/site-packages/airflow/example_dags/example_skip_dag.py took 0.190 seconds
[2026-09-30T20:05:13.969+0000] {processor.py:153} INFO - Started process (PID=9207) to work on /home/airflow/.local/lib/python3.7/site-packages/airflow/example_dags/example_skip_dag.py
[2026-09-30T20:05:13.970+0000] {processor.py:743} INFO - Processing file /home/airflow/.local/lib/python3.7/site-packages/airflow/example_dags/example_skip_dag.py for tasks to queue
[2026-09-30T20:05:13.971+0000] {logging_mixin.py:137} INFO - [2026-09-30T20:05:13.970+0000] {dagbag.py:538} INFO - Filling up the DagBag from /home/airflow/.local/lib/python3.7/site-packages/airflow/example_dags/example_skip_dag.py
[2026-09-30T20:05:13.989+0000] {processor.py:753} INFO - DAG(s) dict_keys(['example_skip_dag']) retrieved from /home/airflow/.local/lib/python3.7/site-packages/airflow/example_dags/example_skip_dag.py
[2026-09-30T20:05:14.039+0000] {logging_mixin.py:137} INFO - [2026-09-30T20:05:14.038+0000] {dag.py:2676} INFO - Sync 1 DAGs
[2026-09-30T20:05:14.076+0000] {logging_mixin.py:137} INFO - [2026-09-30T20:05:14.076+0000] {dag.py:3427} INFO - Setting next_dagrun for example_skip_dag to 2026-09-29T20:05:14.076432+00:00, run_after=2026-09-30T20:05:14.076432+00:00
[2026-09-30T20:05:14.096+0000] {processor.py:175} INFO - Processing /home/airflow/.local/lib/python3.7/site-packages/airflow/example_dags/example_skip_dag.py took 0.131 seconds
[2026-09-30T20:05:44.723+0000] {processor.py:153} INFO - Started process (PID=9286) to work on /home/airflow/.local/lib/python3.7/site-packages/airflow/example_dags/example_skip_dag.py
[2026-09-30T20:05:44.724+0000] {processor.py:743} INFO - Processing file /home/airflow/.local/lib/python3.7/site-packages/airflow/example_dags/example_skip_dag.py for tasks to queue
[2026-09-30T20:05:44.725+0000] {logging_mixin.py:137} INFO - [2026-09-30T20:05:44.725+0000] {dagbag.py:538} INFO - Filling up the DagBag from /home/airflow/.local/lib/python3.7/site-packages/airflow/example_dags/example_skip_dag.py
[2026-09-30T20:05:44.742+0000] {processor.py:753} INFO - DAG(s) dict_keys(['example_skip_dag']) retrieved from /home/airflow/.local/lib/python3.7/site-packages/airflow/example_dags/example_skip_dag.py
[2026-09-30T20:05:44.793+0000] {logging_mixin.py:137} INFO - [2026-09-30T20:05:44.793+0000] {dag.py:2676} INFO - Sync 1 DAGs
[2026-09-30T20:05:44.828+0000] {logging_mixin.py:137} INFO - [2026-09-30T20:05:44.828+0000] {dag.py:3427} INFO - Setting next_dagrun for example_skip_dag to 2026-09-29T20:05:44.828024+00:00, run_after=2026-09-30T20:05:44.828024+00:00
[2026-09-30T20:05:44.861+0000] {processor.py:175} INFO - Processing /home/airflow/.local/lib/python3.7/site-packages/airflow/example_dags/example_skip_dag.py took 0.142 seconds
[2026-09-30T20:06:15.617+0000] {processor.py:153} INFO - Started process (PID=9385) to work on /home/airflow/.local/lib/python3.7/site-packages/airflow/example_dags/example_skip_dag.py
[2026-09-30T20:06:15.618+0000] {processor.py:743} INFO - Processing file /home/airflow/.local/lib/python3.7/site-packages/airflow/example_dags/example_skip_dag.py for tasks to queue
[2026-09-30T20:06:15.619+0000] {logging_mixin.py:137} INFO - [2026-09-30T20:06:15.619+0000] {dagbag.py:538} INFO - Filling up the DagBag from /home/airflow/.local/lib/python3.7/site-packages/airflow/example_dags/example_skip_dag.py
[2026-09-30T20:06:15.636+0000] {processor.py:753} INFO - DAG(s) dict_keys(['example_skip_dag']) retrieved from /home/airflow/.local/lib/python3.7/site-packages/airflow/example_dags/example_skip_dag.py
[2026-09-30T20:06:15.685+0000] {logging_mixin.py:137} INFO - [2026-09-30T20:06:15.685+0000] {dag.py:2676} INFO - Sync 1 DAGs
[2026-09-30T20:06:15.730+0000] {logging_mixin.py:137} INFO - [2026-09-30T20:06:15.729+0000] {dag.py:3427} INFO - Setting next_dagrun for example_skip_dag to 2026-09-29T20:06:15.729394+00:00, run_after=2026-09-30T20:06:15.729394+00:00
[2026-09-30T20:06:15.760+0000] {processor.py:175} INFO - Processing /home/airflow/.local/lib/python3.7/site-packages/airflow/example_dags/example_skip_dag.py took 0.147 seconds
[2026-09-30T20:06:46.452+0000] {processor.py:153} INFO - Started process (PID=9464) to work on /home/airflow/.local/lib/python3.7/site-packages/airflow/example_dags/example_skip_dag.py
[2026-09-30T20:06:46.453+0000] {processor.py:743} INFO - Processing file /home/airflow/.local/lib/python3.7/site-packages/airflow/example_dags/example_skip_dag.py for tasks to queue
[2026-09-30T20:06:46.454+0000] {logging_mixin.py:137} INFO - [2026-09-30T20:06:46.453+0000] {dagbag.py:538} INFO - Filling up the DagBag from /home/airflow/.local/lib/python3.7/site-packages/airflow/example_dags/example_skip_dag.py
[2026-09-30T20:06:46.472+0000] {processor.py:753} INFO - DAG(s) dict_keys(['example_skip_dag']) retrieved from /home/airflow/.local/lib/python3.7/site-packages/airflow/example_dags/example_skip_dag.py
[2026-09-30T20:06:46.519+0000] {logging_mixin.py:137} INFO - [2026-09-30T20:06:46.519+0000] {dag.py:2676} INFO - Sync 1 DAGs
[2026-09-30T20:06:46.550+0000] {logging_mixin.py:137} INFO - [2026-09-30T20:06:46.550+0000] {dag.py:3427} INFO - Setting next_dagrun for example_skip_dag to 2026-09-29T20:06:46.549854+00:00, run_after=2026-09-30T20:06:46.549854+00:00
[2026-09-30T20:06:46.571+0000] {processor.py:175} INFO - Processing /home/airflow/.local/lib/python3.7/site-packages/airflow/example_dags/example_skip_dag.py took 0.123 seconds
[2026-09-30T20:07:16.888+0000] {processor.py:153} INFO - Started process (PID=9543) to work on /home/airflow/.local/lib/python3.7/site-packages/airflow/example_dags/example_skip_dag.py
[2026-09-30T20:07:16.890+0000] {processor.py:743} INFO - Processing file /home/airflow/.local/lib/python3.7/site-packages/airflow/example_dags/example_skip_dag.py for tasks to queue
[2026-09-30T20:07:16.890+0000] {logging_mixin.py:137} INFO - [2026-09-30T20:07:16.890+0000] {dagbag.py:538} INFO - Filling up the DagBag from /home/airflow/.local/lib/python3.7/site-packages/airflow/example_dags/example_skip_dag.py
[2026-09-30T20:07:16.909+0000] {processor.py:753} INFO - DAG(s) dict_keys(['example_skip_dag']) retrieved from /home/airflow/.local/lib/python3.7/site-packages/airflow/example_dags/example_skip_dag.py
[2026-09-30T20:07:16.962+0000] {logging_mixin.py:137} INFO - [2026-09-30T20:07:16.962+0000] {dag.py:2676} INFO - Sync 1 DAGs
[2026-09-30T20:07:17.000+0000] {logging_mixin.py:137} INFO - [2026-09-30T20:07:17.000+0000] {dag.py:3427} INFO - Setting next_dagrun for example_skip_dag to 2026-09-29T20:07:17.000133+00:00, run_after=2026-09-30T20:07:17.000133+00:00
[2026-09-30T20:07:17.021+0000] {processor.py:175} INFO - Processing /home/airflow/.local/lib/python3.7/site-packages/airflow/example_dags/example_skip_dag.py took 0.137 seconds
[2026-09-30T20:07:47.375+0000] {processor.py:153} INFO - Started process (PID=9622) to work on /home/airflow/.local/lib/python3.7/site-packages/airflow/example_dags/example_skip_dag.py
[2026-09-30T20:07:47.377+0000] {processor.py:743} INFO - Processing file /home/airflow/.local/lib/python3.7/site-packages/airflow/example_dags/example_skip_dag.py for tasks to queue
[2026-09-30T20:07:47.378+0000] {logging_mixin.py:137} INFO - [2026-09-30T20:07:47.378+0000] {dagbag.py:538} INFO - Filling up the DagBag from /home/airflow/.local/lib/python3.7/site-packages/airflow/example_dags/example_skip_dag.py
[2026-09-30T20:07:47.407+0000] {processor.py:753} INFO - DAG(s) dict_keys(['example_skip_dag']) retrieved from /home/airflow/.local/lib/python3.7/site-packages/airflow/example_dags/example_skip_dag.py
[2026-09-30T20:07:47.468+0000] {logging_mixin.py:137} INFO - [2026-09-30T20:07:47.468+0000] {dag.py:2676} INFO - Sync 1 DAGs
[2026-09-30T20:07:47.503+0000] {logging_mixin.py:137} INFO - [2026-09-30T20:07:47.503+0000] {dag.py:3427} INFO - Setting next_dagrun for example_skip_dag to 2026-09-29T20:07:47.502741+00:00, run_after=2026-09-30T20:07:47.502741+00:00
[2026-09-30T20:07:47.524+0000] {processor.py:175} INFO - Processing /home/airflow/.local/lib/python3.7/site-packages/airflow/example_dags/example_skip_dag.py took 0.154 seconds
[2026-09-30T20:08:17.706+0000] {processor.py:153} INFO - Started process (PID=9701) to work on /home/airflow/.local/lib/python3.7/site-packages/airflow/example_dags/example_skip_dag.py
[2026-09-30T20:08:17.708+0000] {processor.py:743} INFO - Processing file /home/airflow/.local/lib/python3.7/site-packages/airflow/example_dags/example_skip_dag.py for tasks to queue
[2026-09-30T20:08:17.709+0000] {logging_mixin.py:137} INFO - [2026-09-30T20:08:17.709+0000] {dagbag.py:538} INFO - Filling up the DagBag from /home/airflow/.local/lib/python3.7/site-packages/airflow/example_dags/example_skip_dag.py
[2026-09-30T20:08:17.738+0000] {processor.py:753} INFO - DAG(s) dict_keys(['example_skip_dag']) retrieved from /home/airflow/.local/lib/python3.7/site-packages/airflow/example_dags/example_skip_dag.py
[2026-09-30T20:08:17.813+0000] {logging_mixin.py:137} INFO - [2026-09-30T20:08:17.812+0000] {dag.py:2676} INFO - Sync 1 DAGs
[2026-09-30T20:08:17.860+0000] {logging_mixin.py:137} INFO - [2026-09-30T20:08:17.859+0000] {dag.py:3427} INFO - Setting next_dagrun for example_skip_dag to 2026-09-29T20:08:17.859480+00:00, run_after=2026-09-30T20:08:17.859480+00:00
[2026-09-30T20:08:17.891+0000] {processor.py:175} INFO - Processing /home/airflow/.local/lib/python3.7/site-packages/airflow/example_dags/example_skip_dag.py took 0.190 seconds
[2026-09-30T20:08:47.975+0000] {processor.py:153} INFO - Started process (PID=9800) to work on /home/airflow/.local/lib/python3.7/site-packages/airflow/example_dags/example_skip_dag.py
[2026-09-30T20:08:47.976+0000] {processor.py:743} INFO - Processing file /home/airflow/.local/lib/python3.7/site-packages/airflow/example_dags/example_skip_dag.py for tasks to queue
[2026-09-30T20:08:47.976+0000] {logging_mixin.py:137} INFO - [2026-09-30T20:08:47.976+0000] {dagbag.py:538} INFO - Filling up the DagBag from /home/airflow/.local/lib/python3.7/site-packages/airflow/example_dags/example_skip_dag.py
[2026-09-30T20:08:48.002+0000] {processor.py:753} INFO - DAG(s) dict_keys(['example_skip_dag']) retrieved from /home/airflow/.local/lib/python3.7/site-packages/airflow/example_dags/example_skip_dag.py
[2026-09-30T20:08:48.064+0000] {logging_mixin.py:137} INFO - [2026-09-30T20:08:48.064+0000] {dag.py:2676} INFO - Sync 1 DAGs
[2026-09-30T20:08:48.108+0000] {logging_mixin.py:137} INFO - [2026-09-30T20:08:48.108+0000] {dag.py:3427} INFO - Setting next_dagrun for example_skip_dag to 2026-09-29T20:08:48.108038+00:00, run_after=2026-09-30T20:08:48.108038+00:00
[2026-09-30T20:08:48.143+0000] {processor.py:175} INFO - Processing /home/airflow/.local/lib/python3.7/site-packages/airflow/example_dags/example_skip_dag.py took 0.175 seconds
[2026-09-30T20:09:18.286+0000] {processor.py:153} INFO - Started process (PID=9879) to work on /home/airflow/.local/lib/python3.7/site-packages/airflow/example_dags/example_skip_dag.py
[2026-09-30T20:09:18.287+0000] {processor.py:743} INFO - Processing file /home/airflow/.local/lib/python3.7/site-packages/airflow/example_dags/example_skip_dag.py for tasks to queue
[2026-09-30T20:09:18.287+0000] {logging_mixin.py:137} INFO - [2026-09-30T20:09:18.287+0000] {dagbag.py:538} INFO - Filling up the DagBag from /home/airflow/.local/lib/python3.7/site-packages/airflow/example_dags/example_skip_dag.py
[2026-09-30T20:09:18.307+0000] {processor.py:753} INFO - DAG(s) dict_keys(['example_skip_dag']) retrieved from /home/airflow/.local/lib/python3.7/site-packages/airflow/example_dags/example_skip_dag.py
[2026-09-30T20:09:18.364+0000] {logging_mixin.py:137} INFO - [2026-09-30T20:09:18.363+0000] {dag.py:2676} INFO - Sync 1 DAGs
[2026-09-30T20:09:18.394+0000] {logging_mixin.py:137} INFO - [2026-09-30T20:09:18.394+0000] {dag.py:3427} INFO - Setting next_dagrun for example_skip_dag to 2026-09-29T20:09:18.394406+00:00, run_after=2026-09-30T20:09:18.394406+00:00
[2026-09-30T20:09:18.414+0000] {processor.py:175} INFO - Processing /home/airflow/.local/lib/python3.7/site-packages/airflow/example_dags/example_skip_dag.py took 0.132 seconds
[2026-09-30T20:09:48.537+0000] {processor.py:153} INFO - Started process (PID=9958) to work on /home/airflow/.local/lib/python3.7/site-packages/airflow/example_dags/example_skip_dag.py
[2026-09-30T20:09:48.538+0000] {processor.py:743} INFO - Processing file /home/airflow/.local/lib/python3.7/site-packages/airflow/example_dags/example_skip_dag.py for tasks to queue
[2026-09-30T20:09:48.539+0000] {logging_mixin.py:137} INFO - [2026-09-30T20:09:48.539+0000] {dagbag.py:538} INFO - Filling up the DagBag from /home/airflow/.local/lib/python3.7/site-packages/airflow/example_dags/example_skip_dag.py
[2026-09-30T20:09:48.564+0000] {processor.py:753} INFO - DAG(s) dict_keys(['example_skip_dag']) retrieved from /home/airflow/.local/lib/python3.7/site-packages/airflow/example_dags/example_skip_dag.py
[2026-09-30T20:09:48.628+0000] {logging_mixin.py:137} INFO - [2026-09-30T20:09:48.627+0000] {dag.py:2676} INFO - Sync 1 DAGs
[2026-09-30T20:09:48.662+0000] {logging_mixin.py:137} INFO - [2026-09-30T20:09:48.662+0000] {dag.py:3427} INFO - Setting next_dagrun for example_skip_dag to 2026-09-29T20:09:48.662163+00:00, run_after=2026-09-30T20:09:48.662163+00:00
[2026-09-30T20:09:48.686+0000] {processor.py:175} INFO - Processing /home/airflow/.local/lib/python3.7/site-packages/airflow/example_dags/example_skip_dag.py took 0.153 seconds
[2026-09-30T20:10:19.291+0000] {processor.py:153} INFO - Started process (PID=10037) to work on /home/airflow/.local/lib/python3.7/site-packages/airflow/example_dags/example_skip_dag.py
[2026-09-30T20:10:19.292+0000] {processor.py:743} INFO - Processing file /home/airflow/.local/lib/python3.7/site-packages/airflow/example_dags/example_skip_dag.py for tasks to queue
[2026-09-30T20:10:19.293+0000] {logging_mixin.py:137} INFO - [2026-09-30T20:10:19.293+0000] {dagbag.py:538} INFO - Filling up the DagBag from /home/airflow/.local/lib/python3.7/site-packages/airflow/example_dags/example_skip_dag.py
[2026-09-30T20:10:19.314+0000] {processor.py:753} INFO - DAG(s) dict_keys(['example_skip_dag']) retrieved from /home/airflow/.local/lib/python3.7/site-packages/airflow/example_dags/example_skip_dag.py
[2026-09-30T20:10:19.374+0000] {logging_mixin.py:137} INFO - [2026-09-30T20:10:19.374+0000] {dag.py:2676} INFO - Sync 1 DAGs
[2026-09-30T20:10:19.417+0000] {logging_mixin.py:137} INFO - [2026-09-30T20:10:19.417+0000] {dag.py:3427} INFO - Setting next_dagrun for example_skip_dag to 2026-09-29T20:10:19.417507+00:00, run_after=2026-09-30T20:10:19.417507+00:00
[2026-09-30T20:10:19.449+0000] {processor.py:175} INFO - Processing /home/airflow/.local/lib/python3.7/site-packages/airflow/example_dags/example_skip_dag.py took 0.163 seconds
[2026-09-30T20:10:49.790+0000] {processor.py:153} INFO - Started process (PID=10123) to work on /home/airflow/.local/lib/python3.7/site-packages/airflow/example_dags/example_skip_dag.py
[2026-09-30T20:10:49.791+0000] {processor.py:743} INFO - Processing file /home/airflow/.local/lib/python3.7/site-packages/airflow/example_dags/example_skip_dag.py for tasks to queue
[2026-09-30T20:10:49.792+0000] {logging_mixin.py:137} INFO - [2026-09-30T20:10:49.792+0000] {dagbag.py:538} INFO - Filling up the DagBag from /home/airflow/.local/lib/python3.7/site-packages/airflow/example_dags/example_skip_dag.py
[2026-09-30T20:10:49.810+0000] {processor.py:753} INFO - DAG(s) dict_keys(['example_skip_dag']) retrieved from /home/airflow/.local/lib/python3.7/site-packages/airflow/example_dags/example_skip_dag.py
[2026-09-30T20:10:49.855+0000] {logging_mixin.py:137} INFO - [2026-09-30T20:10:49.855+0000] {dag.py:2676} INFO - Sync 1 DAGs
[2026-09-30T20:10:49.891+0000] {logging_mixin.py:137} INFO - [2026-09-30T20:10:49.891+0000] {dag.py:3427} INFO - Setting next_dagrun for example_skip_dag to 2026-09-29T20:10:49.891426+00:00, run_after=2026-09-30T20:10:49.891426+00:00
[2026-09-30T20:10:49.918+0000] {processor.py:175} INFO - Processing /home/airflow/.local/lib/python3.7/site-packages/airflow/example_dags/example_skip_dag.py took 0.131 seconds
[2026-09-30T20:11:21.063+0000] {processor.py:153} INFO - Started process (PID=10215) to work on /home/airflow/.local/lib/python3.7/site-packages/airflow/example_dags/example_skip_dag.py
[2026-09-30T20:11:21.064+0000] {processor.py:743} INFO - Processing file /home/airflow/.local/lib/python3.7/site-packages/airflow/example_dags/example_skip_dag.py for tasks to queue
[2026-09-30T20:11:21.065+0000] {logging_mixin.py:137} INFO - [2026-09-30T20:11:21.065+0000] {dagbag.py:538} INFO - Filling up the DagBag from /home/airflow/.local/lib/python3.7/site-packages/airflow/example_dags/example_skip_dag.py
[2026-09-30T20:11:21.083+0000] {processor.py:753} INFO - DAG(s) dict_keys(['example_skip_dag']) retrieved from /home/airflow/.local/lib/python3.7/site-packages/airflow/example_dags/example_skip_dag.py
[2026-09-30T20:11:21.146+0000] {logging_mixin.py:137} INFO - [2026-09-30T20:11:21.145+0000] {dag.py:2676} INFO - Sync 1 DAGs
[2026-09-30T20:11:21.212+0000] {logging_mixin.py:137} INFO - [2026-09-30T20:11:21.212+0000] {dag.py:3427} INFO - Setting next_dagrun for example_skip_dag to 2026-09-29T20:11:21.211619+00:00, run_after=2026-09-30T20:11:21.211619+00:00
[2026-09-30T20:11:21.256+0000] {processor.py:175} INFO - Processing /home/airflow/.local/lib/python3.7/site-packages/airflow/example_dags/example_skip_dag.py took 0.197 seconds
[2026-09-30T20:11:51.333+0000] {processor.py:153} INFO - Started process (PID=10294) to work on /home/airflow/.local/lib/python3.7/site-packages/airflow/example_dags/example_skip_dag.py
[2026-09-30T20:11:51.334+0000] {processor.py:743} INFO - Processing file /home/airflow/.local/lib/python3.7/site-packages/airflow/example_dags/example_skip_dag.py for tasks to queue
[2026-09-30T20:11:51.334+0000] {logging_mixin.py:137} INFO - [2026-09-30T20:11:51.334+0000] {dagbag.py:538} INFO - Filling up the DagBag from /home/airflow/.local/lib/python3.7/site-packages/airflow/example_dags/example_skip_dag.py
[2026-09-30T20:11:51.348+0000] {processor.py:753} INFO - DAG(s) dict_keys(['example_skip_dag']) retrieved from /home/airflow/.local/lib/python3.7/site-packages/airflow/example_dags/example_skip_dag.py
[2026-09-30T20:11:51.383+0000] {logging_mixin.py:137} INFO - [2026-09-30T20:11:51.383+0000] {dag.py:2676} INFO - Sync 1 DAGs
[2026-09-30T20:11:51.405+0000] {logging_mixin.py:137} INFO - [2026-09-30T20:11:51.405+0000] {dag.py:3427} INFO - Setting next_dagrun for example_skip_dag to 2026-09-29T20:11:51.405573+00:00, run_after=2026-09-30T20:11:51.405573+00:00
[2026-09-30T20:11:51.421+0000] {processor.py:175} INFO - Processing /home/airflow/.local/lib/python3.7/site-packages/airflow/example_dags/example_skip_dag.py took 0.091 seconds
[2026-09-30T20:12:21.908+0000] {processor.py:153} INFO - Started process (PID=10373) to work on /home/airflow/.local/lib/python3.7/site-packages/airflow/example_dags/example_skip_dag.py
[2026-09-30T20:12:21.910+0000] {processor.py:743} INFO - Processing file /home/airflow/.local/lib/python3.7/site-packages/airflow/example_dags/example_skip_dag.py for tasks to queue
[2026-09-30T20:12:21.911+0000] {logging_mixin.py:137} INFO - [2026-09-30T20:12:21.911+0000] {dagbag.py:538} INFO - Filling up the DagBag from /home/airflow/.local/lib/python3.7/site-packages/airflow/example_dags/example_skip_dag.py
[2026-09-30T20:12:21.931+0000] {processor.py:753} INFO - DAG(s) dict_keys(['example_skip_dag']) retrieved from /home/airflow/.local/lib/python3.7/site-packages/airflow/example_dags/example_skip_dag.py
[2026-09-30T20:12:21.978+0000] {logging_mixin.py:137} INFO - [2026-09-30T20:12:21.978+0000] {dag.py:2676} INFO - Sync 1 DAGs
[2026-09-30T20:12:22.008+0000] {logging_mixin.py:137} INFO - [2026-09-30T20:12:22.008+0000] {dag.py:3427} INFO - Setting next_dagrun for example_skip_dag to 2026-09-29T20:12:22.007870+00:00, run_after=2026-09-30T20:12:22.007870+00:00
[2026-09-30T20:12:22.030+0000] {processor.py:175} INFO - Processing /home/airflow/.local/lib/python3.7/site-packages/airflow/example_dags/example_skip_dag.py took 0.126 seconds
[2026-09-30T20:12:52.737+0000] {processor.py:153} INFO - Started process (PID=10452) to work on /home/airflow/.local/lib/python3.7/site-packages/airflow/example_dags/example_skip_dag.py
[2026-09-30T20:12:52.738+0000] {processor.py:743} INFO - Processing file /home/airflow/.local/lib/python3.7/site-packages/airflow/example_dags/example_skip_dag.py for tasks to queue
[2026-09-30T20:12:52.739+0000] {logging_mixin.py:137} INFO - [2026-09-30T20:12:52.739+0000] {dagbag.py:538} INFO - Filling up the DagBag from /home/airflow/.local/lib/python3.7/site-packages/airflow/example_dags/example_skip_dag.py
[2026-09-30T20:12:52.760+0000] {processor.py:753} INFO - DAG(s) dict_keys(['example_skip_dag']) retrieved from /home/airflow/.local/lib/python3.7/site-packages/airflow/example_dags/example_skip_dag.py
[2026-09-30T20:12:52.806+0000] {logging_mixin.py:137} INFO - [2026-09-30T20:12:52.806+0000] {dag.py:2676} INFO - Sync 1 DAGs
[2026-09-30T20:12:52.845+0000] {logging_mixin.py:137} INFO - [2026-09-30T20:12:52.845+0000] {dag.py:3427} INFO - Setting next_dagrun for example_skip_dag to 2026-09-29T20:12:52.844820+00:00, run_after=2026-09-30T20:12:52.844820+00:00
[2026-09-30T20:12:52.866+0000] {processor.py:175} INFO - Processing /home/airflow/.local/lib/python3.7/site-packages/airflow/example_dags/example_skip_dag.py took 0.132 seconds
[2026-09-30T20:13:23.385+0000] {processor.py:153} INFO - Started process (PID=10551) to work on /home/airflow/.local/lib/python3.7/site-packages/airflow/example_dags/example_skip_dag.py
[2026-09-30T20:13:23.386+0000] {processor.py:743} INFO - Processing file /home/airflow/.local/lib/python3.7/site-packages/airflow/example_dags/example_skip_dag.py for tasks to queue
[2026-09-30T20:13:23.387+0000] {logging_mixin.py:137} INFO - [2026-09-30T20:13:23.387+0000] {dagbag.py:538} INFO - Filling up the DagBag from /home/airflow/.local/lib/python3.7/site-packages/airflow/example_dags/example_skip_dag.py
[2026-09-30T20:13:23.407+0000] {processor.py:753} INFO - DAG(s) dict_keys(['example_skip_dag']) retrieved from /home/airflow/.local/lib/python3.7/site-packages/airflow/example_dags/example_skip_dag.py
[2026-09-30T20:13:23.456+0000] {logging_mixin.py:137} INFO - [2026-09-30T20:13:23.456+0000] {dag.py:2676} INFO - Sync 1 DAGs
[2026-09-30T20:13:23.491+0000] {logging_mixin.py:137} INFO - [2026-09-30T20:13:23.491+0000] {dag.py:3427} INFO - Setting next_dagrun for example_skip_dag to 2026-09-29T20:13:23.490921+00:00, run_after=2026-09-30T20:13:23.490921+00:00
[2026-09-30T20:13:23.518+0000] {processor.py:175} INFO - Processing /home/airflow/.local/lib/python3.7/site-packages/airflow/example_dags/example_skip_dag.py took 0.137 seconds
[2026-09-30T20:13:53.957+0000] {processor.py:153} INFO - Started process (PID=10630) to work on /home/airflow/.local/lib/python3.7/site-packages/airflow/example_dags/example_skip_dag.py
[2026-09-30T20:13:53.959+0000] {processor.py:743} INFO - Processing file /home/airflow/.local/lib/python3.7/site-packages/airflow/example_dags/example_skip_dag.py for tasks to queue
[2026-09-30T20:13:53.960+0000] {logging_mixin.py:137} INFO - [2026-09-30T20:13:53.959+0000] {dagbag.py:538} INFO - Filling up the DagBag from /home/airflow/.local/lib/python3.7/site-packages/airflow/example_dags/example_skip_dag.py
[2026-09-30T20:13:53.988+0000] {processor.py:753} INFO - DAG(s) dict_keys(['example_skip_dag']) retrieved from /home/airflow/.local/lib/python3.7/site-packages/airflow/example_dags/example_skip_dag.py
[2026-09-30T20:13:54.051+0000] {logging_mixin.py:137} INFO - [2026-09-30T20:13:54.051+0000] {dag.py:2676} INFO - Sync 1 DAGs
[2026-09-30T20:13:54.086+0000] {logging_mixin.py:137} INFO - [2026-09-30T20:13:54.086+0000] {dag.py:3427} INFO - Setting next_dagrun for example_skip_dag to 2026-09-29T20:13:54.086363+00:00, run_after=2026-09-30T20:13:54.086363+00:00
[2026-09-30T20:13:54.108+0000] {processor.py:175} INFO - Processing /home/airflow/.local/lib/python3.7/site-packages/airflow/example_dags/example_skip_dag.py took 0.158 seconds
[2026-09-30T20:14:24.328+0000] {processor.py:153} INFO - Started process (PID=10709) to work on /home/airflow/.local/lib/python3.7/site-packages/airflow/example_dags/example_skip_dag.py
[2026-09-30T20:14:24.330+0000] {processor.py:743} INFO - Processing file /home/airflow/.local/lib/python3.7/site-packages/airflow/example_dags/example_skip_dag.py for tasks to queue
[2026-09-30T20:14:24.331+0000] {logging_mixin.py:137} INFO - [2026-09-30T20:14:24.331+0000] {dagbag.py:538} INFO - Filling up the DagBag from /home/airflow/.local/lib/python3.7/site-packages/airflow/example_dags/example_skip_dag.py
[2026-09-30T20:14:24.351+0000] {processor.py:753} INFO - DAG(s) dict_keys(['example_skip_dag']) retrieved from /home/airflow/.local/lib/python3.7/site-packages/airflow/example_dags/example_skip_dag.py
[2026-09-30T20:14:24.416+0000] {logging_mixin.py:137} INFO - [2026-09-30T20:14:24.416+0000] {dag.py:2676} INFO - Sync 1 DAGs
[2026-09-30T20:14:24.465+0000] {logging_mixin.py:137} INFO - [2026-09-30T20:14:24.465+0000] {dag.py:3427} INFO - Setting next_dagrun for example_skip_dag to 2026-09-29T20:14:24.465025+00:00, run_after=2026-09-30T20:14:24.465025+00:00
[2026-09-30T20:14:24.491+0000] {processor.py:175} INFO - Processing /home/airflow/.local/lib/python3.7/site-packages/airflow/example_dags/example_skip_dag.py took 0.169 seconds
[2026-09-30T20:14:54.581+0000] {processor.py:153} INFO - Started process (PID=10788) to work on /home/airflow/.local/lib/python3.7/site-packages/airflow/example_dags/example_skip_dag.py
[2026-09-30T20:14:54.582+0000] {processor.py:743} INFO - Processing file /home/airflow/.local/lib/python3.7/site-packages/airflow/example_dags/example_skip_dag.py for tasks to queue
[2026-09-30T20:14:54.583+0000] {logging_mixin.py:137} INFO - [2026-09-30T20:14:54.583+0000] {dagbag.py:538} INFO - Filling up the DagBag from /home/airflow/.local/lib/python3.7/site-packages/airflow/example_dags/example_skip_dag.py
[2026-09-30T20:14:54.619+0000] {processor.py:753} INFO - DAG(s) dict_keys(['example_skip_dag']) retrieved from /home/airflow/.local/lib/python3.7/site-packages/airflow/example_dags/example_skip_dag.py
[2026-09-30T20:14:54.674+0000] {logging_mixin.py:137} INFO - [2026-09-30T20:14:54.674+0000] {dag.py:2676} INFO - Sync 1 DAGs
[2026-09-30T20:14:54.720+0000] {logging_mixin.py:137} INFO - [2026-09-30T20:14:54.720+0000] {dag.py:3427} INFO - Setting next_dagrun for example_skip_dag to 2026-09-29T20:14:54.720201+00:00, run_after=2026-09-30T20:14:54.720201+00:00
[2026-09-30T20:14:54.747+0000] {processor.py:175} INFO - Processing /home/airflow/.local/lib/python3.7/site-packages/airflow/example_dags/example_skip_dag.py took 0.173 seconds
[2026-09-30T20:15:25.098+0000] {processor.py:153} INFO - Started process (PID=10887) to work on /home/airflow/.local/lib/python3.7/site-packages/airflow/example_dags/example_skip_dag.py
[2026-09-30T20:15:25.099+0000] {processor.py:743} INFO - Processing file /home/airflow/.local/lib/python3.7/site-packages/airflow/example_dags/example_skip_dag.py for tasks to queue
[2026-09-30T20:15:25.100+0000] {logging_mixin.py:137} INFO - [2026-09-30T20:15:25.100+0000] {dagbag.py:538} INFO - Filling up the DagBag from /home/airflow/.local/lib/python3.7/site-packages/airflow/example_dags/example_skip_dag.py
[2026-09-30T20:15:25.116+0000] {processor.py:753} INFO - DAG(s) dict_keys(['example_skip_dag']) retrieved from /home/airflow/.local/lib/python3.7/site-packages/airflow/example_dags/example_skip_dag.py
[2026-09-30T20:15:25.156+0000] {logging_mixin.py:137} INFO - [2026-09-30T20:15:25.156+0000] {dag.py:2676} INFO - Sync 1 DAGs
[2026-09-30T20:15:25.182+0000] {logging_mixin.py:137} INFO - [2026-09-30T20:15:25.181+0000] {dag.py:3427} INFO - Setting next_dagrun for example_skip_dag to 2026-09-29T20:15:25.181715+00:00, run_after=2026-09-30T20:15:25.181715+00:00
[2026-09-30T20:15:25.201+0000] {processor.py:175} INFO - Processing /home/airflow/.local/lib/python3.7/site-packages/airflow/example_dags/example_skip_dag.py took 0.107 seconds
[2026-09-30T20:15:55.385+0000] {processor.py:153} INFO - Started process (PID=10966) to work on /home/airflow/.local/lib/python3.7/site-packages/airflow/example_dags/example_skip_dag.py
[2026-09-30T20:15:55.385+0000] {processor.py:743} INFO - Processing file /home/airflow/.local/lib/python3.7/site-packages/airflow/example_dags/example_skip_dag.py for tasks to queue
[2026-09-30T20:15:55.386+0000] {logging_mixin.py:137} INFO - [2026-09-30T20:15:55.386+0000] {dagbag.py:538} INFO - Filling up the DagBag from /home/airflow/.local/lib/python3.7/site-packages/airflow/example_dags/example_skip_dag.py
[2026-09-30T20:15:55.401+0000] {processor.py:753} INFO - DAG(s) dict_keys(['example_skip_dag']) retrieved from /home/airflow/.local/lib/python3.7/site-packages/airflow/example_dags/example_skip_dag.py
[2026-09-30T20:15:55.439+0000] {logging_mixin.py:137} INFO - [2026-09-30T20:15:55.439+0000] {dag.py:2676} INFO - Sync 1 DAGs
[2026-09-30T20:15:55.464+0000] {logging_mixin.py:137} INFO - [2026-09-30T20:15:55.464+0000] {dag.py:3427} INFO - Setting next_dagrun for example_skip_dag to 2026-09-29T20:15:55.464403+00:00, run_after=2026-09-30T20:15:55.464403+00:00
[2026-09-30T20:15:55.480+0000] {processor.py:175} INFO - Processing /home/airflow/.local/lib/python3.7/site-packages/airflow/example_dags/example_skip_dag.py took 0.099 seconds
[2026-09-30T20:16:26.013+0000] {processor.py:153} INFO - Started process (PID=11045) to work on /home/airflow/.local/lib/python3.7/site-packages/airflow/example_dags/example_skip_dag.py
[2026-09-30T20:16:26.014+0000] {processor.py:743} INFO - Processing file /home/airflow/.local/lib/python3.7/site-packages/airflow/example_dags/example_skip_dag.py for tasks to queue
[2026-09-30T20:16:26.015+0000] {logging_mixin.py:137} INFO - [2026-09-30T20:16:26.015+0000] {dagbag.py:538} INFO - Filling up the DagBag from /home/airflow/.local/lib/python3.7/site-packages/airflow/example_dags/example_skip_dag.py
[2026-09-30T20:16:26.034+0000] {processor.py:753} INFO - DAG(s) dict_keys(['example_skip_dag']) retrieved from /home/airflow/.local/lib/python3.7/site-packages/airflow/example_dags/example_skip_dag.py
[2026-09-30T20:16:26.106+0000] {logging_mixin.py:137} INFO - [2026-09-30T20:16:26.106+0000] {dag.py:2676} INFO - Sync 1 DAGs
[2026-09-30T20:16:26.156+0000] {logging_mixin.py:137} INFO - [2026-09-30T20:16:26.156+0000] {dag.py:3427} INFO - Setting next_dagrun for example_skip_dag to 2026-09-29T20:16:26.156101+00:00, run_after=2026-09-30T20:16:26.156101+00:00
[2026-09-30T20:16:26.178+0000] {processor.py:175} INFO - Processing /home/airflow/.local/lib/python3.7/site-packages/airflow/example_dags/example_skip_dag.py took 0.174 seconds
[2026-09-30T20:16:57.213+0000] {processor.py:153} INFO - Started process (PID=11131) to work on /home/airflow/.local/lib/python3.7/site-packages/airflow/example_dags/example_skip_dag.py
[2026-09-30T20:16:57.214+0000] {processor.py:743} INFO - Processing file /home/airflow/.local/lib/python3.7/site-packages/airflow/example_dags/example_skip_dag.py for tasks to queue
[2026-09-30T20:16:57.215+0000] {logging_mixin.py:137} INFO - [2026-09-30T20:16:57.215+0000] {dagbag.py:538} INFO - Filling up the DagBag from /home/airflow/.local/lib/python3.7/site-packages/airflow/example_dags/example_skip_dag.py
[2026-09-30T20:16:57.235+0000] {processor.py:753} INFO - DAG(s) dict_keys(['example_skip_dag']) retrieved from /home/airflow/.local/lib/python3.7/site-packages/airflow/example_dags/example_skip_dag.py
[2026-09-30T20:16:57.288+0000] {logging_mixin.py:137} INFO - [2026-09-30T20:16:57.287+0000] {dag.py:2676} INFO - Sync 1 DAGs
[2026-09-30T20:16:57.342+0000] {logging_mixin.py:137} INFO - [2026-09-30T20:16:57.341+0000] {dag.py:3427} INFO - Setting next_dagrun for example_skip_dag to 2026-09-29T20:16:57.341112+00:00, run_after=2026-09-30T20:16:57.341112+00:00
[2026-09-30T20:16:57.366+0000] {processor.py:175} INFO - Processing /home/airflow/.local/lib/python3.7/site-packages/airflow/example_dags/example_skip_dag.py took 0.156 seconds
[2026-09-30T20:17:27.702+0000] {processor.py:153} INFO - Started process (PID=11224) to work on /home/airflow/.local/lib/python3.7/site-packages/airflow/example_dags/example_skip_dag.py
[2026-09-30T20:17:27.703+0000] {processor.py:743} INFO - Processing file /home/airflow/.local/lib/python3.7/site-packages/airflow/example_dags/example_skip_dag.py for tasks to queue
[2026-09-30T20:17:27.704+0000] {logging_mixin.py:137} INFO - [2026-09-30T20:17:27.704+0000] {dagbag.py:538} INFO - Filling up the DagBag from /home/airflow/.local/lib/python3.7/site-packages/airflow/example_dags/example_skip_dag.py
[2026-09-30T20:17:27.723+0000] {processor.py:753} INFO - DAG(s) dict_keys(['example_skip_dag']) retrieved from /home/airflow/.local/lib/python3.7/site-packages/airflow/example_dags/example_skip_dag.py
[2026-09-30T20:17:27.772+0000] {logging_mixin.py:137} INFO - [2026-09-30T20:17:27.771+0000] {dag.py:2676} INFO - Sync 1 DAGs
[2026-09-30T20:17:27.804+0000] {logging_mixin.py:137} INFO - [2026-09-30T20:17:27.803+0000] {dag.py:3427} INFO - Setting next_dagrun for example_skip_dag to 2026-09-29T20:17:27.803635+00:00, run_after=2026-09-30T20:17:27.803635+00:00
[2026-09-30T20:17:27.824+0000] {processor.py:175} INFO - Processing /home/airflow/.local/lib/python3.7/site-packages/airflow/example_dags/example_skip_dag.py took 0.126 seconds
[2026-09-30T20:17:58.388+0000] {processor.py:153} INFO - Started process (PID=11303) to work on /home/airflow/.local/lib/python3.7/site-packages/airflow/example_dags/example_skip_dag.py
[2026-09-30T20:17:58.389+0000] {processor.py:743} INFO - Processing file /home/airflow/.local/lib/python3.7/site-packages/airflow/example_dags/example_skip_dag.py for tasks to queue
[2026-09-30T20:17:58.390+0000] {logging_mixin.py:137} INFO - [2026-09-30T20:17:58.390+0000] {dagbag.py:538} INFO - Filling up the DagBag from /home/airflow/.local/lib/python3.7/site-packages/airflow/example_dags/example_skip_dag.py
[2026-09-30T20:17:58.410+0000] {processor.py:753} INFO - DAG(s) dict_keys(['example_skip_dag']) retrieved from /home/airflow/.local/lib/python3.7/site-packages/airflow/example_dags/example_skip_dag.py
[2026-09-30T20:17:58.460+0000] {logging_mixin.py:137} INFO - [2026-09-30T20:17:58.460+0000] {dag.py:2676} INFO - Sync 1 DAGs
[2026-09-30T20:17:58.491+0000] {logging_mixin.py:137} INFO - [2026-09-30T20:17:58.491+0000] {dag.py:3427} INFO - Setting next_dagrun for example_skip_dag to 2026-09-29T20:17:58.490783+00:00, run_after=2026-09-30T20:17:58.490783+00:00
[2026-09-30T20:17:58.512+0000] {processor.py:175} INFO - Processing /home/airflow/.local/lib/python3.7/site-packages/airflow/example_dags/example_skip_dag.py took 0.128 seconds
[2026-09-30T20:18:28.687+0000] {processor.py:153} INFO - Started process (PID=11382) to work on /home/airflow/.local/lib/python3.7/site-packages/airflow/example_dags/example_skip_dag.py
[2026-09-30T20:18:28.688+0000] {processor.py:743} INFO - Processing file /home/airflow/.local/lib/python3.7/site-packages/airflow/example_dags/example_skip_dag.py for tasks to queue
[2026-09-30T20:18:28.689+0000] {logging_mixin.py:137} INFO - [2026-09-30T20:18:28.689+0000] {dagbag.py:538} INFO - Filling up the DagBag from /home/airflow/.local/lib/python3.7/site-packages/airflow/example_dags/example_skip_dag.py
[2026-09-30T20:18:28.717+0000] {processor.py:753} INFO - DAG(s) dict_keys(['example_skip_dag']) retrieved from /home/airflow/.local/lib/python3.7/site-packages/airflow/example_dags/example_skip_dag.py
[2026-09-30T20:18:28.775+0000] {logging_mixin.py:137} INFO - [2026-09-30T20:18:28.775+0000] {dag.py:2676} INFO - Sync 1 DAGs
[2026-09-30T20:18:28.829+0000] {logging_mixin.py:137} INFO - [2026-09-30T20:18:28.828+0000] {dag.py:3427} INFO - Setting next_dagrun for example_skip_dag to 2026-09-29T20:18:28.828516+00:00, run_after=2026-09-30T20:18:28.828516+00:00
[2026-09-30T20:18:28.854+0000] {processor.py:175} INFO - Processing /home/airflow/.local/lib/python3.7/site-packages/airflow/example_dags/example_skip_dag.py took 0.172 seconds
[2026-09-30T20:18:59.342+0000] {processor.py:153} INFO - Started process (PID=11470) to work on /home/airflow/.local/lib/python3.7/site-packages/airflow/example_dags/example_skip_dag.py
[2026-09-30T20:18:59.344+0000] {processor.py:743} INFO - Processing file /home/airflow/.local/lib/python3.7/site-packages/airflow/example_dags/example_skip_dag.py for tasks to queue
[2026-09-30T20:18:59.345+0000] {logging_mixin.py:137} INFO - [2026-09-30T20:18:59.345+0000] {dagbag.py:538} INFO - Filling up the DagBag from /home/airflow/.local/lib/python3.7/site-packages/airflow/example_dags/example_skip_dag.py
[2026-09-30T20:18:59.370+0000] {processor.py:753} INFO - DAG(s) dict_keys(['example_skip_dag']) retrieved from /home/airflow/.local/lib/python3.7/site-packages/airflow/example_dags/example_skip_dag.py
[2026-09-30T20:18:59.417+0000] {logging_mixin.py:137} INFO - [2026-09-30T20:18:59.417+0000] {dag.py:2676} INFO - Sync 1 DAGs
[2026-09-30T20:18:59.449+0000] {logging_mixin.py:137} INFO - [2026-09-30T20:18:59.448+0000] {dag.py:3427} INFO - Setting next_dagrun for example_skip_dag to 2026-09-29T20:18:59.448652+00:00, run_after=2026-09-30T20:18:59.448652+00:00
[2026-09-30T20:18:59.471+0000] {processor.py:175} INFO - Processing /home/airflow/.local/lib/python3.7/site-packages/airflow/example_dags/example_skip_dag.py took 0.135 seconds
[2026-09-30T20:19:30.008+0000] {processor.py:153} INFO - Started process (PID=11560) to work on /home/airflow/.local/lib/python3.7/site-packages/airflow/example_dags/example_skip_dag.py
[2026-09-30T20:19:30.009+0000] {processor.py:743} INFO - Processing file /home/airflow/.local/lib/python3.7/site-packages/airflow/example_dags/example_skip_dag.py for tasks to queue
[2026-09-30T20:19:30.010+0000] {logging_mixin.py:137} INFO - [2026-09-30T20:19:30.010+0000] {dagbag.py:538} INFO - Filling up the DagBag from /home/airflow/.local/lib/python3.7/site-packages/airflow/example_dags/example_skip_dag.py
[2026-09-30T20:19:30.030+0000] {processor.py:753} INFO - DAG(s) dict_keys(['example_skip_dag']) retrieved from /home/airflow/.local/lib/python3.7/site-packages/airflow/example_dags/example_skip_dag.py
[2026-09-30T20:19:30.079+0000] {logging_mixin.py:137} INFO - [2026-09-30T20:19:30.079+0000] {dag.py:2676} INFO - Sync 1 DAGs
[2026-09-30T20:19:30.114+0000] {logging_mixin.py:137} INFO - [2026-09-30T20:19:30.114+0000] {dag.py:3427} INFO - Setting next_dagrun for example_skip_dag to 2026-09-29T20:19:30.113771+00:00, run_after=2026-09-30T20:19:30.113771+00:00
[2026-09-30T20:19:30.136+0000] {processor.py:175} INFO - Processing /home/airflow/.local/lib/python3.7/site-packages/airflow/example_dags/example_skip_dag.py took 0.132 seconds
[2026-09-30T20:20:00.592+0000] {processor.py:153} INFO - Started process (PID=11639) to work on /home/airflow/.local/lib/python3.7/site-packages/airflow/example_dags/example_skip_dag.py
[2026-09-30T20:20:00.593+0000] {processor.py:743} INFO - Processing file /home/airflow/.local/lib/python3.7/site-packages/airflow/example_dags/example_skip_dag.py for tasks to queue
[2026-09-30T20:20:00.595+0000] {logging_mixin.py:137} INFO - [2026-09-30T20:20:00.594+0000] {dagbag.py:538} INFO - Filling up the DagBag from /home/airflow/.local/lib/python3.7/site-packages/airflow/example_dags/example_skip_dag.py
[2026-09-30T20:20:00.623+0000] {processor.py:753} INFO - DAG(s) dict_keys(['example_skip_dag']) retrieved from /home/airflow/.local/lib/python3.7/site-packages/airflow/example_dags/example_skip_dag.py
[2026-09-30T20:20:00.697+0000] {logging_mixin.py:137} INFO - [2026-09-30T20:20:00.697+0000] {dag.py:2676} INFO - Sync 1 DAGs
[2026-09-30T20:20:00.728+0000] {logging_mixin.py:137} INFO - [2026-09-30T20:20:00.728+0000] {dag.py:3427} INFO - Setting next_dagrun for example_skip_dag to 2026-09-29T20:20:00.728134+00:00, run_after=2026-09-30T20:20:00.728134+00:00
[2026-09-30T20:20:00.749+0000] {processor.py:175} INFO - Processing /home/airflow/.local/lib/python3.7/site-packages/airflow/example_dags/example_skip_dag.py took 0.163 seconds
[2026-09-30T20:20:31.574+0000] {processor.py:153} INFO - Started process (PID=11718) to work on /home/airflow/.local/lib/python3.7/site-packages/airflow/example_dags/example_skip_dag.py
[2026-09-30T20:20:31.576+0000] {processor.py:743} INFO - Processing file /home/airflow/.local/lib/python3.7/site-packages/airflow/example_dags/example_skip_dag.py for tasks to queue
[2026-09-30T20:20:31.576+0000] {logging_mixin.py:137} INFO - [2026-09-30T20:20:31.576+0000] {dagbag.py:538} INFO - Filling up the DagBag from /home/airflow/.local/lib/python3.7/site-packages/airflow/example_dags/example_skip_dag.py
[2026-09-30T20:20:31.594+0000] {processor.py:753} INFO - DAG(s) dict_keys(['example_skip_dag']) retrieved from /home/airflow/.local/lib/python3.7/site-packages/airflow/example_dags/example_skip_dag.py
[2026-09-30T20:20:31.652+0000] {logging_mixin.py:137} INFO - [2026-09-30T20:20:31.652+0000] {dag.py:2676} INFO - Sync 1 DAGs
[2026-09-30T20:20:31.698+0000] {logging_mixin.py:137} INFO - [2026-09-30T20:20:31.698+0000] {dag.py:3427} INFO - Setting next_dagrun for example_skip_dag to 2026-09-29T20:20:31.698489+00:00, run_after=2026-09-30T20:20:31.698489+00:00
[2026-09-30T20:20:31.720+0000] {processor.py:175} INFO - Processing /home/airflow/.local/lib/python3.7/site-packages/airflow/example_dags/example_skip_dag.py took 0.150 seconds
[2026-09-30T20:21:02.152+0000] {processor.py:153} INFO - Started process (PID=11817) to work on /home/airflow/.local/lib/python3.7/site-packages/airflow/example_dags/example_skip_dag.py
[2026-09-30T20:21:02.153+0000] {processor.py:743} INFO - Processing file /home/airflow/.local/lib/python3.7/site-packages/airflow/example_dags/example_skip_dag.py for tasks to queue
[2026-09-30T20:21:02.154+0000] {logging_mixin.py:137} INFO - [2026-09-30T20:21:02.154+0000] {dagbag.py:538} INFO - Filling up the DagBag from /home/airflow/.local/lib/python3.7/site-packages/airflow/example_dags/example_skip_dag.py
[2026-09-30T20:21:02.182+0000] {processor.py:753} INFO - DAG(s) dict_keys(['example_skip_dag']) retrieved from /home/airflow/.local/lib/python3.7/site-packages/airflow/example_dags/example_skip_dag.py
[2026-09-30T20:21:02.255+0000] {logging_mixin.py:137} INFO - [2026-09-30T20:21:02.255+0000] {dag.py:2676} INFO - Sync 1 DAGs
[2026-09-30T20:21:02.286+0000] {logging_mixin.py:137} INFO - [2026-09-30T20:21:02.286+0000] {dag.py:3427} INFO - Setting next_dagrun for example_skip_dag to 2026-09-29T20:21:02.286176+00:00, run_after=2026-09-30T20:21:02.286176+00:00
[2026-09-30T20:21:02.309+0000] {processor.py:175} INFO - Processing /home/airflow/.local/lib/python3.7/site-packages/airflow/example_dags/example_skip_dag.py took 0.160 seconds
[2026-09-30T20:21:33.155+0000] {processor.py:153} INFO - Started process (PID=11896) to work on /home/airflow/.local/lib/python3.7/site-packages/airflow/example_dags/example_skip_dag.py
[2026-09-30T20:21:33.157+0000] {processor.py:743} INFO - Processing file /home/airflow/.local/lib/python3.7/site-packages/airflow/example_dags/example_skip_dag.py for tasks to queue
[2026-09-30T20:21:33.158+0000] {logging_mixin.py:137} INFO - [2026-09-30T20:21:33.157+0000] {dagbag.py:538} INFO - Filling up the DagBag from /home/airflow/.local/lib/python3.7/site-packages/airflow/example_dags/example_skip_dag.py
[2026-09-30T20:21:33.176+0000] {processor.py:753} INFO - DAG(s) dict_keys(['example_skip_dag']) retrieved from /home/airflow/.local/lib/python3.7/site-packages/airflow/example_dags/example_skip_dag.py
[2026-09-30T20:21:33.226+0000] {logging_mixin.py:137} INFO - [2026-09-30T20:21:33.225+0000] {dag.py:2676} INFO - Sync 1 DAGs
[2026-09-30T20:21:33.264+0000] {logging_mixin.py:137} INFO - [2026-09-30T20:21:33.263+0000] {dag.py:3427} INFO - Setting next_dagrun for example_skip_dag to 2026-09-29T20:21:33.263572+00:00, run_after=2026-09-30T20:21:33.263572+00:00
[2026-09-30T20:21:33.292+0000] {processor.py:175} INFO - Processing /home/airflow/.local/lib/python3.7/site-packages/airflow/example_dags/example_skip_dag.py took 0.141 seconds
[2026-09-30T20:22:03.567+0000] {processor.py:153} INFO - Started process (PID=11975) to work on /home/airflow/.local/lib/python3.7/site-packages/airflow/example_dags/example_skip_dag.py
[2026-09-30T20:22:03.568+0000] {processor.py:743} INFO - Processing file /home/airflow/.local/lib/python3.7/site-packages/airflow/example_dags/example_skip_dag.py for tasks to queue
[2026-09-30T20:22:03.569+0000] {logging_mixin.py:137} INFO - [2026-09-30T20:22:03.569+0000] {dagbag.py:538} INFO - Filling up the DagBag from /home/airflow/.local/lib/python3.7/site-packages/airflow/example_dags/example_skip_dag.py
[2026-09-30T20:22:03.599+0000] {processor.py:753} INFO - DAG(s) dict_keys(['example_skip_dag']) retrieved from /home/airflow/.local/lib/python3.7/site-packages/airflow/example_dags/example_skip_dag.py
[2026-09-30T20:22:03.658+0000] {logging_mixin.py:137} INFO - [2026-09-30T20:22:03.658+0000] {dag.py:2676} INFO - Sync 1 DAGs
[2026-09-30T20:22:03.687+0000] {logging_mixin.py:137} INFO - [2026-09-30T20:22:03.687+0000] {dag.py:3427} INFO - Setting next_dagrun for example_skip_dag to 2026-09-29T20:22:03.687061+00:00, run_after=2026-09-30T20:22:03.687061+00:00
[2026-09-30T20:22:03.708+0000] {processor.py:175} INFO - Processing /home/airflow/.local/lib/python3.7/site-packages/airflow/example_dags/example_skip_dag.py took 0.147 seconds
[2026-09-30T20:22:34.549+0000] {processor.py:153} INFO - Started process (PID=12063) to work on /home/airflow/.local/lib/python3.7/site-packages/airflow/example_dags/example_skip_dag.py
[2026-09-30T20:22:34.550+0000] {processor.py:743} INFO - Processing file /home/airflow/.local/lib/python3.7/site-packages/airflow/example_dags/example_skip_dag.py for tasks to queue
[2026-09-30T20:22:34.551+0000] {logging_mixin.py:137} INFO - [2026-09-30T20:22:34.551+0000] {dagbag.py:538} INFO - Filling up the DagBag from /home/airflow/.local/lib/python3.7/site-packages/airflow/example_dags/example_skip_dag.py
[2026-09-30T20:22:34.570+0000] {processor.py:753} INFO - DAG(s) dict_keys(['example_skip_dag']) retrieved from /home/airflow/.local/lib/python3.7/site-packages/airflow/example_dags/example_skip_dag.py
[2026-09-30T20:22:34.617+0000] {logging_mixin.py:137} INFO - [2026-09-30T20:22:34.617+0000] {dag.py:2676} INFO - Sync 1 DAGs
[2026-09-30T20:22:34.653+0000] {logging_mixin.py:137} INFO - [2026-09-30T20:22:34.653+0000] {dag.py:3427} INFO - Setting next_dagrun for example_skip_dag to 2026-09-29T20:22:34.652983+00:00, run_after=2026-09-30T20:22:34.652983+00:00
[2026-09-30T20:22:34.683+0000] {processor.py:175} INFO - Processing /home/airflow/.local/lib/python3.7/site-packages/airflow/example_dags/example_skip_dag.py took 0.138 seconds
[2026-09-30T20:23:05.303+0000] {processor.py:153} INFO - Started process (PID=12153) to work on /home/airflow/.local/lib/python3.7/site-packages/airflow/example_dags/example_skip_dag.py
[2026-09-30T20:23:05.304+0000] {processor.py:743} INFO - Processing file /home/airflow/.local/lib/python3.7/site-packages/airflow/example_dags/example_skip_dag.py for tasks to queue
[2026-09-30T20:23:05.304+0000] {logging_mixin.py:137} INFO - [2026-09-30T20:23:05.304+0000] {dagbag.py:538} INFO - Filling up the DagBag from /home/airflow/.local/lib/python3.7/site-packages/airflow/example_dags/example_skip_dag.py
[2026-09-30T20:23:05.322+0000] {processor.py:753} INFO - DAG(s) dict_keys(['example_skip_dag']) retrieved from /home/airflow/.local/lib/python3.7/site-packages/airflow/example_dags/example_skip_dag.py
[2026-09-30T20:23:05.374+0000] {logging_mixin.py:137} INFO - [2026-09-30T20:23:05.373+0000] {dag.py:2676} INFO - Sync 1 DAGs
[2026-09-30T20:23:05.409+0000] {logging_mixin.py:137} INFO - [2026-09-30T20:23:05.408+0000] {dag.py:3427} INFO - Setting next_dagrun for example_skip_dag to 2026-09-29T20:23:05.408508+00:00, run_after=2026-09-30T20:23:05.408508+00:00
[2026-09-30T20:23:05.435+0000] {processor.py:175} INFO - Processing /home/airflow/.local/lib/python3.7/site-packages/airflow/example_dags/example_skip_dag.py took 0.135 seconds
[2026-09-30T20:23:36.199+0000] {processor.py:153} INFO - Started process (PID=12232) to work on /home/airflow/.local/lib/python3.7/site-packages/airflow/example_dags/example_skip_dag.py
[2026-09-30T20:23:36.200+0000] {processor.py:743} INFO - Processing file /home/airflow/.local/lib/python3.7/site-packages/airflow/example_dags/example_skip_dag.py for tasks to queue
[2026-09-30T20:23:36.201+0000] {logging_mixin.py:137} INFO - [2026-09-30T20:23:36.201+0000] {dagbag.py:538} INFO - Filling up the DagBag from /home/airflow/.local/lib/python3.7/site-packages/airflow/example_dags/example_skip_dag.py
[2026-09-30T20:23:36.220+0000] {processor.py:753} INFO - DAG(s) dict_keys(['example_skip_dag']) retrieved from /home/airflow/.local/lib/python3.7/site-packages/airflow/example_dags/example_skip_dag.py
[2026-09-30T20:23:36.271+0000] {logging_mixin.py:137} INFO - [2026-09-30T20:23:36.271+0000] {dag.py:2676} INFO - Sync 1 DAGs
[2026-09-30T20:23:36.311+0000] {logging_mixin.py:137} INFO - [2026-09-30T20:23:36.311+0000] {dag.py:3427} INFO - Setting next_dagrun for example_skip_dag to 2026-09-29T20:23:36.311309+00:00, run_after=2026-09-30T20:23:36.311309+00:00
[2026-09-30T20:23:36.332+0000] {processor.py:175} INFO - Processing /home/airflow/.local/lib/python3.7/site-packages/airflow/example_dags/example_skip_dag.py took 0.137 seconds
[2026-09-30T20:24:06.884+0000] {processor.py:153} INFO - Started process (PID=12311) to work on /home/airflow/.local/lib/python3.7/site-packages/airflow/example_dags/example_skip_dag.py
[2026-09-30T20:24:06.886+0000] {processor.py:743} INFO - Processing file /home/airflow/.local/lib/python3.7/site-packages/airflow/example_dags/example_skip_dag.py for tasks to queue
[2026-09-30T20:24:06.887+0000] {logging_mixin.py:137} INFO - [2026-09-30T20:24:06.887+0000] {dagbag.py:538} INFO - Filling up the DagBag from /home/airflow/.local/lib/python3.7/site-packages/airflow/example_dags/example_skip_dag.py
[2026-09-30T20:24:06.909+0000] {processor.py:753} INFO - DAG(s) dict_keys(['example_skip_dag']) retrieved from /home/airflow/.local/lib/python3.7/site-packages/airflow/example_dags/example_skip_dag.py
[2026-09-30T20:24:06.959+0000] {logging_mixin.py:137} INFO - [2026-09-30T20:24:06.959+0000] {dag.py:2676} INFO - Sync 1 DAGs
[2026-09-30T20:24:06.998+0000] {logging_mixin.py:137} INFO - [2026-09-30T20:24:06.998+0000] {dag.py:3427} INFO - Setting next_dagrun for example_skip_dag to 2026-09-29T20:24:06.998115+00:00, run_after=2026-09-30T20:24:06.998115+00:00
[2026-09-30T20:24:07.025+0000] {processor.py:175} INFO - Processing /home/airflow/.local/lib/python3.7/site-packages/airflow/example_dags/example_skip_dag.py took 0.147 seconds
[2026-09-30T20:24:37.263+0000] {processor.py:153} INFO - Started process (PID=12410) to work on /home/airflow/.local/lib/python3.7/site-packages/airflow/example_dags/example_skip_dag.py
[2026-09-30T20:24:37.264+0000] {processor.py:743} INFO - Processing file /home/airflow/.local/lib/python3.7/site-packages/airflow/example_dags/example_skip_dag.py for tasks to queue
[2026-09-30T20:24:37.265+0000] {logging_mixin.py:137} INFO - [2026-09-30T20:24:37.265+0000] {dagbag.py:538} INFO - Filling up the DagBag from /home/airflow/.local/lib/python3.7/site-packages/airflow/example_dags/example_skip_dag.py
[2026-09-30T20:24:37.290+0000] {processor.py:753} INFO - DAG(s) dict_keys(['example_skip_dag']) retrieved from /home/airflow/.local/lib/python3.7/site-packages/airflow/example_dags/example_skip_dag.py
[2026-09-30T20:24:37.351+0000] {logging_mixin.py:137} INFO - [2026-09-30T20:24:37.351+0000] {dag.py:2676} INFO - Sync 1 DAGs
[2026-09-30T20:24:37.391+0000] {logging_mixin.py:137} INFO - [2026-09-30T20:24:37.391+0000] {dag.py:3427} INFO - Setting next_dagrun for example_skip_dag to 2026-09-29T20:24:37.391418+00:00, run_after=2026-09-30T20:24:37.391418+00:00
[2026-09-30T20:24:37.420+0000] {processor.py:175} INFO - Processing /home/airflow/.local/lib/python3.7/site-packages/airflow/example_dags/example_skip_dag.py took 0.162 seconds
[2026-09-30T20:25:07.920+0000] {processor.py:153} INFO - Started process (PID=12489) to work on /home/airflow/.local/lib/python3.7/site-packages/airflow/example_dags/example_skip_dag.py
[2026-09-30T20:25:07.921+0000] {processor.py:743} INFO - Processing file /home/airflow/.local/lib/python3.7/site-packages/airflow/example_dags/example_skip_dag.py for tasks to queue
[2026-09-30T20:25:07.922+0000] {logging_mixin.py:137} INFO - [2026-09-30T20:25:07.922+0000] {dagbag.py:538} INFO - Filling up the DagBag from /home/airflow/.local/lib/python3.7/site-packages/airflow/example_dags/example_skip_dag.py
[2026-09-30T20:25:07.950+0000] {processor.py:753} INFO - DAG(s) dict_keys(['example_skip_dag']) retrieved from /home/airflow/.local/lib/python3.7/site-packages/airflow/example_dags/example_skip_dag.py
[2026-09-30T20:25:08.010+0000] {logging_mixin.py:137} INFO - [2026-09-30T20:25:08.010+0000] {dag.py:2676} INFO - Sync 1 DAGs
[2026-09-30T20:25:08.044+0000] {logging_mixin.py:137} INFO - [2026-09-30T20:25:08.044+0000] {dag.py:3427} INFO - Setting next_dagrun for example_skip_dag to 2026-09-29T20:25:08.044216+00:00, run_after=2026-09-30T20:25:08.044216+00:00
[2026-09-30T20:25:08.068+0000] {processor.py:175} INFO - Processing /home/airflow/.local/lib/python3.7/site-packages/airflow/example_dags/example_skip_dag.py took 0.154 seconds
[2026-09-30T20:25:38.648+0000] {processor.py:153} INFO - Started process (PID=12568) to work on /home/airflow/.local/lib/python3.7/site-packages/airflow/example_dags/example_skip_dag.py
[2026-09-30T20:25:38.649+0000] {processor.py:743} INFO - Processing file /home/airflow/.local/lib/python3.7/site-packages/airflow/example_dags/example_skip_dag.py for tasks to queue
[2026-09-30T20:25:38.650+0000] {logging_mixin.py:137} INFO - [2026-09-30T20:25:38.650+0000] {dagbag.py:538} INFO - Filling up the DagBag from /home/airflow/.local/lib/python3.7/site-packages/airflow/example_dags/example_skip_dag.py
[2026-09-30T20:25:38.668+0000] {processor.py:753} INFO - DAG(s) dict_keys(['example_skip_dag']) retrieved from /home/airflow/.local/lib/python3.7/site-packages/airflow/example_dags/example_skip_dag.py
[2026-09-30T20:25:38.713+0000] {logging_mixin.py:137} INFO - [2026-09-30T20:25:38.713+0000] {dag.py:2676} INFO - Sync 1 DAGs
[2026-09-30T20:25:38.749+0000] {logging_mixin.py:137} INFO - [2026-09-30T20:25:38.749+0000] {dag.py:3427} INFO - Setting next_dagrun for example_skip_dag to 2026-09-29T20:25:38.749071+00:00, run_after=2026-09-30T20:25:38.749071+00:00
[2026-09-30T20:25:38.773+0000] {processor.py:175} INFO - Processing /home/airflow/.local/lib/python3.7/site-packages/airflow/example_dags/example_skip_dag.py took 0.128 seconds
[2026-09-30T20:26:09.341+0000] {processor.py:153} INFO - Started process (PID=12647) to work on /home/airflow/.local/lib/python3.7/site-packages/airflow/example_dags/example_skip_dag.py
[2026-09-30T20:26:09.342+0000] {processor.py:743} INFO - Processing file /home/airflow/.local/lib/python3.7/site-packages/airflow/example_dags/example_skip_dag.py for tasks to queue
[2026-09-30T20:26:09.343+0000] {logging_mixin.py:137} INFO - [2026-09-30T20:26:09.342+0000] {dagbag.py:538} INFO - Filling up the DagBag from /home/airflow/.local/lib/python3.7/site-packages/airflow/example_dags/example_skip_dag.py
[2026-09-30T20:26:09.364+0000] {processor.py:753} INFO - DAG(s) dict_keys(['example_skip_dag']) retrieved from /home/airflow/.local/lib/python3.7/site-packages/airflow/example_dags/example_skip_dag.py
[2026-09-30T20:26:09.419+0000] {logging_mixin.py:137} INFO - [2026-09-30T20:26:09.419+0000] {dag.py:2676} INFO - Sync 1 DAGs
[2026-09-30T20:26:09.457+0000] {logging_mixin.py:137} INFO - [2026-09-30T20:26:09.457+0000] {dag.py:3427} INFO - Setting next_dagrun for example_skip_dag to 2026-09-29T20:26:09.457349+00:00, run_after=2026-09-30T20:26:09.457349+00:00
[2026-09-30T20:26:09.489+0000] {processor.py:175} INFO - Processing /home/airflow/.local/lib/python3.7/site-packages/airflow/example_dags/example_skip_dag.py took 0.151 seconds
[2026-09-30T20:26:39.965+0000] {processor.py:153} INFO - Started process (PID=12735) to work on /home/airflow/.local/lib/python3.7/site-packages/airflow/example_dags/example_skip_dag.py
[2026-09-30T20:26:39.966+0000] {processor.py:743} INFO - Processing file /home/airflow/.local/lib/python3.7/site-packages/airflow/example_dags/example_skip_dag.py for tasks to queue
[2026-09-30T20:26:39.966+0000] {logging_mixin.py:137} INFO - [2026-09-30T20:26:39.966+0000] {dagbag.py:538} INFO - Filling up the DagBag from /home/airflow/.local/lib/python3.7/site-packages/airflow/example_dags/example_skip_dag.py
[2026-09-30T20:26:39.986+0000] {processor.py:753} INFO - DAG(s) dict_keys(['example_skip_dag']) retrieved from /home/airflow/.local/lib/python3.7/site-packages/airflow/example_dags/example_skip_dag.py
[2026-09-30T20:26:40.043+0000] {logging_mixin.py:137} INFO - [2026-09-30T20:26:40.043+0000] {dag.py:2676} INFO - Sync 1 DAGs
[2026-09-30T20:26:40.075+0000] {logging_mixin.py:137} INFO - [2026-09-30T20:26:40.075+0000] {dag.py:3427} INFO - Setting next_dagrun for example_skip_dag to 2026-09-29T20:26:40.074695+00:00, run_after=2026-09-30T20:26:40.074695+00:00
[2026-09-30T20:26:40.096+0000] {processor.py:175} INFO - Processing /home/airflow/.local/lib/python3.7/site-packages/airflow/example_dags/example_skip_dag.py took 0.136 seconds
[2026-09-30T20:27:10.537+0000] {processor.py:153} INFO - Started process (PID=12825) to work on /home/airflow/.local/lib/python3.7/site-packages/airflow/example_dags/example_skip_dag.py
[2026-09-30T20:27:10.538+0000] {processor.py:743} INFO - Processing file /home/airflow/.local/lib/python3.7/site-packages/airflow/example_dags/example_skip_dag.py for tasks to queue
[2026-09-30T20:27:10.539+0000] {logging_mixin.py:137} INFO - [2026-09-30T20:27:10.539+0000] {dagbag.py:538} INFO - Filling up the DagBag from /home/airflow/.local/lib/python3.7/site-packages/airflow/example_dags/example_skip_dag.py
[2026-09-30T20:27:10.558+0000] {processor.py:753} INFO - DAG(s) dict_keys(['example_skip_dag']) retrieved from /home/airflow/.local/lib/python3.7/site-packages/airflow/example_dags/example_skip_dag.py
[2026-09-30T20:27:10.620+0000] {logging_mixin.py:137} INFO - [2026-09-30T20:27:10.620+0000] {dag.py:2676} INFO - Sync 1 DAGs
[2026-09-30T20:27:10.659+0000] {logging_mixin.py:137} INFO - [2026-09-30T20:27:10.658+0000] {dag.py:3427} INFO - Setting next_dagrun for example_skip_dag to 2026-09-29T20:27:10.658569+00:00, run_after=2026-09-30T20:27:10.658569+00:00
[2026-09-30T20:27:10.681+0000] {processor.py:175} INFO - Processing /home/airflow/.local/lib/python3.7/site-packages/airflow/example_dags/example_skip_dag.py took 0.148 seconds
[2026-09-30T20:27:40.918+0000] {processor.py:153} INFO - Started process (PID=12904) to work on /home/airflow/.local/lib/python3.7/site-packages/airflow/example_dags/example_skip_dag.py
[2026-09-30T20:27:40.919+0000] {processor.py:743} INFO - Processing file /home/airflow/.local/lib/python3.7/site-packages/airflow/example_dags/example_skip_dag.py for tasks to queue
[2026-09-30T20:27:40.919+0000] {logging_mixin.py:137} INFO - [2026-09-30T20:27:40.919+0000] {dagbag.py:538} INFO - Filling up the DagBag from /home/airflow/.local/lib/python3.7/site-packages/airflow/example_dags/example_skip_dag.py
[2026-09-30T20:27:40.938+0000] {processor.py:753} INFO - DAG(s) dict_keys(['example_skip_dag']) retrieved from /home/airflow/.local/lib/python3.7/site-packages/airflow/example_dags/example_skip_dag.py
[2026-09-30T20:27:41.003+0000] {logging_mixin.py:137} INFO - [2026-09-30T20:27:41.002+0000] {dag.py:2676} INFO - Sync 1 DAGs
[2026-09-30T20:27:41.051+0000] {logging_mixin.py:137} INFO - [2026-09-30T20:27:41.050+0000] {dag.py:3427} INFO - Setting next_dagrun for example_skip_dag to 2026-09-29T20:27:41.050287+00:00, run_after=2026-09-30T20:27:41.050287+00:00
[2026-09-30T20:27:41.083+0000] {processor.py:175} INFO - Processing /home/airflow/.local/lib/python3.7/site-packages/airflow/example_dags/example_skip_dag.py took 0.171 seconds
[2026-09-30T20:28:11.295+0000] {processor.py:153} INFO - Started process (PID=12992) to work on /home/airflow/.local/lib/python3.7/site-packages/airflow/example_dags/example_skip_dag.py
[2026-09-30T20:28:11.297+0000] {processor.py:743} INFO - Processing file /home/airflow/.local/lib/python3.7/site-packages/airflow/example_dags/example_skip_dag.py for tasks to queue
[2026-09-30T20:28:11.298+0000] {logging_mixin.py:137} INFO - [2026-09-30T20:28:11.298+0000] {dagbag.py:538} INFO - Filling up the DagBag from /home/airflow/.local/lib/python3.7/site-packages/airflow/example_dags/example_skip_dag.py
[2026-09-30T20:28:11.327+0000] {processor.py:753} INFO - DAG(s) dict_keys(['example_skip_dag']) retrieved from /home/airflow/.local/lib/python3.7/site-packages/airflow/example_dags/example_skip_dag.py
[2026-09-30T20:28:11.386+0000] {logging_mixin.py:137} INFO - [2026-09-30T20:28:11.386+0000] {dag.py:2676} INFO - Sync 1 DAGs
[2026-09-30T20:28:11.425+0000] {logging_mixin.py:137} INFO - [2026-09-30T20:28:11.425+0000] {dag.py:3427} INFO - Setting next_dagrun for example_skip_dag to 2026-09-29T20:28:11.424530+00:00, run_after=2026-09-30T20:28:11.424530+00:00
[2026-09-30T20:28:11.451+0000] {processor.py:175} INFO - Processing /home/airflow/.local/lib/python3.7/site-packages/airflow/example_dags/example_skip_dag.py took 0.162 seconds
[2026-09-30T20:28:41.602+0000] {processor.py:153} INFO - Started process (PID=13082) to work on /home/airflow/.local/lib/python3.7/site-packages/airflow/example_dags/example_skip_dag.py
[2026-09-30T20:28:41.603+0000] {processor.py:743} INFO - Processing file /home/airflow/.local/lib/python3.7/site-packages/airflow/example_dags/example_skip_dag.py for tasks to queue
[2026-09-30T20:28:41.604+0000] {logging_mixin.py:137} INFO - [2026-09-30T20:28:41.604+0000] {dagbag.py:538} INFO - Filling up the DagBag from /home/airflow/.local/lib/python3.7/site-packages/airflow/example_dags/example_skip_dag.py
[2026-09-30T20:28:41.622+0000] {processor.py:753} INFO - DAG(s) dict_keys(['example_skip_dag']) retrieved from /home/airflow/.local/lib/python3.7/site-packages/airflow/example_dags/example_skip_dag.py
[2026-09-30T20:28:41.675+0000] {logging_mixin.py:137} INFO - [2026-09-30T20:28:41.675+0000] {dag.py:2676} INFO - Sync 1 DAGs
[2026-09-30T20:28:41.720+0000] {logging_mixin.py:137} INFO - [2026-09-30T20:28:41.720+0000] {dag.py:3427} INFO - Setting next_dagrun for example_skip_dag to 2026-09-29T20:28:41.720321+00:00, run_after=2026-09-30T20:28:41.720321+00:00
[2026-09-30T20:28:41.749+0000] {processor.py:175} INFO - Processing /home/airflow/.local/lib/python3.7/site-packages/airflow/example_dags/example_skip_dag.py took 0.150 seconds
[2026-09-30T20:29:12.475+0000] {processor.py:153} INFO - Started process (PID=13161) to work on /home/airflow/.local/lib/python3.7/site-packages/airflow/example_dags/example_skip_dag.py
[2026-09-30T20:29:12.476+0000] {processor.py:743} INFO - Processing file /home/airflow/.local/lib/python3.7/site-packages/airflow/example_dags/example_skip_dag.py for tasks to queue
[2026-09-30T20:29:12.477+0000] {logging_mixin.py:137} INFO - [2026-09-30T20:29:12.477+0000] {dagbag.py:538} INFO - Filling up the DagBag from /home/airflow/.local/lib/python3.7/site-packages/airflow/example_dags/example_skip_dag.py
[2026-09-30T20:29:12.506+0000] {processor.py:753} INFO - DAG(s) dict_keys(['example_skip_dag']) retrieved from /home/airflow/.local/lib/python3.7/site-packages/airflow/example_dags/example_skip_dag.py
[2026-09-30T20:29:12.577+0000] {logging_mixin.py:137} INFO - [2026-09-30T20:29:12.577+0000] {dag.py:2676} INFO - Sync 1 DAGs
[2026-09-30T20:29:12.627+0000] {logging_mixin.py:137} INFO - [2026-09-30T20:29:12.627+0000] {dag.py:3427} INFO - Setting next_dagrun for example_skip_dag to 2026-09-29T20:29:12.626528+00:00, run_after=2026-09-30T20:29:12.626528+00:00
[2026-09-30T20:29:12.661+0000] {processor.py:175} INFO - Processing /home/airflow/.local/lib/python3.7/site-packages/airflow/example_dags/example_skip_dag.py took 0.192 seconds
[2026-09-30T20:29:42.765+0000] {processor.py:153} INFO - Started process (PID=13240) to work on /home/airflow/.local/lib/python3.7/site-packages/airflow/example_dags/example_skip_dag.py
[2026-09-30T20:29:42.766+0000] {processor.py:743} INFO - Processing file /home/airflow/.local/lib/python3.7/site-packages/airflow/example_dags/example_skip_dag.py for tasks to queue
[2026-09-30T20:29:42.766+0000] {logging_mixin.py:137} INFO - [2026-09-30T20:29:42.766+0000] {dagbag.py:538} INFO - Filling up the DagBag from /home/airflow/.local/lib/python3.7/site-packages/airflow/example_dags/example_skip_dag.py
[2026-09-30T20:29:42.788+0000] {processor.py:753} INFO - DAG(s) dict_keys(['example_skip_dag']) retrieved from /home/airflow/.local/lib/python3.7/site-packages/airflow/example_dags/example_skip_dag.py
[2026-09-30T20:29:42.841+0000] {logging_mixin.py:137} INFO - [2026-09-30T20:29:42.841+0000] {dag.py:2676} INFO - Sync 1 DAGs
[2026-09-30T20:29:42.874+0000] {logging_mixin.py:137} INFO - [2026-09-30T20:29:42.874+0000] {dag.py:3427} INFO - Setting next_dagrun for example_skip_dag to 2026-09-29T20:29:42.873790+00:00, run_after=2026-09-30T20:29:42.873790+00:00
[2026-09-30T20:29:42.894+0000] {processor.py:175} INFO - Processing /home/airflow/.local/lib/python3.7/site-packages/airflow/example_dags/example_skip_dag.py took 0.132 seconds
[2026-09-30T20:30:13.118+0000] {processor.py:153} INFO - Started process (PID=13319) to work on /home/airflow/.local/lib/python3.7/site-packages/airflow/example_dags/example_skip_dag.py
[2026-09-30T20:30:13.119+0000] {processor.py:743} INFO - Processing file /home/airflow/.local/lib/python3.7/site-packages/airflow/example_dags/example_skip_dag.py for tasks to queue
[2026-09-30T20:30:13.119+0000] {logging_mixin.py:137} INFO - [2026-09-30T20:30:13.119+0000] {dagbag.py:538} INFO - Filling up the DagBag from /home/airflow/.local/lib/python3.7/site-packages/airflow/example_dags/example_skip_dag.py
[2026-09-30T20:30:13.137+0000] {processor.py:753} INFO - DAG(s) dict_keys(['example_skip_dag']) retrieved from /home/airflow/.local/lib/python3.7/site-packages/airflow/example_dags/example_skip_dag.py
[2026-09-30T20:30:13.188+0000] {logging_mixin.py:137} INFO - [2026-09-30T20:30:13.187+0000] {dag.py:2676} INFO - Sync 1 DAGs
[2026-09-30T20:30:13.223+0000] {logging_mixin.py:137} INFO - [2026-09-30T20:30:13.222+0000] {dag.py:3427} INFO - Setting next_dagrun for example_skip_dag to 2026-09-29T20:30:13.222563+00:00, run_after=2026-09-30T20:30:13.222563+00:00
[2026-09-30T20:30:13.252+0000] {processor.py:175} INFO - Processing /home/airflow/.local/lib/python3.7/site-packages/airflow/example_dags/example_skip_dag.py took 0.137 seconds
[2026-09-30T20:30:43.360+0000] {processor.py:153} INFO - Started process (PID=13407) to work on /home/airflow/.local/lib/python3.7/site-packages/airflow/example_dags/example_skip_dag.py
[2026-09-30T20:30:43.361+0000] {processor.py:743} INFO - Processing file /home/airflow/.local/lib/python3.7/site-packages/airflow/example_dags/example_skip_dag.py for tasks to queue
[2026-09-30T20:30:43.362+0000] {logging_mixin.py:137} INFO - [2026-09-30T20:30:43.362+0000] {dagbag.py:538} INFO - Filling up the DagBag from /home/airflow/.local/lib/python3.7/site-packages/airflow/example_dags/example_skip_dag.py
[2026-09-30T20:30:43.389+0000] {processor.py:753} INFO - DAG(s) dict_keys(['example_skip_dag']) retrieved from /home/airflow/.local/lib/python3.7/site-packages/airflow/example_dags/example_skip_dag.py
[2026-09-30T20:30:43.457+0000] {logging_mixin.py:137} INFO - [2026-09-30T20:30:43.456+0000] {dag.py:2676} INFO - Sync 1 DAGs
[2026-09-30T20:30:43.512+0000] {logging_mixin.py:137} INFO - [2026-09-30T20:30:43.512+0000] {dag.py:3427} INFO - Setting next_dagrun for example_skip_dag to 2026-09-29T20:30:43.512337+00:00, run_after=2026-09-30T20:30:43.512337+00:00
[2026-09-30T20:30:43.536+0000] {processor.py:175} INFO - Processing /home/airflow/.local/lib/python3.7/site-packages/airflow/example_dags/example_skip_dag.py took 0.181 seconds
[2026-09-30T20:31:13.655+0000] {processor.py:153} INFO - Started process (PID=13497) to work on /home/airflow/.local/lib/python3.7/site-packages/airflow/example_dags/example_skip_dag.py
[2026-09-30T20:31:13.656+0000] {processor.py:743} INFO - Processing file /home/airflow/.local/lib/python3.7/site-packages/airflow/example_dags/example_skip_dag.py for tasks to queue
[2026-09-30T20:31:13.657+0000] {logging_mixin.py:137} INFO - [2026-09-30T20:31:13.657+0000] {dagbag.py:538} INFO - Filling up the DagBag from /home/airflow/.local/lib/python3.7/site-packages/airflow/example_dags/example_skip_dag.py
[2026-09-30T20:31:13.685+0000] {processor.py:753} INFO - DAG(s) dict_keys(['example_skip_dag']) retrieved from /home/airflow/.local/lib/python3.7/site-packages/airflow/example_dags/example_skip_dag.py
[2026-09-30T20:31:13.746+0000] {logging_mixin.py:137} INFO - [2026-09-30T20:31:13.746+0000] {dag.py:2676} INFO - Sync 1 DAGs
[2026-09-30T20:31:13.794+0000] {logging_mixin.py:137} INFO - [2026-09-30T20:31:13.793+0000] {dag.py:3427} INFO - Setting next_dagrun for example_skip_dag to 2026-09-29T20:31:13.793373+00:00, run_after=2026-09-30T20:31:13.793373+00:00
[2026-09-30T20:31:13.823+0000] {processor.py:175} INFO - Processing /home/airflow/.local/lib/python3.7/site-packages/airflow/example_dags/example_skip_dag.py took 0.174 seconds
[2026-09-30T20:31:43.888+0000] {processor.py:153} INFO - Started process (PID=13576) to work on /home/airflow/.local/lib/python3.7/site-packages/airflow/example_dags/example_skip_dag.py
[2026-09-30T20:31:43.890+0000] {processor.py:743} INFO - Processing file /home/airflow/.local/lib/python3.7/site-packages/airflow/example_dags/example_skip_dag.py for tasks to queue
[2026-09-30T20:31:43.892+0000] {logging_mixin.py:137} INFO - [2026-09-30T20:31:43.892+0000] {dagbag.py:538} INFO - Filling up the DagBag from /home/airflow/.local/lib/python3.7/site-packages/airflow/example_dags/example_skip_dag.py
[2026-09-30T20:31:43.911+0000] {processor.py:753} INFO - DAG(s) dict_keys(['example_skip_dag']) retrieved from /home/airflow/.local/lib/python3.7/site-packages/airflow/example_dags/example_skip_dag.py
[2026-09-30T20:31:43.961+0000] {logging_mixin.py:137} INFO - [2026-09-30T20:31:43.961+0000] {dag.py:2676} INFO - Sync 1 DAGs
[2026-09-30T20:31:43.994+0000] {logging_mixin.py:137} INFO - [2026-09-30T20:31:43.994+0000] {dag.py:3427} INFO - Setting next_dagrun for example_skip_dag to 2026-09-29T20:31:43.993779+00:00, run_after=2026-09-30T20:31:43.993779+00:00
[2026-09-30T20:31:44.020+0000] {processor.py:175} INFO - Processing /home/airflow/.local/lib/python3.7/site-packages/airflow/example_dags/example_skip_dag.py took 0.138 seconds
[2026-09-30T20:32:14.867+0000] {processor.py:153} INFO - Started process (PID=13655) to work on /home/airflow/.local/lib/python3.7/site-packages/airflow/example_dags/example_skip_dag.py
[2026-09-30T20:32:14.868+0000] {processor.py:743} INFO - Processing file /home/airflow/.local/lib/python3.7/site-packages/airflow/example_dags/example_skip_dag.py for tasks to queue
[2026-09-30T20:32:14.868+0000] {logging_mixin.py:137} INFO - [2026-09-30T20:32:14.868+0000] {dagbag.py:538} INFO - Filling up the DagBag from /home/airflow/.local/lib/python3.7/site-packages/airflow/example_dags/example_skip_dag.py
[2026-09-30T20:32:14.888+0000] {processor.py:753} INFO - DAG(s) dict_keys(['example_skip_dag']) retrieved from /home/airflow/.local/lib/python3.7/site-packages/airflow/example_dags/example_skip_dag.py
[2026-09-30T20:32:14.936+0000] {logging_mixin.py:137} INFO - [2026-09-30T20:32:14.936+0000] {dag.py:2676} INFO - Sync 1 DAGs
[2026-09-30T20:32:14.971+0000] {logging_mixin.py:137} INFO - [2026-09-30T20:32:14.970+0000] {dag.py:3427} INFO - Setting next_dagrun for example_skip_dag to 2026-09-29T20:32:14.970622+00:00, run_after=2026-09-30T20:32:14.970622+00:00
[2026-09-30T20:32:14.993+0000] {processor.py:175} INFO - Processing /home/airflow/.local/lib/python3.7/site-packages/airflow/example_dags/example_skip_dag.py took 0.131 seconds
[2026-09-30T20:32:45.352+0000] {processor.py:153} INFO - Started process (PID=13734) to work on /home/airflow/.local/lib/python3.7/site-packages/airflow/example_dags/example_skip_dag.py
[2026-09-30T20:32:45.353+0000] {processor.py:743} INFO - Processing file /home/airflow/.local/lib/python3.7/site-packages/airflow/example_dags/example_skip_dag.py for tasks to queue
[2026-09-30T20:32:45.354+0000] {logging_mixin.py:137} INFO - [2026-09-30T20:32:45.354+0000] {dagbag.py:538} INFO - Filling up the DagBag from /home/airflow/.local/lib/python3.7/site-packages/airflow/example_dags/example_skip_dag.py
[2026-09-30T20:32:45.373+0000] {processor.py:753} INFO - DAG(s) dict_keys(['example_skip_dag']) retrieved from /home/airflow/.local/lib/python3.7/site-packages/airflow/example_dags/example_skip_dag.py
[2026-09-30T20:32:45.431+0000] {logging_mixin.py:137} INFO - [2026-09-30T20:32:45.430+0000] {dag.py:2676} INFO - Sync 1 DAGs
[2026-09-30T20:32:45.488+0000] {logging_mixin.py:137} INFO - [2026-09-30T20:32:45.488+0000] {dag.py:3427} INFO - Setting next_dagrun for example_skip_dag to 2026-09-29T20:32:45.488090+00:00, run_after=2026-09-30T20:32:45.488090+00:00
[2026-09-30T20:32:45.512+0000] {processor.py:175} INFO - Processing /home/airflow/.local/lib/python3.7/site-packages/airflow/example_dags/example_skip_dag.py took 0.164 seconds
[2026-09-30T20:33:16.424+0000] {processor.py:153} INFO - Started process (PID=13833) to work on /home/airflow/.local/lib/python3.7/site-packages/airflow/example_dags/example_skip_dag.py
[2026-09-30T20:33:16.425+0000] {processor.py:743} INFO - Processing file /home/airflow/.local/lib/python3.7/site-packages/airflow/example_dags/example_skip_dag.py for tasks to queue
[2026-09-30T20:33:16.426+0000] {logging_mixin.py:137} INFO - [2026-09-30T20:33:16.426+0000] {dagbag.py:538} INFO - Filling up the DagBag from /home/airflow/.local/lib/python3.7/site-packages/airflow/example_dags/example_skip_dag.py
[2026-09-30T20:33:16.447+0000] {processor.py:753} INFO - DAG(s) dict_keys(['example_skip_dag']) retrieved from /home/airflow/.local/lib/python3.7/site-packages/airflow/example_dags/example_skip_dag.py
[2026-09-30T20:33:16.497+0000] {logging_mixin.py:137} INFO - [2026-09-30T20:33:16.497+0000] {dag.py:2676} INFO - Sync 1 DAGs
[2026-09-30T20:33:16.533+0000] {logging_mixin.py:137} INFO - [2026-09-30T20:33:16.533+0000] {dag.py:3427} INFO - Setting next_dagrun for example_skip_dag to 2026-09-29T20:33:16.533231+00:00, run_after=2026-09-30T20:33:16.533231+00:00
[2026-09-30T20:33:16.557+0000] {processor.py:175} INFO - Processing /home/airflow/.local/lib/python3.7/site-packages/airflow/example_dags/example_skip_dag.py took 0.137 seconds
[2026-09-30T20:33:47.482+0000] {processor.py:153} INFO - Started process (PID=13912) to work on /home/airflow/.local/lib/python3.7/site-packages/airflow/example_dags/example_skip_dag.py
[2026-09-30T20:33:47.484+0000] {processor.py:743} INFO - Processing file /home/airflow/.local/lib/python3.7/site-packages/airflow/example_dags/example_skip_dag.py for tasks to queue
[2026-09-30T20:33:47.485+0000] {logging_mixin.py:137} INFO - [2026-09-30T20:33:47.485+0000] {dagbag.py:538} INFO - Filling up the DagBag from /home/airflow/.local/lib/python3.7/site-packages/airflow/example_dags/example_skip_dag.py
[2026-09-30T20:33:47.508+0000] {processor.py:753} INFO - DAG(s) dict_keys(['example_skip_dag']) retrieved from /home/airflow/.local/lib/python3.7/site-packages/airflow/example_dags/example_skip_dag.py
[2026-09-30T20:33:47.579+0000] {logging_mixin.py:137} INFO - [2026-09-30T20:33:47.578+0000] {dag.py:2676} INFO - Sync 1 DAGs
[2026-09-30T20:33:47.613+0000] {logging_mixin.py:137} INFO - [2026-09-30T20:33:47.613+0000] {dag.py:3427} INFO - Setting next_dagrun for example_skip_dag to 2026-09-29T20:33:47.613210+00:00, run_after=2026-09-30T20:33:47.613210+00:00
[2026-09-30T20:33:47.639+0000] {processor.py:175} INFO - Processing /home/airflow/.local/lib/python3.7/site-packages/airflow/example_dags/example_skip_dag.py took 0.161 seconds
[2026-09-30T20:34:17.806+0000] {processor.py:153} INFO - Started process (PID=13998) to work on /home/airflow/.local/lib/python3.7/site-packages/airflow/example_dags/example_skip_dag.py
[2026-09-30T20:34:17.807+0000] {processor.py:743} INFO - Processing file /home/airflow/.local/lib/python3.7/site-packages/airflow/example_dags/example_skip_dag.py for tasks to queue
[2026-09-30T20:34:17.808+0000] {logging_mixin.py:137} INFO - [2026-09-30T20:34:17.808+0000] {dagbag.py:538} INFO - Filling up the DagBag from /home/airflow/.local/lib/python3.7/site-packages/airflow/example_dags/example_skip_dag.py
[2026-09-30T20:34:17.828+0000] {processor.py:753} INFO - DAG(s) dict_keys(['example_skip_dag']) retrieved from /home/airflow/.local/lib/python3.7/site-packages/airflow/example_dags/example_skip_dag.py
[2026-09-30T20:34:17.881+0000] {logging_mixin.py:137} INFO - [2026-09-30T20:34:17.881+0000] {dag.py:2676} INFO - Sync 1 DAGs
[2026-09-30T20:34:17.915+0000] {logging_mixin.py:137} INFO - [2026-09-30T20:34:17.915+0000] {dag.py:3427} INFO - Setting next_dagrun for example_skip_dag to 2026-09-29T20:34:17.914686+00:00, run_after=2026-09-30T20:34:17.914686+00:00
[2026-09-30T20:34:17.943+0000] {processor.py:175} INFO - Processing /home/airflow/.local/lib/python3.7/site-packages/airflow/example_dags/example_skip_dag.py took 0.143 seconds
[2026-09-30T20:34:48.088+0000] {processor.py:153} INFO - Started process (PID=14090) to work on /home/airflow/.local/lib/python3.7/site-packages/airflow/example_dags/example_skip_dag.py
[2026-09-30T20:34:48.089+0000] {processor.py:743} INFO - Processing file /home/airflow/.local/lib/python3.7/site-packages/airflow/example_dags/example_skip_dag.py for tasks to queue
[2026-09-30T20:34:48.090+0000] {logging_mixin.py:137} INFO - [2026-09-30T20:34:48.090+0000] {dagbag.py:538} INFO - Filling up the DagBag from /home/airflow/.local/lib/python3.7/site-packages/airflow/example_dags/example_skip_dag.py
[2026-09-30T20:34:48.109+0000] {processor.py:753} INFO - DAG(s) dict_keys(['example_skip_dag']) retrieved from /home/airflow/.local/lib/python3.7/site-packages/airflow/example_dags/example_skip_dag.py
[2026-09-30T20:34:48.162+0000] {logging_mixin.py:137} INFO - [2026-09-30T20:34:48.162+0000] {dag.py:2676} INFO - Sync 1 DAGs
[2026-09-30T20:34:48.202+0000] {logging_mixin.py:137} INFO - [2026-09-30T20:34:48.201+0000] {dag.py:3427} INFO - Setting next_dagrun for example_skip_dag to 2026-09-29T20:34:48.201566+00:00, run_after=2026-09-30T20:34:48.201566+00:00
[2026-09-30T20:34:48.233+0000] {processor.py:175} INFO - Processing /home/airflow/.local/lib/python3.7/site-packages/airflow/example_dags/example_skip_dag.py took 0.150 seconds
[2026-09-30T20:35:18.839+0000] {processor.py:153} INFO - Started process (PID=14169) to work on /home/airflow/.local/lib/python3.7/site-packages/airflow/example_dags/example_skip_dag.py
[2026-09-30T20:35:18.840+0000] {processor.py:743} INFO - Processing file /home/airflow/.local/lib/python3.7/site-packages/airflow/example_dags/example_skip_dag.py for tasks to queue
[2026-09-30T20:35:18.840+0000] {logging_mixin.py:137} INFO - [2026-09-30T20:35:18.840+0000] {dagbag.py:538} INFO - Filling up the DagBag from /home/airflow/.local/lib/python3.7/site-packages/airflow/example_dags/example_skip_dag.py
[2026-09-30T20:35:18.860+0000] {processor.py:753} INFO - DAG(s) dict_keys(['example_skip_dag']) retrieved from /home/airflow/.local/lib/python3.7/site-packages/airflow/example_dags/example_skip_dag.py
[2026-09-30T20:35:18.913+0000] {logging_mixin.py:137} INFO - [2026-09-30T20:35:18.913+0000] {dag.py:2676} INFO - Sync 1 DAGs
[2026-09-30T20:35:18.948+0000] {logging_mixin.py:137} INFO - [2026-09-30T20:35:18.947+0000] {dag.py:3427} INFO - Setting next_dagrun for example_skip_dag to 2026-09-29T20:35:18.947506+00:00, run_after=2026-09-30T20:35:18.947506+00:00
[2026-09-30T20:35:18.976+0000] {processor.py:175} INFO - Processing /home/airflow/.local/lib/python3.7/site-packages/airflow/example_dags/example_skip_dag.py took 0.142 seconds
[2026-09-30T20:35:49.636+0000] {processor.py:153} INFO - Started process (PID=14248) to work on /home/airflow/.local/lib/python3.7/site-packages/airflow/example_dags/example_skip_dag.py
[2026-09-30T20:35:49.638+0000] {processor.py:743} INFO - Processing file /home/airflow/.local/lib/python3.7/site-packages/airflow/example_dags/example_skip_dag.py for tasks to queue
[2026-09-30T20:35:49.638+0000] {logging_mixin.py:137} INFO - [2026-09-30T20:35:49.638+0000] {dagbag.py:538} INFO - Filling up the DagBag from /home/airflow/.local/lib/python3.7/site-packages/airflow/example_dags/example_skip_dag.py
[2026-09-30T20:35:49.657+0000] {processor.py:753} INFO - DAG(s) dict_keys(['example_skip_dag']) retrieved from /home/airflow/.local/lib/python3.7/site-packages/airflow/example_dags/example_skip_dag.py
[2026-09-30T20:35:49.707+0000] {logging_mixin.py:137} INFO - [2026-09-30T20:35:49.706+0000] {dag.py:2676} INFO - Sync 1 DAGs
[2026-09-30T20:35:49.738+0000] {logging_mixin.py:137} INFO - [2026-09-30T20:35:49.738+0000] {dag.py:3427} INFO - Setting next_dagrun for example_skip_dag to 2026-09-29T20:35:49.737783+00:00, run_after=2026-09-30T20:35:49.737783+00:00
[2026-09-30T20:35:49.762+0000] {processor.py:175} INFO - Processing /home/airflow/.local/lib/python3.7/site-packages/airflow/example_dags/example_skip_dag.py took 0.130 seconds
[2026-09-30T20:36:20.316+0000] {processor.py:153} INFO - Started process (PID=14347) to work on /home/airflow/.local/lib/python3.7/site-packages/airflow/example_dags/example_skip_dag.py
[2026-09-30T20:36:20.317+0000] {processor.py:743} INFO - Processing file /home/airflow/.local/lib/python3.7/site-packages/airflow/example_dags/example_skip_dag.py for tasks to queue
[2026-09-30T20:36:20.319+0000] {logging_mixin.py:137} INFO - [2026-09-30T20:36:20.318+0000] {dagbag.py:538} INFO - Filling up the DagBag from /home/airflow/.local/lib/python3.7/site-packages/airflow/example_dags/example_skip_dag.py
[2026-09-30T20:36:20.347+0000] {processor.py:753} INFO - DAG(s) dict_keys(['example_skip_dag']) retrieved from /home/airflow/.local/lib/python3.7/site-packages/airflow/example_dags/example_skip_dag.py
[2026-09-30T20:36:20.423+0000] {logging_mixin.py:137} INFO - [2026-09-30T20:36:20.423+0000] {dag.py:2676} INFO - Sync 1 DAGs
[2026-09-30T20:36:20.460+0000] {logging_mixin.py:137} INFO - [2026-09-30T20:36:20.459+0000] {dag.py:3427} INFO - Setting next_dagrun for example_skip_dag to 2026-09-29T20:36:20.459531+00:00, run_after=2026-09-30T20:36:20.459531+00:00
[2026-09-30T20:36:20.484+0000] {processor.py:175} INFO - Processing /home/airflow/.local/lib/python3.7/site-packages/airflow/example_dags/example_skip_dag.py took 0.174 seconds
[2026-09-30T20:36:51.204+0000] {processor.py:153} INFO - Started process (PID=14426) to work on /home/airflow/.local/lib/python3.7/site-packages/airflow/example_dags/example_skip_dag.py
[2026-09-30T20:36:51.205+0000] {processor.py:743} INFO - Processing file /home/airflow/.local/lib/python3.7/site-packages/airflow/example_dags/example_skip_dag.py for tasks to queue
[2026-09-30T20:36:51.206+0000] {logging_mixin.py:137} INFO - [2026-09-30T20:36:51.206+0000] {dagbag.py:538} INFO - Filling up the DagBag from /home/airflow/.local/lib/python3.7/site-packages/airflow/example_dags/example_skip_dag.py
[2026-09-30T20:36:51.240+0000] {processor.py:753} INFO - DAG(s) dict_keys(['example_skip_dag']) retrieved from /home/airflow/.local/lib/python3.7/site-packages/airflow/example_dags/example_skip_dag.py
[2026-09-30T20:36:51.291+0000] {logging_mixin.py:137} INFO - [2026-09-30T20:36:51.290+0000] {dag.py:2676} INFO - Sync 1 DAGs
[2026-09-30T20:36:51.321+0000] {logging_mixin.py:137} INFO - [2026-09-30T20:36:51.321+0000] {dag.py:3427} INFO - Setting next_dagrun for example_skip_dag to 2026-09-29T20:36:51.320810+00:00, run_after=2026-09-30T20:36:51.320810+00:00
[2026-09-30T20:36:51.345+0000] {processor.py:175} INFO - Processing /home/airflow/.local/lib/python3.7/site-packages/airflow/example_dags/example_skip_dag.py took 0.145 seconds
[2026-09-30T20:37:21.750+0000] {processor.py:153} INFO - Started process (PID=14505) to work on /home/airflow/.local/lib/python3.7/site-packages/airflow/example_dags/example_skip_dag.py
[2026-09-30T20:37:21.750+0000] {processor.py:743} INFO - Processing file /home/airflow/.local/lib/python3.7/site-packages/airflow/example_dags/example_skip_dag.py for tasks to queue
[2026-09-30T20:37:21.751+0000] {logging_mixin.py:137} INFO - [2026-09-30T20:37:21.751+0000] {dagbag.py:538} INFO - Filling up the DagBag from /home/airflow/.local/lib/python3.7/site-packages/airflow/example_dags/example_skip_dag.py
[2026-09-30T20:37:21.765+0000] {processor.py:753} INFO - DAG(s) dict_keys(['example_skip_dag']) retrieved from /home/airflow/.local/lib/python3.7/site-packages/airflow/example_dags/example_skip_dag.py
[2026-09-30T20:37:21.803+0000] {logging_mixin.py:137} INFO - [2026-09-30T20:37:21.802+0000] {dag.py:2676} INFO - Sync 1 DAGs
[2026-09-30T20:37:21.827+0000] {logging_mixin.py:137} INFO - [2026-09-30T20:37:21.827+0000] {dag.py:3427} INFO - Setting next_dagrun for example_skip_dag to 2026-09-29T20:37:21.827517+00:00, run_after=2026-09-30T20:37:21.827517+00:00
[2026-09-30T20:37:21.844+0000] {processor.py:175} INFO - Processing /home/airflow/.local/lib/python3.7/site-packages/airflow/example_dags/example_skip_dag.py took 0.098 seconds
[2026-09-30T20:37:52.407+0000] {processor.py:153} INFO - Started process (PID=14584) to work on /home/airflow/.local/lib/python3.7/site-packages/airflow/example_dags/example_skip_dag.py
[2026-09-30T20:37:52.408+0000] {processor.py:743} INFO - Processing file /home/airflow/.local/lib/python3.7/site-packages/airflow/example_dags/example_skip_dag.py for tasks to queue
[2026-09-30T20:37:52.409+0000] {logging_mixin.py:137} INFO - [2026-09-30T20:37:52.409+0000] {dagbag.py:538} INFO - Filling up the DagBag from /home/airflow/.local/lib/python3.7/site-packages/airflow/example_dags/example_skip_dag.py
[2026-09-30T20:37:52.434+0000] {processor.py:753} INFO - DAG(s) dict_keys(['example_skip_dag']) retrieved from /home/airflow/.local/lib/python3.7/site-packages/airflow/example_dags/example_skip_dag.py
[2026-09-30T20:37:52.497+0000] {logging_mixin.py:137} INFO - [2026-09-30T20:37:52.496+0000] {dag.py:2676} INFO - Sync 1 DAGs
[2026-09-30T20:37:52.537+0000] {logging_mixin.py:137} INFO - [2026-09-30T20:37:52.537+0000] {dag.py:3427} INFO - Setting next_dagrun for example_skip_dag to 2026-09-29T20:37:52.536779+00:00, run_after=2026-09-30T20:37:52.536779+00:00
[2026-09-30T20:37:52.555+0000] {processor.py:175} INFO - Processing /home/airflow/.local/lib/python3.7/site-packages/airflow/example_dags/example_skip_dag.py took 0.153 seconds
[2026-09-30T20:38:22.840+0000] {processor.py:153} INFO - Started process (PID=14683) to work on /home/airflow/.local/lib/python3.7/site-packages/airflow/example_dags/example_skip_dag.py
[2026-09-30T20:38:22.841+0000] {processor.py:743} INFO - Processing file /home/airflow/.local/lib/python3.7/site-packages/airflow/example_dags/example_skip_dag.py for tasks to queue
[2026-09-30T20:38:22.842+0000] {logging_mixin.py:137} INFO - [2026-09-30T20:38:22.842+0000] {dagbag.py:538} INFO - Filling up the DagBag from /home/airflow/.local/lib/python3.7/site-packages/airflow/example_dags/example_skip_dag.py
[2026-09-30T20:38:22.861+0000] {processor.py:753} INFO - DAG(s) dict_keys(['example_skip_dag']) retrieved from /home/airflow/.local/lib/python3.7/site-packages/airflow/example_dags/example_skip_dag.py
[2026-09-30T20:38:22.915+0000] {logging_mixin.py:137} INFO - [2026-09-30T20:38:22.914+0000] {dag.py:2676} INFO - Sync 1 DAGs
[2026-09-30T20:38:22.958+0000] {logging_mixin.py:137} INFO - [2026-09-30T20:38:22.958+0000] {dag.py:3427} INFO - Setting next_dagrun for example_skip_dag to 2026-09-29T20:38:22.958157+00:00, run_after=2026-09-30T20:38:22.958157+00:00
[2026-09-30T20:38:22.990+0000] {processor.py:175} INFO - Processing /home/airflow/.local/lib/python3.7/site-packages/airflow/example_dags/example_skip_dag.py took 0.155 seconds
[2026-09-30T20:38:53.834+0000] {processor.py:153} INFO - Started process (PID=14762) to work on /home/airflow/.local/lib/python3.7/site-packages/airflow/example_dags/example_skip_dag.py
[2026-09-30T20:38:53.836+0000] {processor.py:743} INFO - Processing file /home/airflow/.local/lib/python3.7/site-packages/airflow/example_dags/example_skip_dag.py for tasks to queue
[2026-09-30T20:38:53.837+0000] {logging_mixin.py:137} INFO - [2026-09-30T20:38:53.836+0000] {dagbag.py:538} INFO - Filling up the DagBag from /home/airflow/.local/lib/python3.7/site-packages/airflow/example_dags/example_skip_dag.py
[2026-09-30T20:38:53.862+0000] {processor.py:753} INFO - DAG(s) dict_keys(['example_skip_dag']) retrieved from /home/airflow/.local/lib/python3.7/site-packages/airflow/example_dags/example_skip_dag.py
[2026-09-30T20:38:53.922+0000] {logging_mixin.py:137} INFO - [2026-09-30T20:38:53.921+0000] {dag.py:2676} INFO - Sync 1 DAGs
[2026-09-30T20:38:53.966+0000] {logging_mixin.py:137} INFO - [2026-09-30T20:38:53.966+0000] {dag.py:3427} INFO - Setting next_dagrun for example_skip_dag to 2026-09-29T20:38:53.965784+00:00, run_after=2026-09-30T20:38:53.965784+00:00
[2026-09-30T20:38:53.989+0000] {processor.py:175} INFO - Processing /home/airflow/.local/lib/python3.7/site-packages/airflow/example_dags/example_skip_dag.py took 0.161 seconds
[2026-09-30T20:39:24.498+0000] {processor.py:153} INFO - Started process (PID=14841) to work on /home/airflow/.local/lib/python3.7/site-packages/airflow/example_dags/example_skip_dag.py
[2026-09-30T20:39:24.499+0000] {processor.py:743} INFO - Processing file /home/airflow/.local/lib/python3.7/site-packages/airflow/example_dags/example_skip_dag.py for tasks to queue
[2026-09-30T20:39:24.501+0000] {logging_mixin.py:137} INFO - [2026-09-30T20:39:24.501+0000] {dagbag.py:538} INFO - Filling up the DagBag from /home/airflow/.local/lib/python3.7/site-packages/airflow/example_dags/example_skip_dag.py
[2026-09-30T20:39:24.529+0000] {processor.py:753} INFO - DAG(s) dict_keys(['example_skip_dag']) retrieved from /home/airflow/.local/lib/python3.7/site-packages/airflow/example_dags/example_skip_dag.py
[2026-09-30T20:39:24.586+0000] {logging_mixin.py:137} INFO - [2026-09-30T20:39:24.586+0000] {dag.py:2676} INFO - Sync 1 DAGs
[2026-09-30T20:39:24.622+0000] {logging_mixin.py:137} INFO - [2026-09-30T20:39:24.622+0000] {dag.py:3427} INFO - Setting next_dagrun for example_skip_dag to 2026-09-29T20:39:24.622146+00:00, run_after=2026-09-30T20:39:24.622146+00:00
[2026-09-30T20:39:24.644+0000] {processor.py:175} INFO - Processing /home/airflow/.local/lib/python3.7/site-packages/airflow/example_dags/example_skip_dag.py took 0.151 seconds
[2026-09-30T20:39:54.953+0000] {processor.py:153} INFO - Started process (PID=14920) to work on /home/airflow/.local/lib/python3.7/site-packages/airflow/example_dags/example_skip_dag.py
[2026-09-30T20:39:54.955+0000] {processor.py:743} INFO - Processing file /home/airflow/.local/lib/python3.7/site-packages/airflow/example_dags/example_skip_dag.py for tasks to queue
[2026-09-30T20:39:54.956+0000] {logging_mixin.py:137} INFO - [2026-09-30T20:39:54.956+0000] {dagbag.py:538} INFO - Filling up the DagBag from /home/airflow/.local/lib/python3.7/site-packages/airflow/example_dags/example_skip_dag.py
[2026-09-30T20:39:54.979+0000] {processor.py:753} INFO - DAG(s) dict_keys(['example_skip_dag']) retrieved from /home/airflow/.local/lib/python3.7/site-packages/airflow/example_dags/example_skip_dag.py
[2026-09-30T20:39:55.030+0000] {logging_mixin.py:137} INFO - [2026-09-30T20:39:55.030+0000] {dag.py:2676} INFO - Sync 1 DAGs
[2026-09-30T20:39:55.075+0000] {logging_mixin.py:137} INFO - [2026-09-30T20:39:55.075+0000] {dag.py:3427} INFO - Setting next_dagrun for example_skip_dag to 2026-09-29T20:39:55.075352+00:00, run_after=2026-09-30T20:39:55.075352+00:00
[2026-09-30T20:39:55.102+0000] {processor.py:175} INFO - Processing /home/airflow/.local/lib/python3.7/site-packages/airflow/example_dags/example_skip_dag.py took 0.156 seconds
[2026-09-30T20:40:25.452+0000] {processor.py:153} INFO - Started process (PID=15008) to work on /home/airflow/.local/lib/python3.7/site-packages/airflow/example_dags/example_skip_dag.py
[2026-09-30T20:40:25.453+0000] {processor.py:743} INFO - Processing file /home/airflow/.local/lib/python3.7/site-packages/airflow/example_dags/example_skip_dag.py for tasks to queue
[2026-09-30T20:40:25.454+0000] {logging_mixin.py:137} INFO - [2026-09-30T20:40:25.454+0000] {dagbag.py:538} INFO - Filling up the DagBag from /home/airflow/.local/lib/python3.7/site-packages/airflow/example_dags/example_skip_dag.py
[2026-09-30T20:40:25.472+0000] {processor.py:753} INFO - DAG(s) dict_keys(['example_skip_dag']) retrieved from /home/airflow/.local/lib/python3.7/site-packages/airflow/example_dags/example_skip_dag.py
[2026-09-30T20:40:25.520+0000] {logging_mixin.py:137} INFO - [2026-09-30T20:40:25.520+0000] {dag.py:2676} INFO - Sync 1 DAGs
[2026-09-30T20:40:25.556+0000] {logging_mixin.py:137} INFO - [2026-09-30T20:40:25.556+0000] {dag.py:3427} INFO - Setting next_dagrun for example_skip_dag to 2026-09-29T20:40:25.555913+00:00, run_after=2026-09-30T20:40:25.555913+00:00
[2026-09-30T20:40:25.580+0000] {processor.py:175} INFO - Processing /home/airflow/.local/lib/python3.7/site-packages/airflow/example_dags/example_skip_dag.py took 0.133 seconds
[2026-09-30T20:40:56.169+0000] {processor.py:153} INFO - Started process (PID=15099) to work on /home/airflow/.local/lib/python3.7/site-packages/airflow/example_dags/example_skip_dag.py
[2026-09-30T20:40:56.171+0000] {processor.py:743} INFO - Processing file /home/airflow/.local/lib/python3.7/site-packages/airflow/example_dags/example_skip_dag.py for tasks to queue
[2026-09-30T20:40:56.172+0000] {logging_mixin.py:137} INFO - [2026-09-30T20:40:56.172+0000] {dagbag.py:538} INFO - Filling up the DagBag from /home/airflow/.local/lib/python3.7/site-packages/airflow/example_dags/example_skip_dag.py
[2026-09-30T20:40:56.201+0000] {processor.py:753} INFO - DAG(s) dict_keys(['example_skip_dag']) retrieved from /home/airflow/.local/lib/python3.7/site-packages/airflow/example_dags/example_skip_dag.py
[2026-09-30T20:40:56.258+0000] {logging_mixin.py:137} INFO - [2026-09-30T20:40:56.257+0000] {dag.py:2676} INFO - Sync 1 DAGs
[2026-09-30T20:40:56.287+0000] {logging_mixin.py:137} INFO - [2026-09-30T20:40:56.287+0000] {dag.py:3427} INFO - Setting next_dagrun for example_skip_dag to 2026-09-29T20:40:56.287121+00:00, run_after=2026-09-30T20:40:56.287121+00:00
[2026-09-30T20:40:56.315+0000] {processor.py:175} INFO - Processing /home/airflow/.local/lib/python3.7/site-packages/airflow/example_dags/example_skip_dag.py took 0.151 seconds
[2026-09-30T20:41:26.530+0000] {processor.py:153} INFO - Started process (PID=15178) to work on /home/airflow/.local/lib/python3.7/site-packages/airflow/example_dags/example_skip_dag.py
[2026-09-30T20:41:26.531+0000] {processor.py:743} INFO - Processing file /home/airflow/.local/lib/python3.7/site-packages/airflow/example_dags/example_skip_dag.py for tasks to queue
[2026-09-30T20:41:26.532+0000] {logging_mixin.py:137} INFO - [2026-09-30T20:41:26.532+0000] {dagbag.py:538} INFO - Filling up the DagBag from /home/airflow/.local/lib/python3.7/site-packages/airflow/example_dags/example_skip_dag.py
[2026-09-30T20:41:26.553+0000] {processor.py:753} INFO - DAG(s) dict_keys(['example_skip_dag']) retrieved from /home/airflow/.local/lib/python3.7/site-packages/airflow/example_dags/example_skip_dag.py
[2026-09-30T20:41:26.603+0000] {logging_mixin.py:137} INFO - [2026-09-30T20:41:26.603+0000] {dag.py:2676} INFO - Sync 1 DAGs
[2026-09-30T20:41:26.633+0000] {logging_mixin.py:137} INFO - [2026-09-30T20:41:26.633+0000] {dag.py:3427} INFO - Setting next_dagrun for example_skip_dag to 2026-09-29T20:41:26.633396+00:00, run_after=2026-09-30T20:41:26.633396+00:00
[2026-09-30T20:41:26.659+0000] {processor.py:175} INFO - Processing /home/airflow/.local/lib/python3.7/site-packages/airflow/example_dags/example_skip_dag.py took 0.134 seconds
[2026-09-30T20:41:57.420+0000] {processor.py:153} INFO - Started process (PID=15257) to work on /home/airflow/.local/lib/python3.7/site-packages/airflow/example_dags/example_skip_dag.py
[2026-09-30T20:41:57.421+0000] {processor.py:743} INFO - Processing file /home/airflow/.local/lib/python3.7/site-packages/airflow/example_dags/example_skip_dag.py for tasks to queue
[2026-09-30T20:41:57.422+0000] {logging_mixin.py:137} INFO - [2026-09-30T20:41:57.422+0000] {dagbag.py:538} INFO - Filling up the DagBag from /home/airflow/.local/lib/python3.7/site-packages/airflow/example_dags/example_skip_dag.py
[2026-09-30T20:41:57.442+0000] {processor.py:753} INFO - DAG(s) dict_keys(['example_skip_dag']) retrieved from /home/airflow/.local/lib/python3.7/site-packages/airflow/example_dags/example_skip_dag.py
[2026-09-30T20:41:57.486+0000] {logging_mixin.py:137} INFO - [2026-09-30T20:41:57.486+0000] {dag.py:2676} INFO - Sync 1 DAGs
[2026-09-30T20:41:57.521+0000] {logging_mixin.py:137} INFO - [2026-09-30T20:41:57.520+0000] {dag.py:3427} INFO - Setting next_dagrun for example_skip_dag to 2026-09-29T20:41:57.520471+00:00, run_after=2026-09-30T20:41:57.520471+00:00
[2026-09-30T20:41:57.556+0000] {processor.py:175} INFO - Processing /home/airflow/.local/lib/python3.7/site-packages/airflow/example_dags/example_skip_dag.py took 0.140 seconds
[2026-09-30T20:42:28.173+0000] {processor.py:153} INFO - Started process (PID=15336) to work on /home/airflow/.local/lib/python3.7/site-packages/airflow/example_dags/example_skip_dag.py
[2026-09-30T20:42:28.174+0000] {processor.py:743} INFO - Processing file /home/airflow/.local/lib/python3.7/site-packages/airflow/example_dags/example_skip_dag.py for tasks to queue
[2026-09-30T20:42:28.175+0000] {logging_mixin.py:137} INFO - [2026-09-30T20:42:28.175+0000] {dagbag.py:538} INFO - Filling up the DagBag from /home/airflow/.local/lib/python3.7/site-packages/airflow/example_dags/example_skip_dag.py
[2026-09-30T20:42:28.196+0000] {processor.py:753} INFO - DAG(s) dict_keys(['example_skip_dag']) retrieved from /home/airflow/.local/lib/python3.7/site-packages/airflow/example_dags/example_skip_dag.py
[2026-09-30T20:42:28.248+0000] {logging_mixin.py:137} INFO - [2026-09-30T20:42:28.248+0000] {dag.py:2676} INFO - Sync 1 DAGs
[2026-09-30T20:42:28.283+0000] {logging_mixin.py:137} INFO - [2026-09-30T20:42:28.283+0000] {dag.py:3427} INFO - Setting next_dagrun for example_skip_dag to 2026-09-29T20:42:28.283159+00:00, run_after=2026-09-30T20:42:28.283159+00:00
[2026-09-30T20:42:28.311+0000] {processor.py:175} INFO - Processing /home/airflow/.local/lib/python3.7/site-packages/airflow/example_dags/example_skip_dag.py took 0.142 seconds
[2026-09-30T20:42:58.735+0000] {processor.py:153} INFO - Started process (PID=15435) to work on /home/airflow/.local/lib/python3.7/site-packages/airflow/example_dags/example_skip_dag.py
[2026-09-30T20:42:58.736+0000] {processor.py:743} INFO - Processing file /home/airflow/.local/lib/python3.7/site-packages/airflow/example_dags/example_skip_dag.py for tasks to queue
[2026-09-30T20:42:58.737+0000] {logging_mixin.py:137} INFO - [2026-09-30T20:42:58.737+0000] {dagbag.py:538} INFO - Filling up the DagBag from /home/airflow/.local/lib/python3.7/site-packages/airflow/example_dags/example_skip_dag.py
[2026-09-30T20:42:58.761+0000] {processor.py:753} INFO - DAG(s) dict_keys(['example_skip_dag']) retrieved from /home/airflow/.local/lib/python3.7/site-packages/airflow/example_dags/example_skip_dag.py
[2026-09-30T20:42:58.811+0000] {logging_mixin.py:137} INFO - [2026-09-30T20:42:58.811+0000] {dag.py:2676} INFO - Sync 1 DAGs
[2026-09-30T20:42:58.843+0000] {logging_mixin.py:137} INFO - [2026-09-30T20:42:58.843+0000] {dag.py:3427} INFO - Setting next_dagrun for example_skip_dag to 2026-09-29T20:42:58.843194+00:00, run_after=2026-09-30T20:42:58.843194+00:00
[2026-09-30T20:42:58.868+0000] {processor.py:175} INFO - Processing /home/airflow/.local/lib/python3.7/site-packages/airflow/example_dags/example_skip_dag.py took 0.138 seconds
[2026-09-30T20:43:28.957+0000] {processor.py:153} INFO - Started process (PID=15514) to work on /home/airflow/.local/lib/python3.7/site-packages/airflow/example_dags/example_skip_dag.py
[2026-09-30T20:43:28.958+0000] {processor.py:743} INFO - Processing file /home/airflow/.local/lib/python3.7/site-packages/airflow/example_dags/example_skip_dag.py for tasks to queue
[2026-09-30T20:43:28.959+0000] {logging_mixin.py:137} INFO - [2026-09-30T20:43:28.958+0000] {dagbag.py:538} INFO - Filling up the DagBag from /home/airflow/.local/lib/python3.7/site-packages/airflow/example_dags/example_skip_dag.py
[2026-09-30T20:43:28.973+0000] {processor.py:753} INFO - DAG(s) dict_keys(['example_skip_dag']) retrieved from /home/airflow/.local/lib/python3.7/site-packages/airflow/example_dags/example_skip_dag.py
[2026-09-30T20:43:29.011+0000] {logging_mixin.py:137} INFO - [2026-09-30T20:43:29.011+0000] {dag.py:2676} INFO - Sync 1 DAGs
[2026-09-30T20:43:29.037+0000] {logging_mixin.py:137} INFO - [2026-09-30T20:43:29.037+0000] {dag.py:3427} INFO - Setting next_dagrun for example_skip_dag to 2026-09-29T20:43:29.036708+00:00, run_after=2026-09-30T20:43:29.036708+00:00
[2026-09-30T20:43:29.054+0000] {processor.py:175} INFO - Processing /home/airflow/.local/lib/python3.7/site-packages/airflow/example_dags/example_skip_dag.py took 0.100 seconds
[2026-09-30T20:43:59.287+0000] {processor.py:153} INFO - Started process (PID=15593) to work on /home/airflow/.local/lib/python3.7/site-packages/airflow/example_dags/example_skip_dag.py
[2026-09-30T20:43:59.288+0000] {processor.py:743} INFO - Processing file /home/airflow/.local/lib/python3.7/site-packages/airflow/example_dags/example_skip_dag.py for tasks to queue
[2026-09-30T20:43:59.289+0000] {logging_mixin.py:137} INFO - [2026-09-30T20:43:59.288+0000] {dagbag.py:538} INFO - Filling up the DagBag from /home/airflow/.local/lib/python3.7/site-packages/airflow/example_dags/example_skip_dag.py
[2026-09-30T20:43:59.310+0000] {processor.py:753} INFO - DAG(s) dict_keys(['example_skip_dag']) retrieved from /home/airflow/.local/lib/python3.7/site-packages/airflow/example_dags/example_skip_dag.py
[2026-09-30T20:43:59.375+0000] {logging_mixin.py:137} INFO - [2026-09-30T20:43:59.374+0000] {dag.py:2676} INFO - Sync 1 DAGs
[2026-09-30T20:43:59.408+0000] {logging_mixin.py:137} INFO - [2026-09-30T20:43:59.407+0000] {dag.py:3427} INFO - Setting next_dagrun for example_skip_dag to 2026-09-29T20:43:59.407629+00:00, run_after=2026-09-30T20:43:59.407629+00:00
[2026-09-30T20:43:59.430+0000] {processor.py:175} INFO - Processing /home/airflow/.local/lib/python3.7/site-packages/airflow/example_dags/example_skip_dag.py took 0.147 seconds
[2026-09-30T20:44:29.561+0000] {processor.py:153} INFO - Started process (PID=15672) to work on /home/airflow/.local/lib/python3.7/site-packages/airflow/example_dags/example_skip_dag.py
[2026-09-30T20:44:29.562+0000] {processor.py:743} INFO - Processing file /home/airflow/.local/lib/python3.7/site-packages/airflow/example_dags/example_skip_dag.py for tasks to queue
[2026-09-30T20:44:29.563+0000] {logging_mixin.py:137} INFO - [2026-09-30T20:44:29.563+0000] {dagbag.py:538} INFO - Filling up the DagBag from /home/airflow/.local/lib/python3.7/site-packages/airflow/example_dags/example_skip_dag.py
[2026-09-30T20:44:29.583+0000] {processor.py:753} INFO - DAG(s) dict_keys(['example_skip_dag']) retrieved from /home/airflow/.local/lib/python3.7/site-packages/airflow/example_dags/example_skip_dag.py
[2026-09-30T20:44:29.630+0000] {logging_mixin.py:137} INFO - [2026-09-30T20:44:29.630+0000] {dag.py:2676} INFO - Sync 1 DAGs
[2026-09-30T20:44:29.663+0000] {logging_mixin.py:137} INFO - [2026-09-30T20:44:29.662+0000] {dag.py:3427} INFO - Setting next_dagrun for example_skip_dag to 2026-09-29T20:44:29.662655+00:00, run_after=2026-09-30T20:44:29.662655+00:00
[2026-09-30T20:44:29.689+0000] {processor.py:175} INFO - Processing /home/airflow/.local/lib/python3.7/site-packages/airflow/example_dags/example_skip_dag.py took 0.134 seconds
[2026-09-30T20:45:00.030+0000] {processor.py:153} INFO - Started process (PID=15771) to work on /home/airflow/.local/lib/python3.7/site-packages/airflow/example_dags/example_skip_dag.py
[2026-09-30T20:45:00.031+0000] {processor.py:743} INFO - Processing file /home/airflow/.local/lib/python3.7/site-packages/airflow/example_dags/example_skip_dag.py for tasks to queue
[2026-09-30T20:45:00.032+0000] {logging_mixin.py:137} INFO - [2026-09-30T20:45:00.032+0000] {dagbag.py:538} INFO - Filling up the DagBag from /home/airflow/.local/lib/python3.7/site-packages/airflow/example_dags/example_skip_dag.py
[2026-09-30T20:45:00.051+0000] {processor.py:753} INFO - DAG(s) dict_keys(['example_skip_dag']) retrieved from /home/airflow/.local/lib/python3.7/site-packages/airflow/example_dags/example_skip_dag.py
[2026-09-30T20:45:00.101+0000] {logging_mixin.py:137} INFO - [2026-09-30T20:45:00.100+0000] {dag.py:2676} INFO - Sync 1 DAGs
[2026-09-30T20:45:00.139+0000] {logging_mixin.py:137} INFO - [2026-09-30T20:45:00.138+0000] {dag.py:3427} INFO - Setting next_dagrun for example_skip_dag to 2026-09-29T20:45:00.138534+00:00, run_after=2026-09-30T20:45:00.138534+00:00
[2026-09-30T20:45:00.165+0000] {processor.py:175} INFO - Processing /home/airflow/.local/lib/python3.7/site-packages/airflow/example_dags/example_skip_dag.py took 0.139 seconds
[2026-09-30T20:45:30.613+0000] {processor.py:153} INFO - Started process (PID=15850) to work on /home/airflow/.local/lib/python3.7/site-packages/airflow/example_dags/example_skip_dag.py
[2026-09-30T20:45:30.614+0000] {processor.py:743} INFO - Processing file /home/airflow/.local/lib/python3.7/site-packages/airflow/example_dags/example_skip_dag.py for tasks to queue
[2026-09-30T20:45:30.615+0000] {logging_mixin.py:137} INFO - [2026-09-30T20:45:30.615+0000] {dagbag.py:538} INFO - Filling up the DagBag from /home/airflow/.local/lib/python3.7/site-packages/airflow/example_dags/example_skip_dag.py
[2026-09-30T20:45:30.644+0000] {processor.py:753} INFO - DAG(s) dict_keys(['example_skip_dag']) retrieved from /home/airflow/.local/lib/python3.7/site-packages/airflow/example_dags/example_skip_dag.py
[2026-09-30T20:45:30.694+0000] {logging_mixin.py:137} INFO - [2026-09-30T20:45:30.694+0000] {dag.py:2676} INFO - Sync 1 DAGs
[2026-09-30T20:45:30.733+0000] {logging_mixin.py:137} INFO - [2026-09-30T20:45:30.733+0000] {dag.py:3427} INFO - Setting next_dagrun for example_skip_dag to 2026-09-29T20:45:30.732659+00:00, run_after=2026-09-30T20:45:30.732659+00:00
[2026-09-30T20:45:30.763+0000] {processor.py:175} INFO - Processing /home/airflow/.local/lib/python3.7/site-packages/airflow/example_dags/example_skip_dag.py took 0.153 seconds
[2026-09-30T20:46:01.604+0000] {processor.py:153} INFO - Started process (PID=15929) to work on /home/airflow/.local/lib/python3.7/site-packages/airflow/example_dags/example_skip_dag.py
[2026-09-30T20:46:01.605+0000] {processor.py:743} INFO - Processing file /home/airflow/.local/lib/python3.7/site-packages/airflow/example_dags/example_skip_dag.py for tasks to queue
[2026-09-30T20:46:01.606+0000] {logging_mixin.py:137} INFO - [2026-09-30T20:46:01.606+0000] {dagbag.py:538} INFO - Filling up the DagBag from /home/airflow/.local/lib/python3.7/site-packages/airflow/example_dags/example_skip_dag.py
[2026-09-30T20:46:01.624+0000] {processor.py:753} INFO - DAG(s) dict_keys(['example_skip_dag']) retrieved from /home/airflow/.local/lib/python3.7/site-packages/airflow/example_dags/example_skip_dag.py
[2026-09-30T20:46:01.678+0000] {logging_mixin.py:137} INFO - [2026-09-30T20:46:01.678+0000] {dag.py:2676} INFO - Sync 1 DAGs
[2026-09-30T20:46:01.712+0000] {logging_mixin.py:137} INFO - [2026-09-30T20:46:01.712+0000] {dag.py:3427} INFO - Setting next_dagrun for example_skip_dag to 2026-09-29T20:46:01.712025+00:00, run_after=2026-09-30T20:46:01.712025+00:00
[2026-09-30T20:46:01.738+0000] {processor.py:175} INFO - Processing /home/airflow/.local/lib/python3.7/site-packages/airflow/example_dags/example_skip_dag.py took 0.138 seconds
[2026-09-30T20:46:32.399+0000] {processor.py:153} INFO - Started process (PID=16008) to work on /home/airflow/.local/lib/python3.7/site-packages/airflow/example_dags/example_skip_dag.py
[2026-09-30T20:46:32.400+0000] {processor.py:743} INFO - Processing file /home/airflow/.local/lib/python3.7/site-packages/airflow/example_dags/example_skip_dag.py for tasks to queue
[2026-09-30T20:46:32.401+0000] {logging_mixin.py:137} INFO - [2026-09-30T20:46:32.401+0000] {dagbag.py:538} INFO - Filling up the DagBag from /home/airflow/.local/lib/python3.7/site-packages/airflow/example_dags/example_skip_dag.py
[2026-09-30T20:46:32.419+0000] {processor.py:753} INFO - DAG(s) dict_keys(['example_skip_dag']) retrieved from /home/airflow/.local/lib/python3.7/site-packages/airflow/example_dags/example_skip_dag.py
[2026-09-30T20:46:32.477+0000] {logging_mixin.py:137} INFO - [2026-09-30T20:46:32.477+0000] {dag.py:2676} INFO - Sync 1 DAGs
[2026-09-30T20:46:32.518+0000] {logging_mixin.py:137} INFO - [2026-09-30T20:46:32.518+0000] {dag.py:3427} INFO - Setting next_dagrun for example_skip_dag to 2026-09-29T20:46:32.517884+00:00, run_after=2026-09-30T20:46:32.517884+00:00
[2026-09-30T20:46:32.541+0000] {processor.py:175} INFO - Processing /home/airflow/.local/lib/python3.7/site-packages/airflow/example_dags/example_skip_dag.py took 0.146 seconds
[2026-09-30T20:47:03.073+0000] {processor.py:153} INFO - Started process (PID=16107) to work on /home/airflow/.local/lib/python3.7/site-packages/airflow/example_dags/example_skip_dag.py
[2026-09-30T20:47:03.074+0000] {processor.py:743} INFO - Processing file /home/airflow/.local/lib/python3.7/site-packages/airflow/example_dags/example_skip_dag.py for tasks to queue
[2026-09-30T20:47:03.074+0000] {logging_mixin.py:137} INFO - [2026-09-30T20:47:03.074+0000] {dagbag.py:538} INFO - Filling up the DagBag from /home/airflow/.local/lib/python3.7/site-packages/airflow/example_dags/example_skip_dag.py
[2026-09-30T20:47:03.088+0000] {processor.py:753} INFO - DAG(s) dict_keys(['example_skip_dag']) retrieved from /home/airflow/.local/lib/python3.7/site-packages/airflow/example_dags/example_skip_dag.py
[2026-09-30T20:47:03.122+0000] {logging_mixin.py:137} INFO - [2026-09-30T20:47:03.122+0000] {dag.py:2676} INFO - Sync 1 DAGs
[2026-09-30T20:47:03.145+0000] {logging_mixin.py:137} INFO - [2026-09-30T20:47:03.145+0000] {dag.py:3427} INFO - Setting next_dagrun for example_skip_dag to 2026-09-29T20:47:03.145219+00:00, run_after=2026-09-30T20:47:03.145219+00:00
[2026-09-30T20:47:03.162+0000] {processor.py:175} INFO - Processing /home/airflow/.local/lib/python3.7/site-packages/airflow/example_dags/example_skip_dag.py took 0.092 seconds
[2026-09-30T20:47:34.063+0000] {processor.py:153} INFO - Started process (PID=16187) to work on /home/airflow/.local/lib/python3.7/site-packages/airflow/example_dags/example_skip_dag.py
[2026-09-30T20:47:34.064+0000] {processor.py:743} INFO - Processing file /home/airflow/.local/lib/python3.7/site-packages/airflow/example_dags/example_skip_dag.py for tasks to queue
[2026-09-30T20:47:34.064+0000] {logging_mixin.py:137} INFO - [2026-09-30T20:47:34.064+0000] {dagbag.py:538} INFO - Filling up the DagBag from /home/airflow/.local/lib/python3.7/site-packages/airflow/example_dags/example_skip_dag.py
[2026-09-30T20:47:34.083+0000] {processor.py:753} INFO - DAG(s) dict_keys(['example_skip_dag']) retrieved from /home/airflow/.local/lib/python3.7/site-packages/airflow/example_dags/example_skip_dag.py
[2026-09-30T20:47:34.133+0000] {logging_mixin.py:137} INFO - [2026-09-30T20:47:34.133+0000] {dag.py:2676} INFO - Sync 1 DAGs
[2026-09-30T20:47:34.164+0000] {logging_mixin.py:137} INFO - [2026-09-30T20:47:34.164+0000] {dag.py:3427} INFO - Setting next_dagrun for example_skip_dag to 2026-09-29T20:47:34.164000+00:00, run_after=2026-09-30T20:47:34.164000+00:00
[2026-09-30T20:47:34.188+0000] {processor.py:175} INFO - Processing /home/airflow/.local/lib/python3.7/site-packages/airflow/example_dags/example_skip_dag.py took 0.129 seconds
[2026-09-30T20:48:05.031+0000] {processor.py:153} INFO - Started process (PID=16266) to work on /home/airflow/.local/lib/python3.7/site-packages/airflow/example_dags/example_skip_dag.py
[2026-09-30T20:48:05.033+0000] {processor.py:743} INFO - Processing file /home/airflow/.local/lib/python3.7/site-packages/airflow/example_dags/example_skip_dag.py for tasks to queue
[2026-09-30T20:48:05.034+0000] {logging_mixin.py:137} INFO - [2026-09-30T20:48:05.034+0000] {dagbag.py:538} INFO - Filling up the DagBag from /home/airflow/.local/lib/python3.7/site-packages/airflow/example_dags/example_skip_dag.py
[2026-09-30T20:48:05.063+0000] {processor.py:753} INFO - DAG(s) dict_keys(['example_skip_dag']) retrieved from /home/airflow/.local/lib/python3.7/site-packages/airflow/example_dags/example_skip_dag.py
[2026-09-30T20:48:05.126+0000] {logging_mixin.py:137} INFO - [2026-09-30T20:48:05.126+0000] {dag.py:2676} INFO - Sync 1 DAGs
[2026-09-30T20:48:05.161+0000] {logging_mixin.py:137} INFO - [2026-09-30T20:48:05.160+0000] {dag.py:3427} INFO - Setting next_dagrun for example_skip_dag to 2026-09-29T20:48:05.160530+00:00, run_after=2026-09-30T20:48:05.160530+00:00
[2026-09-30T20:48:05.192+0000] {processor.py:175} INFO - Processing /home/airflow/.local/lib/python3.7/site-packages/airflow/example_dags/example_skip_dag.py took 0.167 seconds
[2026-09-30T20:48:35.544+0000] {processor.py:153} INFO - Started process (PID=16365) to work on /home/airflow/.local/lib/python3.7/site-packages/airflow/example_dags/example_skip_dag.py
[2026-09-30T20:48:35.545+0000] {processor.py:743} INFO - Processing file /home/airflow/.local/lib/python3.7/site-packages/airflow/example_dags/example_skip_dag.py for tasks to queue
[2026-09-30T20:48:35.546+0000] {logging_mixin.py:137} INFO - [2026-09-30T20:48:35.545+0000] {dagbag.py:538} INFO - Filling up the DagBag from /home/airflow/.local/lib/python3.7/site-packages/airflow/example_dags/example_skip_dag.py
[2026-09-30T20:48:35.565+0000] {processor.py:753} INFO - DAG(s) dict_keys(['example_skip_dag']) retrieved from /home/airflow/.local/lib/python3.7/site-packages/airflow/example_dags/example_skip_dag.py
[2026-09-30T20:48:35.614+0000] {logging_mixin.py:137} INFO - [2026-09-30T20:48:35.614+0000] {dag.py:2676} INFO - Sync 1 DAGs
[2026-09-30T20:48:35.663+0000] {logging_mixin.py:137} INFO - [2026-09-30T20:48:35.662+0000] {dag.py:3427} INFO - Setting next_dagrun for example_skip_dag to 2026-09-29T20:48:35.662556+00:00, run_after=2026-09-30T20:48:35.662556+00:00
[2026-09-30T20:48:35.687+0000] {processor.py:175} INFO - Processing /home/airflow/.local/lib/python3.7/site-packages/airflow/example_dags/example_skip_dag.py took 0.147 seconds
[2026-09-30T20:49:06.144+0000] {processor.py:153} INFO - Started process (PID=16444) to work on /home/airflow/.local/lib/python3.7/site-packages/airflow/example_dags/example_skip_dag.py
[2026-09-30T20:49:06.145+0000] {processor.py:743} INFO - Processing file /home/airflow/.local/lib/python3.7/site-packages/airflow/example_dags/example_skip_dag.py for tasks to queue
[2026-09-30T20:49:06.145+0000] {logging_mixin.py:137} INFO - [2026-09-30T20:49:06.145+0000] {dagbag.py:538} INFO - Filling up the DagBag from /home/airflow/.local/lib/python3.7/site-packages/airflow/example_dags/example_skip_dag.py
[2026-09-30T20:49:06.163+0000] {processor.py:753} INFO - DAG(s) dict_keys(['example_skip_dag']) retrieved from /home/airflow/.local/lib/python3.7/site-packages/airflow/example_dags/example_skip_dag.py
[2026-09-30T20:49:06.220+0000] {logging_mixin.py:137} INFO - [2026-09-30T20:49:06.219+0000] {dag.py:2676} INFO - Sync 1 DAGs
[2026-09-30T20:49:06.267+0000] {logging_mixin.py:137} INFO - [2026-09-30T20:49:06.266+0000] {dag.py:3427} INFO - Setting next_dagrun for example_skip_dag to 2026-09-29T20:49:06.266498+00:00, run_after=2026-09-30T20:49:06.266498+00:00
[2026-09-30T20:49:06.303+0000] {processor.py:175} INFO - Processing /home/airflow/.local/lib/python3.7/site-packages/airflow/example_dags/example_skip_dag.py took 0.164 seconds
[2026-09-30T20:49:37.131+0000] {processor.py:153} INFO - Started process (PID=16523) to work on /home/airflow/.local/lib/python3.7/site-packages/airflow/example_dags/example_skip_dag.py
[2026-09-30T20:49:37.132+0000] {processor.py:743} INFO - Processing file /home/airflow/.local/lib/python3.7/site-packages/airflow/example_dags/example_skip_dag.py for tasks to queue
[2026-09-30T20:49:37.133+0000] {logging_mixin.py:137} INFO - [2026-09-30T20:49:37.133+0000] {dagbag.py:538} INFO - Filling up the DagBag from /home/airflow/.local/lib/python3.7/site-packages/airflow/example_dags/example_skip_dag.py
[2026-09-30T20:49:37.163+0000] {processor.py:753} INFO - DAG(s) dict_keys(['example_skip_dag']) retrieved from /home/airflow/.local/lib/python3.7/site-packages/airflow/example_dags/example_skip_dag.py
[2026-09-30T20:49:37.227+0000] {logging_mixin.py:137} INFO - [2026-09-30T20:49:37.227+0000] {dag.py:2676} INFO - Sync 1 DAGs
[2026-09-30T20:49:37.266+0000] {logging_mixin.py:137} INFO - [2026-09-30T20:49:37.266+0000] {dag.py:3427} INFO - Setting next_dagrun for example_skip_dag to 2026-09-29T20:49:37.265714+00:00, run_after=2026-09-30T20:49:37.265714+00:00
[2026-09-30T20:49:37.299+0000] {processor.py:175} INFO - Processing /home/airflow/.local/lib/python3.7/site-packages/airflow/example_dags/example_skip_dag.py took 0.174 seconds
[2026-09-30T20:50:07.453+0000] {processor.py:153} INFO - Started process (PID=16602) to work on /home/airflow/.local/lib/python3.7/site-packages/airflow/example_dags/example_skip_dag.py
[2026-09-30T20:50:07.454+0000] {processor.py:743} INFO - Processing file /home/airflow/.local/lib/python3.7/site-packages/airflow/example_dags/example_skip_dag.py for tasks to queue
[2026-09-30T20:50:07.454+0000] {logging_mixin.py:137} INFO - [2026-09-30T20:50:07.454+0000] {dagbag.py:538} INFO - Filling up the DagBag from /home/airflow/.local/lib/python3.7/site-packages/airflow/example_dags/example_skip_dag.py
[2026-09-30T20:50:07.474+0000] {processor.py:753} INFO - DAG(s) dict_keys(['example_skip_dag']) retrieved from /home/airflow/.local/lib/python3.7/site-packages/airflow/example_dags/example_skip_dag.py
[2026-09-30T20:50:07.518+0000] {logging_mixin.py:137} INFO - [2026-09-30T20:50:07.518+0000] {dag.py:2676} INFO - Sync 1 DAGs
[2026-09-30T20:50:07.560+0000] {logging_mixin.py:137} INFO - [2026-09-30T20:50:07.560+0000] {dag.py:3427} INFO - Setting next_dagrun for example_skip_dag to 2026-09-29T20:50:07.559590+00:00, run_after=2026-09-30T20:50:07.559590+00:00
[2026-09-30T20:50:07.592+0000] {processor.py:175} INFO - Processing /home/airflow/.local/lib/python3.7/site-packages/airflow/example_dags/example_skip_dag.py took 0.143 seconds
[2026-09-30T20:50:37.681+0000] {processor.py:153} INFO - Started process (PID=16701) to work on /home/airflow/.local/lib/python3.7/site-packages/airflow/example_dags/example_skip_dag.py
[2026-09-30T20:50:37.682+0000] {processor.py:743} INFO - Processing file /home/airflow/.local/lib/python3.7/site-packages/airflow/example_dags/example_skip_dag.py for tasks to queue
[2026-09-30T20:50:37.683+0000] {logging_mixin.py:137} INFO - [2026-09-30T20:50:37.683+0000] {dagbag.py:538} INFO - Filling up the DagBag from /home/airflow/.local/lib/python3.7/site-packages/airflow/example_dags/example_skip_dag.py
[2026-09-30T20:50:37.702+0000] {processor.py:753} INFO - DAG(s) dict_keys(['example_skip_dag']) retrieved from /home/airflow/.local/lib/python3.7/site-packages/airflow/example_dags/example_skip_dag.py
[2026-09-30T20:50:37.754+0000] {logging_mixin.py:137} INFO - [2026-09-30T20:50:37.754+0000] {dag.py:2676} INFO - Sync 1 DAGs
[2026-09-30T20:50:37.789+0000] {logging_mixin.py:137} INFO - [2026-09-30T20:50:37.789+0000] {dag.py:3427} INFO - Setting next_dagrun for example_skip_dag to 2026-09-29T20:50:37.788876+00:00, run_after=2026-09-30T20:50:37.788876+00:00
[2026-09-30T20:50:37.814+0000] {processor.py:175} INFO - Processing /home/airflow/.local/lib/python3.7/site-packages/airflow/example_dags/example_skip_dag.py took 0.136 seconds
[2026-09-30T20:51:07.938+0000] {processor.py:153} INFO - Started process (PID=16780) to work on /home/airflow/.local/lib/python3.7/site-packages/airflow/example_dags/example_skip_dag.py
[2026-09-30T20:51:07.939+0000] {processor.py:743} INFO - Processing file /home/airflow/.local/lib/python3.7/site-packages/airflow/example_dags/example_skip_dag.py for tasks to queue
[2026-09-30T20:51:07.940+0000] {logging_mixin.py:137} INFO - [2026-09-30T20:51:07.940+0000] {dagbag.py:538} INFO - Filling up the DagBag from /home/airflow/.local/lib/python3.7/site-packages/airflow/example_dags/example_skip_dag.py
[2026-09-30T20:51:07.959+0000] {processor.py:753} INFO - DAG(s) dict_keys(['example_skip_dag']) retrieved from /home/airflow/.local/lib/python3.7/site-packages/airflow/example_dags/example_skip_dag.py
[2026-09-30T20:51:08.013+0000] {logging_mixin.py:137} INFO - [2026-09-30T20:51:08.013+0000] {dag.py:2676} INFO - Sync 1 DAGs
[2026-09-30T20:51:08.053+0000] {logging_mixin.py:137} INFO - [2026-09-30T20:51:08.053+0000] {dag.py:3427} INFO - Setting next_dagrun for example_skip_dag to 2026-09-29T20:51:08.052864+00:00, run_after=2026-09-30T20:51:08.052864+00:00
[2026-09-30T20:51:08.082+0000] {processor.py:175} INFO - Processing /home/airflow/.local/lib/python3.7/site-packages/airflow/example_dags/example_skip_dag.py took 0.147 seconds
[2026-09-30T20:51:38.533+0000] {processor.py:153} INFO - Started process (PID=16859) to work on /home/airflow/.local/lib/python3.7/site-packages/airflow/example_dags/example_skip_dag.py
[2026-09-30T20:51:38.534+0000] {processor.py:743} INFO - Processing file /home/airflow/.local/lib/python3.7/site-packages/airflow/example_dags/example_skip_dag.py for tasks to queue
[2026-09-30T20:51:38.535+0000] {logging_mixin.py:137} INFO - [2026-09-30T20:51:38.535+0000] {dagbag.py:538} INFO - Filling up the DagBag from /home/airflow/.local/lib/python3.7/site-packages/airflow/example_dags/example_skip_dag.py
[2026-09-30T20:51:38.557+0000] {processor.py:753} INFO - DAG(s) dict_keys(['example_skip_dag']) retrieved from /home/airflow/.local/lib/python3.7/site-packages/airflow/example_dags/example_skip_dag.py
[2026-09-30T20:51:38.616+0000] {logging_mixin.py:137} INFO - [2026-09-30T20:51:38.616+0000] {dag.py:2676} INFO - Sync 1 DAGs
[2026-09-30T20:51:38.669+0000] {logging_mixin.py:137} INFO - [2026-09-30T20:51:38.669+0000] {dag.py:3427} INFO - Setting next_dagrun for example_skip_dag to 2026-09-29T20:51:38.668618+00:00, run_after=2026-09-30T20:51:38.668618+00:00
[2026-09-30T20:51:38.705+0000] {processor.py:175} INFO - Processing /home/airflow/.local/lib/python3.7/site-packages/airflow/example_dags/example_skip_dag.py took 0.177 seconds
[2026-09-30T20:52:08.956+0000] {processor.py:153} INFO - Started process (PID=16938) to work on /home/airflow/.local/lib/python3.7/site-packages/airflow/example_dags/example_skip_dag.py
[2026-09-30T20:52:08.957+0000] {processor.py:743} INFO - Processing file /home/airflow/.local/lib/python3.7/site-packages/airflow/example_dags/example_skip_dag.py for tasks to queue
[2026-09-30T20:52:08.958+0000] {logging_mixin.py:137} INFO - [2026-09-30T20:52:08.958+0000] {dagbag.py:538} INFO - Filling up the DagBag from /home/airflow/.local/lib/python3.7/site-packages/airflow/example_dags/example_skip_dag.py
[2026-09-30T20:52:08.980+0000] {processor.py:753} INFO - DAG(s) dict_keys(['example_skip_dag']) retrieved from /home/airflow/.local/lib/python3.7/site-packages/airflow/example_dags/example_skip_dag.py
[2026-09-30T20:52:09.041+0000] {logging_mixin.py:137} INFO - [2026-09-30T20:52:09.041+0000] {dag.py:2676} INFO - Sync 1 DAGs
[2026-09-30T20:52:09.087+0000] {logging_mixin.py:137} INFO - [2026-09-30T20:52:09.086+0000] {dag.py:3427} INFO - Setting next_dagrun for example_skip_dag to 2026-09-29T20:52:09.086510+00:00, run_after=2026-09-30T20:52:09.086510+00:00
[2026-09-30T20:52:09.115+0000] {processor.py:175} INFO - Processing /home/airflow/.local/lib/python3.7/site-packages/airflow/example_dags/example_skip_dag.py took 0.163 seconds
[2026-09-30T20:52:39.471+0000] {processor.py:153} INFO - Started process (PID=17037) to work on /home/airflow/.local/lib/python3.7/site-packages/airflow/example_dags/example_skip_dag.py
[2026-09-30T20:52:39.472+0000] {processor.py:743} INFO - Processing file /home/airflow/.local/lib/python3.7/site-packages/airflow/example_dags/example_skip_dag.py for tasks to queue
[2026-09-30T20:52:39.473+0000] {logging_mixin.py:137} INFO - [2026-09-30T20:52:39.473+0000] {dagbag.py:538} INFO - Filling up the DagBag from /home/airflow/.local/lib/python3.7/site-packages/airflow/example_dags/example_skip_dag.py
[2026-09-30T20:52:39.495+0000] {processor.py:753} INFO - DAG(s) dict_keys(['example_skip_dag']) retrieved from /home/airflow/.local/lib/python3.7/site-packages/airflow/example_dags/example_skip_dag.py
[2026-09-30T20:52:39.554+0000] {logging_mixin.py:137} INFO - [2026-09-30T20:52:39.554+0000] {dag.py:2676} INFO - Sync 1 DAGs
[2026-09-30T20:52:39.586+0000] {logging_mixin.py:137} INFO - [2026-09-30T20:52:39.585+0000] {dag.py:3427} INFO - Setting next_dagrun for example_skip_dag to 2026-09-29T20:52:39.585661+00:00, run_after=2026-09-30T20:52:39.585661+00:00
[2026-09-30T20:52:39.606+0000] {processor.py:175} INFO - Processing /home/airflow/.local/lib/python3.7/site-packages/airflow/example_dags/example_skip_dag.py took 0.142 seconds
[2026-09-30T20:53:09.996+0000] {processor.py:153} INFO - Started process (PID=17116) to work on /home/airflow/.local/lib/python3.7/site-packages/airflow/example_dags/example_skip_dag.py
[2026-09-30T20:53:09.998+0000] {processor.py:743} INFO - Processing file /home/airflow/.local/lib/python3.7/site-packages/airflow/example_dags/example_skip_dag.py for tasks to queue
[2026-09-30T20:53:09.999+0000] {logging_mixin.py:137} INFO - [2026-09-30T20:53:09.999+0000] {dagbag.py:538} INFO - Filling up the DagBag from /home/airflow/.local/lib/python3.7/site-packages/airflow/example_dags/example_skip_dag.py
[2026-09-30T20:53:10.028+0000] {processor.py:753} INFO - DAG(s) dict_keys(['example_skip_dag']) retrieved from /home/airflow/.local/lib/python3.7/site-packages/airflow/example_dags/example_skip_dag.py
[2026-09-30T20:53:10.103+0000] {logging_mixin.py:137} INFO - [2026-09-30T20:53:10.103+0000] {dag.py:2676} INFO - Sync 1 DAGs
[2026-09-30T20:53:10.153+0000] {logging_mixin.py:137} INFO - [2026-09-30T20:53:10.152+0000] {dag.py:3427} INFO - Setting next_dagrun for example_skip_dag to 2026-09-29T20:53:10.152419+00:00, run_after=2026-09-30T20:53:10.152419+00:00
[2026-09-30T20:53:10.182+0000] {processor.py:175} INFO - Processing /home/airflow/.local/lib/python3.7/site-packages/airflow/example_dags/example_skip_dag.py took 0.193 seconds
[2026-09-30T20:53:40.309+0000] {processor.py:153} INFO - Started process (PID=17195) to work on /home/airflow/.local/lib/python3.7/site-packages/airflow/example_dags/example_skip_dag.py
[2026-09-30T20:53:40.310+0000] {processor.py:743} INFO - Processing file /home/airflow/.local/lib/python3.7/site-packages/airflow/example_dags/example_skip_dag.py for tasks to queue
[2026-09-30T20:53:40.311+0000] {logging_mixin.py:137} INFO - [2026-09-30T20:53:40.311+0000] {dagbag.py:538} INFO - Filling up the DagBag from /home/airflow/.local/lib/python3.7/site-packages/airflow/example_dags/example_skip_dag.py
[2026-09-30T20:53:40.332+0000] {processor.py:753} INFO - DAG(s) dict_keys(['example_skip_dag']) retrieved from /home/airflow/.local/lib/python3.7/site-packages/airflow/example_dags/example_skip_dag.py
[2026-09-30T20:53:40.379+0000] {logging_mixin.py:137} INFO - [2026-09-30T20:53:40.378+0000] {dag.py:2676} INFO - Sync 1 DAGs
[2026-09-30T20:53:40.412+0000] {logging_mixin.py:137} INFO - [2026-09-30T20:53:40.412+0000] {dag.py:3427} INFO - Setting next_dagrun for example_skip_dag to 2026-09-29T20:53:40.412161+00:00, run_after=2026-09-30T20:53:40.412161+00:00
[2026-09-30T20:53:40.439+0000] {processor.py:175} INFO - Processing /home/airflow/.local/lib/python3.7/site-packages/airflow/example_dags/example_skip_dag.py took 0.134 seconds
[2026-09-30T20:54:10.798+0000] {processor.py:153} INFO - Started process (PID=17274) to work on /home/airflow/.local/lib/python3.7/site-packages/airflow/example_dags/example_skip_dag.py
[2026-09-30T20:54:10.799+0000] {processor.py:743} INFO - Processing file /home/airflow/.local/lib/python3.7/site-packages/airflow/example_dags/example_skip_dag.py for tasks to queue
[2026-09-30T20:54:10.800+0000] {logging_mixin.py:137} INFO - [2026-09-30T20:54:10.800+0000] {dagbag.py:538} INFO - Filling up the DagBag from /home/airflow/.local/lib/python3.7/site-packages/airflow/example_dags/example_skip_dag.py
[2026-09-30T20:54:10.818+0000] {processor.py:753} INFO - DAG(s) dict_keys(['example_skip_dag']) retrieved from /home/airflow/.local/lib/python3.7/site-packages/airflow/example_dags/example_skip_dag.py
[2026-09-30T20:54:10.864+0000] {logging_mixin.py:137} INFO - [2026-09-30T20:54:10.864+0000] {dag.py:2676} INFO - Sync 1 DAGs
[2026-09-30T20:54:10.895+0000] {logging_mixin.py:137} INFO - [2026-09-30T20:54:10.895+0000] {dag.py:3427} INFO - Setting next_dagrun for example_skip_dag to 2026-09-29T20:54:10.894656+00:00, run_after=2026-09-30T20:54:10.894656+00:00
[2026-09-30T20:54:10.921+0000] {processor.py:175} INFO - Processing /home/airflow/.local/lib/python3.7/site-packages/airflow/example_dags/example_skip_dag.py took 0.127 seconds
[2026-09-30T20:54:41.077+0000] {processor.py:153} INFO - Started process (PID=17372) to work on /home/airflow/.local/lib/python3.7/site-packages/airflow/example_dags/example_skip_dag.py
[2026-09-30T20:54:41.078+0000] {processor.py:743} INFO - Processing file /home/airflow/.local/lib/python3.7/site-packages/airflow/example_dags/example_skip_dag.py for tasks to queue
[2026-09-30T20:54:41.079+0000] {logging_mixin.py:137} INFO - [2026-09-30T20:54:41.079+0000] {dagbag.py:538} INFO - Filling up the DagBag from /home/airflow/.local/lib/python3.7/site-packages/airflow/example_dags/example_skip_dag.py
[2026-09-30T20:54:41.099+0000] {processor.py:753} INFO - DAG(s) dict_keys(['example_skip_dag']) retrieved from /home/airflow/.local/lib/python3.7/site-packages/airflow/example_dags/example_skip_dag.py
[2026-09-30T20:54:41.150+0000] {logging_mixin.py:137} INFO - [2026-09-30T20:54:41.150+0000] {dag.py:2676} INFO - Sync 1 DAGs
[2026-09-30T20:54:41.189+0000] {logging_mixin.py:137} INFO - [2026-09-30T20:54:41.189+0000] {dag.py:3427} INFO - Setting next_dagrun for example_skip_dag to 2026-09-29T20:54:41.189175+00:00, run_after=2026-09-30T20:54:41.189175+00:00
[2026-09-30T20:54:41.215+0000] {processor.py:175} INFO - Processing /home/airflow/.local/lib/python3.7/site-packages/airflow/example_dags/example_skip_dag.py took 0.142 seconds
[2026-09-30T20:55:11.349+0000] {processor.py:153} INFO - Started process (PID=17450) to work on /home/airflow/.local/lib/python3.7/site-packages/airflow/example_dags/example_skip_dag.py
[2026-09-30T20:55:11.350+0000] {processor.py:743} INFO - Processing file /home/airflow/.local/lib/python3.7/site-packages/airflow/example_dags/example_skip_dag.py for tasks to queue
[2026-09-30T20:55:11.351+0000] {logging_mixin.py:137} INFO - [2026-09-30T20:55:11.351+0000] {dagbag.py:538} INFO - Filling up the DagBag from /home/airflow/.local/lib/python3.7/site-packages/airflow/example_dags/example_skip_dag.py
[2026-09-30T20:55:11.372+0000] {processor.py:753} INFO - DAG(s) dict_keys(['example_skip_dag']) retrieved from /home/airflow/.local/lib/python3.7/site-packages/airflow/example_dags/example_skip_dag.py
[2026-09-30T20:55:11.433+0000] {logging_mixin.py:137} INFO - [2026-09-30T20:55:11.433+0000] {dag.py:2676} INFO - Sync 1 DAGs
[2026-09-30T20:55:11.470+0000] {logging_mixin.py:137} INFO - [2026-09-30T20:55:11.469+0000] {dag.py:3427} INFO - Setting next_dagrun for example_skip_dag to 2026-09-29T20:55:11.469516+00:00, run_after=2026-09-30T20:55:11.469516+00:00
[2026-09-30T20:55:11.491+0000] {processor.py:175} INFO - Processing /home/airflow/.local/lib/python3.7/site-packages/airflow/example_dags/example_skip_dag.py took 0.145 seconds
[2026-09-30T20:55:41.929+0000] {processor.py:153} INFO - Started process (PID=17529) to work on /home/airflow/.local/lib/python3.7/site-packages/airflow/example_dags/example_skip_dag.py
[2026-09-30T20:55:41.930+0000] {processor.py:743} INFO - Processing file /home/airflow/.local/lib/python3.7/site-packages/airflow/example_dags/example_skip_dag.py for tasks to queue
[2026-09-30T20:55:41.931+0000] {logging_mixin.py:137} INFO - [2026-09-30T20:55:41.931+0000] {dagbag.py:538} INFO - Filling up the DagBag from /home/airflow/.local/lib/python3.7/site-packages/airflow/example_dags/example_skip_dag.py
[2026-09-30T20:55:41.956+0000] {processor.py:753} INFO - DAG(s) dict_keys(['example_skip_dag']) retrieved from /home/airflow/.local/lib/python3.7/site-packages/airflow/example_dags/example_skip_dag.py
[2026-09-30T20:55:42.019+0000] {logging_mixin.py:137} INFO - [2026-09-30T20:55:42.019+0000] {dag.py:2676} INFO - Sync 1 DAGs
[2026-09-30T20:55:42.050+0000] {logging_mixin.py:137} INFO - [2026-09-30T20:55:42.050+0000] {dag.py:3427} INFO - Setting next_dagrun for example_skip_dag to 2026-09-29T20:55:42.049717+00:00, run_after=2026-09-30T20:55:42.049717+00:00
[2026-09-30T20:55:42.073+0000] {processor.py:175} INFO - Processing /home/airflow/.local/lib/python3.7/site-packages/airflow/example_dags/example_skip_dag.py took 0.148 seconds
[2026-09-30T20:56:12.792+0000] {processor.py:153} INFO - Started process (PID=17608) to work on /home/airflow/.local/lib/python3.7/site-packages/airflow/example_dags/example_skip_dag.py
[2026-09-30T20:56:12.793+0000] {processor.py:743} INFO - Processing file /home/airflow/.local/lib/python3.7/site-packages/airflow/example_dags/example_skip_dag.py for tasks to queue
[2026-09-30T20:56:12.794+0000] {logging_mixin.py:137} INFO - [2026-09-30T20:56:12.794+0000] {dagbag.py:538} INFO - Filling up the DagBag from /home/airflow/.local/lib/python3.7/site-packages/airflow/example_dags/example_skip_dag.py
[2026-09-30T20:56:12.815+0000] {processor.py:753} INFO - DAG(s) dict_keys(['example_skip_dag']) retrieved from /home/airflow/.local/lib/python3.7/site-packages/airflow/example_dags/example_skip_dag.py
[2026-09-30T20:56:12.861+0000] {logging_mixin.py:137} INFO - [2026-09-30T20:56:12.861+0000] {dag.py:2676} INFO - Sync 1 DAGs
[2026-09-30T20:56:12.891+0000] {logging_mixin.py:137} INFO - [2026-09-30T20:56:12.891+0000] {dag.py:3427} INFO - Setting next_dagrun for example_skip_dag to 2026-09-29T20:56:12.890818+00:00, run_after=2026-09-30T20:56:12.890818+00:00
[2026-09-30T20:56:12.912+0000] {processor.py:175} INFO - Processing /home/airflow/.local/lib/python3.7/site-packages/airflow/example_dags/example_skip_dag.py took 0.126 seconds
[2026-09-30T20:56:43.073+0000] {processor.py:153} INFO - Started process (PID=17707) to work on /home/airflow/.local/lib/python3.7/site-packages/airflow/example_dags/example_skip_dag.py
[2026-09-30T20:56:43.074+0000] {processor.py:743} INFO - Processing file /home/airflow/.local/lib/python3.7/site-packages/airflow/example_dags/example_skip_dag.py for tasks to queue
[2026-09-30T20:56:43.076+0000] {logging_mixin.py:137} INFO - [2026-09-30T20:56:43.075+0000] {dagbag.py:538} INFO - Filling up the DagBag from /home/airflow/.local/lib/python3.7/site-packages/airflow/example_dags/example_skip_dag.py
[2026-09-30T20:56:43.095+0000] {processor.py:753} INFO - DAG(s) dict_keys(['example_skip_dag']) retrieved from /home/airflow/.local/lib/python3.7/site-packages/airflow/example_dags/example_skip_dag.py
[2026-09-30T20:56:43.146+0000] {logging_mixin.py:137} INFO - [2026-09-30T20:56:43.146+0000] {dag.py:2676} INFO - Sync 1 DAGs
[2026-09-30T20:56:43.187+0000] {logging_mixin.py:137} INFO - [2026-09-30T20:56:43.187+0000] {dag.py:3427} INFO - Setting next_dagrun for example_skip_dag to 2026-09-29T20:56:43.187013+00:00, run_after=2026-09-30T20:56:43.187013+00:00
[2026-09-30T20:56:43.217+0000] {processor.py:175} INFO - Processing /home/airflow/.local/lib/python3.7/site-packages/airflow/example_dags/example_skip_dag.py took 0.148 seconds
[2026-09-30T20:57:13.638+0000] {processor.py:153} INFO - Started process (PID=17786) to work on /home/airflow/.local/lib/python3.7/site-packages/airflow/example_dags/example_skip_dag.py
[2026-09-30T20:57:13.639+0000] {processor.py:743} INFO - Processing file /home/airflow/.local/lib/python3.7/site-packages/airflow/example_dags/example_skip_dag.py for tasks to queue
[2026-09-30T20:57:13.639+0000] {logging_mixin.py:137} INFO - [2026-09-30T20:57:13.639+0000] {dagbag.py:538} INFO - Filling up the DagBag from /home/airflow/.local/lib/python3.7/site-packages/airflow/example_dags/example_skip_dag.py
[2026-09-30T20:57:13.663+0000] {processor.py:753} INFO - DAG(s) dict_keys(['example_skip_dag']) retrieved from /home/airflow/.local/lib/python3.7/site-packages/airflow/example_dags/example_skip_dag.py
[2026-09-30T20:57:13.718+0000] {logging_mixin.py:137} INFO - [2026-09-30T20:57:13.717+0000] {dag.py:2676} INFO - Sync 1 DAGs
[2026-09-30T20:57:13.756+0000] {logging_mixin.py:137} INFO - [2026-09-30T20:57:13.756+0000] {dag.py:3427} INFO - Setting next_dagrun for example_skip_dag to 2026-09-29T20:57:13.756028+00:00, run_after=2026-09-30T20:57:13.756028+00:00
[2026-09-30T20:57:13.782+0000] {processor.py:175} INFO - Processing /home/airflow/.local/lib/python3.7/site-packages/airflow/example_dags/example_skip_dag.py took 0.148 seconds
[2026-09-30T20:57:44.269+0000] {processor.py:153} INFO - Started process (PID=17865) to work on /home/airflow/.local/lib/python3.7/site-packages/airflow/example_dags/example_skip_dag.py
[2026-09-30T20:57:44.270+0000] {processor.py:743} INFO - Processing file /home/airflow/.local/lib/python3.7/site-packages/airflow/example_dags/example_skip_dag.py for tasks to queue
[2026-09-30T20:57:44.270+0000] {logging_mixin.py:137} INFO - [2026-09-30T20:57:44.270+0000] {dagbag.py:538} INFO - Filling up the DagBag from /home/airflow/.local/lib/python3.7/site-packages/airflow/example_dags/example_skip_dag.py
[2026-09-30T20:57:44.299+0000] {processor.py:753} INFO - DAG(s) dict_keys(['example_skip_dag']) retrieved from /home/airflow/.local/lib/python3.7/site-packages/airflow/example_dags/example_skip_dag.py
[2026-09-30T20:57:44.371+0000] {logging_mixin.py:137} INFO - [2026-09-30T20:57:44.370+0000] {dag.py:2676} INFO - Sync 1 DAGs
[2026-09-30T20:57:44.419+0000] {logging_mixin.py:137} INFO - [2026-09-30T20:57:44.418+0000] {dag.py:3427} INFO - Setting next_dagrun for example_skip_dag to 2026-09-29T20:57:44.418546+00:00, run_after=2026-09-30T20:57:44.418546+00:00
[2026-09-30T20:57:44.445+0000] {processor.py:175} INFO - Processing /home/airflow/.local/lib/python3.7/site-packages/airflow/example_dags/example_skip_dag.py took 0.180 seconds
[2026-09-30T20:58:14.620+0000] {processor.py:153} INFO - Started process (PID=17944) to work on /home/airflow/.local/lib/python3.7/site-packages/airflow/example_dags/example_skip_dag.py
[2026-09-30T20:58:14.621+0000] {processor.py:743} INFO - Processing file /home/airflow/.local/lib/python3.7/site-packages/airflow/example_dags/example_skip_dag.py for tasks to queue
[2026-09-30T20:58:14.622+0000] {logging_mixin.py:137} INFO - [2026-09-30T20:58:14.622+0000] {dagbag.py:538} INFO - Filling up the DagBag from /home/airflow/.local/lib/python3.7/site-packages/airflow/example_dags/example_skip_dag.py
[2026-09-30T20:58:14.641+0000] {processor.py:753} INFO - DAG(s) dict_keys(['example_skip_dag']) retrieved from /home/airflow/.local/lib/python3.7/site-packages/airflow/example_dags/example_skip_dag.py
[2026-09-30T20:58:14.699+0000] {logging_mixin.py:137} INFO - [2026-09-30T20:58:14.699+0000] {dag.py:2676} INFO - Sync 1 DAGs
[2026-09-30T20:58:14.739+0000] {logging_mixin.py:137} INFO - [2026-09-30T20:58:14.738+0000] {dag.py:3427} INFO - Setting next_dagrun for example_skip_dag to 2026-09-29T20:58:14.738359+00:00, run_after=2026-09-30T20:58:14.738359+00:00
[2026-09-30T20:58:14.764+0000] {processor.py:175} INFO - Processing /home/airflow/.local/lib/python3.7/site-packages/airflow/example_dags/example_skip_dag.py took 0.149 seconds
[2026-09-30T20:58:45.282+0000] {processor.py:153} INFO - Started process (PID=18043) to work on /home/airflow/.local/lib/python3.7/site-packages/airflow/example_dags/example_skip_dag.py
[2026-09-30T20:58:45.283+0000] {processor.py:743} INFO - Processing file /home/airflow/.local/lib/python3.7/site-packages/airflow/example_dags/example_skip_dag.py for tasks to queue
[2026-09-30T20:58:45.283+0000] {logging_mixin.py:137} INFO - [2026-09-30T20:58:45.283+0000] {dagbag.py:538} INFO - Filling up the DagBag from /home/airflow/.local/lib/python3.7/site-packages/airflow/example_dags/example_skip_dag.py
[2026-09-30T20:58:45.303+0000] {processor.py:753} INFO - DAG(s) dict_keys(['example_skip_dag']) retrieved from /home/airflow/.local/lib/python3.7/site-packages/airflow/example_dags/example_skip_dag.py
[2026-09-30T20:58:45.359+0000] {logging_mixin.py:137} INFO - [2026-09-30T20:58:45.359+0000] {dag.py:2676} INFO - Sync 1 DAGs
[2026-09-30T20:58:45.396+0000] {logging_mixin.py:137} INFO - [2026-09-30T20:58:45.395+0000] {dag.py:3427} INFO - Setting next_dagrun for example_skip_dag to 2026-09-29T20:58:45.395643+00:00, run_after=2026-09-30T20:58:45.395643+00:00
[2026-09-30T20:58:45.417+0000] {processor.py:175} INFO - Processing /home/airflow/.local/lib/python3.7/site-packages/airflow/example_dags/example_skip_dag.py took 0.139 seconds
[2026-09-30T20:59:16.363+0000] {processor.py:153} INFO - Started process (PID=18122) to work on /home/airflow/.local/lib/python3.7/site-packages/airflow/example_dags/example_skip_dag.py
[2026-09-30T20:59:16.365+0000] {processor.py:743} INFO - Processing file /home/airflow/.local/lib/python3.7/site-packages/airflow/example_dags/example_skip_dag.py for tasks to queue
[2026-09-30T20:59:16.366+0000] {logging_mixin.py:137} INFO - [2026-09-30T20:59:16.366+0000] {dagbag.py:538} INFO - Filling up the DagBag from /home/airflow/.local/lib/python3.7/site-packages/airflow/example_dags/example_skip_dag.py
[2026-09-30T20:59:16.395+0000] {processor.py:753} INFO - DAG(s) dict_keys(['example_skip_dag']) retrieved from /home/airflow/.local/lib/python3.7/site-packages/airflow/example_dags/example_skip_dag.py
[2026-09-30T20:59:16.467+0000] {logging_mixin.py:137} INFO - [2026-09-30T20:59:16.466+0000] {dag.py:2676} INFO - Sync 1 DAGs
[2026-09-30T20:59:16.513+0000] {logging_mixin.py:137} INFO - [2026-09-30T20:59:16.513+0000] {dag.py:3427} INFO - Setting next_dagrun for example_skip_dag to 2026-09-29T20:59:16.513237+00:00, run_after=2026-09-30T20:59:16.513237+00:00
[2026-09-30T20:59:16.540+0000] {processor.py:175} INFO - Processing /home/airflow/.local/lib/python3.7/site-packages/airflow/example_dags/example_skip_dag.py took 0.182 seconds
[2026-09-30T20:59:46.919+0000] {processor.py:153} INFO - Started process (PID=18201) to work on /home/airflow/.local/lib/python3.7/site-packages/airflow/example_dags/example_skip_dag.py
[2026-09-30T20:59:46.919+0000] {processor.py:743} INFO - Processing file /home/airflow/.local/lib/python3.7/site-packages/airflow/example_dags/example_skip_dag.py for tasks to queue
[2026-09-30T20:59:46.920+0000] {logging_mixin.py:137} INFO - [2026-09-30T20:59:46.920+0000] {dagbag.py:538} INFO - Filling up the DagBag from /home/airflow/.local/lib/python3.7/site-packages/airflow/example_dags/example_skip_dag.py
[2026-09-30T20:59:46.939+0000] {processor.py:753} INFO - DAG(s) dict_keys(['example_skip_dag']) retrieved from /home/airflow/.local/lib/python3.7/site-packages/airflow/example_dags/example_skip_dag.py
[2026-09-30T20:59:46.987+0000] {logging_mixin.py:137} INFO - [2026-09-30T20:59:46.986+0000] {dag.py:2676} INFO - Sync 1 DAGs
[2026-09-30T20:59:47.022+0000] {logging_mixin.py:137} INFO - [2026-09-30T20:59:47.022+0000] {dag.py:3427} INFO - Setting next_dagrun for example_skip_dag to 2026-09-29T20:59:47.022037+00:00, run_after=2026-09-30T20:59:47.022037+00:00
[2026-09-30T20:59:47.043+0000] {processor.py:175} INFO - Processing /home/airflow/.local/lib/python3.7/site-packages/airflow/example_dags/example_skip_dag.py took 0.128 seconds
[2026-09-30T21:00:17.814+0000] {processor.py:153} INFO - Started process (PID=18289) to work on /home/airflow/.local/lib/python3.7/site-packages/airflow/example_dags/example_skip_dag.py
[2026-09-30T21:00:17.816+0000] {processor.py:743} INFO - Processing file /home/airflow/.local/lib/python3.7/site-packages/airflow/example_dags/example_skip_dag.py for tasks to queue
[2026-09-30T21:00:17.817+0000] {logging_mixin.py:137} INFO - [2026-09-30T21:00:17.817+0000] {dagbag.py:538} INFO - Filling up the DagBag from /home/airflow/.local/lib/python3.7/site-packages/airflow/example_dags/example_skip_dag.py
[2026-09-30T21:00:17.835+0000] {processor.py:753} INFO - DAG(s) dict_keys(['example_skip_dag']) retrieved from /home/airflow/.local/lib/python3.7/site-packages/airflow/example_dags/example_skip_dag.py
[2026-09-30T21:00:17.894+0000] {logging_mixin.py:137} INFO - [2026-09-30T21:00:17.894+0000] {dag.py:2676} INFO - Sync 1 DAGs
[2026-09-30T21:00:17.927+0000] {logging_mixin.py:137} INFO - [2026-09-30T21:00:17.926+0000] {dag.py:3427} INFO - Setting next_dagrun for example_skip_dag to 2026-09-29T21:00:17.926652+00:00, run_after=2026-09-30T21:00:17.926652+00:00
[2026-09-30T21:00:17.948+0000] {processor.py:175} INFO - Processing /home/airflow/.local/lib/python3.7/site-packages/airflow/example_dags/example_skip_dag.py took 0.138 seconds
[2026-09-30T21:00:48.266+0000] {processor.py:153} INFO - Started process (PID=18379) to work on /home/airflow/.local/lib/python3.7/site-packages/airflow/example_dags/example_skip_dag.py
[2026-09-30T21:00:48.267+0000] {processor.py:743} INFO - Processing file /home/airflow/.local/lib/python3.7/site-packages/airflow/example_dags/example_skip_dag.py for tasks to queue
[2026-09-30T21:00:48.267+0000] {logging_mixin.py:137} INFO - [2026-09-30T21:00:48.267+0000] {dagbag.py:538} INFO - Filling up the DagBag from /home/airflow/.local/lib/python3.7/site-packages/airflow/example_dags/example_skip_dag.py
[2026-09-30T21:00:48.291+0000] {processor.py:753} INFO - DAG(s) dict_keys(['example_skip_dag']) retrieved from /home/airflow/.local/lib/python3.7/site-packages/airflow/example_dags/example_skip_dag.py
[2026-09-30T21:00:48.349+0000] {logging_mixin.py:137} INFO - [2026-09-30T21:00:48.349+0000] {dag.py:2676} INFO - Sync 1 DAGs
[2026-09-30T21:00:48.383+0000] {logging_mixin.py:137} INFO - [2026-09-30T21:00:48.383+0000] {dag.py:3427} INFO - Setting next_dagrun for example_skip_dag to 2026-09-29T21:00:48.383109+00:00, run_after=2026-09-30T21:00:48.383109+00:00
[2026-09-30T21:00:48.403+0000] {processor.py:175} INFO - Processing /home/airflow/.local/lib/python3.7/site-packages/airflow/example_dags/example_skip_dag.py took 0.141 seconds
[2026-09-30T21:01:18.894+0000] {processor.py:153} INFO - Started process (PID=18458) to work on /home/airflow/.local/lib/python3.7/site-packages/airflow/example_dags/example_skip_dag.py
[2026-09-30T21:01:18.896+0000] {processor.py:743} INFO - Processing file /home/airflow/.local/lib/python3.7/site-packages/airflow/example_dags/example_skip_dag.py for tasks to queue
[2026-09-30T21:01:18.897+0000] {logging_mixin.py:137} INFO - [2026-09-30T21:01:18.897+0000] {dagbag.py:538} INFO - Filling up the DagBag from /home/airflow/.local/lib/python3.7/site-packages/airflow/example_dags/example_skip_dag.py
[2026-09-30T21:01:18.926+0000] {processor.py:753} INFO - DAG(s) dict_keys(['example_skip_dag']) retrieved from /home/airflow/.local/lib/python3.7/site-packages/airflow/example_dags/example_skip_dag.py
[2026-09-30T21:01:18.979+0000] {logging_mixin.py:137} INFO - [2026-09-30T21:01:18.979+0000] {dag.py:2676} INFO - Sync 1 DAGs
[2026-09-30T21:01:19.014+0000] {logging_mixin.py:137} INFO - [2026-09-30T21:01:19.014+0000] {dag.py:3427} INFO - Setting next_dagrun for example_skip_dag to 2026-09-29T21:01:19.013862+00:00, run_after=2026-09-30T21:01:19.013862+00:00
[2026-09-30T21:01:19.035+0000] {processor.py:175} INFO - Processing /home/airflow/.local/lib/python3.7/site-packages/airflow/example_dags/example_skip_dag.py took 0.146 seconds
[2026-09-30T21:01:49.667+0000] {processor.py:153} INFO - Started process (PID=18537) to work on /home/airflow/.local/lib/python3.7/site-packages/airflow/example_dags/example_skip_dag.py
[2026-09-30T21:01:49.668+0000] {processor.py:743} INFO - Processing file /home/airflow/.local/lib/python3.7/site-packages/airflow/example_dags/example_skip_dag.py for tasks to queue
[2026-09-30T21:01:49.668+0000] {logging_mixin.py:137} INFO - [2026-09-30T21:01:49.668+0000] {dagbag.py:538} INFO - Filling up the DagBag from /home/airflow/.local/lib/python3.7/site-packages/airflow/example_dags/example_skip_dag.py
[2026-09-30T21:01:49.687+0000] {processor.py:753} INFO - DAG(s) dict_keys(['example_skip_dag']) retrieved from /home/airflow/.local/lib/python3.7/site-packages/airflow/example_dags/example_skip_dag.py
[2026-09-30T21:01:49.732+0000] {logging_mixin.py:137} INFO - [2026-09-30T21:01:49.732+0000] {dag.py:2676} INFO - Sync 1 DAGs
[2026-09-30T21:01:49.764+0000] {logging_mixin.py:137} INFO - [2026-09-30T21:01:49.764+0000] {dag.py:3427} INFO - Setting next_dagrun for example_skip_dag to 2026-09-29T21:01:49.763908+00:00, run_after=2026-09-30T21:01:49.763908+00:00
[2026-09-30T21:01:49.791+0000] {processor.py:175} INFO - Processing /home/airflow/.local/lib/python3.7/site-packages/airflow/example_dags/example_skip_dag.py took 0.128 seconds
[2026-09-30T21:02:20.441+0000] {processor.py:153} INFO - Started process (PID=18616) to work on /home/airflow/.local/lib/python3.7/site-packages/airflow/example_dags/example_skip_dag.py
[2026-09-30T21:02:20.442+0000] {processor.py:743} INFO - Processing file /home/airflow/.local/lib/python3.7/site-packages/airflow/example_dags/example_skip_dag.py for tasks to queue
[2026-09-30T21:02:20.443+0000] {logging_mixin.py:137} INFO - [2026-09-30T21:02:20.443+0000] {dagbag.py:538} INFO - Filling up the DagBag from /home/airflow/.local/lib/python3.7/site-packages/airflow/example_dags/example_skip_dag.py
[2026-09-30T21:02:20.466+0000] {processor.py:753} INFO - DAG(s) dict_keys(['example_skip_dag']) retrieved from /home/airflow/.local/lib/python3.7/site-packages/airflow/example_dags/example_skip_dag.py
[2026-09-30T21:02:20.524+0000] {logging_mixin.py:137} INFO - [2026-09-30T21:02:20.524+0000] {dag.py:2676} INFO - Sync 1 DAGs
[2026-09-30T21:02:20.565+0000] {logging_mixin.py:137} INFO - [2026-09-30T21:02:20.565+0000] {dag.py:3427} INFO - Setting next_dagrun for example_skip_dag to 2026-09-29T21:02:20.565029+00:00, run_after=2026-09-30T21:02:20.565029+00:00
[2026-09-30T21:02:20.587+0000] {processor.py:175} INFO - Processing /home/airflow/.local/lib/python3.7/site-packages/airflow/example_dags/example_skip_dag.py took 0.153 seconds
[2026-09-30T21:02:50.727+0000] {processor.py:153} INFO - Started process (PID=18715) to work on /home/airflow/.local/lib/python3.7/site-packages/airflow/example_dags/example_skip_dag.py
[2026-09-30T21:02:50.728+0000] {processor.py:743} INFO - Processing file /home/airflow/.local/lib/python3.7/site-packages/airflow/example_dags/example_skip_dag.py for tasks to queue
[2026-09-30T21:02:50.729+0000] {logging_mixin.py:137} INFO - [2026-09-30T21:02:50.729+0000] {dagbag.py:538} INFO - Filling up the DagBag from /home/airflow/.local/lib/python3.7/site-packages/airflow/example_dags/example_skip_dag.py
[2026-09-30T21:02:50.747+0000] {processor.py:753} INFO - DAG(s) dict_keys(['example_skip_dag']) retrieved from /home/airflow/.local/lib/python3.7/site-packages/airflow/example_dags/example_skip_dag.py
[2026-09-30T21:02:50.800+0000] {logging_mixin.py:137} INFO - [2026-09-30T21:02:50.800+0000] {dag.py:2676} INFO - Sync 1 DAGs
[2026-09-30T21:02:50.841+0000] {logging_mixin.py:137} INFO - [2026-09-30T21:02:50.840+0000] {dag.py:3427} INFO - Setting next_dagrun for example_skip_dag to 2026-09-29T21:02:50.840657+00:00, run_after=2026-09-30T21:02:50.840657+00:00
[2026-09-30T21:02:50.861+0000] {processor.py:175} INFO - Processing /home/airflow/.local/lib/python3.7/site-packages/airflow/example_dags/example_skip_dag.py took 0.138 seconds
[2026-09-30T21:03:21.563+0000] {processor.py:153} INFO - Started process (PID=18794) to work on /home/airflow/.local/lib/python3.7/site-packages/airflow/example_dags/example_skip_dag.py
[2026-09-30T21:03:21.564+0000] {processor.py:743} INFO - Processing file /home/airflow/.local/lib/python3.7/site-packages/airflow/example_dags/example_skip_dag.py for tasks to queue
[2026-09-30T21:03:21.564+0000] {logging_mixin.py:137} INFO - [2026-09-30T21:03:21.564+0000] {dagbag.py:538} INFO - Filling up the DagBag from /home/airflow/.local/lib/python3.7/site-packages/airflow/example_dags/example_skip_dag.py
[2026-09-30T21:03:21.582+0000] {processor.py:753} INFO - DAG(s) dict_keys(['example_skip_dag']) retrieved from /home/airflow/.local/lib/python3.7/site-packages/airflow/example_dags/example_skip_dag.py
[2026-09-30T21:03:21.641+0000] {logging_mixin.py:137} INFO - [2026-09-30T21:03:21.640+0000] {dag.py:2676} INFO - Sync 1 DAGs
[2026-09-30T21:03:21.671+0000] {logging_mixin.py:137} INFO - [2026-09-30T21:03:21.670+0000] {dag.py:3427} INFO - Setting next_dagrun for example_skip_dag to 2026-09-29T21:03:21.670641+00:00, run_after=2026-09-30T21:03:21.670641+00:00
[2026-09-30T21:03:21.690+0000] {processor.py:175} INFO - Processing /home/airflow/.local/lib/python3.7/site-packages/airflow/example_dags/example_skip_dag.py took 0.132 seconds
[2026-09-30T21:03:52.202+0000] {processor.py:153} INFO - Started process (PID=18873) to work on /home/airflow/.local/lib/python3.7/site-packages/airflow/example_dags/example_skip_dag.py
[2026-09-30T21:03:52.203+0000] {processor.py:743} INFO - Processing file /home/airflow/.local/lib/python3.7/site-packages/airflow/example_dags/example_skip_dag.py for tasks to queue
[2026-09-30T21:03:52.204+0000] {logging_mixin.py:137} INFO - [2026-09-30T21:03:52.204+0000] {dagbag.py:538} INFO - Filling up the DagBag from /home/airflow/.local/lib/python3.7/site-packages/airflow/example_dags/example_skip_dag.py
[2026-09-30T21:03:52.228+0000] {processor.py:753} INFO - DAG(s) dict_keys(['example_skip_dag']) retrieved from /home/airflow/.local/lib/python3.7/site-packages/airflow/example_dags/example_skip_dag.py
[2026-09-30T21:03:52.280+0000] {logging_mixin.py:137} INFO - [2026-09-30T21:03:52.280+0000] {dag.py:2676} INFO - Sync 1 DAGs
[2026-09-30T21:03:52.316+0000] {logging_mixin.py:137} INFO - [2026-09-30T21:03:52.316+0000] {dag.py:3427} INFO - Setting next_dagrun for example_skip_dag to 2026-09-29T21:03:52.316420+00:00, run_after=2026-09-30T21:03:52.316420+00:00
[2026-09-30T21:03:52.342+0000] {processor.py:175} INFO - Processing /home/airflow/.local/lib/python3.7/site-packages/airflow/example_dags/example_skip_dag.py took 0.145 seconds
[2026-09-30T21:04:23.313+0000] {processor.py:153} INFO - Started process (PID=18962) to work on /home/airflow/.local/lib/python3.7/site-packages/airflow/example_dags/example_skip_dag.py
[2026-09-30T21:04:23.314+0000] {processor.py:743} INFO - Processing file /home/airflow/.local/lib/python3.7/site-packages/airflow/example_dags/example_skip_dag.py for tasks to queue
[2026-09-30T21:04:23.316+0000] {logging_mixin.py:137} INFO - [2026-09-30T21:04:23.315+0000] {dagbag.py:538} INFO - Filling up the DagBag from /home/airflow/.local/lib/python3.7/site-packages/airflow/example_dags/example_skip_dag.py
[2026-09-30T21:04:23.344+0000] {processor.py:753} INFO - DAG(s) dict_keys(['example_skip_dag']) retrieved from /home/airflow/.local/lib/python3.7/site-packages/airflow/example_dags/example_skip_dag.py
[2026-09-30T21:04:23.414+0000] {logging_mixin.py:137} INFO - [2026-09-30T21:04:23.413+0000] {dag.py:2676} INFO - Sync 1 DAGs
[2026-09-30T21:04:23.455+0000] {logging_mixin.py:137} INFO - [2026-09-30T21:04:23.454+0000] {dag.py:3427} INFO - Setting next_dagrun for example_skip_dag to 2026-09-29T21:04:23.454548+00:00, run_after=2026-09-30T21:04:23.454548+00:00
[2026-09-30T21:04:23.477+0000] {processor.py:175} INFO - Processing /home/airflow/.local/lib/python3.7/site-packages/airflow/example_dags/example_skip_dag.py took 0.170 seconds
[2026-09-30T21:04:53.531+0000] {processor.py:153} INFO - Started process (PID=19052) to work on /home/airflow/.local/lib/python3.7/site-packages/airflow/example_dags/example_skip_dag.py
[2026-09-30T21:04:53.533+0000] {processor.py:743} INFO - Processing file /home/airflow/.local/lib/python3.7/site-packages/airflow/example_dags/example_skip_dag.py for tasks to queue
[2026-09-30T21:04:53.534+0000] {logging_mixin.py:137} INFO - [2026-09-30T21:04:53.534+0000] {dagbag.py:538} INFO - Filling up the DagBag from /home/airflow/.local/lib/python3.7/site-packages/airflow/example_dags/example_skip_dag.py
[2026-09-30T21:04:53.562+0000] {processor.py:753} INFO - DAG(s) dict_keys(['example_skip_dag']) retrieved from /home/airflow/.local/lib/python3.7/site-packages/airflow/example_dags/example_skip_dag.py
[2026-09-30T21:04:53.629+0000] {logging_mixin.py:137} INFO - [2026-09-30T21:04:53.629+0000] {dag.py:2676} INFO - Sync 1 DAGs
[2026-09-30T21:04:53.672+0000] {logging_mixin.py:137} INFO - [2026-09-30T21:04:53.671+0000] {dag.py:3427} INFO - Setting next_dagrun for example_skip_dag to 2026-09-29T21:04:53.671215+00:00, run_after=2026-09-30T21:04:53.671215+00:00
[2026-09-30T21:04:53.700+0000] {processor.py:175} INFO - Processing /home/airflow/.local/lib/python3.7/site-packages/airflow/example_dags/example_skip_dag.py took 0.175 seconds
[2026-09-30T21:05:24.109+0000] {processor.py:153} INFO - Started process (PID=19131) to work on /home/airflow/.local/lib/python3.7/site-packages/airflow/example_dags/example_skip_dag.py
[2026-09-30T21:05:24.110+0000] {processor.py:743} INFO - Processing file /home/airflow/.local/lib/python3.7/site-packages/airflow/example_dags/example_skip_dag.py for tasks to queue
[2026-09-30T21:05:24.111+0000] {logging_mixin.py:137} INFO - [2026-09-30T21:05:24.111+0000] {dagbag.py:538} INFO - Filling up the DagBag from /home/airflow/.local/lib/python3.7/site-packages/airflow/example_dags/example_skip_dag.py
[2026-09-30T21:05:24.128+0000] {processor.py:753} INFO - DAG(s) dict_keys(['example_skip_dag']) retrieved from /home/airflow/.local/lib/python3.7/site-packages/airflow/example_dags/example_skip_dag.py
[2026-09-30T21:05:24.180+0000] {logging_mixin.py:137} INFO - [2026-09-30T21:05:24.180+0000] {dag.py:2676} INFO - Sync 1 DAGs
[2026-09-30T21:05:24.211+0000] {logging_mixin.py:137} INFO - [2026-09-30T21:05:24.210+0000] {dag.py:3427} INFO - Setting next_dagrun for example_skip_dag to 2026-09-29T21:05:24.210668+00:00, run_after=2026-09-30T21:05:24.210668+00:00
[2026-09-30T21:05:24.234+0000] {processor.py:175} INFO - Processing /home/airflow/.local/lib/python3.7/site-packages/airflow/example_dags/example_skip_dag.py took 0.128 seconds
[2026-09-30T21:05:55.073+0000] {processor.py:153} INFO - Started process (PID=19219) to work on /home/airflow/.local/lib/python3.7/site-packages/airflow/example_dags/example_skip_dag.py
[2026-09-30T21:05:55.074+0000] {processor.py:743} INFO - Processing file /home/airflow/.local/lib/python3.7/site-packages/airflow/example_dags/example_skip_dag.py for tasks to queue
[2026-09-30T21:05:55.076+0000] {logging_mixin.py:137} INFO - [2026-09-30T21:05:55.076+0000] {dagbag.py:538} INFO - Filling up the DagBag from /home/airflow/.local/lib/python3.7/site-packages/airflow/example_dags/example_skip_dag.py
[2026-09-30T21:05:55.096+0000] {processor.py:753} INFO - DAG(s) dict_keys(['example_skip_dag']) retrieved from /home/airflow/.local/lib/python3.7/site-packages/airflow/example_dags/example_skip_dag.py
[2026-09-30T21:05:55.144+0000] {logging_mixin.py:137} INFO - [2026-09-30T21:05:55.144+0000] {dag.py:2676} INFO - Sync 1 DAGs
[2026-09-30T21:05:55.174+0000] {logging_mixin.py:137} INFO - [2026-09-30T21:05:55.173+0000] {dag.py:3427} INFO - Setting next_dagrun for example_skip_dag to 2026-09-29T21:05:55.173568+00:00, run_after=2026-09-30T21:05:55.173568+00:00
[2026-09-30T21:05:55.194+0000] {processor.py:175} INFO - Processing /home/airflow/.local/lib/python3.7/site-packages/airflow/example_dags/example_skip_dag.py took 0.125 seconds
[2026-09-30T21:06:26.021+0000] {processor.py:153} INFO - Started process (PID=19309) to work on /home/airflow/.local/lib/python3.7/site-packages/airflow/example_dags/example_skip_dag.py
[2026-09-30T21:06:26.022+0000] {processor.py:743} INFO - Processing file /home/airflow/.local/lib/python3.7/site-packages/airflow/example_dags/example_skip_dag.py for tasks to queue
[2026-09-30T21:06:26.023+0000] {logging_mixin.py:137} INFO - [2026-09-30T21:06:26.022+0000] {dagbag.py:538} INFO - Filling up the DagBag from /home/airflow/.local/lib/python3.7/site-packages/airflow/example_dags/example_skip_dag.py
[2026-09-30T21:06:26.040+0000] {processor.py:753} INFO - DAG(s) dict_keys(['example_skip_dag']) retrieved from /home/airflow/.local/lib/python3.7/site-packages/airflow/example_dags/example_skip_dag.py
[2026-09-30T21:06:26.092+0000] {logging_mixin.py:137} INFO - [2026-09-30T21:06:26.092+0000] {dag.py:2676} INFO - Sync 1 DAGs
[2026-09-30T21:06:26.126+0000] {logging_mixin.py:137} INFO - [2026-09-30T21:06:26.126+0000] {dag.py:3427} INFO - Setting next_dagrun for example_skip_dag to 2026-09-29T21:06:26.126257+00:00, run_after=2026-09-30T21:06:26.126257+00:00
[2026-09-30T21:06:26.149+0000] {processor.py:175} INFO - Processing /home/airflow/.local/lib/python3.7/site-packages/airflow/example_dags/example_skip_dag.py took 0.133 seconds
[2026-09-30T21:06:56.224+0000] {processor.py:153} INFO - Started process (PID=19388) to work on /home/airflow/.local/lib/python3.7/site-packages/airflow/example_dags/example_skip_dag.py
[2026-09-30T21:06:56.225+0000] {processor.py:743} INFO - Processing file /home/airflow/.local/lib/python3.7/site-packages/airflow/example_dags/example_skip_dag.py for tasks to queue
[2026-09-30T21:06:56.225+0000] {logging_mixin.py:137} INFO - [2026-09-30T21:06:56.225+0000] {dagbag.py:538} INFO - Filling up the DagBag from /home/airflow/.local/lib/python3.7/site-packages/airflow/example_dags/example_skip_dag.py
[2026-09-30T21:06:56.247+0000] {processor.py:753} INFO - DAG(s) dict_keys(['example_skip_dag']) retrieved from /home/airflow/.local/lib/python3.7/site-packages/airflow/example_dags/example_skip_dag.py
[2026-09-30T21:06:56.312+0000] {logging_mixin.py:137} INFO - [2026-09-30T21:06:56.312+0000] {dag.py:2676} INFO - Sync 1 DAGs
[2026-09-30T21:06:56.355+0000] {logging_mixin.py:137} INFO - [2026-09-30T21:06:56.355+0000] {dag.py:3427} INFO - Setting next_dagrun for example_skip_dag to 2026-09-29T21:06:56.354587+00:00, run_after=2026-09-30T21:06:56.354587+00:00
[2026-09-30T21:06:56.378+0000] {processor.py:175} INFO - Processing /home/airflow/.local/lib/python3.7/site-packages/airflow/example_dags/example_skip_dag.py took 0.158 seconds
[2026-09-30T21:07:26.665+0000] {processor.py:153} INFO - Started process (PID=19467) to work on /home/airflow/.local/lib/python3.7/site-packages/airflow/example_dags/example_skip_dag.py
[2026-09-30T21:07:26.666+0000] {processor.py:743} INFO - Processing file /home/airflow/.local/lib/python3.7/site-packages/airflow/example_dags/example_skip_dag.py for tasks to queue
[2026-09-30T21:07:26.667+0000] {logging_mixin.py:137} INFO - [2026-09-30T21:07:26.667+0000] {dagbag.py:538} INFO - Filling up the DagBag from /home/airflow/.local/lib/python3.7/site-packages/airflow/example_dags/example_skip_dag.py
[2026-09-30T21:07:26.687+0000] {processor.py:753} INFO - DAG(s) dict_keys(['example_skip_dag']) retrieved from /home/airflow/.local/lib/python3.7/site-packages/airflow/example_dags/example_skip_dag.py
[2026-09-30T21:07:26.749+0000] {logging_mixin.py:137} INFO - [2026-09-30T21:07:26.749+0000] {dag.py:2676} INFO - Sync 1 DAGs
[2026-09-30T21:07:26.791+0000] {logging_mixin.py:137} INFO - [2026-09-30T21:07:26.791+0000] {dag.py:3427} INFO - Setting next_dagrun for example_skip_dag to 2026-09-29T21:07:26.790829+00:00, run_after=2026-09-30T21:07:26.790829+00:00
[2026-09-30T21:07:26.826+0000] {processor.py:175} INFO - Processing /home/airflow/.local/lib/python3.7/site-packages/airflow/example_dags/example_skip_dag.py took 0.164 seconds
[2026-09-30T21:07:56.968+0000] {processor.py:153} INFO - Started process (PID=19546) to work on /home/airflow/.local/lib/python3.7/site-packages/airflow/example_dags/example_skip_dag.py
[2026-09-30T21:07:56.969+0000] {processor.py:743} INFO - Processing file /home/airflow/.local/lib/python3.7/site-packages/airflow/example_dags/example_skip_dag.py for tasks to queue
[2026-09-30T21:07:56.969+0000] {logging_mixin.py:137} INFO - [2026-09-30T21:07:56.969+0000] {dagbag.py:538} INFO - Filling up the DagBag from /home/airflow/.local/lib/python3.7/site-packages/airflow/example_dags/example_skip_dag.py
[2026-09-30T21:07:56.992+0000] {processor.py:753} INFO - DAG(s) dict_keys(['example_skip_dag']) retrieved from /home/airflow/.local/lib/python3.7/site-packages/airflow/example_dags/example_skip_dag.py
[2026-09-30T21:07:57.042+0000] {logging_mixin.py:137} INFO - [2026-09-30T21:07:57.042+0000] {dag.py:2676} INFO - Sync 1 DAGs
[2026-09-30T21:07:57.078+0000] {logging_mixin.py:137} INFO - [2026-09-30T21:07:57.078+0000] {dag.py:3427} INFO - Setting next_dagrun for example_skip_dag to 2026-09-29T21:07:57.078206+00:00, run_after=2026-09-30T21:07:57.078206+00:00
[2026-09-30T21:07:57.099+0000] {processor.py:175} INFO - Processing /home/airflow/.local/lib/python3.7/site-packages/airflow/example_dags/example_skip_dag.py took 0.135 seconds
[2026-09-30T21:08:27.721+0000] {processor.py:153} INFO - Started process (PID=19645) to work on /home/airflow/.local/lib/python3.7/site-packages/airflow/example_dags/example_skip_dag.py
[2026-09-30T21:08:27.722+0000] {processor.py:743} INFO - Processing file /home/airflow/.local/lib/python3.7/site-packages/airflow/example_dags/example_skip_dag.py for tasks to queue
[2026-09-30T21:08:27.723+0000] {logging_mixin.py:137} INFO - [2026-09-30T21:08:27.723+0000] {dagbag.py:538} INFO - Filling up the DagBag from /home/airflow/.local/lib/python3.7/site-packages/airflow/example_dags/example_skip_dag.py
[2026-09-30T21:08:27.741+0000] {processor.py:753} INFO - DAG(s) dict_keys(['example_skip_dag']) retrieved from /home/airflow/.local/lib/python3.7/site-packages/airflow/example_dags/example_skip_dag.py
[2026-09-30T21:08:27.793+0000] {logging_mixin.py:137} INFO - [2026-09-30T21:08:27.793+0000] {dag.py:2676} INFO - Sync 1 DAGs
[2026-09-30T21:08:27.828+0000] {logging_mixin.py:137} INFO - [2026-09-30T21:08:27.828+0000] {dag.py:3427} INFO - Setting next_dagrun for example_skip_dag to 2026-09-29T21:08:27.827855+00:00, run_after=2026-09-30T21:08:27.827855+00:00
[2026-09-30T21:08:27.855+0000] {processor.py:175} INFO - Processing /home/airflow/.local/lib/python3.7/site-packages/airflow/example_dags/example_skip_dag.py took 0.138 seconds
[2026-09-30T21:08:57.894+0000] {processor.py:153} INFO - Started process (PID=19724) to work on /home/airflow/.local/lib/python3.7/site-packages/airflow/example_dags/example_skip_dag.py
[2026-09-30T21:08:57.895+0000] {processor.py:743} INFO - Processing file /home/airflow/.local/lib/python3.7/site-packages/airflow/example_dags/example_skip_dag.py for tasks to queue
[2026-09-30T21:08:57.895+0000] {logging_mixin.py:137} INFO - [2026-09-30T21:08:57.895+0000] {dagbag.py:538} INFO - Filling up the DagBag from /home/airflow/.local/lib/python3.7/site-packages/airflow/example_dags/example_skip_dag.py
[2026-09-30T21:08:57.917+0000] {processor.py:753} INFO - DAG(s) dict_keys(['example_skip_dag']) retrieved from /home/airflow/.local/lib/python3.7/site-packages/airflow/example_dags/example_skip_dag.py
[2026-09-30T21:08:57.966+0000] {logging_mixin.py:137} INFO - [2026-09-30T21:08:57.966+0000] {dag.py:2676} INFO - Sync 1 DAGs
[2026-09-30T21:08:57.997+0000] {logging_mixin.py:137} INFO - [2026-09-30T21:08:57.997+0000] {dag.py:3427} INFO - Setting next_dagrun for example_skip_dag to 2026-09-29T21:08:57.996897+00:00, run_after=2026-09-30T21:08:57.996897+00:00
[2026-09-30T21:08:58.017+0000] {processor.py:175} INFO - Processing /home/airflow/.local/lib/python3.7/site-packages/airflow/example_dags/example_skip_dag.py took 0.128 seconds
[2026-09-30T21:09:28.100+0000] {processor.py:153} INFO - Started process (PID=19803) to work on /home/airflow/.local/lib/python3.7/site-packages/airflow/example_dags/example_skip_dag.py
[2026-09-30T21:09:28.101+0000] {processor.py:743} INFO - Processing file /home/airflow/.local/lib/python3.7/site-packages/airflow/example_dags/example_skip_dag.py for tasks to queue
[2026-09-30T21:09:28.102+0000] {logging_mixin.py:137} INFO - [2026-09-30T21:09:28.102+0000] {dagbag.py:538} INFO - Filling up the DagBag from /home/airflow/.local/lib/python3.7/site-packages/airflow/example_dags/example_skip_dag.py
[2026-09-30T21:09:28.123+0000] {processor.py:753} INFO - DAG(s) dict_keys(['example_skip_dag']) retrieved from /home/airflow/.local/lib/python3.7/site-packages/airflow/example_dags/example_skip_dag.py
[2026-09-30T21:09:28.172+0000] {logging_mixin.py:137} INFO - [2026-09-30T21:09:28.172+0000] {dag.py:2676} INFO - Sync 1 DAGs
[2026-09-30T21:09:28.209+0000] {logging_mixin.py:137} INFO - [2026-09-30T21:09:28.208+0000] {dag.py:3427} INFO - Setting next_dagrun for example_skip_dag to 2026-09-29T21:09:28.208651+00:00, run_after=2026-09-30T21:09:28.208651+00:00
[2026-09-30T21:09:28.232+0000] {processor.py:175} INFO - Processing /home/airflow/.local/lib/python3.7/site-packages/airflow/example_dags/example_skip_dag.py took 0.135 seconds
[2026-09-30T21:09:58.521+0000] {processor.py:153} INFO - Started process (PID=19889) to work on /home/airflow/.local/lib/python3.7/site-packages/airflow/example_dags/example_skip_dag.py
[2026-09-30T21:09:58.522+0000] {processor.py:743} INFO - Processing file /home/airflow/.local/lib/python3.7/site-packages/airflow/example_dags/example_skip_dag.py for tasks to queue
[2026-09-30T21:09:58.523+0000] {logging_mixin.py:137} INFO - [2026-09-30T21:09:58.523+0000] {dagbag.py:538} INFO - Filling up the DagBag from /home/airflow/.local/lib/python3.7/site-packages/airflow/example_dags/example_skip_dag.py
[2026-09-30T21:09:58.554+0000] {processor.py:753} INFO - DAG(s) dict_keys(['example_skip_dag']) retrieved from /home/airflow/.local/lib/python3.7/site-packages/airflow/example_dags/example_skip_dag.py
[2026-09-30T21:09:58.617+0000] {logging_mixin.py:137} INFO - [2026-09-30T21:09:58.617+0000] {dag.py:2676} INFO - Sync 1 DAGs
[2026-09-30T21:09:58.651+0000] {logging_mixin.py:137} INFO - [2026-09-30T21:09:58.650+0000] {dag.py:3427} INFO - Setting next_dagrun for example_skip_dag to 2026-09-29T21:09:58.650521+00:00, run_after=2026-09-30T21:09:58.650521+00:00
[2026-09-30T21:09:58.673+0000] {processor.py:175} INFO - Processing /home/airflow/.local/lib/python3.7/site-packages/airflow/example_dags/example_skip_dag.py took 0.157 seconds
[2026-09-30T21:10:28.874+0000] {processor.py:153} INFO - Started process (PID=19981) to work on /home/airflow/.local/lib/python3.7/site-packages/airflow/example_dags/example_skip_dag.py
[2026-09-30T21:10:28.876+0000] {processor.py:743} INFO - Processing file /home/airflow/.local/lib/python3.7/site-packages/airflow/example_dags/example_skip_dag.py for tasks to queue
[2026-09-30T21:10:28.877+0000] {logging_mixin.py:137} INFO - [2026-09-30T21:10:28.877+0000] {dagbag.py:538} INFO - Filling up the DagBag from /home/airflow/.local/lib/python3.7/site-packages/airflow/example_dags/example_skip_dag.py
[2026-09-30T21:10:28.905+0000] {processor.py:753} INFO - DAG(s) dict_keys(['example_skip_dag']) retrieved from /home/airflow/.local/lib/python3.7/site-packages/airflow/example_dags/example_skip_dag.py
[2026-09-30T21:10:28.976+0000] {logging_mixin.py:137} INFO - [2026-09-30T21:10:28.975+0000] {dag.py:2676} INFO - Sync 1 DAGs
[2026-09-30T21:10:29.028+0000] {logging_mixin.py:137} INFO - [2026-09-30T21:10:29.027+0000] {dag.py:3427} INFO - Setting next_dagrun for example_skip_dag to 2026-09-29T21:10:29.027395+00:00, run_after=2026-09-30T21:10:29.027395+00:00
[2026-09-30T21:10:29.063+0000] {processor.py:175} INFO - Processing /home/airflow/.local/lib/python3.7/site-packages/airflow/example_dags/example_skip_dag.py took 0.196 seconds
[2026-09-30T21:10:59.769+0000] {processor.py:153} INFO - Started process (PID=20060) to work on /home/airflow/.local/lib/python3.7/site-packages/airflow/example_dags/example_skip_dag.py
[2026-09-30T21:10:59.769+0000] {processor.py:743} INFO - Processing file /home/airflow/.local/lib/python3.7/site-packages/airflow/example_dags/example_skip_dag.py for tasks to queue
[2026-09-30T21:10:59.770+0000] {logging_mixin.py:137} INFO - [2026-09-30T21:10:59.770+0000] {dagbag.py:538} INFO - Filling up the DagBag from /home/airflow/.local/lib/python3.7/site-packages/airflow/example_dags/example_skip_dag.py
[2026-09-30T21:10:59.787+0000] {processor.py:753} INFO - DAG(s) dict_keys(['example_skip_dag']) retrieved from /home/airflow/.local/lib/python3.7/site-packages/airflow/example_dags/example_skip_dag.py
[2026-09-30T21:10:59.835+0000] {logging_mixin.py:137} INFO - [2026-09-30T21:10:59.835+0000] {dag.py:2676} INFO - Sync 1 DAGs
[2026-09-30T21:10:59.868+0000] {logging_mixin.py:137} INFO - [2026-09-30T21:10:59.868+0000] {dag.py:3427} INFO - Setting next_dagrun for example_skip_dag to 2026-09-29T21:10:59.868008+00:00, run_after=2026-09-30T21:10:59.868008+00:00
[2026-09-30T21:10:59.893+0000] {processor.py:175} INFO - Processing /home/airflow/.local/lib/python3.7/site-packages/airflow/example_dags/example_skip_dag.py took 0.129 seconds
[2026-09-30T21:11:30.100+0000] {processor.py:153} INFO - Started process (PID=20139) to work on /home/airflow/.local/lib/python3.7/site-packages/airflow/example_dags/example_skip_dag.py
[2026-09-30T21:11:30.101+0000] {processor.py:743} INFO - Processing file /home/airflow/.local/lib/python3.7/site-packages/airflow/example_dags/example_skip_dag.py for tasks to queue
[2026-09-30T21:11:30.102+0000] {logging_mixin.py:137} INFO - [2026-09-30T21:11:30.102+0000] {dagbag.py:538} INFO - Filling up the DagBag from /home/airflow/.local/lib/python3.7/site-packages/airflow/example_dags/example_skip_dag.py
[2026-09-30T21:11:30.129+0000] {processor.py:753} INFO - DAG(s) dict_keys(['example_skip_dag']) retrieved from /home/airflow/.local/lib/python3.7/site-packages/airflow/example_dags/example_skip_dag.py
[2026-09-30T21:11:30.194+0000] {logging_mixin.py:137} INFO - [2026-09-30T21:11:30.194+0000] {dag.py:2676} INFO - Sync 1 DAGs
[2026-09-30T21:11:30.242+0000] {logging_mixin.py:137} INFO - [2026-09-30T21:11:30.242+0000] {dag.py:3427} INFO - Setting next_dagrun for example_skip_dag to 2026-09-29T21:11:30.241838+00:00, run_after=2026-09-30T21:11:30.241838+00:00
[2026-09-30T21:11:30.265+0000] {processor.py:175} INFO - Processing /home/airflow/.local/lib/python3.7/site-packages/airflow/example_dags/example_skip_dag.py took 0.171 seconds
[2026-09-30T21:12:00.911+0000] {processor.py:153} INFO - Started process (PID=20227) to work on /home/airflow/.local/lib/python3.7/site-packages/airflow/example_dags/example_skip_dag.py
[2026-09-30T21:12:00.912+0000] {processor.py:743} INFO - Processing file /home/airflow/.local/lib/python3.7/site-packages/airflow/example_dags/example_skip_dag.py for tasks to queue
[2026-09-30T21:12:00.913+0000] {logging_mixin.py:137} INFO - [2026-09-30T21:12:00.913+0000] {dagbag.py:538} INFO - Filling up the DagBag from /home/airflow/.local/lib/python3.7/site-packages/airflow/example_dags/example_skip_dag.py
[2026-09-30T21:12:00.932+0000] {processor.py:753} INFO - DAG(s) dict_keys(['example_skip_dag']) retrieved from /home/airflow/.local/lib/python3.7/site-packages/airflow/example_dags/example_skip_dag.py
[2026-09-30T21:12:00.985+0000] {logging_mixin.py:137} INFO - [2026-09-30T21:12:00.984+0000] {dag.py:2676} INFO - Sync 1 DAGs
[2026-09-30T21:12:01.033+0000] {logging_mixin.py:137} INFO - [2026-09-30T21:12:01.033+0000] {dag.py:3427} INFO - Setting next_dagrun for example_skip_dag to 2026-09-29T21:12:01.033185+00:00, run_after=2026-09-30T21:12:01.033185+00:00
[2026-09-30T21:12:01.064+0000] {processor.py:175} INFO - Processing /home/airflow/.local/lib/python3.7/site-packages/airflow/example_dags/example_skip_dag.py took 0.157 seconds
[2026-09-30T21:12:31.625+0000] {processor.py:153} INFO - Started process (PID=20317) to work on /home/airflow/.local/lib/python3.7/site-packages/airflow/example_dags/example_skip_dag.py
[2026-09-30T21:12:31.626+0000] {processor.py:743} INFO - Processing file /home/airflow/.local/lib/python3.7/site-packages/airflow/example_dags/example_skip_dag.py for tasks to queue
[2026-09-30T21:12:31.627+0000] {logging_mixin.py:137} INFO - [2026-09-30T21:12:31.627+0000] {dagbag.py:538} INFO - Filling up the DagBag from /home/airflow/.local/lib/python3.7/site-packages/airflow/example_dags/example_skip_dag.py
[2026-09-30T21:12:31.654+0000] {processor.py:753} INFO - DAG(s) dict_keys(['example_skip_dag']) retrieved from /home/airflow/.local/lib/python3.7/site-packages/airflow/example_dags/example_skip_dag.py
[2026-09-30T21:12:31.709+0000] {logging_mixin.py:137} INFO - [2026-09-30T21:12:31.709+0000] {dag.py:2676} INFO - Sync 1 DAGs
[2026-09-30T21:12:31.745+0000] {logging_mixin.py:137} INFO - [2026-09-30T21:12:31.745+0000] {dag.py:3427} INFO - Setting next_dagrun for example_skip_dag to 2026-09-29T21:12:31.745353+00:00, run_after=2026-09-30T21:12:31.745353+00:00
[2026-09-30T21:12:31.769+0000] {processor.py:175} INFO - Processing /home/airflow/.local/lib/python3.7/site-packages/airflow/example_dags/example_skip_dag.py took 0.149 seconds
[2026-09-30T21:13:02.826+0000] {processor.py:153} INFO - Started process (PID=20396) to work on /home/airflow/.local/lib/python3.7/site-packages/airflow/example_dags/example_skip_dag.py
[2026-09-30T21:13:02.827+0000] {processor.py:743} INFO - Processing file /home/airflow/.local/lib/python3.7/site-packages/airflow/example_dags/example_skip_dag.py for tasks to queue
[2026-09-30T21:13:02.829+0000] {logging_mixin.py:137} INFO - [2026-09-30T21:13:02.828+0000] {dagbag.py:538} INFO - Filling up the DagBag from /home/airflow/.local/lib/python3.7/site-packages/airflow/example_dags/example_skip_dag.py
[2026-09-30T21:13:02.856+0000] {processor.py:753} INFO - DAG(s) dict_keys(['example_skip_dag']) retrieved from /home/airflow/.local/lib/python3.7/site-packages/airflow/example_dags/example_skip_dag.py
[2026-09-30T21:13:02.929+0000] {logging_mixin.py:137} INFO - [2026-09-30T21:13:02.929+0000] {dag.py:2676} INFO - Sync 1 DAGs
[2026-09-30T21:13:02.979+0000] {logging_mixin.py:137} INFO - [2026-09-30T21:13:02.979+0000] {dag.py:3427} INFO - Setting next_dagrun for example_skip_dag to 2026-09-29T21:13:02.978836+00:00, run_after=2026-09-30T21:13:02.978836+00:00
[2026-09-30T21:13:03.015+0000] {processor.py:175} INFO - Processing /home/airflow/.local/lib/python3.7/site-packages/airflow/example_dags/example_skip_dag.py took 0.195 seconds
[2026-09-30T21:13:33.855+0000] {processor.py:153} INFO - Started process (PID=20475) to work on /home/airflow/.local/lib/python3.7/site-packages/airflow/example_dags/example_skip_dag.py
[2026-09-30T21:13:33.856+0000] {processor.py:743} INFO - Processing file /home/airflow/.local/lib/python3.7/site-packages/airflow/example_dags/example_skip_dag.py for tasks to queue
[2026-09-30T21:13:33.857+0000] {logging_mixin.py:137} INFO - [2026-09-30T21:13:33.857+0000] {dagbag.py:538} INFO - Filling up the DagBag from /home/airflow/.local/lib/python3.7/site-packages/airflow/example_dags/example_skip_dag.py
[2026-09-30T21:13:33.876+0000] {processor.py:753} INFO - DAG(s) dict_keys(['example_skip_dag']) retrieved from /home/airflow/.local/lib/python3.7/site-packages/airflow/example_dags/example_skip_dag.py
[2026-09-30T21:13:33.924+0000] {logging_mixin.py:137} INFO - [2026-09-30T21:13:33.924+0000] {dag.py:2676} INFO - Sync 1 DAGs
[2026-09-30T21:13:33.955+0000] {logging_mixin.py:137} INFO - [2026-09-30T21:13:33.955+0000] {dag.py:3427} INFO - Setting next_dagrun for example_skip_dag to 2026-09-29T21:13:33.955109+00:00, run_after=2026-09-30T21:13:33.955109+00:00
[2026-09-30T21:13:33.983+0000] {processor.py:175} INFO - Processing /home/airflow/.local/lib/python3.7/site-packages/airflow/example_dags/example_skip_dag.py took 0.133 seconds
[2026-09-30T21:14:04.172+0000] {processor.py:153} INFO - Started process (PID=20563) to work on /home/airflow/.local/lib/python3.7/site-packages/airflow/example_dags/example_skip_dag.py
[2026-09-30T21:14:04.174+0000] {processor.py:743} INFO - Processing file /home/airflow/.local/lib/python3.7/site-packages/airflow/example_dags/example_skip_dag.py for tasks to queue
[2026-09-30T21:14:04.175+0000] {logging_mixin.py:137} INFO - [2026-09-30T21:14:04.174+0000] {dagbag.py:538} INFO - Filling up the DagBag from /home/airflow/.local/lib/python3.7/site-packages/airflow/example_dags/example_skip_dag.py
[2026-09-30T21:14:04.197+0000] {processor.py:753} INFO - DAG(s) dict_keys(['example_skip_dag']) retrieved from /home/airflow/.local/lib/python3.7/site-packages/airflow/example_dags/example_skip_dag.py
[2026-09-30T21:14:04.287+0000] {logging_mixin.py:137} INFO - [2026-09-30T21:14:04.287+0000] {dag.py:2676} INFO - Sync 1 DAGs
[2026-09-30T21:14:04.363+0000] {logging_mixin.py:137} INFO - [2026-09-30T21:14:04.362+0000] {dag.py:3427} INFO - Setting next_dagrun for example_skip_dag to 2026-09-29T21:14:04.362130+00:00, run_after=2026-09-30T21:14:04.362130+00:00
[2026-09-30T21:14:04.405+0000] {processor.py:175} INFO - Processing /home/airflow/.local/lib/python3.7/site-packages/airflow/example_dags/example_skip_dag.py took 0.239 seconds
[2026-09-30T21:14:35.024+0000] {processor.py:153} INFO - Started process (PID=20653) to work on /home/airflow/.local/lib/python3.7/site-packages/airflow/example_dags/example_skip_dag.py
[2026-09-30T21:14:35.026+0000] {processor.py:743} INFO - Processing file /home/airflow/.local/lib/python3.7/site-packages/airflow/example_dags/example_skip_dag.py for tasks to queue
[2026-09-30T21:14:35.027+0000] {logging_mixin.py:137} INFO - [2026-09-30T21:14:35.026+0000] {dagbag.py:538} INFO - Filling up the DagBag from /home/airflow/.local/lib/python3.7/site-packages/airflow/example_dags/example_skip_dag.py
[2026-09-30T21:14:35.047+0000] {processor.py:753} INFO - DAG(s) dict_keys(['example_skip_dag']) retrieved from /home/airflow/.local/lib/python3.7/site-packages/airflow/example_dags/example_skip_dag.py
[2026-09-30T21:14:35.100+0000] {logging_mixin.py:137} INFO - [2026-09-30T21:14:35.100+0000] {dag.py:2676} INFO - Sync 1 DAGs
[2026-09-30T21:14:35.134+0000] {logging_mixin.py:137} INFO - [2026-09-30T21:14:35.134+0000] {dag.py:3427} INFO - Setting next_dagrun for example_skip_dag to 2026-09-29T21:14:35.134214+00:00, run_after=2026-09-30T21:14:35.134214+00:00
[2026-09-30T21:14:35.159+0000] {processor.py:175} INFO - Processing /home/airflow/.local/lib/python3.7/site-packages/airflow/example_dags/example_skip_dag.py took 0.138 seconds
[2026-09-30T21:15:05.735+0000] {processor.py:153} INFO - Started process (PID=20732) to work on /home/airflow/.local/lib/python3.7/site-packages/airflow/example_dags/example_skip_dag.py
[2026-09-30T21:15:05.736+0000] {processor.py:743} INFO - Processing file /home/airflow/.local/lib/python3.7/site-packages/airflow/example_dags/example_skip_dag.py for tasks to queue
[2026-09-30T21:15:05.737+0000] {logging_mixin.py:137} INFO - [2026-09-30T21:15:05.736+0000] {dagbag.py:538} INFO - Filling up the DagBag from /home/airflow/.local/lib/python3.7/site-packages/airflow/example_dags/example_skip_dag.py
[2026-09-30T21:15:05.755+0000] {processor.py:753} INFO - DAG(s) dict_keys(['example_skip_dag']) retrieved from /home/airflow/.local/lib/python3.7/site-packages/airflow/example_dags/example_skip_dag.py
[2026-09-30T21:15:05.805+0000] {logging_mixin.py:137} INFO - [2026-09-30T21:15:05.805+0000] {dag.py:2676} INFO - Sync 1 DAGs
[2026-09-30T21:15:05.846+0000] {logging_mixin.py:137} INFO - [2026-09-30T21:15:05.846+0000] {dag.py:3427} INFO - Setting next_dagrun for example_skip_dag to 2026-09-29T21:15:05.845724+00:00, run_after=2026-09-30T21:15:05.845724+00:00
[2026-09-30T21:15:05.882+0000] {processor.py:175} INFO - Processing /home/airflow/.local/lib/python3.7/site-packages/airflow/example_dags/example_skip_dag.py took 0.151 seconds
[2026-09-30T21:15:36.515+0000] {processor.py:153} INFO - Started process (PID=20811) to work on /home/airflow/.local/lib/python3.7/site-packages/airflow/example_dags/example_skip_dag.py
[2026-09-30T21:15:36.518+0000] {processor.py:743} INFO - Processing file /home/airflow/.local/lib/python3.7/site-packages/airflow/example_dags/example_skip_dag.py for tasks to queue
[2026-09-30T21:15:36.519+0000] {logging_mixin.py:137} INFO - [2026-09-30T21:15:36.519+0000] {dagbag.py:538} INFO - Filling up the DagBag from /home/airflow/.local/lib/python3.7/site-packages/airflow/example_dags/example_skip_dag.py
[2026-09-30T21:15:36.548+0000] {processor.py:753} INFO - DAG(s) dict_keys(['example_skip_dag']) retrieved from /home/airflow/.local/lib/python3.7/site-packages/airflow/example_dags/example_skip_dag.py
[2026-09-30T21:15:36.611+0000] {logging_mixin.py:137} INFO - [2026-09-30T21:15:36.611+0000] {dag.py:2676} INFO - Sync 1 DAGs
[2026-09-30T21:15:36.658+0000] {logging_mixin.py:137} INFO - [2026-09-30T21:15:36.658+0000] {dag.py:3427} INFO - Setting next_dagrun for example_skip_dag to 2026-09-29T21:15:36.658124+00:00, run_after=2026-09-30T21:15:36.658124+00:00
[2026-09-30T21:15:36.694+0000] {processor.py:175} INFO - Processing /home/airflow/.local/lib/python3.7/site-packages/airflow/example_dags/example_skip_dag.py took 0.186 seconds
[2026-09-30T21:16:06.886+0000] {processor.py:153} INFO - Started process (PID=20910) to work on /home/airflow/.local/lib/python3.7/site-packages/airflow/example_dags/example_skip_dag.py
[2026-09-30T21:16:06.887+0000] {processor.py:743} INFO - Processing file /home/airflow/.local/lib/python3.7/site-packages/airflow/example_dags/example_skip_dag.py for tasks to queue
[2026-09-30T21:16:06.888+0000] {logging_mixin.py:137} INFO - [2026-09-30T21:16:06.888+0000] {dagbag.py:538} INFO - Filling up the DagBag from /home/airflow/.local/lib/python3.7/site-packages/airflow/example_dags/example_skip_dag.py
[2026-09-30T21:16:06.906+0000] {processor.py:753} INFO - DAG(s) dict_keys(['example_skip_dag']) retrieved from /home/airflow/.local/lib/python3.7/site-packages/airflow/example_dags/example_skip_dag.py
[2026-09-30T21:16:06.956+0000] {logging_mixin.py:137} INFO - [2026-09-30T21:16:06.956+0000] {dag.py:2676} INFO - Sync 1 DAGs
[2026-09-30T21:16:06.992+0000] {logging_mixin.py:137} INFO - [2026-09-30T21:16:06.991+0000] {dag.py:3427} INFO - Setting next_dagrun for example_skip_dag to 2026-09-29T21:16:06.991308+00:00, run_after=2026-09-30T21:16:06.991308+00:00
[2026-09-30T21:16:07.021+0000] {processor.py:175} INFO - Processing /home/airflow/.local/lib/python3.7/site-packages/airflow/example_dags/example_skip_dag.py took 0.139 seconds
[2026-09-30T21:16:37.092+0000] {processor.py:153} INFO - Started process (PID=20989) to work on /home/airflow/.local/lib/python3.7/site-packages/airflow/example_dags/example_skip_dag.py
[2026-09-30T21:16:37.093+0000] {processor.py:743} INFO - Processing file /home/airflow/.local/lib/python3.7/site-packages/airflow/example_dags/example_skip_dag.py for tasks to queue
[2026-09-30T21:16:37.094+0000] {logging_mixin.py:137} INFO - [2026-09-30T21:16:37.094+0000] {dagbag.py:538} INFO - Filling up the DagBag from /home/airflow/.local/lib/python3.7/site-packages/airflow/example_dags/example_skip_dag.py
[2026-09-30T21:16:37.113+0000] {processor.py:753} INFO - DAG(s) dict_keys(['example_skip_dag']) retrieved from /home/airflow/.local/lib/python3.7/site-packages/airflow/example_dags/example_skip_dag.py
[2026-09-30T21:16:37.173+0000] {logging_mixin.py:137} INFO - [2026-09-30T21:16:37.172+0000] {dag.py:2676} INFO - Sync 1 DAGs
[2026-09-30T21:16:37.218+0000] {logging_mixin.py:137} INFO - [2026-09-30T21:16:37.218+0000] {dag.py:3427} INFO - Setting next_dagrun for example_skip_dag to 2026-09-29T21:16:37.218080+00:00, run_after=2026-09-30T21:16:37.218080+00:00
[2026-09-30T21:16:37.247+0000] {processor.py:175} INFO - Processing /home/airflow/.local/lib/python3.7/site-packages/airflow/example_dags/example_skip_dag.py took 0.158 seconds
[2026-09-30T21:17:07.377+0000] {processor.py:153} INFO - Started process (PID=21068) to work on /home/airflow/.local/lib/python3.7/site-packages/airflow/example_dags/example_skip_dag.py
[2026-09-30T21:17:07.379+0000] {processor.py:743} INFO - Processing file /home/airflow/.local/lib/python3.7/site-packages/airflow/example_dags/example_skip_dag.py for tasks to queue
[2026-09-30T21:17:07.380+0000] {logging_mixin.py:137} INFO - [2026-09-30T21:17:07.380+0000] {dagbag.py:538} INFO - Filling up the DagBag from /home/airflow/.local/lib/python3.7/site-packages/airflow/example_dags/example_skip_dag.py
[2026-09-30T21:17:07.400+0000] {processor.py:753} INFO - DAG(s) dict_keys(['example_skip_dag']) retrieved from /home/airflow/.local/lib/python3.7/site-packages/airflow/example_dags/example_skip_dag.py
[2026-09-30T21:17:07.446+0000] {logging_mixin.py:137} INFO - [2026-09-30T21:17:07.446+0000] {dag.py:2676} INFO - Sync 1 DAGs
[2026-09-30T21:17:07.493+0000] {logging_mixin.py:137} INFO - [2026-09-30T21:17:07.492+0000] {dag.py:3427} INFO - Setting next_dagrun for example_skip_dag to 2026-09-29T21:17:07.492318+00:00, run_after=2026-09-30T21:17:07.492318+00:00
[2026-09-30T21:17:07.528+0000] {processor.py:175} INFO - Processing /home/airflow/.local/lib/python3.7/site-packages/airflow/example_dags/example_skip_dag.py took 0.155 seconds
[2026-09-30T21:17:37.943+0000] {processor.py:153} INFO - Started process (PID=21147) to work on /home/airflow/.local/lib/python3.7/site-packages/airflow/example_dags/example_skip_dag.py
[2026-09-30T21:17:37.945+0000] {processor.py:743} INFO - Processing file /home/airflow/.local/lib/python3.7/site-packages/airflow/example_dags/example_skip_dag.py for tasks to queue
[2026-09-30T21:17:37.945+0000] {logging_mixin.py:137} INFO - [2026-09-30T21:17:37.945+0000] {dagbag.py:538} INFO - Filling up the DagBag from /home/airflow/.local/lib/python3.7/site-packages/airflow/example_dags/example_skip_dag.py
[2026-09-30T21:17:37.966+0000] {processor.py:753} INFO - DAG(s) dict_keys(['example_skip_dag']) retrieved from /home/airflow/.local/lib/python3.7/site-packages/airflow/example_dags/example_skip_dag.py
[2026-09-30T21:17:38.020+0000] {logging_mixin.py:137} INFO - [2026-09-30T21:17:38.020+0000] {dag.py:2676} INFO - Sync 1 DAGs
[2026-09-30T21:17:38.051+0000] {logging_mixin.py:137} INFO - [2026-09-30T21:17:38.051+0000] {dag.py:3427} INFO - Setting next_dagrun for example_skip_dag to 2026-09-29T21:17:38.050917+00:00, run_after=2026-09-30T21:17:38.050917+00:00
[2026-09-30T21:17:38.071+0000] {processor.py:175} INFO - Processing /home/airflow/.local/lib/python3.7/site-packages/airflow/example_dags/example_skip_dag.py took 0.132 seconds
[2026-09-30T21:18:08.701+0000] {processor.py:153} INFO - Started process (PID=21235) to work on /home/airflow/.local/lib/python3.7/site-packages/airflow/example_dags/example_skip_dag.py
[2026-09-30T21:18:08.702+0000] {processor.py:743} INFO - Processing file /home/airflow/.local/lib/python3.7/site-packages/airflow/example_dags/example_skip_dag.py for tasks to queue
[2026-09-30T21:18:08.703+0000] {logging_mixin.py:137} INFO - [2026-09-30T21:18:08.703+0000] {dagbag.py:538} INFO - Filling up the DagBag from /home/airflow/.local/lib/python3.7/site-packages/airflow/example_dags/example_skip_dag.py
[2026-09-30T21:18:08.732+0000] {processor.py:753} INFO - DAG(s) dict_keys(['example_skip_dag']) retrieved from /home/airflow/.local/lib/python3.7/site-packages/airflow/example_dags/example_skip_dag.py
[2026-09-30T21:18:08.804+0000] {logging_mixin.py:137} INFO - [2026-09-30T21:18:08.804+0000] {dag.py:2676} INFO - Sync 1 DAGs
[2026-09-30T21:18:08.854+0000] {logging_mixin.py:137} INFO - [2026-09-30T21:18:08.853+0000] {dag.py:3427} INFO - Setting next_dagrun for example_skip_dag to 2026-09-29T21:18:08.853385+00:00, run_after=2026-09-30T21:18:08.853385+00:00
[2026-09-30T21:18:08.892+0000] {processor.py:175} INFO - Processing /home/airflow/.local/lib/python3.7/site-packages/airflow/example_dags/example_skip_dag.py took 0.196 seconds
[2026-09-30T21:18:39.419+0000] {processor.py:153} INFO - Started process (PID=21325) to work on /home/airflow/.local/lib/python3.7/site-packages/airflow/example_dags/example_skip_dag.py
[2026-09-30T21:18:39.420+0000] {processor.py:743} INFO - Processing file /home/airflow/.local/lib/python3.7/site-packages/airflow/example_dags/example_skip_dag.py for tasks to queue
[2026-09-30T21:18:39.421+0000] {logging_mixin.py:137} INFO - [2026-09-30T21:18:39.421+0000] {dagbag.py:538} INFO - Filling up the DagBag from /home/airflow/.local/lib/python3.7/site-packages/airflow/example_dags/example_skip_dag.py
[2026-09-30T21:18:39.440+0000] {processor.py:753} INFO - DAG(s) dict_keys(['example_skip_dag']) retrieved from /home/airflow/.local/lib/python3.7/site-packages/airflow/example_dags/example_skip_dag.py
[2026-09-30T21:18:39.489+0000] {logging_mixin.py:137} INFO - [2026-09-30T21:18:39.489+0000] {dag.py:2676} INFO - Sync 1 DAGs
[2026-09-30T21:18:39.523+0000] {logging_mixin.py:137} INFO - [2026-09-30T21:18:39.523+0000] {dag.py:3427} INFO - Setting next_dagrun for example_skip_dag to 2026-09-29T21:18:39.523003+00:00, run_after=2026-09-30T21:18:39.523003+00:00
[2026-09-30T21:18:39.546+0000] {processor.py:175} INFO - Processing /home/airflow/.local/lib/python3.7/site-packages/airflow/example_dags/example_skip_dag.py took 0.131 seconds
[2026-09-30T21:19:10.329+0000] {processor.py:153} INFO - Started process (PID=21404) to work on /home/airflow/.local/lib/python3.7/site-packages/airflow/example_dags/example_skip_dag.py
[2026-09-30T21:19:10.330+0000] {processor.py:743} INFO - Processing file /home/airflow/.local/lib/python3.7/site-packages/airflow/example_dags/example_skip_dag.py for tasks to queue
[2026-09-30T21:19:10.332+0000] {logging_mixin.py:137} INFO - [2026-09-30T21:19:10.332+0000] {dagbag.py:538} INFO - Filling up the DagBag from /home/airflow/.local/lib/python3.7/site-packages/airflow/example_dags/example_skip_dag.py
[2026-09-30T21:19:10.350+0000] {processor.py:753} INFO - DAG(s) dict_keys(['example_skip_dag']) retrieved from /home/airflow/.local/lib/python3.7/site-packages/airflow/example_dags/example_skip_dag.py
[2026-09-30T21:19:10.416+0000] {logging_mixin.py:137} INFO - [2026-09-30T21:19:10.415+0000] {dag.py:2676} INFO - Sync 1 DAGs
[2026-09-30T21:19:10.463+0000] {logging_mixin.py:137} INFO - [2026-09-30T21:19:10.463+0000] {dag.py:3427} INFO - Setting next_dagrun for example_skip_dag to 2026-09-29T21:19:10.462787+00:00, run_after=2026-09-30T21:19:10.462787+00:00
[2026-09-30T21:19:10.484+0000] {processor.py:175} INFO - Processing /home/airflow/.local/lib/python3.7/site-packages/airflow/example_dags/example_skip_dag.py took 0.158 seconds
[2026-09-30T21:19:40.532+0000] {processor.py:153} INFO - Started process (PID=21483) to work on /home/airflow/.local/lib/python3.7/site-packages/airflow/example_dags/example_skip_dag.py
[2026-09-30T21:19:40.533+0000] {processor.py:743} INFO - Processing file /home/airflow/.local/lib/python3.7/site-packages/airflow/example_dags/example_skip_dag.py for tasks to queue
[2026-09-30T21:19:40.533+0000] {logging_mixin.py:137} INFO - [2026-09-30T21:19:40.533+0000] {dagbag.py:538} INFO - Filling up the DagBag from /home/airflow/.local/lib/python3.7/site-packages/airflow/example_dags/example_skip_dag.py
[2026-09-30T21:19:40.554+0000] {processor.py:753} INFO - DAG(s) dict_keys(['example_skip_dag']) retrieved from /home/airflow/.local/lib/python3.7/site-packages/airflow/example_dags/example_skip_dag.py
[2026-09-30T21:19:40.615+0000] {logging_mixin.py:137} INFO - [2026-09-30T21:19:40.615+0000] {dag.py:2676} INFO - Sync 1 DAGs
[2026-09-30T21:19:40.658+0000] {logging_mixin.py:137} INFO - [2026-09-30T21:19:40.657+0000] {dag.py:3427} INFO - Setting next_dagrun for example_skip_dag to 2026-09-29T21:19:40.657259+00:00, run_after=2026-09-30T21:19:40.657259+00:00
[2026-09-30T21:19:40.686+0000] {processor.py:175} INFO - Processing /home/airflow/.local/lib/python3.7/site-packages/airflow/example_dags/example_skip_dag.py took 0.158 seconds
[2026-09-30T21:20:11.364+0000] {processor.py:153} INFO - Started process (PID=21582) to work on /home/airflow/.local/lib/python3.7/site-packages/airflow/example_dags/example_skip_dag.py
[2026-09-30T21:20:11.365+0000] {processor.py:743} INFO - Processing file /home/airflow/.local/lib/python3.7/site-packages/airflow/example_dags/example_skip_dag.py for tasks to queue
[2026-09-30T21:20:11.366+0000] {logging_mixin.py:137} INFO - [2026-09-30T21:20:11.365+0000] {dagbag.py:538} INFO - Filling up the DagBag from /home/airflow/.local/lib/python3.7/site-packages/airflow/example_dags/example_skip_dag.py
[2026-09-30T21:20:11.380+0000] {processor.py:753} INFO - DAG(s) dict_keys(['example_skip_dag']) retrieved from /home/airflow/.local/lib/python3.7/site-packages/airflow/example_dags/example_skip_dag.py
[2026-09-30T21:20:11.416+0000] {logging_mixin.py:137} INFO - [2026-09-30T21:20:11.415+0000] {dag.py:2676} INFO - Sync 1 DAGs
[2026-09-30T21:20:11.439+0000] {logging_mixin.py:137} INFO - [2026-09-30T21:20:11.439+0000] {dag.py:3427} INFO - Setting next_dagrun for example_skip_dag to 2026-09-29T21:20:11.439337+00:00, run_after=2026-09-30T21:20:11.439337+00:00
[2026-09-30T21:20:11.455+0000] {processor.py:175} INFO - Processing /home/airflow/.local/lib/python3.7/site-packages/airflow/example_dags/example_skip_dag.py took 0.094 seconds
[2026-09-30T21:20:42.351+0000] {processor.py:153} INFO - Started process (PID=21661) to work on /home/airflow/.local/lib/python3.7/site-packages/airflow/example_dags/example_skip_dag.py
[2026-09-30T21:20:42.352+0000] {processor.py:743} INFO - Processing file /home/airflow/.local/lib/python3.7/site-packages/airflow/example_dags/example_skip_dag.py for tasks to queue
[2026-09-30T21:20:42.353+0000] {logging_mixin.py:137} INFO - [2026-09-30T21:20:42.353+0000] {dagbag.py:538} INFO - Filling up the DagBag from /home/airflow/.local/lib/python3.7/site-packages/airflow/example_dags/example_skip_dag.py
[2026-09-30T21:20:42.371+0000] {processor.py:753} INFO - DAG(s) dict_keys(['example_skip_dag']) retrieved from /home/airflow/.local/lib/python3.7/site-packages/airflow/example_dags/example_skip_dag.py
[2026-09-30T21:20:42.424+0000] {logging_mixin.py:137} INFO - [2026-09-30T21:20:42.424+0000] {dag.py:2676} INFO - Sync 1 DAGs
[2026-09-30T21:20:42.457+0000] {logging_mixin.py:137} INFO - [2026-09-30T21:20:42.457+0000] {dag.py:3427} INFO - Setting next_dagrun for example_skip_dag to 2026-09-29T21:20:42.457084+00:00, run_after=2026-09-30T21:20:42.457084+00:00
[2026-09-30T21:20:42.481+0000] {processor.py:175} INFO - Processing /home/airflow/.local/lib/python3.7/site-packages/airflow/example_dags/example_skip_dag.py took 0.135 seconds
[2026-09-30T21:21:12.688+0000] {processor.py:153} INFO - Started process (PID=21740) to work on /home/airflow/.local/lib/python3.7/site-packages/airflow/example_dags/example_skip_dag.py
[2026-09-30T21:21:12.689+0000] {processor.py:743} INFO - Processing file /home/airflow/.local/lib/python3.7/site-packages/airflow/example_dags/example_skip_dag.py for tasks to queue
[2026-09-30T21:21:12.691+0000] {logging_mixin.py:137} INFO - [2026-09-30T21:21:12.690+0000] {dagbag.py:538} INFO - Filling up the DagBag from /home/airflow/.local/lib/python3.7/site-packages/airflow/example_dags/example_skip_dag.py
[2026-09-30T21:21:12.719+0000] {processor.py:753} INFO - DAG(s) dict_keys(['example_skip_dag']) retrieved from /home/airflow/.local/lib/python3.7/site-packages/airflow/example_dags/example_skip_dag.py
[2026-09-30T21:21:12.779+0000] {logging_mixin.py:137} INFO - [2026-09-30T21:21:12.778+0000] {dag.py:2676} INFO - Sync 1 DAGs
[2026-09-30T21:21:12.817+0000] {logging_mixin.py:137} INFO - [2026-09-30T21:21:12.817+0000] {dag.py:3427} INFO - Setting next_dagrun for example_skip_dag to 2026-09-29T21:21:12.817210+00:00, run_after=2026-09-30T21:21:12.817210+00:00
[2026-09-30T21:21:12.838+0000] {processor.py:175} INFO - Processing /home/airflow/.local/lib/python3.7/site-packages/airflow/example_dags/example_skip_dag.py took 0.156 seconds
[2026-09-30T21:21:43.045+0000] {processor.py:153} INFO - Started process (PID=21828) to work on /home/airflow/.local/lib/python3.7/site-packages/airflow/example_dags/example_skip_dag.py
[2026-09-30T21:21:43.046+0000] {processor.py:743} INFO - Processing file /home/airflow/.local/lib/python3.7/site-packages/airflow/example_dags/example_skip_dag.py for tasks to queue
[2026-09-30T21:21:43.047+0000] {logging_mixin.py:137} INFO - [2026-09-30T21:21:43.047+0000] {dagbag.py:538} INFO - Filling up the DagBag from /home/airflow/.local/lib/python3.7/site-packages/airflow/example_dags/example_skip_dag.py
[2026-09-30T21:21:43.066+0000] {processor.py:753} INFO - DAG(s) dict_keys(['example_skip_dag']) retrieved from /home/airflow/.local/lib/python3.7/site-packages/airflow/example_dags/example_skip_dag.py
[2026-09-30T21:21:43.118+0000] {logging_mixin.py:137} INFO - [2026-09-30T21:21:43.117+0000] {dag.py:2676} INFO - Sync 1 DAGs
[2026-09-30T21:21:43.154+0000] {logging_mixin.py:137} INFO - [2026-09-30T21:21:43.154+0000] {dag.py:3427} INFO - Setting next_dagrun for example_skip_dag to 2026-09-29T21:21:43.153634+00:00, run_after=2026-09-30T21:21:43.153634+00:00
[2026-09-30T21:21:43.181+0000] {processor.py:175} INFO - Processing /home/airflow/.local/lib/python3.7/site-packages/airflow/example_dags/example_skip_dag.py took 0.140 seconds
[2026-09-30T21:22:13.822+0000] {processor.py:153} INFO - Started process (PID=21918) to work on /home/airflow/.local/lib/python3.7/site-packages/airflow/example_dags/example_skip_dag.py
[2026-09-30T21:22:13.823+0000] {processor.py:743} INFO - Processing file /home/airflow/.local/lib/python3.7/site-packages/airflow/example_dags/example_skip_dag.py for tasks to queue
[2026-09-30T21:22:13.823+0000] {logging_mixin.py:137} INFO - [2026-09-30T21:22:13.823+0000] {dagbag.py:538} INFO - Filling up the DagBag from /home/airflow/.local/lib/python3.7/site-packages/airflow/example_dags/example_skip_dag.py
[2026-09-30T21:22:13.843+0000] {processor.py:753} INFO - DAG(s) dict_keys(['example_skip_dag']) retrieved from /home/airflow/.local/lib/python3.7/site-packages/airflow/example_dags/example_skip_dag.py
[2026-09-30T21:22:13.892+0000] {logging_mixin.py:137} INFO - [2026-09-30T21:22:13.892+0000] {dag.py:2676} INFO - Sync 1 DAGs
[2026-09-30T21:22:13.923+0000] {logging_mixin.py:137} INFO - [2026-09-30T21:22:13.922+0000] {dag.py:3427} INFO - Setting next_dagrun for example_skip_dag to 2026-09-29T21:22:13.922630+00:00, run_after=2026-09-30T21:22:13.922630+00:00
[2026-09-30T21:22:13.946+0000] {processor.py:175} INFO - Processing /home/airflow/.local/lib/python3.7/site-packages/airflow/example_dags/example_skip_dag.py took 0.129 seconds
[2026-09-30T21:22:44.651+0000] {processor.py:153} INFO - Started process (PID=21997) to work on /home/airflow/.local/lib/python3.7/site-packages/airflow/example_dags/example_skip_dag.py
[2026-09-30T21:22:44.652+0000] {processor.py:743} INFO - Processing file /home/airflow/.local/lib/python3.7/site-packages/airflow/example_dags/example_skip_dag.py for tasks to queue
[2026-09-30T21:22:44.653+0000] {logging_mixin.py:137} INFO - [2026-09-30T21:22:44.653+0000] {dagbag.py:538} INFO - Filling up the DagBag from /home/airflow/.local/lib/python3.7/site-packages/airflow/example_dags/example_skip_dag.py
[2026-09-30T21:22:44.672+0000] {processor.py:753} INFO - DAG(s) dict_keys(['example_skip_dag']) retrieved from /home/airflow/.local/lib/python3.7/site-packages/airflow/example_dags/example_skip_dag.py
[2026-09-30T21:22:44.718+0000] {logging_mixin.py:137} INFO - [2026-09-30T21:22:44.718+0000] {dag.py:2676} INFO - Sync 1 DAGs
[2026-09-30T21:22:44.768+0000] {logging_mixin.py:137} INFO - [2026-09-30T21:22:44.768+0000] {dag.py:3427} INFO - Setting next_dagrun for example_skip_dag to 2026-09-29T21:22:44.768035+00:00, run_after=2026-09-30T21:22:44.768035+00:00
[2026-09-30T21:22:44.797+0000] {processor.py:175} INFO - Processing /home/airflow/.local/lib/python3.7/site-packages/airflow/example_dags/example_skip_dag.py took 0.150 seconds
[2026-09-30T21:23:15.150+0000] {processor.py:153} INFO - Started process (PID=22077) to work on /home/airflow/.local/lib/python3.7/site-packages/airflow/example_dags/example_skip_dag.py
[2026-09-30T21:23:15.151+0000] {processor.py:743} INFO - Processing file /home/airflow/.local/lib/python3.7/site-packages/airflow/example_dags/example_skip_dag.py for tasks to queue
[2026-09-30T21:23:15.151+0000] {logging_mixin.py:137} INFO - [2026-09-30T21:23:15.151+0000] {dagbag.py:538} INFO - Filling up the DagBag from /home/airflow/.local/lib/python3.7/site-packages/airflow/example_dags/example_skip_dag.py
[2026-09-30T21:23:15.171+0000] {processor.py:753} INFO - DAG(s) dict_keys(['example_skip_dag']) retrieved from /home/airflow/.local/lib/python3.7/site-packages/airflow/example_dags/example_skip_dag.py
[2026-09-30T21:23:15.224+0000] {logging_mixin.py:137} INFO - [2026-09-30T21:23:15.224+0000] {dag.py:2676} INFO - Sync 1 DAGs
[2026-09-30T21:23:15.265+0000] {logging_mixin.py:137} INFO - [2026-09-30T21:23:15.265+0000] {dag.py:3427} INFO - Setting next_dagrun for example_skip_dag to 2026-09-29T21:23:15.265445+00:00, run_after=2026-09-30T21:23:15.265445+00:00
[2026-09-30T21:23:15.286+0000] {processor.py:175} INFO - Processing /home/airflow/.local/lib/python3.7/site-packages/airflow/example_dags/example_skip_dag.py took 0.140 seconds
[2026-09-30T21:23:45.663+0000] {processor.py:153} INFO - Started process (PID=22165) to work on /home/airflow/.local/lib/python3.7/site-packages/airflow/example_dags/example_skip_dag.py
[2026-09-30T21:23:45.664+0000] {processor.py:743} INFO - Processing file /home/airflow/.local/lib/python3.7/site-packages/airflow/example_dags/example_skip_dag.py for tasks to queue
[2026-09-30T21:23:45.665+0000] {logging_mixin.py:137} INFO - [2026-09-30T21:23:45.664+0000] {dagbag.py:538} INFO - Filling up the DagBag from /home/airflow/.local/lib/python3.7/site-packages/airflow/example_dags/example_skip_dag.py
[2026-09-30T21:23:45.679+0000] {processor.py:753} INFO - DAG(s) dict_keys(['example_skip_dag']) retrieved from /home/airflow/.local/lib/python3.7/site-packages/airflow/example_dags/example_skip_dag.py
[2026-09-30T21:23:45.717+0000] {logging_mixin.py:137} INFO - [2026-09-30T21:23:45.716+0000] {dag.py:2676} INFO - Sync 1 DAGs
[2026-09-30T21:23:45.743+0000] {logging_mixin.py:137} INFO - [2026-09-30T21:23:45.743+0000] {dag.py:3427} INFO - Setting next_dagrun for example_skip_dag to 2026-09-29T21:23:45.742905+00:00, run_after=2026-09-30T21:23:45.742905+00:00
[2026-09-30T21:23:45.760+0000] {processor.py:175} INFO - Processing /home/airflow/.local/lib/python3.7/site-packages/airflow/example_dags/example_skip_dag.py took 0.101 seconds
[2026-09-30T21:24:16.784+0000] {processor.py:153} INFO - Started process (PID=22255) to work on /home/airflow/.local/lib/python3.7/site-packages/airflow/example_dags/example_skip_dag.py
[2026-09-30T21:24:16.785+0000] {processor.py:743} INFO - Processing file /home/airflow/.local/lib/python3.7/site-packages/airflow/example_dags/example_skip_dag.py for tasks to queue
[2026-09-30T21:24:16.786+0000] {logging_mixin.py:137} INFO - [2026-09-30T21:24:16.786+0000] {dagbag.py:538} INFO - Filling up the DagBag from /home/airflow/.local/lib/python3.7/site-packages/airflow/example_dags/example_skip_dag.py
[2026-09-30T21:24:16.814+0000] {processor.py:753} INFO - DAG(s) dict_keys(['example_skip_dag']) retrieved from /home/airflow/.local/lib/python3.7/site-packages/airflow/example_dags/example_skip_dag.py
[2026-09-30T21:24:16.877+0000] {logging_mixin.py:137} INFO - [2026-09-30T21:24:16.877+0000] {dag.py:2676} INFO - Sync 1 DAGs
[2026-09-30T21:24:16.912+0000] {logging_mixin.py:137} INFO - [2026-09-30T21:24:16.911+0000] {dag.py:3427} INFO - Setting next_dagrun for example_skip_dag to 2026-09-29T21:24:16.911613+00:00, run_after=2026-09-30T21:24:16.911613+00:00
[2026-09-30T21:24:16.937+0000] {processor.py:175} INFO - Processing /home/airflow/.local/lib/python3.7/site-packages/airflow/example_dags/example_skip_dag.py took 0.156 seconds
[2026-09-30T21:24:47.144+0000] {processor.py:153} INFO - Started process (PID=22339) to work on /home/airflow/.local/lib/python3.7/site-packages/airflow/example_dags/example_skip_dag.py
[2026-09-30T21:24:47.145+0000] {processor.py:743} INFO - Processing file /home/airflow/.local/lib/python3.7/site-packages/airflow/example_dags/example_skip_dag.py for tasks to queue
[2026-09-30T21:24:47.146+0000] {logging_mixin.py:137} INFO - [2026-09-30T21:24:47.146+0000] {dagbag.py:538} INFO - Filling up the DagBag from /home/airflow/.local/lib/python3.7/site-packages/airflow/example_dags/example_skip_dag.py
[2026-09-30T21:24:47.164+0000] {processor.py:753} INFO - DAG(s) dict_keys(['example_skip_dag']) retrieved from /home/airflow/.local/lib/python3.7/site-packages/airflow/example_dags/example_skip_dag.py
[2026-09-30T21:24:47.222+0000] {logging_mixin.py:137} INFO - [2026-09-30T21:24:47.222+0000] {dag.py:2676} INFO - Sync 1 DAGs
[2026-09-30T21:24:47.264+0000] {logging_mixin.py:137} INFO - [2026-09-30T21:24:47.263+0000] {dag.py:3427} INFO - Setting next_dagrun for example_skip_dag to 2026-09-29T21:24:47.263319+00:00, run_after=2026-09-30T21:24:47.263319+00:00
[2026-09-30T21:24:47.285+0000] {processor.py:175} INFO - Processing /home/airflow/.local/lib/python3.7/site-packages/airflow/example_dags/example_skip_dag.py took 0.145 seconds
[2026-09-30T21:25:17.552+0000] {processor.py:153} INFO - Started process (PID=22423) to work on /home/airflow/.local/lib/python3.7/site-packages/airflow/example_dags/example_skip_dag.py
[2026-09-30T21:25:17.553+0000] {processor.py:743} INFO - Processing file /home/airflow/.local/lib/python3.7/site-packages/airflow/example_dags/example_skip_dag.py for tasks to queue
[2026-09-30T21:25:17.554+0000] {logging_mixin.py:137} INFO - [2026-09-30T21:25:17.554+0000] {dagbag.py:538} INFO - Filling up the DagBag from /home/airflow/.local/lib/python3.7/site-packages/airflow/example_dags/example_skip_dag.py
[2026-09-30T21:25:17.583+0000] {processor.py:753} INFO - DAG(s) dict_keys(['example_skip_dag']) retrieved from /home/airflow/.local/lib/python3.7/site-packages/airflow/example_dags/example_skip_dag.py
[2026-09-30T21:25:17.648+0000] {logging_mixin.py:137} INFO - [2026-09-30T21:25:17.648+0000] {dag.py:2676} INFO - Sync 1 DAGs
[2026-09-30T21:25:17.683+0000] {logging_mixin.py:137} INFO - [2026-09-30T21:25:17.683+0000] {dag.py:3427} INFO - Setting next_dagrun for example_skip_dag to 2026-09-29T21:25:17.683323+00:00, run_after=2026-09-30T21:25:17.683323+00:00
[2026-09-30T21:25:17.705+0000] {processor.py:175} INFO - Processing /home/airflow/.local/lib/python3.7/site-packages/airflow/example_dags/example_skip_dag.py took 0.159 seconds
[2026-09-30T21:25:47.788+0000] {processor.py:153} INFO - Started process (PID=22523) to work on /home/airflow/.local/lib/python3.7/site-packages/airflow/example_dags/example_skip_dag.py
[2026-09-30T21:25:47.790+0000] {processor.py:743} INFO - Processing file /home/airflow/.local/lib/python3.7/site-packages/airflow/example_dags/example_skip_dag.py for tasks to queue
[2026-09-30T21:25:47.791+0000] {logging_mixin.py:137} INFO - [2026-09-30T21:25:47.791+0000] {dagbag.py:538} INFO - Filling up the DagBag from /home/airflow/.local/lib/python3.7/site-packages/airflow/example_dags/example_skip_dag.py
[2026-09-30T21:25:47.819+0000] {processor.py:753} INFO - DAG(s) dict_keys(['example_skip_dag']) retrieved from /home/airflow/.local/lib/python3.7/site-packages/airflow/example_dags/example_skip_dag.py
[2026-09-30T21:25:47.880+0000] {logging_mixin.py:137} INFO - [2026-09-30T21:25:47.880+0000] {dag.py:2676} INFO - Sync 1 DAGs
[2026-09-30T21:25:47.928+0000] {logging_mixin.py:137} INFO - [2026-09-30T21:25:47.928+0000] {dag.py:3427} INFO - Setting next_dagrun for example_skip_dag to 2026-09-29T21:25:47.927965+00:00, run_after=2026-09-30T21:25:47.927965+00:00
[2026-09-30T21:25:47.952+0000] {processor.py:175} INFO - Processing /home/airflow/.local/lib/python3.7/site-packages/airflow/example_dags/example_skip_dag.py took 0.171 seconds
[2026-09-30T21:26:18.413+0000] {processor.py:153} INFO - Started process (PID=22602) to work on /home/airflow/.local/lib/python3.7/site-packages/airflow/example_dags/example_skip_dag.py
[2026-09-30T21:26:18.415+0000] {processor.py:743} INFO - Processing file /home/airflow/.local/lib/python3.7/site-packages/airflow/example_dags/example_skip_dag.py for tasks to queue
[2026-09-30T21:26:18.416+0000] {logging_mixin.py:137} INFO - [2026-09-30T21:26:18.415+0000] {dagbag.py:538} INFO - Filling up the DagBag from /home/airflow/.local/lib/python3.7/site-packages/airflow/example_dags/example_skip_dag.py
[2026-09-30T21:26:18.443+0000] {processor.py:753} INFO - DAG(s) dict_keys(['example_skip_dag']) retrieved from /home/airflow/.local/lib/python3.7/site-packages/airflow/example_dags/example_skip_dag.py
[2026-09-30T21:26:18.517+0000] {logging_mixin.py:137} INFO - [2026-09-30T21:26:18.517+0000] {dag.py:2676} INFO - Sync 1 DAGs
[2026-09-30T21:26:18.566+0000] {logging_mixin.py:137} INFO - [2026-09-30T21:26:18.566+0000] {dag.py:3427} INFO - Setting next_dagrun for example_skip_dag to 2026-09-29T21:26:18.565750+00:00, run_after=2026-09-30T21:26:18.565750+00:00
[2026-09-30T21:26:18.589+0000] {processor.py:175} INFO - Processing /home/airflow/.local/lib/python3.7/site-packages/airflow/example_dags/example_skip_dag.py took 0.183 seconds
[2026-09-30T21:26:50.244+0000] {processor.py:153} INFO - Started process (PID=22681) to work on /home/airflow/.local/lib/python3.7/site-packages/airflow/example_dags/example_skip_dag.py
[2026-09-30T21:26:50.245+0000] {processor.py:743} INFO - Processing file /home/airflow/.local/lib/python3.7/site-packages/airflow/example_dags/example_skip_dag.py for tasks to queue
[2026-09-30T21:26:50.246+0000] {logging_mixin.py:137} INFO - [2026-09-30T21:26:50.246+0000] {dagbag.py:538} INFO - Filling up the DagBag from /home/airflow/.local/lib/python3.7/site-packages/airflow/example_dags/example_skip_dag.py
[2026-09-30T21:26:50.266+0000] {processor.py:753} INFO - DAG(s) dict_keys(['example_skip_dag']) retrieved from /home/airflow/.local/lib/python3.7/site-packages/airflow/example_dags/example_skip_dag.py
[2026-09-30T21:26:50.316+0000] {logging_mixin.py:137} INFO - [2026-09-30T21:26:50.316+0000] {dag.py:2676} INFO - Sync 1 DAGs
[2026-09-30T21:26:50.350+0000] {logging_mixin.py:137} INFO - [2026-09-30T21:26:50.350+0000] {dag.py:3427} INFO - Setting next_dagrun for example_skip_dag to 2026-09-29T21:26:50.350208+00:00, run_after=2026-09-30T21:26:50.350208+00:00
[2026-09-30T21:26:50.373+0000] {processor.py:175} INFO - Processing /home/airflow/.local/lib/python3.7/site-packages/airflow/example_dags/example_skip_dag.py took 0.134 seconds
[2026-09-30T21:27:21.202+0000] {processor.py:153} INFO - Started process (PID=22785) to work on /home/airflow/.local/lib/python3.7/site-packages/airflow/example_dags/example_skip_dag.py
[2026-09-30T21:27:21.203+0000] {processor.py:743} INFO - Processing file /home/airflow/.local/lib/python3.7/site-packages/airflow/example_dags/example_skip_dag.py for tasks to queue
[2026-09-30T21:27:21.203+0000] {logging_mixin.py:137} INFO - [2026-09-30T21:27:21.203+0000] {dagbag.py:538} INFO - Filling up the DagBag from /home/airflow/.local/lib/python3.7/site-packages/airflow/example_dags/example_skip_dag.py
[2026-09-30T21:27:21.222+0000] {processor.py:753} INFO - DAG(s) dict_keys(['example_skip_dag']) retrieved from /home/airflow/.local/lib/python3.7/site-packages/airflow/example_dags/example_skip_dag.py
[2026-09-30T21:27:21.274+0000] {logging_mixin.py:137} INFO - [2026-09-30T21:27:21.273+0000] {dag.py:2676} INFO - Sync 1 DAGs
[2026-09-30T21:27:21.308+0000] {logging_mixin.py:137} INFO - [2026-09-30T21:27:21.308+0000] {dag.py:3427} INFO - Setting next_dagrun for example_skip_dag to 2026-09-29T21:27:21.307624+00:00, run_after=2026-09-30T21:27:21.307624+00:00
[2026-09-30T21:27:21.333+0000] {processor.py:175} INFO - Processing /home/airflow/.local/lib/python3.7/site-packages/airflow/example_dags/example_skip_dag.py took 0.135 seconds
[2026-09-30T21:27:51.930+0000] {processor.py:153} INFO - Started process (PID=22868) to work on /home/airflow/.local/lib/python3.7/site-packages/airflow/example_dags/example_skip_dag.py
[2026-09-30T21:27:51.932+0000] {processor.py:743} INFO - Processing file /home/airflow/.local/lib/python3.7/site-packages/airflow/example_dags/example_skip_dag.py for tasks to queue
[2026-09-30T21:27:51.932+0000] {logging_mixin.py:137} INFO - [2026-09-30T21:27:51.932+0000] {dagbag.py:538} INFO - Filling up the DagBag from /home/airflow/.local/lib/python3.7/site-packages/airflow/example_dags/example_skip_dag.py
[2026-09-30T21:27:51.951+0000] {processor.py:753} INFO - DAG(s) dict_keys(['example_skip_dag']) retrieved from /home/airflow/.local/lib/python3.7/site-packages/airflow/example_dags/example_skip_dag.py
[2026-09-30T21:27:52.002+0000] {logging_mixin.py:137} INFO - [2026-09-30T21:27:52.002+0000] {dag.py:2676} INFO - Sync 1 DAGs
[2026-09-30T21:27:52.038+0000] {logging_mixin.py:137} INFO - [2026-09-30T21:27:52.038+0000] {dag.py:3427} INFO - Setting next_dagrun for example_skip_dag to 2026-09-29T21:27:52.037715+00:00, run_after=2026-09-30T21:27:52.037715+00:00
[2026-09-30T21:27:52.063+0000] {processor.py:175} INFO - Processing /home/airflow/.local/lib/python3.7/site-packages/airflow/example_dags/example_skip_dag.py took 0.136 seconds
[2026-09-30T21:28:22.506+0000] {processor.py:153} INFO - Started process (PID=22971) to work on /home/airflow/.local/lib/python3.7/site-packages/airflow/example_dags/example_skip_dag.py
[2026-09-30T21:28:22.507+0000] {processor.py:743} INFO - Processing file /home/airflow/.local/lib/python3.7/site-packages/airflow/example_dags/example_skip_dag.py for tasks to queue
[2026-09-30T21:28:22.508+0000] {logging_mixin.py:137} INFO - [2026-09-30T21:28:22.508+0000] {dagbag.py:538} INFO - Filling up the DagBag from /home/airflow/.local/lib/python3.7/site-packages/airflow/example_dags/example_skip_dag.py
[2026-09-30T21:28:22.525+0000] {processor.py:753} INFO - DAG(s) dict_keys(['example_skip_dag']) retrieved from /home/airflow/.local/lib/python3.7/site-packages/airflow/example_dags/example_skip_dag.py
[2026-09-30T21:28:22.569+0000] {logging_mixin.py:137} INFO - [2026-09-30T21:28:22.569+0000] {dag.py:2676} INFO - Sync 1 DAGs
[2026-09-30T21:28:22.595+0000] {logging_mixin.py:137} INFO - [2026-09-30T21:28:22.595+0000] {dag.py:3427} INFO - Setting next_dagrun for example_skip_dag to 2026-09-29T21:28:22.595428+00:00, run_after=2026-09-30T21:28:22.595428+00:00
[2026-09-30T21:28:22.615+0000] {processor.py:175} INFO - Processing /home/airflow/.local/lib/python3.7/site-packages/airflow/example_dags/example_skip_dag.py took 0.112 seconds
[2026-09-30T21:28:52.870+0000] {processor.py:153} INFO - Started process (PID=23054) to work on /home/airflow/.local/lib/python3.7/site-packages/airflow/example_dags/example_skip_dag.py
[2026-09-30T21:28:52.870+0000] {processor.py:743} INFO - Processing file /home/airflow/.local/lib/python3.7/site-packages/airflow/example_dags/example_skip_dag.py for tasks to queue
[2026-09-30T21:28:52.871+0000] {logging_mixin.py:137} INFO - [2026-09-30T21:28:52.871+0000] {dagbag.py:538} INFO - Filling up the DagBag from /home/airflow/.local/lib/python3.7/site-packages/airflow/example_dags/example_skip_dag.py
[2026-09-30T21:28:52.901+0000] {processor.py:753} INFO - DAG(s) dict_keys(['example_skip_dag']) retrieved from /home/airflow/.local/lib/python3.7/site-packages/airflow/example_dags/example_skip_dag.py
[2026-09-30T21:28:52.961+0000] {logging_mixin.py:137} INFO - [2026-09-30T21:28:52.960+0000] {dag.py:2676} INFO - Sync 1 DAGs
[2026-09-30T21:28:52.995+0000] {logging_mixin.py:137} INFO - [2026-09-30T21:28:52.995+0000] {dag.py:3427} INFO - Setting next_dagrun for example_skip_dag to 2026-09-29T21:28:52.994749+00:00, run_after=2026-09-30T21:28:52.994749+00:00
[2026-09-30T21:28:53.022+0000] {processor.py:175} INFO - Processing /home/airflow/.local/lib/python3.7/site-packages/airflow/example_dags/example_skip_dag.py took 0.156 seconds
[2026-09-30T21:29:23.185+0000] {processor.py:153} INFO - Started process (PID=23138) to work on /home/airflow/.local/lib/python3.7/site-packages/airflow/example_dags/example_skip_dag.py
[2026-09-30T21:29:23.187+0000] {processor.py:743} INFO - Processing file /home/airflow/.local/lib/python3.7/site-packages/airflow/example_dags/example_skip_dag.py for tasks to queue
[2026-09-30T21:29:23.188+0000] {logging_mixin.py:137} INFO - [2026-09-30T21:29:23.188+0000] {dagbag.py:538} INFO - Filling up the DagBag from /home/airflow/.local/lib/python3.7/site-packages/airflow/example_dags/example_skip_dag.py
[2026-09-30T21:29:23.212+0000] {processor.py:753} INFO - DAG(s) dict_keys(['example_skip_dag']) retrieved from /home/airflow/.local/lib/python3.7/site-packages/airflow/example_dags/example_skip_dag.py
[2026-09-30T21:29:23.270+0000] {logging_mixin.py:137} INFO - [2026-09-30T21:29:23.270+0000] {dag.py:2676} INFO - Sync 1 DAGs
[2026-09-30T21:29:23.312+0000] {logging_mixin.py:137} INFO - [2026-09-30T21:29:23.312+0000] {dag.py:3427} INFO - Setting next_dagrun for example_skip_dag to 2026-09-29T21:29:23.311406+00:00, run_after=2026-09-30T21:29:23.311406+00:00
[2026-09-30T21:29:23.349+0000] {processor.py:175} INFO - Processing /home/airflow/.local/lib/python3.7/site-packages/airflow/example_dags/example_skip_dag.py took 0.171 seconds
[2026-09-30T21:29:53.863+0000] {processor.py:153} INFO - Started process (PID=23240) to work on /home/airflow/.local/lib/python3.7/site-packages/airflow/example_dags/example_skip_dag.py
[2026-09-30T21:29:53.864+0000] {processor.py:743} INFO - Processing file /home/airflow/.local/lib/python3.7/site-packages/airflow/example_dags/example_skip_dag.py for tasks to queue
[2026-09-30T21:29:53.871+0000] {logging_mixin.py:137} INFO - [2026-09-30T21:29:53.870+0000] {dagbag.py:538} INFO - Filling up the DagBag from /home/airflow/.local/lib/python3.7/site-packages/airflow/example_dags/example_skip_dag.py
[2026-09-30T21:29:53.909+0000] {processor.py:753} INFO - DAG(s) dict_keys(['example_skip_dag']) retrieved from /home/airflow/.local/lib/python3.7/site-packages/airflow/example_dags/example_skip_dag.py
[2026-09-30T21:29:53.971+0000] {logging_mixin.py:137} INFO - [2026-09-30T21:29:53.971+0000] {dag.py:2676} INFO - Sync 1 DAGs
[2026-09-30T21:29:54.002+0000] {logging_mixin.py:137} INFO - [2026-09-30T21:29:54.001+0000] {dag.py:3427} INFO - Setting next_dagrun for example_skip_dag to 2026-09-29T21:29:54.001575+00:00, run_after=2026-09-30T21:29:54.001575+00:00
[2026-09-30T21:29:54.022+0000] {processor.py:175} INFO - Processing /home/airflow/.local/lib/python3.7/site-packages/airflow/example_dags/example_skip_dag.py took 0.178 seconds
[2026-09-30T21:30:24.229+0000] {processor.py:153} INFO - Started process (PID=23321) to work on /home/airflow/.local/lib/python3.7/site-packages/airflow/example_dags/example_skip_dag.py
[2026-09-30T21:30:24.230+0000] {processor.py:743} INFO - Processing file /home/airflow/.local/lib/python3.7/site-packages/airflow/example_dags/example_skip_dag.py for tasks to queue
[2026-09-30T21:30:24.231+0000] {logging_mixin.py:137} INFO - [2026-09-30T21:30:24.231+0000] {dagbag.py:538} INFO - Filling up the DagBag from /home/airflow/.local/lib/python3.7/site-packages/airflow/example_dags/example_skip_dag.py
[2026-09-30T21:30:24.255+0000] {processor.py:753} INFO - DAG(s) dict_keys(['example_skip_dag']) retrieved from /home/airflow/.local/lib/python3.7/site-packages/airflow/example_dags/example_skip_dag.py
[2026-09-30T21:30:24.315+0000] {logging_mixin.py:137} INFO - [2026-09-30T21:30:24.314+0000] {dag.py:2676} INFO - Sync 1 DAGs
[2026-09-30T21:30:24.366+0000] {logging_mixin.py:137} INFO - [2026-09-30T21:30:24.365+0000] {dag.py:3427} INFO - Setting next_dagrun for example_skip_dag to 2026-09-29T21:30:24.365480+00:00, run_after=2026-09-30T21:30:24.365480+00:00
[2026-09-30T21:30:24.400+0000] {processor.py:175} INFO - Processing /home/airflow/.local/lib/python3.7/site-packages/airflow/example_dags/example_skip_dag.py took 0.175 seconds
[2026-09-30T21:30:54.578+0000] {processor.py:153} INFO - Started process (PID=23403) to work on /home/airflow/.local/lib/python3.7/site-packages/airflow/example_dags/example_skip_dag.py
[2026-09-30T21:30:54.579+0000] {processor.py:743} INFO - Processing file /home/airflow/.local/lib/python3.7/site-packages/airflow/example_dags/example_skip_dag.py for tasks to queue
[2026-09-30T21:30:54.580+0000] {logging_mixin.py:137} INFO - [2026-09-30T21:30:54.579+0000] {dagbag.py:538} INFO - Filling up the DagBag from /home/airflow/.local/lib/python3.7/site-packages/airflow/example_dags/example_skip_dag.py
[2026-09-30T21:30:54.599+0000] {processor.py:753} INFO - DAG(s) dict_keys(['example_skip_dag']) retrieved from /home/airflow/.local/lib/python3.7/site-packages/airflow/example_dags/example_skip_dag.py
[2026-09-30T21:30:54.653+0000] {logging_mixin.py:137} INFO - [2026-09-30T21:30:54.652+0000] {dag.py:2676} INFO - Sync 1 DAGs
[2026-09-30T21:30:54.695+0000] {logging_mixin.py:137} INFO - [2026-09-30T21:30:54.695+0000] {dag.py:3427} INFO - Setting next_dagrun for example_skip_dag to 2026-09-29T21:30:54.695113+00:00, run_after=2026-09-30T21:30:54.695113+00:00
[2026-09-30T21:30:54.720+0000] {processor.py:175} INFO - Processing /home/airflow/.local/lib/python3.7/site-packages/airflow/example_dags/example_skip_dag.py took 0.146 seconds
[2026-09-30T21:31:25.380+0000] {processor.py:153} INFO - Started process (PID=23491) to work on /home/airflow/.local/lib/python3.7/site-packages/airflow/example_dags/example_skip_dag.py
[2026-09-30T21:31:25.381+0000] {processor.py:743} INFO - Processing file /home/airflow/.local/lib/python3.7/site-packages/airflow/example_dags/example_skip_dag.py for tasks to queue
[2026-09-30T21:31:25.382+0000] {logging_mixin.py:137} INFO - [2026-09-30T21:31:25.381+0000] {dagbag.py:538} INFO - Filling up the DagBag from /home/airflow/.local/lib/python3.7/site-packages/airflow/example_dags/example_skip_dag.py
[2026-09-30T21:31:25.402+0000] {processor.py:753} INFO - DAG(s) dict_keys(['example_skip_dag']) retrieved from /home/airflow/.local/lib/python3.7/site-packages/airflow/example_dags/example_skip_dag.py
[2026-09-30T21:31:25.456+0000] {logging_mixin.py:137} INFO - [2026-09-30T21:31:25.456+0000] {dag.py:2676} INFO - Sync 1 DAGs
[2026-09-30T21:31:25.492+0000] {logging_mixin.py:137} INFO - [2026-09-30T21:31:25.492+0000] {dag.py:3427} INFO - Setting next_dagrun for example_skip_dag to 2026-09-29T21:31:25.491614+00:00, run_after=2026-09-30T21:31:25.491614+00:00
[2026-09-30T21:31:25.515+0000] {processor.py:175} INFO - Processing /home/airflow/.local/lib/python3.7/site-packages/airflow/example_dags/example_skip_dag.py took 0.140 seconds
[2026-09-30T21:31:56.021+0000] {processor.py:153} INFO - Started process (PID=23583) to work on /home/airflow/.local/lib/python3.7/site-packages/airflow/example_dags/example_skip_dag.py
[2026-09-30T21:31:56.022+0000] {processor.py:743} INFO - Processing file /home/airflow/.local/lib/python3.7/site-packages/airflow/example_dags/example_skip_dag.py for tasks to queue
[2026-09-30T21:31:56.022+0000] {logging_mixin.py:137} INFO - [2026-09-30T21:31:56.022+0000] {dagbag.py:538} INFO - Filling up the DagBag from /home/airflow/.local/lib/python3.7/site-packages/airflow/example_dags/example_skip_dag.py
[2026-09-30T21:31:56.037+0000] {processor.py:753} INFO - DAG(s) dict_keys(['example_skip_dag']) retrieved from /home/airflow/.local/lib/python3.7/site-packages/airflow/example_dags/example_skip_dag.py
[2026-09-30T21:31:56.073+0000] {logging_mixin.py:137} INFO - [2026-09-30T21:31:56.073+0000] {dag.py:2676} INFO - Sync 1 DAGs
[2026-09-30T21:31:56.098+0000] {logging_mixin.py:137} INFO - [2026-09-30T21:31:56.098+0000] {dag.py:3427} INFO - Setting next_dagrun for example_skip_dag to 2026-09-29T21:31:56.098126+00:00, run_after=2026-09-30T21:31:56.098126+00:00
[2026-09-30T21:31:56.114+0000] {processor.py:175} INFO - Processing /home/airflow/.local/lib/python3.7/site-packages/airflow/example_dags/example_skip_dag.py took 0.096 seconds
[2026-09-30T21:32:27.235+0000] {processor.py:153} INFO - Started process (PID=23662) to work on /home/airflow/.local/lib/python3.7/site-packages/airflow/example_dags/example_skip_dag.py
[2026-09-30T21:32:27.236+0000] {processor.py:743} INFO - Processing file /home/airflow/.local/lib/python3.7/site-packages/airflow/example_dags/example_skip_dag.py for tasks to queue
[2026-09-30T21:32:27.237+0000] {logging_mixin.py:137} INFO - [2026-09-30T21:32:27.237+0000] {dagbag.py:538} INFO - Filling up the DagBag from /home/airflow/.local/lib/python3.7/site-packages/airflow/example_dags/example_skip_dag.py
[2026-09-30T21:32:27.257+0000] {processor.py:753} INFO - DAG(s) dict_keys(['example_skip_dag']) retrieved from /home/airflow/.local/lib/python3.7/site-packages/airflow/example_dags/example_skip_dag.py
[2026-09-30T21:32:27.307+0000] {logging_mixin.py:137} INFO - [2026-09-30T21:32:27.307+0000] {dag.py:2676} INFO - Sync 1 DAGs
[2026-09-30T21:32:27.348+0000] {logging_mixin.py:137} INFO - [2026-09-30T21:32:27.348+0000] {dag.py:3427} INFO - Setting next_dagrun for example_skip_dag to 2026-09-29T21:32:27.347807+00:00, run_after=2026-09-30T21:32:27.347807+00:00
[2026-09-30T21:32:27.377+0000] {processor.py:175} INFO - Processing /home/airflow/.local/lib/python3.7/site-packages/airflow/example_dags/example_skip_dag.py took 0.146 seconds
[2026-09-30T21:32:57.672+0000] {processor.py:153} INFO - Started process (PID=23752) to work on /home/airflow/.local/lib/python3.7/site-packages/airflow/example_dags/example_skip_dag.py
[2026-09-30T21:32:57.673+0000] {processor.py:743} INFO - Processing file /home/airflow/.local/lib/python3.7/site-packages/airflow/example_dags/example_skip_dag.py for tasks to queue
[2026-09-30T21:32:57.674+0000] {logging_mixin.py:137} INFO - [2026-09-30T21:32:57.674+0000] {dagbag.py:538} INFO - Filling up the DagBag from /home/airflow/.local/lib/python3.7/site-packages/airflow/example_dags/example_skip_dag.py
[2026-09-30T21:32:57.696+0000] {processor.py:753} INFO - DAG(s) dict_keys(['example_skip_dag']) retrieved from /home/airflow/.local/lib/python3.7/site-packages/airflow/example_dags/example_skip_dag.py
[2026-09-30T21:32:57.750+0000] {logging_mixin.py:137} INFO - [2026-09-30T21:32:57.750+0000] {dag.py:2676} INFO - Sync 1 DAGs
[2026-09-30T21:32:57.795+0000] {logging_mixin.py:137} INFO - [2026-09-30T21:32:57.795+0000] {dag.py:3427} INFO - Setting next_dagrun for example_skip_dag to 2026-09-29T21:32:57.794964+00:00, run_after=2026-09-30T21:32:57.794964+00:00
[2026-09-30T21:32:57.819+0000] {processor.py:175} INFO - Processing /home/airflow/.local/lib/python3.7/site-packages/airflow/example_dags/example_skip_dag.py took 0.153 seconds
[2026-09-30T21:33:28.850+0000] {processor.py:153} INFO - Started process (PID=23851) to work on /home/airflow/.local/lib/python3.7/site-packages/airflow/example_dags/example_skip_dag.py
[2026-09-30T21:33:28.851+0000] {processor.py:743} INFO - Processing file /home/airflow/.local/lib/python3.7/site-packages/airflow/example_dags/example_skip_dag.py for tasks to queue
[2026-09-30T21:33:28.852+0000] {logging_mixin.py:137} INFO - [2026-09-30T21:33:28.852+0000] {dagbag.py:538} INFO - Filling up the DagBag from /home/airflow/.local/lib/python3.7/site-packages/airflow/example_dags/example_skip_dag.py
[2026-09-30T21:33:28.871+0000] {processor.py:753} INFO - DAG(s) dict_keys(['example_skip_dag']) retrieved from /home/airflow/.local/lib/python3.7/site-packages/airflow/example_dags/example_skip_dag.py
[2026-09-30T21:33:28.922+0000] {logging_mixin.py:137} INFO - [2026-09-30T21:33:28.922+0000] {dag.py:2676} INFO - Sync 1 DAGs
[2026-09-30T21:33:28.960+0000] {logging_mixin.py:137} INFO - [2026-09-30T21:33:28.960+0000] {dag.py:3427} INFO - Setting next_dagrun for example_skip_dag to 2026-09-29T21:33:28.959933+00:00, run_after=2026-09-30T21:33:28.959933+00:00
[2026-09-30T21:33:28.982+0000] {processor.py:175} INFO - Processing /home/airflow/.local/lib/python3.7/site-packages/airflow/example_dags/example_skip_dag.py took 0.136 seconds
[2026-09-30T21:33:59.591+0000] {processor.py:153} INFO - Started process (PID=23935) to work on /home/airflow/.local/lib/python3.7/site-packages/airflow/example_dags/example_skip_dag.py
[2026-09-30T21:33:59.592+0000] {processor.py:743} INFO - Processing file /home/airflow/.local/lib/python3.7/site-packages/airflow/example_dags/example_skip_dag.py for tasks to queue
[2026-09-30T21:33:59.592+0000] {logging_mixin.py:137} INFO - [2026-09-30T21:33:59.592+0000] {dagbag.py:538} INFO - Filling up the DagBag from /home/airflow/.local/lib/python3.7/site-packages/airflow/example_dags/example_skip_dag.py
[2026-09-30T21:33:59.614+0000] {processor.py:753} INFO - DAG(s) dict_keys(['example_skip_dag']) retrieved from /home/airflow/.local/lib/python3.7/site-packages/airflow/example_dags/example_skip_dag.py
[2026-09-30T21:33:59.664+0000] {logging_mixin.py:137} INFO - [2026-09-30T21:33:59.663+0000] {dag.py:2676} INFO - Sync 1 DAGs
[2026-09-30T21:33:59.696+0000] {logging_mixin.py:137} INFO - [2026-09-30T21:33:59.696+0000] {dag.py:3427} INFO - Setting next_dagrun for example_skip_dag to 2026-09-29T21:33:59.695770+00:00, run_after=2026-09-30T21:33:59.695770+00:00
[2026-09-30T21:33:59.721+0000] {processor.py:175} INFO - Processing /home/airflow/.local/lib/python3.7/site-packages/airflow/example_dags/example_skip_dag.py took 0.134 seconds
[2026-09-30T21:34:30.713+0000] {processor.py:153} INFO - Started process (PID=24030) to work on /home/airflow/.local/lib/python3.7/site-packages/airflow/example_dags/example_skip_dag.py
[2026-09-30T21:34:30.714+0000] {processor.py:743} INFO - Processing file /home/airflow/.local/lib/python3.7/site-packages/airflow/example_dags/example_skip_dag.py for tasks to queue
[2026-09-30T21:34:30.715+0000] {logging_mixin.py:137} INFO - [2026-09-30T21:34:30.715+0000] {dagbag.py:538} INFO - Filling up the DagBag from /home/airflow/.local/lib/python3.7/site-packages/airflow/example_dags/example_skip_dag.py
[2026-09-30T21:34:30.740+0000] {processor.py:753} INFO - DAG(s) dict_keys(['example_skip_dag']) retrieved from /home/airflow/.local/lib/python3.7/site-packages/airflow/example_dags/example_skip_dag.py
[2026-09-30T21:34:30.800+0000] {logging_mixin.py:137} INFO - [2026-09-30T21:34:30.799+0000] {dag.py:2676} INFO - Sync 1 DAGs
[2026-09-30T21:34:30.867+0000] {logging_mixin.py:137} INFO - [2026-09-30T21:34:30.866+0000] {dag.py:3427} INFO - Setting next_dagrun for example_skip_dag to 2026-09-29T21:34:30.866301+00:00, run_after=2026-09-30T21:34:30.866301+00:00
[2026-09-30T21:34:30.895+0000] {processor.py:175} INFO - Processing /home/airflow/.local/lib/python3.7/site-packages/airflow/example_dags/example_skip_dag.py took 0.186 seconds
[2026-09-30T21:35:01.676+0000] {processor.py:153} INFO - Started process (PID=24125) to work on /home/airflow/.local/lib/python3.7/site-packages/airflow/example_dags/example_skip_dag.py
[2026-09-30T21:35:01.677+0000] {processor.py:743} INFO - Processing file /home/airflow/.local/lib/python3.7/site-packages/airflow/example_dags/example_skip_dag.py for tasks to queue
[2026-09-30T21:35:01.677+0000] {logging_mixin.py:137} INFO - [2026-09-30T21:35:01.677+0000] {dagbag.py:538} INFO - Filling up the DagBag from /home/airflow/.local/lib/python3.7/site-packages/airflow/example_dags/example_skip_dag.py
[2026-09-30T21:35:01.692+0000] {processor.py:753} INFO - DAG(s) dict_keys(['example_skip_dag']) retrieved from /home/airflow/.local/lib/python3.7/site-packages/airflow/example_dags/example_skip_dag.py
[2026-09-30T21:35:01.730+0000] {logging_mixin.py:137} INFO - [2026-09-30T21:35:01.729+0000] {dag.py:2676} INFO - Sync 1 DAGs
[2026-09-30T21:35:01.755+0000] {logging_mixin.py:137} INFO - [2026-09-30T21:35:01.755+0000] {dag.py:3427} INFO - Setting next_dagrun for example_skip_dag to 2026-09-29T21:35:01.755020+00:00, run_after=2026-09-30T21:35:01.755020+00:00
[2026-09-30T21:35:01.774+0000] {processor.py:175} INFO - Processing /home/airflow/.local/lib/python3.7/site-packages/airflow/example_dags/example_skip_dag.py took 0.101 seconds
[2026-09-30T21:35:32.859+0000] {processor.py:153} INFO - Started process (PID=24204) to work on /home/airflow/.local/lib/python3.7/site-packages/airflow/example_dags/example_skip_dag.py
[2026-09-30T21:35:32.861+0000] {processor.py:743} INFO - Processing file /home/airflow/.local/lib/python3.7/site-packages/airflow/example_dags/example_skip_dag.py for tasks to queue
[2026-09-30T21:35:32.861+0000] {logging_mixin.py:137} INFO - [2026-09-30T21:35:32.861+0000] {dagbag.py:538} INFO - Filling up the DagBag from /home/airflow/.local/lib/python3.7/site-packages/airflow/example_dags/example_skip_dag.py
[2026-09-30T21:35:32.881+0000] {processor.py:753} INFO - DAG(s) dict_keys(['example_skip_dag']) retrieved from /home/airflow/.local/lib/python3.7/site-packages/airflow/example_dags/example_skip_dag.py
[2026-09-30T21:35:32.933+0000] {logging_mixin.py:137} INFO - [2026-09-30T21:35:32.932+0000] {dag.py:2676} INFO - Sync 1 DAGs
[2026-09-30T21:35:32.967+0000] {logging_mixin.py:137} INFO - [2026-09-30T21:35:32.966+0000] {dag.py:3427} INFO - Setting next_dagrun for example_skip_dag to 2026-09-29T21:35:32.966448+00:00, run_after=2026-09-30T21:35:32.966448+00:00
[2026-09-30T21:35:32.991+0000] {processor.py:175} INFO - Processing /home/airflow/.local/lib/python3.7/site-packages/airflow/example_dags/example_skip_dag.py took 0.136 seconds
[2026-09-30T21:36:03.206+0000] {processor.py:153} INFO - Started process (PID=24303) to work on /home/airflow/.local/lib/python3.7/site-packages/airflow/example_dags/example_skip_dag.py
[2026-09-30T21:36:03.208+0000] {processor.py:743} INFO - Processing file /home/airflow/.local/lib/python3.7/site-packages/airflow/example_dags/example_skip_dag.py for tasks to queue
[2026-09-30T21:36:03.208+0000] {logging_mixin.py:137} INFO - [2026-09-30T21:36:03.208+0000] {dagbag.py:538} INFO - Filling up the DagBag from /home/airflow/.local/lib/python3.7/site-packages/airflow/example_dags/example_skip_dag.py
[2026-09-30T21:36:03.229+0000] {processor.py:753} INFO - DAG(s) dict_keys(['example_skip_dag']) retrieved from /home/airflow/.local/lib/python3.7/site-packages/airflow/example_dags/example_skip_dag.py
[2026-09-30T21:36:03.277+0000] {logging_mixin.py:137} INFO - [2026-09-30T21:36:03.277+0000] {dag.py:2676} INFO - Sync 1 DAGs
[2026-09-30T21:36:03.325+0000] {logging_mixin.py:137} INFO - [2026-09-30T21:36:03.324+0000] {dag.py:3427} INFO - Setting next_dagrun for example_skip_dag to 2026-09-29T21:36:03.324470+00:00, run_after=2026-09-30T21:36:03.324470+00:00
[2026-09-30T21:36:03.353+0000] {processor.py:175} INFO - Processing /home/airflow/.local/lib/python3.7/site-packages/airflow/example_dags/example_skip_dag.py took 0.150 seconds
[2026-09-30T21:36:33.558+0000] {processor.py:153} INFO - Started process (PID=24383) to work on /home/airflow/.local/lib/python3.7/site-packages/airflow/example_dags/example_skip_dag.py
[2026-09-30T21:36:33.559+0000] {processor.py:743} INFO - Processing file /home/airflow/.local/lib/python3.7/site-packages/airflow/example_dags/example_skip_dag.py for tasks to queue
[2026-09-30T21:36:33.560+0000] {logging_mixin.py:137} INFO - [2026-09-30T21:36:33.559+0000] {dagbag.py:538} INFO - Filling up the DagBag from /home/airflow/.local/lib/python3.7/site-packages/airflow/example_dags/example_skip_dag.py
[2026-09-30T21:36:33.580+0000] {processor.py:753} INFO - DAG(s) dict_keys(['example_skip_dag']) retrieved from /home/airflow/.local/lib/python3.7/site-packages/airflow/example_dags/example_skip_dag.py
[2026-09-30T21:36:33.629+0000] {logging_mixin.py:137} INFO - [2026-09-30T21:36:33.629+0000] {dag.py:2676} INFO - Sync 1 DAGs
[2026-09-30T21:36:33.662+0000] {logging_mixin.py:137} INFO - [2026-09-30T21:36:33.661+0000] {dag.py:3427} INFO - Setting next_dagrun for example_skip_dag to 2026-09-29T21:36:33.661643+00:00, run_after=2026-09-30T21:36:33.661643+00:00
[2026-09-30T21:36:33.682+0000] {processor.py:175} INFO - Processing /home/airflow/.local/lib/python3.7/site-packages/airflow/example_dags/example_skip_dag.py took 0.128 seconds
[2026-09-30T21:37:03.741+0000] {processor.py:153} INFO - Started process (PID=24461) to work on /home/airflow/.local/lib/python3.7/site-packages/airflow/example_dags/example_skip_dag.py
[2026-09-30T21:37:03.743+0000] {processor.py:743} INFO - Processing file /home/airflow/.local/lib/python3.7/site-packages/airflow/example_dags/example_skip_dag.py for tasks to queue
[2026-09-30T21:37:03.744+0000] {logging_mixin.py:137} INFO - [2026-09-30T21:37:03.744+0000] {dagbag.py:538} INFO - Filling up the DagBag from /home/airflow/.local/lib/python3.7/site-packages/airflow/example_dags/example_skip_dag.py
[2026-09-30T21:37:03.774+0000] {processor.py:753} INFO - DAG(s) dict_keys(['example_skip_dag']) retrieved from /home/airflow/.local/lib/python3.7/site-packages/airflow/example_dags/example_skip_dag.py
[2026-09-30T21:37:03.824+0000] {logging_mixin.py:137} INFO - [2026-09-30T21:37:03.824+0000] {dag.py:2676} INFO - Sync 1 DAGs
[2026-09-30T21:37:03.859+0000] {logging_mixin.py:137} INFO - [2026-09-30T21:37:03.859+0000] {dag.py:3427} INFO - Setting next_dagrun for example_skip_dag to 2026-09-29T21:37:03.859294+00:00, run_after=2026-09-30T21:37:03.859294+00:00
[2026-09-30T21:37:03.880+0000] {processor.py:175} INFO - Processing /home/airflow/.local/lib/python3.7/site-packages/airflow/example_dags/example_skip_dag.py took 0.144 seconds
[2026-09-30T21:37:34.074+0000] {processor.py:153} INFO - Started process (PID=24540) to work on /home/airflow/.local/lib/python3.7/site-packages/airflow/example_dags/example_skip_dag.py
[2026-09-30T21:37:34.075+0000] {processor.py:743} INFO - Processing file /home/airflow/.local/lib/python3.7/site-packages/airflow/example_dags/example_skip_dag.py for tasks to queue
[2026-09-30T21:37:34.075+0000] {logging_mixin.py:137} INFO - [2026-09-30T21:37:34.075+0000] {dagbag.py:538} INFO - Filling up the DagBag from /home/airflow/.local/lib/python3.7/site-packages/airflow/example_dags/example_skip_dag.py
[2026-09-30T21:37:34.096+0000] {processor.py:753} INFO - DAG(s) dict_keys(['example_skip_dag']) retrieved from /home/airflow/.local/lib/python3.7/site-packages/airflow/example_dags/example_skip_dag.py
[2026-09-30T21:37:34.144+0000] {logging_mixin.py:137} INFO - [2026-09-30T21:37:34.144+0000] {dag.py:2676} INFO - Sync 1 DAGs
[2026-09-30T21:37:34.177+0000] {logging_mixin.py:137} INFO - [2026-09-30T21:37:34.177+0000] {dag.py:3427} INFO - Setting next_dagrun for example_skip_dag to 2026-09-29T21:37:34.177207+00:00, run_after=2026-09-30T21:37:34.177207+00:00
[2026-09-30T21:37:34.201+0000] {processor.py:175} INFO - Processing /home/airflow/.local/lib/python3.7/site-packages/airflow/example_dags/example_skip_dag.py took 0.131 seconds
[2026-09-30T21:38:04.348+0000] {processor.py:153} INFO - Started process (PID=24639) to work on /home/airflow/.local/lib/python3.7/site-packages/airflow/example_dags/example_skip_dag.py
[2026-09-30T21:38:04.350+0000] {processor.py:743} INFO - Processing file /home/airflow/.local/lib/python3.7/site-packages/airflow/example_dags/example_skip_dag.py for tasks to queue
[2026-09-30T21:38:04.351+0000] {logging_mixin.py:137} INFO - [2026-09-30T21:38:04.351+0000] {dagbag.py:538} INFO - Filling up the DagBag from /home/airflow/.local/lib/python3.7/site-packages/airflow/example_dags/example_skip_dag.py
[2026-09-30T21:38:04.372+0000] {processor.py:753} INFO - DAG(s) dict_keys(['example_skip_dag']) retrieved from /home/airflow/.local/lib/python3.7/site-packages/airflow/example_dags/example_skip_dag.py
[2026-09-30T21:38:04.416+0000] {logging_mixin.py:137} INFO - [2026-09-30T21:38:04.416+0000] {dag.py:2676} INFO - Sync 1 DAGs
[2026-09-30T21:38:04.448+0000] {logging_mixin.py:137} INFO - [2026-09-30T21:38:04.447+0000] {dag.py:3427} INFO - Setting next_dagrun for example_skip_dag to 2026-09-29T21:38:04.447509+00:00, run_after=2026-09-30T21:38:04.447509+00:00
[2026-09-30T21:38:04.471+0000] {processor.py:175} INFO - Processing /home/airflow/.local/lib/python3.7/site-packages/airflow/example_dags/example_skip_dag.py took 0.129 seconds
[2026-09-30T21:38:35.553+0000] {processor.py:153} INFO - Started process (PID=24719) to work on /home/airflow/.local/lib/python3.7/site-packages/airflow/example_dags/example_skip_dag.py
[2026-09-30T21:38:35.554+0000] {processor.py:743} INFO - Processing file /home/airflow/.local/lib/python3.7/site-packages/airflow/example_dags/example_skip_dag.py for tasks to queue
[2026-09-30T21:38:35.555+0000] {logging_mixin.py:137} INFO - [2026-09-30T21:38:35.555+0000] {dagbag.py:538} INFO - Filling up the DagBag from /home/airflow/.local/lib/python3.7/site-packages/airflow/example_dags/example_skip_dag.py
[2026-09-30T21:38:35.578+0000] {processor.py:753} INFO - DAG(s) dict_keys(['example_skip_dag']) retrieved from /home/airflow/.local/lib/python3.7/site-packages/airflow/example_dags/example_skip_dag.py
[2026-09-30T21:38:35.631+0000] {logging_mixin.py:137} INFO - [2026-09-30T21:38:35.631+0000] {dag.py:2676} INFO - Sync 1 DAGs
[2026-09-30T21:38:35.671+0000] {logging_mixin.py:137} INFO - [2026-09-30T21:38:35.671+0000] {dag.py:3427} INFO - Setting next_dagrun for example_skip_dag to 2026-09-29T21:38:35.671128+00:00, run_after=2026-09-30T21:38:35.671128+00:00
[2026-09-30T21:38:35.702+0000] {processor.py:175} INFO - Processing /home/airflow/.local/lib/python3.7/site-packages/airflow/example_dags/example_skip_dag.py took 0.153 seconds
[2026-09-30T21:39:06.307+0000] {processor.py:153} INFO - Started process (PID=24798) to work on /home/airflow/.local/lib/python3.7/site-packages/airflow/example_dags/example_skip_dag.py
[2026-09-30T21:39:06.308+0000] {processor.py:743} INFO - Processing file /home/airflow/.local/lib/python3.7/site-packages/airflow/example_dags/example_skip_dag.py for tasks to queue
[2026-09-30T21:39:06.309+0000] {logging_mixin.py:137} INFO - [2026-09-30T21:39:06.309+0000] {dagbag.py:538} INFO - Filling up the DagBag from /home/airflow/.local/lib/python3.7/site-packages/airflow/example_dags/example_skip_dag.py
[2026-09-30T21:39:06.336+0000] {processor.py:753} INFO - DAG(s) dict_keys(['example_skip_dag']) retrieved from /home/airflow/.local/lib/python3.7/site-packages/airflow/example_dags/example_skip_dag.py
[2026-09-30T21:39:06.384+0000] {logging_mixin.py:137} INFO - [2026-09-30T21:39:06.384+0000] {dag.py:2676} INFO - Sync 1 DAGs
[2026-09-30T21:39:06.418+0000] {logging_mixin.py:137} INFO - [2026-09-30T21:39:06.418+0000] {dag.py:3427} INFO - Setting next_dagrun for example_skip_dag to 2026-09-29T21:39:06.418108+00:00, run_after=2026-09-30T21:39:06.418108+00:00
[2026-09-30T21:39:06.442+0000] {processor.py:175} INFO - Processing /home/airflow/.local/lib/python3.7/site-packages/airflow/example_dags/example_skip_dag.py took 0.139 seconds
[2026-09-30T21:39:37.203+0000] {processor.py:153} INFO - Started process (PID=24886) to work on /home/airflow/.local/lib/python3.7/site-packages/airflow/example_dags/example_skip_dag.py
[2026-09-30T21:39:37.204+0000] {processor.py:743} INFO - Processing file /home/airflow/.local/lib/python3.7/site-packages/airflow/example_dags/example_skip_dag.py for tasks to queue
[2026-09-30T21:39:37.205+0000] {logging_mixin.py:137} INFO - [2026-09-30T21:39:37.205+0000] {dagbag.py:538} INFO - Filling up the DagBag from /home/airflow/.local/lib/python3.7/site-packages/airflow/example_dags/example_skip_dag.py
[2026-09-30T21:39:37.230+0000] {processor.py:753} INFO - DAG(s) dict_keys(['example_skip_dag']) retrieved from /home/airflow/.local/lib/python3.7/site-packages/airflow/example_dags/example_skip_dag.py
[2026-09-30T21:39:37.283+0000] {logging_mixin.py:137} INFO - [2026-09-30T21:39:37.283+0000] {dag.py:2676} INFO - Sync 1 DAGs
[2026-09-30T21:39:37.317+0000] {logging_mixin.py:137} INFO - [2026-09-30T21:39:37.316+0000] {dag.py:3427} INFO - Setting next_dagrun for example_skip_dag to 2026-09-29T21:39:37.316621+00:00, run_after=2026-09-30T21:39:37.316621+00:00
[2026-09-30T21:39:37.346+0000] {processor.py:175} INFO - Processing /home/airflow/.local/lib/python3.7/site-packages/airflow/example_dags/example_skip_dag.py took 0.147 seconds
[2026-09-30T21:40:08.153+0000] {processor.py:153} INFO - Started process (PID=24976) to work on /home/airflow/.local/lib/python3.7/site-packages/airflow/example_dags/example_skip_dag.py
[2026-09-30T21:40:08.154+0000] {processor.py:743} INFO - Processing file /home/airflow/.local/lib/python3.7/site-packages/airflow/example_dags/example_skip_dag.py for tasks to queue
[2026-09-30T21:40:08.155+0000] {logging_mixin.py:137} INFO - [2026-09-30T21:40:08.155+0000] {dagbag.py:538} INFO - Filling up the DagBag from /home/airflow/.local/lib/python3.7/site-packages/airflow/example_dags/example_skip_dag.py
[2026-09-30T21:40:08.174+0000] {processor.py:753} INFO - DAG(s) dict_keys(['example_skip_dag']) retrieved from /home/airflow/.local/lib/python3.7/site-packages/airflow/example_dags/example_skip_dag.py
[2026-09-30T21:40:08.225+0000] {logging_mixin.py:137} INFO - [2026-09-30T21:40:08.224+0000] {dag.py:2676} INFO - Sync 1 DAGs
[2026-09-30T21:40:08.262+0000] {logging_mixin.py:137} INFO - [2026-09-30T21:40:08.262+0000] {dag.py:3427} INFO - Setting next_dagrun for example_skip_dag to 2026-09-29T21:40:08.262166+00:00, run_after=2026-09-30T21:40:08.262166+00:00
[2026-09-30T21:40:08.286+0000] {processor.py:175} INFO - Processing /home/airflow/.local/lib/python3.7/site-packages/airflow/example_dags/example_skip_dag.py took 0.136 seconds
[2026-09-30T21:40:38.946+0000] {processor.py:153} INFO - Started process (PID=25056) to work on /home/airflow/.local/lib/python3.7/site-packages/airflow/example_dags/example_skip_dag.py
[2026-09-30T21:40:38.947+0000] {processor.py:743} INFO - Processing file /home/airflow/.local/lib/python3.7/site-packages/airflow/example_dags/example_skip_dag.py for tasks to queue
[2026-09-30T21:40:38.947+0000] {logging_mixin.py:137} INFO - [2026-09-30T21:40:38.947+0000] {dagbag.py:538} INFO - Filling up the DagBag from /home/airflow/.local/lib/python3.7/site-packages/airflow/example_dags/example_skip_dag.py
[2026-09-30T21:40:38.966+0000] {processor.py:753} INFO - DAG(s) dict_keys(['example_skip_dag']) retrieved from /home/airflow/.local/lib/python3.7/site-packages/airflow/example_dags/example_skip_dag.py
[2026-09-30T21:40:39.018+0000] {logging_mixin.py:137} INFO - [2026-09-30T21:40:39.018+0000] {dag.py:2676} INFO - Sync 1 DAGs
[2026-09-30T21:40:39.060+0000] {logging_mixin.py:137} INFO - [2026-09-30T21:40:39.060+0000] {dag.py:3427} INFO - Setting next_dagrun for example_skip_dag to 2026-09-29T21:40:39.059951+00:00, run_after=2026-09-30T21:40:39.059951+00:00
[2026-09-30T21:40:39.083+0000] {processor.py:175} INFO - Processing /home/airflow/.local/lib/python3.7/site-packages/airflow/example_dags/example_skip_dag.py took 0.141 seconds
[2026-09-30T21:41:09.218+0000] {processor.py:153} INFO - Started process (PID=25134) to work on /home/airflow/.local/lib/python3.7/site-packages/airflow/example_dags/example_skip_dag.py
[2026-09-30T21:41:09.219+0000] {processor.py:743} INFO - Processing file /home/airflow/.local/lib/python3.7/site-packages/airflow/example_dags/example_skip_dag.py for tasks to queue
[2026-09-30T21:41:09.220+0000] {logging_mixin.py:137} INFO - [2026-09-30T21:41:09.220+0000] {dagbag.py:538} INFO - Filling up the DagBag from /home/airflow/.local/lib/python3.7/site-packages/airflow/example_dags/example_skip_dag.py
[2026-09-30T21:41:09.239+0000] {processor.py:753} INFO - DAG(s) dict_keys(['example_skip_dag']) retrieved from /home/airflow/.local/lib/python3.7/site-packages/airflow/example_dags/example_skip_dag.py
[2026-09-30T21:41:09.288+0000] {logging_mixin.py:137} INFO - [2026-09-30T21:41:09.287+0000] {dag.py:2676} INFO - Sync 1 DAGs
[2026-09-30T21:41:09.326+0000] {logging_mixin.py:137} INFO - [2026-09-30T21:41:09.326+0000] {dag.py:3427} INFO - Setting next_dagrun for example_skip_dag to 2026-09-29T21:41:09.326293+00:00, run_after=2026-09-30T21:41:09.326293+00:00
[2026-09-30T21:41:09.346+0000] {processor.py:175} INFO - Processing /home/airflow/.local/lib/python3.7/site-packages/airflow/example_dags/example_skip_dag.py took 0.131 seconds
[2026-09-30T21:41:39.639+0000] {processor.py:153} INFO - Started process (PID=25236) to work on /home/airflow/.local/lib/python3.7/site-packages/airflow/example_dags/example_skip_dag.py
[2026-09-30T21:41:39.640+0000] {processor.py:743} INFO - Processing file /home/airflow/.local/lib/python3.7/site-packages/airflow/example_dags/example_skip_dag.py for tasks to queue
[2026-09-30T21:41:39.641+0000] {logging_mixin.py:137} INFO - [2026-09-30T21:41:39.640+0000] {dagbag.py:538} INFO - Filling up the DagBag from /home/airflow/.local/lib/python3.7/site-packages/airflow/example_dags/example_skip_dag.py
[2026-09-30T21:41:39.661+0000] {processor.py:753} INFO - DAG(s) dict_keys(['example_skip_dag']) retrieved from /home/airflow/.local/lib/python3.7/site-packages/airflow/example_dags/example_skip_dag.py
[2026-09-30T21:41:39.713+0000] {logging_mixin.py:137} INFO - [2026-09-30T21:41:39.713+0000] {dag.py:2676} INFO - Sync 1 DAGs
[2026-09-30T21:41:39.746+0000] {logging_mixin.py:137} INFO - [2026-09-30T21:41:39.746+0000] {dag.py:3427} INFO - Setting next_dagrun for example_skip_dag to 2026-09-29T21:41:39.745711+00:00, run_after=2026-09-30T21:41:39.745711+00:00
[2026-09-30T21:41:39.770+0000] {processor.py:175} INFO - Processing /home/airflow/.local/lib/python3.7/site-packages/airflow/example_dags/example_skip_dag.py took 0.135 seconds
[2026-09-30T21:42:09.958+0000] {processor.py:153} INFO - Started process (PID=25315) to work on /home/airflow/.local/lib/python3.7/site-packages/airflow/example_dags/example_skip_dag.py
[2026-09-30T21:42:09.959+0000] {processor.py:743} INFO - Processing file /home/airflow/.local/lib/python3.7/site-packages/airflow/example_dags/example_skip_dag.py for tasks to queue
[2026-09-30T21:42:09.959+0000] {logging_mixin.py:137} INFO - [2026-09-30T21:42:09.959+0000] {dagbag.py:538} INFO - Filling up the DagBag from /home/airflow/.local/lib/python3.7/site-packages/airflow/example_dags/example_skip_dag.py
[2026-09-30T21:42:09.978+0000] {processor.py:753} INFO - DAG(s) dict_keys(['example_skip_dag']) retrieved from /home/airflow/.local/lib/python3.7/site-packages/airflow/example_dags/example_skip_dag.py
[2026-09-30T21:42:10.024+0000] {logging_mixin.py:137} INFO - [2026-09-30T21:42:10.024+0000] {dag.py:2676} INFO - Sync 1 DAGs
[2026-09-30T21:42:10.058+0000] {logging_mixin.py:137} INFO - [2026-09-30T21:42:10.057+0000] {dag.py:3427} INFO - Setting next_dagrun for example_skip_dag to 2026-09-29T21:42:10.057477+00:00, run_after=2026-09-30T21:42:10.057477+00:00
[2026-09-30T21:42:10.083+0000] {processor.py:175} INFO - Processing /home/airflow/.local/lib/python3.7/site-packages/airflow/example_dags/example_skip_dag.py took 0.129 seconds
[2026-09-30T21:42:40.828+0000] {processor.py:153} INFO - Started process (PID=25400) to work on /home/airflow/.local/lib/python3.7/site-packages/airflow/example_dags/example_skip_dag.py
[2026-09-30T21:42:40.829+0000] {processor.py:743} INFO - Processing file /home/airflow/.local/lib/python3.7/site-packages/airflow/example_dags/example_skip_dag.py for tasks to queue
[2026-09-30T21:42:40.830+0000] {logging_mixin.py:137} INFO - [2026-09-30T21:42:40.830+0000] {dagbag.py:538} INFO - Filling up the DagBag from /home/airflow/.local/lib/python3.7/site-packages/airflow/example_dags/example_skip_dag.py
[2026-09-30T21:42:40.851+0000] {processor.py:753} INFO - DAG(s) dict_keys(['example_skip_dag']) retrieved from /home/airflow/.local/lib/python3.7/site-packages/airflow/example_dags/example_skip_dag.py
[2026-09-30T21:42:40.905+0000] {logging_mixin.py:137} INFO - [2026-09-30T21:42:40.905+0000] {dag.py:2676} INFO - Sync 1 DAGs
[2026-09-30T21:42:40.942+0000] {logging_mixin.py:137} INFO - [2026-09-30T21:42:40.942+0000] {dag.py:3427} INFO - Setting next_dagrun for example_skip_dag to 2026-09-29T21:42:40.942213+00:00, run_after=2026-09-30T21:42:40.942213+00:00
[2026-09-30T21:42:40.964+0000] {processor.py:175} INFO - Processing /home/airflow/.local/lib/python3.7/site-packages/airflow/example_dags/example_skip_dag.py took 0.140 seconds
[2026-09-30T21:43:11.062+0000] {processor.py:153} INFO - Started process (PID=25486) to work on /home/airflow/.local/lib/python3.7/site-packages/airflow/example_dags/example_skip_dag.py
[2026-09-30T21:43:11.063+0000] {processor.py:743} INFO - Processing file /home/airflow/.local/lib/python3.7/site-packages/airflow/example_dags/example_skip_dag.py for tasks to queue
[2026-09-30T21:43:11.064+0000] {logging_mixin.py:137} INFO - [2026-09-30T21:43:11.064+0000] {dagbag.py:538} INFO - Filling up the DagBag from /home/airflow/.local/lib/python3.7/site-packages/airflow/example_dags/example_skip_dag.py
[2026-09-30T21:43:11.085+0000] {processor.py:753} INFO - DAG(s) dict_keys(['example_skip_dag']) retrieved from /home/airflow/.local/lib/python3.7/site-packages/airflow/example_dags/example_skip_dag.py
[2026-09-30T21:43:11.135+0000] {logging_mixin.py:137} INFO - [2026-09-30T21:43:11.135+0000] {dag.py:2676} INFO - Sync 1 DAGs
[2026-09-30T21:43:11.167+0000] {logging_mixin.py:137} INFO - [2026-09-30T21:43:11.166+0000] {dag.py:3427} INFO - Setting next_dagrun for example_skip_dag to 2026-09-29T21:43:11.166545+00:00, run_after=2026-09-30T21:43:11.166545+00:00
[2026-09-30T21:43:11.189+0000] {processor.py:175} INFO - Processing /home/airflow/.local/lib/python3.7/site-packages/airflow/example_dags/example_skip_dag.py took 0.132 seconds
[2026-09-30T21:43:41.453+0000] {processor.py:153} INFO - Started process (PID=25579) to work on /home/airflow/.local/lib/python3.7/site-packages/airflow/example_dags/example_skip_dag.py
[2026-09-30T21:43:41.454+0000] {processor.py:743} INFO - Processing file /home/airflow/.local/lib/python3.7/site-packages/airflow/example_dags/example_skip_dag.py for tasks to queue
[2026-09-30T21:43:41.455+0000] {logging_mixin.py:137} INFO - [2026-09-30T21:43:41.455+0000] {dagbag.py:538} INFO - Filling up the DagBag from /home/airflow/.local/lib/python3.7/site-packages/airflow/example_dags/example_skip_dag.py
[2026-09-30T21:43:41.476+0000] {processor.py:753} INFO - DAG(s) dict_keys(['example_skip_dag']) retrieved from /home/airflow/.local/lib/python3.7/site-packages/airflow/example_dags/example_skip_dag.py
[2026-09-30T21:43:41.528+0000] {logging_mixin.py:137} INFO - [2026-09-30T21:43:41.528+0000] {dag.py:2676} INFO - Sync 1 DAGs
[2026-09-30T21:43:41.563+0000] {logging_mixin.py:137} INFO - [2026-09-30T21:43:41.562+0000] {dag.py:3427} INFO - Setting next_dagrun for example_skip_dag to 2026-09-29T21:43:41.562522+00:00, run_after=2026-09-30T21:43:41.562522+00:00
[2026-09-30T21:43:41.589+0000] {processor.py:175} INFO - Processing /home/airflow/.local/lib/python3.7/site-packages/airflow/example_dags/example_skip_dag.py took 0.140 seconds
[2026-09-30T21:44:11.650+0000] {processor.py:153} INFO - Started process (PID=25660) to work on /home/airflow/.local/lib/python3.7/site-packages/airflow/example_dags/example_skip_dag.py
[2026-09-30T21:44:11.651+0000] {processor.py:743} INFO - Processing file /home/airflow/.local/lib/python3.7/site-packages/airflow/example_dags/example_skip_dag.py for tasks to queue
[2026-09-30T21:44:11.652+0000] {logging_mixin.py:137} INFO - [2026-09-30T21:44:11.652+0000] {dagbag.py:538} INFO - Filling up the DagBag from /home/airflow/.local/lib/python3.7/site-packages/airflow/example_dags/example_skip_dag.py
[2026-09-30T21:44:11.670+0000] {processor.py:753} INFO - DAG(s) dict_keys(['example_skip_dag']) retrieved from /home/airflow/.local/lib/python3.7/site-packages/airflow/example_dags/example_skip_dag.py
[2026-09-30T21:44:11.715+0000] {logging_mixin.py:137} INFO - [2026-09-30T21:44:11.715+0000] {dag.py:2676} INFO - Sync 1 DAGs
[2026-09-30T21:44:11.751+0000] {logging_mixin.py:137} INFO - [2026-09-30T21:44:11.751+0000] {dag.py:3427} INFO - Setting next_dagrun for example_skip_dag to 2026-09-29T21:44:11.751271+00:00, run_after=2026-09-30T21:44:11.751271+00:00
[2026-09-30T21:44:11.773+0000] {processor.py:175} INFO - Processing /home/airflow/.local/lib/python3.7/site-packages/airflow/example_dags/example_skip_dag.py took 0.126 seconds
[2026-09-30T21:44:41.913+0000] {processor.py:153} INFO - Started process (PID=25742) to work on /home/airflow/.local/lib/python3.7/site-packages/airflow/example_dags/example_skip_dag.py
[2026-09-30T21:44:41.914+0000] {processor.py:743} INFO - Processing file /home/airflow/.local/lib/python3.7/site-packages/airflow/example_dags/example_skip_dag.py for tasks to queue
[2026-09-30T21:44:41.915+0000] {logging_mixin.py:137} INFO - [2026-09-30T21:44:41.915+0000] {dagbag.py:538} INFO - Filling up the DagBag from /home/airflow/.local/lib/python3.7/site-packages/airflow/example_dags/example_skip_dag.py
[2026-09-30T21:44:41.942+0000] {processor.py:753} INFO - DAG(s) dict_keys(['example_skip_dag']) retrieved from /home/airflow/.local/lib/python3.7/site-packages/airflow/example_dags/example_skip_dag.py
[2026-09-30T21:44:42.013+0000] {logging_mixin.py:137} INFO - [2026-09-30T21:44:42.013+0000] {dag.py:2676} INFO - Sync 1 DAGs
[2026-09-30T21:44:42.060+0000] {logging_mixin.py:137} INFO - [2026-09-30T21:44:42.059+0000] {dag.py:3427} INFO - Setting next_dagrun for example_skip_dag to 2026-09-29T21:44:42.059584+00:00, run_after=2026-09-30T21:44:42.059584+00:00
[2026-09-30T21:44:42.080+0000] {processor.py:175} INFO - Processing /home/airflow/.local/lib/python3.7/site-packages/airflow/example_dags/example_skip_dag.py took 0.175 seconds
[2026-09-30T21:45:12.355+0000] {processor.py:153} INFO - Started process (PID=25831) to work on /home/airflow/.local/lib/python3.7/site-packages/airflow/example_dags/example_skip_dag.py
[2026-09-30T21:45:12.356+0000] {processor.py:743} INFO - Processing file /home/airflow/.local/lib/python3.7/site-packages/airflow/example_dags/example_skip_dag.py for tasks to queue
[2026-09-30T21:45:12.358+0000] {logging_mixin.py:137} INFO - [2026-09-30T21:45:12.358+0000] {dagbag.py:538} INFO - Filling up the DagBag from /home/airflow/.local/lib/python3.7/site-packages/airflow/example_dags/example_skip_dag.py
[2026-09-30T21:45:12.377+0000] {processor.py:753} INFO - DAG(s) dict_keys(['example_skip_dag']) retrieved from /home/airflow/.local/lib/python3.7/site-packages/airflow/example_dags/example_skip_dag.py
[2026-09-30T21:45:12.427+0000] {logging_mixin.py:137} INFO - [2026-09-30T21:45:12.427+0000] {dag.py:2676} INFO - Sync 1 DAGs
[2026-09-30T21:45:12.464+0000] {logging_mixin.py:137} INFO - [2026-09-30T21:45:12.463+0000] {dag.py:3427} INFO - Setting next_dagrun for example_skip_dag to 2026-09-29T21:45:12.463494+00:00, run_after=2026-09-30T21:45:12.463494+00:00
[2026-09-30T21:45:12.487+0000] {processor.py:175} INFO - Processing /home/airflow/.local/lib/python3.7/site-packages/airflow/example_dags/example_skip_dag.py took 0.137 seconds
[2026-09-30T21:45:42.651+0000] {processor.py:153} INFO - Started process (PID=25922) to work on /home/airflow/.local/lib/python3.7/site-packages/airflow/example_dags/example_skip_dag.py
[2026-09-30T21:45:42.652+0000] {processor.py:743} INFO - Processing file /home/airflow/.local/lib/python3.7/site-packages/airflow/example_dags/example_skip_dag.py for tasks to queue
[2026-09-30T21:45:42.653+0000] {logging_mixin.py:137} INFO - [2026-09-30T21:45:42.653+0000] {dagbag.py:538} INFO - Filling up the DagBag from /home/airflow/.local/lib/python3.7/site-packages/airflow/example_dags/example_skip_dag.py
[2026-09-30T21:45:42.677+0000] {processor.py:753} INFO - DAG(s) dict_keys(['example_skip_dag']) retrieved from /home/airflow/.local/lib/python3.7/site-packages/airflow/example_dags/example_skip_dag.py
[2026-09-30T21:45:42.731+0000] {logging_mixin.py:137} INFO - [2026-09-30T21:45:42.731+0000] {dag.py:2676} INFO - Sync 1 DAGs
[2026-09-30T21:45:42.771+0000] {logging_mixin.py:137} INFO - [2026-09-30T21:45:42.771+0000] {dag.py:3427} INFO - Setting next_dagrun for example_skip_dag to 2026-09-29T21:45:42.771459+00:00, run_after=2026-09-30T21:45:42.771459+00:00
[2026-09-30T21:45:42.793+0000] {processor.py:175} INFO - Processing /home/airflow/.local/lib/python3.7/site-packages/airflow/example_dags/example_skip_dag.py took 0.148 seconds
[2026-09-30T21:46:13.027+0000] {processor.py:153} INFO - Started process (PID=26001) to work on /home/airflow/.local/lib/python3.7/site-packages/airflow/example_dags/example_skip_dag.py
[2026-09-30T21:46:13.028+0000] {processor.py:743} INFO - Processing file /home/airflow/.local/lib/python3.7/site-packages/airflow/example_dags/example_skip_dag.py for tasks to queue
[2026-09-30T21:46:13.029+0000] {logging_mixin.py:137} INFO - [2026-09-30T21:46:13.029+0000] {dagbag.py:538} INFO - Filling up the DagBag from /home/airflow/.local/lib/python3.7/site-packages/airflow/example_dags/example_skip_dag.py
[2026-09-30T21:46:13.047+0000] {processor.py:753} INFO - DAG(s) dict_keys(['example_skip_dag']) retrieved from /home/airflow/.local/lib/python3.7/site-packages/airflow/example_dags/example_skip_dag.py
[2026-09-30T21:46:13.095+0000] {logging_mixin.py:137} INFO - [2026-09-30T21:46:13.094+0000] {dag.py:2676} INFO - Sync 1 DAGs
[2026-09-30T21:46:13.127+0000] {logging_mixin.py:137} INFO - [2026-09-30T21:46:13.127+0000] {dag.py:3427} INFO - Setting next_dagrun for example_skip_dag to 2026-09-29T21:46:13.127176+00:00, run_after=2026-09-30T21:46:13.127176+00:00
[2026-09-30T21:46:13.152+0000] {processor.py:175} INFO - Processing /home/airflow/.local/lib/python3.7/site-packages/airflow/example_dags/example_skip_dag.py took 0.128 seconds
[2026-09-30T21:46:43.300+0000] {processor.py:153} INFO - Started process (PID=26081) to work on /home/airflow/.local/lib/python3.7/site-packages/airflow/example_dags/example_skip_dag.py
[2026-09-30T21:46:43.302+0000] {processor.py:743} INFO - Processing file /home/airflow/.local/lib/python3.7/site-packages/airflow/example_dags/example_skip_dag.py for tasks to queue
[2026-09-30T21:46:43.303+0000] {logging_mixin.py:137} INFO - [2026-09-30T21:46:43.303+0000] {dagbag.py:538} INFO - Filling up the DagBag from /home/airflow/.local/lib/python3.7/site-packages/airflow/example_dags/example_skip_dag.py
[2026-09-30T21:46:43.325+0000] {processor.py:753} INFO - DAG(s) dict_keys(['example_skip_dag']) retrieved from /home/airflow/.local/lib/python3.7/site-packages/airflow/example_dags/example_skip_dag.py
[2026-09-30T21:46:43.380+0000] {logging_mixin.py:137} INFO - [2026-09-30T21:46:43.380+0000] {dag.py:2676} INFO - Sync 1 DAGs
[2026-09-30T21:46:43.422+0000] {logging_mixin.py:137} INFO - [2026-09-30T21:46:43.421+0000] {dag.py:3427} INFO - Setting next_dagrun for example_skip_dag to 2026-09-29T21:46:43.421563+00:00, run_after=2026-09-30T21:46:43.421563+00:00
[2026-09-30T21:46:43.448+0000] {processor.py:175} INFO - Processing /home/airflow/.local/lib/python3.7/site-packages/airflow/example_dags/example_skip_dag.py took 0.153 seconds
[2026-09-30T21:47:13.707+0000] {processor.py:153} INFO - Started process (PID=26176) to work on /home/airflow/.local/lib/python3.7/site-packages/airflow/example_dags/example_skip_dag.py
[2026-09-30T21:47:13.708+0000] {processor.py:743} INFO - Processing file /home/airflow/.local/lib/python3.7/site-packages/airflow/example_dags/example_skip_dag.py for tasks to queue
[2026-09-30T21:47:13.709+0000] {logging_mixin.py:137} INFO - [2026-09-30T21:47:13.709+0000] {dagbag.py:538} INFO - Filling up the DagBag from /home/airflow/.local/lib/python3.7/site-packages/airflow/example_dags/example_skip_dag.py
[2026-09-30T21:47:13.739+0000] {processor.py:753} INFO - DAG(s) dict_keys(['example_skip_dag']) retrieved from /home/airflow/.local/lib/python3.7/site-packages/airflow/example_dags/example_skip_dag.py
[2026-09-30T21:47:13.798+0000] {logging_mixin.py:137} INFO - [2026-09-30T21:47:13.798+0000] {dag.py:2676} INFO - Sync 1 DAGs
[2026-09-30T21:47:13.830+0000] {logging_mixin.py:137} INFO - [2026-09-30T21:47:13.830+0000] {dag.py:3427} INFO - Setting next_dagrun for example_skip_dag to 2026-09-29T21:47:13.829770+00:00, run_after=2026-09-30T21:47:13.829770+00:00
[2026-09-30T21:47:13.851+0000] {processor.py:175} INFO - Processing /home/airflow/.local/lib/python3.7/site-packages/airflow/example_dags/example_skip_dag.py took 0.152 seconds
[2026-09-30T21:47:44.117+0000] {processor.py:153} INFO - Started process (PID=26271) to work on /home/airflow/.local/lib/python3.7/site-packages/airflow/example_dags/example_skip_dag.py
[2026-09-30T21:47:44.118+0000] {processor.py:743} INFO - Processing file /home/airflow/.local/lib/python3.7/site-packages/airflow/example_dags/example_skip_dag.py for tasks to queue
[2026-09-30T21:47:44.118+0000] {logging_mixin.py:137} INFO - [2026-09-30T21:47:44.118+0000] {dagbag.py:538} INFO - Filling up the DagBag from /home/airflow/.local/lib/python3.7/site-packages/airflow/example_dags/example_skip_dag.py
[2026-09-30T21:47:44.138+0000] {processor.py:753} INFO - DAG(s) dict_keys(['example_skip_dag']) retrieved from /home/airflow/.local/lib/python3.7/site-packages/airflow/example_dags/example_skip_dag.py
[2026-09-30T21:47:44.189+0000] {logging_mixin.py:137} INFO - [2026-09-30T21:47:44.189+0000] {dag.py:2676} INFO - Sync 1 DAGs
[2026-09-30T21:47:44.226+0000] {logging_mixin.py:137} INFO - [2026-09-30T21:47:44.226+0000] {dag.py:3427} INFO - Setting next_dagrun for example_skip_dag to 2026-09-29T21:47:44.225960+00:00, run_after=2026-09-30T21:47:44.225960+00:00
[2026-09-30T21:47:44.254+0000] {processor.py:175} INFO - Processing /home/airflow/.local/lib/python3.7/site-packages/airflow/example_dags/example_skip_dag.py took 0.141 seconds
[2026-09-30T21:48:14.538+0000] {processor.py:153} INFO - Started process (PID=26360) to work on /home/airflow/.local/lib/python3.7/site-packages/airflow/example_dags/example_skip_dag.py
[2026-09-30T21:48:14.539+0000] {processor.py:743} INFO - Processing file /home/airflow/.local/lib/python3.7/site-packages/airflow/example_dags/example_skip_dag.py for tasks to queue
[2026-09-30T21:48:14.540+0000] {logging_mixin.py:137} INFO - [2026-09-30T21:48:14.539+0000] {dagbag.py:538} INFO - Filling up the DagBag from /home/airflow/.local/lib/python3.7/site-packages/airflow/example_dags/example_skip_dag.py
[2026-09-30T21:48:14.563+0000] {processor.py:753} INFO - DAG(s) dict_keys(['example_skip_dag']) retrieved from /home/airflow/.local/lib/python3.7/site-packages/airflow/example_dags/example_skip_dag.py
[2026-09-30T21:48:14.611+0000] {logging_mixin.py:137} INFO - [2026-09-30T21:48:14.611+0000] {dag.py:2676} INFO - Sync 1 DAGs
[2026-09-30T21:48:14.650+0000] {logging_mixin.py:137} INFO - [2026-09-30T21:48:14.650+0000] {dag.py:3427} INFO - Setting next_dagrun for example_skip_dag to 2026-09-29T21:48:14.650205+00:00, run_after=2026-09-30T21:48:14.650205+00:00
[2026-09-30T21:48:14.674+0000] {processor.py:175} INFO - Processing /home/airflow/.local/lib/python3.7/site-packages/airflow/example_dags/example_skip_dag.py took 0.139 seconds
[2026-09-30T21:48:44.849+0000] {processor.py:153} INFO - Started process (PID=26445) to work on /home/airflow/.local/lib/python3.7/site-packages/airflow/example_dags/example_skip_dag.py
[2026-09-30T21:48:44.851+0000] {processor.py:743} INFO - Processing file /home/airflow/.local/lib/python3.7/site-packages/airflow/example_dags/example_skip_dag.py for tasks to queue
[2026-09-30T21:48:44.851+0000] {logging_mixin.py:137} INFO - [2026-09-30T21:48:44.851+0000] {dagbag.py:538} INFO - Filling up the DagBag from /home/airflow/.local/lib/python3.7/site-packages/airflow/example_dags/example_skip_dag.py
[2026-09-30T21:48:44.872+0000] {processor.py:753} INFO - DAG(s) dict_keys(['example_skip_dag']) retrieved from /home/airflow/.local/lib/python3.7/site-packages/airflow/example_dags/example_skip_dag.py
[2026-09-30T21:48:44.926+0000] {logging_mixin.py:137} INFO - [2026-09-30T21:48:44.926+0000] {dag.py:2676} INFO - Sync 1 DAGs
[2026-09-30T21:48:44.969+0000] {logging_mixin.py:137} INFO - [2026-09-30T21:48:44.969+0000] {dag.py:3427} INFO - Setting next_dagrun for example_skip_dag to 2026-09-29T21:48:44.969242+00:00, run_after=2026-09-30T21:48:44.969242+00:00
[2026-09-30T21:48:44.996+0000] {processor.py:175} INFO - Processing /home/airflow/.local/lib/python3.7/site-packages/airflow/example_dags/example_skip_dag.py took 0.151 seconds
[2026-09-30T21:49:15.690+0000] {processor.py:153} INFO - Started process (PID=26544) to work on /home/airflow/.local/lib/python3.7/site-packages/airflow/example_dags/example_skip_dag.py
[2026-09-30T21:49:15.691+0000] {processor.py:743} INFO - Processing file /home/airflow/.local/lib/python3.7/site-packages/airflow/example_dags/example_skip_dag.py for tasks to queue
[2026-09-30T21:49:15.691+0000] {logging_mixin.py:137} INFO - [2026-09-30T21:49:15.691+0000] {dagbag.py:538} INFO - Filling up the DagBag from /home/airflow/.local/lib/python3.7/site-packages/airflow/example_dags/example_skip_dag.py
[2026-09-30T21:49:15.710+0000] {processor.py:753} INFO - DAG(s) dict_keys(['example_skip_dag']) retrieved from /home/airflow/.local/lib/python3.7/site-packages/airflow/example_dags/example_skip_dag.py
[2026-09-30T21:49:15.760+0000] {logging_mixin.py:137} INFO - [2026-09-30T21:49:15.759+0000] {dag.py:2676} INFO - Sync 1 DAGs
[2026-09-30T21:49:15.792+0000] {logging_mixin.py:137} INFO - [2026-09-30T21:49:15.791+0000] {dag.py:3427} INFO - Setting next_dagrun for example_skip_dag to 2026-09-29T21:49:15.791502+00:00, run_after=2026-09-30T21:49:15.791502+00:00
[2026-09-30T21:49:15.813+0000] {processor.py:175} INFO - Processing /home/airflow/.local/lib/python3.7/site-packages/airflow/example_dags/example_skip_dag.py took 0.127 seconds
[2026-09-30T21:49:46.780+0000] {processor.py:153} INFO - Started process (PID=26623) to work on /home/airflow/.local/lib/python3.7/site-packages/airflow/example_dags/example_skip_dag.py
[2026-09-30T21:49:46.782+0000] {processor.py:743} INFO - Processing file /home/airflow/.local/lib/python3.7/site-packages/airflow/example_dags/example_skip_dag.py for tasks to queue
[2026-09-30T21:49:46.784+0000] {logging_mixin.py:137} INFO - [2026-09-30T21:49:46.784+0000] {dagbag.py:538} INFO - Filling up the DagBag from /home/airflow/.local/lib/python3.7/site-packages/airflow/example_dags/example_skip_dag.py
[2026-09-30T21:49:46.830+0000] {processor.py:753} INFO - DAG(s) dict_keys(['example_skip_dag']) retrieved from /home/airflow/.local/lib/python3.7/site-packages/airflow/example_dags/example_skip_dag.py
[2026-09-30T21:49:46.921+0000] {logging_mixin.py:137} INFO - [2026-09-30T21:49:46.921+0000] {dag.py:2676} INFO - Sync 1 DAGs
[2026-09-30T21:49:46.973+0000] {logging_mixin.py:137} INFO - [2026-09-30T21:49:46.973+0000] {dag.py:3427} INFO - Setting next_dagrun for example_skip_dag to 2026-09-29T21:49:46.972626+00:00, run_after=2026-09-30T21:49:46.972626+00:00
[2026-09-30T21:49:47.011+0000] {processor.py:175} INFO - Processing /home/airflow/.local/lib/python3.7/site-packages/airflow/example_dags/example_skip_dag.py took 0.239 seconds
[2026-09-30T21:50:17.941+0000] {processor.py:153} INFO - Started process (PID=26722) to work on /home/airflow/.local/lib/python3.7/site-packages/airflow/example_dags/example_skip_dag.py
[2026-09-30T21:50:17.942+0000] {processor.py:743} INFO - Processing file /home/airflow/.local/lib/python3.7/site-packages/airflow/example_dags/example_skip_dag.py for tasks to queue
[2026-09-30T21:50:17.943+0000] {logging_mixin.py:137} INFO - [2026-09-30T21:50:17.943+0000] {dagbag.py:538} INFO - Filling up the DagBag from /home/airflow/.local/lib/python3.7/site-packages/airflow/example_dags/example_skip_dag.py
[2026-09-30T21:50:17.959+0000] {processor.py:753} INFO - DAG(s) dict_keys(['example_skip_dag']) retrieved from /home/airflow/.local/lib/python3.7/site-packages/airflow/example_dags/example_skip_dag.py
[2026-09-30T21:50:17.996+0000] {logging_mixin.py:137} INFO - [2026-09-30T21:50:17.996+0000] {dag.py:2676} INFO - Sync 1 DAGs
[2026-09-30T21:50:18.024+0000] {logging_mixin.py:137} INFO - [2026-09-30T21:50:18.023+0000] {dag.py:3427} INFO - Setting next_dagrun for example_skip_dag to 2026-09-29T21:50:18.023560+00:00, run_after=2026-09-30T21:50:18.023560+00:00
[2026-09-30T21:50:18.051+0000] {processor.py:175} INFO - Processing /home/airflow/.local/lib/python3.7/site-packages/airflow/example_dags/example_skip_dag.py took 0.113 seconds
[2026-09-30T21:50:48.529+0000] {processor.py:153} INFO - Started process (PID=26801) to work on /home/airflow/.local/lib/python3.7/site-packages/airflow/example_dags/example_skip_dag.py
[2026-09-30T21:50:48.530+0000] {processor.py:743} INFO - Processing file /home/airflow/.local/lib/python3.7/site-packages/airflow/example_dags/example_skip_dag.py for tasks to queue
[2026-09-30T21:50:48.530+0000] {logging_mixin.py:137} INFO - [2026-09-30T21:50:48.530+0000] {dagbag.py:538} INFO - Filling up the DagBag from /home/airflow/.local/lib/python3.7/site-packages/airflow/example_dags/example_skip_dag.py
[2026-09-30T21:50:48.544+0000] {processor.py:753} INFO - DAG(s) dict_keys(['example_skip_dag']) retrieved from /home/airflow/.local/lib/python3.7/site-packages/airflow/example_dags/example_skip_dag.py
[2026-09-30T21:50:48.581+0000] {logging_mixin.py:137} INFO - [2026-09-30T21:50:48.581+0000] {dag.py:2676} INFO - Sync 1 DAGs
[2026-09-30T21:50:48.608+0000] {logging_mixin.py:137} INFO - [2026-09-30T21:50:48.608+0000] {dag.py:3427} INFO - Setting next_dagrun for example_skip_dag to 2026-09-29T21:50:48.608349+00:00, run_after=2026-09-30T21:50:48.608349+00:00
[2026-09-30T21:50:48.625+0000] {processor.py:175} INFO - Processing /home/airflow/.local/lib/python3.7/site-packages/airflow/example_dags/example_skip_dag.py took 0.099 seconds
[2026-09-30T21:51:18.736+0000] {processor.py:153} INFO - Started process (PID=26880) to work on /home/airflow/.local/lib/python3.7/site-packages/airflow/example_dags/example_skip_dag.py
[2026-09-30T21:51:18.737+0000] {processor.py:743} INFO - Processing file /home/airflow/.local/lib/python3.7/site-packages/airflow/example_dags/example_skip_dag.py for tasks to queue
[2026-09-30T21:51:18.737+0000] {logging_mixin.py:137} INFO - [2026-09-30T21:51:18.737+0000] {dagbag.py:538} INFO - Filling up the DagBag from /home/airflow/.local/lib/python3.7/site-packages/airflow/example_dags/example_skip_dag.py
[2026-09-30T21:51:18.765+0000] {processor.py:753} INFO - DAG(s) dict_keys(['example_skip_dag']) retrieved from /home/airflow/.local/lib/python3.7/site-packages/airflow/example_dags/example_skip_dag.py
[2026-09-30T21:51:18.831+0000] {logging_mixin.py:137} INFO - [2026-09-30T21:51:18.831+0000] {dag.py:2676} INFO - Sync 1 DAGs
[2026-09-30T21:51:18.875+0000] {logging_mixin.py:137} INFO - [2026-09-30T21:51:18.874+0000] {dag.py:3427} INFO - Setting next_dagrun for example_skip_dag to 2026-09-29T21:51:18.874393+00:00, run_after=2026-09-30T21:51:18.874393+00:00
[2026-09-30T21:51:18.907+0000] {processor.py:175} INFO - Processing /home/airflow/.local/lib/python3.7/site-packages/airflow/example_dags/example_skip_dag.py took 0.176 seconds
[2026-09-30T21:51:48.988+0000] {processor.py:153} INFO - Started process (PID=26968) to work on /home/airflow/.local/lib/python3.7/site-packages/airflow/example_dags/example_skip_dag.py
[2026-09-30T21:51:48.989+0000] {processor.py:743} INFO - Processing file /home/airflow/.local/lib/python3.7/site-packages/airflow/example_dags/example_skip_dag.py for tasks to queue
[2026-09-30T21:51:48.990+0000] {logging_mixin.py:137} INFO - [2026-09-30T21:51:48.989+0000] {dagbag.py:538} INFO - Filling up the DagBag from /home/airflow/.local/lib/python3.7/site-packages/airflow/example_dags/example_skip_dag.py
[2026-09-30T21:51:49.004+0000] {processor.py:753} INFO - DAG(s) dict_keys(['example_skip_dag']) retrieved from /home/airflow/.local/lib/python3.7/site-packages/airflow/example_dags/example_skip_dag.py
[2026-09-30T21:51:49.040+0000] {logging_mixin.py:137} INFO - [2026-09-30T21:51:49.040+0000] {dag.py:2676} INFO - Sync 1 DAGs
[2026-09-30T21:51:49.067+0000] {logging_mixin.py:137} INFO - [2026-09-30T21:51:49.067+0000] {dag.py:3427} INFO - Setting next_dagrun for example_skip_dag to 2026-09-29T21:51:49.067197+00:00, run_after=2026-09-30T21:51:49.067197+00:00
[2026-09-30T21:51:49.086+0000] {processor.py:175} INFO - Processing /home/airflow/.local/lib/python3.7/site-packages/airflow/example_dags/example_skip_dag.py took 0.101 seconds
[2026-09-30T21:52:19.332+0000] {processor.py:153} INFO - Started process (PID=27058) to work on /home/airflow/.local/lib/python3.7/site-packages/airflow/example_dags/example_skip_dag.py
[2026-09-30T21:52:19.333+0000] {processor.py:743} INFO - Processing file /home/airflow/.local/lib/python3.7/site-packages/airflow/example_dags/example_skip_dag.py for tasks to queue
[2026-09-30T21:52:19.334+0000] {logging_mixin.py:137} INFO - [2026-09-30T21:52:19.334+0000] {dagbag.py:538} INFO - Filling up the DagBag from /home/airflow/.local/lib/python3.7/site-packages/airflow/example_dags/example_skip_dag.py
[2026-09-30T21:52:19.363+0000] {processor.py:753} INFO - DAG(s) dict_keys(['example_skip_dag']) retrieved from /home/airflow/.local/lib/python3.7/site-packages/airflow/example_dags/example_skip_dag.py
[2026-09-30T21:52:19.433+0000] {logging_mixin.py:137} INFO - [2026-09-30T21:52:19.433+0000] {dag.py:2676} INFO - Sync 1 DAGs
[2026-09-30T21:52:19.484+0000] {logging_mixin.py:137} INFO - [2026-09-30T21:52:19.484+0000] {dag.py:3427} INFO - Setting next_dagrun for example_skip_dag to 2026-09-29T21:52:19.483617+00:00, run_after=2026-09-30T21:52:19.483617+00:00
[2026-09-30T21:52:19.512+0000] {processor.py:175} INFO - Processing /home/airflow/.local/lib/python3.7/site-packages/airflow/example_dags/example_skip_dag.py took 0.187 seconds
[2026-09-30T21:52:50.396+0000] {processor.py:153} INFO - Started process (PID=27137) to work on /home/airflow/.local/lib/python3.7/site-packages/airflow/example_dags/example_skip_dag.py
[2026-09-30T21:52:50.397+0000] {processor.py:743} INFO - Processing file /home/airflow/.local/lib/python3.7/site-packages/airflow/example_dags/example_skip_dag.py for tasks to queue
[2026-09-30T21:52:50.398+0000] {logging_mixin.py:137} INFO - [2026-09-30T21:52:50.398+0000] {dagbag.py:538} INFO - Filling up the DagBag from /home/airflow/.local/lib/python3.7/site-packages/airflow/example_dags/example_skip_dag.py
[2026-09-30T21:52:50.412+0000] {processor.py:753} INFO - DAG(s) dict_keys(['example_skip_dag']) retrieved from /home/airflow/.local/lib/python3.7/site-packages/airflow/example_dags/example_skip_dag.py
[2026-09-30T21:52:50.448+0000] {logging_mixin.py:137} INFO - [2026-09-30T21:52:50.448+0000] {dag.py:2676} INFO - Sync 1 DAGs
[2026-09-30T21:52:50.476+0000] {logging_mixin.py:137} INFO - [2026-09-30T21:52:50.475+0000] {dag.py:3427} INFO - Setting next_dagrun for example_skip_dag to 2026-09-29T21:52:50.475683+00:00, run_after=2026-09-30T21:52:50.475683+00:00
[2026-09-30T21:52:50.493+0000] {processor.py:175} INFO - Processing /home/airflow/.local/lib/python3.7/site-packages/airflow/example_dags/example_skip_dag.py took 0.100 seconds
[2026-09-30T21:53:21.298+0000] {processor.py:153} INFO - Started process (PID=27216) to work on /home/airflow/.local/lib/python3.7/site-packages/airflow/example_dags/example_skip_dag.py
[2026-09-30T21:53:21.299+0000] {processor.py:743} INFO - Processing file /home/airflow/.local/lib/python3.7/site-packages/airflow/example_dags/example_skip_dag.py for tasks to queue
[2026-09-30T21:53:21.299+0000] {logging_mixin.py:137} INFO - [2026-09-30T21:53:21.299+0000] {dagbag.py:538} INFO - Filling up the DagBag from /home/airflow/.local/lib/python3.7/site-packages/airflow/example_dags/example_skip_dag.py
[2026-09-30T21:53:21.317+0000] {processor.py:753} INFO - DAG(s) dict_keys(['example_skip_dag']) retrieved from /home/airflow/.local/lib/python3.7/site-packages/airflow/example_dags/example_skip_dag.py
[2026-09-30T21:53:21.366+0000] {logging_mixin.py:137} INFO - [2026-09-30T21:53:21.366+0000] {dag.py:2676} INFO - Sync 1 DAGs
[2026-09-30T21:53:21.405+0000] {logging_mixin.py:137} INFO - [2026-09-30T21:53:21.405+0000] {dag.py:3427} INFO - Setting next_dagrun for example_skip_dag to 2026-09-29T21:53:21.405072+00:00, run_after=2026-09-30T21:53:21.405072+00:00
[2026-09-30T21:53:21.434+0000] {processor.py:175} INFO - Processing /home/airflow/.local/lib/python3.7/site-packages/airflow/example_dags/example_skip_dag.py took 0.141 seconds
[2026-09-30T21:53:52.021+0000] {processor.py:153} INFO - Started process (PID=27315) to work on /home/airflow/.local/lib/python3.7/site-packages/airflow/example_dags/example_skip_dag.py
[2026-09-30T21:53:52.022+0000] {processor.py:743} INFO - Processing file /home/airflow/.local/lib/python3.7/site-packages/airflow/example_dags/example_skip_dag.py for tasks to queue
[2026-09-30T21:53:52.023+0000] {logging_mixin.py:137} INFO - [2026-09-30T21:53:52.023+0000] {dagbag.py:538} INFO - Filling up the DagBag from /home/airflow/.local/lib/python3.7/site-packages/airflow/example_dags/example_skip_dag.py
[2026-09-30T21:53:52.047+0000] {processor.py:753} INFO - DAG(s) dict_keys(['example_skip_dag']) retrieved from /home/airflow/.local/lib/python3.7/site-packages/airflow/example_dags/example_skip_dag.py
[2026-09-30T21:53:52.119+0000] {logging_mixin.py:137} INFO - [2026-09-30T21:53:52.118+0000] {dag.py:2676} INFO - Sync 1 DAGs
[2026-09-30T21:53:52.169+0000] {logging_mixin.py:137} INFO - [2026-09-30T21:53:52.169+0000] {dag.py:3427} INFO - Setting next_dagrun for example_skip_dag to 2026-09-29T21:53:52.168632+00:00, run_after=2026-09-30T21:53:52.168632+00:00
[2026-09-30T21:53:52.203+0000] {processor.py:175} INFO - Processing /home/airflow/.local/lib/python3.7/site-packages/airflow/example_dags/example_skip_dag.py took 0.188 seconds
[2026-09-30T21:54:22.344+0000] {processor.py:153} INFO - Started process (PID=27394) to work on /home/airflow/.local/lib/python3.7/site-packages/airflow/example_dags/example_skip_dag.py
[2026-09-30T21:54:22.345+0000] {processor.py:743} INFO - Processing file /home/airflow/.local/lib/python3.7/site-packages/airflow/example_dags/example_skip_dag.py for tasks to queue
[2026-09-30T21:54:22.345+0000] {logging_mixin.py:137} INFO - [2026-09-30T21:54:22.345+0000] {dagbag.py:538} INFO - Filling up the DagBag from /home/airflow/.local/lib/python3.7/site-packages/airflow/example_dags/example_skip_dag.py
[2026-09-30T21:54:22.365+0000] {processor.py:753} INFO - DAG(s) dict_keys(['example_skip_dag']) retrieved from /home/airflow/.local/lib/python3.7/site-packages/airflow/example_dags/example_skip_dag.py
[2026-09-30T21:54:22.417+0000] {logging_mixin.py:137} INFO - [2026-09-30T21:54:22.417+0000] {dag.py:2676} INFO - Sync 1 DAGs
[2026-09-30T21:54:22.451+0000] {logging_mixin.py:137} INFO - [2026-09-30T21:54:22.451+0000] {dag.py:3427} INFO - Setting next_dagrun for example_skip_dag to 2026-09-29T21:54:22.451119+00:00, run_after=2026-09-30T21:54:22.451119+00:00
[2026-09-30T21:54:22.475+0000] {processor.py:175} INFO - Processing /home/airflow/.local/lib/python3.7/site-packages/airflow/example_dags/example_skip_dag.py took 0.136 seconds
[2026-09-30T21:54:52.838+0000] {processor.py:153} INFO - Started process (PID=27473) to work on /home/airflow/.local/lib/python3.7/site-packages/airflow/example_dags/example_skip_dag.py
[2026-09-30T21:54:52.839+0000] {processor.py:743} INFO - Processing file /home/airflow/.local/lib/python3.7/site-packages/airflow/example_dags/example_skip_dag.py for tasks to queue
[2026-09-30T21:54:52.840+0000] {logging_mixin.py:137} INFO - [2026-09-30T21:54:52.840+0000] {dagbag.py:538} INFO - Filling up the DagBag from /home/airflow/.local/lib/python3.7/site-packages/airflow/example_dags/example_skip_dag.py
[2026-09-30T21:54:52.872+0000] {processor.py:753} INFO - DAG(s) dict_keys(['example_skip_dag']) retrieved from /home/airflow/.local/lib/python3.7/site-packages/airflow/example_dags/example_skip_dag.py
[2026-09-30T21:54:52.926+0000] {logging_mixin.py:137} INFO - [2026-09-30T21:54:52.926+0000] {dag.py:2676} INFO - Sync 1 DAGs
[2026-09-30T21:54:52.957+0000] {logging_mixin.py:137} INFO - [2026-09-30T21:54:52.957+0000] {dag.py:3427} INFO - Setting next_dagrun for example_skip_dag to 2026-09-29T21:54:52.957509+00:00, run_after=2026-09-30T21:54:52.957509+00:00
[2026-09-30T21:54:52.978+0000] {processor.py:175} INFO - Processing /home/airflow/.local/lib/python3.7/site-packages/airflow/example_dags/example_skip_dag.py took 0.144 seconds
[2026-09-30T21:55:23.100+0000] {processor.py:153} INFO - Started process (PID=27552) to work on /home/airflow/.local/lib/python3.7/site-packages/airflow/example_dags/example_skip_dag.py
[2026-09-30T21:55:23.102+0000] {processor.py:743} INFO - Processing file /home/airflow/.local/lib/python3.7/site-packages/airflow/example_dags/example_skip_dag.py for tasks to queue
[2026-09-30T21:55:23.103+0000] {logging_mixin.py:137} INFO - [2026-09-30T21:55:23.103+0000] {dagbag.py:538} INFO - Filling up the DagBag from /home/airflow/.local/lib/python3.7/site-packages/airflow/example_dags/example_skip_dag.py
[2026-09-30T21:55:23.130+0000] {processor.py:753} INFO - DAG(s) dict_keys(['example_skip_dag']) retrieved from /home/airflow/.local/lib/python3.7/site-packages/airflow/example_dags/example_skip_dag.py
[2026-09-30T21:55:23.188+0000] {logging_mixin.py:137} INFO - [2026-09-30T21:55:23.188+0000] {dag.py:2676} INFO - Sync 1 DAGs
[2026-09-30T21:55:23.221+0000] {logging_mixin.py:137} INFO - [2026-09-30T21:55:23.220+0000] {dag.py:3427} INFO - Setting next_dagrun for example_skip_dag to 2026-09-29T21:55:23.220463+00:00, run_after=2026-09-30T21:55:23.220463+00:00
[2026-09-30T21:55:23.242+0000] {processor.py:175} INFO - Processing /home/airflow/.local/lib/python3.7/site-packages/airflow/example_dags/example_skip_dag.py took 0.147 seconds
[2026-09-30T21:55:53.526+0000] {processor.py:153} INFO - Started process (PID=27651) to work on /home/airflow/.local/lib/python3.7/site-packages/airflow/example_dags/example_skip_dag.py
[2026-09-30T21:55:53.526+0000] {processor.py:743} INFO - Processing file /home/airflow/.local/lib/python3.7/site-packages/airflow/example_dags/example_skip_dag.py for tasks to queue
[2026-09-30T21:55:53.527+0000] {logging_mixin.py:137} INFO - [2026-09-30T21:55:53.527+0000] {dagbag.py:538} INFO - Filling up the DagBag from /home/airflow/.local/lib/python3.7/site-packages/airflow/example_dags/example_skip_dag.py
[2026-09-30T21:55:53.546+0000] {processor.py:753} INFO - DAG(s) dict_keys(['example_skip_dag']) retrieved from /home/airflow/.local/lib/python3.7/site-packages/airflow/example_dags/example_skip_dag.py
[2026-09-30T21:55:53.593+0000] {logging_mixin.py:137} INFO - [2026-09-30T21:55:53.592+0000] {dag.py:2676} INFO - Sync 1 DAGs
[2026-09-30T21:55:53.626+0000] {logging_mixin.py:137} INFO - [2026-09-30T21:55:53.626+0000] {dag.py:3427} INFO - Setting next_dagrun for example_skip_dag to 2026-09-29T21:55:53.626449+00:00, run_after=2026-09-30T21:55:53.626449+00:00
[2026-09-30T21:55:53.651+0000] {processor.py:175} INFO - Processing /home/airflow/.local/lib/python3.7/site-packages/airflow/example_dags/example_skip_dag.py took 0.130 seconds
[2026-09-30T21:56:24.378+0000] {processor.py:153} INFO - Started process (PID=27730) to work on /home/airflow/.local/lib/python3.7/site-packages/airflow/example_dags/example_skip_dag.py
[2026-09-30T21:56:24.380+0000] {processor.py:743} INFO - Processing file /home/airflow/.local/lib/python3.7/site-packages/airflow/example_dags/example_skip_dag.py for tasks to queue
[2026-09-30T21:56:24.381+0000] {logging_mixin.py:137} INFO - [2026-09-30T21:56:24.381+0000] {dagbag.py:538} INFO - Filling up the DagBag from /home/airflow/.local/lib/python3.7/site-packages/airflow/example_dags/example_skip_dag.py
[2026-09-30T21:56:24.412+0000] {processor.py:753} INFO - DAG(s) dict_keys(['example_skip_dag']) retrieved from /home/airflow/.local/lib/python3.7/site-packages/airflow/example_dags/example_skip_dag.py
[2026-09-30T21:56:24.484+0000] {logging_mixin.py:137} INFO - [2026-09-30T21:56:24.484+0000] {dag.py:2676} INFO - Sync 1 DAGs
[2026-09-30T21:56:24.521+0000] {logging_mixin.py:137} INFO - [2026-09-30T21:56:24.521+0000] {dag.py:3427} INFO - Setting next_dagrun for example_skip_dag to 2026-09-29T21:56:24.521475+00:00, run_after=2026-09-30T21:56:24.521475+00:00
[2026-09-30T21:56:24.548+0000] {processor.py:175} INFO - Processing /home/airflow/.local/lib/python3.7/site-packages/airflow/example_dags/example_skip_dag.py took 0.176 seconds
[2026-09-30T21:56:55.240+0000] {processor.py:153} INFO - Started process (PID=27809) to work on /home/airflow/.local/lib/python3.7/site-packages/airflow/example_dags/example_skip_dag.py
[2026-09-30T21:56:55.241+0000] {processor.py:743} INFO - Processing file /home/airflow/.local/lib/python3.7/site-packages/airflow/example_dags/example_skip_dag.py for tasks to queue
[2026-09-30T21:56:55.242+0000] {logging_mixin.py:137} INFO - [2026-09-30T21:56:55.242+0000] {dagbag.py:538} INFO - Filling up the DagBag from /home/airflow/.local/lib/python3.7/site-packages/airflow/example_dags/example_skip_dag.py
[2026-09-30T21:56:55.266+0000] {processor.py:753} INFO - DAG(s) dict_keys(['example_skip_dag']) retrieved from /home/airflow/.local/lib/python3.7/site-packages/airflow/example_dags/example_skip_dag.py
[2026-09-30T21:56:55.314+0000] {logging_mixin.py:137} INFO - [2026-09-30T21:56:55.314+0000] {dag.py:2676} INFO - Sync 1 DAGs
[2026-09-30T21:56:55.348+0000] {logging_mixin.py:137} INFO - [2026-09-30T21:56:55.348+0000] {dag.py:3427} INFO - Setting next_dagrun for example_skip_dag to 2026-09-29T21:56:55.347737+00:00, run_after=2026-09-30T21:56:55.347737+00:00
[2026-09-30T21:56:55.374+0000] {processor.py:175} INFO - Processing /home/airflow/.local/lib/python3.7/site-packages/airflow/example_dags/example_skip_dag.py took 0.138 seconds
[2026-09-30T21:57:25.867+0000] {processor.py:153} INFO - Started process (PID=27888) to work on /home/airflow/.local/lib/python3.7/site-packages/airflow/example_dags/example_skip_dag.py
[2026-09-30T21:57:25.868+0000] {processor.py:743} INFO - Processing file /home/airflow/.local/lib/python3.7/site-packages/airflow/example_dags/example_skip_dag.py for tasks to queue
[2026-09-30T21:57:25.869+0000] {logging_mixin.py:137} INFO - [2026-09-30T21:57:25.869+0000] {dagbag.py:538} INFO - Filling up the DagBag from /home/airflow/.local/lib/python3.7/site-packages/airflow/example_dags/example_skip_dag.py
[2026-09-30T21:57:25.887+0000] {processor.py:753} INFO - DAG(s) dict_keys(['example_skip_dag']) retrieved from /home/airflow/.local/lib/python3.7/site-packages/airflow/example_dags/example_skip_dag.py
[2026-09-30T21:57:25.953+0000] {logging_mixin.py:137} INFO - [2026-09-30T21:57:25.953+0000] {dag.py:2676} INFO - Sync 1 DAGs
[2026-09-30T21:57:25.996+0000] {logging_mixin.py:137} INFO - [2026-09-30T21:57:25.996+0000] {dag.py:3427} INFO - Setting next_dagrun for example_skip_dag to 2026-09-29T21:57:25.995907+00:00, run_after=2026-09-30T21:57:25.995907+00:00
[2026-09-30T21:57:26.021+0000] {processor.py:175} INFO - Processing /home/airflow/.local/lib/python3.7/site-packages/airflow/example_dags/example_skip_dag.py took 0.158 seconds
[2026-09-30T21:57:56.448+0000] {processor.py:153} INFO - Started process (PID=27987) to work on /home/airflow/.local/lib/python3.7/site-packages/airflow/example_dags/example_skip_dag.py
[2026-09-30T21:57:56.449+0000] {processor.py:743} INFO - Processing file /home/airflow/.local/lib/python3.7/site-packages/airflow/example_dags/example_skip_dag.py for tasks to queue
[2026-09-30T21:57:56.450+0000] {logging_mixin.py:137} INFO - [2026-09-30T21:57:56.450+0000] {dagbag.py:538} INFO - Filling up the DagBag from /home/airflow/.local/lib/python3.7/site-packages/airflow/example_dags/example_skip_dag.py
[2026-09-30T21:57:56.471+0000] {processor.py:753} INFO - DAG(s) dict_keys(['example_skip_dag']) retrieved from /home/airflow/.local/lib/python3.7/site-packages/airflow/example_dags/example_skip_dag.py
[2026-09-30T21:57:56.520+0000] {logging_mixin.py:137} INFO - [2026-09-30T21:57:56.520+0000] {dag.py:2676} INFO - Sync 1 DAGs
[2026-09-30T21:57:56.555+0000] {logging_mixin.py:137} INFO - [2026-09-30T21:57:56.555+0000] {dag.py:3427} INFO - Setting next_dagrun for example_skip_dag to 2026-09-29T21:57:56.555054+00:00, run_after=2026-09-30T21:57:56.555054+00:00
[2026-09-30T21:57:56.580+0000] {processor.py:175} INFO - Processing /home/airflow/.local/lib/python3.7/site-packages/airflow/example_dags/example_skip_dag.py took 0.135 seconds
[2026-09-30T21:58:26.853+0000] {processor.py:153} INFO - Started process (PID=28066) to work on /home/airflow/.local/lib/python3.7/site-packages/airflow/example_dags/example_skip_dag.py
[2026-09-30T21:58:26.855+0000] {processor.py:743} INFO - Processing file /home/airflow/.local/lib/python3.7/site-packages/airflow/example_dags/example_skip_dag.py for tasks to queue
[2026-09-30T21:58:26.856+0000] {logging_mixin.py:137} INFO - [2026-09-30T21:58:26.856+0000] {dagbag.py:538} INFO - Filling up the DagBag from /home/airflow/.local/lib/python3.7/site-packages/airflow/example_dags/example_skip_dag.py
[2026-09-30T21:58:26.881+0000] {processor.py:753} INFO - DAG(s) dict_keys(['example_skip_dag']) retrieved from /home/airflow/.local/lib/python3.7/site-packages/airflow/example_dags/example_skip_dag.py
[2026-09-30T21:58:26.940+0000] {logging_mixin.py:137} INFO - [2026-09-30T21:58:26.940+0000] {dag.py:2676} INFO - Sync 1 DAGs
[2026-09-30T21:58:26.971+0000] {logging_mixin.py:137} INFO - [2026-09-30T21:58:26.971+0000] {dag.py:3427} INFO - Setting next_dagrun for example_skip_dag to 2026-09-29T21:58:26.971202+00:00, run_after=2026-09-30T21:58:26.971202+00:00
[2026-09-30T21:58:26.993+0000] {processor.py:175} INFO - Processing /home/airflow/.local/lib/python3.7/site-packages/airflow/example_dags/example_skip_dag.py took 0.146 seconds
[2026-09-30T21:58:57.741+0000] {processor.py:153} INFO - Started process (PID=28145) to work on /home/airflow/.local/lib/python3.7/site-packages/airflow/example_dags/example_skip_dag.py
[2026-09-30T21:58:57.741+0000] {processor.py:743} INFO - Processing file /home/airflow/.local/lib/python3.7/site-packages/airflow/example_dags/example_skip_dag.py for tasks to queue
[2026-09-30T21:58:57.742+0000] {logging_mixin.py:137} INFO - [2026-09-30T21:58:57.742+0000] {dagbag.py:538} INFO - Filling up the DagBag from /home/airflow/.local/lib/python3.7/site-packages/airflow/example_dags/example_skip_dag.py
[2026-09-30T21:58:57.761+0000] {processor.py:753} INFO - DAG(s) dict_keys(['example_skip_dag']) retrieved from /home/airflow/.local/lib/python3.7/site-packages/airflow/example_dags/example_skip_dag.py
[2026-09-30T21:58:57.821+0000] {logging_mixin.py:137} INFO - [2026-09-30T21:58:57.821+0000] {dag.py:2676} INFO - Sync 1 DAGs
[2026-09-30T21:58:57.865+0000] {logging_mixin.py:137} INFO - [2026-09-30T21:58:57.864+0000] {dag.py:3427} INFO - Setting next_dagrun for example_skip_dag to 2026-09-29T21:58:57.864641+00:00, run_after=2026-09-30T21:58:57.864641+00:00
[2026-09-30T21:58:57.894+0000] {processor.py:175} INFO - Processing /home/airflow/.local/lib/python3.7/site-packages/airflow/example_dags/example_skip_dag.py took 0.157 seconds
[2026-09-30T21:59:28.153+0000] {processor.py:153} INFO - Started process (PID=28231) to work on /home/airflow/.local/lib/python3.7/site-packages/airflow/example_dags/example_skip_dag.py
[2026-09-30T21:59:28.155+0000] {processor.py:743} INFO - Processing file /home/airflow/.local/lib/python3.7/site-packages/airflow/example_dags/example_skip_dag.py for tasks to queue
[2026-09-30T21:59:28.157+0000] {logging_mixin.py:137} INFO - [2026-09-30T21:59:28.156+0000] {dagbag.py:538} INFO - Filling up the DagBag from /home/airflow/.local/lib/python3.7/site-packages/airflow/example_dags/example_skip_dag.py
[2026-09-30T21:59:28.191+0000] {processor.py:753} INFO - DAG(s) dict_keys(['example_skip_dag']) retrieved from /home/airflow/.local/lib/python3.7/site-packages/airflow/example_dags/example_skip_dag.py
[2026-09-30T21:59:28.253+0000] {logging_mixin.py:137} INFO - [2026-09-30T21:59:28.253+0000] {dag.py:2676} INFO - Sync 1 DAGs
[2026-09-30T21:59:28.303+0000] {logging_mixin.py:137} INFO - [2026-09-30T21:59:28.303+0000] {dag.py:3427} INFO - Setting next_dagrun for example_skip_dag to 2026-09-29T21:59:28.302591+00:00, run_after=2026-09-30T21:59:28.302591+00:00
[2026-09-30T21:59:28.338+0000] {processor.py:175} INFO - Processing /home/airflow/.local/lib/python3.7/site-packages/airflow/example_dags/example_skip_dag.py took 0.191 seconds
[2026-09-30T21:59:59.033+0000] {processor.py:153} INFO - Started process (PID=28324) to work on /home/airflow/.local/lib/python3.7/site-packages/airflow/example_dags/example_skip_dag.py
[2026-09-30T21:59:59.035+0000] {processor.py:743} INFO - Processing file /home/airflow/.local/lib/python3.7/site-packages/airflow/example_dags/example_skip_dag.py for tasks to queue
[2026-09-30T21:59:59.036+0000] {logging_mixin.py:137} INFO - [2026-09-30T21:59:59.036+0000] {dagbag.py:538} INFO - Filling up the DagBag from /home/airflow/.local/lib/python3.7/site-packages/airflow/example_dags/example_skip_dag.py
[2026-09-30T21:59:59.056+0000] {processor.py:753} INFO - DAG(s) dict_keys(['example_skip_dag']) retrieved from /home/airflow/.local/lib/python3.7/site-packages/airflow/example_dags/example_skip_dag.py
[2026-09-30T21:59:59.105+0000] {logging_mixin.py:137} INFO - [2026-09-30T21:59:59.105+0000] {dag.py:2676} INFO - Sync 1 DAGs
[2026-09-30T21:59:59.155+0000] {logging_mixin.py:137} INFO - [2026-09-30T21:59:59.154+0000] {dag.py:3427} INFO - Setting next_dagrun for example_skip_dag to 2026-09-29T21:59:59.154466+00:00, run_after=2026-09-30T21:59:59.154466+00:00
[2026-09-30T21:59:59.190+0000] {processor.py:175} INFO - Processing /home/airflow/.local/lib/python3.7/site-packages/airflow/example_dags/example_skip_dag.py took 0.162 seconds
[2026-09-30T22:00:29.868+0000] {processor.py:153} INFO - Started process (PID=28403) to work on /home/airflow/.local/lib/python3.7/site-packages/airflow/example_dags/example_skip_dag.py
[2026-09-30T22:00:29.870+0000] {processor.py:743} INFO - Processing file /home/airflow/.local/lib/python3.7/site-packages/airflow/example_dags/example_skip_dag.py for tasks to queue
[2026-09-30T22:00:29.870+0000] {logging_mixin.py:137} INFO - [2026-09-30T22:00:29.870+0000] {dagbag.py:538} INFO - Filling up the DagBag from /home/airflow/.local/lib/python3.7/site-packages/airflow/example_dags/example_skip_dag.py
[2026-09-30T22:00:29.889+0000] {processor.py:753} INFO - DAG(s) dict_keys(['example_skip_dag']) retrieved from /home/airflow/.local/lib/python3.7/site-packages/airflow/example_dags/example_skip_dag.py
[2026-09-30T22:00:29.938+0000] {logging_mixin.py:137} INFO - [2026-09-30T22:00:29.938+0000] {dag.py:2676} INFO - Sync 1 DAGs
[2026-09-30T22:00:29.973+0000] {logging_mixin.py:137} INFO - [2026-09-30T22:00:29.973+0000] {dag.py:3427} INFO - Setting next_dagrun for example_skip_dag to 2026-09-29T22:00:29.973378+00:00, run_after=2026-09-30T22:00:29.973378+00:00
[2026-09-30T22:00:29.997+0000] {processor.py:175} INFO - Processing /home/airflow/.local/lib/python3.7/site-packages/airflow/example_dags/example_skip_dag.py took 0.133 seconds
[2026-09-30T22:01:00.100+0000] {processor.py:153} INFO - Started process (PID=28482) to work on /home/airflow/.local/lib/python3.7/site-packages/airflow/example_dags/example_skip_dag.py
[2026-09-30T22:01:00.101+0000] {processor.py:743} INFO - Processing file /home/airflow/.local/lib/python3.7/site-packages/airflow/example_dags/example_skip_dag.py for tasks to queue
[2026-09-30T22:01:00.101+0000] {logging_mixin.py:137} INFO - [2026-09-30T22:01:00.101+0000] {dagbag.py:538} INFO - Filling up the DagBag from /home/airflow/.local/lib/python3.7/site-packages/airflow/example_dags/example_skip_dag.py
[2026-09-30T22:01:00.129+0000] {processor.py:753} INFO - DAG(s) dict_keys(['example_skip_dag']) retrieved from /home/airflow/.local/lib/python3.7/site-packages/airflow/example_dags/example_skip_dag.py
[2026-09-30T22:01:00.200+0000] {logging_mixin.py:137} INFO - [2026-09-30T22:01:00.200+0000] {dag.py:2676} INFO - Sync 1 DAGs
[2026-09-30T22:01:00.242+0000] {logging_mixin.py:137} INFO - [2026-09-30T22:01:00.242+0000] {dag.py:3427} INFO - Setting next_dagrun for example_skip_dag to 2026-09-29T22:01:00.241919+00:00, run_after=2026-09-30T22:01:00.241919+00:00
[2026-09-30T22:01:00.263+0000] {processor.py:175} INFO - Processing /home/airflow/.local/lib/python3.7/site-packages/airflow/example_dags/example_skip_dag.py took 0.168 seconds
[2026-09-30T22:01:30.742+0000] {processor.py:153} INFO - Started process (PID=28581) to work on /home/airflow/.local/lib/python3.7/site-packages/airflow/example_dags/example_skip_dag.py
[2026-09-30T22:01:30.743+0000] {processor.py:743} INFO - Processing file /home/airflow/.local/lib/python3.7/site-packages/airflow/example_dags/example_skip_dag.py for tasks to queue
[2026-09-30T22:01:30.744+0000] {logging_mixin.py:137} INFO - [2026-09-30T22:01:30.744+0000] {dagbag.py:538} INFO - Filling up the DagBag from /home/airflow/.local/lib/python3.7/site-packages/airflow/example_dags/example_skip_dag.py
[2026-09-30T22:01:30.773+0000] {processor.py:753} INFO - DAG(s) dict_keys(['example_skip_dag']) retrieved from /home/airflow/.local/lib/python3.7/site-packages/airflow/example_dags/example_skip_dag.py
[2026-09-30T22:01:30.852+0000] {logging_mixin.py:137} INFO - [2026-09-30T22:01:30.852+0000] {dag.py:2676} INFO - Sync 1 DAGs
[2026-09-30T22:01:30.915+0000] {logging_mixin.py:137} INFO - [2026-09-30T22:01:30.915+0000] {dag.py:3427} INFO - Setting next_dagrun for example_skip_dag to 2026-09-29T22:01:30.914835+00:00, run_after=2026-09-30T22:01:30.914835+00:00
[2026-09-30T22:01:30.936+0000] {processor.py:175} INFO - Processing /home/airflow/.local/lib/python3.7/site-packages/airflow/example_dags/example_skip_dag.py took 0.202 seconds
[2026-09-30T22:02:01.419+0000] {processor.py:153} INFO - Started process (PID=28660) to work on /home/airflow/.local/lib/python3.7/site-packages/airflow/example_dags/example_skip_dag.py
[2026-09-30T22:02:01.420+0000] {processor.py:743} INFO - Processing file /home/airflow/.local/lib/python3.7/site-packages/airflow/example_dags/example_skip_dag.py for tasks to queue
[2026-09-30T22:02:01.420+0000] {logging_mixin.py:137} INFO - [2026-09-30T22:02:01.420+0000] {dagbag.py:538} INFO - Filling up the DagBag from /home/airflow/.local/lib/python3.7/site-packages/airflow/example_dags/example_skip_dag.py
[2026-09-30T22:02:01.440+0000] {processor.py:753} INFO - DAG(s) dict_keys(['example_skip_dag']) retrieved from /home/airflow/.local/lib/python3.7/site-packages/airflow/example_dags/example_skip_dag.py
[2026-09-30T22:02:01.499+0000] {logging_mixin.py:137} INFO - [2026-09-30T22:02:01.499+0000] {dag.py:2676} INFO - Sync 1 DAGs
[2026-09-30T22:02:01.530+0000] {logging_mixin.py:137} INFO - [2026-09-30T22:02:01.530+0000] {dag.py:3427} INFO - Setting next_dagrun for example_skip_dag to 2026-09-29T22:02:01.530479+00:00, run_after=2026-09-30T22:02:01.530479+00:00
[2026-09-30T22:02:01.552+0000] {processor.py:175} INFO - Processing /home/airflow/.local/lib/python3.7/site-packages/airflow/example_dags/example_skip_dag.py took 0.137 seconds
[2026-09-30T22:02:31.782+0000] {processor.py:153} INFO - Started process (PID=28739) to work on /home/airflow/.local/lib/python3.7/site-packages/airflow/example_dags/example_skip_dag.py
[2026-09-30T22:02:31.783+0000] {processor.py:743} INFO - Processing file /home/airflow/.local/lib/python3.7/site-packages/airflow/example_dags/example_skip_dag.py for tasks to queue
[2026-09-30T22:02:31.784+0000] {logging_mixin.py:137} INFO - [2026-09-30T22:02:31.784+0000] {dagbag.py:538} INFO - Filling up the DagBag from /home/airflow/.local/lib/python3.7/site-packages/airflow/example_dags/example_skip_dag.py
[2026-09-30T22:02:31.805+0000] {processor.py:753} INFO - DAG(s) dict_keys(['example_skip_dag']) retrieved from /home/airflow/.local/lib/python3.7/site-packages/airflow/example_dags/example_skip_dag.py
[2026-09-30T22:02:31.853+0000] {logging_mixin.py:137} INFO - [2026-09-30T22:02:31.853+0000] {dag.py:2676} INFO - Sync 1 DAGs
[2026-09-30T22:02:31.888+0000] {logging_mixin.py:137} INFO - [2026-09-30T22:02:31.888+0000] {dag.py:3427} INFO - Setting next_dagrun for example_skip_dag to 2026-09-29T22:02:31.887733+00:00, run_after=2026-09-30T22:02:31.887733+00:00
[2026-09-30T22:02:31.916+0000] {processor.py:175} INFO - Processing /home/airflow/.local/lib/python3.7/site-packages/airflow/example_dags/example_skip_dag.py took 0.138 seconds
[2026-09-30T22:03:02.407+0000] {processor.py:153} INFO - Started process (PID=28818) to work on /home/airflow/.local/lib/python3.7/site-packages/airflow/example_dags/example_skip_dag.py
[2026-09-30T22:03:02.409+0000] {processor.py:743} INFO - Processing file /home/airflow/.local/lib/python3.7/site-packages/airflow/example_dags/example_skip_dag.py for tasks to queue
[2026-09-30T22:03:02.410+0000] {logging_mixin.py:137} INFO - [2026-09-30T22:03:02.410+0000] {dagbag.py:538} INFO - Filling up the DagBag from /home/airflow/.local/lib/python3.7/site-packages/airflow/example_dags/example_skip_dag.py
[2026-09-30T22:03:02.437+0000] {processor.py:753} INFO - DAG(s) dict_keys(['example_skip_dag']) retrieved from /home/airflow/.local/lib/python3.7/site-packages/airflow/example_dags/example_skip_dag.py
[2026-09-30T22:03:02.484+0000] {logging_mixin.py:137} INFO - [2026-09-30T22:03:02.483+0000] {dag.py:2676} INFO - Sync 1 DAGs
[2026-09-30T22:03:02.516+0000] {logging_mixin.py:137} INFO - [2026-09-30T22:03:02.516+0000] {dag.py:3427} INFO - Setting next_dagrun for example_skip_dag to 2026-09-29T22:03:02.515789+00:00, run_after=2026-09-30T22:03:02.515789+00:00
[2026-09-30T22:03:02.536+0000] {processor.py:175} INFO - Processing /home/airflow/.local/lib/python3.7/site-packages/airflow/example_dags/example_skip_dag.py took 0.136 seconds
[2026-09-30T22:03:32.696+0000] {processor.py:153} INFO - Started process (PID=28904) to work on /home/airflow/.local/lib/python3.7/site-packages/airflow/example_dags/example_skip_dag.py
[2026-09-30T22:03:32.697+0000] {processor.py:743} INFO - Processing file /home/airflow/.local/lib/python3.7/site-packages/airflow/example_dags/example_skip_dag.py for tasks to queue
[2026-09-30T22:03:32.698+0000] {logging_mixin.py:137} INFO - [2026-09-30T22:03:32.697+0000] {dagbag.py:538} INFO - Filling up the DagBag from /home/airflow/.local/lib/python3.7/site-packages/airflow/example_dags/example_skip_dag.py
[2026-09-30T22:03:32.717+0000] {processor.py:753} INFO - DAG(s) dict_keys(['example_skip_dag']) retrieved from /home/airflow/.local/lib/python3.7/site-packages/airflow/example_dags/example_skip_dag.py
[2026-09-30T22:03:32.773+0000] {logging_mixin.py:137} INFO - [2026-09-30T22:03:32.773+0000] {dag.py:2676} INFO - Sync 1 DAGs
[2026-09-30T22:03:32.811+0000] {logging_mixin.py:137} INFO - [2026-09-30T22:03:32.811+0000] {dag.py:3427} INFO - Setting next_dagrun for example_skip_dag to 2026-09-29T22:03:32.811196+00:00, run_after=2026-09-30T22:03:32.811196+00:00
[2026-09-30T22:03:32.836+0000] {processor.py:175} INFO - Processing /home/airflow/.local/lib/python3.7/site-packages/airflow/example_dags/example_skip_dag.py took 0.145 seconds
[2026-09-30T22:04:03.123+0000] {processor.py:153} INFO - Started process (PID=28996) to work on /home/airflow/.local/lib/python3.7/site-packages/airflow/example_dags/example_skip_dag.py
[2026-09-30T22:04:03.125+0000] {processor.py:743} INFO - Processing file /home/airflow/.local/lib/python3.7/site-packages/airflow/example_dags/example_skip_dag.py for tasks to queue
[2026-09-30T22:04:03.126+0000] {logging_mixin.py:137} INFO - [2026-09-30T22:04:03.125+0000] {dagbag.py:538} INFO - Filling up the DagBag from /home/airflow/.local/lib/python3.7/site-packages/airflow/example_dags/example_skip_dag.py
[2026-09-30T22:04:03.155+0000] {processor.py:753} INFO - DAG(s) dict_keys(['example_skip_dag']) retrieved from /home/airflow/.local/lib/python3.7/site-packages/airflow/example_dags/example_skip_dag.py
[2026-09-30T22:04:03.224+0000] {logging_mixin.py:137} INFO - [2026-09-30T22:04:03.223+0000] {dag.py:2676} INFO - Sync 1 DAGs
[2026-09-30T22:04:03.266+0000] {logging_mixin.py:137} INFO - [2026-09-30T22:04:03.266+0000] {dag.py:3427} INFO - Setting next_dagrun for example_skip_dag to 2026-09-29T22:04:03.266206+00:00, run_after=2026-09-30T22:04:03.266206+00:00
[2026-09-30T22:04:03.288+0000] {processor.py:175} INFO - Processing /home/airflow/.local/lib/python3.7/site-packages/airflow/example_dags/example_skip_dag.py took 0.170 seconds
[2026-09-30T22:04:33.521+0000] {processor.py:153} INFO - Started process (PID=29075) to work on /home/airflow/.local/lib/python3.7/site-packages/airflow/example_dags/example_skip_dag.py
[2026-09-30T22:04:33.523+0000] {processor.py:743} INFO - Processing file /home/airflow/.local/lib/python3.7/site-packages/airflow/example_dags/example_skip_dag.py for tasks to queue
[2026-09-30T22:04:33.523+0000] {logging_mixin.py:137} INFO - [2026-09-30T22:04:33.523+0000] {dagbag.py:538} INFO - Filling up the DagBag from /home/airflow/.local/lib/python3.7/site-packages/airflow/example_dags/example_skip_dag.py
[2026-09-30T22:04:33.549+0000] {processor.py:753} INFO - DAG(s) dict_keys(['example_skip_dag']) retrieved from /home/airflow/.local/lib/python3.7/site-packages/airflow/example_dags/example_skip_dag.py
[2026-09-30T22:04:33.600+0000] {logging_mixin.py:137} INFO - [2026-09-30T22:04:33.600+0000] {dag.py:2676} INFO - Sync 1 DAGs
[2026-09-30T22:04:33.634+0000] {logging_mixin.py:137} INFO - [2026-09-30T22:04:33.634+0000] {dag.py:3427} INFO - Setting next_dagrun for example_skip_dag to 2026-09-29T22:04:33.633706+00:00, run_after=2026-09-30T22:04:33.633706+00:00
[2026-09-30T22:04:33.657+0000] {processor.py:175} INFO - Processing /home/airflow/.local/lib/python3.7/site-packages/airflow/example_dags/example_skip_dag.py took 0.139 seconds
[2026-09-30T22:05:03.706+0000] {processor.py:153} INFO - Started process (PID=29153) to work on /home/airflow/.local/lib/python3.7/site-packages/airflow/example_dags/example_skip_dag.py
[2026-09-30T22:05:03.708+0000] {processor.py:743} INFO - Processing file /home/airflow/.local/lib/python3.7/site-packages/airflow/example_dags/example_skip_dag.py for tasks to queue
[2026-09-30T22:05:03.709+0000] {logging_mixin.py:137} INFO - [2026-09-30T22:05:03.709+0000] {dagbag.py:538} INFO - Filling up the DagBag from /home/airflow/.local/lib/python3.7/site-packages/airflow/example_dags/example_skip_dag.py
[2026-09-30T22:05:03.740+0000] {processor.py:753} INFO - DAG(s) dict_keys(['example_skip_dag']) retrieved from /home/airflow/.local/lib/python3.7/site-packages/airflow/example_dags/example_skip_dag.py
[2026-09-30T22:05:03.812+0000] {logging_mixin.py:137} INFO - [2026-09-30T22:05:03.812+0000] {dag.py:2676} INFO - Sync 1 DAGs
[2026-09-30T22:05:03.865+0000] {logging_mixin.py:137} INFO - [2026-09-30T22:05:03.865+0000] {dag.py:3427} INFO - Setting next_dagrun for example_skip_dag to 2026-09-29T22:05:03.864718+00:00, run_after=2026-09-30T22:05:03.864718+00:00
[2026-09-30T22:05:03.894+0000] {processor.py:175} INFO - Processing /home/airflow/.local/lib/python3.7/site-packages/airflow/example_dags/example_skip_dag.py took 0.194 seconds
[2026-09-30T22:05:34.243+0000] {processor.py:153} INFO - Started process (PID=29233) to work on /home/airflow/.local/lib/python3.7/site-packages/airflow/example_dags/example_skip_dag.py
[2026-09-30T22:05:34.245+0000] {processor.py:743} INFO - Processing file /home/airflow/.local/lib/python3.7/site-packages/airflow/example_dags/example_skip_dag.py for tasks to queue
[2026-09-30T22:05:34.247+0000] {logging_mixin.py:137} INFO - [2026-09-30T22:05:34.247+0000] {dagbag.py:538} INFO - Filling up the DagBag from /home/airflow/.local/lib/python3.7/site-packages/airflow/example_dags/example_skip_dag.py
[2026-09-30T22:05:34.279+0000] {processor.py:753} INFO - DAG(s) dict_keys(['example_skip_dag']) retrieved from /home/airflow/.local/lib/python3.7/site-packages/airflow/example_dags/example_skip_dag.py
[2026-09-30T22:05:34.345+0000] {logging_mixin.py:137} INFO - [2026-09-30T22:05:34.345+0000] {dag.py:2676} INFO - Sync 1 DAGs
[2026-09-30T22:05:34.394+0000] {logging_mixin.py:137} INFO - [2026-09-30T22:05:34.394+0000] {dag.py:3427} INFO - Setting next_dagrun for example_skip_dag to 2026-09-29T22:05:34.393835+00:00, run_after=2026-09-30T22:05:34.393835+00:00
[2026-09-30T22:05:34.428+0000] {processor.py:175} INFO - Processing /home/airflow/.local/lib/python3.7/site-packages/airflow/example_dags/example_skip_dag.py took 0.192 seconds
[2026-09-30T22:06:04.688+0000] {processor.py:153} INFO - Started process (PID=29332) to work on /home/airflow/.local/lib/python3.7/site-packages/airflow/example_dags/example_skip_dag.py
[2026-09-30T22:06:04.689+0000] {processor.py:743} INFO - Processing file /home/airflow/.local/lib/python3.7/site-packages/airflow/example_dags/example_skip_dag.py for tasks to queue
[2026-09-30T22:06:04.690+0000] {logging_mixin.py:137} INFO - [2026-09-30T22:06:04.690+0000] {dagbag.py:538} INFO - Filling up the DagBag from /home/airflow/.local/lib/python3.7/site-packages/airflow/example_dags/example_skip_dag.py
[2026-09-30T22:06:04.709+0000] {processor.py:753} INFO - DAG(s) dict_keys(['example_skip_dag']) retrieved from /home/airflow/.local/lib/python3.7/site-packages/airflow/example_dags/example_skip_dag.py
[2026-09-30T22:06:04.755+0000] {logging_mixin.py:137} INFO - [2026-09-30T22:06:04.754+0000] {dag.py:2676} INFO - Sync 1 DAGs
[2026-09-30T22:06:04.793+0000] {logging_mixin.py:137} INFO - [2026-09-30T22:06:04.793+0000] {dag.py:3427} INFO - Setting next_dagrun for example_skip_dag to 2026-09-29T22:06:04.792838+00:00, run_after=2026-09-30T22:06:04.792838+00:00
[2026-09-30T22:06:04.814+0000] {processor.py:175} INFO - Processing /home/airflow/.local/lib/python3.7/site-packages/airflow/example_dags/example_skip_dag.py took 0.129 seconds
[2026-09-30T22:06:35.510+0000] {processor.py:153} INFO - Started process (PID=29411) to work on /home/airflow/.local/lib/python3.7/site-packages/airflow/example_dags/example_skip_dag.py
[2026-09-30T22:06:35.511+0000] {processor.py:743} INFO - Processing file /home/airflow/.local/lib/python3.7/site-packages/airflow/example_dags/example_skip_dag.py for tasks to queue
[2026-09-30T22:06:35.512+0000] {logging_mixin.py:137} INFO - [2026-09-30T22:06:35.512+0000] {dagbag.py:538} INFO - Filling up the DagBag from /home/airflow/.local/lib/python3.7/site-packages/airflow/example_dags/example_skip_dag.py
[2026-09-30T22:06:35.531+0000] {processor.py:753} INFO - DAG(s) dict_keys(['example_skip_dag']) retrieved from /home/airflow/.local/lib/python3.7/site-packages/airflow/example_dags/example_skip_dag.py
[2026-09-30T22:06:35.581+0000] {logging_mixin.py:137} INFO - [2026-09-30T22:06:35.581+0000] {dag.py:2676} INFO - Sync 1 DAGs
[2026-09-30T22:06:35.625+0000] {logging_mixin.py:137} INFO - [2026-09-30T22:06:35.625+0000] {dag.py:3427} INFO - Setting next_dagrun for example_skip_dag to 2026-09-29T22:06:35.624535+00:00, run_after=2026-09-30T22:06:35.624535+00:00
[2026-09-30T22:06:35.659+0000] {processor.py:175} INFO - Processing /home/airflow/.local/lib/python3.7/site-packages/airflow/example_dags/example_skip_dag.py took 0.152 seconds
[2026-09-30T22:07:05.771+0000] {processor.py:153} INFO - Started process (PID=29490) to work on /home/airflow/.local/lib/python3.7/site-packages/airflow/example_dags/example_skip_dag.py
[2026-09-30T22:07:05.772+0000] {processor.py:743} INFO - Processing file /home/airflow/.local/lib/python3.7/site-packages/airflow/example_dags/example_skip_dag.py for tasks to queue
[2026-09-30T22:07:05.774+0000] {logging_mixin.py:137} INFO - [2026-09-30T22:07:05.773+0000] {dagbag.py:538} INFO - Filling up the DagBag from /home/airflow/.local/lib/python3.7/site-packages/airflow/example_dags/example_skip_dag.py
[2026-09-30T22:07:05.803+0000] {processor.py:753} INFO - DAG(s) dict_keys(['example_skip_dag']) retrieved from /home/airflow/.local/lib/python3.7/site-packages/airflow/example_dags/example_skip_dag.py
[2026-09-30T22:07:05.867+0000] {logging_mixin.py:137} INFO - [2026-09-30T22:07:05.867+0000] {dag.py:2676} INFO - Sync 1 DAGs
[2026-09-30T22:07:05.903+0000] {logging_mixin.py:137} INFO - [2026-09-30T22:07:05.903+0000] {dag.py:3427} INFO - Setting next_dagrun for example_skip_dag to 2026-09-29T22:07:05.902789+00:00, run_after=2026-09-30T22:07:05.902789+00:00
[2026-09-30T22:07:05.934+0000] {processor.py:175} INFO - Processing /home/airflow/.local/lib/python3.7/site-packages/airflow/example_dags/example_skip_dag.py took 0.170 seconds
[2026-09-30T22:07:36.339+0000] {processor.py:153} INFO - Started process (PID=29576) to work on /home/airflow/.local/lib/python3.7/site-packages/airflow/example_dags/example_skip_dag.py
[2026-09-30T22:07:36.340+0000] {processor.py:743} INFO - Processing file /home/airflow/.local/lib/python3.7/site-packages/airflow/example_dags/example_skip_dag.py for tasks to queue
[2026-09-30T22:07:36.341+0000] {logging_mixin.py:137} INFO - [2026-09-30T22:07:36.341+0000] {dagbag.py:538} INFO - Filling up the DagBag from /home/airflow/.local/lib/python3.7/site-packages/airflow/example_dags/example_skip_dag.py
[2026-09-30T22:07:36.361+0000] {processor.py:753} INFO - DAG(s) dict_keys(['example_skip_dag']) retrieved from /home/airflow/.local/lib/python3.7/site-packages/airflow/example_dags/example_skip_dag.py
[2026-09-30T22:07:36.417+0000] {logging_mixin.py:137} INFO - [2026-09-30T22:07:36.416+0000] {dag.py:2676} INFO - Sync 1 DAGs
[2026-09-30T22:07:36.461+0000] {logging_mixin.py:137} INFO - [2026-09-30T22:07:36.461+0000] {dag.py:3427} INFO - Setting next_dagrun for example_skip_dag to 2026-09-29T22:07:36.461216+00:00, run_after=2026-09-30T22:07:36.461216+00:00
[2026-09-30T22:07:36.488+0000] {processor.py:175} INFO - Processing /home/airflow/.local/lib/python3.7/site-packages/airflow/example_dags/example_skip_dag.py took 0.154 seconds
[2026-09-30T22:08:07.134+0000] {processor.py:153} INFO - Started process (PID=29668) to work on /home/airflow/.local/lib/python3.7/site-packages/airflow/example_dags/example_skip_dag.py
[2026-09-30T22:08:07.134+0000] {processor.py:743} INFO - Processing file /home/airflow/.local/lib/python3.7/site-packages/airflow/example_dags/example_skip_dag.py for tasks to queue
[2026-09-30T22:08:07.135+0000] {logging_mixin.py:137} INFO - [2026-09-30T22:08:07.135+0000] {dagbag.py:538} INFO - Filling up the DagBag from /home/airflow/.local/lib/python3.7/site-packages/airflow/example_dags/example_skip_dag.py
[2026-09-30T22:08:07.155+0000] {processor.py:753} INFO - DAG(s) dict_keys(['example_skip_dag']) retrieved from /home/airflow/.local/lib/python3.7/site-packages/airflow/example_dags/example_skip_dag.py
[2026-09-30T22:08:07.202+0000] {logging_mixin.py:137} INFO - [2026-09-30T22:08:07.202+0000] {dag.py:2676} INFO - Sync 1 DAGs
[2026-09-30T22:08:07.235+0000] {logging_mixin.py:137} INFO - [2026-09-30T22:08:07.235+0000] {dag.py:3427} INFO - Setting next_dagrun for example_skip_dag to 2026-09-29T22:08:07.235095+00:00, run_after=2026-09-30T22:08:07.235095+00:00
[2026-09-30T22:08:07.257+0000] {processor.py:175} INFO - Processing /home/airflow/.local/lib/python3.7/site-packages/airflow/example_dags/example_skip_dag.py took 0.127 seconds
[2026-09-30T22:08:38.117+0000] {processor.py:153} INFO - Started process (PID=29747) to work on /home/airflow/.local/lib/python3.7/site-packages/airflow/example_dags/example_skip_dag.py
[2026-09-30T22:08:38.118+0000] {processor.py:743} INFO - Processing file /home/airflow/.local/lib/python3.7/site-packages/airflow/example_dags/example_skip_dag.py for tasks to queue
[2026-09-30T22:08:38.120+0000] {logging_mixin.py:137} INFO - [2026-09-30T22:08:38.119+0000] {dagbag.py:538} INFO - Filling up the DagBag from /home/airflow/.local/lib/python3.7/site-packages/airflow/example_dags/example_skip_dag.py
[2026-09-30T22:08:38.150+0000] {processor.py:753} INFO - DAG(s) dict_keys(['example_skip_dag']) retrieved from /home/airflow/.local/lib/python3.7/site-packages/airflow/example_dags/example_skip_dag.py
[2026-09-30T22:08:38.222+0000] {logging_mixin.py:137} INFO - [2026-09-30T22:08:38.222+0000] {dag.py:2676} INFO - Sync 1 DAGs
[2026-09-30T22:08:38.277+0000] {logging_mixin.py:137} INFO - [2026-09-30T22:08:38.277+0000] {dag.py:3427} INFO - Setting next_dagrun for example_skip_dag to 2026-09-29T22:08:38.276980+00:00, run_after=2026-09-30T22:08:38.276980+00:00
[2026-09-30T22:08:38.313+0000] {processor.py:175} INFO - Processing /home/airflow/.local/lib/python3.7/site-packages/airflow/example_dags/example_skip_dag.py took 0.202 seconds
[2026-09-30T22:09:08.814+0000] {processor.py:153} INFO - Started process (PID=29826) to work on /home/airflow/.local/lib/python3.7/site-packages/airflow/example_dags/example_skip_dag.py
[2026-09-30T22:09:08.815+0000] {processor.py:743} INFO - Processing file /home/airflow/.local/lib/python3.7/site-packages/airflow/example_dags/example_skip_dag.py for tasks to queue
[2026-09-30T22:09:08.816+0000] {logging_mixin.py:137} INFO - [2026-09-30T22:09:08.816+0000] {dagbag.py:538} INFO - Filling up the DagBag from /home/airflow/.local/lib/python3.7/site-packages/airflow/example_dags/example_skip_dag.py
[2026-09-30T22:09:08.837+0000] {processor.py:753} INFO - DAG(s) dict_keys(['example_skip_dag']) retrieved from /home/airflow/.local/lib/python3.7/site-packages/airflow/example_dags/example_skip_dag.py
[2026-09-30T22:09:08.885+0000] {logging_mixin.py:137} INFO - [2026-09-30T22:09:08.885+0000] {dag.py:2676} INFO - Sync 1 DAGs
[2026-09-30T22:09:08.920+0000] {logging_mixin.py:137} INFO - [2026-09-30T22:09:08.920+0000] {dag.py:3427} INFO - Setting next_dagrun for example_skip_dag to 2026-09-29T22:09:08.919762+00:00, run_after=2026-09-30T22:09:08.919762+00:00
[2026-09-30T22:09:08.947+0000] {processor.py:175} INFO - Processing /home/airflow/.local/lib/python3.7/site-packages/airflow/example_dags/example_skip_dag.py took 0.137 seconds
[2026-09-30T22:09:39.644+0000] {processor.py:153} INFO - Started process (PID=29925) to work on /home/airflow/.local/lib/python3.7/site-packages/airflow/example_dags/example_skip_dag.py
[2026-09-30T22:09:39.646+0000] {processor.py:743} INFO - Processing file /home/airflow/.local/lib/python3.7/site-packages/airflow/example_dags/example_skip_dag.py for tasks to queue
[2026-09-30T22:09:39.648+0000] {logging_mixin.py:137} INFO - [2026-09-30T22:09:39.648+0000] {dagbag.py:538} INFO - Filling up the DagBag from /home/airflow/.local/lib/python3.7/site-packages/airflow/example_dags/example_skip_dag.py
[2026-09-30T22:09:39.677+0000] {processor.py:753} INFO - DAG(s) dict_keys(['example_skip_dag']) retrieved from /home/airflow/.local/lib/python3.7/site-packages/airflow/example_dags/example_skip_dag.py
[2026-09-30T22:09:39.739+0000] {logging_mixin.py:137} INFO - [2026-09-30T22:09:39.738+0000] {dag.py:2676} INFO - Sync 1 DAGs
[2026-09-30T22:09:39.776+0000] {logging_mixin.py:137} INFO - [2026-09-30T22:09:39.776+0000] {dag.py:3427} INFO - Setting next_dagrun for example_skip_dag to 2026-09-29T22:09:39.775710+00:00, run_after=2026-09-30T22:09:39.775710+00:00
[2026-09-30T22:09:39.809+0000] {processor.py:175} INFO - Processing /home/airflow/.local/lib/python3.7/site-packages/airflow/example_dags/example_skip_dag.py took 0.172 seconds
[2026-09-30T22:10:09.926+0000] {processor.py:153} INFO - Started process (PID=30004) to work on /home/airflow/.local/lib/python3.7/site-packages/airflow/example_dags/example_skip_dag.py
[2026-09-30T22:10:09.927+0000] {processor.py:743} INFO - Processing file /home/airflow/.local/lib/python3.7/site-packages/airflow/example_dags/example_skip_dag.py for tasks to queue
[2026-09-30T22:10:09.928+0000] {logging_mixin.py:137} INFO - [2026-09-30T22:10:09.928+0000] {dagbag.py:538} INFO - Filling up the DagBag from /home/airflow/.local/lib/python3.7/site-packages/airflow/example_dags/example_skip_dag.py
[2026-09-30T22:10:09.948+0000] {processor.py:753} INFO - DAG(s) dict_keys(['example_skip_dag']) retrieved from /home/airflow/.local/lib/python3.7/site-packages/airflow/example_dags/example_skip_dag.py
[2026-09-30T22:10:09.994+0000] {logging_mixin.py:137} INFO - [2026-09-30T22:10:09.994+0000] {dag.py:2676} INFO - Sync 1 DAGs
[2026-09-30T22:10:10.037+0000] {logging_mixin.py:137} INFO - [2026-09-30T22:10:10.036+0000] {dag.py:3427} INFO - Setting next_dagrun for example_skip_dag to 2026-09-29T22:10:10.036666+00:00, run_after=2026-09-30T22:10:10.036666+00:00
[2026-09-30T22:10:10.059+0000] {processor.py:175} INFO - Processing /home/airflow/.local/lib/python3.7/site-packages/airflow/example_dags/example_skip_dag.py took 0.138 seconds
[2026-09-30T22:10:40.446+0000] {processor.py:153} INFO - Started process (PID=30083) to work on /home/airflow/.local/lib/python3.7/site-packages/airflow/example_dags/example_skip_dag.py
[2026-09-30T22:10:40.447+0000] {processor.py:743} INFO - Processing file /home/airflow/.local/lib/python3.7/site-packages/airflow/example_dags/example_skip_dag.py for tasks to queue
[2026-09-30T22:10:40.448+0000] {logging_mixin.py:137} INFO - [2026-09-30T22:10:40.448+0000] {dagbag.py:538} INFO - Filling up the DagBag from /home/airflow/.local/lib/python3.7/site-packages/airflow/example_dags/example_skip_dag.py
[2026-09-30T22:10:40.471+0000] {processor.py:753} INFO - DAG(s) dict_keys(['example_skip_dag']) retrieved from /home/airflow/.local/lib/python3.7/site-packages/airflow/example_dags/example_skip_dag.py
[2026-09-30T22:10:40.529+0000] {logging_mixin.py:137} INFO - [2026-09-30T22:10:40.529+0000] {dag.py:2676} INFO - Sync 1 DAGs
[2026-09-30T22:10:40.574+0000] {logging_mixin.py:137} INFO - [2026-09-30T22:10:40.574+0000] {dag.py:3427} INFO - Setting next_dagrun for example_skip_dag to 2026-09-29T22:10:40.573981+00:00, run_after=2026-09-30T22:10:40.573981+00:00
[2026-09-30T22:10:40.604+0000] {processor.py:175} INFO - Processing /home/airflow/.local/lib/python3.7/site-packages/airflow/example_dags/example_skip_dag.py took 0.163 seconds
[2026-09-30T22:11:11.411+0000] {processor.py:153} INFO - Started process (PID=30196) to work on /home/airflow/.local/lib/python3.7/site-packages/airflow/example_dags/example_skip_dag.py
[2026-09-30T22:11:11.412+0000] {processor.py:743} INFO - Processing file /home/airflow/.local/lib/python3.7/site-packages/airflow/example_dags/example_skip_dag.py for tasks to queue
[2026-09-30T22:11:11.413+0000] {logging_mixin.py:137} INFO - [2026-09-30T22:11:11.413+0000] {dagbag.py:538} INFO - Filling up the DagBag from /home/airflow/.local/lib/python3.7/site-packages/airflow/example_dags/example_skip_dag.py
[2026-09-30T22:11:11.437+0000] {processor.py:753} INFO - DAG(s) dict_keys(['example_skip_dag']) retrieved from /home/airflow/.local/lib/python3.7/site-packages/airflow/example_dags/example_skip_dag.py
[2026-09-30T22:11:11.493+0000] {logging_mixin.py:137} INFO - [2026-09-30T22:11:11.493+0000] {dag.py:2676} INFO - Sync 1 DAGs
[2026-09-30T22:11:11.528+0000] {logging_mixin.py:137} INFO - [2026-09-30T22:11:11.528+0000] {dag.py:3427} INFO - Setting next_dagrun for example_skip_dag to 2026-09-29T22:11:11.527822+00:00, run_after=2026-09-30T22:11:11.527822+00:00
[2026-09-30T22:11:11.568+0000] {processor.py:175} INFO - Processing /home/airflow/.local/lib/python3.7/site-packages/airflow/example_dags/example_skip_dag.py took 0.162 seconds
[2026-09-30T22:11:42.247+0000] {processor.py:153} INFO - Started process (PID=30382) to work on /home/airflow/.local/lib/python3.7/site-packages/airflow/example_dags/example_skip_dag.py
[2026-09-30T22:11:42.248+0000] {processor.py:743} INFO - Processing file /home/airflow/.local/lib/python3.7/site-packages/airflow/example_dags/example_skip_dag.py for tasks to queue
[2026-09-30T22:11:42.249+0000] {logging_mixin.py:137} INFO - [2026-09-30T22:11:42.249+0000] {dagbag.py:538} INFO - Filling up the DagBag from /home/airflow/.local/lib/python3.7/site-packages/airflow/example_dags/example_skip_dag.py
[2026-09-30T22:11:42.278+0000] {processor.py:753} INFO - DAG(s) dict_keys(['example_skip_dag']) retrieved from /home/airflow/.local/lib/python3.7/site-packages/airflow/example_dags/example_skip_dag.py
[2026-09-30T22:11:42.340+0000] {logging_mixin.py:137} INFO - [2026-09-30T22:11:42.340+0000] {dag.py:2676} INFO - Sync 1 DAGs
[2026-09-30T22:11:42.386+0000] {logging_mixin.py:137} INFO - [2026-09-30T22:11:42.386+0000] {dag.py:3427} INFO - Setting next_dagrun for example_skip_dag to 2026-09-29T22:11:42.385677+00:00, run_after=2026-09-30T22:11:42.385677+00:00
[2026-09-30T22:11:42.421+0000] {processor.py:175} INFO - Processing /home/airflow/.local/lib/python3.7/site-packages/airflow/example_dags/example_skip_dag.py took 0.179 seconds
[2026-09-30T22:12:12.635+0000] {processor.py:153} INFO - Started process (PID=30555) to work on /home/airflow/.local/lib/python3.7/site-packages/airflow/example_dags/example_skip_dag.py
[2026-09-30T22:12:12.636+0000] {processor.py:743} INFO - Processing file /home/airflow/.local/lib/python3.7/site-packages/airflow/example_dags/example_skip_dag.py for tasks to queue
[2026-09-30T22:12:12.636+0000] {logging_mixin.py:137} INFO - [2026-09-30T22:12:12.636+0000] {dagbag.py:538} INFO - Filling up the DagBag from /home/airflow/.local/lib/python3.7/site-packages/airflow/example_dags/example_skip_dag.py
[2026-09-30T22:12:12.655+0000] {processor.py:753} INFO - DAG(s) dict_keys(['example_skip_dag']) retrieved from /home/airflow/.local/lib/python3.7/site-packages/airflow/example_dags/example_skip_dag.py
[2026-09-30T22:12:12.694+0000] {logging_mixin.py:137} INFO - [2026-09-30T22:12:12.694+0000] {dag.py:2676} INFO - Sync 1 DAGs
[2026-09-30T22:12:12.722+0000] {logging_mixin.py:137} INFO - [2026-09-30T22:12:12.721+0000] {dag.py:3427} INFO - Setting next_dagrun for example_skip_dag to 2026-09-29T22:12:12.721515+00:00, run_after=2026-09-30T22:12:12.721515+00:00
[2026-09-30T22:12:12.738+0000] {processor.py:175} INFO - Processing /home/airflow/.local/lib/python3.7/site-packages/airflow/example_dags/example_skip_dag.py took 0.106 seconds
[2026-09-30T22:12:43.186+0000] {processor.py:153} INFO - Started process (PID=30759) to work on /home/airflow/.local/lib/python3.7/site-packages/airflow/example_dags/example_skip_dag.py
[2026-09-30T22:12:43.188+0000] {processor.py:743} INFO - Processing file /home/airflow/.local/lib/python3.7/site-packages/airflow/example_dags/example_skip_dag.py for tasks to queue
[2026-09-30T22:12:43.189+0000] {logging_mixin.py:137} INFO - [2026-09-30T22:12:43.189+0000] {dagbag.py:538} INFO - Filling up the DagBag from /home/airflow/.local/lib/python3.7/site-packages/airflow/example_dags/example_skip_dag.py
[2026-09-30T22:12:43.219+0000] {processor.py:753} INFO - DAG(s) dict_keys(['example_skip_dag']) retrieved from /home/airflow/.local/lib/python3.7/site-packages/airflow/example_dags/example_skip_dag.py
[2026-09-30T22:12:43.284+0000] {logging_mixin.py:137} INFO - [2026-09-30T22:12:43.284+0000] {dag.py:2676} INFO - Sync 1 DAGs
[2026-09-30T22:12:43.326+0000] {logging_mixin.py:137} INFO - [2026-09-30T22:12:43.326+0000] {dag.py:3427} INFO - Setting next_dagrun for example_skip_dag to 2026-09-29T22:12:43.326362+00:00, run_after=2026-09-30T22:12:43.326362+00:00
[2026-09-30T22:12:43.356+0000] {processor.py:175} INFO - Processing /home/airflow/.local/lib/python3.7/site-packages/airflow/example_dags/example_skip_dag.py took 0.178 seconds
[2026-09-30T22:13:14.052+0000] {processor.py:153} INFO - Started process (PID=30939) to work on /home/airflow/.local/lib/python3.7/site-packages/airflow/example_dags/example_skip_dag.py
[2026-09-30T22:13:14.054+0000] {processor.py:743} INFO - Processing file /home/airflow/.local/lib/python3.7/site-packages/airflow/example_dags/example_skip_dag.py for tasks to queue
[2026-09-30T22:13:14.056+0000] {logging_mixin.py:137} INFO - [2026-09-30T22:13:14.056+0000] {dagbag.py:538} INFO - Filling up the DagBag from /home/airflow/.local/lib/python3.7/site-packages/airflow/example_dags/example_skip_dag.py
[2026-09-30T22:13:14.088+0000] {processor.py:753} INFO - DAG(s) dict_keys(['example_skip_dag']) retrieved from /home/airflow/.local/lib/python3.7/site-packages/airflow/example_dags/example_skip_dag.py
[2026-09-30T22:13:14.188+0000] {logging_mixin.py:137} INFO - [2026-09-30T22:13:14.187+0000] {dag.py:2676} INFO - Sync 1 DAGs
[2026-09-30T22:13:14.246+0000] {logging_mixin.py:137} INFO - [2026-09-30T22:13:14.245+0000] {dag.py:3427} INFO - Setting next_dagrun for example_skip_dag to 2026-09-29T22:13:14.245374+00:00, run_after=2026-09-30T22:13:14.245374+00:00
[2026-09-30T22:13:14.290+0000] {processor.py:175} INFO - Processing /home/airflow/.local/lib/python3.7/site-packages/airflow/example_dags/example_skip_dag.py took 0.246 seconds
[2026-09-30T22:13:44.989+0000] {processor.py:153} INFO - Started process (PID=31128) to work on /home/airflow/.local/lib/python3.7/site-packages/airflow/example_dags/example_skip_dag.py
[2026-09-30T22:13:44.990+0000] {processor.py:743} INFO - Processing file /home/airflow/.local/lib/python3.7/site-packages/airflow/example_dags/example_skip_dag.py for tasks to queue
[2026-09-30T22:13:44.991+0000] {logging_mixin.py:137} INFO - [2026-09-30T22:13:44.991+0000] {dagbag.py:538} INFO - Filling up the DagBag from /home/airflow/.local/lib/python3.7/site-packages/airflow/example_dags/example_skip_dag.py
[2026-09-30T22:13:45.023+0000] {processor.py:753} INFO - DAG(s) dict_keys(['example_skip_dag']) retrieved from /home/airflow/.local/lib/python3.7/site-packages/airflow/example_dags/example_skip_dag.py
[2026-09-30T22:13:45.083+0000] {logging_mixin.py:137} INFO - [2026-09-30T22:13:45.082+0000] {dag.py:2676} INFO - Sync 1 DAGs
[2026-09-30T22:13:45.139+0000] {logging_mixin.py:137} INFO - [2026-09-30T22:13:45.139+0000] {dag.py:3427} INFO - Setting next_dagrun for example_skip_dag to 2026-09-29T22:13:45.139192+00:00, run_after=2026-09-30T22:13:45.139192+00:00
[2026-09-30T22:13:45.180+0000] {processor.py:175} INFO - Processing /home/airflow/.local/lib/python3.7/site-packages/airflow/example_dags/example_skip_dag.py took 0.198 seconds
[2026-09-30T22:14:15.391+0000] {processor.py:153} INFO - Started process (PID=31287) to work on /home/airflow/.local/lib/python3.7/site-packages/airflow/example_dags/example_skip_dag.py
[2026-09-30T22:14:15.392+0000] {processor.py:743} INFO - Processing file /home/airflow/.local/lib/python3.7/site-packages/airflow/example_dags/example_skip_dag.py for tasks to queue
[2026-09-30T22:14:15.393+0000] {logging_mixin.py:137} INFO - [2026-09-30T22:14:15.393+0000] {dagbag.py:538} INFO - Filling up the DagBag from /home/airflow/.local/lib/python3.7/site-packages/airflow/example_dags/example_skip_dag.py
[2026-09-30T22:14:15.424+0000] {processor.py:753} INFO - DAG(s) dict_keys(['example_skip_dag']) retrieved from /home/airflow/.local/lib/python3.7/site-packages/airflow/example_dags/example_skip_dag.py
[2026-09-30T22:14:15.484+0000] {logging_mixin.py:137} INFO - [2026-09-30T22:14:15.484+0000] {dag.py:2676} INFO - Sync 1 DAGs
[2026-09-30T22:14:15.517+0000] {logging_mixin.py:137} INFO - [2026-09-30T22:14:15.517+0000] {dag.py:3427} INFO - Setting next_dagrun for example_skip_dag to 2026-09-29T22:14:15.516782+00:00, run_after=2026-09-30T22:14:15.516782+00:00
[2026-09-30T22:14:15.537+0000] {processor.py:175} INFO - Processing /home/airflow/.local/lib/python3.7/site-packages/airflow/example_dags/example_skip_dag.py took 0.153 seconds
[2026-09-30T22:14:45.651+0000] {processor.py:153} INFO - Started process (PID=31366) to work on /home/airflow/.local/lib/python3.7/site-packages/airflow/example_dags/example_skip_dag.py
[2026-09-30T22:14:45.653+0000] {processor.py:743} INFO - Processing file /home/airflow/.local/lib/python3.7/site-packages/airflow/example_dags/example_skip_dag.py for tasks to queue
[2026-09-30T22:14:45.654+0000] {logging_mixin.py:137} INFO - [2026-09-30T22:14:45.654+0000] {dagbag.py:538} INFO - Filling up the DagBag from /home/airflow/.local/lib/python3.7/site-packages/airflow/example_dags/example_skip_dag.py
[2026-09-30T22:14:45.685+0000] {processor.py:753} INFO - DAG(s) dict_keys(['example_skip_dag']) retrieved from /home/airflow/.local/lib/python3.7/site-packages/airflow/example_dags/example_skip_dag.py
[2026-09-30T22:14:45.739+0000] {logging_mixin.py:137} INFO - [2026-09-30T22:14:45.739+0000] {dag.py:2676} INFO - Sync 1 DAGs
[2026-09-30T22:14:45.775+0000] {logging_mixin.py:137} INFO - [2026-09-30T22:14:45.775+0000] {dag.py:3427} INFO - Setting next_dagrun for example_skip_dag to 2026-09-29T22:14:45.775104+00:00, run_after=2026-09-30T22:14:45.775104+00:00
[2026-09-30T22:14:45.796+0000] {processor.py:175} INFO - Processing /home/airflow/.local/lib/python3.7/site-packages/airflow/example_dags/example_skip_dag.py took 0.151 seconds
[2026-09-30T22:15:15.934+0000] {processor.py:153} INFO - Started process (PID=31465) to work on /home/airflow/.local/lib/python3.7/site-packages/airflow/example_dags/example_skip_dag.py
[2026-09-30T22:15:15.935+0000] {processor.py:743} INFO - Processing file /home/airflow/.local/lib/python3.7/site-packages/airflow/example_dags/example_skip_dag.py for tasks to queue
[2026-09-30T22:15:15.936+0000] {logging_mixin.py:137} INFO - [2026-09-30T22:15:15.936+0000] {dagbag.py:538} INFO - Filling up the DagBag from /home/airflow/.local/lib/python3.7/site-packages/airflow/example_dags/example_skip_dag.py
[2026-09-30T22:15:15.956+0000] {processor.py:753} INFO - DAG(s) dict_keys(['example_skip_dag']) retrieved from /home/airflow/.local/lib/python3.7/site-packages/airflow/example_dags/example_skip_dag.py
[2026-09-30T22:15:16.009+0000] {logging_mixin.py:137} INFO - [2026-09-30T22:15:16.009+0000] {dag.py:2676} INFO - Sync 1 DAGs
[2026-09-30T22:15:16.046+0000] {logging_mixin.py:137} INFO - [2026-09-30T22:15:16.045+0000] {dag.py:3427} INFO - Setting next_dagrun for example_skip_dag to 2026-09-29T22:15:16.045616+00:00, run_after=2026-09-30T22:15:16.045616+00:00
[2026-09-30T22:15:16.069+0000] {processor.py:175} INFO - Processing /home/airflow/.local/lib/python3.7/site-packages/airflow/example_dags/example_skip_dag.py took 0.139 seconds
[2026-09-30T22:15:46.366+0000] {processor.py:153} INFO - Started process (PID=31545) to work on /home/airflow/.local/lib/python3.7/site-packages/airflow/example_dags/example_skip_dag.py
[2026-09-30T22:15:46.367+0000] {processor.py:743} INFO - Processing file /home/airflow/.local/lib/python3.7/site-packages/airflow/example_dags/example_skip_dag.py for tasks to queue
[2026-09-30T22:15:46.368+0000] {logging_mixin.py:137} INFO - [2026-09-30T22:15:46.368+0000] {dagbag.py:538} INFO - Filling up the DagBag from /home/airflow/.local/lib/python3.7/site-packages/airflow/example_dags/example_skip_dag.py
[2026-09-30T22:15:46.398+0000] {processor.py:753} INFO - DAG(s) dict_keys(['example_skip_dag']) retrieved from /home/airflow/.local/lib/python3.7/site-packages/airflow/example_dags/example_skip_dag.py
[2026-09-30T22:15:46.452+0000] {logging_mixin.py:137} INFO - [2026-09-30T22:15:46.451+0000] {dag.py:2676} INFO - Sync 1 DAGs
[2026-09-30T22:15:46.489+0000] {logging_mixin.py:137} INFO - [2026-09-30T22:15:46.489+0000] {dag.py:3427} INFO - Setting next_dagrun for example_skip_dag to 2026-09-29T22:15:46.488945+00:00, run_after=2026-09-30T22:15:46.488945+00:00
[2026-09-30T22:15:46.521+0000] {processor.py:175} INFO - Processing /home/airflow/.local/lib/python3.7/site-packages/airflow/example_dags/example_skip_dag.py took 0.159 seconds
[2026-09-30T22:16:16.691+0000] {processor.py:153} INFO - Started process (PID=31624) to work on /home/airflow/.local/lib/python3.7/site-packages/airflow/example_dags/example_skip_dag.py
[2026-09-30T22:16:16.693+0000] {processor.py:743} INFO - Processing file /home/airflow/.local/lib/python3.7/site-packages/airflow/example_dags/example_skip_dag.py for tasks to queue
[2026-09-30T22:16:16.694+0000] {logging_mixin.py:137} INFO - [2026-09-30T22:16:16.694+0000] {dagbag.py:538} INFO - Filling up the DagBag from /home/airflow/.local/lib/python3.7/site-packages/airflow/example_dags/example_skip_dag.py
[2026-09-30T22:16:16.725+0000] {processor.py:753} INFO - DAG(s) dict_keys(['example_skip_dag']) retrieved from /home/airflow/.local/lib/python3.7/site-packages/airflow/example_dags/example_skip_dag.py
[2026-09-30T22:16:16.791+0000] {logging_mixin.py:137} INFO - [2026-09-30T22:16:16.791+0000] {dag.py:2676} INFO - Sync 1 DAGs
[2026-09-30T22:16:16.827+0000] {logging_mixin.py:137} INFO - [2026-09-30T22:16:16.827+0000] {dag.py:3427} INFO - Setting next_dagrun for example_skip_dag to 2026-09-29T22:16:16.826845+00:00, run_after=2026-09-30T22:16:16.826845+00:00
[2026-09-30T22:16:16.847+0000] {processor.py:175} INFO - Processing /home/airflow/.local/lib/python3.7/site-packages/airflow/example_dags/example_skip_dag.py took 0.162 seconds
[2026-09-30T22:16:47.100+0000] {processor.py:153} INFO - Started process (PID=31703) to work on /home/airflow/.local/lib/python3.7/site-packages/airflow/example_dags/example_skip_dag.py
[2026-09-30T22:16:47.101+0000] {processor.py:743} INFO - Processing file /home/airflow/.local/lib/python3.7/site-packages/airflow/example_dags/example_skip_dag.py for tasks to queue
[2026-09-30T22:16:47.102+0000] {logging_mixin.py:137} INFO - [2026-09-30T22:16:47.102+0000] {dagbag.py:538} INFO - Filling up the DagBag from /home/airflow/.local/lib/python3.7/site-packages/airflow/example_dags/example_skip_dag.py
[2026-09-30T22:16:47.122+0000] {processor.py:753} INFO - DAG(s) dict_keys(['example_skip_dag']) retrieved from /home/airflow/.local/lib/python3.7/site-packages/airflow/example_dags/example_skip_dag.py
[2026-09-30T22:16:47.171+0000] {logging_mixin.py:137} INFO - [2026-09-30T22:16:47.171+0000] {dag.py:2676} INFO - Sync 1 DAGs
[2026-09-30T22:16:47.207+0000] {logging_mixin.py:137} INFO - [2026-09-30T22:16:47.207+0000] {dag.py:3427} INFO - Setting next_dagrun for example_skip_dag to 2026-09-29T22:16:47.207221+00:00, run_after=2026-09-30T22:16:47.207221+00:00
[2026-09-30T22:16:47.234+0000] {processor.py:175} INFO - Processing /home/airflow/.local/lib/python3.7/site-packages/airflow/example_dags/example_skip_dag.py took 0.138 seconds
[2026-09-30T22:17:18.224+0000] {processor.py:153} INFO - Started process (PID=31802) to work on /home/airflow/.local/lib/python3.7/site-packages/airflow/example_dags/example_skip_dag.py
[2026-09-30T22:17:18.225+0000] {processor.py:743} INFO - Processing file /home/airflow/.local/lib/python3.7/site-packages/airflow/example_dags/example_skip_dag.py for tasks to queue
[2026-09-30T22:17:18.226+0000] {logging_mixin.py:137} INFO - [2026-09-30T22:17:18.226+0000] {dagbag.py:538} INFO - Filling up the DagBag from /home/airflow/.local/lib/python3.7/site-packages/airflow/example_dags/example_skip_dag.py
[2026-09-30T22:17:18.249+0000] {processor.py:753} INFO - DAG(s) dict_keys(['example_skip_dag']) retrieved from /home/airflow/.local/lib/python3.7/site-packages/airflow/example_dags/example_skip_dag.py
[2026-09-30T22:17:18.298+0000] {logging_mixin.py:137} INFO - [2026-09-30T22:17:18.298+0000] {dag.py:2676} INFO - Sync 1 DAGs
[2026-09-30T22:17:18.336+0000] {logging_mixin.py:137} INFO - [2026-09-30T22:17:18.335+0000] {dag.py:3427} INFO - Setting next_dagrun for example_skip_dag to 2026-09-29T22:17:18.335159+00:00, run_after=2026-09-30T22:17:18.335159+00:00
[2026-09-30T22:17:18.369+0000] {processor.py:175} INFO - Processing /home/airflow/.local/lib/python3.7/site-packages/airflow/example_dags/example_skip_dag.py took 0.149 seconds
[2026-09-30T22:17:48.835+0000] {processor.py:153} INFO - Started process (PID=31881) to work on /home/airflow/.local/lib/python3.7/site-packages/airflow/example_dags/example_skip_dag.py
[2026-09-30T22:17:48.837+0000] {processor.py:743} INFO - Processing file /home/airflow/.local/lib/python3.7/site-packages/airflow/example_dags/example_skip_dag.py for tasks to queue
[2026-09-30T22:17:48.838+0000] {logging_mixin.py:137} INFO - [2026-09-30T22:17:48.838+0000] {dagbag.py:538} INFO - Filling up the DagBag from /home/airflow/.local/lib/python3.7/site-packages/airflow/example_dags/example_skip_dag.py
[2026-09-30T22:17:48.861+0000] {processor.py:753} INFO - DAG(s) dict_keys(['example_skip_dag']) retrieved from /home/airflow/.local/lib/python3.7/site-packages/airflow/example_dags/example_skip_dag.py
[2026-09-30T22:17:48.916+0000] {logging_mixin.py:137} INFO - [2026-09-30T22:17:48.916+0000] {dag.py:2676} INFO - Sync 1 DAGs
[2026-09-30T22:17:48.952+0000] {logging_mixin.py:137} INFO - [2026-09-30T22:17:48.952+0000] {dag.py:3427} INFO - Setting next_dagrun for example_skip_dag to 2026-09-29T22:17:48.952498+00:00, run_after=2026-09-30T22:17:48.952498+00:00
[2026-09-30T22:17:48.976+0000] {processor.py:175} INFO - Processing /home/airflow/.local/lib/python3.7/site-packages/airflow/example_dags/example_skip_dag.py took 0.147 seconds
[2026-09-30T22:18:19.831+0000] {processor.py:153} INFO - Started process (PID=31961) to work on /home/airflow/.local/lib/python3.7/site-packages/airflow/example_dags/example_skip_dag.py
[2026-09-30T22:18:19.833+0000] {processor.py:743} INFO - Processing file /home/airflow/.local/lib/python3.7/site-packages/airflow/example_dags/example_skip_dag.py for tasks to queue
[2026-09-30T22:18:19.834+0000] {logging_mixin.py:137} INFO - [2026-09-30T22:18:19.834+0000] {dagbag.py:538} INFO - Filling up the DagBag from /home/airflow/.local/lib/python3.7/site-packages/airflow/example_dags/example_skip_dag.py
[2026-09-30T22:18:19.864+0000] {processor.py:753} INFO - DAG(s) dict_keys(['example_skip_dag']) retrieved from /home/airflow/.local/lib/python3.7/site-packages/airflow/example_dags/example_skip_dag.py
[2026-09-30T22:18:19.930+0000] {logging_mixin.py:137} INFO - [2026-09-30T22:18:19.930+0000] {dag.py:2676} INFO - Sync 1 DAGs
[2026-09-30T22:18:19.981+0000] {logging_mixin.py:137} INFO - [2026-09-30T22:18:19.981+0000] {dag.py:3427} INFO - Setting next_dagrun for example_skip_dag to 2026-09-29T22:18:19.980733+00:00, run_after=2026-09-30T22:18:19.980733+00:00
[2026-09-30T22:18:20.012+0000] {processor.py:175} INFO - Processing /home/airflow/.local/lib/python3.7/site-packages/airflow/example_dags/example_skip_dag.py took 0.186 seconds
[2026-09-30T22:18:50.785+0000] {processor.py:153} INFO - Started process (PID=32049) to work on /home/airflow/.local/lib/python3.7/site-packages/airflow/example_dags/example_skip_dag.py
[2026-09-30T22:18:50.786+0000] {processor.py:743} INFO - Processing file /home/airflow/.local/lib/python3.7/site-packages/airflow/example_dags/example_skip_dag.py for tasks to queue
[2026-09-30T22:18:50.787+0000] {logging_mixin.py:137} INFO - [2026-09-30T22:18:50.787+0000] {dagbag.py:538} INFO - Filling up the DagBag from /home/airflow/.local/lib/python3.7/site-packages/airflow/example_dags/example_skip_dag.py
[2026-09-30T22:18:50.806+0000] {processor.py:753} INFO - DAG(s) dict_keys(['example_skip_dag']) retrieved from /home/airflow/.local/lib/python3.7/site-packages/airflow/example_dags/example_skip_dag.py
[2026-09-30T22:18:50.877+0000] {logging_mixin.py:137} INFO - [2026-09-30T22:18:50.877+0000] {dag.py:2676} INFO - Sync 1 DAGs
[2026-09-30T22:18:50.916+0000] {logging_mixin.py:137} INFO - [2026-09-30T22:18:50.915+0000] {dag.py:3427} INFO - Setting next_dagrun for example_skip_dag to 2026-09-29T22:18:50.915464+00:00, run_after=2026-09-30T22:18:50.915464+00:00
[2026-09-30T22:18:50.947+0000] {processor.py:175} INFO - Processing /home/airflow/.local/lib/python3.7/site-packages/airflow/example_dags/example_skip_dag.py took 0.166 seconds
[2026-09-30T22:19:21.034+0000] {processor.py:153} INFO - Started process (PID=32140) to work on /home/airflow/.local/lib/python3.7/site-packages/airflow/example_dags/example_skip_dag.py
[2026-09-30T22:19:21.035+0000] {processor.py:743} INFO - Processing file /home/airflow/.local/lib/python3.7/site-packages/airflow/example_dags/example_skip_dag.py for tasks to queue
[2026-09-30T22:19:21.035+0000] {logging_mixin.py:137} INFO - [2026-09-30T22:19:21.035+0000] {dagbag.py:538} INFO - Filling up the DagBag from /home/airflow/.local/lib/python3.7/site-packages/airflow/example_dags/example_skip_dag.py
[2026-09-30T22:19:21.054+0000] {processor.py:753} INFO - DAG(s) dict_keys(['example_skip_dag']) retrieved from /home/airflow/.local/lib/python3.7/site-packages/airflow/example_dags/example_skip_dag.py
[2026-09-30T22:19:21.102+0000] {logging_mixin.py:137} INFO - [2026-09-30T22:19:21.102+0000] {dag.py:2676} INFO - Sync 1 DAGs
[2026-09-30T22:19:21.136+0000] {logging_mixin.py:137} INFO - [2026-09-30T22:19:21.136+0000] {dag.py:3427} INFO - Setting next_dagrun for example_skip_dag to 2026-09-29T22:19:21.136091+00:00, run_after=2026-09-30T22:19:21.136091+00:00
[2026-09-30T22:19:21.159+0000] {processor.py:175} INFO - Processing /home/airflow/.local/lib/python3.7/site-packages/airflow/example_dags/example_skip_dag.py took 0.129 seconds
[2026-09-30T22:19:51.697+0000] {processor.py:153} INFO - Started process (PID=32219) to work on /home/airflow/.local/lib/python3.7/site-packages/airflow/example_dags/example_skip_dag.py
[2026-09-30T22:19:51.698+0000] {processor.py:743} INFO - Processing file /home/airflow/.local/lib/python3.7/site-packages/airflow/example_dags/example_skip_dag.py for tasks to queue
[2026-09-30T22:19:51.699+0000] {logging_mixin.py:137} INFO - [2026-09-30T22:19:51.699+0000] {dagbag.py:538} INFO - Filling up the DagBag from /home/airflow/.local/lib/python3.7/site-packages/airflow/example_dags/example_skip_dag.py
[2026-09-30T22:19:51.719+0000] {processor.py:753} INFO - DAG(s) dict_keys(['example_skip_dag']) retrieved from /home/airflow/.local/lib/python3.7/site-packages/airflow/example_dags/example_skip_dag.py
[2026-09-30T22:19:51.768+0000] {logging_mixin.py:137} INFO - [2026-09-30T22:19:51.768+0000] {dag.py:2676} INFO - Sync 1 DAGs
[2026-09-30T22:19:51.802+0000] {logging_mixin.py:137} INFO - [2026-09-30T22:19:51.802+0000] {dag.py:3427} INFO - Setting next_dagrun for example_skip_dag to 2026-09-29T22:19:51.802359+00:00, run_after=2026-09-30T22:19:51.802359+00:00
[2026-09-30T22:19:51.826+0000] {processor.py:175} INFO - Processing /home/airflow/.local/lib/python3.7/site-packages/airflow/example_dags/example_skip_dag.py took 0.134 seconds
[2026-09-30T22:20:21.949+0000] {processor.py:153} INFO - Started process (PID=32298) to work on /home/airflow/.local/lib/python3.7/site-packages/airflow/example_dags/example_skip_dag.py
[2026-09-30T22:20:21.950+0000] {processor.py:743} INFO - Processing file /home/airflow/.local/lib/python3.7/site-packages/airflow/example_dags/example_skip_dag.py for tasks to queue
[2026-09-30T22:20:21.951+0000] {logging_mixin.py:137} INFO - [2026-09-30T22:20:21.951+0000] {dagbag.py:538} INFO - Filling up the DagBag from /home/airflow/.local/lib/python3.7/site-packages/airflow/example_dags/example_skip_dag.py
[2026-09-30T22:20:21.971+0000] {processor.py:753} INFO - DAG(s) dict_keys(['example_skip_dag']) retrieved from /home/airflow/.local/lib/python3.7/site-packages/airflow/example_dags/example_skip_dag.py
[2026-09-30T22:20:22.018+0000] {logging_mixin.py:137} INFO - [2026-09-30T22:20:22.018+0000] {dag.py:2676} INFO - Sync 1 DAGs
[2026-09-30T22:20:22.051+0000] {logging_mixin.py:137} INFO - [2026-09-30T22:20:22.051+0000] {dag.py:3427} INFO - Setting next_dagrun for example_skip_dag to 2026-09-29T22:20:22.051305+00:00, run_after=2026-09-30T22:20:22.051305+00:00
[2026-09-30T22:20:22.075+0000] {processor.py:175} INFO - Processing /home/airflow/.local/lib/python3.7/site-packages/airflow/example_dags/example_skip_dag.py took 0.130 seconds
[2026-09-30T22:20:52.221+0000] {processor.py:153} INFO - Started process (PID=32397) to work on /home/airflow/.local/lib/python3.7/site-packages/airflow/example_dags/example_skip_dag.py
[2026-09-30T22:20:52.223+0000] {processor.py:743} INFO - Processing file /home/airflow/.local/lib/python3.7/site-packages/airflow/example_dags/example_skip_dag.py for tasks to queue
[2026-09-30T22:20:52.224+0000] {logging_mixin.py:137} INFO - [2026-09-30T22:20:52.223+0000] {dagbag.py:538} INFO - Filling up the DagBag from /home/airflow/.local/lib/python3.7/site-packages/airflow/example_dags/example_skip_dag.py
[2026-09-30T22:20:52.250+0000] {processor.py:753} INFO - DAG(s) dict_keys(['example_skip_dag']) retrieved from /home/airflow/.local/lib/python3.7/site-packages/airflow/example_dags/example_skip_dag.py
[2026-09-30T22:20:52.302+0000] {logging_mixin.py:137} INFO - [2026-09-30T22:20:52.302+0000] {dag.py:2676} INFO - Sync 1 DAGs
[2026-09-30T22:20:52.348+0000] {logging_mixin.py:137} INFO - [2026-09-30T22:20:52.348+0000] {dag.py:3427} INFO - Setting next_dagrun for example_skip_dag to 2026-09-29T22:20:52.347532+00:00, run_after=2026-09-30T22:20:52.347532+00:00
[2026-09-30T22:20:52.373+0000] {processor.py:175} INFO - Processing /home/airflow/.local/lib/python3.7/site-packages/airflow/example_dags/example_skip_dag.py took 0.158 seconds
[2026-09-30T22:21:22.571+0000] {processor.py:153} INFO - Started process (PID=32476) to work on /home/airflow/.local/lib/python3.7/site-packages/airflow/example_dags/example_skip_dag.py
[2026-09-30T22:21:22.572+0000] {processor.py:743} INFO - Processing file /home/airflow/.local/lib/python3.7/site-packages/airflow/example_dags/example_skip_dag.py for tasks to queue
[2026-09-30T22:21:22.573+0000] {logging_mixin.py:137} INFO - [2026-09-30T22:21:22.573+0000] {dagbag.py:538} INFO - Filling up the DagBag from /home/airflow/.local/lib/python3.7/site-packages/airflow/example_dags/example_skip_dag.py
[2026-09-30T22:21:22.590+0000] {processor.py:753} INFO - DAG(s) dict_keys(['example_skip_dag']) retrieved from /home/airflow/.local/lib/python3.7/site-packages/airflow/example_dags/example_skip_dag.py
[2026-09-30T22:21:22.637+0000] {logging_mixin.py:137} INFO - [2026-09-30T22:21:22.637+0000] {dag.py:2676} INFO - Sync 1 DAGs
[2026-09-30T22:21:22.667+0000] {logging_mixin.py:137} INFO - [2026-09-30T22:21:22.667+0000] {dag.py:3427} INFO - Setting next_dagrun for example_skip_dag to 2026-09-29T22:21:22.667106+00:00, run_after=2026-09-30T22:21:22.667106+00:00
[2026-09-30T22:21:22.687+0000] {processor.py:175} INFO - Processing /home/airflow/.local/lib/python3.7/site-packages/airflow/example_dags/example_skip_dag.py took 0.120 seconds
[2026-09-30T22:21:53.211+0000] {processor.py:153} INFO - Started process (PID=32555) to work on /home/airflow/.local/lib/python3.7/site-packages/airflow/example_dags/example_skip_dag.py
[2026-09-30T22:21:53.212+0000] {processor.py:743} INFO - Processing file /home/airflow/.local/lib/python3.7/site-packages/airflow/example_dags/example_skip_dag.py for tasks to queue
[2026-09-30T22:21:53.214+0000] {logging_mixin.py:137} INFO - [2026-09-30T22:21:53.213+0000] {dagbag.py:538} INFO - Filling up the DagBag from /home/airflow/.local/lib/python3.7/site-packages/airflow/example_dags/example_skip_dag.py
[2026-09-30T22:21:53.239+0000] {processor.py:753} INFO - DAG(s) dict_keys(['example_skip_dag']) retrieved from /home/airflow/.local/lib/python3.7/site-packages/airflow/example_dags/example_skip_dag.py
[2026-09-30T22:21:53.292+0000] {logging_mixin.py:137} INFO - [2026-09-30T22:21:53.292+0000] {dag.py:2676} INFO - Sync 1 DAGs
[2026-09-30T22:21:53.330+0000] {logging_mixin.py:137} INFO - [2026-09-30T22:21:53.330+0000] {dag.py:3427} INFO - Setting next_dagrun for example_skip_dag to 2026-09-29T22:21:53.329848+00:00, run_after=2026-09-30T22:21:53.329848+00:00
[2026-09-30T22:21:53.354+0000] {processor.py:175} INFO - Processing /home/airflow/.local/lib/python3.7/site-packages/airflow/example_dags/example_skip_dag.py took 0.150 seconds
[2026-09-30T22:22:23.408+0000] {processor.py:153} INFO - Started process (PID=32640) to work on /home/airflow/.local/lib/python3.7/site-packages/airflow/example_dags/example_skip_dag.py
[2026-09-30T22:22:23.409+0000] {processor.py:743} INFO - Processing file /home/airflow/.local/lib/python3.7/site-packages/airflow/example_dags/example_skip_dag.py for tasks to queue
[2026-09-30T22:22:23.410+0000] {logging_mixin.py:137} INFO - [2026-09-30T22:22:23.410+0000] {dagbag.py:538} INFO - Filling up the DagBag from /home/airflow/.local/lib/python3.7/site-packages/airflow/example_dags/example_skip_dag.py
[2026-09-30T22:22:23.429+0000] {processor.py:753} INFO - DAG(s) dict_keys(['example_skip_dag']) retrieved from /home/airflow/.local/lib/python3.7/site-packages/airflow/example_dags/example_skip_dag.py
[2026-09-30T22:22:23.474+0000] {logging_mixin.py:137} INFO - [2026-09-30T22:22:23.474+0000] {dag.py:2676} INFO - Sync 1 DAGs
[2026-09-30T22:22:23.510+0000] {logging_mixin.py:137} INFO - [2026-09-30T22:22:23.509+0000] {dag.py:3427} INFO - Setting next_dagrun for example_skip_dag to 2026-09-29T22:22:23.509550+00:00, run_after=2026-09-30T22:22:23.509550+00:00
[2026-09-30T22:22:23.532+0000] {processor.py:175} INFO - Processing /home/airflow/.local/lib/python3.7/site-packages/airflow/example_dags/example_skip_dag.py took 0.130 seconds
[2026-09-30T22:22:53.656+0000] {processor.py:153} INFO - Started process (PID=32733) to work on /home/airflow/.local/lib/python3.7/site-packages/airflow/example_dags/example_skip_dag.py
[2026-09-30T22:22:53.657+0000] {processor.py:743} INFO - Processing file /home/airflow/.local/lib/python3.7/site-packages/airflow/example_dags/example_skip_dag.py for tasks to queue
[2026-09-30T22:22:53.657+0000] {logging_mixin.py:137} INFO - [2026-09-30T22:22:53.657+0000] {dagbag.py:538} INFO - Filling up the DagBag from /home/airflow/.local/lib/python3.7/site-packages/airflow/example_dags/example_skip_dag.py
[2026-09-30T22:22:53.679+0000] {processor.py:753} INFO - DAG(s) dict_keys(['example_skip_dag']) retrieved from /home/airflow/.local/lib/python3.7/site-packages/airflow/example_dags/example_skip_dag.py
[2026-09-30T22:22:53.764+0000] {logging_mixin.py:137} INFO - [2026-09-30T22:22:53.764+0000] {dag.py:2676} INFO - Sync 1 DAGs
[2026-09-30T22:22:53.803+0000] {logging_mixin.py:137} INFO - [2026-09-30T22:22:53.803+0000] {dag.py:3427} INFO - Setting next_dagrun for example_skip_dag to 2026-09-29T22:22:53.802950+00:00, run_after=2026-09-30T22:22:53.802950+00:00
[2026-09-30T22:22:53.828+0000] {processor.py:175} INFO - Processing /home/airflow/.local/lib/python3.7/site-packages/airflow/example_dags/example_skip_dag.py took 0.176 seconds
[2026-09-30T22:23:24.444+0000] {processor.py:153} INFO - Started process (PID=32812) to work on /home/airflow/.local/lib/python3.7/site-packages/airflow/example_dags/example_skip_dag.py
[2026-09-30T22:23:24.445+0000] {processor.py:743} INFO - Processing file /home/airflow/.local/lib/python3.7/site-packages/airflow/example_dags/example_skip_dag.py for tasks to queue
[2026-09-30T22:23:24.446+0000] {logging_mixin.py:137} INFO - [2026-09-30T22:23:24.446+0000] {dagbag.py:538} INFO - Filling up the DagBag from /home/airflow/.local/lib/python3.7/site-packages/airflow/example_dags/example_skip_dag.py
[2026-09-30T22:23:24.473+0000] {processor.py:753} INFO - DAG(s) dict_keys(['example_skip_dag']) retrieved from /home/airflow/.local/lib/python3.7/site-packages/airflow/example_dags/example_skip_dag.py
[2026-09-30T22:23:24.523+0000] {logging_mixin.py:137} INFO - [2026-09-30T22:23:24.523+0000] {dag.py:2676} INFO - Sync 1 DAGs
[2026-09-30T22:23:24.565+0000] {logging_mixin.py:137} INFO - [2026-09-30T22:23:24.565+0000] {dag.py:3427} INFO - Setting next_dagrun for example_skip_dag to 2026-09-29T22:23:24.565112+00:00, run_after=2026-09-30T22:23:24.565112+00:00
[2026-09-30T22:23:24.585+0000] {processor.py:175} INFO - Processing /home/airflow/.local/lib/python3.7/site-packages/airflow/example_dags/example_skip_dag.py took 0.147 seconds
[2026-09-30T22:23:54.877+0000] {processor.py:153} INFO - Started process (PID=32891) to work on /home/airflow/.local/lib/python3.7/site-packages/airflow/example_dags/example_skip_dag.py
[2026-09-30T22:23:54.878+0000] {processor.py:743} INFO - Processing file /home/airflow/.local/lib/python3.7/site-packages/airflow/example_dags/example_skip_dag.py for tasks to queue
[2026-09-30T22:23:54.879+0000] {logging_mixin.py:137} INFO - [2026-09-30T22:23:54.879+0000] {dagbag.py:538} INFO - Filling up the DagBag from /home/airflow/.local/lib/python3.7/site-packages/airflow/example_dags/example_skip_dag.py
[2026-09-30T22:23:54.899+0000] {processor.py:753} INFO - DAG(s) dict_keys(['example_skip_dag']) retrieved from /home/airflow/.local/lib/python3.7/site-packages/airflow/example_dags/example_skip_dag.py
[2026-09-30T22:23:54.945+0000] {logging_mixin.py:137} INFO - [2026-09-30T22:23:54.945+0000] {dag.py:2676} INFO - Sync 1 DAGs
[2026-09-30T22:23:54.986+0000] {logging_mixin.py:137} INFO - [2026-09-30T22:23:54.986+0000] {dag.py:3427} INFO - Setting next_dagrun for example_skip_dag to 2026-09-29T22:23:54.985659+00:00, run_after=2026-09-30T22:23:54.985659+00:00
[2026-09-30T22:23:55.013+0000] {processor.py:175} INFO - Processing /home/airflow/.local/lib/python3.7/site-packages/airflow/example_dags/example_skip_dag.py took 0.141 seconds
[2026-09-30T22:24:25.363+0000] {processor.py:153} INFO - Started process (PID=32975) to work on /home/airflow/.local/lib/python3.7/site-packages/airflow/example_dags/example_skip_dag.py
[2026-09-30T22:24:25.420+0000] {processor.py:743} INFO - Processing file /home/airflow/.local/lib/python3.7/site-packages/airflow/example_dags/example_skip_dag.py for tasks to queue
[2026-09-30T22:24:25.420+0000] {logging_mixin.py:137} INFO - [2026-09-30T22:24:25.420+0000] {dagbag.py:538} INFO - Filling up the DagBag from /home/airflow/.local/lib/python3.7/site-packages/airflow/example_dags/example_skip_dag.py
[2026-09-30T22:24:25.441+0000] {processor.py:753} INFO - DAG(s) dict_keys(['example_skip_dag']) retrieved from /home/airflow/.local/lib/python3.7/site-packages/airflow/example_dags/example_skip_dag.py
[2026-09-30T22:24:25.503+0000] {logging_mixin.py:137} INFO - [2026-09-30T22:24:25.503+0000] {dag.py:2676} INFO - Sync 1 DAGs
[2026-09-30T22:24:25.547+0000] {logging_mixin.py:137} INFO - [2026-09-30T22:24:25.547+0000] {dag.py:3427} INFO - Setting next_dagrun for example_skip_dag to 2026-09-29T22:24:25.546758+00:00, run_after=2026-09-30T22:24:25.546758+00:00
[2026-09-30T22:24:25.567+0000] {processor.py:175} INFO - Processing /home/airflow/.local/lib/python3.7/site-packages/airflow/example_dags/example_skip_dag.py took 0.208 seconds
[2026-09-30T22:24:55.866+0000] {processor.py:153} INFO - Started process (PID=33068) to work on /home/airflow/.local/lib/python3.7/site-packages/airflow/example_dags/example_skip_dag.py
[2026-09-30T22:24:55.867+0000] {processor.py:743} INFO - Processing file /home/airflow/.local/lib/python3.7/site-packages/airflow/example_dags/example_skip_dag.py for tasks to queue
[2026-09-30T22:24:55.868+0000] {logging_mixin.py:137} INFO - [2026-09-30T22:24:55.868+0000] {dagbag.py:538} INFO - Filling up the DagBag from /home/airflow/.local/lib/python3.7/site-packages/airflow/example_dags/example_skip_dag.py
[2026-09-30T22:24:55.890+0000] {processor.py:753} INFO - DAG(s) dict_keys(['example_skip_dag']) retrieved from /home/airflow/.local/lib/python3.7/site-packages/airflow/example_dags/example_skip_dag.py
[2026-09-30T22:24:55.950+0000] {logging_mixin.py:137} INFO - [2026-09-30T22:24:55.950+0000] {dag.py:2676} INFO - Sync 1 DAGs
[2026-09-30T22:24:55.982+0000] {logging_mixin.py:137} INFO - [2026-09-30T22:24:55.981+0000] {dag.py:3427} INFO - Setting next_dagrun for example_skip_dag to 2026-09-29T22:24:55.981533+00:00, run_after=2026-09-30T22:24:55.981533+00:00
[2026-09-30T22:24:56.004+0000] {processor.py:175} INFO - Processing /home/airflow/.local/lib/python3.7/site-packages/airflow/example_dags/example_skip_dag.py took 0.143 seconds
[2026-09-30T22:25:26.283+0000] {processor.py:153} INFO - Started process (PID=33147) to work on /home/airflow/.local/lib/python3.7/site-packages/airflow/example_dags/example_skip_dag.py
[2026-09-30T22:25:26.284+0000] {processor.py:743} INFO - Processing file /home/airflow/.local/lib/python3.7/site-packages/airflow/example_dags/example_skip_dag.py for tasks to queue
[2026-09-30T22:25:26.285+0000] {logging_mixin.py:137} INFO - [2026-09-30T22:25:26.285+0000] {dagbag.py:538} INFO - Filling up the DagBag from /home/airflow/.local/lib/python3.7/site-packages/airflow/example_dags/example_skip_dag.py
[2026-09-30T22:25:26.305+0000] {processor.py:753} INFO - DAG(s) dict_keys(['example_skip_dag']) retrieved from /home/airflow/.local/lib/python3.7/site-packages/airflow/example_dags/example_skip_dag.py
[2026-09-30T22:25:26.357+0000] {logging_mixin.py:137} INFO - [2026-09-30T22:25:26.357+0000] {dag.py:2676} INFO - Sync 1 DAGs
[2026-09-30T22:25:26.406+0000] {logging_mixin.py:137} INFO - [2026-09-30T22:25:26.406+0000] {dag.py:3427} INFO - Setting next_dagrun for example_skip_dag to 2026-09-29T22:25:26.405738+00:00, run_after=2026-09-30T22:25:26.405738+00:00
[2026-09-30T22:25:26.441+0000] {processor.py:175} INFO - Processing /home/airflow/.local/lib/python3.7/site-packages/airflow/example_dags/example_skip_dag.py took 0.162 seconds
[2026-09-30T22:25:57.246+0000] {processor.py:153} INFO - Started process (PID=33226) to work on /home/airflow/.local/lib/python3.7/site-packages/airflow/example_dags/example_skip_dag.py
[2026-09-30T22:25:57.247+0000] {processor.py:743} INFO - Processing file /home/airflow/.local/lib/python3.7/site-packages/airflow/example_dags/example_skip_dag.py for tasks to queue
[2026-09-30T22:25:57.249+0000] {logging_mixin.py:137} INFO - [2026-09-30T22:25:57.248+0000] {dagbag.py:538} INFO - Filling up the DagBag from /home/airflow/.local/lib/python3.7/site-packages/airflow/example_dags/example_skip_dag.py
[2026-09-30T22:25:57.281+0000] {processor.py:753} INFO - DAG(s) dict_keys(['example_skip_dag']) retrieved from /home/airflow/.local/lib/python3.7/site-packages/airflow/example_dags/example_skip_dag.py
[2026-09-30T22:25:57.334+0000] {logging_mixin.py:137} INFO - [2026-09-30T22:25:57.333+0000] {dag.py:2676} INFO - Sync 1 DAGs
[2026-09-30T22:25:57.365+0000] {logging_mixin.py:137} INFO - [2026-09-30T22:25:57.365+0000] {dag.py:3427} INFO - Setting next_dagrun for example_skip_dag to 2026-09-29T22:25:57.365211+00:00, run_after=2026-09-30T22:25:57.365211+00:00
[2026-09-30T22:25:57.391+0000] {processor.py:175} INFO - Processing /home/airflow/.local/lib/python3.7/site-packages/airflow/example_dags/example_skip_dag.py took 0.152 seconds
[2026-09-30T22:26:27.829+0000] {processor.py:153} INFO - Started process (PID=33311) to work on /home/airflow/.local/lib/python3.7/site-packages/airflow/example_dags/example_skip_dag.py
[2026-09-30T22:26:27.831+0000] {processor.py:743} INFO - Processing file /home/airflow/.local/lib/python3.7/site-packages/airflow/example_dags/example_skip_dag.py for tasks to queue
[2026-09-30T22:26:27.831+0000] {logging_mixin.py:137} INFO - [2026-09-30T22:26:27.831+0000] {dagbag.py:538} INFO - Filling up the DagBag from /home/airflow/.local/lib/python3.7/site-packages/airflow/example_dags/example_skip_dag.py
[2026-09-30T22:26:27.852+0000] {processor.py:753} INFO - DAG(s) dict_keys(['example_skip_dag']) retrieved from /home/airflow/.local/lib/python3.7/site-packages/airflow/example_dags/example_skip_dag.py
[2026-09-30T22:26:27.910+0000] {logging_mixin.py:137} INFO - [2026-09-30T22:26:27.910+0000] {dag.py:2676} INFO - Sync 1 DAGs
[2026-09-30T22:26:27.948+0000] {logging_mixin.py:137} INFO - [2026-09-30T22:26:27.948+0000] {dag.py:3427} INFO - Setting next_dagrun for example_skip_dag to 2026-09-29T22:26:27.948190+00:00, run_after=2026-09-30T22:26:27.948190+00:00
[2026-09-30T22:26:27.971+0000] {processor.py:175} INFO - Processing /home/airflow/.local/lib/python3.7/site-packages/airflow/example_dags/example_skip_dag.py took 0.148 seconds
[2026-09-30T22:26:58.062+0000] {processor.py:153} INFO - Started process (PID=33416) to work on /home/airflow/.local/lib/python3.7/site-packages/airflow/example_dags/example_skip_dag.py
[2026-09-30T22:26:58.064+0000] {processor.py:743} INFO - Processing file /home/airflow/.local/lib/python3.7/site-packages/airflow/example_dags/example_skip_dag.py for tasks to queue
[2026-09-30T22:26:58.065+0000] {logging_mixin.py:137} INFO - [2026-09-30T22:26:58.065+0000] {dagbag.py:538} INFO - Filling up the DagBag from /home/airflow/.local/lib/python3.7/site-packages/airflow/example_dags/example_skip_dag.py
[2026-09-30T22:26:58.098+0000] {processor.py:753} INFO - DAG(s) dict_keys(['example_skip_dag']) retrieved from /home/airflow/.local/lib/python3.7/site-packages/airflow/example_dags/example_skip_dag.py
[2026-09-30T22:26:58.161+0000] {logging_mixin.py:137} INFO - [2026-09-30T22:26:58.161+0000] {dag.py:2676} INFO - Sync 1 DAGs
[2026-09-30T22:26:58.193+0000] {logging_mixin.py:137} INFO - [2026-09-30T22:26:58.193+0000] {dag.py:3427} INFO - Setting next_dagrun for example_skip_dag to 2026-09-29T22:26:58.192874+00:00, run_after=2026-09-30T22:26:58.192874+00:00
[2026-09-30T22:26:58.219+0000] {processor.py:175} INFO - Processing /home/airflow/.local/lib/python3.7/site-packages/airflow/example_dags/example_skip_dag.py took 0.163 seconds
[2026-09-30T22:27:28.340+0000] {processor.py:153} INFO - Started process (PID=33495) to work on /home/airflow/.local/lib/python3.7/site-packages/airflow/example_dags/example_skip_dag.py
[2026-09-30T22:27:28.341+0000] {processor.py:743} INFO - Processing file /home/airflow/.local/lib/python3.7/site-packages/airflow/example_dags/example_skip_dag.py for tasks to queue
[2026-09-30T22:27:28.342+0000] {logging_mixin.py:137} INFO - [2026-09-30T22:27:28.342+0000] {dagbag.py:538} INFO - Filling up the DagBag from /home/airflow/.local/lib/python3.7/site-packages/airflow/example_dags/example_skip_dag.py
[2026-09-30T22:27:28.367+0000] {processor.py:753} INFO - DAG(s) dict_keys(['example_skip_dag']) retrieved from /home/airflow/.local/lib/python3.7/site-packages/airflow/example_dags/example_skip_dag.py
[2026-09-30T22:27:28.429+0000] {logging_mixin.py:137} INFO - [2026-09-30T22:27:28.429+0000] {dag.py:2676} INFO - Sync 1 DAGs
[2026-09-30T22:27:28.467+0000] {logging_mixin.py:137} INFO - [2026-09-30T22:27:28.467+0000] {dag.py:3427} INFO - Setting next_dagrun for example_skip_dag to 2026-09-29T22:27:28.466711+00:00, run_after=2026-09-30T22:27:28.466711+00:00
[2026-09-30T22:27:28.490+0000] {processor.py:175} INFO - Processing /home/airflow/.local/lib/python3.7/site-packages/airflow/example_dags/example_skip_dag.py took 0.157 seconds
[2026-09-30T22:27:59.276+0000] {processor.py:153} INFO - Started process (PID=33574) to work on /home/airflow/.local/lib/python3.7/site-packages/airflow/example_dags/example_skip_dag.py
[2026-09-30T22:27:59.278+0000] {processor.py:743} INFO - Processing file /home/airflow/.local/lib/python3.7/site-packages/airflow/example_dags/example_skip_dag.py for tasks to queue
[2026-09-30T22:27:59.279+0000] {logging_mixin.py:137} INFO - [2026-09-30T22:27:59.279+0000] {dagbag.py:538} INFO - Filling up the DagBag from /home/airflow/.local/lib/python3.7/site-packages/airflow/example_dags/example_skip_dag.py
[2026-09-30T22:27:59.306+0000] {processor.py:753} INFO - DAG(s) dict_keys(['example_skip_dag']) retrieved from /home/airflow/.local/lib/python3.7/site-packages/airflow/example_dags/example_skip_dag.py
[2026-09-30T22:27:59.369+0000] {logging_mixin.py:137} INFO - [2026-09-30T22:27:59.369+0000] {dag.py:2676} INFO - Sync 1 DAGs
[2026-09-30T22:27:59.418+0000] {logging_mixin.py:137} INFO - [2026-09-30T22:27:59.418+0000] {dag.py:3427} INFO - Setting next_dagrun for example_skip_dag to 2026-09-29T22:27:59.417530+00:00, run_after=2026-09-30T22:27:59.417530+00:00
[2026-09-30T22:27:59.451+0000] {processor.py:175} INFO - Processing /home/airflow/.local/lib/python3.7/site-packages/airflow/example_dags/example_skip_dag.py took 0.182 seconds
[2026-09-30T22:28:29.768+0000] {processor.py:153} INFO - Started process (PID=33673) to work on /home/airflow/.local/lib/python3.7/site-packages/airflow/example_dags/example_skip_dag.py
[2026-09-30T22:28:29.769+0000] {processor.py:743} INFO - Processing file /home/airflow/.local/lib/python3.7/site-packages/airflow/example_dags/example_skip_dag.py for tasks to queue
[2026-09-30T22:28:29.771+0000] {logging_mixin.py:137} INFO - [2026-09-30T22:28:29.770+0000] {dagbag.py:538} INFO - Filling up the DagBag from /home/airflow/.local/lib/python3.7/site-packages/airflow/example_dags/example_skip_dag.py
[2026-09-30T22:28:29.809+0000] {processor.py:753} INFO - DAG(s) dict_keys(['example_skip_dag']) retrieved from /home/airflow/.local/lib/python3.7/site-packages/airflow/example_dags/example_skip_dag.py
[2026-09-30T22:28:29.867+0000] {logging_mixin.py:137} INFO - [2026-09-30T22:28:29.867+0000] {dag.py:2676} INFO - Sync 1 DAGs
[2026-09-30T22:28:29.903+0000] {logging_mixin.py:137} INFO - [2026-09-30T22:28:29.903+0000] {dag.py:3427} INFO - Setting next_dagrun for example_skip_dag to 2026-09-29T22:28:29.902969+00:00, run_after=2026-09-30T22:28:29.902969+00:00
[2026-09-30T22:28:29.924+0000] {processor.py:175} INFO - Processing /home/airflow/.local/lib/python3.7/site-packages/airflow/example_dags/example_skip_dag.py took 0.162 seconds
[2026-09-30T22:29:00.202+0000] {processor.py:153} INFO - Started process (PID=33752) to work on /home/airflow/.local/lib/python3.7/site-packages/airflow/example_dags/example_skip_dag.py
[2026-09-30T22:29:00.203+0000] {processor.py:743} INFO - Processing file /home/airflow/.local/lib/python3.7/site-packages/airflow/example_dags/example_skip_dag.py for tasks to queue
[2026-09-30T22:29:00.204+0000] {logging_mixin.py:137} INFO - [2026-09-30T22:29:00.204+0000] {dagbag.py:538} INFO - Filling up the DagBag from /home/airflow/.local/lib/python3.7/site-packages/airflow/example_dags/example_skip_dag.py
[2026-09-30T22:29:00.223+0000] {processor.py:753} INFO - DAG(s) dict_keys(['example_skip_dag']) retrieved from /home/airflow/.local/lib/python3.7/site-packages/airflow/example_dags/example_skip_dag.py
[2026-09-30T22:29:00.273+0000] {logging_mixin.py:137} INFO - [2026-09-30T22:29:00.273+0000] {dag.py:2676} INFO - Sync 1 DAGs
[2026-09-30T22:29:00.305+0000] {logging_mixin.py:137} INFO - [2026-09-30T22:29:00.305+0000] {dag.py:3427} INFO - Setting next_dagrun for example_skip_dag to 2026-09-29T22:29:00.305187+00:00, run_after=2026-09-30T22:29:00.305187+00:00
[2026-09-30T22:29:00.327+0000] {processor.py:175} INFO - Processing /home/airflow/.local/lib/python3.7/site-packages/airflow/example_dags/example_skip_dag.py took 0.129 seconds
[2026-09-30T22:29:30.532+0000] {processor.py:153} INFO - Started process (PID=33831) to work on /home/airflow/.local/lib/python3.7/site-packages/airflow/example_dags/example_skip_dag.py
[2026-09-30T22:29:30.533+0000] {processor.py:743} INFO - Processing file /home/airflow/.local/lib/python3.7/site-packages/airflow/example_dags/example_skip_dag.py for tasks to queue
[2026-09-30T22:29:30.533+0000] {logging_mixin.py:137} INFO - [2026-09-30T22:29:30.533+0000] {dagbag.py:538} INFO - Filling up the DagBag from /home/airflow/.local/lib/python3.7/site-packages/airflow/example_dags/example_skip_dag.py
[2026-09-30T22:29:30.548+0000] {processor.py:753} INFO - DAG(s) dict_keys(['example_skip_dag']) retrieved from /home/airflow/.local/lib/python3.7/site-packages/airflow/example_dags/example_skip_dag.py
[2026-09-30T22:29:30.585+0000] {logging_mixin.py:137} INFO - [2026-09-30T22:29:30.584+0000] {dag.py:2676} INFO - Sync 1 DAGs
[2026-09-30T22:29:30.608+0000] {logging_mixin.py:137} INFO - [2026-09-30T22:29:30.608+0000] {dag.py:3427} INFO - Setting next_dagrun for example_skip_dag to 2026-09-29T22:29:30.608582+00:00, run_after=2026-09-30T22:29:30.608582+00:00
[2026-09-30T22:29:30.625+0000] {processor.py:175} INFO - Processing /home/airflow/.local/lib/python3.7/site-packages/airflow/example_dags/example_skip_dag.py took 0.096 seconds
[2026-09-30T22:30:21.033+0000] {processor.py:153} INFO - Started process (PID=59) to work on /home/airflow/.local/lib/python3.7/site-packages/airflow/example_dags/example_skip_dag.py
[2026-09-30T22:30:21.034+0000] {processor.py:743} INFO - Processing file /home/airflow/.local/lib/python3.7/site-packages/airflow/example_dags/example_skip_dag.py for tasks to queue
[2026-09-30T22:30:21.035+0000] {logging_mixin.py:137} INFO - [2026-09-30T22:30:21.034+0000] {dagbag.py:538} INFO - Filling up the DagBag from /home/airflow/.local/lib/python3.7/site-packages/airflow/example_dags/example_skip_dag.py
[2026-09-30T22:30:21.052+0000] {processor.py:753} INFO - DAG(s) dict_keys(['example_skip_dag']) retrieved from /home/airflow/.local/lib/python3.7/site-packages/airflow/example_dags/example_skip_dag.py
[2026-09-30T22:30:21.083+0000] {logging_mixin.py:137} INFO - [2026-09-30T22:30:21.082+0000] {dag.py:2676} INFO - Sync 1 DAGs
[2026-09-30T22:30:21.110+0000] {logging_mixin.py:137} INFO - [2026-09-30T22:30:21.110+0000] {dag.py:3427} INFO - Setting next_dagrun for example_skip_dag to 2026-09-29T22:30:21.110189+00:00, run_after=2026-09-30T22:30:21.110189+00:00
[2026-09-30T22:30:21.127+0000] {processor.py:175} INFO - Processing /home/airflow/.local/lib/python3.7/site-packages/airflow/example_dags/example_skip_dag.py took 0.099 seconds
[2026-09-30T22:30:52.522+0000] {processor.py:153} INFO - Started process (PID=152) to work on /home/airflow/.local/lib/python3.7/site-packages/airflow/example_dags/example_skip_dag.py
[2026-09-30T22:30:52.523+0000] {processor.py:743} INFO - Processing file /home/airflow/.local/lib/python3.7/site-packages/airflow/example_dags/example_skip_dag.py for tasks to queue
[2026-09-30T22:30:52.524+0000] {logging_mixin.py:137} INFO - [2026-09-30T22:30:52.524+0000] {dagbag.py:538} INFO - Filling up the DagBag from /home/airflow/.local/lib/python3.7/site-packages/airflow/example_dags/example_skip_dag.py
[2026-09-30T22:30:52.545+0000] {processor.py:753} INFO - DAG(s) dict_keys(['example_skip_dag']) retrieved from /home/airflow/.local/lib/python3.7/site-packages/airflow/example_dags/example_skip_dag.py
[2026-09-30T22:30:52.607+0000] {logging_mixin.py:137} INFO - [2026-09-30T22:30:52.607+0000] {dag.py:2676} INFO - Sync 1 DAGs
[2026-09-30T22:30:52.655+0000] {logging_mixin.py:137} INFO - [2026-09-30T22:30:52.655+0000] {dag.py:3427} INFO - Setting next_dagrun for example_skip_dag to 2026-09-29T22:30:52.655228+00:00, run_after=2026-09-30T22:30:52.655228+00:00
[2026-09-30T22:30:52.677+0000] {processor.py:175} INFO - Processing /home/airflow/.local/lib/python3.7/site-packages/airflow/example_dags/example_skip_dag.py took 0.160 seconds
[2026-09-30T22:31:22.736+0000] {processor.py:153} INFO - Started process (PID=232) to work on /home/airflow/.local/lib/python3.7/site-packages/airflow/example_dags/example_skip_dag.py
[2026-09-30T22:31:22.737+0000] {processor.py:743} INFO - Processing file /home/airflow/.local/lib/python3.7/site-packages/airflow/example_dags/example_skip_dag.py for tasks to queue
[2026-09-30T22:31:22.737+0000] {logging_mixin.py:137} INFO - [2026-09-30T22:31:22.737+0000] {dagbag.py:538} INFO - Filling up the DagBag from /home/airflow/.local/lib/python3.7/site-packages/airflow/example_dags/example_skip_dag.py
[2026-09-30T22:31:22.757+0000] {processor.py:753} INFO - DAG(s) dict_keys(['example_skip_dag']) retrieved from /home/airflow/.local/lib/python3.7/site-packages/airflow/example_dags/example_skip_dag.py
[2026-09-30T22:31:22.822+0000] {logging_mixin.py:137} INFO - [2026-09-30T22:31:22.822+0000] {dag.py:2676} INFO - Sync 1 DAGs
[2026-09-30T22:31:22.861+0000] {logging_mixin.py:137} INFO - [2026-09-30T22:31:22.861+0000] {dag.py:3427} INFO - Setting next_dagrun for example_skip_dag to 2026-09-29T22:31:22.861206+00:00, run_after=2026-09-30T22:31:22.861206+00:00
[2026-09-30T22:31:22.884+0000] {processor.py:175} INFO - Processing /home/airflow/.local/lib/python3.7/site-packages/airflow/example_dags/example_skip_dag.py took 0.152 seconds
[2026-09-30T22:31:53.617+0000] {processor.py:153} INFO - Started process (PID=319) to work on /home/airflow/.local/lib/python3.7/site-packages/airflow/example_dags/example_skip_dag.py
[2026-09-30T22:31:53.618+0000] {processor.py:743} INFO - Processing file /home/airflow/.local/lib/python3.7/site-packages/airflow/example_dags/example_skip_dag.py for tasks to queue
[2026-09-30T22:31:53.619+0000] {logging_mixin.py:137} INFO - [2026-09-30T22:31:53.619+0000] {dagbag.py:538} INFO - Filling up the DagBag from /home/airflow/.local/lib/python3.7/site-packages/airflow/example_dags/example_skip_dag.py
[2026-09-30T22:31:53.640+0000] {processor.py:753} INFO - DAG(s) dict_keys(['example_skip_dag']) retrieved from /home/airflow/.local/lib/python3.7/site-packages/airflow/example_dags/example_skip_dag.py
[2026-09-30T22:31:53.691+0000] {logging_mixin.py:137} INFO - [2026-09-30T22:31:53.690+0000] {dag.py:2676} INFO - Sync 1 DAGs
[2026-09-30T22:31:53.725+0000] {logging_mixin.py:137} INFO - [2026-09-30T22:31:53.725+0000] {dag.py:3427} INFO - Setting next_dagrun for example_skip_dag to 2026-09-29T22:31:53.725150+00:00, run_after=2026-09-30T22:31:53.725150+00:00
[2026-09-30T22:31:53.746+0000] {processor.py:175} INFO - Processing /home/airflow/.local/lib/python3.7/site-packages/airflow/example_dags/example_skip_dag.py took 0.132 seconds
[2026-09-30T22:32:24.656+0000] {processor.py:153} INFO - Started process (PID=409) to work on /home/airflow/.local/lib/python3.7/site-packages/airflow/example_dags/example_skip_dag.py
[2026-09-30T22:32:24.658+0000] {processor.py:743} INFO - Processing file /home/airflow/.local/lib/python3.7/site-packages/airflow/example_dags/example_skip_dag.py for tasks to queue
[2026-09-30T22:32:24.658+0000] {logging_mixin.py:137} INFO - [2026-09-30T22:32:24.658+0000] {dagbag.py:538} INFO - Filling up the DagBag from /home/airflow/.local/lib/python3.7/site-packages/airflow/example_dags/example_skip_dag.py
[2026-09-30T22:32:24.676+0000] {processor.py:753} INFO - DAG(s) dict_keys(['example_skip_dag']) retrieved from /home/airflow/.local/lib/python3.7/site-packages/airflow/example_dags/example_skip_dag.py
[2026-09-30T22:32:24.715+0000] {logging_mixin.py:137} INFO - [2026-09-30T22:32:24.715+0000] {dag.py:2676} INFO - Sync 1 DAGs
[2026-09-30T22:32:24.743+0000] {logging_mixin.py:137} INFO - [2026-09-30T22:32:24.743+0000] {dag.py:3427} INFO - Setting next_dagrun for example_skip_dag to 2026-09-29T22:32:24.742831+00:00, run_after=2026-09-30T22:32:24.742831+00:00
[2026-09-30T22:32:24.762+0000] {processor.py:175} INFO - Processing /home/airflow/.local/lib/python3.7/site-packages/airflow/example_dags/example_skip_dag.py took 0.108 seconds
[2026-09-30T22:32:55.154+0000] {processor.py:153} INFO - Started process (PID=488) to work on /home/airflow/.local/lib/python3.7/site-packages/airflow/example_dags/example_skip_dag.py
[2026-09-30T22:32:55.155+0000] {processor.py:743} INFO - Processing file /home/airflow/.local/lib/python3.7/site-packages/airflow/example_dags/example_skip_dag.py for tasks to queue
[2026-09-30T22:32:55.156+0000] {logging_mixin.py:137} INFO - [2026-09-30T22:32:55.156+0000] {dagbag.py:538} INFO - Filling up the DagBag from /home/airflow/.local/lib/python3.7/site-packages/airflow/example_dags/example_skip_dag.py
[2026-09-30T22:32:55.181+0000] {processor.py:753} INFO - DAG(s) dict_keys(['example_skip_dag']) retrieved from /home/airflow/.local/lib/python3.7/site-packages/airflow/example_dags/example_skip_dag.py
[2026-09-30T22:32:55.228+0000] {logging_mixin.py:137} INFO - [2026-09-30T22:32:55.227+0000] {dag.py:2676} INFO - Sync 1 DAGs
[2026-09-30T22:32:55.261+0000] {logging_mixin.py:137} INFO - [2026-09-30T22:32:55.261+0000] {dag.py:3427} INFO - Setting next_dagrun for example_skip_dag to 2026-09-29T22:32:55.261086+00:00, run_after=2026-09-30T22:32:55.261086+00:00
[2026-09-30T22:32:55.284+0000] {processor.py:175} INFO - Processing /home/airflow/.local/lib/python3.7/site-packages/airflow/example_dags/example_skip_dag.py took 0.134 seconds
[2026-09-30T22:33:26.376+0000] {processor.py:153} INFO - Started process (PID=576) to work on /home/airflow/.local/lib/python3.7/site-packages/airflow/example_dags/example_skip_dag.py
[2026-09-30T22:33:26.378+0000] {processor.py:743} INFO - Processing file /home/airflow/.local/lib/python3.7/site-packages/airflow/example_dags/example_skip_dag.py for tasks to queue
[2026-09-30T22:33:26.380+0000] {logging_mixin.py:137} INFO - [2026-09-30T22:33:26.379+0000] {dagbag.py:538} INFO - Filling up the DagBag from /home/airflow/.local/lib/python3.7/site-packages/airflow/example_dags/example_skip_dag.py
[2026-09-30T22:33:26.408+0000] {processor.py:753} INFO - DAG(s) dict_keys(['example_skip_dag']) retrieved from /home/airflow/.local/lib/python3.7/site-packages/airflow/example_dags/example_skip_dag.py
[2026-09-30T22:33:26.466+0000] {logging_mixin.py:137} INFO - [2026-09-30T22:33:26.466+0000] {dag.py:2676} INFO - Sync 1 DAGs
[2026-09-30T22:33:26.515+0000] {logging_mixin.py:137} INFO - [2026-09-30T22:33:26.515+0000] {dag.py:3427} INFO - Setting next_dagrun for example_skip_dag to 2026-09-29T22:33:26.514606+00:00, run_after=2026-09-30T22:33:26.514606+00:00
[2026-09-30T22:33:26.549+0000] {processor.py:175} INFO - Processing /home/airflow/.local/lib/python3.7/site-packages/airflow/example_dags/example_skip_dag.py took 0.179 seconds
[2026-09-30T22:33:57.471+0000] {processor.py:153} INFO - Started process (PID=666) to work on /home/airflow/.local/lib/python3.7/site-packages/airflow/example_dags/example_skip_dag.py
[2026-09-30T22:33:57.472+0000] {processor.py:743} INFO - Processing file /home/airflow/.local/lib/python3.7/site-packages/airflow/example_dags/example_skip_dag.py for tasks to queue
[2026-09-30T22:33:57.473+0000] {logging_mixin.py:137} INFO - [2026-09-30T22:33:57.473+0000] {dagbag.py:538} INFO - Filling up the DagBag from /home/airflow/.local/lib/python3.7/site-packages/airflow/example_dags/example_skip_dag.py
[2026-09-30T22:33:57.491+0000] {processor.py:753} INFO - DAG(s) dict_keys(['example_skip_dag']) retrieved from /home/airflow/.local/lib/python3.7/site-packages/airflow/example_dags/example_skip_dag.py
[2026-09-30T22:33:57.540+0000] {logging_mixin.py:137} INFO - [2026-09-30T22:33:57.540+0000] {dag.py:2676} INFO - Sync 1 DAGs
[2026-09-30T22:33:57.580+0000] {logging_mixin.py:137} INFO - [2026-09-30T22:33:57.580+0000] {dag.py:3427} INFO - Setting next_dagrun for example_skip_dag to 2026-09-29T22:33:57.579930+00:00, run_after=2026-09-30T22:33:57.579930+00:00
[2026-09-30T22:33:57.602+0000] {processor.py:175} INFO - Processing /home/airflow/.local/lib/python3.7/site-packages/airflow/example_dags/example_skip_dag.py took 0.136 seconds
[2026-09-30T22:34:27.801+0000] {processor.py:153} INFO - Started process (PID=745) to work on /home/airflow/.local/lib/python3.7/site-packages/airflow/example_dags/example_skip_dag.py
[2026-09-30T22:34:27.802+0000] {processor.py:743} INFO - Processing file /home/airflow/.local/lib/python3.7/site-packages/airflow/example_dags/example_skip_dag.py for tasks to queue
[2026-09-30T22:34:27.802+0000] {logging_mixin.py:137} INFO - [2026-09-30T22:34:27.802+0000] {dagbag.py:538} INFO - Filling up the DagBag from /home/airflow/.local/lib/python3.7/site-packages/airflow/example_dags/example_skip_dag.py
[2026-09-30T22:34:27.821+0000] {processor.py:753} INFO - DAG(s) dict_keys(['example_skip_dag']) retrieved from /home/airflow/.local/lib/python3.7/site-packages/airflow/example_dags/example_skip_dag.py
[2026-09-30T22:34:27.871+0000] {logging_mixin.py:137} INFO - [2026-09-30T22:34:27.871+0000] {dag.py:2676} INFO - Sync 1 DAGs
[2026-09-30T22:34:27.919+0000] {logging_mixin.py:137} INFO - [2026-09-30T22:34:27.919+0000] {dag.py:3427} INFO - Setting next_dagrun for example_skip_dag to 2026-09-29T22:34:27.918609+00:00, run_after=2026-09-30T22:34:27.918609+00:00
[2026-09-30T22:34:27.947+0000] {processor.py:175} INFO - Processing /home/airflow/.local/lib/python3.7/site-packages/airflow/example_dags/example_skip_dag.py took 0.151 seconds
[2026-09-30T22:34:58.173+0000] {processor.py:153} INFO - Started process (PID=824) to work on /home/airflow/.local/lib/python3.7/site-packages/airflow/example_dags/example_skip_dag.py
[2026-09-30T22:34:58.175+0000] {processor.py:743} INFO - Processing file /home/airflow/.local/lib/python3.7/site-packages/airflow/example_dags/example_skip_dag.py for tasks to queue
[2026-09-30T22:34:58.175+0000] {logging_mixin.py:137} INFO - [2026-09-30T22:34:58.175+0000] {dagbag.py:538} INFO - Filling up the DagBag from /home/airflow/.local/lib/python3.7/site-packages/airflow/example_dags/example_skip_dag.py
[2026-09-30T22:34:58.194+0000] {processor.py:753} INFO - DAG(s) dict_keys(['example_skip_dag']) retrieved from /home/airflow/.local/lib/python3.7/site-packages/airflow/example_dags/example_skip_dag.py
[2026-09-30T22:34:58.254+0000] {logging_mixin.py:137} INFO - [2026-09-30T22:34:58.254+0000] {dag.py:2676} INFO - Sync 1 DAGs
[2026-09-30T22:34:58.290+0000] {logging_mixin.py:137} INFO - [2026-09-30T22:34:58.290+0000] {dag.py:3427} INFO - Setting next_dagrun for example_skip_dag to 2026-09-29T22:34:58.290359+00:00, run_after=2026-09-30T22:34:58.290359+00:00
[2026-09-30T22:34:58.317+0000] {processor.py:175} INFO - Processing /home/airflow/.local/lib/python3.7/site-packages/airflow/example_dags/example_skip_dag.py took 0.148 seconds
[2026-09-30T22:35:28.838+0000] {processor.py:153} INFO - Started process (PID=923) to work on /home/airflow/.local/lib/python3.7/site-packages/airflow/example_dags/example_skip_dag.py
[2026-09-30T22:35:28.839+0000] {processor.py:743} INFO - Processing file /home/airflow/.local/lib/python3.7/site-packages/airflow/example_dags/example_skip_dag.py for tasks to queue
[2026-09-30T22:35:28.840+0000] {logging_mixin.py:137} INFO - [2026-09-30T22:35:28.840+0000] {dagbag.py:538} INFO - Filling up the DagBag from /home/airflow/.local/lib/python3.7/site-packages/airflow/example_dags/example_skip_dag.py
[2026-09-30T22:35:28.858+0000] {processor.py:753} INFO - DAG(s) dict_keys(['example_skip_dag']) retrieved from /home/airflow/.local/lib/python3.7/site-packages/airflow/example_dags/example_skip_dag.py
[2026-09-30T22:35:28.910+0000] {logging_mixin.py:137} INFO - [2026-09-30T22:35:28.910+0000] {dag.py:2676} INFO - Sync 1 DAGs
[2026-09-30T22:35:28.944+0000] {logging_mixin.py:137} INFO - [2026-09-30T22:35:28.943+0000] {dag.py:3427} INFO - Setting next_dagrun for example_skip_dag to 2026-09-29T22:35:28.943585+00:00, run_after=2026-09-30T22:35:28.943585+00:00
[2026-09-30T22:35:28.964+0000] {processor.py:175} INFO - Processing /home/airflow/.local/lib/python3.7/site-packages/airflow/example_dags/example_skip_dag.py took 0.133 seconds
[2026-09-30T22:35:59.960+0000] {processor.py:153} INFO - Started process (PID=1002) to work on /home/airflow/.local/lib/python3.7/site-packages/airflow/example_dags/example_skip_dag.py
[2026-09-30T22:35:59.962+0000] {processor.py:743} INFO - Processing file /home/airflow/.local/lib/python3.7/site-packages/airflow/example_dags/example_skip_dag.py for tasks to queue
[2026-09-30T22:35:59.963+0000] {logging_mixin.py:137} INFO - [2026-09-30T22:35:59.963+0000] {dagbag.py:538} INFO - Filling up the DagBag from /home/airflow/.local/lib/python3.7/site-packages/airflow/example_dags/example_skip_dag.py
[2026-09-30T22:35:59.985+0000] {processor.py:753} INFO - DAG(s) dict_keys(['example_skip_dag']) retrieved from /home/airflow/.local/lib/python3.7/site-packages/airflow/example_dags/example_skip_dag.py
[2026-09-30T22:36:00.037+0000] {logging_mixin.py:137} INFO - [2026-09-30T22:36:00.037+0000] {dag.py:2676} INFO - Sync 1 DAGs
[2026-09-30T22:36:00.071+0000] {logging_mixin.py:137} INFO - [2026-09-30T22:36:00.071+0000] {dag.py:3427} INFO - Setting next_dagrun for example_skip_dag to 2026-09-29T22:36:00.071283+00:00, run_after=2026-09-30T22:36:00.071283+00:00
[2026-09-30T22:36:00.091+0000] {processor.py:175} INFO - Processing /home/airflow/.local/lib/python3.7/site-packages/airflow/example_dags/example_skip_dag.py took 0.137 seconds
[2026-09-30T22:36:30.272+0000] {processor.py:153} INFO - Started process (PID=1081) to work on /home/airflow/.local/lib/python3.7/site-packages/airflow/example_dags/example_skip_dag.py
[2026-09-30T22:36:30.274+0000] {processor.py:743} INFO - Processing file /home/airflow/.local/lib/python3.7/site-packages/airflow/example_dags/example_skip_dag.py for tasks to queue
[2026-09-30T22:36:30.274+0000] {logging_mixin.py:137} INFO - [2026-09-30T22:36:30.274+0000] {dagbag.py:538} INFO - Filling up the DagBag from /home/airflow/.local/lib/python3.7/site-packages/airflow/example_dags/example_skip_dag.py
[2026-09-30T22:36:30.293+0000] {processor.py:753} INFO - DAG(s) dict_keys(['example_skip_dag']) retrieved from /home/airflow/.local/lib/python3.7/site-packages/airflow/example_dags/example_skip_dag.py
[2026-09-30T22:36:30.345+0000] {logging_mixin.py:137} INFO - [2026-09-30T22:36:30.345+0000] {dag.py:2676} INFO - Sync 1 DAGs
[2026-09-30T22:36:30.383+0000] {logging_mixin.py:137} INFO - [2026-09-30T22:36:30.383+0000] {dag.py:3427} INFO - Setting next_dagrun for example_skip_dag to 2026-09-29T22:36:30.383068+00:00, run_after=2026-09-30T22:36:30.383068+00:00
[2026-09-30T22:36:30.403+0000] {processor.py:175} INFO - Processing /home/airflow/.local/lib/python3.7/site-packages/airflow/example_dags/example_skip_dag.py took 0.135 seconds
[2026-09-30T22:37:00.491+0000] {processor.py:153} INFO - Started process (PID=1160) to work on /home/airflow/.local/lib/python3.7/site-packages/airflow/example_dags/example_skip_dag.py
[2026-09-30T22:37:00.492+0000] {processor.py:743} INFO - Processing file /home/airflow/.local/lib/python3.7/site-packages/airflow/example_dags/example_skip_dag.py for tasks to queue
[2026-09-30T22:37:00.493+0000] {logging_mixin.py:137} INFO - [2026-09-30T22:37:00.492+0000] {dagbag.py:538} INFO - Filling up the DagBag from /home/airflow/.local/lib/python3.7/site-packages/airflow/example_dags/example_skip_dag.py
[2026-09-30T22:37:00.514+0000] {processor.py:753} INFO - DAG(s) dict_keys(['example_skip_dag']) retrieved from /home/airflow/.local/lib/python3.7/site-packages/airflow/example_dags/example_skip_dag.py
[2026-09-30T22:37:00.564+0000] {logging_mixin.py:137} INFO - [2026-09-30T22:37:00.564+0000] {dag.py:2676} INFO - Sync 1 DAGs
[2026-09-30T22:37:00.596+0000] {logging_mixin.py:137} INFO - [2026-09-30T22:37:00.596+0000] {dag.py:3427} INFO - Setting next_dagrun for example_skip_dag to 2026-09-29T22:37:00.595756+00:00, run_after=2026-09-30T22:37:00.595756+00:00
[2026-09-30T22:37:00.621+0000] {processor.py:175} INFO - Processing /home/airflow/.local/lib/python3.7/site-packages/airflow/example_dags/example_skip_dag.py took 0.136 seconds
[2026-09-30T22:37:30.869+0000] {processor.py:153} INFO - Started process (PID=1259) to work on /home/airflow/.local/lib/python3.7/site-packages/airflow/example_dags/example_skip_dag.py
[2026-09-30T22:37:30.871+0000] {processor.py:743} INFO - Processing file /home/airflow/.local/lib/python3.7/site-packages/airflow/example_dags/example_skip_dag.py for tasks to queue
[2026-09-30T22:37:30.871+0000] {logging_mixin.py:137} INFO - [2026-09-30T22:37:30.871+0000] {dagbag.py:538} INFO - Filling up the DagBag from /home/airflow/.local/lib/python3.7/site-packages/airflow/example_dags/example_skip_dag.py
[2026-09-30T22:37:30.895+0000] {processor.py:753} INFO - DAG(s) dict_keys(['example_skip_dag']) retrieved from /home/airflow/.local/lib/python3.7/site-packages/airflow/example_dags/example_skip_dag.py
[2026-09-30T22:37:30.961+0000] {logging_mixin.py:137} INFO - [2026-09-30T22:37:30.961+0000] {dag.py:2676} INFO - Sync 1 DAGs
[2026-09-30T22:37:30.999+0000] {logging_mixin.py:137} INFO - [2026-09-30T22:37:30.999+0000] {dag.py:3427} INFO - Setting next_dagrun for example_skip_dag to 2026-09-29T22:37:30.998701+00:00, run_after=2026-09-30T22:37:30.998701+00:00
[2026-09-30T22:37:31.021+0000] {processor.py:175} INFO - Processing /home/airflow/.local/lib/python3.7/site-packages/airflow/example_dags/example_skip_dag.py took 0.156 seconds
[2026-09-30T22:38:02.074+0000] {processor.py:153} INFO - Started process (PID=1338) to work on /home/airflow/.local/lib/python3.7/site-packages/airflow/example_dags/example_skip_dag.py
[2026-09-30T22:38:02.075+0000] {processor.py:743} INFO - Processing file /home/airflow/.local/lib/python3.7/site-packages/airflow/example_dags/example_skip_dag.py for tasks to queue
[2026-09-30T22:38:02.076+0000] {logging_mixin.py:137} INFO - [2026-09-30T22:38:02.076+0000] {dagbag.py:538} INFO - Filling up the DagBag from /home/airflow/.local/lib/python3.7/site-packages/airflow/example_dags/example_skip_dag.py
[2026-09-30T22:38:02.095+0000] {processor.py:753} INFO - DAG(s) dict_keys(['example_skip_dag']) retrieved from /home/airflow/.local/lib/python3.7/site-packages/airflow/example_dags/example_skip_dag.py
[2026-09-30T22:38:02.163+0000] {logging_mixin.py:137} INFO - [2026-09-30T22:38:02.163+0000] {dag.py:2676} INFO - Sync 1 DAGs
[2026-09-30T22:38:02.211+0000] {logging_mixin.py:137} INFO - [2026-09-30T22:38:02.211+0000] {dag.py:3427} INFO - Setting next_dagrun for example_skip_dag to 2026-09-29T22:38:02.210802+00:00, run_after=2026-09-30T22:38:02.210802+00:00
[2026-09-30T22:38:02.234+0000] {processor.py:175} INFO - Processing /home/airflow/.local/lib/python3.7/site-packages/airflow/example_dags/example_skip_dag.py took 0.165 seconds
[2026-09-30T22:38:33.149+0000] {processor.py:153} INFO - Started process (PID=1417) to work on /home/airflow/.local/lib/python3.7/site-packages/airflow/example_dags/example_skip_dag.py
[2026-09-30T22:38:33.150+0000] {processor.py:743} INFO - Processing file /home/airflow/.local/lib/python3.7/site-packages/airflow/example_dags/example_skip_dag.py for tasks to queue
[2026-09-30T22:38:33.151+0000] {logging_mixin.py:137} INFO - [2026-09-30T22:38:33.151+0000] {dagbag.py:538} INFO - Filling up the DagBag from /home/airflow/.local/lib/python3.7/site-packages/airflow/example_dags/example_skip_dag.py
[2026-09-30T22:38:33.170+0000] {processor.py:753} INFO - DAG(s) dict_keys(['example_skip_dag']) retrieved from /home/airflow/.local/lib/python3.7/site-packages/airflow/example_dags/example_skip_dag.py
[2026-09-30T22:38:33.221+0000] {logging_mixin.py:137} INFO - [2026-09-30T22:38:33.221+0000] {dag.py:2676} INFO - Sync 1 DAGs
[2026-09-30T22:38:33.255+0000] {logging_mixin.py:137} INFO - [2026-09-30T22:38:33.254+0000] {dag.py:3427} INFO - Setting next_dagrun for example_skip_dag to 2026-09-29T22:38:33.254522+00:00, run_after=2026-09-30T22:38:33.254522+00:00
[2026-09-30T22:38:33.280+0000] {processor.py:175} INFO - Processing /home/airflow/.local/lib/python3.7/site-packages/airflow/example_dags/example_skip_dag.py took 0.134 seconds
[2026-09-30T22:39:04.053+0000] {processor.py:153} INFO - Started process (PID=1505) to work on /home/airflow/.local/lib/python3.7/site-packages/airflow/example_dags/example_skip_dag.py
[2026-09-30T22:39:04.054+0000] {processor.py:743} INFO - Processing file /home/airflow/.local/lib/python3.7/site-packages/airflow/example_dags/example_skip_dag.py for tasks to queue
[2026-09-30T22:39:04.055+0000] {logging_mixin.py:137} INFO - [2026-09-30T22:39:04.054+0000] {dagbag.py:538} INFO - Filling up the DagBag from /home/airflow/.local/lib/python3.7/site-packages/airflow/example_dags/example_skip_dag.py
[2026-09-30T22:39:04.072+0000] {processor.py:753} INFO - DAG(s) dict_keys(['example_skip_dag']) retrieved from /home/airflow/.local/lib/python3.7/site-packages/airflow/example_dags/example_skip_dag.py
[2026-09-30T22:39:04.130+0000] {logging_mixin.py:137} INFO - [2026-09-30T22:39:04.130+0000] {dag.py:2676} INFO - Sync 1 DAGs
[2026-09-30T22:39:04.163+0000] {logging_mixin.py:137} INFO - [2026-09-30T22:39:04.162+0000] {dag.py:3427} INFO - Setting next_dagrun for example_skip_dag to 2026-09-29T22:39:04.162671+00:00, run_after=2026-09-30T22:39:04.162671+00:00
[2026-09-30T22:39:04.189+0000] {processor.py:175} INFO - Processing /home/airflow/.local/lib/python3.7/site-packages/airflow/example_dags/example_skip_dag.py took 0.140 seconds
[2026-09-30T22:39:34.897+0000] {processor.py:153} INFO - Started process (PID=1595) to work on /home/airflow/.local/lib/python3.7/site-packages/airflow/example_dags/example_skip_dag.py
[2026-09-30T22:39:34.898+0000] {processor.py:743} INFO - Processing file /home/airflow/.local/lib/python3.7/site-packages/airflow/example_dags/example_skip_dag.py for tasks to queue
[2026-09-30T22:39:34.899+0000] {logging_mixin.py:137} INFO - [2026-09-30T22:39:34.899+0000] {dagbag.py:538} INFO - Filling up the DagBag from /home/airflow/.local/lib/python3.7/site-packages/airflow/example_dags/example_skip_dag.py
[2026-09-30T22:39:34.916+0000] {processor.py:753} INFO - DAG(s) dict_keys(['example_skip_dag']) retrieved from /home/airflow/.local/lib/python3.7/site-packages/airflow/example_dags/example_skip_dag.py
[2026-09-30T22:39:34.969+0000] {logging_mixin.py:137} INFO - [2026-09-30T22:39:34.969+0000] {dag.py:2676} INFO - Sync 1 DAGs
[2026-09-30T22:39:35.006+0000] {logging_mixin.py:137} INFO - [2026-09-30T22:39:35.005+0000] {dag.py:3427} INFO - Setting next_dagrun for example_skip_dag to 2026-09-29T22:39:35.005559+00:00, run_after=2026-09-30T22:39:35.005559+00:00
[2026-09-30T22:39:35.028+0000] {processor.py:175} INFO - Processing /home/airflow/.local/lib/python3.7/site-packages/airflow/example_dags/example_skip_dag.py took 0.134 seconds
[2026-09-30T22:40:05.539+0000] {processor.py:153} INFO - Started process (PID=1674) to work on /home/airflow/.local/lib/python3.7/site-packages/airflow/example_dags/example_skip_dag.py
[2026-09-30T22:40:05.541+0000] {processor.py:743} INFO - Processing file /home/airflow/.local/lib/python3.7/site-packages/airflow/example_dags/example_skip_dag.py for tasks to queue
[2026-09-30T22:40:05.542+0000] {logging_mixin.py:137} INFO - [2026-09-30T22:40:05.542+0000] {dagbag.py:538} INFO - Filling up the DagBag from /home/airflow/.local/lib/python3.7/site-packages/airflow/example_dags/example_skip_dag.py
[2026-09-30T22:40:05.571+0000] {processor.py:753} INFO - DAG(s) dict_keys(['example_skip_dag']) retrieved from /home/airflow/.local/lib/python3.7/site-packages/airflow/example_dags/example_skip_dag.py
[2026-09-30T22:40:05.632+0000] {logging_mixin.py:137} INFO - [2026-09-30T22:40:05.632+0000] {dag.py:2676} INFO - Sync 1 DAGs
[2026-09-30T22:40:05.679+0000] {logging_mixin.py:137} INFO - [2026-09-30T22:40:05.679+0000] {dag.py:3427} INFO - Setting next_dagrun for example_skip_dag to 2026-09-29T22:40:05.679360+00:00, run_after=2026-09-30T22:40:05.679360+00:00
[2026-09-30T22:40:05.700+0000] {processor.py:175} INFO - Processing /home/airflow/.local/lib/python3.7/site-packages/airflow/example_dags/example_skip_dag.py took 0.166 seconds
[2026-09-30T22:40:36.032+0000] {processor.py:153} INFO - Started process (PID=1753) to work on /home/airflow/.local/lib/python3.7/site-packages/airflow/example_dags/example_skip_dag.py
[2026-09-30T22:40:36.033+0000] {processor.py:743} INFO - Processing file /home/airflow/.local/lib/python3.7/site-packages/airflow/example_dags/example_skip_dag.py for tasks to queue
[2026-09-30T22:40:36.034+0000] {logging_mixin.py:137} INFO - [2026-09-30T22:40:36.034+0000] {dagbag.py:538} INFO - Filling up the DagBag from /home/airflow/.local/lib/python3.7/site-packages/airflow/example_dags/example_skip_dag.py
[2026-09-30T22:40:36.067+0000] {processor.py:753} INFO - DAG(s) dict_keys(['example_skip_dag']) retrieved from /home/airflow/.local/lib/python3.7/site-packages/airflow/example_dags/example_skip_dag.py
[2026-09-30T22:40:36.122+0000] {logging_mixin.py:137} INFO - [2026-09-30T22:40:36.122+0000] {dag.py:2676} INFO - Sync 1 DAGs
[2026-09-30T22:40:36.154+0000] {logging_mixin.py:137} INFO - [2026-09-30T22:40:36.154+0000] {dag.py:3427} INFO - Setting next_dagrun for example_skip_dag to 2026-09-29T22:40:36.154326+00:00, run_after=2026-09-30T22:40:36.154326+00:00
[2026-09-30T22:40:36.175+0000] {processor.py:175} INFO - Processing /home/airflow/.local/lib/python3.7/site-packages/airflow/example_dags/example_skip_dag.py took 0.150 seconds
[2026-09-30T22:41:06.535+0000] {processor.py:153} INFO - Started process (PID=1852) to work on /home/airflow/.local/lib/python3.7/site-packages/airflow/example_dags/example_skip_dag.py
[2026-09-30T22:41:06.536+0000] {processor.py:743} INFO - Processing file /home/airflow/.local/lib/python3.7/site-packages/airflow/example_dags/example_skip_dag.py for tasks to queue
[2026-09-30T22:41:06.537+0000] {logging_mixin.py:137} INFO - [2026-09-30T22:41:06.537+0000] {dagbag.py:538} INFO - Filling up the DagBag from /home/airflow/.local/lib/python3.7/site-packages/airflow/example_dags/example_skip_dag.py
[2026-09-30T22:41:06.556+0000] {processor.py:753} INFO - DAG(s) dict_keys(['example_skip_dag']) retrieved from /home/airflow/.local/lib/python3.7/site-packages/airflow/example_dags/example_skip_dag.py
[2026-09-30T22:41:06.600+0000] {logging_mixin.py:137} INFO - [2026-09-30T22:41:06.600+0000] {dag.py:2676} INFO - Sync 1 DAGs
[2026-09-30T22:41:06.629+0000] {logging_mixin.py:137} INFO - [2026-09-30T22:41:06.629+0000] {dag.py:3427} INFO - Setting next_dagrun for example_skip_dag to 2026-09-29T22:41:06.629209+00:00, run_after=2026-09-30T22:41:06.629209+00:00
[2026-09-30T22:41:06.647+0000] {processor.py:175} INFO - Processing /home/airflow/.local/lib/python3.7/site-packages/airflow/example_dags/example_skip_dag.py took 0.116 seconds
[2026-09-30T22:41:37.295+0000] {processor.py:153} INFO - Started process (PID=1931) to work on /home/airflow/.local/lib/python3.7/site-packages/airflow/example_dags/example_skip_dag.py
[2026-09-30T22:41:37.297+0000] {processor.py:743} INFO - Processing file /home/airflow/.local/lib/python3.7/site-packages/airflow/example_dags/example_skip_dag.py for tasks to queue
[2026-09-30T22:41:37.298+0000] {logging_mixin.py:137} INFO - [2026-09-30T22:41:37.298+0000] {dagbag.py:538} INFO - Filling up the DagBag from /home/airflow/.local/lib/python3.7/site-packages/airflow/example_dags/example_skip_dag.py
[2026-09-30T22:41:37.316+0000] {processor.py:753} INFO - DAG(s) dict_keys(['example_skip_dag']) retrieved from /home/airflow/.local/lib/python3.7/site-packages/airflow/example_dags/example_skip_dag.py
[2026-09-30T22:41:37.366+0000] {logging_mixin.py:137} INFO - [2026-09-30T22:41:37.366+0000] {dag.py:2676} INFO - Sync 1 DAGs
[2026-09-30T22:41:37.400+0000] {logging_mixin.py:137} INFO - [2026-09-30T22:41:37.399+0000] {dag.py:3427} INFO - Setting next_dagrun for example_skip_dag to 2026-09-29T22:41:37.399598+00:00, run_after=2026-09-30T22:41:37.399598+00:00
[2026-09-30T22:41:37.421+0000] {processor.py:175} INFO - Processing /home/airflow/.local/lib/python3.7/site-packages/airflow/example_dags/example_skip_dag.py took 0.131 seconds
[2026-09-30T22:42:08.000+0000] {processor.py:153} INFO - Started process (PID=2010) to work on /home/airflow/.local/lib/python3.7/site-packages/airflow/example_dags/example_skip_dag.py
[2026-09-30T22:42:08.001+0000] {processor.py:743} INFO - Processing file /home/airflow/.local/lib/python3.7/site-packages/airflow/example_dags/example_skip_dag.py for tasks to queue
[2026-09-30T22:42:08.002+0000] {logging_mixin.py:137} INFO - [2026-09-30T22:42:08.001+0000] {dagbag.py:538} INFO - Filling up the DagBag from /home/airflow/.local/lib/python3.7/site-packages/airflow/example_dags/example_skip_dag.py
[2026-09-30T22:42:08.026+0000] {processor.py:753} INFO - DAG(s) dict_keys(['example_skip_dag']) retrieved from /home/airflow/.local/lib/python3.7/site-packages/airflow/example_dags/example_skip_dag.py
[2026-09-30T22:42:08.085+0000] {logging_mixin.py:137} INFO - [2026-09-30T22:42:08.085+0000] {dag.py:2676} INFO - Sync 1 DAGs
[2026-09-30T22:42:08.122+0000] {logging_mixin.py:137} INFO - [2026-09-30T22:42:08.122+0000] {dag.py:3427} INFO - Setting next_dagrun for example_skip_dag to 2026-09-29T22:42:08.122138+00:00, run_after=2026-09-30T22:42:08.122138+00:00
[2026-09-30T22:42:08.142+0000] {processor.py:175} INFO - Processing /home/airflow/.local/lib/python3.7/site-packages/airflow/example_dags/example_skip_dag.py took 0.148 seconds
[2026-09-30T22:42:39.015+0000] {processor.py:153} INFO - Started process (PID=2098) to work on /home/airflow/.local/lib/python3.7/site-packages/airflow/example_dags/example_skip_dag.py
[2026-09-30T22:42:39.017+0000] {processor.py:743} INFO - Processing file /home/airflow/.local/lib/python3.7/site-packages/airflow/example_dags/example_skip_dag.py for tasks to queue
[2026-09-30T22:42:39.018+0000] {logging_mixin.py:137} INFO - [2026-09-30T22:42:39.017+0000] {dagbag.py:538} INFO - Filling up the DagBag from /home/airflow/.local/lib/python3.7/site-packages/airflow/example_dags/example_skip_dag.py
[2026-09-30T22:42:39.036+0000] {processor.py:753} INFO - DAG(s) dict_keys(['example_skip_dag']) retrieved from /home/airflow/.local/lib/python3.7/site-packages/airflow/example_dags/example_skip_dag.py
[2026-09-30T22:42:39.090+0000] {logging_mixin.py:137} INFO - [2026-09-30T22:42:39.090+0000] {dag.py:2676} INFO - Sync 1 DAGs
[2026-09-30T22:42:39.129+0000] {logging_mixin.py:137} INFO - [2026-09-30T22:42:39.129+0000] {dag.py:3427} INFO - Setting next_dagrun for example_skip_dag to 2026-09-29T22:42:39.129150+00:00, run_after=2026-09-30T22:42:39.129150+00:00
[2026-09-30T22:42:39.159+0000] {processor.py:175} INFO - Processing /home/airflow/.local/lib/python3.7/site-packages/airflow/example_dags/example_skip_dag.py took 0.148 seconds
[2026-09-30T22:43:09.390+0000] {processor.py:153} INFO - Started process (PID=2188) to work on /home/airflow/.local/lib/python3.7/site-packages/airflow/example_dags/example_skip_dag.py
[2026-09-30T22:43:09.391+0000] {processor.py:743} INFO - Processing file /home/airflow/.local/lib/python3.7/site-packages/airflow/example_dags/example_skip_dag.py for tasks to queue
[2026-09-30T22:43:09.391+0000] {logging_mixin.py:137} INFO - [2026-09-30T22:43:09.391+0000] {dagbag.py:538} INFO - Filling up the DagBag from /home/airflow/.local/lib/python3.7/site-packages/airflow/example_dags/example_skip_dag.py
[2026-09-30T22:43:09.417+0000] {processor.py:753} INFO - DAG(s) dict_keys(['example_skip_dag']) retrieved from /home/airflow/.local/lib/python3.7/site-packages/airflow/example_dags/example_skip_dag.py
[2026-09-30T22:43:09.474+0000] {logging_mixin.py:137} INFO - [2026-09-30T22:43:09.474+0000] {dag.py:2676} INFO - Sync 1 DAGs
[2026-09-30T22:43:09.511+0000] {logging_mixin.py:137} INFO - [2026-09-30T22:43:09.511+0000] {dag.py:3427} INFO - Setting next_dagrun for example_skip_dag to 2026-09-29T22:43:09.510963+00:00, run_after=2026-09-30T22:43:09.510963+00:00
[2026-09-30T22:43:09.542+0000] {processor.py:175} INFO - Processing /home/airflow/.local/lib/python3.7/site-packages/airflow/example_dags/example_skip_dag.py took 0.156 seconds
[2026-09-30T22:43:40.429+0000] {processor.py:153} INFO - Started process (PID=2267) to work on /home/airflow/.local/lib/python3.7/site-packages/airflow/example_dags/example_skip_dag.py
[2026-09-30T22:43:40.430+0000] {processor.py:743} INFO - Processing file /home/airflow/.local/lib/python3.7/site-packages/airflow/example_dags/example_skip_dag.py for tasks to queue
[2026-09-30T22:43:40.431+0000] {logging_mixin.py:137} INFO - [2026-09-30T22:43:40.431+0000] {dagbag.py:538} INFO - Filling up the DagBag from /home/airflow/.local/lib/python3.7/site-packages/airflow/example_dags/example_skip_dag.py
[2026-09-30T22:43:40.456+0000] {processor.py:753} INFO - DAG(s) dict_keys(['example_skip_dag']) retrieved from /home/airflow/.local/lib/python3.7/site-packages/airflow/example_dags/example_skip_dag.py
[2026-09-30T22:43:40.521+0000] {logging_mixin.py:137} INFO - [2026-09-30T22:43:40.521+0000] {dag.py:2676} INFO - Sync 1 DAGs
[2026-09-30T22:43:40.566+0000] {logging_mixin.py:137} INFO - [2026-09-30T22:43:40.566+0000] {dag.py:3427} INFO - Setting next_dagrun for example_skip_dag to 2026-09-29T22:43:40.565743+00:00, run_after=2026-09-30T22:43:40.565743+00:00
[2026-09-30T22:43:40.597+0000] {processor.py:175} INFO - Processing /home/airflow/.local/lib/python3.7/site-packages/airflow/example_dags/example_skip_dag.py took 0.174 seconds
[2026-09-30T22:44:11.396+0000] {processor.py:153} INFO - Started process (PID=2346) to work on /home/airflow/.local/lib/python3.7/site-packages/airflow/example_dags/example_skip_dag.py
[2026-09-30T22:44:11.397+0000] {processor.py:743} INFO - Processing file /home/airflow/.local/lib/python3.7/site-packages/airflow/example_dags/example_skip_dag.py for tasks to queue
[2026-09-30T22:44:11.398+0000] {logging_mixin.py:137} INFO - [2026-09-30T22:44:11.398+0000] {dagbag.py:538} INFO - Filling up the DagBag from /home/airflow/.local/lib/python3.7/site-packages/airflow/example_dags/example_skip_dag.py
[2026-09-30T22:44:11.417+0000] {processor.py:753} INFO - DAG(s) dict_keys(['example_skip_dag']) retrieved from /home/airflow/.local/lib/python3.7/site-packages/airflow/example_dags/example_skip_dag.py
[2026-09-30T22:44:11.473+0000] {logging_mixin.py:137} INFO - [2026-09-30T22:44:11.472+0000] {dag.py:2676} INFO - Sync 1 DAGs
[2026-09-30T22:44:11.506+0000] {logging_mixin.py:137} INFO - [2026-09-30T22:44:11.506+0000] {dag.py:3427} INFO - Setting next_dagrun for example_skip_dag to 2026-09-29T22:44:11.505894+00:00, run_after=2026-09-30T22:44:11.505894+00:00
[2026-09-30T22:44:11.531+0000] {processor.py:175} INFO - Processing /home/airflow/.local/lib/python3.7/site-packages/airflow/example_dags/example_skip_dag.py took 0.138 seconds
[2026-09-30T22:44:42.481+0000] {processor.py:153} INFO - Started process (PID=2445) to work on /home/airflow/.local/lib/python3.7/site-packages/airflow/example_dags/example_skip_dag.py
[2026-09-30T22:44:42.482+0000] {processor.py:743} INFO - Processing file /home/airflow/.local/lib/python3.7/site-packages/airflow/example_dags/example_skip_dag.py for tasks to queue
[2026-09-30T22:44:42.483+0000] {logging_mixin.py:137} INFO - [2026-09-30T22:44:42.483+0000] {dagbag.py:538} INFO - Filling up the DagBag from /home/airflow/.local/lib/python3.7/site-packages/airflow/example_dags/example_skip_dag.py
[2026-09-30T22:44:42.503+0000] {processor.py:753} INFO - DAG(s) dict_keys(['example_skip_dag']) retrieved from /home/airflow/.local/lib/python3.7/site-packages/airflow/example_dags/example_skip_dag.py
[2026-09-30T22:44:42.570+0000] {logging_mixin.py:137} INFO - [2026-09-30T22:44:42.570+0000] {dag.py:2676} INFO - Sync 1 DAGs
[2026-09-30T22:44:42.655+0000] {logging_mixin.py:137} INFO - [2026-09-30T22:44:42.654+0000] {dag.py:3427} INFO - Setting next_dagrun for example_skip_dag to 2026-09-29T22:44:42.654274+00:00, run_after=2026-09-30T22:44:42.654274+00:00
[2026-09-30T22:44:42.711+0000] {processor.py:175} INFO - Processing /home/airflow/.local/lib/python3.7/site-packages/airflow/example_dags/example_skip_dag.py took 0.233 seconds
[2026-09-30T22:45:12.901+0000] {processor.py:153} INFO - Started process (PID=2524) to work on /home/airflow/.local/lib/python3.7/site-packages/airflow/example_dags/example_skip_dag.py
[2026-09-30T22:45:12.903+0000] {processor.py:743} INFO - Processing file /home/airflow/.local/lib/python3.7/site-packages/airflow/example_dags/example_skip_dag.py for tasks to queue
[2026-09-30T22:45:12.904+0000] {logging_mixin.py:137} INFO - [2026-09-30T22:45:12.903+0000] {dagbag.py:538} INFO - Filling up the DagBag from /home/airflow/.local/lib/python3.7/site-packages/airflow/example_dags/example_skip_dag.py
[2026-09-30T22:45:12.922+0000] {processor.py:753} INFO - DAG(s) dict_keys(['example_skip_dag']) retrieved from /home/airflow/.local/lib/python3.7/site-packages/airflow/example_dags/example_skip_dag.py
[2026-09-30T22:45:12.969+0000] {logging_mixin.py:137} INFO - [2026-09-30T22:45:12.969+0000] {dag.py:2676} INFO - Sync 1 DAGs
[2026-09-30T22:45:13.000+0000] {logging_mixin.py:137} INFO - [2026-09-30T22:45:13.000+0000] {dag.py:3427} INFO - Setting next_dagrun for example_skip_dag to 2026-09-29T22:45:13.000240+00:00, run_after=2026-09-30T22:45:13.000240+00:00
[2026-09-30T22:45:13.031+0000] {processor.py:175} INFO - Processing /home/airflow/.local/lib/python3.7/site-packages/airflow/example_dags/example_skip_dag.py took 0.133 seconds
[2026-09-30T22:45:43.193+0000] {processor.py:153} INFO - Started process (PID=2603) to work on /home/airflow/.local/lib/python3.7/site-packages/airflow/example_dags/example_skip_dag.py
[2026-09-30T22:45:43.195+0000] {processor.py:743} INFO - Processing file /home/airflow/.local/lib/python3.7/site-packages/airflow/example_dags/example_skip_dag.py for tasks to queue
[2026-09-30T22:45:43.196+0000] {logging_mixin.py:137} INFO - [2026-09-30T22:45:43.196+0000] {dagbag.py:538} INFO - Filling up the DagBag from /home/airflow/.local/lib/python3.7/site-packages/airflow/example_dags/example_skip_dag.py
[2026-09-30T22:45:43.223+0000] {processor.py:753} INFO - DAG(s) dict_keys(['example_skip_dag']) retrieved from /home/airflow/.local/lib/python3.7/site-packages/airflow/example_dags/example_skip_dag.py
[2026-09-30T22:45:43.270+0000] {logging_mixin.py:137} INFO - [2026-09-30T22:45:43.270+0000] {dag.py:2676} INFO - Sync 1 DAGs
[2026-09-30T22:45:43.306+0000] {logging_mixin.py:137} INFO - [2026-09-30T22:45:43.306+0000] {dag.py:3427} INFO - Setting next_dagrun for example_skip_dag to 2026-09-29T22:45:43.306166+00:00, run_after=2026-09-30T22:45:43.306166+00:00
[2026-09-30T22:45:43.335+0000] {processor.py:175} INFO - Processing /home/airflow/.local/lib/python3.7/site-packages/airflow/example_dags/example_skip_dag.py took 0.147 seconds
[2026-09-30T22:46:13.476+0000] {processor.py:153} INFO - Started process (PID=2682) to work on /home/airflow/.local/lib/python3.7/site-packages/airflow/example_dags/example_skip_dag.py
[2026-09-30T22:46:13.479+0000] {processor.py:743} INFO - Processing file /home/airflow/.local/lib/python3.7/site-packages/airflow/example_dags/example_skip_dag.py for tasks to queue
[2026-09-30T22:46:13.480+0000] {logging_mixin.py:137} INFO - [2026-09-30T22:46:13.480+0000] {dagbag.py:538} INFO - Filling up the DagBag from /home/airflow/.local/lib/python3.7/site-packages/airflow/example_dags/example_skip_dag.py
[2026-09-30T22:46:13.507+0000] {processor.py:753} INFO - DAG(s) dict_keys(['example_skip_dag']) retrieved from /home/airflow/.local/lib/python3.7/site-packages/airflow/example_dags/example_skip_dag.py
[2026-09-30T22:46:13.581+0000] {logging_mixin.py:137} INFO - [2026-09-30T22:46:13.581+0000] {dag.py:2676} INFO - Sync 1 DAGs
[2026-09-30T22:46:13.629+0000] {logging_mixin.py:137} INFO - [2026-09-30T22:46:13.628+0000] {dag.py:3427} INFO - Setting next_dagrun for example_skip_dag to 2026-09-29T22:46:13.628707+00:00, run_after=2026-09-30T22:46:13.628707+00:00
[2026-09-30T22:46:13.651+0000] {processor.py:175} INFO - Processing /home/airflow/.local/lib/python3.7/site-packages/airflow/example_dags/example_skip_dag.py took 0.181 seconds
[2026-09-30T22:46:43.938+0000] {processor.py:153} INFO - Started process (PID=2770) to work on /home/airflow/.local/lib/python3.7/site-packages/airflow/example_dags/example_skip_dag.py
[2026-09-30T22:46:43.939+0000] {processor.py:743} INFO - Processing file /home/airflow/.local/lib/python3.7/site-packages/airflow/example_dags/example_skip_dag.py for tasks to queue
[2026-09-30T22:46:43.940+0000] {logging_mixin.py:137} INFO - [2026-09-30T22:46:43.940+0000] {dagbag.py:538} INFO - Filling up the DagBag from /home/airflow/.local/lib/python3.7/site-packages/airflow/example_dags/example_skip_dag.py
[2026-09-30T22:46:43.961+0000] {processor.py:753} INFO - DAG(s) dict_keys(['example_skip_dag']) retrieved from /home/airflow/.local/lib/python3.7/site-packages/airflow/example_dags/example_skip_dag.py
[2026-09-30T22:46:44.033+0000] {logging_mixin.py:137} INFO - [2026-09-30T22:46:44.033+0000] {dag.py:2676} INFO - Sync 1 DAGs
[2026-09-30T22:46:44.112+0000] {logging_mixin.py:137} INFO - [2026-09-30T22:46:44.111+0000] {dag.py:3427} INFO - Setting next_dagrun for example_skip_dag to 2026-09-29T22:46:44.111046+00:00, run_after=2026-09-30T22:46:44.111046+00:00
[2026-09-30T22:46:44.157+0000] {processor.py:175} INFO - Processing /home/airflow/.local/lib/python3.7/site-packages/airflow/example_dags/example_skip_dag.py took 0.225 seconds
[2026-09-30T22:47:14.275+0000] {processor.py:153} INFO - Started process (PID=2859) to work on /home/airflow/.local/lib/python3.7/site-packages/airflow/example_dags/example_skip_dag.py
[2026-09-30T22:47:14.276+0000] {processor.py:743} INFO - Processing file /home/airflow/.local/lib/python3.7/site-packages/airflow/example_dags/example_skip_dag.py for tasks to queue
[2026-09-30T22:47:14.277+0000] {logging_mixin.py:137} INFO - [2026-09-30T22:47:14.277+0000] {dagbag.py:538} INFO - Filling up the DagBag from /home/airflow/.local/lib/python3.7/site-packages/airflow/example_dags/example_skip_dag.py
[2026-09-30T22:47:14.306+0000] {processor.py:753} INFO - DAG(s) dict_keys(['example_skip_dag']) retrieved from /home/airflow/.local/lib/python3.7/site-packages/airflow/example_dags/example_skip_dag.py
[2026-09-30T22:47:14.370+0000] {logging_mixin.py:137} INFO - [2026-09-30T22:47:14.370+0000] {dag.py:2676} INFO - Sync 1 DAGs
[2026-09-30T22:47:14.414+0000] {logging_mixin.py:137} INFO - [2026-09-30T22:47:14.414+0000] {dag.py:3427} INFO - Setting next_dagrun for example_skip_dag to 2026-09-29T22:47:14.414086+00:00, run_after=2026-09-30T22:47:14.414086+00:00
[2026-09-30T22:47:14.445+0000] {processor.py:175} INFO - Processing /home/airflow/.local/lib/python3.7/site-packages/airflow/example_dags/example_skip_dag.py took 0.175 seconds
[2026-09-30T22:47:44.597+0000] {processor.py:153} INFO - Started process (PID=2938) to work on /home/airflow/.local/lib/python3.7/site-packages/airflow/example_dags/example_skip_dag.py
[2026-09-30T22:47:44.598+0000] {processor.py:743} INFO - Processing file /home/airflow/.local/lib/python3.7/site-packages/airflow/example_dags/example_skip_dag.py for tasks to queue
[2026-09-30T22:47:44.599+0000] {logging_mixin.py:137} INFO - [2026-09-30T22:47:44.598+0000] {dagbag.py:538} INFO - Filling up the DagBag from /home/airflow/.local/lib/python3.7/site-packages/airflow/example_dags/example_skip_dag.py
[2026-09-30T22:47:44.618+0000] {processor.py:753} INFO - DAG(s) dict_keys(['example_skip_dag']) retrieved from /home/airflow/.local/lib/python3.7/site-packages/airflow/example_dags/example_skip_dag.py
[2026-09-30T22:47:44.681+0000] {logging_mixin.py:137} INFO - [2026-09-30T22:47:44.681+0000] {dag.py:2676} INFO - Sync 1 DAGs
[2026-09-30T22:47:44.712+0000] {logging_mixin.py:137} INFO - [2026-09-30T22:47:44.712+0000] {dag.py:3427} INFO - Setting next_dagrun for example_skip_dag to 2026-09-29T22:47:44.712124+00:00, run_after=2026-09-30T22:47:44.712124+00:00
[2026-09-30T22:47:44.735+0000] {processor.py:175} INFO - Processing /home/airflow/.local/lib/python3.7/site-packages/airflow/example_dags/example_skip_dag.py took 0.142 seconds
[2026-09-30T22:48:15.077+0000] {processor.py:153} INFO - Started process (PID=3018) to work on /home/airflow/.local/lib/python3.7/site-packages/airflow/example_dags/example_skip_dag.py
[2026-09-30T22:48:15.078+0000] {processor.py:743} INFO - Processing file /home/airflow/.local/lib/python3.7/site-packages/airflow/example_dags/example_skip_dag.py for tasks to queue
[2026-09-30T22:48:15.079+0000] {logging_mixin.py:137} INFO - [2026-09-30T22:48:15.079+0000] {dagbag.py:538} INFO - Filling up the DagBag from /home/airflow/.local/lib/python3.7/site-packages/airflow/example_dags/example_skip_dag.py
[2026-09-30T22:48:15.099+0000] {processor.py:753} INFO - DAG(s) dict_keys(['example_skip_dag']) retrieved from /home/airflow/.local/lib/python3.7/site-packages/airflow/example_dags/example_skip_dag.py
[2026-09-30T22:48:15.149+0000] {logging_mixin.py:137} INFO - [2026-09-30T22:48:15.149+0000] {dag.py:2676} INFO - Sync 1 DAGs
[2026-09-30T22:48:15.197+0000] {logging_mixin.py:137} INFO - [2026-09-30T22:48:15.197+0000] {dag.py:3427} INFO - Setting next_dagrun for example_skip_dag to 2026-09-29T22:48:15.196698+00:00, run_after=2026-09-30T22:48:15.196698+00:00
[2026-09-30T22:48:15.226+0000] {processor.py:175} INFO - Processing /home/airflow/.local/lib/python3.7/site-packages/airflow/example_dags/example_skip_dag.py took 0.153 seconds
[2026-09-30T22:48:45.565+0000] {processor.py:153} INFO - Started process (PID=3117) to work on /home/airflow/.local/lib/python3.7/site-packages/airflow/example_dags/example_skip_dag.py
[2026-09-30T22:48:45.566+0000] {processor.py:743} INFO - Processing file /home/airflow/.local/lib/python3.7/site-packages/airflow/example_dags/example_skip_dag.py for tasks to queue
[2026-09-30T22:48:45.567+0000] {logging_mixin.py:137} INFO - [2026-09-30T22:48:45.567+0000] {dagbag.py:538} INFO - Filling up the DagBag from /home/airflow/.local/lib/python3.7/site-packages/airflow/example_dags/example_skip_dag.py
[2026-09-30T22:48:45.585+0000] {processor.py:753} INFO - DAG(s) dict_keys(['example_skip_dag']) retrieved from /home/airflow/.local/lib/python3.7/site-packages/airflow/example_dags/example_skip_dag.py
[2026-09-30T22:48:45.631+0000] {logging_mixin.py:137} INFO - [2026-09-30T22:48:45.631+0000] {dag.py:2676} INFO - Sync 1 DAGs
[2026-09-30T22:48:45.664+0000] {logging_mixin.py:137} INFO - [2026-09-30T22:48:45.664+0000] {dag.py:3427} INFO - Setting next_dagrun for example_skip_dag to 2026-09-29T22:48:45.663851+00:00, run_after=2026-09-30T22:48:45.663851+00:00
[2026-09-30T22:48:45.686+0000] {processor.py:175} INFO - Processing /home/airflow/.local/lib/python3.7/site-packages/airflow/example_dags/example_skip_dag.py took 0.126 seconds
[2026-09-30T22:49:15.771+0000] {processor.py:153} INFO - Started process (PID=3195) to work on /home/airflow/.local/lib/python3.7/site-packages/airflow/example_dags/example_skip_dag.py
[2026-09-30T22:49:15.771+0000] {processor.py:743} INFO - Processing file /home/airflow/.local/lib/python3.7/site-packages/airflow/example_dags/example_skip_dag.py for tasks to queue
[2026-09-30T22:49:15.772+0000] {logging_mixin.py:137} INFO - [2026-09-30T22:49:15.772+0000] {dagbag.py:538} INFO - Filling up the DagBag from /home/airflow/.local/lib/python3.7/site-packages/airflow/example_dags/example_skip_dag.py
[2026-09-30T22:49:15.792+0000] {processor.py:753} INFO - DAG(s) dict_keys(['example_skip_dag']) retrieved from /home/airflow/.local/lib/python3.7/site-packages/airflow/example_dags/example_skip_dag.py
[2026-09-30T22:49:15.841+0000] {logging_mixin.py:137} INFO - [2026-09-30T22:49:15.840+0000] {dag.py:2676} INFO - Sync 1 DAGs
[2026-09-30T22:49:15.882+0000] {logging_mixin.py:137} INFO - [2026-09-30T22:49:15.882+0000] {dag.py:3427} INFO - Setting next_dagrun for example_skip_dag to 2026-09-29T22:49:15.881660+00:00, run_after=2026-09-30T22:49:15.881660+00:00
[2026-09-30T22:49:15.903+0000] {processor.py:175} INFO - Processing /home/airflow/.local/lib/python3.7/site-packages/airflow/example_dags/example_skip_dag.py took 0.137 seconds
[2026-09-30T22:49:46.052+0000] {processor.py:153} INFO - Started process (PID=3274) to work on /home/airflow/.local/lib/python3.7/site-packages/airflow/example_dags/example_skip_dag.py
[2026-09-30T22:49:46.053+0000] {processor.py:743} INFO - Processing file /home/airflow/.local/lib/python3.7/site-packages/airflow/example_dags/example_skip_dag.py for tasks to queue
[2026-09-30T22:49:46.054+0000] {logging_mixin.py:137} INFO - [2026-09-30T22:49:46.054+0000] {dagbag.py:538} INFO - Filling up the DagBag from /home/airflow/.local/lib/python3.7/site-packages/airflow/example_dags/example_skip_dag.py
[2026-09-30T22:49:46.072+0000] {processor.py:753} INFO - DAG(s) dict_keys(['example_skip_dag']) retrieved from /home/airflow/.local/lib/python3.7/site-packages/airflow/example_dags/example_skip_dag.py
[2026-09-30T22:49:46.121+0000] {logging_mixin.py:137} INFO - [2026-09-30T22:49:46.121+0000] {dag.py:2676} INFO - Sync 1 DAGs
[2026-09-30T22:49:46.160+0000] {logging_mixin.py:137} INFO - [2026-09-30T22:49:46.160+0000] {dag.py:3427} INFO - Setting next_dagrun for example_skip_dag to 2026-09-29T22:49:46.159599+00:00, run_after=2026-09-30T22:49:46.159599+00:00
[2026-09-30T22:49:46.193+0000] {processor.py:175} INFO - Processing /home/airflow/.local/lib/python3.7/site-packages/airflow/example_dags/example_skip_dag.py took 0.145 seconds
[2026-09-30T22:50:16.747+0000] {processor.py:153} INFO - Started process (PID=3361) to work on /home/airflow/.local/lib/python3.7/site-packages/airflow/example_dags/example_skip_dag.py
[2026-09-30T22:50:16.748+0000] {processor.py:743} INFO - Processing file /home/airflow/.local/lib/python3.7/site-packages/airflow/example_dags/example_skip_dag.py for tasks to queue
[2026-09-30T22:50:16.749+0000] {logging_mixin.py:137} INFO - [2026-09-30T22:50:16.748+0000] {dagbag.py:538} INFO - Filling up the DagBag from /home/airflow/.local/lib/python3.7/site-packages/airflow/example_dags/example_skip_dag.py
[2026-09-30T22:50:16.772+0000] {processor.py:753} INFO - DAG(s) dict_keys(['example_skip_dag']) retrieved from /home/airflow/.local/lib/python3.7/site-packages/airflow/example_dags/example_skip_dag.py
[2026-09-30T22:50:16.827+0000] {logging_mixin.py:137} INFO - [2026-09-30T22:50:16.827+0000] {dag.py:2676} INFO - Sync 1 DAGs
[2026-09-30T22:50:16.862+0000] {logging_mixin.py:137} INFO - [2026-09-30T22:50:16.862+0000] {dag.py:3427} INFO - Setting next_dagrun for example_skip_dag to 2026-09-29T22:50:16.861684+00:00, run_after=2026-09-30T22:50:16.861684+00:00
[2026-09-30T22:50:16.898+0000] {processor.py:175} INFO - Processing /home/airflow/.local/lib/python3.7/site-packages/airflow/example_dags/example_skip_dag.py took 0.156 seconds
[2026-09-30T22:50:47.255+0000] {processor.py:153} INFO - Started process (PID=3453) to work on /home/airflow/.local/lib/python3.7/site-packages/airflow/example_dags/example_skip_dag.py
[2026-09-30T22:50:47.256+0000] {processor.py:743} INFO - Processing file /home/airflow/.local/lib/python3.7/site-packages/airflow/example_dags/example_skip_dag.py for tasks to queue
[2026-09-30T22:50:47.257+0000] {logging_mixin.py:137} INFO - [2026-09-30T22:50:47.257+0000] {dagbag.py:538} INFO - Filling up the DagBag from /home/airflow/.local/lib/python3.7/site-packages/airflow/example_dags/example_skip_dag.py
[2026-09-30T22:50:47.277+0000] {processor.py:753} INFO - DAG(s) dict_keys(['example_skip_dag']) retrieved from /home/airflow/.local/lib/python3.7/site-packages/airflow/example_dags/example_skip_dag.py
[2026-09-30T22:50:47.330+0000] {logging_mixin.py:137} INFO - [2026-09-30T22:50:47.330+0000] {dag.py:2676} INFO - Sync 1 DAGs
[2026-09-30T22:50:47.370+0000] {logging_mixin.py:137} INFO - [2026-09-30T22:50:47.369+0000] {dag.py:3427} INFO - Setting next_dagrun for example_skip_dag to 2026-09-29T22:50:47.369575+00:00, run_after=2026-09-30T22:50:47.369575+00:00
[2026-09-30T22:50:47.398+0000] {processor.py:175} INFO - Processing /home/airflow/.local/lib/python3.7/site-packages/airflow/example_dags/example_skip_dag.py took 0.146 seconds
[2026-09-30T22:51:18.958+0000] {processor.py:153} INFO - Started process (PID=3532) to work on /home/airflow/.local/lib/python3.7/site-packages/airflow/example_dags/example_skip_dag.py
[2026-09-30T22:51:18.959+0000] {processor.py:743} INFO - Processing file /home/airflow/.local/lib/python3.7/site-packages/airflow/example_dags/example_skip_dag.py for tasks to queue
[2026-09-30T22:51:18.960+0000] {logging_mixin.py:137} INFO - [2026-09-30T22:51:18.960+0000] {dagbag.py:538} INFO - Filling up the DagBag from /home/airflow/.local/lib/python3.7/site-packages/airflow/example_dags/example_skip_dag.py
[2026-09-30T22:51:18.980+0000] {processor.py:753} INFO - DAG(s) dict_keys(['example_skip_dag']) retrieved from /home/airflow/.local/lib/python3.7/site-packages/airflow/example_dags/example_skip_dag.py
[2026-09-30T22:51:19.029+0000] {logging_mixin.py:137} INFO - [2026-09-30T22:51:19.029+0000] {dag.py:2676} INFO - Sync 1 DAGs
[2026-09-30T22:51:19.068+0000] {logging_mixin.py:137} INFO - [2026-09-30T22:51:19.067+0000] {dag.py:3427} INFO - Setting next_dagrun for example_skip_dag to 2026-09-29T22:51:19.067408+00:00, run_after=2026-09-30T22:51:19.067408+00:00
[2026-09-30T22:51:19.090+0000] {processor.py:175} INFO - Processing /home/airflow/.local/lib/python3.7/site-packages/airflow/example_dags/example_skip_dag.py took 0.136 seconds
[2026-09-30T22:51:49.896+0000] {processor.py:153} INFO - Started process (PID=3618) to work on /home/airflow/.local/lib/python3.7/site-packages/airflow/example_dags/example_skip_dag.py
[2026-09-30T22:51:49.898+0000] {processor.py:743} INFO - Processing file /home/airflow/.local/lib/python3.7/site-packages/airflow/example_dags/example_skip_dag.py for tasks to queue
[2026-09-30T22:51:49.898+0000] {logging_mixin.py:137} INFO - [2026-09-30T22:51:49.898+0000] {dagbag.py:538} INFO - Filling up the DagBag from /home/airflow/.local/lib/python3.7/site-packages/airflow/example_dags/example_skip_dag.py
[2026-09-30T22:51:49.916+0000] {processor.py:753} INFO - DAG(s) dict_keys(['example_skip_dag']) retrieved from /home/airflow/.local/lib/python3.7/site-packages/airflow/example_dags/example_skip_dag.py
[2026-09-30T22:51:49.973+0000] {logging_mixin.py:137} INFO - [2026-09-30T22:51:49.973+0000] {dag.py:2676} INFO - Sync 1 DAGs
[2026-09-30T22:51:50.028+0000] {logging_mixin.py:137} INFO - [2026-09-30T22:51:50.027+0000] {dag.py:3427} INFO - Setting next_dagrun for example_skip_dag to 2026-09-29T22:51:50.027520+00:00, run_after=2026-09-30T22:51:50.027520+00:00
[2026-09-30T22:51:50.076+0000] {processor.py:175} INFO - Processing /home/airflow/.local/lib/python3.7/site-packages/airflow/example_dags/example_skip_dag.py took 0.183 seconds
[2026-09-30T22:52:20.908+0000] {processor.py:153} INFO - Started process (PID=3710) to work on /home/airflow/.local/lib/python3.7/site-packages/airflow/example_dags/example_skip_dag.py
[2026-09-30T22:52:20.909+0000] {processor.py:743} INFO - Processing file /home/airflow/.local/lib/python3.7/site-packages/airflow/example_dags/example_skip_dag.py for tasks to queue
[2026-09-30T22:52:20.910+0000] {logging_mixin.py:137} INFO - [2026-09-30T22:52:20.909+0000] {dagbag.py:538} INFO - Filling up the DagBag from /home/airflow/.local/lib/python3.7/site-packages/airflow/example_dags/example_skip_dag.py
[2026-09-30T22:52:20.928+0000] {processor.py:753} INFO - DAG(s) dict_keys(['example_skip_dag']) retrieved from /home/airflow/.local/lib/python3.7/site-packages/airflow/example_dags/example_skip_dag.py
[2026-09-30T22:52:20.980+0000] {logging_mixin.py:137} INFO - [2026-09-30T22:52:20.979+0000] {dag.py:2676} INFO - Sync 1 DAGs
[2026-09-30T22:52:21.010+0000] {logging_mixin.py:137} INFO - [2026-09-30T22:52:21.010+0000] {dag.py:3427} INFO - Setting next_dagrun for example_skip_dag to 2026-09-29T22:52:21.010308+00:00, run_after=2026-09-30T22:52:21.010308+00:00
[2026-09-30T22:52:21.029+0000] {processor.py:175} INFO - Processing /home/airflow/.local/lib/python3.7/site-packages/airflow/example_dags/example_skip_dag.py took 0.125 seconds
[2026-09-30T22:52:51.868+0000] {processor.py:153} INFO - Started process (PID=3790) to work on /home/airflow/.local/lib/python3.7/site-packages/airflow/example_dags/example_skip_dag.py
[2026-09-30T22:52:51.869+0000] {processor.py:743} INFO - Processing file /home/airflow/.local/lib/python3.7/site-packages/airflow/example_dags/example_skip_dag.py for tasks to queue
[2026-09-30T22:52:51.869+0000] {logging_mixin.py:137} INFO - [2026-09-30T22:52:51.869+0000] {dagbag.py:538} INFO - Filling up the DagBag from /home/airflow/.local/lib/python3.7/site-packages/airflow/example_dags/example_skip_dag.py
[2026-09-30T22:52:51.888+0000] {processor.py:753} INFO - DAG(s) dict_keys(['example_skip_dag']) retrieved from /home/airflow/.local/lib/python3.7/site-packages/airflow/example_dags/example_skip_dag.py
[2026-09-30T22:52:51.950+0000] {logging_mixin.py:137} INFO - [2026-09-30T22:52:51.950+0000] {dag.py:2676} INFO - Sync 1 DAGs
[2026-09-30T22:52:51.992+0000] {logging_mixin.py:137} INFO - [2026-09-30T22:52:51.992+0000] {dag.py:3427} INFO - Setting next_dagrun for example_skip_dag to 2026-09-29T22:52:51.992137+00:00, run_after=2026-09-30T22:52:51.992137+00:00
[2026-09-30T22:52:52.026+0000] {processor.py:175} INFO - Processing /home/airflow/.local/lib/python3.7/site-packages/airflow/example_dags/example_skip_dag.py took 0.162 seconds
[2026-09-30T22:53:22.829+0000] {processor.py:153} INFO - Started process (PID=3869) to work on /home/airflow/.local/lib/python3.7/site-packages/airflow/example_dags/example_skip_dag.py
[2026-09-30T22:53:22.830+0000] {processor.py:743} INFO - Processing file /home/airflow/.local/lib/python3.7/site-packages/airflow/example_dags/example_skip_dag.py for tasks to queue
[2026-09-30T22:53:22.831+0000] {logging_mixin.py:137} INFO - [2026-09-30T22:53:22.831+0000] {dagbag.py:538} INFO - Filling up the DagBag from /home/airflow/.local/lib/python3.7/site-packages/airflow/example_dags/example_skip_dag.py
[2026-09-30T22:53:22.848+0000] {processor.py:753} INFO - DAG(s) dict_keys(['example_skip_dag']) retrieved from /home/airflow/.local/lib/python3.7/site-packages/airflow/example_dags/example_skip_dag.py
[2026-09-30T22:53:22.897+0000] {logging_mixin.py:137} INFO - [2026-09-30T22:53:22.897+0000] {dag.py:2676} INFO - Sync 1 DAGs
[2026-09-30T22:53:22.939+0000] {logging_mixin.py:137} INFO - [2026-09-30T22:53:22.938+0000] {dag.py:3427} INFO - Setting next_dagrun for example_skip_dag to 2026-09-29T22:53:22.938428+00:00, run_after=2026-09-30T22:53:22.938428+00:00
[2026-09-30T22:53:22.972+0000] {processor.py:175} INFO - Processing /home/airflow/.local/lib/python3.7/site-packages/airflow/example_dags/example_skip_dag.py took 0.147 seconds
[2026-09-30T22:53:53.828+0000] {processor.py:153} INFO - Started process (PID=3968) to work on /home/airflow/.local/lib/python3.7/site-packages/airflow/example_dags/example_skip_dag.py
[2026-09-30T22:53:53.829+0000] {processor.py:743} INFO - Processing file /home/airflow/.local/lib/python3.7/site-packages/airflow/example_dags/example_skip_dag.py for tasks to queue
[2026-09-30T22:53:53.830+0000] {logging_mixin.py:137} INFO - [2026-09-30T22:53:53.830+0000] {dagbag.py:538} INFO - Filling up the DagBag from /home/airflow/.local/lib/python3.7/site-packages/airflow/example_dags/example_skip_dag.py
[2026-09-30T22:53:53.848+0000] {processor.py:753} INFO - DAG(s) dict_keys(['example_skip_dag']) retrieved from /home/airflow/.local/lib/python3.7/site-packages/airflow/example_dags/example_skip_dag.py
[2026-09-30T22:53:53.897+0000] {logging_mixin.py:137} INFO - [2026-09-30T22:53:53.896+0000] {dag.py:2676} INFO - Sync 1 DAGs
[2026-09-30T22:53:53.927+0000] {logging_mixin.py:137} INFO - [2026-09-30T22:53:53.927+0000] {dag.py:3427} INFO - Setting next_dagrun for example_skip_dag to 2026-09-29T22:53:53.927197+00:00, run_after=2026-09-30T22:53:53.927197+00:00
[2026-09-30T22:53:53.948+0000] {processor.py:175} INFO - Processing /home/airflow/.local/lib/python3.7/site-packages/airflow/example_dags/example_skip_dag.py took 0.125 seconds
[2026-09-30T22:54:24.034+0000] {processor.py:153} INFO - Started process (PID=4047) to work on /home/airflow/.local/lib/python3.7/site-packages/airflow/example_dags/example_skip_dag.py
[2026-09-30T22:54:24.034+0000] {processor.py:743} INFO - Processing file /home/airflow/.local/lib/python3.7/site-packages/airflow/example_dags/example_skip_dag.py for tasks to queue
[2026-09-30T22:54:24.035+0000] {logging_mixin.py:137} INFO - [2026-09-30T22:54:24.035+0000] {dagbag.py:538} INFO - Filling up the DagBag from /home/airflow/.local/lib/python3.7/site-packages/airflow/example_dags/example_skip_dag.py
[2026-09-30T22:54:24.053+0000] {processor.py:753} INFO - DAG(s) dict_keys(['example_skip_dag']) retrieved from /home/airflow/.local/lib/python3.7/site-packages/airflow/example_dags/example_skip_dag.py
[2026-09-30T22:54:24.095+0000] {logging_mixin.py:137} INFO - [2026-09-30T22:54:24.095+0000] {dag.py:2676} INFO - Sync 1 DAGs
[2026-09-30T22:54:24.119+0000] {logging_mixin.py:137} INFO - [2026-09-30T22:54:24.119+0000] {dag.py:3427} INFO - Setting next_dagrun for example_skip_dag to 2026-09-29T22:54:24.118979+00:00, run_after=2026-09-30T22:54:24.118979+00:00
[2026-09-30T22:54:24.135+0000] {processor.py:175} INFO - Processing /home/airflow/.local/lib/python3.7/site-packages/airflow/example_dags/example_skip_dag.py took 0.104 seconds
[2026-09-30T22:54:54.623+0000] {processor.py:153} INFO - Started process (PID=4126) to work on /home/airflow/.local/lib/python3.7/site-packages/airflow/example_dags/example_skip_dag.py
[2026-09-30T22:54:54.625+0000] {processor.py:743} INFO - Processing file /home/airflow/.local/lib/python3.7/site-packages/airflow/example_dags/example_skip_dag.py for tasks to queue
[2026-09-30T22:54:54.626+0000] {logging_mixin.py:137} INFO - [2026-09-30T22:54:54.626+0000] {dagbag.py:538} INFO - Filling up the DagBag from /home/airflow/.local/lib/python3.7/site-packages/airflow/example_dags/example_skip_dag.py
[2026-09-30T22:54:54.646+0000] {processor.py:753} INFO - DAG(s) dict_keys(['example_skip_dag']) retrieved from /home/airflow/.local/lib/python3.7/site-packages/airflow/example_dags/example_skip_dag.py
[2026-09-30T22:54:54.703+0000] {logging_mixin.py:137} INFO - [2026-09-30T22:54:54.702+0000] {dag.py:2676} INFO - Sync 1 DAGs
[2026-09-30T22:54:54.740+0000] {logging_mixin.py:137} INFO - [2026-09-30T22:54:54.740+0000] {dag.py:3427} INFO - Setting next_dagrun for example_skip_dag to 2026-09-29T22:54:54.739779+00:00, run_after=2026-09-30T22:54:54.739779+00:00
[2026-09-30T22:54:54.766+0000] {processor.py:175} INFO - Processing /home/airflow/.local/lib/python3.7/site-packages/airflow/example_dags/example_skip_dag.py took 0.147 seconds
[2026-09-30T22:55:25.545+0000] {processor.py:153} INFO - Started process (PID=4214) to work on /home/airflow/.local/lib/python3.7/site-packages/airflow/example_dags/example_skip_dag.py
[2026-09-30T22:55:25.546+0000] {processor.py:743} INFO - Processing file /home/airflow/.local/lib/python3.7/site-packages/airflow/example_dags/example_skip_dag.py for tasks to queue
[2026-09-30T22:55:25.547+0000] {logging_mixin.py:137} INFO - [2026-09-30T22:55:25.547+0000] {dagbag.py:538} INFO - Filling up the DagBag from /home/airflow/.local/lib/python3.7/site-packages/airflow/example_dags/example_skip_dag.py
[2026-09-30T22:55:25.565+0000] {processor.py:753} INFO - DAG(s) dict_keys(['example_skip_dag']) retrieved from /home/airflow/.local/lib/python3.7/site-packages/airflow/example_dags/example_skip_dag.py
[2026-09-30T22:55:25.619+0000] {logging_mixin.py:137} INFO - [2026-09-30T22:55:25.618+0000] {dag.py:2676} INFO - Sync 1 DAGs
[2026-09-30T22:55:25.659+0000] {logging_mixin.py:137} INFO - [2026-09-30T22:55:25.658+0000] {dag.py:3427} INFO - Setting next_dagrun for example_skip_dag to 2026-09-29T22:55:25.658467+00:00, run_after=2026-09-30T22:55:25.658467+00:00
[2026-09-30T22:55:25.686+0000] {processor.py:175} INFO - Processing /home/airflow/.local/lib/python3.7/site-packages/airflow/example_dags/example_skip_dag.py took 0.145 seconds
[2026-09-30T22:55:55.968+0000] {processor.py:153} INFO - Started process (PID=4304) to work on /home/airflow/.local/lib/python3.7/site-packages/airflow/example_dags/example_skip_dag.py
[2026-09-30T22:55:55.970+0000] {processor.py:743} INFO - Processing file /home/airflow/.local/lib/python3.7/site-packages/airflow/example_dags/example_skip_dag.py for tasks to queue
[2026-09-30T22:55:55.970+0000] {logging_mixin.py:137} INFO - [2026-09-30T22:55:55.970+0000] {dagbag.py:538} INFO - Filling up the DagBag from /home/airflow/.local/lib/python3.7/site-packages/airflow/example_dags/example_skip_dag.py
[2026-09-30T22:55:55.988+0000] {processor.py:753} INFO - DAG(s) dict_keys(['example_skip_dag']) retrieved from /home/airflow/.local/lib/python3.7/site-packages/airflow/example_dags/example_skip_dag.py
[2026-09-30T22:55:56.038+0000] {logging_mixin.py:137} INFO - [2026-09-30T22:55:56.038+0000] {dag.py:2676} INFO - Sync 1 DAGs
[2026-09-30T22:55:56.069+0000] {logging_mixin.py:137} INFO - [2026-09-30T22:55:56.069+0000] {dag.py:3427} INFO - Setting next_dagrun for example_skip_dag to 2026-09-29T22:55:56.068914+00:00, run_after=2026-09-30T22:55:56.068914+00:00
[2026-09-30T22:55:56.089+0000] {processor.py:175} INFO - Processing /home/airflow/.local/lib/python3.7/site-packages/airflow/example_dags/example_skip_dag.py took 0.124 seconds
[2026-09-30T22:56:26.401+0000] {processor.py:153} INFO - Started process (PID=4383) to work on /home/airflow/.local/lib/python3.7/site-packages/airflow/example_dags/example_skip_dag.py
[2026-09-30T22:56:26.402+0000] {processor.py:743} INFO - Processing file /home/airflow/.local/lib/python3.7/site-packages/airflow/example_dags/example_skip_dag.py for tasks to queue
[2026-09-30T22:56:26.403+0000] {logging_mixin.py:137} INFO - [2026-09-30T22:56:26.403+0000] {dagbag.py:538} INFO - Filling up the DagBag from /home/airflow/.local/lib/python3.7/site-packages/airflow/example_dags/example_skip_dag.py
[2026-09-30T22:56:26.431+0000] {processor.py:753} INFO - DAG(s) dict_keys(['example_skip_dag']) retrieved from /home/airflow/.local/lib/python3.7/site-packages/airflow/example_dags/example_skip_dag.py
[2026-09-30T22:56:26.507+0000] {logging_mixin.py:137} INFO - [2026-09-30T22:56:26.507+0000] {dag.py:2676} INFO - Sync 1 DAGs
[2026-09-30T22:56:26.556+0000] {logging_mixin.py:137} INFO - [2026-09-30T22:56:26.555+0000] {dag.py:3427} INFO - Setting next_dagrun for example_skip_dag to 2026-09-29T22:56:26.555555+00:00, run_after=2026-09-30T22:56:26.555555+00:00
[2026-09-30T22:56:26.589+0000] {processor.py:175} INFO - Processing /home/airflow/.local/lib/python3.7/site-packages/airflow/example_dags/example_skip_dag.py took 0.194 seconds
[2026-09-30T22:56:56.704+0000] {processor.py:153} INFO - Started process (PID=4462) to work on /home/airflow/.local/lib/python3.7/site-packages/airflow/example_dags/example_skip_dag.py
[2026-09-30T22:56:56.705+0000] {processor.py:743} INFO - Processing file /home/airflow/.local/lib/python3.7/site-packages/airflow/example_dags/example_skip_dag.py for tasks to queue
[2026-09-30T22:56:56.706+0000] {logging_mixin.py:137} INFO - [2026-09-30T22:56:56.706+0000] {dagbag.py:538} INFO - Filling up the DagBag from /home/airflow/.local/lib/python3.7/site-packages/airflow/example_dags/example_skip_dag.py
[2026-09-30T22:56:56.724+0000] {processor.py:753} INFO - DAG(s) dict_keys(['example_skip_dag']) retrieved from /home/airflow/.local/lib/python3.7/site-packages/airflow/example_dags/example_skip_dag.py
[2026-09-30T22:56:56.782+0000] {logging_mixin.py:137} INFO - [2026-09-30T22:56:56.781+0000] {dag.py:2676} INFO - Sync 1 DAGs
[2026-09-30T22:56:56.824+0000] {logging_mixin.py:137} INFO - [2026-09-30T22:56:56.824+0000] {dag.py:3427} INFO - Setting next_dagrun for example_skip_dag to 2026-09-29T22:56:56.823911+00:00, run_after=2026-09-30T22:56:56.823911+00:00
[2026-09-30T22:56:56.845+0000] {processor.py:175} INFO - Processing /home/airflow/.local/lib/python3.7/site-packages/airflow/example_dags/example_skip_dag.py took 0.145 seconds
[2026-09-30T22:57:27.164+0000] {processor.py:153} INFO - Started process (PID=4541) to work on /home/airflow/.local/lib/python3.7/site-packages/airflow/example_dags/example_skip_dag.py
[2026-09-30T22:57:27.165+0000] {processor.py:743} INFO - Processing file /home/airflow/.local/lib/python3.7/site-packages/airflow/example_dags/example_skip_dag.py for tasks to queue
[2026-09-30T22:57:27.166+0000] {logging_mixin.py:137} INFO - [2026-09-30T22:57:27.165+0000] {dagbag.py:538} INFO - Filling up the DagBag from /home/airflow/.local/lib/python3.7/site-packages/airflow/example_dags/example_skip_dag.py
[2026-09-30T22:57:27.190+0000] {processor.py:753} INFO - DAG(s) dict_keys(['example_skip_dag']) retrieved from /home/airflow/.local/lib/python3.7/site-packages/airflow/example_dags/example_skip_dag.py
[2026-09-30T22:57:27.255+0000] {logging_mixin.py:137} INFO - [2026-09-30T22:57:27.255+0000] {dag.py:2676} INFO - Sync 1 DAGs
[2026-09-30T22:57:27.287+0000] {logging_mixin.py:137} INFO - [2026-09-30T22:57:27.286+0000] {dag.py:3427} INFO - Setting next_dagrun for example_skip_dag to 2026-09-29T22:57:27.286680+00:00, run_after=2026-09-30T22:57:27.286680+00:00
[2026-09-30T22:57:27.307+0000] {processor.py:175} INFO - Processing /home/airflow/.local/lib/python3.7/site-packages/airflow/example_dags/example_skip_dag.py took 0.147 seconds
[2026-09-30T22:57:57.684+0000] {processor.py:153} INFO - Started process (PID=4640) to work on /home/airflow/.local/lib/python3.7/site-packages/airflow/example_dags/example_skip_dag.py
[2026-09-30T22:57:57.685+0000] {processor.py:743} INFO - Processing file /home/airflow/.local/lib/python3.7/site-packages/airflow/example_dags/example_skip_dag.py for tasks to queue
[2026-09-30T22:57:57.685+0000] {logging_mixin.py:137} INFO - [2026-09-30T22:57:57.685+0000] {dagbag.py:538} INFO - Filling up the DagBag from /home/airflow/.local/lib/python3.7/site-packages/airflow/example_dags/example_skip_dag.py
[2026-09-30T22:57:57.699+0000] {processor.py:753} INFO - DAG(s) dict_keys(['example_skip_dag']) retrieved from /home/airflow/.local/lib/python3.7/site-packages/airflow/example_dags/example_skip_dag.py
[2026-09-30T22:57:57.739+0000] {logging_mixin.py:137} INFO - [2026-09-30T22:57:57.738+0000] {dag.py:2676} INFO - Sync 1 DAGs
[2026-09-30T22:57:57.763+0000] {logging_mixin.py:137} INFO - [2026-09-30T22:57:57.763+0000] {dag.py:3427} INFO - Setting next_dagrun for example_skip_dag to 2026-09-29T22:57:57.763245+00:00, run_after=2026-09-30T22:57:57.763245+00:00
[2026-09-30T22:57:57.780+0000] {processor.py:175} INFO - Processing /home/airflow/.local/lib/python3.7/site-packages/airflow/example_dags/example_skip_dag.py took 0.099 seconds
[2026-09-30T22:58:28.390+0000] {processor.py:153} INFO - Started process (PID=4719) to work on /home/airflow/.local/lib/python3.7/site-packages/airflow/example_dags/example_skip_dag.py
[2026-09-30T22:58:28.392+0000] {processor.py:743} INFO - Processing file /home/airflow/.local/lib/python3.7/site-packages/airflow/example_dags/example_skip_dag.py for tasks to queue
[2026-09-30T22:58:28.393+0000] {logging_mixin.py:137} INFO - [2026-09-30T22:58:28.393+0000] {dagbag.py:538} INFO - Filling up the DagBag from /home/airflow/.local/lib/python3.7/site-packages/airflow/example_dags/example_skip_dag.py
[2026-09-30T22:58:28.423+0000] {processor.py:753} INFO - DAG(s) dict_keys(['example_skip_dag']) retrieved from /home/airflow/.local/lib/python3.7/site-packages/airflow/example_dags/example_skip_dag.py
[2026-09-30T22:58:28.495+0000] {logging_mixin.py:137} INFO - [2026-09-30T22:58:28.495+0000] {dag.py:2676} INFO - Sync 1 DAGs
[2026-09-30T22:58:28.540+0000] {logging_mixin.py:137} INFO - [2026-09-30T22:58:28.540+0000] {dag.py:3427} INFO - Setting next_dagrun for example_skip_dag to 2026-09-29T22:58:28.539984+00:00, run_after=2026-09-30T22:58:28.539984+00:00
[2026-09-30T22:58:28.563+0000] {processor.py:175} INFO - Processing /home/airflow/.local/lib/python3.7/site-packages/airflow/example_dags/example_skip_dag.py took 0.179 seconds
[2026-09-30T22:58:59.698+0000] {processor.py:153} INFO - Started process (PID=4798) to work on /home/airflow/.local/lib/python3.7/site-packages/airflow/example_dags/example_skip_dag.py
[2026-09-30T22:58:59.699+0000] {processor.py:743} INFO - Processing file /home/airflow/.local/lib/python3.7/site-packages/airflow/example_dags/example_skip_dag.py for tasks to queue
[2026-09-30T22:58:59.700+0000] {logging_mixin.py:137} INFO - [2026-09-30T22:58:59.700+0000] {dagbag.py:538} INFO - Filling up the DagBag from /home/airflow/.local/lib/python3.7/site-packages/airflow/example_dags/example_skip_dag.py
[2026-09-30T22:58:59.719+0000] {processor.py:753} INFO - DAG(s) dict_keys(['example_skip_dag']) retrieved from /home/airflow/.local/lib/python3.7/site-packages/airflow/example_dags/example_skip_dag.py
[2026-09-30T22:58:59.775+0000] {logging_mixin.py:137} INFO - [2026-09-30T22:58:59.775+0000] {dag.py:2676} INFO - Sync 1 DAGs
[2026-09-30T22:58:59.816+0000] {logging_mixin.py:137} INFO - [2026-09-30T22:58:59.815+0000] {dag.py:3427} INFO - Setting next_dagrun for example_skip_dag to 2026-09-29T22:58:59.815522+00:00, run_after=2026-09-30T22:58:59.815522+00:00
[2026-09-30T22:58:59.841+0000] {processor.py:175} INFO - Processing /home/airflow/.local/lib/python3.7/site-packages/airflow/example_dags/example_skip_dag.py took 0.147 seconds
[2026-09-30T22:59:30.657+0000] {processor.py:153} INFO - Started process (PID=4897) to work on /home/airflow/.local/lib/python3.7/site-packages/airflow/example_dags/example_skip_dag.py
[2026-09-30T22:59:30.658+0000] {processor.py:743} INFO - Processing file /home/airflow/.local/lib/python3.7/site-packages/airflow/example_dags/example_skip_dag.py for tasks to queue
[2026-09-30T22:59:30.658+0000] {logging_mixin.py:137} INFO - [2026-09-30T22:59:30.658+0000] {dagbag.py:538} INFO - Filling up the DagBag from /home/airflow/.local/lib/python3.7/site-packages/airflow/example_dags/example_skip_dag.py
[2026-09-30T22:59:30.672+0000] {processor.py:753} INFO - DAG(s) dict_keys(['example_skip_dag']) retrieved from /home/airflow/.local/lib/python3.7/site-packages/airflow/example_dags/example_skip_dag.py
[2026-09-30T22:59:30.708+0000] {logging_mixin.py:137} INFO - [2026-09-30T22:59:30.707+0000] {dag.py:2676} INFO - Sync 1 DAGs
[2026-09-30T22:59:30.733+0000] {logging_mixin.py:137} INFO - [2026-09-30T22:59:30.733+0000] {dag.py:3427} INFO - Setting next_dagrun for example_skip_dag to 2026-09-29T22:59:30.732857+00:00, run_after=2026-09-30T22:59:30.732857+00:00
[2026-09-30T22:59:30.748+0000] {processor.py:175} INFO - Processing /home/airflow/.local/lib/python3.7/site-packages/airflow/example_dags/example_skip_dag.py took 0.095 seconds
[2026-09-30T23:00:01.453+0000] {processor.py:153} INFO - Started process (PID=4976) to work on /home/airflow/.local/lib/python3.7/site-packages/airflow/example_dags/example_skip_dag.py
[2026-09-30T23:00:01.455+0000] {processor.py:743} INFO - Processing file /home/airflow/.local/lib/python3.7/site-packages/airflow/example_dags/example_skip_dag.py for tasks to queue
[2026-09-30T23:00:01.456+0000] {logging_mixin.py:137} INFO - [2026-09-30T23:00:01.456+0000] {dagbag.py:538} INFO - Filling up the DagBag from /home/airflow/.local/lib/python3.7/site-packages/airflow/example_dags/example_skip_dag.py
[2026-09-30T23:00:01.485+0000] {processor.py:753} INFO - DAG(s) dict_keys(['example_skip_dag']) retrieved from /home/airflow/.local/lib/python3.7/site-packages/airflow/example_dags/example_skip_dag.py
[2026-09-30T23:00:01.550+0000] {logging_mixin.py:137} INFO - [2026-09-30T23:00:01.550+0000] {dag.py:2676} INFO - Sync 1 DAGs
[2026-09-30T23:00:01.589+0000] {logging_mixin.py:137} INFO - [2026-09-30T23:00:01.588+0000] {dag.py:3427} INFO - Setting next_dagrun for example_skip_dag to 2026-09-29T23:00:01.588508+00:00, run_after=2026-09-30T23:00:01.588508+00:00
[2026-09-30T23:00:01.617+0000] {processor.py:175} INFO - Processing /home/airflow/.local/lib/python3.7/site-packages/airflow/example_dags/example_skip_dag.py took 0.170 seconds
[2026-09-30T23:00:31.921+0000] {processor.py:153} INFO - Started process (PID=5055) to work on /home/airflow/.local/lib/python3.7/site-packages/airflow/example_dags/example_skip_dag.py
[2026-09-30T23:00:31.921+0000] {processor.py:743} INFO - Processing file /home/airflow/.local/lib/python3.7/site-packages/airflow/example_dags/example_skip_dag.py for tasks to queue
[2026-09-30T23:00:31.922+0000] {logging_mixin.py:137} INFO - [2026-09-30T23:00:31.922+0000] {dagbag.py:538} INFO - Filling up the DagBag from /home/airflow/.local/lib/python3.7/site-packages/airflow/example_dags/example_skip_dag.py
[2026-09-30T23:00:31.935+0000] {processor.py:753} INFO - DAG(s) dict_keys(['example_skip_dag']) retrieved from /home/airflow/.local/lib/python3.7/site-packages/airflow/example_dags/example_skip_dag.py
[2026-09-30T23:00:31.971+0000] {logging_mixin.py:137} INFO - [2026-09-30T23:00:31.971+0000] {dag.py:2676} INFO - Sync 1 DAGs
[2026-09-30T23:00:31.994+0000] {logging_mixin.py:137} INFO - [2026-09-30T23:00:31.994+0000] {dag.py:3427} INFO - Setting next_dagrun for example_skip_dag to 2026-09-29T23:00:31.994300+00:00, run_after=2026-09-30T23:00:31.994300+00:00
[2026-09-30T23:00:32.011+0000] {processor.py:175} INFO - Processing /home/airflow/.local/lib/python3.7/site-packages/airflow/example_dags/example_skip_dag.py took 0.094 seconds
[2026-09-30T23:01:02.364+0000] {processor.py:153} INFO - Started process (PID=5143) to work on /home/airflow/.local/lib/python3.7/site-packages/airflow/example_dags/example_skip_dag.py
[2026-09-30T23:01:02.367+0000] {processor.py:743} INFO - Processing file /home/airflow/.local/lib/python3.7/site-packages/airflow/example_dags/example_skip_dag.py for tasks to queue
[2026-09-30T23:01:02.368+0000] {logging_mixin.py:137} INFO - [2026-09-30T23:01:02.368+0000] {dagbag.py:538} INFO - Filling up the DagBag from /home/airflow/.local/lib/python3.7/site-packages/airflow/example_dags/example_skip_dag.py
[2026-09-30T23:01:02.396+0000] {processor.py:753} INFO - DAG(s) dict_keys(['example_skip_dag']) retrieved from /home/airflow/.local/lib/python3.7/site-packages/airflow/example_dags/example_skip_dag.py
[2026-09-30T23:01:02.457+0000] {logging_mixin.py:137} INFO - [2026-09-30T23:01:02.457+0000] {dag.py:2676} INFO - Sync 1 DAGs
[2026-09-30T23:01:02.492+0000] {logging_mixin.py:137} INFO - [2026-09-30T23:01:02.492+0000] {dag.py:3427} INFO - Setting next_dagrun for example_skip_dag to 2026-09-29T23:01:02.491955+00:00, run_after=2026-09-30T23:01:02.491955+00:00
[2026-09-30T23:01:02.519+0000] {processor.py:175} INFO - Processing /home/airflow/.local/lib/python3.7/site-packages/airflow/example_dags/example_skip_dag.py took 0.162 seconds
[2026-09-30T23:01:33.638+0000] {processor.py:153} INFO - Started process (PID=5233) to work on /home/airflow/.local/lib/python3.7/site-packages/airflow/example_dags/example_skip_dag.py
[2026-09-30T23:01:33.639+0000] {processor.py:743} INFO - Processing file /home/airflow/.local/lib/python3.7/site-packages/airflow/example_dags/example_skip_dag.py for tasks to queue
[2026-09-30T23:01:33.639+0000] {logging_mixin.py:137} INFO - [2026-09-30T23:01:33.639+0000] {dagbag.py:538} INFO - Filling up the DagBag from /home/airflow/.local/lib/python3.7/site-packages/airflow/example_dags/example_skip_dag.py
[2026-09-30T23:01:33.657+0000] {processor.py:753} INFO - DAG(s) dict_keys(['example_skip_dag']) retrieved from /home/airflow/.local/lib/python3.7/site-packages/airflow/example_dags/example_skip_dag.py
[2026-09-30T23:01:33.706+0000] {logging_mixin.py:137} INFO - [2026-09-30T23:01:33.706+0000] {dag.py:2676} INFO - Sync 1 DAGs
[2026-09-30T23:01:33.747+0000] {logging_mixin.py:137} INFO - [2026-09-30T23:01:33.747+0000] {dag.py:3427} INFO - Setting next_dagrun for example_skip_dag to 2026-09-29T23:01:33.746879+00:00, run_after=2026-09-30T23:01:33.746879+00:00
[2026-09-30T23:01:33.772+0000] {processor.py:175} INFO - Processing /home/airflow/.local/lib/python3.7/site-packages/airflow/example_dags/example_skip_dag.py took 0.138 seconds
[2026-09-30T23:02:04.468+0000] {processor.py:153} INFO - Started process (PID=5312) to work on /home/airflow/.local/lib/python3.7/site-packages/airflow/example_dags/example_skip_dag.py
[2026-09-30T23:02:04.469+0000] {processor.py:743} INFO - Processing file /home/airflow/.local/lib/python3.7/site-packages/airflow/example_dags/example_skip_dag.py for tasks to queue
[2026-09-30T23:02:04.470+0000] {logging_mixin.py:137} INFO - [2026-09-30T23:02:04.469+0000] {dagbag.py:538} INFO - Filling up the DagBag from /home/airflow/.local/lib/python3.7/site-packages/airflow/example_dags/example_skip_dag.py
[2026-09-30T23:02:04.484+0000] {processor.py:753} INFO - DAG(s) dict_keys(['example_skip_dag']) retrieved from /home/airflow/.local/lib/python3.7/site-packages/airflow/example_dags/example_skip_dag.py
[2026-09-30T23:02:04.519+0000] {logging_mixin.py:137} INFO - [2026-09-30T23:02:04.519+0000] {dag.py:2676} INFO - Sync 1 DAGs
[2026-09-30T23:02:04.543+0000] {logging_mixin.py:137} INFO - [2026-09-30T23:02:04.543+0000] {dag.py:3427} INFO - Setting next_dagrun for example_skip_dag to 2026-09-29T23:02:04.542892+00:00, run_after=2026-09-30T23:02:04.542892+00:00
[2026-09-30T23:02:04.559+0000] {processor.py:175} INFO - Processing /home/airflow/.local/lib/python3.7/site-packages/airflow/example_dags/example_skip_dag.py took 0.094 seconds
[2026-09-30T23:02:35.151+0000] {processor.py:153} INFO - Started process (PID=5391) to work on /home/airflow/.local/lib/python3.7/site-packages/airflow/example_dags/example_skip_dag.py
[2026-09-30T23:02:35.152+0000] {processor.py:743} INFO - Processing file /home/airflow/.local/lib/python3.7/site-packages/airflow/example_dags/example_skip_dag.py for tasks to queue
[2026-09-30T23:02:35.154+0000] {logging_mixin.py:137} INFO - [2026-09-30T23:02:35.154+0000] {dagbag.py:538} INFO - Filling up the DagBag from /home/airflow/.local/lib/python3.7/site-packages/airflow/example_dags/example_skip_dag.py
[2026-09-30T23:02:35.173+0000] {processor.py:753} INFO - DAG(s) dict_keys(['example_skip_dag']) retrieved from /home/airflow/.local/lib/python3.7/site-packages/airflow/example_dags/example_skip_dag.py
[2026-09-30T23:02:35.227+0000] {logging_mixin.py:137} INFO - [2026-09-30T23:02:35.227+0000] {dag.py:2676} INFO - Sync 1 DAGs
[2026-09-30T23:02:35.260+0000] {logging_mixin.py:137} INFO - [2026-09-30T23:02:35.260+0000] {dag.py:3427} INFO - Setting next_dagrun for example_skip_dag to 2026-09-29T23:02:35.260117+00:00, run_after=2026-09-30T23:02:35.260117+00:00
[2026-09-30T23:02:35.279+0000] {processor.py:175} INFO - Processing /home/airflow/.local/lib/python3.7/site-packages/airflow/example_dags/example_skip_dag.py took 0.135 seconds
[2026-09-30T23:03:05.708+0000] {processor.py:153} INFO - Started process (PID=5479) to work on /home/airflow/.local/lib/python3.7/site-packages/airflow/example_dags/example_skip_dag.py
[2026-09-30T23:03:05.709+0000] {processor.py:743} INFO - Processing file /home/airflow/.local/lib/python3.7/site-packages/airflow/example_dags/example_skip_dag.py for tasks to queue
[2026-09-30T23:03:05.710+0000] {logging_mixin.py:137} INFO - [2026-09-30T23:03:05.710+0000] {dagbag.py:538} INFO - Filling up the DagBag from /home/airflow/.local/lib/python3.7/site-packages/airflow/example_dags/example_skip_dag.py
[2026-09-30T23:03:05.734+0000] {processor.py:753} INFO - DAG(s) dict_keys(['example_skip_dag']) retrieved from /home/airflow/.local/lib/python3.7/site-packages/airflow/example_dags/example_skip_dag.py
[2026-09-30T23:03:05.803+0000] {logging_mixin.py:137} INFO - [2026-09-30T23:03:05.803+0000] {dag.py:2676} INFO - Sync 1 DAGs
[2026-09-30T23:03:05.855+0000] {logging_mixin.py:137} INFO - [2026-09-30T23:03:05.854+0000] {dag.py:3427} INFO - Setting next_dagrun for example_skip_dag to 2026-09-29T23:03:05.854516+00:00, run_after=2026-09-30T23:03:05.854516+00:00
[2026-09-30T23:03:05.877+0000] {processor.py:175} INFO - Processing /home/airflow/.local/lib/python3.7/site-packages/airflow/example_dags/example_skip_dag.py took 0.173 seconds
[2026-09-30T23:03:36.350+0000] {processor.py:153} INFO - Started process (PID=5569) to work on /home/airflow/.local/lib/python3.7/site-packages/airflow/example_dags/example_skip_dag.py
[2026-09-30T23:03:36.351+0000] {processor.py:743} INFO - Processing file /home/airflow/.local/lib/python3.7/site-packages/airflow/example_dags/example_skip_dag.py for tasks to queue
[2026-09-30T23:03:36.352+0000] {logging_mixin.py:137} INFO - [2026-09-30T23:03:36.352+0000] {dagbag.py:538} INFO - Filling up the DagBag from /home/airflow/.local/lib/python3.7/site-packages/airflow/example_dags/example_skip_dag.py
[2026-09-30T23:03:36.371+0000] {processor.py:753} INFO - DAG(s) dict_keys(['example_skip_dag']) retrieved from /home/airflow/.local/lib/python3.7/site-packages/airflow/example_dags/example_skip_dag.py
[2026-09-30T23:03:36.429+0000] {logging_mixin.py:137} INFO - [2026-09-30T23:03:36.429+0000] {dag.py:2676} INFO - Sync 1 DAGs
[2026-09-30T23:03:36.478+0000] {logging_mixin.py:137} INFO - [2026-09-30T23:03:36.478+0000] {dag.py:3427} INFO - Setting next_dagrun for example_skip_dag to 2026-09-29T23:03:36.478437+00:00, run_after=2026-09-30T23:03:36.478437+00:00
[2026-09-30T23:03:36.506+0000] {processor.py:175} INFO - Processing /home/airflow/.local/lib/python3.7/site-packages/airflow/example_dags/example_skip_dag.py took 0.159 seconds
[2026-09-30T23:04:06.731+0000] {processor.py:153} INFO - Started process (PID=5648) to work on /home/airflow/.local/lib/python3.7/site-packages/airflow/example_dags/example_skip_dag.py
[2026-09-30T23:04:06.732+0000] {processor.py:743} INFO - Processing file /home/airflow/.local/lib/python3.7/site-packages/airflow/example_dags/example_skip_dag.py for tasks to queue
[2026-09-30T23:04:06.733+0000] {logging_mixin.py:137} INFO - [2026-09-30T23:04:06.733+0000] {dagbag.py:538} INFO - Filling up the DagBag from /home/airflow/.local/lib/python3.7/site-packages/airflow/example_dags/example_skip_dag.py
[2026-09-30T23:04:06.752+0000] {processor.py:753} INFO - DAG(s) dict_keys(['example_skip_dag']) retrieved from /home/airflow/.local/lib/python3.7/site-packages/airflow/example_dags/example_skip_dag.py
[2026-09-30T23:04:06.799+0000] {logging_mixin.py:137} INFO - [2026-09-30T23:04:06.799+0000] {dag.py:2676} INFO - Sync 1 DAGs
[2026-09-30T23:04:06.844+0000] {logging_mixin.py:137} INFO - [2026-09-30T23:04:06.844+0000] {dag.py:3427} INFO - Setting next_dagrun for example_skip_dag to 2026-09-29T23:04:06.843635+00:00, run_after=2026-09-30T23:04:06.843635+00:00
[2026-09-30T23:04:06.865+0000] {processor.py:175} INFO - Processing /home/airflow/.local/lib/python3.7/site-packages/airflow/example_dags/example_skip_dag.py took 0.138 seconds
[2026-09-30T23:04:37.061+0000] {processor.py:153} INFO - Started process (PID=5727) to work on /home/airflow/.local/lib/python3.7/site-packages/airflow/example_dags/example_skip_dag.py
[2026-09-30T23:04:37.062+0000] {processor.py:743} INFO - Processing file /home/airflow/.local/lib/python3.7/site-packages/airflow/example_dags/example_skip_dag.py for tasks to queue
[2026-09-30T23:04:37.063+0000] {logging_mixin.py:137} INFO - [2026-09-30T23:04:37.063+0000] {dagbag.py:538} INFO - Filling up the DagBag from /home/airflow/.local/lib/python3.7/site-packages/airflow/example_dags/example_skip_dag.py
[2026-09-30T23:04:37.081+0000] {processor.py:753} INFO - DAG(s) dict_keys(['example_skip_dag']) retrieved from /home/airflow/.local/lib/python3.7/site-packages/airflow/example_dags/example_skip_dag.py
[2026-09-30T23:04:37.127+0000] {logging_mixin.py:137} INFO - [2026-09-30T23:04:37.127+0000] {dag.py:2676} INFO - Sync 1 DAGs
[2026-09-30T23:04:37.165+0000] {logging_mixin.py:137} INFO - [2026-09-30T23:04:37.165+0000] {dag.py:3427} INFO - Setting next_dagrun for example_skip_dag to 2026-09-29T23:04:37.164919+00:00, run_after=2026-09-30T23:04:37.164919+00:00
[2026-09-30T23:04:37.194+0000] {processor.py:175} INFO - Processing /home/airflow/.local/lib/python3.7/site-packages/airflow/example_dags/example_skip_dag.py took 0.136 seconds
[2026-09-30T23:05:07.723+0000] {processor.py:153} INFO - Started process (PID=5815) to work on /home/airflow/.local/lib/python3.7/site-packages/airflow/example_dags/example_skip_dag.py
[2026-09-30T23:05:07.724+0000] {processor.py:743} INFO - Processing file /home/airflow/.local/lib/python3.7/site-packages/airflow/example_dags/example_skip_dag.py for tasks to queue
[2026-09-30T23:05:07.725+0000] {logging_mixin.py:137} INFO - [2026-09-30T23:05:07.724+0000] {dagbag.py:538} INFO - Filling up the DagBag from /home/airflow/.local/lib/python3.7/site-packages/airflow/example_dags/example_skip_dag.py
[2026-09-30T23:05:07.740+0000] {processor.py:753} INFO - DAG(s) dict_keys(['example_skip_dag']) retrieved from /home/airflow/.local/lib/python3.7/site-packages/airflow/example_dags/example_skip_dag.py
[2026-09-30T23:05:07.779+0000] {logging_mixin.py:137} INFO - [2026-09-30T23:05:07.779+0000] {dag.py:2676} INFO - Sync 1 DAGs
[2026-09-30T23:05:07.805+0000] {logging_mixin.py:137} INFO - [2026-09-30T23:05:07.804+0000] {dag.py:3427} INFO - Setting next_dagrun for example_skip_dag to 2026-09-29T23:05:07.804639+00:00, run_after=2026-09-30T23:05:07.804639+00:00
[2026-09-30T23:05:07.822+0000] {processor.py:175} INFO - Processing /home/airflow/.local/lib/python3.7/site-packages/airflow/example_dags/example_skip_dag.py took 0.102 seconds
[2026-09-30T23:05:38.670+0000] {processor.py:153} INFO - Started process (PID=5905) to work on /home/airflow/.local/lib/python3.7/site-packages/airflow/example_dags/example_skip_dag.py
[2026-09-30T23:05:38.671+0000] {processor.py:743} INFO - Processing file /home/airflow/.local/lib/python3.7/site-packages/airflow/example_dags/example_skip_dag.py for tasks to queue
[2026-09-30T23:05:38.671+0000] {logging_mixin.py:137} INFO - [2026-09-30T23:05:38.671+0000] {dagbag.py:538} INFO - Filling up the DagBag from /home/airflow/.local/lib/python3.7/site-packages/airflow/example_dags/example_skip_dag.py
[2026-09-30T23:05:38.694+0000] {processor.py:753} INFO - DAG(s) dict_keys(['example_skip_dag']) retrieved from /home/airflow/.local/lib/python3.7/site-packages/airflow/example_dags/example_skip_dag.py
[2026-09-30T23:05:38.755+0000] {logging_mixin.py:137} INFO - [2026-09-30T23:05:38.755+0000] {dag.py:2676} INFO - Sync 1 DAGs
[2026-09-30T23:05:38.791+0000] {logging_mixin.py:137} INFO - [2026-09-30T23:05:38.790+0000] {dag.py:3427} INFO - Setting next_dagrun for example_skip_dag to 2026-09-29T23:05:38.790488+00:00, run_after=2026-09-30T23:05:38.790488+00:00
[2026-09-30T23:05:38.813+0000] {processor.py:175} INFO - Processing /home/airflow/.local/lib/python3.7/site-packages/airflow/example_dags/example_skip_dag.py took 0.147 seconds
[2026-09-30T23:06:09.314+0000] {processor.py:153} INFO - Started process (PID=5984) to work on /home/airflow/.local/lib/python3.7/site-packages/airflow/example_dags/example_skip_dag.py
[2026-09-30T23:06:09.315+0000] {processor.py:743} INFO - Processing file /home/airflow/.local/lib/python3.7/site-packages/airflow/example_dags/example_skip_dag.py for tasks to queue
[2026-09-30T23:06:09.316+0000] {logging_mixin.py:137} INFO - [2026-09-30T23:06:09.316+0000] {dagbag.py:538} INFO - Filling up the DagBag from /home/airflow/.local/lib/python3.7/site-packages/airflow/example_dags/example_skip_dag.py
[2026-09-30T23:06:09.334+0000] {processor.py:753} INFO - DAG(s) dict_keys(['example_skip_dag']) retrieved from /home/airflow/.local/lib/python3.7/site-packages/airflow/example_dags/example_skip_dag.py
[2026-09-30T23:06:09.387+0000] {logging_mixin.py:137} INFO - [2026-09-30T23:06:09.387+0000] {dag.py:2676} INFO - Sync 1 DAGs
[2026-09-30T23:06:09.424+0000] {logging_mixin.py:137} INFO - [2026-09-30T23:06:09.423+0000] {dag.py:3427} INFO - Setting next_dagrun for example_skip_dag to 2026-09-29T23:06:09.423434+00:00, run_after=2026-09-30T23:06:09.423434+00:00
[2026-09-30T23:06:09.452+0000] {processor.py:175} INFO - Processing /home/airflow/.local/lib/python3.7/site-packages/airflow/example_dags/example_skip_dag.py took 0.143 seconds
[2026-09-30T23:06:39.775+0000] {processor.py:153} INFO - Started process (PID=6083) to work on /home/airflow/.local/lib/python3.7/site-packages/airflow/example_dags/example_skip_dag.py
[2026-09-30T23:06:39.777+0000] {processor.py:743} INFO - Processing file /home/airflow/.local/lib/python3.7/site-packages/airflow/example_dags/example_skip_dag.py for tasks to queue
[2026-09-30T23:06:39.778+0000] {logging_mixin.py:137} INFO - [2026-09-30T23:06:39.777+0000] {dagbag.py:538} INFO - Filling up the DagBag from /home/airflow/.local/lib/python3.7/site-packages/airflow/example_dags/example_skip_dag.py
[2026-09-30T23:06:39.806+0000] {processor.py:753} INFO - DAG(s) dict_keys(['example_skip_dag']) retrieved from /home/airflow/.local/lib/python3.7/site-packages/airflow/example_dags/example_skip_dag.py
[2026-09-30T23:06:39.879+0000] {logging_mixin.py:137} INFO - [2026-09-30T23:06:39.879+0000] {dag.py:2676} INFO - Sync 1 DAGs
[2026-09-30T23:06:39.926+0000] {logging_mixin.py:137} INFO - [2026-09-30T23:06:39.926+0000] {dag.py:3427} INFO - Setting next_dagrun for example_skip_dag to 2026-09-29T23:06:39.926231+00:00, run_after=2026-09-30T23:06:39.926231+00:00
[2026-09-30T23:06:39.962+0000] {processor.py:175} INFO - Processing /home/airflow/.local/lib/python3.7/site-packages/airflow/example_dags/example_skip_dag.py took 0.193 seconds
[2026-09-30T23:07:10.728+0000] {processor.py:153} INFO - Started process (PID=6162) to work on /home/airflow/.local/lib/python3.7/site-packages/airflow/example_dags/example_skip_dag.py
[2026-09-30T23:07:10.729+0000] {processor.py:743} INFO - Processing file /home/airflow/.local/lib/python3.7/site-packages/airflow/example_dags/example_skip_dag.py for tasks to queue
[2026-09-30T23:07:10.730+0000] {logging_mixin.py:137} INFO - [2026-09-30T23:07:10.730+0000] {dagbag.py:538} INFO - Filling up the DagBag from /home/airflow/.local/lib/python3.7/site-packages/airflow/example_dags/example_skip_dag.py
[2026-09-30T23:07:10.749+0000] {processor.py:753} INFO - DAG(s) dict_keys(['example_skip_dag']) retrieved from /home/airflow/.local/lib/python3.7/site-packages/airflow/example_dags/example_skip_dag.py
[2026-09-30T23:07:10.801+0000] {logging_mixin.py:137} INFO - [2026-09-30T23:07:10.801+0000] {dag.py:2676} INFO - Sync 1 DAGs
[2026-09-30T23:07:10.843+0000] {logging_mixin.py:137} INFO - [2026-09-30T23:07:10.843+0000] {dag.py:3427} INFO - Setting next_dagrun for example_skip_dag to 2026-09-29T23:07:10.842766+00:00, run_after=2026-09-30T23:07:10.842766+00:00
[2026-09-30T23:07:10.874+0000] {processor.py:175} INFO - Processing /home/airflow/.local/lib/python3.7/site-packages/airflow/example_dags/example_skip_dag.py took 0.150 seconds
[2026-09-30T23:07:41.404+0000] {processor.py:153} INFO - Started process (PID=6241) to work on /home/airflow/.local/lib/python3.7/site-packages/airflow/example_dags/example_skip_dag.py
[2026-09-30T23:07:41.405+0000] {processor.py:743} INFO - Processing file /home/airflow/.local/lib/python3.7/site-packages/airflow/example_dags/example_skip_dag.py for tasks to queue
[2026-09-30T23:07:41.406+0000] {logging_mixin.py:137} INFO - [2026-09-30T23:07:41.406+0000] {dagbag.py:538} INFO - Filling up the DagBag from /home/airflow/.local/lib/python3.7/site-packages/airflow/example_dags/example_skip_dag.py
[2026-09-30T23:07:41.435+0000] {processor.py:753} INFO - DAG(s) dict_keys(['example_skip_dag']) retrieved from /home/airflow/.local/lib/python3.7/site-packages/airflow/example_dags/example_skip_dag.py
[2026-09-30T23:07:41.482+0000] {logging_mixin.py:137} INFO - [2026-09-30T23:07:41.482+0000] {dag.py:2676} INFO - Sync 1 DAGs
[2026-09-30T23:07:41.515+0000] {logging_mixin.py:137} INFO - [2026-09-30T23:07:41.515+0000] {dag.py:3427} INFO - Setting next_dagrun for example_skip_dag to 2026-09-29T23:07:41.515161+00:00, run_after=2026-09-30T23:07:41.515161+00:00
[2026-09-30T23:07:41.537+0000] {processor.py:175} INFO - Processing /home/airflow/.local/lib/python3.7/site-packages/airflow/example_dags/example_skip_dag.py took 0.139 seconds
[2026-09-30T23:08:12.247+0000] {processor.py:153} INFO - Started process (PID=6340) to work on /home/airflow/.local/lib/python3.7/site-packages/airflow/example_dags/example_skip_dag.py
[2026-09-30T23:08:12.248+0000] {processor.py:743} INFO - Processing file /home/airflow/.local/lib/python3.7/site-packages/airflow/example_dags/example_skip_dag.py for tasks to queue
[2026-09-30T23:08:12.248+0000] {logging_mixin.py:137} INFO - [2026-09-30T23:08:12.248+0000] {dagbag.py:538} INFO - Filling up the DagBag from /home/airflow/.local/lib/python3.7/site-packages/airflow/example_dags/example_skip_dag.py
[2026-09-30T23:08:12.266+0000] {processor.py:753} INFO - DAG(s) dict_keys(['example_skip_dag']) retrieved from /home/airflow/.local/lib/python3.7/site-packages/airflow/example_dags/example_skip_dag.py
[2026-09-30T23:08:12.319+0000] {logging_mixin.py:137} INFO - [2026-09-30T23:08:12.318+0000] {dag.py:2676} INFO - Sync 1 DAGs
[2026-09-30T23:08:12.364+0000] {logging_mixin.py:137} INFO - [2026-09-30T23:08:12.364+0000] {dag.py:3427} INFO - Setting next_dagrun for example_skip_dag to 2026-09-29T23:08:12.364194+00:00, run_after=2026-09-30T23:08:12.364194+00:00
[2026-09-30T23:08:12.392+0000] {processor.py:175} INFO - Processing /home/airflow/.local/lib/python3.7/site-packages/airflow/example_dags/example_skip_dag.py took 0.149 seconds
[2026-09-30T23:08:43.080+0000] {processor.py:153} INFO - Started process (PID=6419) to work on /home/airflow/.local/lib/python3.7/site-packages/airflow/example_dags/example_skip_dag.py
[2026-09-30T23:08:43.081+0000] {processor.py:743} INFO - Processing file /home/airflow/.local/lib/python3.7/site-packages/airflow/example_dags/example_skip_dag.py for tasks to queue
[2026-09-30T23:08:43.082+0000] {logging_mixin.py:137} INFO - [2026-09-30T23:08:43.081+0000] {dagbag.py:538} INFO - Filling up the DagBag from /home/airflow/.local/lib/python3.7/site-packages/airflow/example_dags/example_skip_dag.py
[2026-09-30T23:08:43.100+0000] {processor.py:753} INFO - DAG(s) dict_keys(['example_skip_dag']) retrieved from /home/airflow/.local/lib/python3.7/site-packages/airflow/example_dags/example_skip_dag.py
[2026-09-30T23:08:43.156+0000] {logging_mixin.py:137} INFO - [2026-09-30T23:08:43.156+0000] {dag.py:2676} INFO - Sync 1 DAGs
[2026-09-30T23:08:43.201+0000] {logging_mixin.py:137} INFO - [2026-09-30T23:08:43.201+0000] {dag.py:3427} INFO - Setting next_dagrun for example_skip_dag to 2026-09-29T23:08:43.201174+00:00, run_after=2026-09-30T23:08:43.201174+00:00
[2026-09-30T23:08:43.222+0000] {processor.py:175} INFO - Processing /home/airflow/.local/lib/python3.7/site-packages/airflow/example_dags/example_skip_dag.py took 0.146 seconds
[2026-09-30T23:09:13.618+0000] {processor.py:153} INFO - Started process (PID=6498) to work on /home/airflow/.local/lib/python3.7/site-packages/airflow/example_dags/example_skip_dag.py
[2026-09-30T23:09:13.620+0000] {processor.py:743} INFO - Processing file /home/airflow/.local/lib/python3.7/site-packages/airflow/example_dags/example_skip_dag.py for tasks to queue
[2026-09-30T23:09:13.620+0000] {logging_mixin.py:137} INFO - [2026-09-30T23:09:13.620+0000] {dagbag.py:538} INFO - Filling up the DagBag from /home/airflow/.local/lib/python3.7/site-packages/airflow/example_dags/example_skip_dag.py
[2026-09-30T23:09:13.639+0000] {processor.py:753} INFO - DAG(s) dict_keys(['example_skip_dag']) retrieved from /home/airflow/.local/lib/python3.7/site-packages/airflow/example_dags/example_skip_dag.py
[2026-09-30T23:09:13.688+0000] {logging_mixin.py:137} INFO - [2026-09-30T23:09:13.687+0000] {dag.py:2676} INFO - Sync 1 DAGs
[2026-09-30T23:09:13.725+0000] {logging_mixin.py:137} INFO - [2026-09-30T23:09:13.724+0000] {dag.py:3427} INFO - Setting next_dagrun for example_skip_dag to 2026-09-29T23:09:13.724503+00:00, run_after=2026-09-30T23:09:13.724503+00:00
[2026-09-30T23:09:13.761+0000] {processor.py:175} INFO - Processing /home/airflow/.local/lib/python3.7/site-packages/airflow/example_dags/example_skip_dag.py took 0.146 seconds
[2026-09-30T23:09:43.945+0000] {processor.py:153} INFO - Started process (PID=6597) to work on /home/airflow/.local/lib/python3.7/site-packages/airflow/example_dags/example_skip_dag.py
[2026-09-30T23:09:43.945+0000] {processor.py:743} INFO - Processing file /home/airflow/.local/lib/python3.7/site-packages/airflow/example_dags/example_skip_dag.py for tasks to queue
[2026-09-30T23:09:43.946+0000] {logging_mixin.py:137} INFO - [2026-09-30T23:09:43.946+0000] {dagbag.py:538} INFO - Filling up the DagBag from /home/airflow/.local/lib/python3.7/site-packages/airflow/example_dags/example_skip_dag.py
[2026-09-30T23:09:43.973+0000] {processor.py:753} INFO - DAG(s) dict_keys(['example_skip_dag']) retrieved from /home/airflow/.local/lib/python3.7/site-packages/airflow/example_dags/example_skip_dag.py
[2026-09-30T23:09:44.031+0000] {logging_mixin.py:137} INFO - [2026-09-30T23:09:44.031+0000] {dag.py:2676} INFO - Sync 1 DAGs
[2026-09-30T23:09:44.070+0000] {logging_mixin.py:137} INFO - [2026-09-30T23:09:44.070+0000] {dag.py:3427} INFO - Setting next_dagrun for example_skip_dag to 2026-09-29T23:09:44.069613+00:00, run_after=2026-09-30T23:09:44.069613+00:00
[2026-09-30T23:09:44.101+0000] {processor.py:175} INFO - Processing /home/airflow/.local/lib/python3.7/site-packages/airflow/example_dags/example_skip_dag.py took 0.161 seconds
[2026-09-30T23:10:14.753+0000] {processor.py:153} INFO - Started process (PID=6676) to work on /home/airflow/.local/lib/python3.7/site-packages/airflow/example_dags/example_skip_dag.py
[2026-09-30T23:10:14.754+0000] {processor.py:743} INFO - Processing file /home/airflow/.local/lib/python3.7/site-packages/airflow/example_dags/example_skip_dag.py for tasks to queue
[2026-09-30T23:10:14.754+0000] {logging_mixin.py:137} INFO - [2026-09-30T23:10:14.754+0000] {dagbag.py:538} INFO - Filling up the DagBag from /home/airflow/.local/lib/python3.7/site-packages/airflow/example_dags/example_skip_dag.py
[2026-09-30T23:10:14.775+0000] {processor.py:753} INFO - DAG(s) dict_keys(['example_skip_dag']) retrieved from /home/airflow/.local/lib/python3.7/site-packages/airflow/example_dags/example_skip_dag.py
[2026-09-30T23:10:14.826+0000] {logging_mixin.py:137} INFO - [2026-09-30T23:10:14.826+0000] {dag.py:2676} INFO - Sync 1 DAGs
[2026-09-30T23:10:14.861+0000] {logging_mixin.py:137} INFO - [2026-09-30T23:10:14.861+0000] {dag.py:3427} INFO - Setting next_dagrun for example_skip_dag to 2026-09-29T23:10:14.861050+00:00, run_after=2026-09-30T23:10:14.861050+00:00
[2026-09-30T23:10:14.883+0000] {processor.py:175} INFO - Processing /home/airflow/.local/lib/python3.7/site-packages/airflow/example_dags/example_skip_dag.py took 0.134 seconds
[2026-09-30T23:10:46.040+0000] {processor.py:153} INFO - Started process (PID=6755) to work on /home/airflow/.local/lib/python3.7/site-packages/airflow/example_dags/example_skip_dag.py
[2026-09-30T23:10:46.041+0000] {processor.py:743} INFO - Processing file /home/airflow/.local/lib/python3.7/site-packages/airflow/example_dags/example_skip_dag.py for tasks to queue
[2026-09-30T23:10:46.042+0000] {logging_mixin.py:137} INFO - [2026-09-30T23:10:46.041+0000] {dagbag.py:538} INFO - Filling up the DagBag from /home/airflow/.local/lib/python3.7/site-packages/airflow/example_dags/example_skip_dag.py
[2026-09-30T23:10:46.060+0000] {processor.py:753} INFO - DAG(s) dict_keys(['example_skip_dag']) retrieved from /home/airflow/.local/lib/python3.7/site-packages/airflow/example_dags/example_skip_dag.py
[2026-09-30T23:10:46.113+0000] {logging_mixin.py:137} INFO - [2026-09-30T23:10:46.113+0000] {dag.py:2676} INFO - Sync 1 DAGs
[2026-09-30T23:10:46.144+0000] {logging_mixin.py:137} INFO - [2026-09-30T23:10:46.144+0000] {dag.py:3427} INFO - Setting next_dagrun for example_skip_dag to 2026-09-29T23:10:46.144324+00:00, run_after=2026-09-30T23:10:46.144324+00:00
[2026-09-30T23:10:46.166+0000] {processor.py:175} INFO - Processing /home/airflow/.local/lib/python3.7/site-packages/airflow/example_dags/example_skip_dag.py took 0.131 seconds
[2026-09-30T23:11:17.123+0000] {processor.py:153} INFO - Started process (PID=6843) to work on /home/airflow/.local/lib/python3.7/site-packages/airflow/example_dags/example_skip_dag.py
[2026-09-30T23:11:17.125+0000] {processor.py:743} INFO - Processing file /home/airflow/.local/lib/python3.7/site-packages/airflow/example_dags/example_skip_dag.py for tasks to queue
[2026-09-30T23:11:17.125+0000] {logging_mixin.py:137} INFO - [2026-09-30T23:11:17.125+0000] {dagbag.py:538} INFO - Filling up the DagBag from /home/airflow/.local/lib/python3.7/site-packages/airflow/example_dags/example_skip_dag.py
[2026-09-30T23:11:17.146+0000] {processor.py:753} INFO - DAG(s) dict_keys(['example_skip_dag']) retrieved from /home/airflow/.local/lib/python3.7/site-packages/airflow/example_dags/example_skip_dag.py
[2026-09-30T23:11:17.193+0000] {logging_mixin.py:137} INFO - [2026-09-30T23:11:17.193+0000] {dag.py:2676} INFO - Sync 1 DAGs
[2026-09-30T23:11:17.226+0000] {logging_mixin.py:137} INFO - [2026-09-30T23:11:17.226+0000] {dag.py:3427} INFO - Setting next_dagrun for example_skip_dag to 2026-09-29T23:11:17.225786+00:00, run_after=2026-09-30T23:11:17.225786+00:00
[2026-09-30T23:11:17.248+0000] {processor.py:175} INFO - Processing /home/airflow/.local/lib/python3.7/site-packages/airflow/example_dags/example_skip_dag.py took 0.131 seconds
[2026-09-30T23:11:47.368+0000] {processor.py:153} INFO - Started process (PID=6933) to work on /home/airflow/.local/lib/python3.7/site-packages/airflow/example_dags/example_skip_dag.py
[2026-09-30T23:11:47.369+0000] {processor.py:743} INFO - Processing file /home/airflow/.local/lib/python3.7/site-packages/airflow/example_dags/example_skip_dag.py for tasks to queue
[2026-09-30T23:11:47.370+0000] {logging_mixin.py:137} INFO - [2026-09-30T23:11:47.369+0000] {dagbag.py:538} INFO - Filling up the DagBag from /home/airflow/.local/lib/python3.7/site-packages/airflow/example_dags/example_skip_dag.py
[2026-09-30T23:11:47.385+0000] {processor.py:753} INFO - DAG(s) dict_keys(['example_skip_dag']) retrieved from /home/airflow/.local/lib/python3.7/site-packages/airflow/example_dags/example_skip_dag.py
[2026-09-30T23:11:47.423+0000] {logging_mixin.py:137} INFO - [2026-09-30T23:11:47.423+0000] {dag.py:2676} INFO - Sync 1 DAGs
[2026-09-30T23:11:47.452+0000] {logging_mixin.py:137} INFO - [2026-09-30T23:11:47.452+0000] {dag.py:3427} INFO - Setting next_dagrun for example_skip_dag to 2026-09-29T23:11:47.452513+00:00, run_after=2026-09-30T23:11:47.452513+00:00
[2026-09-30T23:11:47.469+0000] {processor.py:175} INFO - Processing /home/airflow/.local/lib/python3.7/site-packages/airflow/example_dags/example_skip_dag.py took 0.104 seconds
[2026-09-30T23:12:18.287+0000] {processor.py:153} INFO - Started process (PID=7012) to work on /home/airflow/.local/lib/python3.7/site-packages/airflow/example_dags/example_skip_dag.py
[2026-09-30T23:12:18.289+0000] {processor.py:743} INFO - Processing file /home/airflow/.local/lib/python3.7/site-packages/airflow/example_dags/example_skip_dag.py for tasks to queue
[2026-09-30T23:12:18.290+0000] {logging_mixin.py:137} INFO - [2026-09-30T23:12:18.290+0000] {dagbag.py:538} INFO - Filling up the DagBag from /home/airflow/.local/lib/python3.7/site-packages/airflow/example_dags/example_skip_dag.py
[2026-09-30T23:12:18.311+0000] {processor.py:753} INFO - DAG(s) dict_keys(['example_skip_dag']) retrieved from /home/airflow/.local/lib/python3.7/site-packages/airflow/example_dags/example_skip_dag.py
[2026-09-30T23:12:18.379+0000] {logging_mixin.py:137} INFO - [2026-09-30T23:12:18.379+0000] {dag.py:2676} INFO - Sync 1 DAGs
[2026-09-30T23:12:18.414+0000] {logging_mixin.py:137} INFO - [2026-09-30T23:12:18.414+0000] {dag.py:3427} INFO - Setting next_dagrun for example_skip_dag to 2026-09-29T23:12:18.414035+00:00, run_after=2026-09-30T23:12:18.414035+00:00
[2026-09-30T23:12:18.438+0000] {processor.py:175} INFO - Processing /home/airflow/.local/lib/python3.7/site-packages/airflow/example_dags/example_skip_dag.py took 0.155 seconds
[2026-09-30T23:12:49.273+0000] {processor.py:153} INFO - Started process (PID=7091) to work on /home/airflow/.local/lib/python3.7/site-packages/airflow/example_dags/example_skip_dag.py
[2026-09-30T23:12:49.274+0000] {processor.py:743} INFO - Processing file /home/airflow/.local/lib/python3.7/site-packages/airflow/example_dags/example_skip_dag.py for tasks to queue
[2026-09-30T23:12:49.274+0000] {logging_mixin.py:137} INFO - [2026-09-30T23:12:49.274+0000] {dagbag.py:538} INFO - Filling up the DagBag from /home/airflow/.local/lib/python3.7/site-packages/airflow/example_dags/example_skip_dag.py
[2026-09-30T23:12:49.293+0000] {processor.py:753} INFO - DAG(s) dict_keys(['example_skip_dag']) retrieved from /home/airflow/.local/lib/python3.7/site-packages/airflow/example_dags/example_skip_dag.py
[2026-09-30T23:12:49.343+0000] {logging_mixin.py:137} INFO - [2026-09-30T23:12:49.343+0000] {dag.py:2676} INFO - Sync 1 DAGs
[2026-09-30T23:12:49.374+0000] {logging_mixin.py:137} INFO - [2026-09-30T23:12:49.374+0000] {dag.py:3427} INFO - Setting next_dagrun for example_skip_dag to 2026-09-29T23:12:49.374265+00:00, run_after=2026-09-30T23:12:49.374265+00:00
[2026-09-30T23:12:49.393+0000] {processor.py:175} INFO - Processing /home/airflow/.local/lib/python3.7/site-packages/airflow/example_dags/example_skip_dag.py took 0.124 seconds
[2026-09-30T23:13:19.786+0000] {processor.py:153} INFO - Started process (PID=7190) to work on /home/airflow/.local/lib/python3.7/site-packages/airflow/example_dags/example_skip_dag.py
[2026-09-30T23:13:19.787+0000] {processor.py:743} INFO - Processing file /home/airflow/.local/lib/python3.7/site-packages/airflow/example_dags/example_skip_dag.py for tasks to queue
[2026-09-30T23:13:19.788+0000] {logging_mixin.py:137} INFO - [2026-09-30T23:13:19.788+0000] {dagbag.py:538} INFO - Filling up the DagBag from /home/airflow/.local/lib/python3.7/site-packages/airflow/example_dags/example_skip_dag.py
[2026-09-30T23:13:19.807+0000] {processor.py:753} INFO - DAG(s) dict_keys(['example_skip_dag']) retrieved from /home/airflow/.local/lib/python3.7/site-packages/airflow/example_dags/example_skip_dag.py
[2026-09-30T23:13:19.855+0000] {logging_mixin.py:137} INFO - [2026-09-30T23:13:19.855+0000] {dag.py:2676} INFO - Sync 1 DAGs
[2026-09-30T23:13:19.891+0000] {logging_mixin.py:137} INFO - [2026-09-30T23:13:19.890+0000] {dag.py:3427} INFO - Setting next_dagrun for example_skip_dag to 2026-09-29T23:13:19.890495+00:00, run_after=2026-09-30T23:13:19.890495+00:00
[2026-09-30T23:13:19.917+0000] {processor.py:175} INFO - Processing /home/airflow/.local/lib/python3.7/site-packages/airflow/example_dags/example_skip_dag.py took 0.135 seconds
[2026-09-30T23:13:50.809+0000] {processor.py:153} INFO - Started process (PID=7269) to work on /home/airflow/.local/lib/python3.7/site-packages/airflow/example_dags/example_skip_dag.py
[2026-09-30T23:13:50.811+0000] {processor.py:743} INFO - Processing file /home/airflow/.local/lib/python3.7/site-packages/airflow/example_dags/example_skip_dag.py for tasks to queue
[2026-09-30T23:13:50.812+0000] {logging_mixin.py:137} INFO - [2026-09-30T23:13:50.811+0000] {dagbag.py:538} INFO - Filling up the DagBag from /home/airflow/.local/lib/python3.7/site-packages/airflow/example_dags/example_skip_dag.py
[2026-09-30T23:13:50.830+0000] {processor.py:753} INFO - DAG(s) dict_keys(['example_skip_dag']) retrieved from /home/airflow/.local/lib/python3.7/site-packages/airflow/example_dags/example_skip_dag.py
[2026-09-30T23:13:50.882+0000] {logging_mixin.py:137} INFO - [2026-09-30T23:13:50.882+0000] {dag.py:2676} INFO - Sync 1 DAGs
[2026-09-30T23:13:50.923+0000] {logging_mixin.py:137} INFO - [2026-09-30T23:13:50.923+0000] {dag.py:3427} INFO - Setting next_dagrun for example_skip_dag to 2026-09-29T23:13:50.923108+00:00, run_after=2026-09-30T23:13:50.923108+00:00
[2026-09-30T23:13:50.947+0000] {processor.py:175} INFO - Processing /home/airflow/.local/lib/python3.7/site-packages/airflow/example_dags/example_skip_dag.py took 0.141 seconds
[2026-09-30T23:14:21.858+0000] {processor.py:153} INFO - Started process (PID=7348) to work on /home/airflow/.local/lib/python3.7/site-packages/airflow/example_dags/example_skip_dag.py
[2026-09-30T23:14:21.859+0000] {processor.py:743} INFO - Processing file /home/airflow/.local/lib/python3.7/site-packages/airflow/example_dags/example_skip_dag.py for tasks to queue
[2026-09-30T23:14:21.860+0000] {logging_mixin.py:137} INFO - [2026-09-30T23:14:21.859+0000] {dagbag.py:538} INFO - Filling up the DagBag from /home/airflow/.local/lib/python3.7/site-packages/airflow/example_dags/example_skip_dag.py
[2026-09-30T23:14:21.885+0000] {processor.py:753} INFO - DAG(s) dict_keys(['example_skip_dag']) retrieved from /home/airflow/.local/lib/python3.7/site-packages/airflow/example_dags/example_skip_dag.py
[2026-09-30T23:14:21.952+0000] {logging_mixin.py:137} INFO - [2026-09-30T23:14:21.951+0000] {dag.py:2676} INFO - Sync 1 DAGs
[2026-09-30T23:14:21.981+0000] {logging_mixin.py:137} INFO - [2026-09-30T23:14:21.981+0000] {dag.py:3427} INFO - Setting next_dagrun for example_skip_dag to 2026-09-29T23:14:21.981107+00:00, run_after=2026-09-30T23:14:21.981107+00:00
[2026-09-30T23:14:22.003+0000] {processor.py:175} INFO - Processing /home/airflow/.local/lib/python3.7/site-packages/airflow/example_dags/example_skip_dag.py took 0.149 seconds
[2026-09-30T23:14:52.094+0000] {processor.py:153} INFO - Started process (PID=7436) to work on /home/airflow/.local/lib/python3.7/site-packages/airflow/example_dags/example_skip_dag.py
[2026-09-30T23:14:52.095+0000] {processor.py:743} INFO - Processing file /home/airflow/.local/lib/python3.7/site-packages/airflow/example_dags/example_skip_dag.py for tasks to queue
[2026-09-30T23:14:52.095+0000] {logging_mixin.py:137} INFO - [2026-09-30T23:14:52.095+0000] {dagbag.py:538} INFO - Filling up the DagBag from /home/airflow/.local/lib/python3.7/site-packages/airflow/example_dags/example_skip_dag.py
[2026-09-30T23:14:52.113+0000] {processor.py:753} INFO - DAG(s) dict_keys(['example_skip_dag']) retrieved from /home/airflow/.local/lib/python3.7/site-packages/airflow/example_dags/example_skip_dag.py
[2026-09-30T23:14:52.158+0000] {logging_mixin.py:137} INFO - [2026-09-30T23:14:52.158+0000] {dag.py:2676} INFO - Sync 1 DAGs
[2026-09-30T23:14:52.189+0000] {logging_mixin.py:137} INFO - [2026-09-30T23:14:52.189+0000] {dag.py:3427} INFO - Setting next_dagrun for example_skip_dag to 2026-09-29T23:14:52.189362+00:00, run_after=2026-09-30T23:14:52.189362+00:00
[2026-09-30T23:14:52.208+0000] {processor.py:175} INFO - Processing /home/airflow/.local/lib/python3.7/site-packages/airflow/example_dags/example_skip_dag.py took 0.120 seconds
[2026-09-30T23:15:23.188+0000] {processor.py:153} INFO - Started process (PID=7526) to work on /home/airflow/.local/lib/python3.7/site-packages/airflow/example_dags/example_skip_dag.py
[2026-09-30T23:15:23.189+0000] {processor.py:743} INFO - Processing file /home/airflow/.local/lib/python3.7/site-packages/airflow/example_dags/example_skip_dag.py for tasks to queue
[2026-09-30T23:15:23.190+0000] {logging_mixin.py:137} INFO - [2026-09-30T23:15:23.190+0000] {dagbag.py:538} INFO - Filling up the DagBag from /home/airflow/.local/lib/python3.7/site-packages/airflow/example_dags/example_skip_dag.py
[2026-09-30T23:15:23.216+0000] {processor.py:753} INFO - DAG(s) dict_keys(['example_skip_dag']) retrieved from /home/airflow/.local/lib/python3.7/site-packages/airflow/example_dags/example_skip_dag.py
[2026-09-30T23:15:23.278+0000] {logging_mixin.py:137} INFO - [2026-09-30T23:15:23.277+0000] {dag.py:2676} INFO - Sync 1 DAGs
[2026-09-30T23:15:23.317+0000] {logging_mixin.py:137} INFO - [2026-09-30T23:15:23.317+0000] {dag.py:3427} INFO - Setting next_dagrun for example_skip_dag to 2026-09-29T23:15:23.317449+00:00, run_after=2026-09-30T23:15:23.317449+00:00
[2026-09-30T23:15:23.339+0000] {processor.py:175} INFO - Processing /home/airflow/.local/lib/python3.7/site-packages/airflow/example_dags/example_skip_dag.py took 0.155 seconds
[2026-09-30T23:15:53.874+0000] {processor.py:153} INFO - Started process (PID=7605) to work on /home/airflow/.local/lib/python3.7/site-packages/airflow/example_dags/example_skip_dag.py
[2026-09-30T23:15:53.874+0000] {processor.py:743} INFO - Processing file /home/airflow/.local/lib/python3.7/site-packages/airflow/example_dags/example_skip_dag.py for tasks to queue
[2026-09-30T23:15:53.875+0000] {logging_mixin.py:137} INFO - [2026-09-30T23:15:53.875+0000] {dagbag.py:538} INFO - Filling up the DagBag from /home/airflow/.local/lib/python3.7/site-packages/airflow/example_dags/example_skip_dag.py
[2026-09-30T23:15:53.893+0000] {processor.py:753} INFO - DAG(s) dict_keys(['example_skip_dag']) retrieved from /home/airflow/.local/lib/python3.7/site-packages/airflow/example_dags/example_skip_dag.py
[2026-09-30T23:15:53.943+0000] {logging_mixin.py:137} INFO - [2026-09-30T23:15:53.943+0000] {dag.py:2676} INFO - Sync 1 DAGs
[2026-09-30T23:15:53.984+0000] {logging_mixin.py:137} INFO - [2026-09-30T23:15:53.984+0000] {dag.py:3427} INFO - Setting next_dagrun for example_skip_dag to 2026-09-29T23:15:53.983764+00:00, run_after=2026-09-30T23:15:53.983764+00:00
[2026-09-30T23:15:54.006+0000] {processor.py:175} INFO - Processing /home/airflow/.local/lib/python3.7/site-packages/airflow/example_dags/example_skip_dag.py took 0.136 seconds
[2026-09-30T23:16:24.842+0000] {processor.py:153} INFO - Started process (PID=7684) to work on /home/airflow/.local/lib/python3.7/site-packages/airflow/example_dags/example_skip_dag.py
[2026-09-30T23:16:24.843+0000] {processor.py:743} INFO - Processing file /home/airflow/.local/lib/python3.7/site-packages/airflow/example_dags/example_skip_dag.py for tasks to queue
[2026-09-30T23:16:24.844+0000] {logging_mixin.py:137} INFO - [2026-09-30T23:16:24.844+0000] {dagbag.py:538} INFO - Filling up the DagBag from /home/airflow/.local/lib/python3.7/site-packages/airflow/example_dags/example_skip_dag.py
[2026-09-30T23:16:24.862+0000] {processor.py:753} INFO - DAG(s) dict_keys(['example_skip_dag']) retrieved from /home/airflow/.local/lib/python3.7/site-packages/airflow/example_dags/example_skip_dag.py
[2026-09-30T23:16:24.924+0000] {logging_mixin.py:137} INFO - [2026-09-30T23:16:24.924+0000] {dag.py:2676} INFO - Sync 1 DAGs
[2026-09-30T23:16:24.964+0000] {logging_mixin.py:137} INFO - [2026-09-30T23:16:24.964+0000] {dag.py:3427} INFO - Setting next_dagrun for example_skip_dag to 2026-09-29T23:16:24.963992+00:00, run_after=2026-09-30T23:16:24.963992+00:00
[2026-09-30T23:16:24.986+0000] {processor.py:175} INFO - Processing /home/airflow/.local/lib/python3.7/site-packages/airflow/example_dags/example_skip_dag.py took 0.147 seconds
[2026-09-30T23:16:55.586+0000] {processor.py:153} INFO - Started process (PID=7763) to work on /home/airflow/.local/lib/python3.7/site-packages/airflow/example_dags/example_skip_dag.py
[2026-09-30T23:16:55.587+0000] {processor.py:743} INFO - Processing file /home/airflow/.local/lib/python3.7/site-packages/airflow/example_dags/example_skip_dag.py for tasks to queue
[2026-09-30T23:16:55.588+0000] {logging_mixin.py:137} INFO - [2026-09-30T23:16:55.588+0000] {dagbag.py:538} INFO - Filling up the DagBag from /home/airflow/.local/lib/python3.7/site-packages/airflow/example_dags/example_skip_dag.py
[2026-09-30T23:16:55.607+0000] {processor.py:753} INFO - DAG(s) dict_keys(['example_skip_dag']) retrieved from /home/airflow/.local/lib/python3.7/site-packages/airflow/example_dags/example_skip_dag.py
[2026-09-30T23:16:55.668+0000] {logging_mixin.py:137} INFO - [2026-09-30T23:16:55.668+0000] {dag.py:2676} INFO - Sync 1 DAGs
[2026-09-30T23:16:55.711+0000] {logging_mixin.py:137} INFO - [2026-09-30T23:16:55.710+0000] {dag.py:3427} INFO - Setting next_dagrun for example_skip_dag to 2026-09-29T23:16:55.710555+00:00, run_after=2026-09-30T23:16:55.710555+00:00
[2026-09-30T23:16:55.738+0000] {processor.py:175} INFO - Processing /home/airflow/.local/lib/python3.7/site-packages/airflow/example_dags/example_skip_dag.py took 0.156 seconds
[2026-09-30T23:17:26.115+0000] {processor.py:153} INFO - Started process (PID=7862) to work on /home/airflow/.local/lib/python3.7/site-packages/airflow/example_dags/example_skip_dag.py
[2026-09-30T23:17:26.116+0000] {processor.py:743} INFO - Processing file /home/airflow/.local/lib/python3.7/site-packages/airflow/example_dags/example_skip_dag.py for tasks to queue
[2026-09-30T23:17:26.117+0000] {logging_mixin.py:137} INFO - [2026-09-30T23:17:26.117+0000] {dagbag.py:538} INFO - Filling up the DagBag from /home/airflow/.local/lib/python3.7/site-packages/airflow/example_dags/example_skip_dag.py
[2026-09-30T23:17:26.136+0000] {processor.py:753} INFO - DAG(s) dict_keys(['example_skip_dag']) retrieved from /home/airflow/.local/lib/python3.7/site-packages/airflow/example_dags/example_skip_dag.py
[2026-09-30T23:17:26.191+0000] {logging_mixin.py:137} INFO - [2026-09-30T23:17:26.191+0000] {dag.py:2676} INFO - Sync 1 DAGs
[2026-09-30T23:17:26.247+0000] {logging_mixin.py:137} INFO - [2026-09-30T23:17:26.247+0000] {dag.py:3427} INFO - Setting next_dagrun for example_skip_dag to 2026-09-29T23:17:26.247223+00:00, run_after=2026-09-30T23:17:26.247223+00:00
[2026-09-30T23:17:26.274+0000] {processor.py:175} INFO - Processing /home/airflow/.local/lib/python3.7/site-packages/airflow/example_dags/example_skip_dag.py took 0.164 seconds
[2026-09-30T23:17:56.658+0000] {processor.py:153} INFO - Started process (PID=7941) to work on /home/airflow/.local/lib/python3.7/site-packages/airflow/example_dags/example_skip_dag.py
[2026-09-30T23:17:56.659+0000] {processor.py:743} INFO - Processing file /home/airflow/.local/lib/python3.7/site-packages/airflow/example_dags/example_skip_dag.py for tasks to queue
[2026-09-30T23:17:56.660+0000] {logging_mixin.py:137} INFO - [2026-09-30T23:17:56.660+0000] {dagbag.py:538} INFO - Filling up the DagBag from /home/airflow/.local/lib/python3.7/site-packages/airflow/example_dags/example_skip_dag.py
[2026-09-30T23:17:56.678+0000] {processor.py:753} INFO - DAG(s) dict_keys(['example_skip_dag']) retrieved from /home/airflow/.local/lib/python3.7/site-packages/airflow/example_dags/example_skip_dag.py
[2026-09-30T23:17:56.736+0000] {logging_mixin.py:137} INFO - [2026-09-30T23:17:56.736+0000] {dag.py:2676} INFO - Sync 1 DAGs
[2026-09-30T23:17:56.766+0000] {logging_mixin.py:137} INFO - [2026-09-30T23:17:56.765+0000] {dag.py:3427} INFO - Setting next_dagrun for example_skip_dag to 2026-09-29T23:17:56.765728+00:00, run_after=2026-09-30T23:17:56.765728+00:00
[2026-09-30T23:17:56.785+0000] {processor.py:175} INFO - Processing /home/airflow/.local/lib/python3.7/site-packages/airflow/example_dags/example_skip_dag.py took 0.131 seconds
[2026-09-30T23:18:27.278+0000] {processor.py:153} INFO - Started process (PID=8020) to work on /home/airflow/.local/lib/python3.7/site-packages/airflow/example_dags/example_skip_dag.py
[2026-09-30T23:18:27.279+0000] {processor.py:743} INFO - Processing file /home/airflow/.local/lib/python3.7/site-packages/airflow/example_dags/example_skip_dag.py for tasks to queue
[2026-09-30T23:18:27.280+0000] {logging_mixin.py:137} INFO - [2026-09-30T23:18:27.280+0000] {dagbag.py:538} INFO - Filling up the DagBag from /home/airflow/.local/lib/python3.7/site-packages/airflow/example_dags/example_skip_dag.py
[2026-09-30T23:18:27.298+0000] {processor.py:753} INFO - DAG(s) dict_keys(['example_skip_dag']) retrieved from /home/airflow/.local/lib/python3.7/site-packages/airflow/example_dags/example_skip_dag.py
[2026-09-30T23:18:27.354+0000] {logging_mixin.py:137} INFO - [2026-09-30T23:18:27.354+0000] {dag.py:2676} INFO - Sync 1 DAGs
[2026-09-30T23:18:27.387+0000] {logging_mixin.py:137} INFO - [2026-09-30T23:18:27.387+0000] {dag.py:3427} INFO - Setting next_dagrun for example_skip_dag to 2026-09-29T23:18:27.387424+00:00, run_after=2026-09-30T23:18:27.387424+00:00
[2026-09-30T23:18:27.410+0000] {processor.py:175} INFO - Processing /home/airflow/.local/lib/python3.7/site-packages/airflow/example_dags/example_skip_dag.py took 0.137 seconds
[2026-09-30T23:18:57.500+0000] {processor.py:153} INFO - Started process (PID=8099) to work on /home/airflow/.local/lib/python3.7/site-packages/airflow/example_dags/example_skip_dag.py
[2026-09-30T23:18:57.501+0000] {processor.py:743} INFO - Processing file /home/airflow/.local/lib/python3.7/site-packages/airflow/example_dags/example_skip_dag.py for tasks to queue
[2026-09-30T23:18:57.501+0000] {logging_mixin.py:137} INFO - [2026-09-30T23:18:57.501+0000] {dagbag.py:538} INFO - Filling up the DagBag from /home/airflow/.local/lib/python3.7/site-packages/airflow/example_dags/example_skip_dag.py
[2026-09-30T23:18:57.520+0000] {processor.py:753} INFO - DAG(s) dict_keys(['example_skip_dag']) retrieved from /home/airflow/.local/lib/python3.7/site-packages/airflow/example_dags/example_skip_dag.py
[2026-09-30T23:18:57.576+0000] {logging_mixin.py:137} INFO - [2026-09-30T23:18:57.576+0000] {dag.py:2676} INFO - Sync 1 DAGs
[2026-09-30T23:18:57.607+0000] {logging_mixin.py:137} INFO - [2026-09-30T23:18:57.607+0000] {dag.py:3427} INFO - Setting next_dagrun for example_skip_dag to 2026-09-29T23:18:57.606716+00:00, run_after=2026-09-30T23:18:57.606716+00:00
[2026-09-30T23:18:57.629+0000] {processor.py:175} INFO - Processing /home/airflow/.local/lib/python3.7/site-packages/airflow/example_dags/example_skip_dag.py took 0.133 seconds
[2026-09-30T23:19:28.451+0000] {processor.py:153} INFO - Started process (PID=8198) to work on /home/airflow/.local/lib/python3.7/site-packages/airflow/example_dags/example_skip_dag.py
[2026-09-30T23:19:28.452+0000] {processor.py:743} INFO - Processing file /home/airflow/.local/lib/python3.7/site-packages/airflow/example_dags/example_skip_dag.py for tasks to queue
[2026-09-30T23:19:28.453+0000] {logging_mixin.py:137} INFO - [2026-09-30T23:19:28.453+0000] {dagbag.py:538} INFO - Filling up the DagBag from /home/airflow/.local/lib/python3.7/site-packages/airflow/example_dags/example_skip_dag.py
[2026-09-30T23:19:28.473+0000] {processor.py:753} INFO - DAG(s) dict_keys(['example_skip_dag']) retrieved from /home/airflow/.local/lib/python3.7/site-packages/airflow/example_dags/example_skip_dag.py
[2026-09-30T23:19:28.529+0000] {logging_mixin.py:137} INFO - [2026-09-30T23:19:28.529+0000] {dag.py:2676} INFO - Sync 1 DAGs
[2026-09-30T23:19:28.566+0000] {logging_mixin.py:137} INFO - [2026-09-30T23:19:28.566+0000] {dag.py:3427} INFO - Setting next_dagrun for example_skip_dag to 2026-09-29T23:19:28.565851+00:00, run_after=2026-09-30T23:19:28.565851+00:00
[2026-09-30T23:19:28.593+0000] {processor.py:175} INFO - Processing /home/airflow/.local/lib/python3.7/site-packages/airflow/example_dags/example_skip_dag.py took 0.146 seconds
[2026-09-30T23:19:58.999+0000] {processor.py:153} INFO - Started process (PID=8277) to work on /home/airflow/.local/lib/python3.7/site-packages/airflow/example_dags/example_skip_dag.py
[2026-09-30T23:19:59.000+0000] {processor.py:743} INFO - Processing file /home/airflow/.local/lib/python3.7/site-packages/airflow/example_dags/example_skip_dag.py for tasks to queue
[2026-09-30T23:19:59.000+0000] {logging_mixin.py:137} INFO - [2026-09-30T23:19:59.000+0000] {dagbag.py:538} INFO - Filling up the DagBag from /home/airflow/.local/lib/python3.7/site-packages/airflow/example_dags/example_skip_dag.py
[2026-09-30T23:19:59.023+0000] {processor.py:753} INFO - DAG(s) dict_keys(['example_skip_dag']) retrieved from /home/airflow/.local/lib/python3.7/site-packages/airflow/example_dags/example_skip_dag.py
[2026-09-30T23:19:59.074+0000] {logging_mixin.py:137} INFO - [2026-09-30T23:19:59.073+0000] {dag.py:2676} INFO - Sync 1 DAGs
[2026-09-30T23:19:59.109+0000] {logging_mixin.py:137} INFO - [2026-09-30T23:19:59.109+0000] {dag.py:3427} INFO - Setting next_dagrun for example_skip_dag to 2026-09-29T23:19:59.109433+00:00, run_after=2026-09-30T23:19:59.109433+00:00
[2026-09-30T23:19:59.131+0000] {processor.py:175} INFO - Processing /home/airflow/.local/lib/python3.7/site-packages/airflow/example_dags/example_skip_dag.py took 0.136 seconds
[2026-09-30T23:20:29.297+0000] {processor.py:153} INFO - Started process (PID=8356) to work on /home/airflow/.local/lib/python3.7/site-packages/airflow/example_dags/example_skip_dag.py
[2026-09-30T23:20:29.298+0000] {processor.py:743} INFO - Processing file /home/airflow/.local/lib/python3.7/site-packages/airflow/example_dags/example_skip_dag.py for tasks to queue
[2026-09-30T23:20:29.299+0000] {logging_mixin.py:137} INFO - [2026-09-30T23:20:29.299+0000] {dagbag.py:538} INFO - Filling up the DagBag from /home/airflow/.local/lib/python3.7/site-packages/airflow/example_dags/example_skip_dag.py
[2026-09-30T23:20:29.322+0000] {processor.py:753} INFO - DAG(s) dict_keys(['example_skip_dag']) retrieved from /home/airflow/.local/lib/python3.7/site-packages/airflow/example_dags/example_skip_dag.py
[2026-09-30T23:20:29.372+0000] {logging_mixin.py:137} INFO - [2026-09-30T23:20:29.372+0000] {dag.py:2676} INFO - Sync 1 DAGs
[2026-09-30T23:20:29.407+0000] {logging_mixin.py:137} INFO - [2026-09-30T23:20:29.407+0000] {dag.py:3427} INFO - Setting next_dagrun for example_skip_dag to 2026-09-29T23:20:29.406864+00:00, run_after=2026-09-30T23:20:29.406864+00:00
[2026-09-30T23:20:29.429+0000] {processor.py:175} INFO - Processing /home/airflow/.local/lib/python3.7/site-packages/airflow/example_dags/example_skip_dag.py took 0.136 seconds
[2026-09-30T23:20:59.610+0000] {processor.py:153} INFO - Started process (PID=8435) to work on /home/airflow/.local/lib/python3.7/site-packages/airflow/example_dags/example_skip_dag.py
[2026-09-30T23:20:59.611+0000] {processor.py:743} INFO - Processing file /home/airflow/.local/lib/python3.7/site-packages/airflow/example_dags/example_skip_dag.py for tasks to queue
[2026-09-30T23:20:59.611+0000] {logging_mixin.py:137} INFO - [2026-09-30T23:20:59.611+0000] {dagbag.py:538} INFO - Filling up the DagBag from /home/airflow/.local/lib/python3.7/site-packages/airflow/example_dags/example_skip_dag.py
[2026-09-30T23:20:59.631+0000] {processor.py:753} INFO - DAG(s) dict_keys(['example_skip_dag']) retrieved from /home/airflow/.local/lib/python3.7/site-packages/airflow/example_dags/example_skip_dag.py
[2026-09-30T23:20:59.683+0000] {logging_mixin.py:137} INFO - [2026-09-30T23:20:59.683+0000] {dag.py:2676} INFO - Sync 1 DAGs
[2026-09-30T23:20:59.724+0000] {logging_mixin.py:137} INFO - [2026-09-30T23:20:59.723+0000] {dag.py:3427} INFO - Setting next_dagrun for example_skip_dag to 2026-09-29T23:20:59.723305+00:00, run_after=2026-09-30T23:20:59.723305+00:00
[2026-09-30T23:20:59.755+0000] {processor.py:175} INFO - Processing /home/airflow/.local/lib/python3.7/site-packages/airflow/example_dags/example_skip_dag.py took 0.149 seconds
[2026-09-30T23:21:30.010+0000] {processor.py:153} INFO - Started process (PID=8534) to work on /home/airflow/.local/lib/python3.7/site-packages/airflow/example_dags/example_skip_dag.py
[2026-09-30T23:21:30.011+0000] {processor.py:743} INFO - Processing file /home/airflow/.local/lib/python3.7/site-packages/airflow/example_dags/example_skip_dag.py for tasks to queue
[2026-09-30T23:21:30.011+0000] {logging_mixin.py:137} INFO - [2026-09-30T23:21:30.011+0000] {dagbag.py:538} INFO - Filling up the DagBag from /home/airflow/.local/lib/python3.7/site-packages/airflow/example_dags/example_skip_dag.py
[2026-09-30T23:21:30.034+0000] {processor.py:753} INFO - DAG(s) dict_keys(['example_skip_dag']) retrieved from /home/airflow/.local/lib/python3.7/site-packages/airflow/example_dags/example_skip_dag.py
[2026-09-30T23:21:30.091+0000] {logging_mixin.py:137} INFO - [2026-09-30T23:21:30.090+0000] {dag.py:2676} INFO - Sync 1 DAGs
[2026-09-30T23:21:30.126+0000] {logging_mixin.py:137} INFO - [2026-09-30T23:21:30.126+0000] {dag.py:3427} INFO - Setting next_dagrun for example_skip_dag to 2026-09-29T23:21:30.125952+00:00, run_after=2026-09-30T23:21:30.125952+00:00
[2026-09-30T23:21:30.147+0000] {processor.py:175} INFO - Processing /home/airflow/.local/lib/python3.7/site-packages/airflow/example_dags/example_skip_dag.py took 0.141 seconds
[2026-09-30T23:22:00.288+0000] {processor.py:153} INFO - Started process (PID=8613) to work on /home/airflow/.local/lib/python3.7/site-packages/airflow/example_dags/example_skip_dag.py
[2026-09-30T23:22:00.289+0000] {processor.py:743} INFO - Processing file /home/airflow/.local/lib/python3.7/site-packages/airflow/example_dags/example_skip_dag.py for tasks to queue
[2026-09-30T23:22:00.290+0000] {logging_mixin.py:137} INFO - [2026-09-30T23:22:00.290+0000] {dagbag.py:538} INFO - Filling up the DagBag from /home/airflow/.local/lib/python3.7/site-packages/airflow/example_dags/example_skip_dag.py
[2026-09-30T23:22:00.314+0000] {processor.py:753} INFO - DAG(s) dict_keys(['example_skip_dag']) retrieved from /home/airflow/.local/lib/python3.7/site-packages/airflow/example_dags/example_skip_dag.py
[2026-09-30T23:22:00.365+0000] {logging_mixin.py:137} INFO - [2026-09-30T23:22:00.365+0000] {dag.py:2676} INFO - Sync 1 DAGs
[2026-09-30T23:22:00.401+0000] {logging_mixin.py:137} INFO - [2026-09-30T23:22:00.400+0000] {dag.py:3427} INFO - Setting next_dagrun for example_skip_dag to 2026-09-29T23:22:00.400624+00:00, run_after=2026-09-30T23:22:00.400624+00:00
[2026-09-30T23:22:00.427+0000] {processor.py:175} INFO - Processing /home/airflow/.local/lib/python3.7/site-packages/airflow/example_dags/example_skip_dag.py took 0.144 seconds
[2026-09-30T23:22:31.176+0000] {processor.py:153} INFO - Started process (PID=8692) to work on /home/airflow/.local/lib/python3.7/site-packages/airflow/example_dags/example_skip_dag.py
[2026-09-30T23:22:31.177+0000] {processor.py:743} INFO - Processing file /home/airflow/.local/lib/python3.7/site-packages/airflow/example_dags/example_skip_dag.py for tasks to queue
[2026-09-30T23:22:31.178+0000] {logging_mixin.py:137} INFO - [2026-09-30T23:22:31.178+0000] {dagbag.py:538} INFO - Filling up the DagBag from /home/airflow/.local/lib/python3.7/site-packages/airflow/example_dags/example_skip_dag.py
[2026-09-30T23:22:31.198+0000] {processor.py:753} INFO - DAG(s) dict_keys(['example_skip_dag']) retrieved from /home/airflow/.local/lib/python3.7/site-packages/airflow/example_dags/example_skip_dag.py
[2026-09-30T23:22:31.244+0000] {logging_mixin.py:137} INFO - [2026-09-30T23:22:31.244+0000] {dag.py:2676} INFO - Sync 1 DAGs
[2026-09-30T23:22:31.275+0000] {logging_mixin.py:137} INFO - [2026-09-30T23:22:31.275+0000] {dag.py:3427} INFO - Setting next_dagrun for example_skip_dag to 2026-09-29T23:22:31.275129+00:00, run_after=2026-09-30T23:22:31.275129+00:00
[2026-09-30T23:22:31.296+0000] {processor.py:175} INFO - Processing /home/airflow/.local/lib/python3.7/site-packages/airflow/example_dags/example_skip_dag.py took 0.125 seconds
[2026-09-30T23:23:02.086+0000] {processor.py:153} INFO - Started process (PID=8771) to work on /home/airflow/.local/lib/python3.7/site-packages/airflow/example_dags/example_skip_dag.py
[2026-09-30T23:23:02.088+0000] {processor.py:743} INFO - Processing file /home/airflow/.local/lib/python3.7/site-packages/airflow/example_dags/example_skip_dag.py for tasks to queue
[2026-09-30T23:23:02.089+0000] {logging_mixin.py:137} INFO - [2026-09-30T23:23:02.089+0000] {dagbag.py:538} INFO - Filling up the DagBag from /home/airflow/.local/lib/python3.7/site-packages/airflow/example_dags/example_skip_dag.py
[2026-09-30T23:23:02.120+0000] {processor.py:753} INFO - DAG(s) dict_keys(['example_skip_dag']) retrieved from /home/airflow/.local/lib/python3.7/site-packages/airflow/example_dags/example_skip_dag.py
[2026-09-30T23:23:02.180+0000] {logging_mixin.py:137} INFO - [2026-09-30T23:23:02.180+0000] {dag.py:2676} INFO - Sync 1 DAGs
[2026-09-30T23:23:02.221+0000] {logging_mixin.py:137} INFO - [2026-09-30T23:23:02.221+0000] {dag.py:3427} INFO - Setting next_dagrun for example_skip_dag to 2026-09-29T23:23:02.220732+00:00, run_after=2026-09-30T23:23:02.220732+00:00
[2026-09-30T23:23:02.251+0000] {processor.py:175} INFO - Processing /home/airflow/.local/lib/python3.7/site-packages/airflow/example_dags/example_skip_dag.py took 0.170 seconds
[2026-09-30T23:23:32.663+0000] {processor.py:153} INFO - Started process (PID=8870) to work on /home/airflow/.local/lib/python3.7/site-packages/airflow/example_dags/example_skip_dag.py
[2026-09-30T23:23:32.665+0000] {processor.py:743} INFO - Processing file /home/airflow/.local/lib/python3.7/site-packages/airflow/example_dags/example_skip_dag.py for tasks to queue
[2026-09-30T23:23:32.666+0000] {logging_mixin.py:137} INFO - [2026-09-30T23:23:32.665+0000] {dagbag.py:538} INFO - Filling up the DagBag from /home/airflow/.local/lib/python3.7/site-packages/airflow/example_dags/example_skip_dag.py
[2026-09-30T23:23:32.689+0000] {processor.py:753} INFO - DAG(s) dict_keys(['example_skip_dag']) retrieved from /home/airflow/.local/lib/python3.7/site-packages/airflow/example_dags/example_skip_dag.py
[2026-09-30T23:23:32.748+0000] {logging_mixin.py:137} INFO - [2026-09-30T23:23:32.747+0000] {dag.py:2676} INFO - Sync 1 DAGs
[2026-09-30T23:23:32.782+0000] {logging_mixin.py:137} INFO - [2026-09-30T23:23:32.781+0000] {dag.py:3427} INFO - Setting next_dagrun for example_skip_dag to 2026-09-29T23:23:32.781561+00:00, run_after=2026-09-30T23:23:32.781561+00:00
[2026-09-30T23:23:32.803+0000] {processor.py:175} INFO - Processing /home/airflow/.local/lib/python3.7/site-packages/airflow/example_dags/example_skip_dag.py took 0.144 seconds
[2026-09-30T23:24:03.416+0000] {processor.py:153} INFO - Started process (PID=8949) to work on /home/airflow/.local/lib/python3.7/site-packages/airflow/example_dags/example_skip_dag.py
[2026-09-30T23:24:03.417+0000] {processor.py:743} INFO - Processing file /home/airflow/.local/lib/python3.7/site-packages/airflow/example_dags/example_skip_dag.py for tasks to queue
[2026-09-30T23:24:03.417+0000] {logging_mixin.py:137} INFO - [2026-09-30T23:24:03.417+0000] {dagbag.py:538} INFO - Filling up the DagBag from /home/airflow/.local/lib/python3.7/site-packages/airflow/example_dags/example_skip_dag.py
[2026-09-30T23:24:03.441+0000] {processor.py:753} INFO - DAG(s) dict_keys(['example_skip_dag']) retrieved from /home/airflow/.local/lib/python3.7/site-packages/airflow/example_dags/example_skip_dag.py
[2026-09-30T23:24:03.489+0000] {logging_mixin.py:137} INFO - [2026-09-30T23:24:03.488+0000] {dag.py:2676} INFO - Sync 1 DAGs
[2026-09-30T23:24:03.521+0000] {logging_mixin.py:137} INFO - [2026-09-30T23:24:03.521+0000] {dag.py:3427} INFO - Setting next_dagrun for example_skip_dag to 2026-09-29T23:24:03.521050+00:00, run_after=2026-09-30T23:24:03.521050+00:00
[2026-09-30T23:24:03.542+0000] {processor.py:175} INFO - Processing /home/airflow/.local/lib/python3.7/site-packages/airflow/example_dags/example_skip_dag.py took 0.130 seconds
[2026-09-30T23:24:34.189+0000] {processor.py:153} INFO - Started process (PID=9028) to work on /home/airflow/.local/lib/python3.7/site-packages/airflow/example_dags/example_skip_dag.py
[2026-09-30T23:24:34.190+0000] {processor.py:743} INFO - Processing file /home/airflow/.local/lib/python3.7/site-packages/airflow/example_dags/example_skip_dag.py for tasks to queue
[2026-09-30T23:24:34.190+0000] {logging_mixin.py:137} INFO - [2026-09-30T23:24:34.190+0000] {dagbag.py:538} INFO - Filling up the DagBag from /home/airflow/.local/lib/python3.7/site-packages/airflow/example_dags/example_skip_dag.py
[2026-09-30T23:24:34.210+0000] {processor.py:753} INFO - DAG(s) dict_keys(['example_skip_dag']) retrieved from /home/airflow/.local/lib/python3.7/site-packages/airflow/example_dags/example_skip_dag.py
[2026-09-30T23:24:34.259+0000] {logging_mixin.py:137} INFO - [2026-09-30T23:24:34.259+0000] {dag.py:2676} INFO - Sync 1 DAGs
[2026-09-30T23:24:34.293+0000] {logging_mixin.py:137} INFO - [2026-09-30T23:24:34.293+0000] {dag.py:3427} INFO - Setting next_dagrun for example_skip_dag to 2026-09-29T23:24:34.293089+00:00, run_after=2026-09-30T23:24:34.293089+00:00
[2026-09-30T23:24:34.315+0000] {processor.py:175} INFO - Processing /home/airflow/.local/lib/python3.7/site-packages/airflow/example_dags/example_skip_dag.py took 0.131 seconds
[2026-09-30T23:25:04.901+0000] {processor.py:153} INFO - Started process (PID=9116) to work on /home/airflow/.local/lib/python3.7/site-packages/airflow/example_dags/example_skip_dag.py
[2026-09-30T23:25:04.902+0000] {processor.py:743} INFO - Processing file /home/airflow/.local/lib/python3.7/site-packages/airflow/example_dags/example_skip_dag.py for tasks to queue
[2026-09-30T23:25:04.902+0000] {logging_mixin.py:137} INFO - [2026-09-30T23:25:04.902+0000] {dagbag.py:538} INFO - Filling up the DagBag from /home/airflow/.local/lib/python3.7/site-packages/airflow/example_dags/example_skip_dag.py
[2026-09-30T23:25:04.922+0000] {processor.py:753} INFO - DAG(s) dict_keys(['example_skip_dag']) retrieved from /home/airflow/.local/lib/python3.7/site-packages/airflow/example_dags/example_skip_dag.py
[2026-09-30T23:25:04.970+0000] {logging_mixin.py:137} INFO - [2026-09-30T23:25:04.970+0000] {dag.py:2676} INFO - Sync 1 DAGs
[2026-09-30T23:25:05.002+0000] {logging_mixin.py:137} INFO - [2026-09-30T23:25:05.002+0000] {dag.py:3427} INFO - Setting next_dagrun for example_skip_dag to 2026-09-29T23:25:05.002144+00:00, run_after=2026-09-30T23:25:05.002144+00:00
[2026-09-30T23:25:05.027+0000] {processor.py:175} INFO - Processing /home/airflow/.local/lib/python3.7/site-packages/airflow/example_dags/example_skip_dag.py took 0.130 seconds
[2026-09-30T23:25:35.579+0000] {processor.py:153} INFO - Started process (PID=9206) to work on /home/airflow/.local/lib/python3.7/site-packages/airflow/example_dags/example_skip_dag.py
[2026-09-30T23:25:35.580+0000] {processor.py:743} INFO - Processing file /home/airflow/.local/lib/python3.7/site-packages/airflow/example_dags/example_skip_dag.py for tasks to queue
[2026-09-30T23:25:35.581+0000] {logging_mixin.py:137} INFO - [2026-09-30T23:25:35.581+0000] {dagbag.py:538} INFO - Filling up the DagBag from /home/airflow/.local/lib/python3.7/site-packages/airflow/example_dags/example_skip_dag.py
[2026-09-30T23:25:35.598+0000] {processor.py:753} INFO - DAG(s) dict_keys(['example_skip_dag']) retrieved from /home/airflow/.local/lib/python3.7/site-packages/airflow/example_dags/example_skip_dag.py
[2026-09-30T23:25:35.640+0000] {logging_mixin.py:137} INFO - [2026-09-30T23:25:35.640+0000] {dag.py:2676} INFO - Sync 1 DAGs
[2026-09-30T23:25:35.669+0000] {logging_mixin.py:137} INFO - [2026-09-30T23:25:35.669+0000] {dag.py:3427} INFO - Setting next_dagrun for example_skip_dag to 2026-09-29T23:25:35.668923+00:00, run_after=2026-09-30T23:25:35.668923+00:00
[2026-09-30T23:25:35.687+0000] {processor.py:175} INFO - Processing /home/airflow/.local/lib/python3.7/site-packages/airflow/example_dags/example_skip_dag.py took 0.113 seconds
[2026-09-30T23:26:05.950+0000] {processor.py:153} INFO - Started process (PID=9285) to work on /home/airflow/.local/lib/python3.7/site-packages/airflow/example_dags/example_skip_dag.py
[2026-09-30T23:26:05.951+0000] {processor.py:743} INFO - Processing file /home/airflow/.local/lib/python3.7/site-packages/airflow/example_dags/example_skip_dag.py for tasks to queue
[2026-09-30T23:26:05.951+0000] {logging_mixin.py:137} INFO - [2026-09-30T23:26:05.951+0000] {dagbag.py:538} INFO - Filling up the DagBag from /home/airflow/.local/lib/python3.7/site-packages/airflow/example_dags/example_skip_dag.py
[2026-09-30T23:26:05.979+0000] {processor.py:753} INFO - DAG(s) dict_keys(['example_skip_dag']) retrieved from /home/airflow/.local/lib/python3.7/site-packages/airflow/example_dags/example_skip_dag.py
[2026-09-30T23:26:06.033+0000] {logging_mixin.py:137} INFO - [2026-09-30T23:26:06.033+0000] {dag.py:2676} INFO - Sync 1 DAGs
[2026-09-30T23:26:06.063+0000] {logging_mixin.py:137} INFO - [2026-09-30T23:26:06.063+0000] {dag.py:3427} INFO - Setting next_dagrun for example_skip_dag to 2026-09-29T23:26:06.063509+00:00, run_after=2026-09-30T23:26:06.063509+00:00
[2026-09-30T23:26:06.084+0000] {processor.py:175} INFO - Processing /home/airflow/.local/lib/python3.7/site-packages/airflow/example_dags/example_skip_dag.py took 0.139 seconds
[2026-09-30T23:26:37.095+0000] {processor.py:153} INFO - Started process (PID=9364) to work on /home/airflow/.local/lib/python3.7/site-packages/airflow/example_dags/example_skip_dag.py
[2026-09-30T23:26:37.097+0000] {processor.py:743} INFO - Processing file /home/airflow/.local/lib/python3.7/site-packages/airflow/example_dags/example_skip_dag.py for tasks to queue
[2026-09-30T23:26:37.098+0000] {logging_mixin.py:137} INFO - [2026-09-30T23:26:37.098+0000] {dagbag.py:538} INFO - Filling up the DagBag from /home/airflow/.local/lib/python3.7/site-packages/airflow/example_dags/example_skip_dag.py
[2026-09-30T23:26:37.119+0000] {processor.py:753} INFO - DAG(s) dict_keys(['example_skip_dag']) retrieved from /home/airflow/.local/lib/python3.7/site-packages/airflow/example_dags/example_skip_dag.py
[2026-09-30T23:26:37.168+0000] {logging_mixin.py:137} INFO - [2026-09-30T23:26:37.167+0000] {dag.py:2676} INFO - Sync 1 DAGs
[2026-09-30T23:26:37.204+0000] {logging_mixin.py:137} INFO - [2026-09-30T23:26:37.204+0000] {dag.py:3427} INFO - Setting next_dagrun for example_skip_dag to 2026-09-29T23:26:37.204068+00:00, run_after=2026-09-30T23:26:37.204068+00:00
[2026-09-30T23:26:37.234+0000] {processor.py:175} INFO - Processing /home/airflow/.local/lib/python3.7/site-packages/airflow/example_dags/example_skip_dag.py took 0.147 seconds
[2026-09-30T23:27:08.301+0000] {processor.py:153} INFO - Started process (PID=9463) to work on /home/airflow/.local/lib/python3.7/site-packages/airflow/example_dags/example_skip_dag.py
[2026-09-30T23:27:08.302+0000] {processor.py:743} INFO - Processing file /home/airflow/.local/lib/python3.7/site-packages/airflow/example_dags/example_skip_dag.py for tasks to queue
[2026-09-30T23:27:08.302+0000] {logging_mixin.py:137} INFO - [2026-09-30T23:27:08.302+0000] {dagbag.py:538} INFO - Filling up the DagBag from /home/airflow/.local/lib/python3.7/site-packages/airflow/example_dags/example_skip_dag.py
[2026-09-30T23:27:08.321+0000] {processor.py:753} INFO - DAG(s) dict_keys(['example_skip_dag']) retrieved from /home/airflow/.local/lib/python3.7/site-packages/airflow/example_dags/example_skip_dag.py
[2026-09-30T23:27:08.372+0000] {logging_mixin.py:137} INFO - [2026-09-30T23:27:08.371+0000] {dag.py:2676} INFO - Sync 1 DAGs
[2026-09-30T23:27:08.420+0000] {logging_mixin.py:137} INFO - [2026-09-30T23:27:08.420+0000] {dag.py:3427} INFO - Setting next_dagrun for example_skip_dag to 2026-09-29T23:27:08.420181+00:00, run_after=2026-09-30T23:27:08.420181+00:00
[2026-09-30T23:27:08.454+0000] {processor.py:175} INFO - Processing /home/airflow/.local/lib/python3.7/site-packages/airflow/example_dags/example_skip_dag.py took 0.161 seconds
[2026-09-30T23:27:38.649+0000] {processor.py:153} INFO - Started process (PID=9542) to work on /home/airflow/.local/lib/python3.7/site-packages/airflow/example_dags/example_skip_dag.py
[2026-09-30T23:27:38.650+0000] {processor.py:743} INFO - Processing file /home/airflow/.local/lib/python3.7/site-packages/airflow/example_dags/example_skip_dag.py for tasks to queue
[2026-09-30T23:27:38.651+0000] {logging_mixin.py:137} INFO - [2026-09-30T23:27:38.651+0000] {dagbag.py:538} INFO - Filling up the DagBag from /home/airflow/.local/lib/python3.7/site-packages/airflow/example_dags/example_skip_dag.py
[2026-09-30T23:27:38.671+0000] {processor.py:753} INFO - DAG(s) dict_keys(['example_skip_dag']) retrieved from /home/airflow/.local/lib/python3.7/site-packages/airflow/example_dags/example_skip_dag.py
[2026-09-30T23:27:38.722+0000] {logging_mixin.py:137} INFO - [2026-09-30T23:27:38.722+0000] {dag.py:2676} INFO - Sync 1 DAGs
[2026-09-30T23:27:38.761+0000] {logging_mixin.py:137} INFO - [2026-09-30T23:27:38.761+0000] {dag.py:3427} INFO - Setting next_dagrun for example_skip_dag to 2026-09-29T23:27:38.761282+00:00, run_after=2026-09-30T23:27:38.761282+00:00
[2026-09-30T23:27:38.787+0000] {processor.py:175} INFO - Processing /home/airflow/.local/lib/python3.7/site-packages/airflow/example_dags/example_skip_dag.py took 0.141 seconds
[2026-09-30T23:28:08.875+0000] {processor.py:153} INFO - Started process (PID=9621) to work on /home/airflow/.local/lib/python3.7/site-packages/airflow/example_dags/example_skip_dag.py
[2026-09-30T23:28:08.876+0000] {processor.py:743} INFO - Processing file /home/airflow/.local/lib/python3.7/site-packages/airflow/example_dags/example_skip_dag.py for tasks to queue
[2026-09-30T23:28:08.876+0000] {logging_mixin.py:137} INFO - [2026-09-30T23:28:08.876+0000] {dagbag.py:538} INFO - Filling up the DagBag from /home/airflow/.local/lib/python3.7/site-packages/airflow/example_dags/example_skip_dag.py
[2026-09-30T23:28:08.897+0000] {processor.py:753} INFO - DAG(s) dict_keys(['example_skip_dag']) retrieved from /home/airflow/.local/lib/python3.7/site-packages/airflow/example_dags/example_skip_dag.py
[2026-09-30T23:28:08.948+0000] {logging_mixin.py:137} INFO - [2026-09-30T23:28:08.947+0000] {dag.py:2676} INFO - Sync 1 DAGs
[2026-09-30T23:28:08.980+0000] {logging_mixin.py:137} INFO - [2026-09-30T23:28:08.980+0000] {dag.py:3427} INFO - Setting next_dagrun for example_skip_dag to 2026-09-29T23:28:08.980032+00:00, run_after=2026-09-30T23:28:08.980032+00:00
[2026-09-30T23:28:09.001+0000] {processor.py:175} INFO - Processing /home/airflow/.local/lib/python3.7/site-packages/airflow/example_dags/example_skip_dag.py took 0.130 seconds
[2026-09-30T23:28:39.221+0000] {processor.py:153} INFO - Started process (PID=9709) to work on /home/airflow/.local/lib/python3.7/site-packages/airflow/example_dags/example_skip_dag.py
[2026-09-30T23:28:39.222+0000] {processor.py:743} INFO - Processing file /home/airflow/.local/lib/python3.7/site-packages/airflow/example_dags/example_skip_dag.py for tasks to queue
[2026-09-30T23:28:39.223+0000] {logging_mixin.py:137} INFO - [2026-09-30T23:28:39.223+0000] {dagbag.py:538} INFO - Filling up the DagBag from /home/airflow/.local/lib/python3.7/site-packages/airflow/example_dags/example_skip_dag.py
[2026-09-30T23:28:39.246+0000] {processor.py:753} INFO - DAG(s) dict_keys(['example_skip_dag']) retrieved from /home/airflow/.local/lib/python3.7/site-packages/airflow/example_dags/example_skip_dag.py
[2026-09-30T23:28:39.317+0000] {logging_mixin.py:137} INFO - [2026-09-30T23:28:39.316+0000] {dag.py:2676} INFO - Sync 1 DAGs
[2026-09-30T23:28:39.349+0000] {logging_mixin.py:137} INFO - [2026-09-30T23:28:39.348+0000] {dag.py:3427} INFO - Setting next_dagrun for example_skip_dag to 2026-09-29T23:28:39.348473+00:00, run_after=2026-09-30T23:28:39.348473+00:00
[2026-09-30T23:28:39.372+0000] {processor.py:175} INFO - Processing /home/airflow/.local/lib/python3.7/site-packages/airflow/example_dags/example_skip_dag.py took 0.154 seconds
[2026-09-30T23:29:09.493+0000] {processor.py:153} INFO - Started process (PID=9799) to work on /home/airflow/.local/lib/python3.7/site-packages/airflow/example_dags/example_skip_dag.py
[2026-09-30T23:29:09.494+0000] {processor.py:743} INFO - Processing file /home/airflow/.local/lib/python3.7/site-packages/airflow/example_dags/example_skip_dag.py for tasks to queue
[2026-09-30T23:29:09.495+0000] {logging_mixin.py:137} INFO - [2026-09-30T23:29:09.495+0000] {dagbag.py:538} INFO - Filling up the DagBag from /home/airflow/.local/lib/python3.7/site-packages/airflow/example_dags/example_skip_dag.py
[2026-09-30T23:29:09.514+0000] {processor.py:753} INFO - DAG(s) dict_keys(['example_skip_dag']) retrieved from /home/airflow/.local/lib/python3.7/site-packages/airflow/example_dags/example_skip_dag.py
[2026-09-30T23:29:09.560+0000] {logging_mixin.py:137} INFO - [2026-09-30T23:29:09.559+0000] {dag.py:2676} INFO - Sync 1 DAGs
[2026-09-30T23:29:09.590+0000] {logging_mixin.py:137} INFO - [2026-09-30T23:29:09.590+0000] {dag.py:3427} INFO - Setting next_dagrun for example_skip_dag to 2026-09-29T23:29:09.590088+00:00, run_after=2026-09-30T23:29:09.590088+00:00
[2026-09-30T23:29:09.612+0000] {processor.py:175} INFO - Processing /home/airflow/.local/lib/python3.7/site-packages/airflow/example_dags/example_skip_dag.py took 0.123 seconds
[2026-09-30T23:29:40.522+0000] {processor.py:153} INFO - Started process (PID=9878) to work on /home/airflow/.local/lib/python3.7/site-packages/airflow/example_dags/example_skip_dag.py
[2026-09-30T23:29:40.523+0000] {processor.py:743} INFO - Processing file /home/airflow/.local/lib/python3.7/site-packages/airflow/example_dags/example_skip_dag.py for tasks to queue
[2026-09-30T23:29:40.524+0000] {logging_mixin.py:137} INFO - [2026-09-30T23:29:40.523+0000] {dagbag.py:538} INFO - Filling up the DagBag from /home/airflow/.local/lib/python3.7/site-packages/airflow/example_dags/example_skip_dag.py
[2026-09-30T23:29:40.541+0000] {processor.py:753} INFO - DAG(s) dict_keys(['example_skip_dag']) retrieved from /home/airflow/.local/lib/python3.7/site-packages/airflow/example_dags/example_skip_dag.py
[2026-09-30T23:29:40.584+0000] {logging_mixin.py:137} INFO - [2026-09-30T23:29:40.584+0000] {dag.py:2676} INFO - Sync 1 DAGs
[2026-09-30T23:29:40.614+0000] {logging_mixin.py:137} INFO - [2026-09-30T23:29:40.614+0000] {dag.py:3427} INFO - Setting next_dagrun for example_skip_dag to 2026-09-29T23:29:40.614294+00:00, run_after=2026-09-30T23:29:40.614294+00:00
[2026-09-30T23:29:40.633+0000] {processor.py:175} INFO - Processing /home/airflow/.local/lib/python3.7/site-packages/airflow/example_dags/example_skip_dag.py took 0.115 seconds
[2026-09-30T23:30:11.466+0000] {processor.py:153} INFO - Started process (PID=9957) to work on /home/airflow/.local/lib/python3.7/site-packages/airflow/example_dags/example_skip_dag.py
[2026-09-30T23:30:11.467+0000] {processor.py:743} INFO - Processing file /home/airflow/.local/lib/python3.7/site-packages/airflow/example_dags/example_skip_dag.py for tasks to queue
[2026-09-30T23:30:11.468+0000] {logging_mixin.py:137} INFO - [2026-09-30T23:30:11.468+0000] {dagbag.py:538} INFO - Filling up the DagBag from /home/airflow/.local/lib/python3.7/site-packages/airflow/example_dags/example_skip_dag.py
[2026-09-30T23:30:11.486+0000] {processor.py:753} INFO - DAG(s) dict_keys(['example_skip_dag']) retrieved from /home/airflow/.local/lib/python3.7/site-packages/airflow/example_dags/example_skip_dag.py
[2026-09-30T23:30:11.533+0000] {logging_mixin.py:137} INFO - [2026-09-30T23:30:11.533+0000] {dag.py:2676} INFO - Sync 1 DAGs
[2026-09-30T23:30:11.580+0000] {logging_mixin.py:137} INFO - [2026-09-30T23:30:11.580+0000] {dag.py:3427} INFO - Setting next_dagrun for example_skip_dag to 2026-09-29T23:30:11.580144+00:00, run_after=2026-09-30T23:30:11.580144+00:00
[2026-09-30T23:30:11.615+0000] {processor.py:175} INFO - Processing /home/airflow/.local/lib/python3.7/site-packages/airflow/example_dags/example_skip_dag.py took 0.152 seconds
[2026-09-30T23:30:42.324+0000] {processor.py:153} INFO - Started process (PID=10055) to work on /home/airflow/.local/lib/python3.7/site-packages/airflow/example_dags/example_skip_dag.py
[2026-09-30T23:30:42.326+0000] {processor.py:743} INFO - Processing file /home/airflow/.local/lib/python3.7/site-packages/airflow/example_dags/example_skip_dag.py for tasks to queue
[2026-09-30T23:30:42.327+0000] {logging_mixin.py:137} INFO - [2026-09-30T23:30:42.327+0000] {dagbag.py:538} INFO - Filling up the DagBag from /home/airflow/.local/lib/python3.7/site-packages/airflow/example_dags/example_skip_dag.py
[2026-09-30T23:30:42.355+0000] {processor.py:753} INFO - DAG(s) dict_keys(['example_skip_dag']) retrieved from /home/airflow/.local/lib/python3.7/site-packages/airflow/example_dags/example_skip_dag.py
[2026-09-30T23:30:42.419+0000] {logging_mixin.py:137} INFO - [2026-09-30T23:30:42.418+0000] {dag.py:2676} INFO - Sync 1 DAGs
[2026-09-30T23:30:42.453+0000] {logging_mixin.py:137} INFO - [2026-09-30T23:30:42.453+0000] {dag.py:3427} INFO - Setting next_dagrun for example_skip_dag to 2026-09-29T23:30:42.452825+00:00, run_after=2026-09-30T23:30:42.452825+00:00
[2026-09-30T23:30:42.480+0000] {processor.py:175} INFO - Processing /home/airflow/.local/lib/python3.7/site-packages/airflow/example_dags/example_skip_dag.py took 0.163 seconds
[2026-09-30T23:31:12.527+0000] {processor.py:153} INFO - Started process (PID=10134) to work on /home/airflow/.local/lib/python3.7/site-packages/airflow/example_dags/example_skip_dag.py
[2026-09-30T23:31:12.528+0000] {processor.py:743} INFO - Processing file /home/airflow/.local/lib/python3.7/site-packages/airflow/example_dags/example_skip_dag.py for tasks to queue
[2026-09-30T23:31:12.529+0000] {logging_mixin.py:137} INFO - [2026-09-30T23:31:12.529+0000] {dagbag.py:538} INFO - Filling up the DagBag from /home/airflow/.local/lib/python3.7/site-packages/airflow/example_dags/example_skip_dag.py
[2026-09-30T23:31:12.547+0000] {processor.py:753} INFO - DAG(s) dict_keys(['example_skip_dag']) retrieved from /home/airflow/.local/lib/python3.7/site-packages/airflow/example_dags/example_skip_dag.py
[2026-09-30T23:31:12.604+0000] {logging_mixin.py:137} INFO - [2026-09-30T23:31:12.604+0000] {dag.py:2676} INFO - Sync 1 DAGs
[2026-09-30T23:31:12.641+0000] {logging_mixin.py:137} INFO - [2026-09-30T23:31:12.641+0000] {dag.py:3427} INFO - Setting next_dagrun for example_skip_dag to 2026-09-29T23:31:12.640822+00:00, run_after=2026-09-30T23:31:12.640822+00:00
[2026-09-30T23:31:12.667+0000] {processor.py:175} INFO - Processing /home/airflow/.local/lib/python3.7/site-packages/airflow/example_dags/example_skip_dag.py took 0.143 seconds
[2026-09-30T23:31:42.992+0000] {processor.py:153} INFO - Started process (PID=10213) to work on /home/airflow/.local/lib/python3.7/site-packages/airflow/example_dags/example_skip_dag.py
[2026-09-30T23:31:42.994+0000] {processor.py:743} INFO - Processing file /home/airflow/.local/lib/python3.7/site-packages/airflow/example_dags/example_skip_dag.py for tasks to queue
[2026-09-30T23:31:42.994+0000] {logging_mixin.py:137} INFO - [2026-09-30T23:31:42.994+0000] {dagbag.py:538} INFO - Filling up the DagBag from /home/airflow/.local/lib/python3.7/site-packages/airflow/example_dags/example_skip_dag.py
[2026-09-30T23:31:43.015+0000] {processor.py:753} INFO - DAG(s) dict_keys(['example_skip_dag']) retrieved from /home/airflow/.local/lib/python3.7/site-packages/airflow/example_dags/example_skip_dag.py
[2026-09-30T23:31:43.064+0000] {logging_mixin.py:137} INFO - [2026-09-30T23:31:43.063+0000] {dag.py:2676} INFO - Sync 1 DAGs
[2026-09-30T23:31:43.096+0000] {logging_mixin.py:137} INFO - [2026-09-30T23:31:43.096+0000] {dag.py:3427} INFO - Setting next_dagrun for example_skip_dag to 2026-09-29T23:31:43.096383+00:00, run_after=2026-09-30T23:31:43.096383+00:00
[2026-09-30T23:31:43.117+0000] {processor.py:175} INFO - Processing /home/airflow/.local/lib/python3.7/site-packages/airflow/example_dags/example_skip_dag.py took 0.129 seconds
[2026-09-30T23:32:13.352+0000] {processor.py:153} INFO - Started process (PID=10292) to work on /home/airflow/.local/lib/python3.7/site-packages/airflow/example_dags/example_skip_dag.py
[2026-09-30T23:32:13.353+0000] {processor.py:743} INFO - Processing file /home/airflow/.local/lib/python3.7/site-packages/airflow/example_dags/example_skip_dag.py for tasks to queue
[2026-09-30T23:32:13.354+0000] {logging_mixin.py:137} INFO - [2026-09-30T23:32:13.354+0000] {dagbag.py:538} INFO - Filling up the DagBag from /home/airflow/.local/lib/python3.7/site-packages/airflow/example_dags/example_skip_dag.py
[2026-09-30T23:32:13.372+0000] {processor.py:753} INFO - DAG(s) dict_keys(['example_skip_dag']) retrieved from /home/airflow/.local/lib/python3.7/site-packages/airflow/example_dags/example_skip_dag.py
[2026-09-30T23:32:13.425+0000] {logging_mixin.py:137} INFO - [2026-09-30T23:32:13.424+0000] {dag.py:2676} INFO - Sync 1 DAGs
[2026-09-30T23:32:13.461+0000] {logging_mixin.py:137} INFO - [2026-09-30T23:32:13.460+0000] {dag.py:3427} INFO - Setting next_dagrun for example_skip_dag to 2026-09-29T23:32:13.460570+00:00, run_after=2026-09-30T23:32:13.460570+00:00
[2026-09-30T23:32:13.484+0000] {processor.py:175} INFO - Processing /home/airflow/.local/lib/python3.7/site-packages/airflow/example_dags/example_skip_dag.py took 0.136 seconds
[2026-09-30T23:32:44.287+0000] {processor.py:153} INFO - Started process (PID=10391) to work on /home/airflow/.local/lib/python3.7/site-packages/airflow/example_dags/example_skip_dag.py
[2026-09-30T23:32:44.288+0000] {processor.py:743} INFO - Processing file /home/airflow/.local/lib/python3.7/site-packages/airflow/example_dags/example_skip_dag.py for tasks to queue
[2026-09-30T23:32:44.288+0000] {logging_mixin.py:137} INFO - [2026-09-30T23:32:44.288+0000] {dagbag.py:538} INFO - Filling up the DagBag from /home/airflow/.local/lib/python3.7/site-packages/airflow/example_dags/example_skip_dag.py
[2026-09-30T23:32:44.306+0000] {processor.py:753} INFO - DAG(s) dict_keys(['example_skip_dag']) retrieved from /home/airflow/.local/lib/python3.7/site-packages/airflow/example_dags/example_skip_dag.py
[2026-09-30T23:32:44.365+0000] {logging_mixin.py:137} INFO - [2026-09-30T23:32:44.365+0000] {dag.py:2676} INFO - Sync 1 DAGs
[2026-09-30T23:32:44.410+0000] {logging_mixin.py:137} INFO - [2026-09-30T23:32:44.410+0000] {dag.py:3427} INFO - Setting next_dagrun for example_skip_dag to 2026-09-29T23:32:44.409644+00:00, run_after=2026-09-30T23:32:44.409644+00:00
[2026-09-30T23:32:44.440+0000] {processor.py:175} INFO - Processing /home/airflow/.local/lib/python3.7/site-packages/airflow/example_dags/example_skip_dag.py took 0.157 seconds
[2026-09-30T23:33:14.630+0000] {processor.py:153} INFO - Started process (PID=10470) to work on /home/airflow/.local/lib/python3.7/site-packages/airflow/example_dags/example_skip_dag.py
[2026-09-30T23:33:14.631+0000] {processor.py:743} INFO - Processing file /home/airflow/.local/lib/python3.7/site-packages/airflow/example_dags/example_skip_dag.py for tasks to queue
[2026-09-30T23:33:14.632+0000] {logging_mixin.py:137} INFO - [2026-09-30T23:33:14.632+0000] {dagbag.py:538} INFO - Filling up the DagBag from /home/airflow/.local/lib/python3.7/site-packages/airflow/example_dags/example_skip_dag.py
[2026-09-30T23:33:14.651+0000] {processor.py:753} INFO - DAG(s) dict_keys(['example_skip_dag']) retrieved from /home/airflow/.local/lib/python3.7/site-packages/airflow/example_dags/example_skip_dag.py
[2026-09-30T23:33:14.696+0000] {logging_mixin.py:137} INFO - [2026-09-30T23:33:14.696+0000] {dag.py:2676} INFO - Sync 1 DAGs
[2026-09-30T23:33:14.727+0000] {logging_mixin.py:137} INFO - [2026-09-30T23:33:14.727+0000] {dag.py:3427} INFO - Setting next_dagrun for example_skip_dag to 2026-09-29T23:33:14.726768+00:00, run_after=2026-09-30T23:33:14.726768+00:00
[2026-09-30T23:33:14.749+0000] {processor.py:175} INFO - Processing /home/airflow/.local/lib/python3.7/site-packages/airflow/example_dags/example_skip_dag.py took 0.123 seconds
[2026-09-30T23:33:45.771+0000] {processor.py:153} INFO - Started process (PID=10549) to work on /home/airflow/.local/lib/python3.7/site-packages/airflow/example_dags/example_skip_dag.py
[2026-09-30T23:33:45.772+0000] {processor.py:743} INFO - Processing file /home/airflow/.local/lib/python3.7/site-packages/airflow/example_dags/example_skip_dag.py for tasks to queue
[2026-09-30T23:33:45.773+0000] {logging_mixin.py:137} INFO - [2026-09-30T23:33:45.773+0000] {dagbag.py:538} INFO - Filling up the DagBag from /home/airflow/.local/lib/python3.7/site-packages/airflow/example_dags/example_skip_dag.py
[2026-09-30T23:33:45.794+0000] {processor.py:753} INFO - DAG(s) dict_keys(['example_skip_dag']) retrieved from /home/airflow/.local/lib/python3.7/site-packages/airflow/example_dags/example_skip_dag.py
[2026-09-30T23:33:45.861+0000] {logging_mixin.py:137} INFO - [2026-09-30T23:33:45.861+0000] {dag.py:2676} INFO - Sync 1 DAGs
[2026-09-30T23:33:45.911+0000] {logging_mixin.py:137} INFO - [2026-09-30T23:33:45.910+0000] {dag.py:3427} INFO - Setting next_dagrun for example_skip_dag to 2026-09-29T23:33:45.910687+00:00, run_after=2026-09-30T23:33:45.910687+00:00
[2026-09-30T23:33:45.949+0000] {processor.py:175} INFO - Processing /home/airflow/.local/lib/python3.7/site-packages/airflow/example_dags/example_skip_dag.py took 0.182 seconds
[2026-09-30T23:34:16.030+0000] {processor.py:153} INFO - Started process (PID=10628) to work on /home/airflow/.local/lib/python3.7/site-packages/airflow/example_dags/example_skip_dag.py
[2026-09-30T23:34:16.031+0000] {processor.py:743} INFO - Processing file /home/airflow/.local/lib/python3.7/site-packages/airflow/example_dags/example_skip_dag.py for tasks to queue
[2026-09-30T23:34:16.031+0000] {logging_mixin.py:137} INFO - [2026-09-30T23:34:16.031+0000] {dagbag.py:538} INFO - Filling up the DagBag from /home/airflow/.local/lib/python3.7/site-packages/airflow/example_dags/example_skip_dag.py
[2026-09-30T23:34:16.057+0000] {processor.py:753} INFO - DAG(s) dict_keys(['example_skip_dag']) retrieved from /home/airflow/.local/lib/python3.7/site-packages/airflow/example_dags/example_skip_dag.py
[2026-09-30T23:34:16.106+0000] {logging_mixin.py:137} INFO - [2026-09-30T23:34:16.106+0000] {dag.py:2676} INFO - Sync 1 DAGs
[2026-09-30T23:34:16.140+0000] {logging_mixin.py:137} INFO - [2026-09-30T23:34:16.140+0000] {dag.py:3427} INFO - Setting next_dagrun for example_skip_dag to 2026-09-29T23:34:16.139739+00:00, run_after=2026-09-30T23:34:16.139739+00:00
[2026-09-30T23:34:16.160+0000] {processor.py:175} INFO - Processing /home/airflow/.local/lib/python3.7/site-packages/airflow/example_dags/example_skip_dag.py took 0.134 seconds
[2026-09-30T23:34:46.367+0000] {processor.py:153} INFO - Started process (PID=10727) to work on /home/airflow/.local/lib/python3.7/site-packages/airflow/example_dags/example_skip_dag.py
[2026-09-30T23:34:46.368+0000] {processor.py:743} INFO - Processing file /home/airflow/.local/lib/python3.7/site-packages/airflow/example_dags/example_skip_dag.py for tasks to queue
[2026-09-30T23:34:46.368+0000] {logging_mixin.py:137} INFO - [2026-09-30T23:34:46.368+0000] {dagbag.py:538} INFO - Filling up the DagBag from /home/airflow/.local/lib/python3.7/site-packages/airflow/example_dags/example_skip_dag.py
[2026-09-30T23:34:46.388+0000] {processor.py:753} INFO - DAG(s) dict_keys(['example_skip_dag']) retrieved from /home/airflow/.local/lib/python3.7/site-packages/airflow/example_dags/example_skip_dag.py
[2026-09-30T23:34:46.448+0000] {logging_mixin.py:137} INFO - [2026-09-30T23:34:46.448+0000] {dag.py:2676} INFO - Sync 1 DAGs
[2026-09-30T23:34:46.481+0000] {logging_mixin.py:137} INFO - [2026-09-30T23:34:46.481+0000] {dag.py:3427} INFO - Setting next_dagrun for example_skip_dag to 2026-09-29T23:34:46.481119+00:00, run_after=2026-09-30T23:34:46.481119+00:00
[2026-09-30T23:34:46.502+0000] {processor.py:175} INFO - Processing /home/airflow/.local/lib/python3.7/site-packages/airflow/example_dags/example_skip_dag.py took 0.140 seconds
[2026-09-30T23:35:16.655+0000] {processor.py:153} INFO - Started process (PID=10805) to work on /home/airflow/.local/lib/python3.7/site-packages/airflow/example_dags/example_skip_dag.py
[2026-09-30T23:35:16.655+0000] {processor.py:743} INFO - Processing file /home/airflow/.local/lib/python3.7/site-packages/airflow/example_dags/example_skip_dag.py for tasks to queue
[2026-09-30T23:35:16.656+0000] {logging_mixin.py:137} INFO - [2026-09-30T23:35:16.656+0000] {dagbag.py:538} INFO - Filling up the DagBag from /home/airflow/.local/lib/python3.7/site-packages/airflow/example_dags/example_skip_dag.py
[2026-09-30T23:35:16.677+0000] {processor.py:753} INFO - DAG(s) dict_keys(['example_skip_dag']) retrieved from /home/airflow/.local/lib/python3.7/site-packages/airflow/example_dags/example_skip_dag.py
[2026-09-30T23:35:16.731+0000] {logging_mixin.py:137} INFO - [2026-09-30T23:35:16.731+0000] {dag.py:2676} INFO - Sync 1 DAGs
[2026-09-30T23:35:16.767+0000] {logging_mixin.py:137} INFO - [2026-09-30T23:35:16.767+0000] {dag.py:3427} INFO - Setting next_dagrun for example_skip_dag to 2026-09-29T23:35:16.767037+00:00, run_after=2026-09-30T23:35:16.767037+00:00
[2026-09-30T23:35:16.795+0000] {processor.py:175} INFO - Processing /home/airflow/.local/lib/python3.7/site-packages/airflow/example_dags/example_skip_dag.py took 0.145 seconds
[2026-09-30T23:35:47.029+0000] {processor.py:153} INFO - Started process (PID=10884) to work on /home/airflow/.local/lib/python3.7/site-packages/airflow/example_dags/example_skip_dag.py
[2026-09-30T23:35:47.031+0000] {processor.py:743} INFO - Processing file /home/airflow/.local/lib/python3.7/site-packages/airflow/example_dags/example_skip_dag.py for tasks to queue
[2026-09-30T23:35:47.031+0000] {logging_mixin.py:137} INFO - [2026-09-30T23:35:47.031+0000] {dagbag.py:538} INFO - Filling up the DagBag from /home/airflow/.local/lib/python3.7/site-packages/airflow/example_dags/example_skip_dag.py
[2026-09-30T23:35:47.051+0000] {processor.py:753} INFO - DAG(s) dict_keys(['example_skip_dag']) retrieved from /home/airflow/.local/lib/python3.7/site-packages/airflow/example_dags/example_skip_dag.py
[2026-09-30T23:35:47.113+0000] {logging_mixin.py:137} INFO - [2026-09-30T23:35:47.113+0000] {dag.py:2676} INFO - Sync 1 DAGs
[2026-09-30T23:35:47.158+0000] {logging_mixin.py:137} INFO - [2026-09-30T23:35:47.158+0000] {dag.py:3427} INFO - Setting next_dagrun for example_skip_dag to 2026-09-29T23:35:47.158011+00:00, run_after=2026-09-30T23:35:47.158011+00:00
[2026-09-30T23:35:47.179+0000] {processor.py:175} INFO - Processing /home/airflow/.local/lib/python3.7/site-packages/airflow/example_dags/example_skip_dag.py took 0.154 seconds
[2026-09-30T23:36:18.258+0000] {processor.py:153} INFO - Started process (PID=10972) to work on /home/airflow/.local/lib/python3.7/site-packages/airflow/example_dags/example_skip_dag.py
[2026-09-30T23:36:18.259+0000] {processor.py:743} INFO - Processing file /home/airflow/.local/lib/python3.7/site-packages/airflow/example_dags/example_skip_dag.py for tasks to queue
[2026-09-30T23:36:18.259+0000] {logging_mixin.py:137} INFO - [2026-09-30T23:36:18.259+0000] {dagbag.py:538} INFO - Filling up the DagBag from /home/airflow/.local/lib/python3.7/site-packages/airflow/example_dags/example_skip_dag.py
[2026-09-30T23:36:18.278+0000] {processor.py:753} INFO - DAG(s) dict_keys(['example_skip_dag']) retrieved from /home/airflow/.local/lib/python3.7/site-packages/airflow/example_dags/example_skip_dag.py
[2026-09-30T23:36:18.333+0000] {logging_mixin.py:137} INFO - [2026-09-30T23:36:18.332+0000] {dag.py:2676} INFO - Sync 1 DAGs
[2026-09-30T23:36:18.374+0000] {logging_mixin.py:137} INFO - [2026-09-30T23:36:18.374+0000] {dag.py:3427} INFO - Setting next_dagrun for example_skip_dag to 2026-09-29T23:36:18.374169+00:00, run_after=2026-09-30T23:36:18.374169+00:00
[2026-09-30T23:36:18.397+0000] {processor.py:175} INFO - Processing /home/airflow/.local/lib/python3.7/site-packages/airflow/example_dags/example_skip_dag.py took 0.143 seconds
[2026-09-30T23:36:49.310+0000] {processor.py:153} INFO - Started process (PID=11064) to work on /home/airflow/.local/lib/python3.7/site-packages/airflow/example_dags/example_skip_dag.py
[2026-09-30T23:36:49.311+0000] {processor.py:743} INFO - Processing file /home/airflow/.local/lib/python3.7/site-packages/airflow/example_dags/example_skip_dag.py for tasks to queue
[2026-09-30T23:36:49.312+0000] {logging_mixin.py:137} INFO - [2026-09-30T23:36:49.311+0000] {dagbag.py:538} INFO - Filling up the DagBag from /home/airflow/.local/lib/python3.7/site-packages/airflow/example_dags/example_skip_dag.py
[2026-09-30T23:36:49.334+0000] {processor.py:753} INFO - DAG(s) dict_keys(['example_skip_dag']) retrieved from /home/airflow/.local/lib/python3.7/site-packages/airflow/example_dags/example_skip_dag.py
[2026-09-30T23:36:49.382+0000] {logging_mixin.py:137} INFO - [2026-09-30T23:36:49.382+0000] {dag.py:2676} INFO - Sync 1 DAGs
[2026-09-30T23:36:49.429+0000] {logging_mixin.py:137} INFO - [2026-09-30T23:36:49.429+0000] {dag.py:3427} INFO - Setting next_dagrun for example_skip_dag to 2026-09-29T23:36:49.428579+00:00, run_after=2026-09-30T23:36:49.428579+00:00
[2026-09-30T23:36:49.499+0000] {processor.py:175} INFO - Processing /home/airflow/.local/lib/python3.7/site-packages/airflow/example_dags/example_skip_dag.py took 0.193 seconds
[2026-09-30T23:37:19.583+0000] {processor.py:153} INFO - Started process (PID=11143) to work on /home/airflow/.local/lib/python3.7/site-packages/airflow/example_dags/example_skip_dag.py
[2026-09-30T23:37:19.584+0000] {processor.py:743} INFO - Processing file /home/airflow/.local/lib/python3.7/site-packages/airflow/example_dags/example_skip_dag.py for tasks to queue
[2026-09-30T23:37:19.585+0000] {logging_mixin.py:137} INFO - [2026-09-30T23:37:19.585+0000] {dagbag.py:538} INFO - Filling up the DagBag from /home/airflow/.local/lib/python3.7/site-packages/airflow/example_dags/example_skip_dag.py
[2026-09-30T23:37:19.603+0000] {processor.py:753} INFO - DAG(s) dict_keys(['example_skip_dag']) retrieved from /home/airflow/.local/lib/python3.7/site-packages/airflow/example_dags/example_skip_dag.py
[2026-09-30T23:37:19.654+0000] {logging_mixin.py:137} INFO - [2026-09-30T23:37:19.654+0000] {dag.py:2676} INFO - Sync 1 DAGs
[2026-09-30T23:37:19.693+0000] {logging_mixin.py:137} INFO - [2026-09-30T23:37:19.693+0000] {dag.py:3427} INFO - Setting next_dagrun for example_skip_dag to 2026-09-29T23:37:19.692970+00:00, run_after=2026-09-30T23:37:19.692970+00:00
[2026-09-30T23:37:19.727+0000] {processor.py:175} INFO - Processing /home/airflow/.local/lib/python3.7/site-packages/airflow/example_dags/example_skip_dag.py took 0.148 seconds
[2026-09-30T23:37:50.303+0000] {processor.py:153} INFO - Started process (PID=11222) to work on /home/airflow/.local/lib/python3.7/site-packages/airflow/example_dags/example_skip_dag.py
[2026-09-30T23:37:50.304+0000] {processor.py:743} INFO - Processing file /home/airflow/.local/lib/python3.7/site-packages/airflow/example_dags/example_skip_dag.py for tasks to queue
[2026-09-30T23:37:50.306+0000] {logging_mixin.py:137} INFO - [2026-09-30T23:37:50.305+0000] {dagbag.py:538} INFO - Filling up the DagBag from /home/airflow/.local/lib/python3.7/site-packages/airflow/example_dags/example_skip_dag.py
[2026-09-30T23:37:50.325+0000] {processor.py:753} INFO - DAG(s) dict_keys(['example_skip_dag']) retrieved from /home/airflow/.local/lib/python3.7/site-packages/airflow/example_dags/example_skip_dag.py
[2026-09-30T23:37:50.372+0000] {logging_mixin.py:137} INFO - [2026-09-30T23:37:50.372+0000] {dag.py:2676} INFO - Sync 1 DAGs
[2026-09-30T23:37:50.406+0000] {logging_mixin.py:137} INFO - [2026-09-30T23:37:50.406+0000] {dag.py:3427} INFO - Setting next_dagrun for example_skip_dag to 2026-09-29T23:37:50.405812+00:00, run_after=2026-09-30T23:37:50.405812+00:00
[2026-09-30T23:37:50.427+0000] {processor.py:175} INFO - Processing /home/airflow/.local/lib/python3.7/site-packages/airflow/example_dags/example_skip_dag.py took 0.128 seconds
[2026-09-30T23:38:20.628+0000] {processor.py:153} INFO - Started process (PID=11321) to work on /home/airflow/.local/lib/python3.7/site-packages/airflow/example_dags/example_skip_dag.py
[2026-09-30T23:38:20.629+0000] {processor.py:743} INFO - Processing file /home/airflow/.local/lib/python3.7/site-packages/airflow/example_dags/example_skip_dag.py for tasks to queue
[2026-09-30T23:38:20.629+0000] {logging_mixin.py:137} INFO - [2026-09-30T23:38:20.629+0000] {dagbag.py:538} INFO - Filling up the DagBag from /home/airflow/.local/lib/python3.7/site-packages/airflow/example_dags/example_skip_dag.py
[2026-09-30T23:38:20.643+0000] {processor.py:753} INFO - DAG(s) dict_keys(['example_skip_dag']) retrieved from /home/airflow/.local/lib/python3.7/site-packages/airflow/example_dags/example_skip_dag.py
[2026-09-30T23:38:20.681+0000] {logging_mixin.py:137} INFO - [2026-09-30T23:38:20.681+0000] {dag.py:2676} INFO - Sync 1 DAGs
[2026-09-30T23:38:20.706+0000] {logging_mixin.py:137} INFO - [2026-09-30T23:38:20.706+0000] {dag.py:3427} INFO - Setting next_dagrun for example_skip_dag to 2026-09-29T23:38:20.705804+00:00, run_after=2026-09-30T23:38:20.705804+00:00
[2026-09-30T23:38:20.721+0000] {processor.py:175} INFO - Processing /home/airflow/.local/lib/python3.7/site-packages/airflow/example_dags/example_skip_dag.py took 0.096 seconds
[2026-09-30T23:38:50.979+0000] {processor.py:153} INFO - Started process (PID=11400) to work on /home/airflow/.local/lib/python3.7/site-packages/airflow/example_dags/example_skip_dag.py
[2026-09-30T23:38:50.979+0000] {processor.py:743} INFO - Processing file /home/airflow/.local/lib/python3.7/site-packages/airflow/example_dags/example_skip_dag.py for tasks to queue
[2026-09-30T23:38:50.980+0000] {logging_mixin.py:137} INFO - [2026-09-30T23:38:50.980+0000] {dagbag.py:538} INFO - Filling up the DagBag from /home/airflow/.local/lib/python3.7/site-packages/airflow/example_dags/example_skip_dag.py
[2026-09-30T23:38:50.995+0000] {processor.py:753} INFO - DAG(s) dict_keys(['example_skip_dag']) retrieved from /home/airflow/.local/lib/python3.7/site-packages/airflow/example_dags/example_skip_dag.py
[2026-09-30T23:38:51.033+0000] {logging_mixin.py:137} INFO - [2026-09-30T23:38:51.033+0000] {dag.py:2676} INFO - Sync 1 DAGs
[2026-09-30T23:38:51.057+0000] {logging_mixin.py:137} INFO - [2026-09-30T23:38:51.056+0000] {dag.py:3427} INFO - Setting next_dagrun for example_skip_dag to 2026-09-29T23:38:51.056695+00:00, run_after=2026-09-30T23:38:51.056695+00:00
[2026-09-30T23:38:51.074+0000] {processor.py:175} INFO - Processing /home/airflow/.local/lib/python3.7/site-packages/airflow/example_dags/example_skip_dag.py took 0.098 seconds
[2026-09-30T23:39:21.678+0000] {processor.py:153} INFO - Started process (PID=11479) to work on /home/airflow/.local/lib/python3.7/site-packages/airflow/example_dags/example_skip_dag.py
[2026-09-30T23:39:21.679+0000] {processor.py:743} INFO - Processing file /home/airflow/.local/lib/python3.7/site-packages/airflow/example_dags/example_skip_dag.py for tasks to queue
[2026-09-30T23:39:21.680+0000] {logging_mixin.py:137} INFO - [2026-09-30T23:39:21.679+0000] {dagbag.py:538} INFO - Filling up the DagBag from /home/airflow/.local/lib/python3.7/site-packages/airflow/example_dags/example_skip_dag.py
[2026-09-30T23:39:21.700+0000] {processor.py:753} INFO - DAG(s) dict_keys(['example_skip_dag']) retrieved from /home/airflow/.local/lib/python3.7/site-packages/airflow/example_dags/example_skip_dag.py
[2026-09-30T23:39:21.746+0000] {logging_mixin.py:137} INFO - [2026-09-30T23:39:21.746+0000] {dag.py:2676} INFO - Sync 1 DAGs
[2026-09-30T23:39:21.791+0000] {logging_mixin.py:137} INFO - [2026-09-30T23:39:21.791+0000] {dag.py:3427} INFO - Setting next_dagrun for example_skip_dag to 2026-09-29T23:39:21.791302+00:00, run_after=2026-09-30T23:39:21.791302+00:00
[2026-09-30T23:39:21.820+0000] {processor.py:175} INFO - Processing /home/airflow/.local/lib/python3.7/site-packages/airflow/example_dags/example_skip_dag.py took 0.148 seconds
[2026-09-30T23:39:52.417+0000] {processor.py:153} INFO - Started process (PID=11567) to work on /home/airflow/.local/lib/python3.7/site-packages/airflow/example_dags/example_skip_dag.py
[2026-09-30T23:39:52.418+0000] {processor.py:743} INFO - Processing file /home/airflow/.local/lib/python3.7/site-packages/airflow/example_dags/example_skip_dag.py for tasks to queue
[2026-09-30T23:39:52.419+0000] {logging_mixin.py:137} INFO - [2026-09-30T23:39:52.419+0000] {dagbag.py:538} INFO - Filling up the DagBag from /home/airflow/.local/lib/python3.7/site-packages/airflow/example_dags/example_skip_dag.py
[2026-09-30T23:39:52.449+0000] {processor.py:753} INFO - DAG(s) dict_keys(['example_skip_dag']) retrieved from /home/airflow/.local/lib/python3.7/site-packages/airflow/example_dags/example_skip_dag.py
[2026-09-30T23:39:52.512+0000] {logging_mixin.py:137} INFO - [2026-09-30T23:39:52.512+0000] {dag.py:2676} INFO - Sync 1 DAGs
[2026-09-30T23:39:52.555+0000] {logging_mixin.py:137} INFO - [2026-09-30T23:39:52.554+0000] {dag.py:3427} INFO - Setting next_dagrun for example_skip_dag to 2026-09-29T23:39:52.554510+00:00, run_after=2026-09-30T23:39:52.554510+00:00
[2026-09-30T23:39:52.574+0000] {processor.py:175} INFO - Processing /home/airflow/.local/lib/python3.7/site-packages/airflow/example_dags/example_skip_dag.py took 0.163 seconds
[2026-09-30T23:40:23.144+0000] {processor.py:153} INFO - Started process (PID=11657) to work on /home/airflow/.local/lib/python3.7/site-packages/airflow/example_dags/example_skip_dag.py
[2026-09-30T23:40:23.145+0000] {processor.py:743} INFO - Processing file /home/airflow/.local/lib/python3.7/site-packages/airflow/example_dags/example_skip_dag.py for tasks to queue
[2026-09-30T23:40:23.145+0000] {logging_mixin.py:137} INFO - [2026-09-30T23:40:23.145+0000] {dagbag.py:538} INFO - Filling up the DagBag from /home/airflow/.local/lib/python3.7/site-packages/airflow/example_dags/example_skip_dag.py
[2026-09-30T23:40:23.160+0000] {processor.py:753} INFO - DAG(s) dict_keys(['example_skip_dag']) retrieved from /home/airflow/.local/lib/python3.7/site-packages/airflow/example_dags/example_skip_dag.py
[2026-09-30T23:40:23.200+0000] {logging_mixin.py:137} INFO - [2026-09-30T23:40:23.200+0000] {dag.py:2676} INFO - Sync 1 DAGs
[2026-09-30T23:40:23.230+0000] {logging_mixin.py:137} INFO - [2026-09-30T23:40:23.230+0000] {dag.py:3427} INFO - Setting next_dagrun for example_skip_dag to 2026-09-29T23:40:23.230021+00:00, run_after=2026-09-30T23:40:23.230021+00:00
[2026-09-30T23:40:23.251+0000] {processor.py:175} INFO - Processing /home/airflow/.local/lib/python3.7/site-packages/airflow/example_dags/example_skip_dag.py took 0.110 seconds
[2026-09-30T23:40:53.722+0000] {processor.py:153} INFO - Started process (PID=11736) to work on /home/airflow/.local/lib/python3.7/site-packages/airflow/example_dags/example_skip_dag.py
[2026-09-30T23:40:53.723+0000] {processor.py:743} INFO - Processing file /home/airflow/.local/lib/python3.7/site-packages/airflow/example_dags/example_skip_dag.py for tasks to queue
[2026-09-30T23:40:53.724+0000] {logging_mixin.py:137} INFO - [2026-09-30T23:40:53.724+0000] {dagbag.py:538} INFO - Filling up the DagBag from /home/airflow/.local/lib/python3.7/site-packages/airflow/example_dags/example_skip_dag.py
[2026-09-30T23:40:53.745+0000] {processor.py:753} INFO - DAG(s) dict_keys(['example_skip_dag']) retrieved from /home/airflow/.local/lib/python3.7/site-packages/airflow/example_dags/example_skip_dag.py
[2026-09-30T23:40:53.795+0000] {logging_mixin.py:137} INFO - [2026-09-30T23:40:53.795+0000] {dag.py:2676} INFO - Sync 1 DAGs
[2026-09-30T23:40:53.828+0000] {logging_mixin.py:137} INFO - [2026-09-30T23:40:53.828+0000] {dag.py:3427} INFO - Setting next_dagrun for example_skip_dag to 2026-09-29T23:40:53.827700+00:00, run_after=2026-09-30T23:40:53.827700+00:00
[2026-09-30T23:40:53.850+0000] {processor.py:175} INFO - Processing /home/airflow/.local/lib/python3.7/site-packages/airflow/example_dags/example_skip_dag.py took 0.133 seconds
[2026-09-30T23:41:24.268+0000] {processor.py:153} INFO - Started process (PID=11815) to work on /home/airflow/.local/lib/python3.7/site-packages/airflow/example_dags/example_skip_dag.py
[2026-09-30T23:41:24.269+0000] {processor.py:743} INFO - Processing file /home/airflow/.local/lib/python3.7/site-packages/airflow/example_dags/example_skip_dag.py for tasks to queue
[2026-09-30T23:41:24.270+0000] {logging_mixin.py:137} INFO - [2026-09-30T23:41:24.270+0000] {dagbag.py:538} INFO - Filling up the DagBag from /home/airflow/.local/lib/python3.7/site-packages/airflow/example_dags/example_skip_dag.py
[2026-09-30T23:41:24.289+0000] {processor.py:753} INFO - DAG(s) dict_keys(['example_skip_dag']) retrieved from /home/airflow/.local/lib/python3.7/site-packages/airflow/example_dags/example_skip_dag.py
[2026-09-30T23:41:24.348+0000] {logging_mixin.py:137} INFO - [2026-09-30T23:41:24.347+0000] {dag.py:2676} INFO - Sync 1 DAGs
[2026-09-30T23:41:24.397+0000] {logging_mixin.py:137} INFO - [2026-09-30T23:41:24.397+0000] {dag.py:3427} INFO - Setting next_dagrun for example_skip_dag to 2026-09-29T23:41:24.396648+00:00, run_after=2026-09-30T23:41:24.396648+00:00
[2026-09-30T23:41:24.424+0000] {processor.py:175} INFO - Processing /home/airflow/.local/lib/python3.7/site-packages/airflow/example_dags/example_skip_dag.py took 0.160 seconds
[2026-09-30T23:41:55.091+0000] {processor.py:153} INFO - Started process (PID=11914) to work on /home/airflow/.local/lib/python3.7/site-packages/airflow/example_dags/example_skip_dag.py
[2026-09-30T23:41:55.092+0000] {processor.py:743} INFO - Processing file /home/airflow/.local/lib/python3.7/site-packages/airflow/example_dags/example_skip_dag.py for tasks to queue
[2026-09-30T23:41:55.093+0000] {logging_mixin.py:137} INFO - [2026-09-30T23:41:55.093+0000] {dagbag.py:538} INFO - Filling up the DagBag from /home/airflow/.local/lib/python3.7/site-packages/airflow/example_dags/example_skip_dag.py
[2026-09-30T23:41:55.112+0000] {processor.py:753} INFO - DAG(s) dict_keys(['example_skip_dag']) retrieved from /home/airflow/.local/lib/python3.7/site-packages/airflow/example_dags/example_skip_dag.py
[2026-09-30T23:41:55.164+0000] {logging_mixin.py:137} INFO - [2026-09-30T23:41:55.164+0000] {dag.py:2676} INFO - Sync 1 DAGs
[2026-09-30T23:41:55.198+0000] {logging_mixin.py:137} INFO - [2026-09-30T23:41:55.198+0000] {dag.py:3427} INFO - Setting next_dagrun for example_skip_dag to 2026-09-29T23:41:55.198245+00:00, run_after=2026-09-30T23:41:55.198245+00:00
[2026-09-30T23:41:55.219+0000] {processor.py:175} INFO - Processing /home/airflow/.local/lib/python3.7/site-packages/airflow/example_dags/example_skip_dag.py took 0.133 seconds
[2026-09-30T23:42:25.806+0000] {processor.py:153} INFO - Started process (PID=11993) to work on /home/airflow/.local/lib/python3.7/site-packages/airflow/example_dags/example_skip_dag.py
[2026-09-30T23:42:25.807+0000] {processor.py:743} INFO - Processing file /home/airflow/.local/lib/python3.7/site-packages/airflow/example_dags/example_skip_dag.py for tasks to queue
[2026-09-30T23:42:25.808+0000] {logging_mixin.py:137} INFO - [2026-09-30T23:42:25.807+0000] {dagbag.py:538} INFO - Filling up the DagBag from /home/airflow/.local/lib/python3.7/site-packages/airflow/example_dags/example_skip_dag.py
[2026-09-30T23:42:25.828+0000] {processor.py:753} INFO - DAG(s) dict_keys(['example_skip_dag']) retrieved from /home/airflow/.local/lib/python3.7/site-packages/airflow/example_dags/example_skip_dag.py
[2026-09-30T23:42:25.877+0000] {logging_mixin.py:137} INFO - [2026-09-30T23:42:25.876+0000] {dag.py:2676} INFO - Sync 1 DAGs
[2026-09-30T23:42:25.915+0000] {logging_mixin.py:137} INFO - [2026-09-30T23:42:25.915+0000] {dag.py:3427} INFO - Setting next_dagrun for example_skip_dag to 2026-09-29T23:42:25.914852+00:00, run_after=2026-09-30T23:42:25.914852+00:00
[2026-09-30T23:42:25.936+0000] {processor.py:175} INFO - Processing /home/airflow/.local/lib/python3.7/site-packages/airflow/example_dags/example_skip_dag.py took 0.135 seconds
[2026-09-30T23:42:56.505+0000] {processor.py:153} INFO - Started process (PID=12072) to work on /home/airflow/.local/lib/python3.7/site-packages/airflow/example_dags/example_skip_dag.py
[2026-09-30T23:42:56.506+0000] {processor.py:743} INFO - Processing file /home/airflow/.local/lib/python3.7/site-packages/airflow/example_dags/example_skip_dag.py for tasks to queue
[2026-09-30T23:42:56.507+0000] {logging_mixin.py:137} INFO - [2026-09-30T23:42:56.507+0000] {dagbag.py:538} INFO - Filling up the DagBag from /home/airflow/.local/lib/python3.7/site-packages/airflow/example_dags/example_skip_dag.py
[2026-09-30T23:42:56.532+0000] {processor.py:753} INFO - DAG(s) dict_keys(['example_skip_dag']) retrieved from /home/airflow/.local/lib/python3.7/site-packages/airflow/example_dags/example_skip_dag.py
[2026-09-30T23:42:56.599+0000] {logging_mixin.py:137} INFO - [2026-09-30T23:42:56.599+0000] {dag.py:2676} INFO - Sync 1 DAGs
[2026-09-30T23:42:56.649+0000] {logging_mixin.py:137} INFO - [2026-09-30T23:42:56.648+0000] {dag.py:3427} INFO - Setting next_dagrun for example_skip_dag to 2026-09-29T23:42:56.648494+00:00, run_after=2026-09-30T23:42:56.648494+00:00
[2026-09-30T23:42:56.674+0000] {processor.py:175} INFO - Processing /home/airflow/.local/lib/python3.7/site-packages/airflow/example_dags/example_skip_dag.py took 0.173 seconds
[2026-09-30T23:43:26.799+0000] {processor.py:153} INFO - Started process (PID=12151) to work on /home/airflow/.local/lib/python3.7/site-packages/airflow/example_dags/example_skip_dag.py
[2026-09-30T23:43:26.800+0000] {processor.py:743} INFO - Processing file /home/airflow/.local/lib/python3.7/site-packages/airflow/example_dags/example_skip_dag.py for tasks to queue
[2026-09-30T23:43:26.802+0000] {logging_mixin.py:137} INFO - [2026-09-30T23:43:26.801+0000] {dagbag.py:538} INFO - Filling up the DagBag from /home/airflow/.local/lib/python3.7/site-packages/airflow/example_dags/example_skip_dag.py
[2026-09-30T23:43:26.828+0000] {processor.py:753} INFO - DAG(s) dict_keys(['example_skip_dag']) retrieved from /home/airflow/.local/lib/python3.7/site-packages/airflow/example_dags/example_skip_dag.py
[2026-09-30T23:43:26.895+0000] {logging_mixin.py:137} INFO - [2026-09-30T23:43:26.895+0000] {dag.py:2676} INFO - Sync 1 DAGs
[2026-09-30T23:43:26.940+0000] {logging_mixin.py:137} INFO - [2026-09-30T23:43:26.939+0000] {dag.py:3427} INFO - Setting next_dagrun for example_skip_dag to 2026-09-29T23:43:26.939615+00:00, run_after=2026-09-30T23:43:26.939615+00:00
[2026-09-30T23:43:26.979+0000] {processor.py:175} INFO - Processing /home/airflow/.local/lib/python3.7/site-packages/airflow/example_dags/example_skip_dag.py took 0.186 seconds
[2026-09-30T23:43:57.264+0000] {processor.py:153} INFO - Started process (PID=12249) to work on /home/airflow/.local/lib/python3.7/site-packages/airflow/example_dags/example_skip_dag.py
[2026-09-30T23:43:57.265+0000] {processor.py:743} INFO - Processing file /home/airflow/.local/lib/python3.7/site-packages/airflow/example_dags/example_skip_dag.py for tasks to queue
[2026-09-30T23:43:57.266+0000] {logging_mixin.py:137} INFO - [2026-09-30T23:43:57.265+0000] {dagbag.py:538} INFO - Filling up the DagBag from /home/airflow/.local/lib/python3.7/site-packages/airflow/example_dags/example_skip_dag.py
[2026-09-30T23:43:57.287+0000] {processor.py:753} INFO - DAG(s) dict_keys(['example_skip_dag']) retrieved from /home/airflow/.local/lib/python3.7/site-packages/airflow/example_dags/example_skip_dag.py
[2026-09-30T23:43:57.348+0000] {logging_mixin.py:137} INFO - [2026-09-30T23:43:57.348+0000] {dag.py:2676} INFO - Sync 1 DAGs
[2026-09-30T23:43:57.382+0000] {logging_mixin.py:137} INFO - [2026-09-30T23:43:57.382+0000] {dag.py:3427} INFO - Setting next_dagrun for example_skip_dag to 2026-09-29T23:43:57.382043+00:00, run_after=2026-09-30T23:43:57.382043+00:00
[2026-09-30T23:43:57.404+0000] {processor.py:175} INFO - Processing /home/airflow/.local/lib/python3.7/site-packages/airflow/example_dags/example_skip_dag.py took 0.144 seconds
[2026-09-30T23:44:27.569+0000] {processor.py:153} INFO - Started process (PID=12328) to work on /home/airflow/.local/lib/python3.7/site-packages/airflow/example_dags/example_skip_dag.py
[2026-09-30T23:44:27.570+0000] {processor.py:743} INFO - Processing file /home/airflow/.local/lib/python3.7/site-packages/airflow/example_dags/example_skip_dag.py for tasks to queue
[2026-09-30T23:44:27.570+0000] {logging_mixin.py:137} INFO - [2026-09-30T23:44:27.570+0000] {dagbag.py:538} INFO - Filling up the DagBag from /home/airflow/.local/lib/python3.7/site-packages/airflow/example_dags/example_skip_dag.py
[2026-09-30T23:44:27.593+0000] {processor.py:753} INFO - DAG(s) dict_keys(['example_skip_dag']) retrieved from /home/airflow/.local/lib/python3.7/site-packages/airflow/example_dags/example_skip_dag.py
[2026-09-30T23:44:27.666+0000] {logging_mixin.py:137} INFO - [2026-09-30T23:44:27.666+0000] {dag.py:2676} INFO - Sync 1 DAGs
[2026-09-30T23:44:27.703+0000] {logging_mixin.py:137} INFO - [2026-09-30T23:44:27.703+0000] {dag.py:3427} INFO - Setting next_dagrun for example_skip_dag to 2026-09-29T23:44:27.703250+00:00, run_after=2026-09-30T23:44:27.703250+00:00
[2026-09-30T23:44:27.726+0000] {processor.py:175} INFO - Processing /home/airflow/.local/lib/python3.7/site-packages/airflow/example_dags/example_skip_dag.py took 0.161 seconds
[2026-09-30T23:44:57.842+0000] {processor.py:153} INFO - Started process (PID=12407) to work on /home/airflow/.local/lib/python3.7/site-packages/airflow/example_dags/example_skip_dag.py
[2026-09-30T23:44:57.844+0000] {processor.py:743} INFO - Processing file /home/airflow/.local/lib/python3.7/site-packages/airflow/example_dags/example_skip_dag.py for tasks to queue
[2026-09-30T23:44:57.845+0000] {logging_mixin.py:137} INFO - [2026-09-30T23:44:57.845+0000] {dagbag.py:538} INFO - Filling up the DagBag from /home/airflow/.local/lib/python3.7/site-packages/airflow/example_dags/example_skip_dag.py
[2026-09-30T23:44:57.877+0000] {processor.py:753} INFO - DAG(s) dict_keys(['example_skip_dag']) retrieved from /home/airflow/.local/lib/python3.7/site-packages/airflow/example_dags/example_skip_dag.py
[2026-09-30T23:44:57.945+0000] {logging_mixin.py:137} INFO - [2026-09-30T23:44:57.945+0000] {dag.py:2676} INFO - Sync 1 DAGs
[2026-09-30T23:44:57.977+0000] {logging_mixin.py:137} INFO - [2026-09-30T23:44:57.977+0000] {dag.py:3427} INFO - Setting next_dagrun for example_skip_dag to 2026-09-29T23:44:57.977086+00:00, run_after=2026-09-30T23:44:57.977086+00:00
[2026-09-30T23:44:58.004+0000] {processor.py:175} INFO - Processing /home/airflow/.local/lib/python3.7/site-packages/airflow/example_dags/example_skip_dag.py took 0.167 seconds
[2026-09-30T23:45:29.049+0000] {processor.py:153} INFO - Started process (PID=12495) to work on /home/airflow/.local/lib/python3.7/site-packages/airflow/example_dags/example_skip_dag.py
[2026-09-30T23:45:29.050+0000] {processor.py:743} INFO - Processing file /home/airflow/.local/lib/python3.7/site-packages/airflow/example_dags/example_skip_dag.py for tasks to queue
[2026-09-30T23:45:29.051+0000] {logging_mixin.py:137} INFO - [2026-09-30T23:45:29.051+0000] {dagbag.py:538} INFO - Filling up the DagBag from /home/airflow/.local/lib/python3.7/site-packages/airflow/example_dags/example_skip_dag.py
[2026-09-30T23:45:29.074+0000] {processor.py:753} INFO - DAG(s) dict_keys(['example_skip_dag']) retrieved from /home/airflow/.local/lib/python3.7/site-packages/airflow/example_dags/example_skip_dag.py
[2026-09-30T23:45:29.128+0000] {logging_mixin.py:137} INFO - [2026-09-30T23:45:29.127+0000] {dag.py:2676} INFO - Sync 1 DAGs
[2026-09-30T23:45:29.189+0000] {logging_mixin.py:137} INFO - [2026-09-30T23:45:29.188+0000] {dag.py:3427} INFO - Setting next_dagrun for example_skip_dag to 2026-09-29T23:45:29.188314+00:00, run_after=2026-09-30T23:45:29.188314+00:00
[2026-09-30T23:45:29.216+0000] {processor.py:175} INFO - Processing /home/airflow/.local/lib/python3.7/site-packages/airflow/example_dags/example_skip_dag.py took 0.174 seconds
[2026-09-30T23:45:59.308+0000] {processor.py:153} INFO - Started process (PID=12584) to work on /home/airflow/.local/lib/python3.7/site-packages/airflow/example_dags/example_skip_dag.py
[2026-09-30T23:45:59.310+0000] {processor.py:743} INFO - Processing file /home/airflow/.local/lib/python3.7/site-packages/airflow/example_dags/example_skip_dag.py for tasks to queue
[2026-09-30T23:45:59.311+0000] {logging_mixin.py:137} INFO - [2026-09-30T23:45:59.311+0000] {dagbag.py:538} INFO - Filling up the DagBag from /home/airflow/.local/lib/python3.7/site-packages/airflow/example_dags/example_skip_dag.py
[2026-09-30T23:45:59.330+0000] {processor.py:753} INFO - DAG(s) dict_keys(['example_skip_dag']) retrieved from /home/airflow/.local/lib/python3.7/site-packages/airflow/example_dags/example_skip_dag.py
[2026-09-30T23:45:59.383+0000] {logging_mixin.py:137} INFO - [2026-09-30T23:45:59.382+0000] {dag.py:2676} INFO - Sync 1 DAGs
[2026-09-30T23:45:59.417+0000] {logging_mixin.py:137} INFO - [2026-09-30T23:45:59.417+0000] {dag.py:3427} INFO - Setting next_dagrun for example_skip_dag to 2026-09-29T23:45:59.416674+00:00, run_after=2026-09-30T23:45:59.416674+00:00
[2026-09-30T23:45:59.438+0000] {processor.py:175} INFO - Processing /home/airflow/.local/lib/python3.7/site-packages/airflow/example_dags/example_skip_dag.py took 0.135 seconds
[2026-09-30T23:46:29.856+0000] {processor.py:153} INFO - Started process (PID=12664) to work on /home/airflow/.local/lib/python3.7/site-packages/airflow/example_dags/example_skip_dag.py
[2026-09-30T23:46:29.857+0000] {processor.py:743} INFO - Processing file /home/airflow/.local/lib/python3.7/site-packages/airflow/example_dags/example_skip_dag.py for tasks to queue
[2026-09-30T23:46:29.859+0000] {logging_mixin.py:137} INFO - [2026-09-30T23:46:29.858+0000] {dagbag.py:538} INFO - Filling up the DagBag from /home/airflow/.local/lib/python3.7/site-packages/airflow/example_dags/example_skip_dag.py
[2026-09-30T23:46:29.880+0000] {processor.py:753} INFO - DAG(s) dict_keys(['example_skip_dag']) retrieved from /home/airflow/.local/lib/python3.7/site-packages/airflow/example_dags/example_skip_dag.py
[2026-09-30T23:46:29.937+0000] {logging_mixin.py:137} INFO - [2026-09-30T23:46:29.936+0000] {dag.py:2676} INFO - Sync 1 DAGs
[2026-09-30T23:46:29.985+0000] {logging_mixin.py:137} INFO - [2026-09-30T23:46:29.985+0000] {dag.py:3427} INFO - Setting next_dagrun for example_skip_dag to 2026-09-29T23:46:29.984787+00:00, run_after=2026-09-30T23:46:29.984787+00:00
[2026-09-30T23:46:30.008+0000] {processor.py:175} INFO - Processing /home/airflow/.local/lib/python3.7/site-packages/airflow/example_dags/example_skip_dag.py took 0.158 seconds
[2026-09-30T23:47:00.329+0000] {processor.py:153} INFO - Started process (PID=12743) to work on /home/airflow/.local/lib/python3.7/site-packages/airflow/example_dags/example_skip_dag.py
[2026-09-30T23:47:00.330+0000] {processor.py:743} INFO - Processing file /home/airflow/.local/lib/python3.7/site-packages/airflow/example_dags/example_skip_dag.py for tasks to queue
[2026-09-30T23:47:00.331+0000] {logging_mixin.py:137} INFO - [2026-09-30T23:47:00.331+0000] {dagbag.py:538} INFO - Filling up the DagBag from /home/airflow/.local/lib/python3.7/site-packages/airflow/example_dags/example_skip_dag.py
[2026-09-30T23:47:00.351+0000] {processor.py:753} INFO - DAG(s) dict_keys(['example_skip_dag']) retrieved from /home/airflow/.local/lib/python3.7/site-packages/airflow/example_dags/example_skip_dag.py
[2026-09-30T23:47:00.401+0000] {logging_mixin.py:137} INFO - [2026-09-30T23:47:00.400+0000] {dag.py:2676} INFO - Sync 1 DAGs
[2026-09-30T23:47:00.434+0000] {logging_mixin.py:137} INFO - [2026-09-30T23:47:00.433+0000] {dag.py:3427} INFO - Setting next_dagrun for example_skip_dag to 2026-09-29T23:47:00.433435+00:00, run_after=2026-09-30T23:47:00.433435+00:00
[2026-09-30T23:47:00.458+0000] {processor.py:175} INFO - Processing /home/airflow/.local/lib/python3.7/site-packages/airflow/example_dags/example_skip_dag.py took 0.136 seconds
[2026-09-30T23:47:31.245+0000] {processor.py:153} INFO - Started process (PID=12842) to work on /home/airflow/.local/lib/python3.7/site-packages/airflow/example_dags/example_skip_dag.py
[2026-09-30T23:47:31.246+0000] {processor.py:743} INFO - Processing file /home/airflow/.local/lib/python3.7/site-packages/airflow/example_dags/example_skip_dag.py for tasks to queue
[2026-09-30T23:47:31.246+0000] {logging_mixin.py:137} INFO - [2026-09-30T23:47:31.246+0000] {dagbag.py:538} INFO - Filling up the DagBag from /home/airflow/.local/lib/python3.7/site-packages/airflow/example_dags/example_skip_dag.py
[2026-09-30T23:47:31.265+0000] {processor.py:753} INFO - DAG(s) dict_keys(['example_skip_dag']) retrieved from /home/airflow/.local/lib/python3.7/site-packages/airflow/example_dags/example_skip_dag.py
[2026-09-30T23:47:31.314+0000] {logging_mixin.py:137} INFO - [2026-09-30T23:47:31.314+0000] {dag.py:2676} INFO - Sync 1 DAGs
[2026-09-30T23:47:31.351+0000] {logging_mixin.py:137} INFO - [2026-09-30T23:47:31.351+0000] {dag.py:3427} INFO - Setting next_dagrun for example_skip_dag to 2026-09-29T23:47:31.351234+00:00, run_after=2026-09-30T23:47:31.351234+00:00
[2026-09-30T23:47:31.373+0000] {processor.py:175} INFO - Processing /home/airflow/.local/lib/python3.7/site-packages/airflow/example_dags/example_skip_dag.py took 0.132 seconds
[2026-09-30T23:48:01.990+0000] {processor.py:153} INFO - Started process (PID=12921) to work on /home/airflow/.local/lib/python3.7/site-packages/airflow/example_dags/example_skip_dag.py
[2026-09-30T23:48:01.991+0000] {processor.py:743} INFO - Processing file /home/airflow/.local/lib/python3.7/site-packages/airflow/example_dags/example_skip_dag.py for tasks to queue
[2026-09-30T23:48:01.992+0000] {logging_mixin.py:137} INFO - [2026-09-30T23:48:01.992+0000] {dagbag.py:538} INFO - Filling up the DagBag from /home/airflow/.local/lib/python3.7/site-packages/airflow/example_dags/example_skip_dag.py
[2026-09-30T23:48:02.014+0000] {processor.py:753} INFO - DAG(s) dict_keys(['example_skip_dag']) retrieved from /home/airflow/.local/lib/python3.7/site-packages/airflow/example_dags/example_skip_dag.py
[2026-09-30T23:48:02.067+0000] {logging_mixin.py:137} INFO - [2026-09-30T23:48:02.067+0000] {dag.py:2676} INFO - Sync 1 DAGs
[2026-09-30T23:48:02.101+0000] {logging_mixin.py:137} INFO - [2026-09-30T23:48:02.100+0000] {dag.py:3427} INFO - Setting next_dagrun for example_skip_dag to 2026-09-29T23:48:02.100688+00:00, run_after=2026-09-30T23:48:02.100688+00:00
[2026-09-30T23:48:02.125+0000] {processor.py:175} INFO - Processing /home/airflow/.local/lib/python3.7/site-packages/airflow/example_dags/example_skip_dag.py took 0.139 seconds
[2026-09-30T23:48:32.659+0000] {processor.py:153} INFO - Started process (PID=13000) to work on /home/airflow/.local/lib/python3.7/site-packages/airflow/example_dags/example_skip_dag.py
[2026-09-30T23:48:32.660+0000] {processor.py:743} INFO - Processing file /home/airflow/.local/lib/python3.7/site-packages/airflow/example_dags/example_skip_dag.py for tasks to queue
[2026-09-30T23:48:32.661+0000] {logging_mixin.py:137} INFO - [2026-09-30T23:48:32.661+0000] {dagbag.py:538} INFO - Filling up the DagBag from /home/airflow/.local/lib/python3.7/site-packages/airflow/example_dags/example_skip_dag.py
[2026-09-30T23:48:32.679+0000] {processor.py:753} INFO - DAG(s) dict_keys(['example_skip_dag']) retrieved from /home/airflow/.local/lib/python3.7/site-packages/airflow/example_dags/example_skip_dag.py
[2026-09-30T23:48:32.725+0000] {logging_mixin.py:137} INFO - [2026-09-30T23:48:32.725+0000] {dag.py:2676} INFO - Sync 1 DAGs
[2026-09-30T23:48:32.755+0000] {logging_mixin.py:137} INFO - [2026-09-30T23:48:32.755+0000] {dag.py:3427} INFO - Setting next_dagrun for example_skip_dag to 2026-09-29T23:48:32.755491+00:00, run_after=2026-09-30T23:48:32.755491+00:00
[2026-09-30T23:48:32.777+0000] {processor.py:175} INFO - Processing /home/airflow/.local/lib/python3.7/site-packages/airflow/example_dags/example_skip_dag.py took 0.122 seconds
[2026-09-30T23:49:03.482+0000] {processor.py:153} INFO - Started process (PID=13088) to work on /home/airflow/.local/lib/python3.7/site-packages/airflow/example_dags/example_skip_dag.py
[2026-09-30T23:49:03.483+0000] {processor.py:743} INFO - Processing file /home/airflow/.local/lib/python3.7/site-packages/airflow/example_dags/example_skip_dag.py for tasks to queue
[2026-09-30T23:49:03.484+0000] {logging_mixin.py:137} INFO - [2026-09-30T23:49:03.484+0000] {dagbag.py:538} INFO - Filling up the DagBag from /home/airflow/.local/lib/python3.7/site-packages/airflow/example_dags/example_skip_dag.py
[2026-09-30T23:49:03.503+0000] {processor.py:753} INFO - DAG(s) dict_keys(['example_skip_dag']) retrieved from /home/airflow/.local/lib/python3.7/site-packages/airflow/example_dags/example_skip_dag.py
[2026-09-30T23:49:03.551+0000] {logging_mixin.py:137} INFO - [2026-09-30T23:49:03.551+0000] {dag.py:2676} INFO - Sync 1 DAGs
[2026-09-30T23:49:03.582+0000] {logging_mixin.py:137} INFO - [2026-09-30T23:49:03.582+0000] {dag.py:3427} INFO - Setting next_dagrun for example_skip_dag to 2026-09-29T23:49:03.581965+00:00, run_after=2026-09-30T23:49:03.581965+00:00
[2026-09-30T23:49:03.607+0000] {processor.py:175} INFO - Processing /home/airflow/.local/lib/python3.7/site-packages/airflow/example_dags/example_skip_dag.py took 0.129 seconds
[2026-09-30T23:49:34.074+0000] {processor.py:153} INFO - Started process (PID=13178) to work on /home/airflow/.local/lib/python3.7/site-packages/airflow/example_dags/example_skip_dag.py
[2026-09-30T23:49:34.075+0000] {processor.py:743} INFO - Processing file /home/airflow/.local/lib/python3.7/site-packages/airflow/example_dags/example_skip_dag.py for tasks to queue
[2026-09-30T23:49:34.076+0000] {logging_mixin.py:137} INFO - [2026-09-30T23:49:34.076+0000] {dagbag.py:538} INFO - Filling up the DagBag from /home/airflow/.local/lib/python3.7/site-packages/airflow/example_dags/example_skip_dag.py
[2026-09-30T23:49:34.107+0000] {processor.py:753} INFO - DAG(s) dict_keys(['example_skip_dag']) retrieved from /home/airflow/.local/lib/python3.7/site-packages/airflow/example_dags/example_skip_dag.py
[2026-09-30T23:49:34.175+0000] {logging_mixin.py:137} INFO - [2026-09-30T23:49:34.175+0000] {dag.py:2676} INFO - Sync 1 DAGs
[2026-09-30T23:49:34.209+0000] {logging_mixin.py:137} INFO - [2026-09-30T23:49:34.209+0000] {dag.py:3427} INFO - Setting next_dagrun for example_skip_dag to 2026-09-29T23:49:34.209424+00:00, run_after=2026-09-30T23:49:34.209424+00:00
[2026-09-30T23:49:34.230+0000] {processor.py:175} INFO - Processing /home/airflow/.local/lib/python3.7/site-packages/airflow/example_dags/example_skip_dag.py took 0.162 seconds
[2026-09-30T23:50:04.277+0000] {processor.py:153} INFO - Started process (PID=13256) to work on /home/airflow/.local/lib/python3.7/site-packages/airflow/example_dags/example_skip_dag.py
[2026-09-30T23:50:04.278+0000] {processor.py:743} INFO - Processing file /home/airflow/.local/lib/python3.7/site-packages/airflow/example_dags/example_skip_dag.py for tasks to queue
[2026-09-30T23:50:04.279+0000] {logging_mixin.py:137} INFO - [2026-09-30T23:50:04.279+0000] {dagbag.py:538} INFO - Filling up the DagBag from /home/airflow/.local/lib/python3.7/site-packages/airflow/example_dags/example_skip_dag.py
[2026-09-30T23:50:04.299+0000] {processor.py:753} INFO - DAG(s) dict_keys(['example_skip_dag']) retrieved from /home/airflow/.local/lib/python3.7/site-packages/airflow/example_dags/example_skip_dag.py
[2026-09-30T23:50:04.345+0000] {logging_mixin.py:137} INFO - [2026-09-30T23:50:04.345+0000] {dag.py:2676} INFO - Sync 1 DAGs
[2026-09-30T23:50:04.381+0000] {logging_mixin.py:137} INFO - [2026-09-30T23:50:04.380+0000] {dag.py:3427} INFO - Setting next_dagrun for example_skip_dag to 2026-09-29T23:50:04.380604+00:00, run_after=2026-09-30T23:50:04.380604+00:00
[2026-09-30T23:50:04.407+0000] {processor.py:175} INFO - Processing /home/airflow/.local/lib/python3.7/site-packages/airflow/example_dags/example_skip_dag.py took 0.134 seconds
[2026-09-30T23:50:34.460+0000] {processor.py:153} INFO - Started process (PID=13335) to work on /home/airflow/.local/lib/python3.7/site-packages/airflow/example_dags/example_skip_dag.py
[2026-09-30T23:50:34.460+0000] {processor.py:743} INFO - Processing file /home/airflow/.local/lib/python3.7/site-packages/airflow/example_dags/example_skip_dag.py for tasks to queue
[2026-09-30T23:50:34.461+0000] {logging_mixin.py:137} INFO - [2026-09-30T23:50:34.461+0000] {dagbag.py:538} INFO - Filling up the DagBag from /home/airflow/.local/lib/python3.7/site-packages/airflow/example_dags/example_skip_dag.py
[2026-09-30T23:50:34.481+0000] {processor.py:753} INFO - DAG(s) dict_keys(['example_skip_dag']) retrieved from /home/airflow/.local/lib/python3.7/site-packages/airflow/example_dags/example_skip_dag.py
[2026-09-30T23:50:34.534+0000] {logging_mixin.py:137} INFO - [2026-09-30T23:50:34.534+0000] {dag.py:2676} INFO - Sync 1 DAGs
[2026-09-30T23:50:34.573+0000] {logging_mixin.py:137} INFO - [2026-09-30T23:50:34.573+0000] {dag.py:3427} INFO - Setting next_dagrun for example_skip_dag to 2026-09-29T23:50:34.573462+00:00, run_after=2026-09-30T23:50:34.573462+00:00
[2026-09-30T23:50:34.601+0000] {processor.py:175} INFO - Processing /home/airflow/.local/lib/python3.7/site-packages/airflow/example_dags/example_skip_dag.py took 0.147 seconds
[2026-09-30T23:51:04.951+0000] {processor.py:153} INFO - Started process (PID=13423) to work on /home/airflow/.local/lib/python3.7/site-packages/airflow/example_dags/example_skip_dag.py
[2026-09-30T23:51:04.953+0000] {processor.py:743} INFO - Processing file /home/airflow/.local/lib/python3.7/site-packages/airflow/example_dags/example_skip_dag.py for tasks to queue
[2026-09-30T23:51:04.954+0000] {logging_mixin.py:137} INFO - [2026-09-30T23:51:04.954+0000] {dagbag.py:538} INFO - Filling up the DagBag from /home/airflow/.local/lib/python3.7/site-packages/airflow/example_dags/example_skip_dag.py
[2026-09-30T23:51:04.980+0000] {processor.py:753} INFO - DAG(s) dict_keys(['example_skip_dag']) retrieved from /home/airflow/.local/lib/python3.7/site-packages/airflow/example_dags/example_skip_dag.py
[2026-09-30T23:51:05.056+0000] {logging_mixin.py:137} INFO - [2026-09-30T23:51:05.056+0000] {dag.py:2676} INFO - Sync 1 DAGs
[2026-09-30T23:51:05.104+0000] {logging_mixin.py:137} INFO - [2026-09-30T23:51:05.103+0000] {dag.py:3427} INFO - Setting next_dagrun for example_skip_dag to 2026-09-29T23:51:05.103639+00:00, run_after=2026-09-30T23:51:05.103639+00:00
[2026-09-30T23:51:05.124+0000] {processor.py:175} INFO - Processing /home/airflow/.local/lib/python3.7/site-packages/airflow/example_dags/example_skip_dag.py took 0.178 seconds
[2026-09-30T23:51:35.411+0000] {processor.py:153} INFO - Started process (PID=13513) to work on /home/airflow/.local/lib/python3.7/site-packages/airflow/example_dags/example_skip_dag.py
[2026-09-30T23:51:35.412+0000] {processor.py:743} INFO - Processing file /home/airflow/.local/lib/python3.7/site-packages/airflow/example_dags/example_skip_dag.py for tasks to queue
[2026-09-30T23:51:35.412+0000] {logging_mixin.py:137} INFO - [2026-09-30T23:51:35.412+0000] {dagbag.py:538} INFO - Filling up the DagBag from /home/airflow/.local/lib/python3.7/site-packages/airflow/example_dags/example_skip_dag.py
[2026-09-30T23:51:35.431+0000] {processor.py:753} INFO - DAG(s) dict_keys(['example_skip_dag']) retrieved from /home/airflow/.local/lib/python3.7/site-packages/airflow/example_dags/example_skip_dag.py
[2026-09-30T23:51:35.475+0000] {logging_mixin.py:137} INFO - [2026-09-30T23:51:35.475+0000] {dag.py:2676} INFO - Sync 1 DAGs
[2026-09-30T23:51:35.513+0000] {logging_mixin.py:137} INFO - [2026-09-30T23:51:35.513+0000] {dag.py:3427} INFO - Setting next_dagrun for example_skip_dag to 2026-09-29T23:51:35.513145+00:00, run_after=2026-09-30T23:51:35.513145+00:00
[2026-09-30T23:51:35.538+0000] {processor.py:175} INFO - Processing /home/airflow/.local/lib/python3.7/site-packages/airflow/example_dags/example_skip_dag.py took 0.131 seconds
[2026-09-30T23:52:06.327+0000] {processor.py:153} INFO - Started process (PID=13593) to work on /home/airflow/.local/lib/python3.7/site-packages/airflow/example_dags/example_skip_dag.py
[2026-09-30T23:52:06.328+0000] {processor.py:743} INFO - Processing file /home/airflow/.local/lib/python3.7/site-packages/airflow/example_dags/example_skip_dag.py for tasks to queue
[2026-09-30T23:52:06.329+0000] {logging_mixin.py:137} INFO - [2026-09-30T23:52:06.329+0000] {dagbag.py:538} INFO - Filling up the DagBag from /home/airflow/.local/lib/python3.7/site-packages/airflow/example_dags/example_skip_dag.py
[2026-09-30T23:52:06.350+0000] {processor.py:753} INFO - DAG(s) dict_keys(['example_skip_dag']) retrieved from /home/airflow/.local/lib/python3.7/site-packages/airflow/example_dags/example_skip_dag.py
[2026-09-30T23:52:06.401+0000] {logging_mixin.py:137} INFO - [2026-09-30T23:52:06.401+0000] {dag.py:2676} INFO - Sync 1 DAGs
[2026-09-30T23:52:06.438+0000] {logging_mixin.py:137} INFO - [2026-09-30T23:52:06.437+0000] {dag.py:3427} INFO - Setting next_dagrun for example_skip_dag to 2026-09-29T23:52:06.437559+00:00, run_after=2026-09-30T23:52:06.437559+00:00
[2026-09-30T23:52:06.459+0000] {processor.py:175} INFO - Processing /home/airflow/.local/lib/python3.7/site-packages/airflow/example_dags/example_skip_dag.py took 0.136 seconds
[2026-09-30T23:52:37.023+0000] {processor.py:153} INFO - Started process (PID=13681) to work on /home/airflow/.local/lib/python3.7/site-packages/airflow/example_dags/example_skip_dag.py
[2026-09-30T23:52:37.024+0000] {processor.py:743} INFO - Processing file /home/airflow/.local/lib/python3.7/site-packages/airflow/example_dags/example_skip_dag.py for tasks to queue
[2026-09-30T23:52:37.025+0000] {logging_mixin.py:137} INFO - [2026-09-30T23:52:37.025+0000] {dagbag.py:538} INFO - Filling up the DagBag from /home/airflow/.local/lib/python3.7/site-packages/airflow/example_dags/example_skip_dag.py
[2026-09-30T23:52:37.048+0000] {processor.py:753} INFO - DAG(s) dict_keys(['example_skip_dag']) retrieved from /home/airflow/.local/lib/python3.7/site-packages/airflow/example_dags/example_skip_dag.py
[2026-09-30T23:52:37.099+0000] {logging_mixin.py:137} INFO - [2026-09-30T23:52:37.099+0000] {dag.py:2676} INFO - Sync 1 DAGs
[2026-09-30T23:52:37.129+0000] {logging_mixin.py:137} INFO - [2026-09-30T23:52:37.129+0000] {dag.py:3427} INFO - Setting next_dagrun for example_skip_dag to 2026-09-29T23:52:37.129030+00:00, run_after=2026-09-30T23:52:37.129030+00:00
[2026-09-30T23:52:37.148+0000] {processor.py:175} INFO - Processing /home/airflow/.local/lib/python3.7/site-packages/airflow/example_dags/example_skip_dag.py took 0.131 seconds
[2026-09-30T23:53:07.911+0000] {processor.py:153} INFO - Started process (PID=13771) to work on /home/airflow/.local/lib/python3.7/site-packages/airflow/example_dags/example_skip_dag.py
[2026-09-30T23:53:07.913+0000] {processor.py:743} INFO - Processing file /home/airflow/.local/lib/python3.7/site-packages/airflow/example_dags/example_skip_dag.py for tasks to queue
[2026-09-30T23:53:07.914+0000] {logging_mixin.py:137} INFO - [2026-09-30T23:53:07.914+0000] {dagbag.py:538} INFO - Filling up the DagBag from /home/airflow/.local/lib/python3.7/site-packages/airflow/example_dags/example_skip_dag.py
[2026-09-30T23:53:07.938+0000] {processor.py:753} INFO - DAG(s) dict_keys(['example_skip_dag']) retrieved from /home/airflow/.local/lib/python3.7/site-packages/airflow/example_dags/example_skip_dag.py
[2026-09-30T23:53:08.001+0000] {logging_mixin.py:137} INFO - [2026-09-30T23:53:08.001+0000] {dag.py:2676} INFO - Sync 1 DAGs
[2026-09-30T23:53:08.033+0000] {logging_mixin.py:137} INFO - [2026-09-30T23:53:08.033+0000] {dag.py:3427} INFO - Setting next_dagrun for example_skip_dag to 2026-09-29T23:53:08.033249+00:00, run_after=2026-09-30T23:53:08.033249+00:00
[2026-09-30T23:53:08.054+0000] {processor.py:175} INFO - Processing /home/airflow/.local/lib/python3.7/site-packages/airflow/example_dags/example_skip_dag.py took 0.149 seconds
[2026-09-30T23:53:38.565+0000] {processor.py:153} INFO - Started process (PID=13849) to work on /home/airflow/.local/lib/python3.7/site-packages/airflow/example_dags/example_skip_dag.py
[2026-09-30T23:53:38.566+0000] {processor.py:743} INFO - Processing file /home/airflow/.local/lib/python3.7/site-packages/airflow/example_dags/example_skip_dag.py for tasks to queue
[2026-09-30T23:53:38.567+0000] {logging_mixin.py:137} INFO - [2026-09-30T23:53:38.566+0000] {dagbag.py:538} INFO - Filling up the DagBag from /home/airflow/.local/lib/python3.7/site-packages/airflow/example_dags/example_skip_dag.py
[2026-09-30T23:53:38.586+0000] {processor.py:753} INFO - DAG(s) dict_keys(['example_skip_dag']) retrieved from /home/airflow/.local/lib/python3.7/site-packages/airflow/example_dags/example_skip_dag.py
[2026-09-30T23:53:38.638+0000] {logging_mixin.py:137} INFO - [2026-09-30T23:53:38.637+0000] {dag.py:2676} INFO - Sync 1 DAGs
[2026-09-30T23:53:38.677+0000] {logging_mixin.py:137} INFO - [2026-09-30T23:53:38.676+0000] {dag.py:3427} INFO - Setting next_dagrun for example_skip_dag to 2026-09-29T23:53:38.676320+00:00, run_after=2026-09-30T23:53:38.676320+00:00
[2026-09-30T23:53:38.700+0000] {processor.py:175} INFO - Processing /home/airflow/.local/lib/python3.7/site-packages/airflow/example_dags/example_skip_dag.py took 0.140 seconds
[2026-09-30T23:54:08.750+0000] {processor.py:153} INFO - Started process (PID=13928) to work on /home/airflow/.local/lib/python3.7/site-packages/airflow/example_dags/example_skip_dag.py
[2026-09-30T23:54:08.751+0000] {processor.py:743} INFO - Processing file /home/airflow/.local/lib/python3.7/site-packages/airflow/example_dags/example_skip_dag.py for tasks to queue
[2026-09-30T23:54:08.752+0000] {logging_mixin.py:137} INFO - [2026-09-30T23:54:08.752+0000] {dagbag.py:538} INFO - Filling up the DagBag from /home/airflow/.local/lib/python3.7/site-packages/airflow/example_dags/example_skip_dag.py
[2026-09-30T23:54:08.770+0000] {processor.py:753} INFO - DAG(s) dict_keys(['example_skip_dag']) retrieved from /home/airflow/.local/lib/python3.7/site-packages/airflow/example_dags/example_skip_dag.py
[2026-09-30T23:54:08.817+0000] {logging_mixin.py:137} INFO - [2026-09-30T23:54:08.817+0000] {dag.py:2676} INFO - Sync 1 DAGs
[2026-09-30T23:54:08.850+0000] {logging_mixin.py:137} INFO - [2026-09-30T23:54:08.850+0000] {dag.py:3427} INFO - Setting next_dagrun for example_skip_dag to 2026-09-29T23:54:08.850066+00:00, run_after=2026-09-30T23:54:08.850066+00:00
[2026-09-30T23:54:08.870+0000] {processor.py:175} INFO - Processing /home/airflow/.local/lib/python3.7/site-packages/airflow/example_dags/example_skip_dag.py took 0.128 seconds
[2026-09-30T23:54:38.932+0000] {processor.py:153} INFO - Started process (PID=14016) to work on /home/airflow/.local/lib/python3.7/site-packages/airflow/example_dags/example_skip_dag.py
[2026-09-30T23:54:38.933+0000] {processor.py:743} INFO - Processing file /home/airflow/.local/lib/python3.7/site-packages/airflow/example_dags/example_skip_dag.py for tasks to queue
[2026-09-30T23:54:38.933+0000] {logging_mixin.py:137} INFO - [2026-09-30T23:54:38.933+0000] {dagbag.py:538} INFO - Filling up the DagBag from /home/airflow/.local/lib/python3.7/site-packages/airflow/example_dags/example_skip_dag.py
[2026-09-30T23:54:38.953+0000] {processor.py:753} INFO - DAG(s) dict_keys(['example_skip_dag']) retrieved from /home/airflow/.local/lib/python3.7/site-packages/airflow/example_dags/example_skip_dag.py
[2026-09-30T23:54:39.002+0000] {logging_mixin.py:137} INFO - [2026-09-30T23:54:39.002+0000] {dag.py:2676} INFO - Sync 1 DAGs
[2026-09-30T23:54:39.035+0000] {logging_mixin.py:137} INFO - [2026-09-30T23:54:39.034+0000] {dag.py:3427} INFO - Setting next_dagrun for example_skip_dag to 2026-09-29T23:54:39.034668+00:00, run_after=2026-09-30T23:54:39.034668+00:00
[2026-09-30T23:54:39.056+0000] {processor.py:175} INFO - Processing /home/airflow/.local/lib/python3.7/site-packages/airflow/example_dags/example_skip_dag.py took 0.128 seconds
[2026-09-30T23:55:10.135+0000] {processor.py:153} INFO - Started process (PID=14106) to work on /home/airflow/.local/lib/python3.7/site-packages/airflow/example_dags/example_skip_dag.py
[2026-09-30T23:55:10.136+0000] {processor.py:743} INFO - Processing file /home/airflow/.local/lib/python3.7/site-packages/airflow/example_dags/example_skip_dag.py for tasks to queue
[2026-09-30T23:55:10.137+0000] {logging_mixin.py:137} INFO - [2026-09-30T23:55:10.137+0000] {dagbag.py:538} INFO - Filling up the DagBag from /home/airflow/.local/lib/python3.7/site-packages/airflow/example_dags/example_skip_dag.py
[2026-09-30T23:55:10.166+0000] {processor.py:753} INFO - DAG(s) dict_keys(['example_skip_dag']) retrieved from /home/airflow/.local/lib/python3.7/site-packages/airflow/example_dags/example_skip_dag.py
[2026-09-30T23:55:10.240+0000] {logging_mixin.py:137} INFO - [2026-09-30T23:55:10.239+0000] {dag.py:2676} INFO - Sync 1 DAGs
[2026-09-30T23:55:10.287+0000] {logging_mixin.py:137} INFO - [2026-09-30T23:55:10.286+0000] {dag.py:3427} INFO - Setting next_dagrun for example_skip_dag to 2026-09-29T23:55:10.286481+00:00, run_after=2026-09-30T23:55:10.286481+00:00
[2026-09-30T23:55:10.317+0000] {processor.py:175} INFO - Processing /home/airflow/.local/lib/python3.7/site-packages/airflow/example_dags/example_skip_dag.py took 0.190 seconds
[2026-09-30T23:55:40.529+0000] {processor.py:153} INFO - Started process (PID=14184) to work on /home/airflow/.local/lib/python3.7/site-packages/airflow/example_dags/example_skip_dag.py
[2026-09-30T23:55:40.530+0000] {processor.py:743} INFO - Processing file /home/airflow/.local/lib/python3.7/site-packages/airflow/example_dags/example_skip_dag.py for tasks to queue
[2026-09-30T23:55:40.530+0000] {logging_mixin.py:137} INFO - [2026-09-30T23:55:40.530+0000] {dagbag.py:538} INFO - Filling up the DagBag from /home/airflow/.local/lib/python3.7/site-packages/airflow/example_dags/example_skip_dag.py
[2026-09-30T23:55:40.550+0000] {processor.py:753} INFO - DAG(s) dict_keys(['example_skip_dag']) retrieved from /home/airflow/.local/lib/python3.7/site-packages/airflow/example_dags/example_skip_dag.py
[2026-09-30T23:55:40.603+0000] {logging_mixin.py:137} INFO - [2026-09-30T23:55:40.603+0000] {dag.py:2676} INFO - Sync 1 DAGs
[2026-09-30T23:55:40.636+0000] {logging_mixin.py:137} INFO - [2026-09-30T23:55:40.636+0000] {dag.py:3427} INFO - Setting next_dagrun for example_skip_dag to 2026-09-29T23:55:40.635974+00:00, run_after=2026-09-30T23:55:40.635974+00:00
[2026-09-30T23:55:40.656+0000] {processor.py:175} INFO - Processing /home/airflow/.local/lib/python3.7/site-packages/airflow/example_dags/example_skip_dag.py took 0.131 seconds
[2026-09-30T23:56:10.811+0000] {processor.py:153} INFO - Started process (PID=14263) to work on /home/airflow/.local/lib/python3.7/site-packages/airflow/example_dags/example_skip_dag.py
[2026-09-30T23:56:10.812+0000] {processor.py:743} INFO - Processing file /home/airflow/.local/lib/python3.7/site-packages/airflow/example_dags/example_skip_dag.py for tasks to queue
[2026-09-30T23:56:10.813+0000] {logging_mixin.py:137} INFO - [2026-09-30T23:56:10.813+0000] {dagbag.py:538} INFO - Filling up the DagBag from /home/airflow/.local/lib/python3.7/site-packages/airflow/example_dags/example_skip_dag.py
[2026-09-30T23:56:10.834+0000] {processor.py:753} INFO - DAG(s) dict_keys(['example_skip_dag']) retrieved from /home/airflow/.local/lib/python3.7/site-packages/airflow/example_dags/example_skip_dag.py
[2026-09-30T23:56:10.881+0000] {logging_mixin.py:137} INFO - [2026-09-30T23:56:10.881+0000] {dag.py:2676} INFO - Sync 1 DAGs
[2026-09-30T23:56:10.914+0000] {logging_mixin.py:137} INFO - [2026-09-30T23:56:10.913+0000] {dag.py:3427} INFO - Setting next_dagrun for example_skip_dag to 2026-09-29T23:56:10.913569+00:00, run_after=2026-09-30T23:56:10.913569+00:00
[2026-09-30T23:56:10.938+0000] {processor.py:175} INFO - Processing /home/airflow/.local/lib/python3.7/site-packages/airflow/example_dags/example_skip_dag.py took 0.131 seconds
[2026-09-30T23:56:41.071+0000] {processor.py:153} INFO - Started process (PID=14362) to work on /home/airflow/.local/lib/python3.7/site-packages/airflow/example_dags/example_skip_dag.py
[2026-09-30T23:56:41.072+0000] {processor.py:743} INFO - Processing file /home/airflow/.local/lib/python3.7/site-packages/airflow/example_dags/example_skip_dag.py for tasks to queue
[2026-09-30T23:56:41.073+0000] {logging_mixin.py:137} INFO - [2026-09-30T23:56:41.073+0000] {dagbag.py:538} INFO - Filling up the DagBag from /home/airflow/.local/lib/python3.7/site-packages/airflow/example_dags/example_skip_dag.py
[2026-09-30T23:56:41.091+0000] {processor.py:753} INFO - DAG(s) dict_keys(['example_skip_dag']) retrieved from /home/airflow/.local/lib/python3.7/site-packages/airflow/example_dags/example_skip_dag.py
[2026-09-30T23:56:41.141+0000] {logging_mixin.py:137} INFO - [2026-09-30T23:56:41.141+0000] {dag.py:2676} INFO - Sync 1 DAGs
[2026-09-30T23:56:41.174+0000] {logging_mixin.py:137} INFO - [2026-09-30T23:56:41.174+0000] {dag.py:3427} INFO - Setting next_dagrun for example_skip_dag to 2026-09-29T23:56:41.174272+00:00, run_after=2026-09-30T23:56:41.174272+00:00
[2026-09-30T23:56:41.198+0000] {processor.py:175} INFO - Processing /home/airflow/.local/lib/python3.7/site-packages/airflow/example_dags/example_skip_dag.py took 0.130 seconds
[2026-09-30T23:57:11.687+0000] {processor.py:153} INFO - Started process (PID=14442) to work on /home/airflow/.local/lib/python3.7/site-packages/airflow/example_dags/example_skip_dag.py
[2026-09-30T23:57:11.688+0000] {processor.py:743} INFO - Processing file /home/airflow/.local/lib/python3.7/site-packages/airflow/example_dags/example_skip_dag.py for tasks to queue
[2026-09-30T23:57:11.689+0000] {logging_mixin.py:137} INFO - [2026-09-30T23:57:11.689+0000] {dagbag.py:538} INFO - Filling up the DagBag from /home/airflow/.local/lib/python3.7/site-packages/airflow/example_dags/example_skip_dag.py
[2026-09-30T23:57:11.714+0000] {processor.py:753} INFO - DAG(s) dict_keys(['example_skip_dag']) retrieved from /home/airflow/.local/lib/python3.7/site-packages/airflow/example_dags/example_skip_dag.py
[2026-09-30T23:57:11.779+0000] {logging_mixin.py:137} INFO - [2026-09-30T23:57:11.778+0000] {dag.py:2676} INFO - Sync 1 DAGs
[2026-09-30T23:57:11.813+0000] {logging_mixin.py:137} INFO - [2026-09-30T23:57:11.813+0000] {dag.py:3427} INFO - Setting next_dagrun for example_skip_dag to 2026-09-29T23:57:11.813498+00:00, run_after=2026-09-30T23:57:11.813498+00:00
[2026-09-30T23:57:11.835+0000] {processor.py:175} INFO - Processing /home/airflow/.local/lib/python3.7/site-packages/airflow/example_dags/example_skip_dag.py took 0.154 seconds
[2026-09-30T23:57:41.907+0000] {processor.py:153} INFO - Started process (PID=14521) to work on /home/airflow/.local/lib/python3.7/site-packages/airflow/example_dags/example_skip_dag.py
[2026-09-30T23:57:41.908+0000] {processor.py:743} INFO - Processing file /home/airflow/.local/lib/python3.7/site-packages/airflow/example_dags/example_skip_dag.py for tasks to queue
[2026-09-30T23:57:41.908+0000] {logging_mixin.py:137} INFO - [2026-09-30T23:57:41.908+0000] {dagbag.py:538} INFO - Filling up the DagBag from /home/airflow/.local/lib/python3.7/site-packages/airflow/example_dags/example_skip_dag.py
[2026-09-30T23:57:41.926+0000] {processor.py:753} INFO - DAG(s) dict_keys(['example_skip_dag']) retrieved from /home/airflow/.local/lib/python3.7/site-packages/airflow/example_dags/example_skip_dag.py
[2026-09-30T23:57:41.981+0000] {logging_mixin.py:137} INFO - [2026-09-30T23:57:41.981+0000] {dag.py:2676} INFO - Sync 1 DAGs
[2026-09-30T23:57:42.016+0000] {logging_mixin.py:137} INFO - [2026-09-30T23:57:42.016+0000] {dag.py:3427} INFO - Setting next_dagrun for example_skip_dag to 2026-09-29T23:57:42.016205+00:00, run_after=2026-09-30T23:57:42.016205+00:00
[2026-09-30T23:57:42.038+0000] {processor.py:175} INFO - Processing /home/airflow/.local/lib/python3.7/site-packages/airflow/example_dags/example_skip_dag.py took 0.135 seconds
[2026-09-30T23:58:12.498+0000] {processor.py:153} INFO - Started process (PID=14606) to work on /home/airflow/.local/lib/python3.7/site-packages/airflow/example_dags/example_skip_dag.py
[2026-09-30T23:58:12.499+0000] {processor.py:743} INFO - Processing file /home/airflow/.local/lib/python3.7/site-packages/airflow/example_dags/example_skip_dag.py for tasks to queue
[2026-09-30T23:58:12.500+0000] {logging_mixin.py:137} INFO - [2026-09-30T23:58:12.500+0000] {dagbag.py:538} INFO - Filling up the DagBag from /home/airflow/.local/lib/python3.7/site-packages/airflow/example_dags/example_skip_dag.py
[2026-09-30T23:58:12.519+0000] {processor.py:753} INFO - DAG(s) dict_keys(['example_skip_dag']) retrieved from /home/airflow/.local/lib/python3.7/site-packages/airflow/example_dags/example_skip_dag.py
[2026-09-30T23:58:12.572+0000] {logging_mixin.py:137} INFO - [2026-09-30T23:58:12.572+0000] {dag.py:2676} INFO - Sync 1 DAGs
[2026-09-30T23:58:12.620+0000] {logging_mixin.py:137} INFO - [2026-09-30T23:58:12.620+0000] {dag.py:3427} INFO - Setting next_dagrun for example_skip_dag to 2026-09-29T23:58:12.619932+00:00, run_after=2026-09-30T23:58:12.619932+00:00
[2026-09-30T23:58:12.652+0000] {processor.py:175} INFO - Processing /home/airflow/.local/lib/python3.7/site-packages/airflow/example_dags/example_skip_dag.py took 0.159 seconds
[2026-09-30T23:58:43.383+0000] {processor.py:153} INFO - Started process (PID=14699) to work on /home/airflow/.local/lib/python3.7/site-packages/airflow/example_dags/example_skip_dag.py
[2026-09-30T23:58:43.384+0000] {processor.py:743} INFO - Processing file /home/airflow/.local/lib/python3.7/site-packages/airflow/example_dags/example_skip_dag.py for tasks to queue
[2026-09-30T23:58:43.386+0000] {logging_mixin.py:137} INFO - [2026-09-30T23:58:43.386+0000] {dagbag.py:538} INFO - Filling up the DagBag from /home/airflow/.local/lib/python3.7/site-packages/airflow/example_dags/example_skip_dag.py
[2026-09-30T23:58:43.405+0000] {processor.py:753} INFO - DAG(s) dict_keys(['example_skip_dag']) retrieved from /home/airflow/.local/lib/python3.7/site-packages/airflow/example_dags/example_skip_dag.py
[2026-09-30T23:58:43.457+0000] {logging_mixin.py:137} INFO - [2026-09-30T23:58:43.457+0000] {dag.py:2676} INFO - Sync 1 DAGs
[2026-09-30T23:58:43.489+0000] {logging_mixin.py:137} INFO - [2026-09-30T23:58:43.489+0000] {dag.py:3427} INFO - Setting next_dagrun for example_skip_dag to 2026-09-29T23:58:43.489165+00:00, run_after=2026-09-30T23:58:43.489165+00:00
[2026-09-30T23:58:43.511+0000] {processor.py:175} INFO - Processing /home/airflow/.local/lib/python3.7/site-packages/airflow/example_dags/example_skip_dag.py took 0.132 seconds
[2026-09-30T23:59:13.948+0000] {processor.py:153} INFO - Started process (PID=14778) to work on /home/airflow/.local/lib/python3.7/site-packages/airflow/example_dags/example_skip_dag.py
[2026-09-30T23:59:13.950+0000] {processor.py:743} INFO - Processing file /home/airflow/.local/lib/python3.7/site-packages/airflow/example_dags/example_skip_dag.py for tasks to queue
[2026-09-30T23:59:13.950+0000] {logging_mixin.py:137} INFO - [2026-09-30T23:59:13.950+0000] {dagbag.py:538} INFO - Filling up the DagBag from /home/airflow/.local/lib/python3.7/site-packages/airflow/example_dags/example_skip_dag.py
[2026-09-30T23:59:13.970+0000] {processor.py:753} INFO - DAG(s) dict_keys(['example_skip_dag']) retrieved from /home/airflow/.local/lib/python3.7/site-packages/airflow/example_dags/example_skip_dag.py
[2026-09-30T23:59:14.019+0000] {logging_mixin.py:137} INFO - [2026-09-30T23:59:14.019+0000] {dag.py:2676} INFO - Sync 1 DAGs
[2026-09-30T23:59:14.055+0000] {logging_mixin.py:137} INFO - [2026-09-30T23:59:14.055+0000] {dag.py:3427} INFO - Setting next_dagrun for example_skip_dag to 2026-09-29T23:59:14.055071+00:00, run_after=2026-09-30T23:59:14.055071+00:00
[2026-09-30T23:59:14.081+0000] {processor.py:175} INFO - Processing /home/airflow/.local/lib/python3.7/site-packages/airflow/example_dags/example_skip_dag.py took 0.136 seconds
[2026-09-30T23:59:44.471+0000] {processor.py:153} INFO - Started process (PID=14857) to work on /home/airflow/.local/lib/python3.7/site-packages/airflow/example_dags/example_skip_dag.py
[2026-09-30T23:59:44.472+0000] {processor.py:743} INFO - Processing file /home/airflow/.local/lib/python3.7/site-packages/airflow/example_dags/example_skip_dag.py for tasks to queue
[2026-09-30T23:59:44.473+0000] {logging_mixin.py:137} INFO - [2026-09-30T23:59:44.473+0000] {dagbag.py:538} INFO - Filling up the DagBag from /home/airflow/.local/lib/python3.7/site-packages/airflow/example_dags/example_skip_dag.py
[2026-09-30T23:59:44.494+0000] {processor.py:753} INFO - DAG(s) dict_keys(['example_skip_dag']) retrieved from /home/airflow/.local/lib/python3.7/site-packages/airflow/example_dags/example_skip_dag.py
[2026-09-30T23:59:44.545+0000] {logging_mixin.py:137} INFO - [2026-09-30T23:59:44.545+0000] {dag.py:2676} INFO - Sync 1 DAGs
[2026-09-30T23:59:44.582+0000] {logging_mixin.py:137} INFO - [2026-09-30T23:59:44.582+0000] {dag.py:3427} INFO - Setting next_dagrun for example_skip_dag to 2026-09-29T23:59:44.582177+00:00, run_after=2026-09-30T23:59:44.582177+00:00
[2026-09-30T23:59:44.604+0000] {processor.py:175} INFO - Processing /home/airflow/.local/lib/python3.7/site-packages/airflow/example_dags/example_skip_dag.py took 0.137 seconds
