[2026-09-30T19:10:07.408+0000] {processor.py:153} INFO - Started process (PID=54) to work on /home/airflow/.local/lib/python3.7/site-packages/airflow/example_dags/example_sla_dag.py
[2026-09-30T19:10:07.409+0000] {processor.py:743} INFO - Processing file /home/airflow/.local/lib/python3.7/site-packages/airflow/example_dags/example_sla_dag.py for tasks to queue
[2026-09-30T19:10:07.410+0000] {logging_mixin.py:137} INFO - [2026-09-30T19:10:07.410+0000] {dagbag.py:538} INFO - Filling up the DagBag from /home/airflow/.local/lib/python3.7/site-packages/airflow/example_dags/example_sla_dag.py
[2026-09-30T19:10:07.439+0000] {processor.py:753} INFO - DAG(s) dict_keys(['example_sla_dag']) retrieved from /home/airflow/.local/lib/python3.7/site-packages/airflow/example_dags/example_sla_dag.py
[2026-09-30T19:10:07.465+0000] {logging_mixin.py:137} INFO - [2026-09-30T19:10:07.465+0000] {dag.py:2676} INFO - Sync 1 DAGs
[2026-09-30T19:10:07.497+0000] {logging_mixin.py:137} INFO - [2026-09-30T19:10:07.496+0000] {dag.py:3427} INFO - Setting next_dagrun for example_sla_dag to 2026-09-30T19:08:00+00:00, run_after=2026-09-30T19:10:00+00:00
[2026-09-30T19:10:07.519+0000] {processor.py:175} INFO - Processing /home/airflow/.local/lib/python3.7/site-packages/airflow/example_dags/example_sla_dag.py took 0.114 seconds
[2026-09-30T19:10:38.148+0000] {processor.py:153} INFO - Started process (PID=152) to work on /home/airflow/.local/lib/python3.7/site-packages/airflow/example_dags/example_sla_dag.py
[2026-09-30T19:10:38.149+0000] {processor.py:743} INFO - Processing file /home/airflow/.local/lib/python3.7/site-packages/airflow/example_dags/example_sla_dag.py for tasks to queue
[2026-09-30T19:10:38.151+0000] {logging_mixin.py:137} INFO - [2026-09-30T19:10:38.150+0000] {dagbag.py:538} INFO - Filling up the DagBag from /home/airflow/.local/lib/python3.7/site-packages/airflow/example_dags/example_sla_dag.py
[2026-09-30T19:10:38.200+0000] {processor.py:753} INFO - DAG(s) dict_keys(['example_sla_dag']) retrieved from /home/airflow/.local/lib/python3.7/site-packages/airflow/example_dags/example_sla_dag.py
[2026-09-30T19:10:38.258+0000] {logging_mixin.py:137} INFO - [2026-09-30T19:10:38.258+0000] {dag.py:2676} INFO - Sync 1 DAGs
[2026-09-30T19:10:38.302+0000] {logging_mixin.py:137} INFO - [2026-09-30T19:10:38.302+0000] {dag.py:3427} INFO - Setting next_dagrun for example_sla_dag to 2026-09-30T19:08:00+00:00, run_after=2026-09-30T19:10:00+00:00
[2026-09-30T19:10:38.335+0000] {processor.py:175} INFO - Processing /home/airflow/.local/lib/python3.7/site-packages/airflow/example_dags/example_sla_dag.py took 0.193 seconds
[2026-09-30T19:11:08.392+0000] {processor.py:153} INFO - Started process (PID=230) to work on /home/airflow/.local/lib/python3.7/site-packages/airflow/example_dags/example_sla_dag.py
[2026-09-30T19:11:08.393+0000] {processor.py:743} INFO - Processing file /home/airflow/.local/lib/python3.7/site-packages/airflow/example_dags/example_sla_dag.py for tasks to queue
[2026-09-30T19:11:08.393+0000] {logging_mixin.py:137} INFO - [2026-09-30T19:11:08.393+0000] {dagbag.py:538} INFO - Filling up the DagBag from /home/airflow/.local/lib/python3.7/site-packages/airflow/example_dags/example_sla_dag.py
[2026-09-30T19:11:08.425+0000] {processor.py:753} INFO - DAG(s) dict_keys(['example_sla_dag']) retrieved from /home/airflow/.local/lib/python3.7/site-packages/airflow/example_dags/example_sla_dag.py
[2026-09-30T19:11:08.485+0000] {logging_mixin.py:137} INFO - [2026-09-30T19:11:08.485+0000] {dag.py:2676} INFO - Sync 1 DAGs
[2026-09-30T19:11:08.534+0000] {logging_mixin.py:137} INFO - [2026-09-30T19:11:08.534+0000] {dag.py:3427} INFO - Setting next_dagrun for example_sla_dag to 2026-09-30T19:08:00+00:00, run_after=2026-09-30T19:10:00+00:00
[2026-09-30T19:11:08.557+0000] {processor.py:175} INFO - Processing /home/airflow/.local/lib/python3.7/site-packages/airflow/example_dags/example_sla_dag.py took 0.170 seconds
[2026-09-30T19:11:38.880+0000] {processor.py:153} INFO - Started process (PID=308) to work on /home/airflow/.local/lib/python3.7/site-packages/airflow/example_dags/example_sla_dag.py
[2026-09-30T19:11:38.881+0000] {processor.py:743} INFO - Processing file /home/airflow/.local/lib/python3.7/site-packages/airflow/example_dags/example_sla_dag.py for tasks to queue
[2026-09-30T19:11:38.882+0000] {logging_mixin.py:137} INFO - [2026-09-30T19:11:38.882+0000] {dagbag.py:538} INFO - Filling up the DagBag from /home/airflow/.local/lib/python3.7/site-packages/airflow/example_dags/example_sla_dag.py
[2026-09-30T19:11:38.911+0000] {processor.py:753} INFO - DAG(s) dict_keys(['example_sla_dag']) retrieved from /home/airflow/.local/lib/python3.7/site-packages/airflow/example_dags/example_sla_dag.py
[2026-09-30T19:11:38.959+0000] {logging_mixin.py:137} INFO - [2026-09-30T19:11:38.958+0000] {dag.py:2676} INFO - Sync 1 DAGs
[2026-09-30T19:11:39.004+0000] {logging_mixin.py:137} INFO - [2026-09-30T19:11:39.004+0000] {dag.py:3427} INFO - Setting next_dagrun for example_sla_dag to 2026-09-30T19:08:00+00:00, run_after=2026-09-30T19:10:00+00:00
[2026-09-30T19:11:39.024+0000] {processor.py:175} INFO - Processing /home/airflow/.local/lib/python3.7/site-packages/airflow/example_dags/example_sla_dag.py took 0.148 seconds
[2026-09-30T19:12:09.788+0000] {processor.py:153} INFO - Started process (PID=395) to work on /home/airflow/.local/lib/python3.7/site-packages/airflow/example_dags/example_sla_dag.py
[2026-09-30T19:12:09.789+0000] {processor.py:743} INFO - Processing file /home/airflow/.local/lib/python3.7/site-packages/airflow/example_dags/example_sla_dag.py for tasks to queue
[2026-09-30T19:12:09.790+0000] {logging_mixin.py:137} INFO - [2026-09-30T19:12:09.790+0000] {dagbag.py:538} INFO - Filling up the DagBag from /home/airflow/.local/lib/python3.7/site-packages/airflow/example_dags/example_sla_dag.py
[2026-09-30T19:12:09.820+0000] {processor.py:753} INFO - DAG(s) dict_keys(['example_sla_dag']) retrieved from /home/airflow/.local/lib/python3.7/site-packages/airflow/example_dags/example_sla_dag.py
[2026-09-30T19:12:09.869+0000] {logging_mixin.py:137} INFO - [2026-09-30T19:12:09.869+0000] {dag.py:2676} INFO - Sync 1 DAGs
[2026-09-30T19:12:09.909+0000] {logging_mixin.py:137} INFO - [2026-09-30T19:12:09.908+0000] {dag.py:3427} INFO - Setting next_dagrun for example_sla_dag to 2026-09-30T19:10:00+00:00, run_after=2026-09-30T19:12:00+00:00
[2026-09-30T19:12:09.940+0000] {processor.py:175} INFO - Processing /home/airflow/.local/lib/python3.7/site-packages/airflow/example_dags/example_sla_dag.py took 0.155 seconds
[2026-09-30T19:12:40.987+0000] {processor.py:153} INFO - Started process (PID=484) to work on /home/airflow/.local/lib/python3.7/site-packages/airflow/example_dags/example_sla_dag.py
[2026-09-30T19:12:40.990+0000] {processor.py:743} INFO - Processing file /home/airflow/.local/lib/python3.7/site-packages/airflow/example_dags/example_sla_dag.py for tasks to queue
[2026-09-30T19:12:40.991+0000] {logging_mixin.py:137} INFO - [2026-09-30T19:12:40.990+0000] {dagbag.py:538} INFO - Filling up the DagBag from /home/airflow/.local/lib/python3.7/site-packages/airflow/example_dags/example_sla_dag.py
[2026-09-30T19:12:41.033+0000] {processor.py:753} INFO - DAG(s) dict_keys(['example_sla_dag']) retrieved from /home/airflow/.local/lib/python3.7/site-packages/airflow/example_dags/example_sla_dag.py
[2026-09-30T19:12:41.086+0000] {logging_mixin.py:137} INFO - [2026-09-30T19:12:41.085+0000] {dag.py:2676} INFO - Sync 1 DAGs
[2026-09-30T19:12:41.138+0000] {logging_mixin.py:137} INFO - [2026-09-30T19:12:41.138+0000] {dag.py:3427} INFO - Setting next_dagrun for example_sla_dag to 2026-09-30T19:10:00+00:00, run_after=2026-09-30T19:12:00+00:00
[2026-09-30T19:12:41.165+0000] {processor.py:175} INFO - Processing /home/airflow/.local/lib/python3.7/site-packages/airflow/example_dags/example_sla_dag.py took 0.184 seconds
[2026-09-30T19:13:11.367+0000] {processor.py:153} INFO - Started process (PID=562) to work on /home/airflow/.local/lib/python3.7/site-packages/airflow/example_dags/example_sla_dag.py
[2026-09-30T19:13:11.368+0000] {processor.py:743} INFO - Processing file /home/airflow/.local/lib/python3.7/site-packages/airflow/example_dags/example_sla_dag.py for tasks to queue
[2026-09-30T19:13:11.370+0000] {logging_mixin.py:137} INFO - [2026-09-30T19:13:11.369+0000] {dagbag.py:538} INFO - Filling up the DagBag from /home/airflow/.local/lib/python3.7/site-packages/airflow/example_dags/example_sla_dag.py
[2026-09-30T19:13:11.416+0000] {processor.py:753} INFO - DAG(s) dict_keys(['example_sla_dag']) retrieved from /home/airflow/.local/lib/python3.7/site-packages/airflow/example_dags/example_sla_dag.py
[2026-09-30T19:13:11.473+0000] {logging_mixin.py:137} INFO - [2026-09-30T19:13:11.472+0000] {dag.py:2676} INFO - Sync 1 DAGs
[2026-09-30T19:13:11.525+0000] {logging_mixin.py:137} INFO - [2026-09-30T19:13:11.525+0000] {dag.py:3427} INFO - Setting next_dagrun for example_sla_dag to 2026-09-30T19:10:00+00:00, run_after=2026-09-30T19:12:00+00:00
[2026-09-30T19:13:11.556+0000] {processor.py:175} INFO - Processing /home/airflow/.local/lib/python3.7/site-packages/airflow/example_dags/example_sla_dag.py took 0.194 seconds
[2026-09-30T19:13:41.628+0000] {processor.py:153} INFO - Started process (PID=640) to work on /home/airflow/.local/lib/python3.7/site-packages/airflow/example_dags/example_sla_dag.py
[2026-09-30T19:13:41.629+0000] {processor.py:743} INFO - Processing file /home/airflow/.local/lib/python3.7/site-packages/airflow/example_dags/example_sla_dag.py for tasks to queue
[2026-09-30T19:13:41.630+0000] {logging_mixin.py:137} INFO - [2026-09-30T19:13:41.630+0000] {dagbag.py:538} INFO - Filling up the DagBag from /home/airflow/.local/lib/python3.7/site-packages/airflow/example_dags/example_sla_dag.py
[2026-09-30T19:13:41.673+0000] {processor.py:753} INFO - DAG(s) dict_keys(['example_sla_dag']) retrieved from /home/airflow/.local/lib/python3.7/site-packages/airflow/example_dags/example_sla_dag.py
[2026-09-30T19:13:41.728+0000] {logging_mixin.py:137} INFO - [2026-09-30T19:13:41.728+0000] {dag.py:2676} INFO - Sync 1 DAGs
[2026-09-30T19:13:41.780+0000] {logging_mixin.py:137} INFO - [2026-09-30T19:13:41.780+0000] {dag.py:3427} INFO - Setting next_dagrun for example_sla_dag to 2026-09-30T19:10:00+00:00, run_after=2026-09-30T19:12:00+00:00
[2026-09-30T19:13:41.810+0000] {processor.py:175} INFO - Processing /home/airflow/.local/lib/python3.7/site-packages/airflow/example_dags/example_sla_dag.py took 0.189 seconds
[2026-09-30T19:14:12.042+0000] {processor.py:153} INFO - Started process (PID=727) to work on /home/airflow/.local/lib/python3.7/site-packages/airflow/example_dags/example_sla_dag.py
[2026-09-30T19:14:12.043+0000] {processor.py:743} INFO - Processing file /home/airflow/.local/lib/python3.7/site-packages/airflow/example_dags/example_sla_dag.py for tasks to queue
[2026-09-30T19:14:12.044+0000] {logging_mixin.py:137} INFO - [2026-09-30T19:14:12.043+0000] {dagbag.py:538} INFO - Filling up the DagBag from /home/airflow/.local/lib/python3.7/site-packages/airflow/example_dags/example_sla_dag.py
[2026-09-30T19:14:12.075+0000] {processor.py:753} INFO - DAG(s) dict_keys(['example_sla_dag']) retrieved from /home/airflow/.local/lib/python3.7/site-packages/airflow/example_dags/example_sla_dag.py
[2026-09-30T19:14:12.132+0000] {logging_mixin.py:137} INFO - [2026-09-30T19:14:12.132+0000] {dag.py:2676} INFO - Sync 1 DAGs
[2026-09-30T19:14:12.199+0000] {logging_mixin.py:137} INFO - [2026-09-30T19:14:12.198+0000] {dag.py:3427} INFO - Setting next_dagrun for example_sla_dag to 2026-09-30T19:12:00+00:00, run_after=2026-09-30T19:14:00+00:00
[2026-09-30T19:14:12.236+0000] {processor.py:175} INFO - Processing /home/airflow/.local/lib/python3.7/site-packages/airflow/example_dags/example_sla_dag.py took 0.198 seconds
[2026-09-30T19:14:42.375+0000] {processor.py:153} INFO - Started process (PID=816) to work on /home/airflow/.local/lib/python3.7/site-packages/airflow/example_dags/example_sla_dag.py
[2026-09-30T19:14:42.376+0000] {processor.py:743} INFO - Processing file /home/airflow/.local/lib/python3.7/site-packages/airflow/example_dags/example_sla_dag.py for tasks to queue
[2026-09-30T19:14:42.377+0000] {logging_mixin.py:137} INFO - [2026-09-30T19:14:42.377+0000] {dagbag.py:538} INFO - Filling up the DagBag from /home/airflow/.local/lib/python3.7/site-packages/airflow/example_dags/example_sla_dag.py
[2026-09-30T19:14:42.408+0000] {processor.py:753} INFO - DAG(s) dict_keys(['example_sla_dag']) retrieved from /home/airflow/.local/lib/python3.7/site-packages/airflow/example_dags/example_sla_dag.py
[2026-09-30T19:14:42.456+0000] {logging_mixin.py:137} INFO - [2026-09-30T19:14:42.456+0000] {dag.py:2676} INFO - Sync 1 DAGs
[2026-09-30T19:14:42.498+0000] {logging_mixin.py:137} INFO - [2026-09-30T19:14:42.498+0000] {dag.py:3427} INFO - Setting next_dagrun for example_sla_dag to 2026-09-30T19:12:00+00:00, run_after=2026-09-30T19:14:00+00:00
[2026-09-30T19:14:42.519+0000] {processor.py:175} INFO - Processing /home/airflow/.local/lib/python3.7/site-packages/airflow/example_dags/example_sla_dag.py took 0.148 seconds
[2026-09-30T19:15:13.476+0000] {processor.py:153} INFO - Started process (PID=894) to work on /home/airflow/.local/lib/python3.7/site-packages/airflow/example_dags/example_sla_dag.py
[2026-09-30T19:15:13.478+0000] {processor.py:743} INFO - Processing file /home/airflow/.local/lib/python3.7/site-packages/airflow/example_dags/example_sla_dag.py for tasks to queue
[2026-09-30T19:15:13.479+0000] {logging_mixin.py:137} INFO - [2026-09-30T19:15:13.479+0000] {dagbag.py:538} INFO - Filling up the DagBag from /home/airflow/.local/lib/python3.7/site-packages/airflow/example_dags/example_sla_dag.py
[2026-09-30T19:15:13.510+0000] {processor.py:753} INFO - DAG(s) dict_keys(['example_sla_dag']) retrieved from /home/airflow/.local/lib/python3.7/site-packages/airflow/example_dags/example_sla_dag.py
[2026-09-30T19:15:13.559+0000] {logging_mixin.py:137} INFO - [2026-09-30T19:15:13.559+0000] {dag.py:2676} INFO - Sync 1 DAGs
[2026-09-30T19:15:13.594+0000] {logging_mixin.py:137} INFO - [2026-09-30T19:15:13.593+0000] {dag.py:3427} INFO - Setting next_dagrun for example_sla_dag to 2026-09-30T19:12:00+00:00, run_after=2026-09-30T19:14:00+00:00
[2026-09-30T19:15:13.613+0000] {processor.py:175} INFO - Processing /home/airflow/.local/lib/python3.7/site-packages/airflow/example_dags/example_sla_dag.py took 0.143 seconds
[2026-09-30T19:15:44.116+0000] {processor.py:153} INFO - Started process (PID=972) to work on /home/airflow/.local/lib/python3.7/site-packages/airflow/example_dags/example_sla_dag.py
[2026-09-30T19:15:44.117+0000] {processor.py:743} INFO - Processing file /home/airflow/.local/lib/python3.7/site-packages/airflow/example_dags/example_sla_dag.py for tasks to queue
[2026-09-30T19:15:44.117+0000] {logging_mixin.py:137} INFO - [2026-09-30T19:15:44.117+0000] {dagbag.py:538} INFO - Filling up the DagBag from /home/airflow/.local/lib/python3.7/site-packages/airflow/example_dags/example_sla_dag.py
[2026-09-30T19:15:44.154+0000] {processor.py:753} INFO - DAG(s) dict_keys(['example_sla_dag']) retrieved from /home/airflow/.local/lib/python3.7/site-packages/airflow/example_dags/example_sla_dag.py
[2026-09-30T19:15:44.218+0000] {logging_mixin.py:137} INFO - [2026-09-30T19:15:44.217+0000] {dag.py:2676} INFO - Sync 1 DAGs
[2026-09-30T19:15:44.256+0000] {logging_mixin.py:137} INFO - [2026-09-30T19:15:44.256+0000] {dag.py:3427} INFO - Setting next_dagrun for example_sla_dag to 2026-09-30T19:12:00+00:00, run_after=2026-09-30T19:14:00+00:00
[2026-09-30T19:15:44.284+0000] {processor.py:175} INFO - Processing /home/airflow/.local/lib/python3.7/site-packages/airflow/example_dags/example_sla_dag.py took 0.173 seconds
[2026-09-30T19:16:14.354+0000] {processor.py:153} INFO - Started process (PID=1059) to work on /home/airflow/.local/lib/python3.7/site-packages/airflow/example_dags/example_sla_dag.py
[2026-09-30T19:16:14.354+0000] {processor.py:743} INFO - Processing file /home/airflow/.local/lib/python3.7/site-packages/airflow/example_dags/example_sla_dag.py for tasks to queue
[2026-09-30T19:16:14.355+0000] {logging_mixin.py:137} INFO - [2026-09-30T19:16:14.355+0000] {dagbag.py:538} INFO - Filling up the DagBag from /home/airflow/.local/lib/python3.7/site-packages/airflow/example_dags/example_sla_dag.py
[2026-09-30T19:16:14.390+0000] {processor.py:753} INFO - DAG(s) dict_keys(['example_sla_dag']) retrieved from /home/airflow/.local/lib/python3.7/site-packages/airflow/example_dags/example_sla_dag.py
[2026-09-30T19:16:14.451+0000] {logging_mixin.py:137} INFO - [2026-09-30T19:16:14.451+0000] {dag.py:2676} INFO - Sync 1 DAGs
[2026-09-30T19:16:14.512+0000] {logging_mixin.py:137} INFO - [2026-09-30T19:16:14.511+0000] {dag.py:3427} INFO - Setting next_dagrun for example_sla_dag to 2026-09-30T19:14:00+00:00, run_after=2026-09-30T19:16:00+00:00
[2026-09-30T19:16:14.546+0000] {processor.py:175} INFO - Processing /home/airflow/.local/lib/python3.7/site-packages/airflow/example_dags/example_sla_dag.py took 0.196 seconds
[2026-09-30T19:16:44.842+0000] {processor.py:153} INFO - Started process (PID=1148) to work on /home/airflow/.local/lib/python3.7/site-packages/airflow/example_dags/example_sla_dag.py
[2026-09-30T19:16:44.843+0000] {processor.py:743} INFO - Processing file /home/airflow/.local/lib/python3.7/site-packages/airflow/example_dags/example_sla_dag.py for tasks to queue
[2026-09-30T19:16:44.843+0000] {logging_mixin.py:137} INFO - [2026-09-30T19:16:44.843+0000] {dagbag.py:538} INFO - Filling up the DagBag from /home/airflow/.local/lib/python3.7/site-packages/airflow/example_dags/example_sla_dag.py
[2026-09-30T19:16:44.878+0000] {processor.py:753} INFO - DAG(s) dict_keys(['example_sla_dag']) retrieved from /home/airflow/.local/lib/python3.7/site-packages/airflow/example_dags/example_sla_dag.py
[2026-09-30T19:16:44.930+0000] {logging_mixin.py:137} INFO - [2026-09-30T19:16:44.929+0000] {dag.py:2676} INFO - Sync 1 DAGs
[2026-09-30T19:16:44.967+0000] {logging_mixin.py:137} INFO - [2026-09-30T19:16:44.966+0000] {dag.py:3427} INFO - Setting next_dagrun for example_sla_dag to 2026-09-30T19:14:00+00:00, run_after=2026-09-30T19:16:00+00:00
[2026-09-30T19:16:44.990+0000] {processor.py:175} INFO - Processing /home/airflow/.local/lib/python3.7/site-packages/airflow/example_dags/example_sla_dag.py took 0.152 seconds
[2026-09-30T19:17:15.686+0000] {processor.py:153} INFO - Started process (PID=1226) to work on /home/airflow/.local/lib/python3.7/site-packages/airflow/example_dags/example_sla_dag.py
[2026-09-30T19:17:15.687+0000] {processor.py:743} INFO - Processing file /home/airflow/.local/lib/python3.7/site-packages/airflow/example_dags/example_sla_dag.py for tasks to queue
[2026-09-30T19:17:15.689+0000] {logging_mixin.py:137} INFO - [2026-09-30T19:17:15.688+0000] {dagbag.py:538} INFO - Filling up the DagBag from /home/airflow/.local/lib/python3.7/site-packages/airflow/example_dags/example_sla_dag.py
[2026-09-30T19:17:15.735+0000] {processor.py:753} INFO - DAG(s) dict_keys(['example_sla_dag']) retrieved from /home/airflow/.local/lib/python3.7/site-packages/airflow/example_dags/example_sla_dag.py
[2026-09-30T19:17:15.800+0000] {logging_mixin.py:137} INFO - [2026-09-30T19:17:15.800+0000] {dag.py:2676} INFO - Sync 1 DAGs
[2026-09-30T19:17:15.854+0000] {logging_mixin.py:137} INFO - [2026-09-30T19:17:15.853+0000] {dag.py:3427} INFO - Setting next_dagrun for example_sla_dag to 2026-09-30T19:14:00+00:00, run_after=2026-09-30T19:16:00+00:00
[2026-09-30T19:17:15.882+0000] {processor.py:175} INFO - Processing /home/airflow/.local/lib/python3.7/site-packages/airflow/example_dags/example_sla_dag.py took 0.203 seconds
[2026-09-30T19:17:46.517+0000] {processor.py:153} INFO - Started process (PID=1304) to work on /home/airflow/.local/lib/python3.7/site-packages/airflow/example_dags/example_sla_dag.py
[2026-09-30T19:17:46.518+0000] {processor.py:743} INFO - Processing file /home/airflow/.local/lib/python3.7/site-packages/airflow/example_dags/example_sla_dag.py for tasks to queue
[2026-09-30T19:17:46.519+0000] {logging_mixin.py:137} INFO - [2026-09-30T19:17:46.519+0000] {dagbag.py:538} INFO - Filling up the DagBag from /home/airflow/.local/lib/python3.7/site-packages/airflow/example_dags/example_sla_dag.py
[2026-09-30T19:17:46.550+0000] {processor.py:753} INFO - DAG(s) dict_keys(['example_sla_dag']) retrieved from /home/airflow/.local/lib/python3.7/site-packages/airflow/example_dags/example_sla_dag.py
[2026-09-30T19:17:46.600+0000] {logging_mixin.py:137} INFO - [2026-09-30T19:17:46.599+0000] {dag.py:2676} INFO - Sync 1 DAGs
[2026-09-30T19:17:46.639+0000] {logging_mixin.py:137} INFO - [2026-09-30T19:17:46.639+0000] {dag.py:3427} INFO - Setting next_dagrun for example_sla_dag to 2026-09-30T19:14:00+00:00, run_after=2026-09-30T19:16:00+00:00
[2026-09-30T19:17:46.661+0000] {processor.py:175} INFO - Processing /home/airflow/.local/lib/python3.7/site-packages/airflow/example_dags/example_sla_dag.py took 0.148 seconds
[2026-09-30T19:18:17.349+0000] {processor.py:153} INFO - Started process (PID=1402) to work on /home/airflow/.local/lib/python3.7/site-packages/airflow/example_dags/example_sla_dag.py
[2026-09-30T19:18:17.350+0000] {processor.py:743} INFO - Processing file /home/airflow/.local/lib/python3.7/site-packages/airflow/example_dags/example_sla_dag.py for tasks to queue
[2026-09-30T19:18:17.351+0000] {logging_mixin.py:137} INFO - [2026-09-30T19:18:17.350+0000] {dagbag.py:538} INFO - Filling up the DagBag from /home/airflow/.local/lib/python3.7/site-packages/airflow/example_dags/example_sla_dag.py
[2026-09-30T19:18:17.380+0000] {processor.py:753} INFO - DAG(s) dict_keys(['example_sla_dag']) retrieved from /home/airflow/.local/lib/python3.7/site-packages/airflow/example_dags/example_sla_dag.py
[2026-09-30T19:18:17.423+0000] {logging_mixin.py:137} INFO - [2026-09-30T19:18:17.423+0000] {dag.py:2676} INFO - Sync 1 DAGs
[2026-09-30T19:18:17.465+0000] {logging_mixin.py:137} INFO - [2026-09-30T19:18:17.465+0000] {dag.py:3427} INFO - Setting next_dagrun for example_sla_dag to 2026-09-30T19:16:00+00:00, run_after=2026-09-30T19:18:00+00:00
[2026-09-30T19:18:17.488+0000] {processor.py:175} INFO - Processing /home/airflow/.local/lib/python3.7/site-packages/airflow/example_dags/example_sla_dag.py took 0.143 seconds
[2026-09-30T19:18:47.642+0000] {processor.py:153} INFO - Started process (PID=1480) to work on /home/airflow/.local/lib/python3.7/site-packages/airflow/example_dags/example_sla_dag.py
[2026-09-30T19:18:47.643+0000] {processor.py:743} INFO - Processing file /home/airflow/.local/lib/python3.7/site-packages/airflow/example_dags/example_sla_dag.py for tasks to queue
[2026-09-30T19:18:47.644+0000] {logging_mixin.py:137} INFO - [2026-09-30T19:18:47.643+0000] {dagbag.py:538} INFO - Filling up the DagBag from /home/airflow/.local/lib/python3.7/site-packages/airflow/example_dags/example_sla_dag.py
[2026-09-30T19:18:47.679+0000] {processor.py:753} INFO - DAG(s) dict_keys(['example_sla_dag']) retrieved from /home/airflow/.local/lib/python3.7/site-packages/airflow/example_dags/example_sla_dag.py
[2026-09-30T19:18:47.728+0000] {logging_mixin.py:137} INFO - [2026-09-30T19:18:47.728+0000] {dag.py:2676} INFO - Sync 1 DAGs
[2026-09-30T19:18:47.769+0000] {logging_mixin.py:137} INFO - [2026-09-30T19:18:47.769+0000] {dag.py:3427} INFO - Setting next_dagrun for example_sla_dag to 2026-09-30T19:16:00+00:00, run_after=2026-09-30T19:18:00+00:00
[2026-09-30T19:18:47.794+0000] {processor.py:175} INFO - Processing /home/airflow/.local/lib/python3.7/site-packages/airflow/example_dags/example_sla_dag.py took 0.157 seconds
[2026-09-30T19:19:18.619+0000] {processor.py:153} INFO - Started process (PID=1558) to work on /home/airflow/.local/lib/python3.7/site-packages/airflow/example_dags/example_sla_dag.py
[2026-09-30T19:19:18.620+0000] {processor.py:743} INFO - Processing file /home/airflow/.local/lib/python3.7/site-packages/airflow/example_dags/example_sla_dag.py for tasks to queue
[2026-09-30T19:19:18.621+0000] {logging_mixin.py:137} INFO - [2026-09-30T19:19:18.621+0000] {dagbag.py:538} INFO - Filling up the DagBag from /home/airflow/.local/lib/python3.7/site-packages/airflow/example_dags/example_sla_dag.py
[2026-09-30T19:19:18.657+0000] {processor.py:753} INFO - DAG(s) dict_keys(['example_sla_dag']) retrieved from /home/airflow/.local/lib/python3.7/site-packages/airflow/example_dags/example_sla_dag.py
[2026-09-30T19:19:18.712+0000] {logging_mixin.py:137} INFO - [2026-09-30T19:19:18.712+0000] {dag.py:2676} INFO - Sync 1 DAGs
[2026-09-30T19:19:18.766+0000] {logging_mixin.py:137} INFO - [2026-09-30T19:19:18.766+0000] {dag.py:3427} INFO - Setting next_dagrun for example_sla_dag to 2026-09-30T19:16:00+00:00, run_after=2026-09-30T19:18:00+00:00
[2026-09-30T19:19:18.792+0000] {processor.py:175} INFO - Processing /home/airflow/.local/lib/python3.7/site-packages/airflow/example_dags/example_sla_dag.py took 0.177 seconds
[2026-09-30T19:19:49.747+0000] {processor.py:153} INFO - Started process (PID=1645) to work on /home/airflow/.local/lib/python3.7/site-packages/airflow/example_dags/example_sla_dag.py
[2026-09-30T19:19:49.748+0000] {processor.py:743} INFO - Processing file /home/airflow/.local/lib/python3.7/site-packages/airflow/example_dags/example_sla_dag.py for tasks to queue
[2026-09-30T19:19:49.749+0000] {logging_mixin.py:137} INFO - [2026-09-30T19:19:49.749+0000] {dagbag.py:538} INFO - Filling up the DagBag from /home/airflow/.local/lib/python3.7/site-packages/airflow/example_dags/example_sla_dag.py
[2026-09-30T19:19:49.787+0000] {processor.py:753} INFO - DAG(s) dict_keys(['example_sla_dag']) retrieved from /home/airflow/.local/lib/python3.7/site-packages/airflow/example_dags/example_sla_dag.py
[2026-09-30T19:19:49.849+0000] {logging_mixin.py:137} INFO - [2026-09-30T19:19:49.848+0000] {dag.py:2676} INFO - Sync 1 DAGs
[2026-09-30T19:19:49.885+0000] {logging_mixin.py:137} INFO - [2026-09-30T19:19:49.885+0000] {dag.py:3427} INFO - Setting next_dagrun for example_sla_dag to 2026-09-30T19:16:00+00:00, run_after=2026-09-30T19:18:00+00:00
[2026-09-30T19:19:49.907+0000] {processor.py:175} INFO - Processing /home/airflow/.local/lib/python3.7/site-packages/airflow/example_dags/example_sla_dag.py took 0.166 seconds
[2026-09-30T19:20:20.616+0000] {processor.py:153} INFO - Started process (PID=1735) to work on /home/airflow/.local/lib/python3.7/site-packages/airflow/example_dags/example_sla_dag.py
[2026-09-30T19:20:20.617+0000] {processor.py:743} INFO - Processing file /home/airflow/.local/lib/python3.7/site-packages/airflow/example_dags/example_sla_dag.py for tasks to queue
[2026-09-30T19:20:20.618+0000] {logging_mixin.py:137} INFO - [2026-09-30T19:20:20.617+0000] {dagbag.py:538} INFO - Filling up the DagBag from /home/airflow/.local/lib/python3.7/site-packages/airflow/example_dags/example_sla_dag.py
[2026-09-30T19:20:20.641+0000] {processor.py:753} INFO - DAG(s) dict_keys(['example_sla_dag']) retrieved from /home/airflow/.local/lib/python3.7/site-packages/airflow/example_dags/example_sla_dag.py
[2026-09-30T19:20:20.678+0000] {logging_mixin.py:137} INFO - [2026-09-30T19:20:20.678+0000] {dag.py:2676} INFO - Sync 1 DAGs
[2026-09-30T19:20:20.708+0000] {logging_mixin.py:137} INFO - [2026-09-30T19:20:20.707+0000] {dag.py:3427} INFO - Setting next_dagrun for example_sla_dag to 2026-09-30T19:18:00+00:00, run_after=2026-09-30T19:20:00+00:00
[2026-09-30T19:20:20.724+0000] {processor.py:175} INFO - Processing /home/airflow/.local/lib/python3.7/site-packages/airflow/example_dags/example_sla_dag.py took 0.111 seconds
[2026-09-30T19:20:51.158+0000] {processor.py:153} INFO - Started process (PID=1814) to work on /home/airflow/.local/lib/python3.7/site-packages/airflow/example_dags/example_sla_dag.py
[2026-09-30T19:20:51.159+0000] {processor.py:743} INFO - Processing file /home/airflow/.local/lib/python3.7/site-packages/airflow/example_dags/example_sla_dag.py for tasks to queue
[2026-09-30T19:20:51.160+0000] {logging_mixin.py:137} INFO - [2026-09-30T19:20:51.160+0000] {dagbag.py:538} INFO - Filling up the DagBag from /home/airflow/.local/lib/python3.7/site-packages/airflow/example_dags/example_sla_dag.py
[2026-09-30T19:20:51.192+0000] {processor.py:753} INFO - DAG(s) dict_keys(['example_sla_dag']) retrieved from /home/airflow/.local/lib/python3.7/site-packages/airflow/example_dags/example_sla_dag.py
[2026-09-30T19:20:51.237+0000] {logging_mixin.py:137} INFO - [2026-09-30T19:20:51.237+0000] {dag.py:2676} INFO - Sync 1 DAGs
[2026-09-30T19:20:51.284+0000] {logging_mixin.py:137} INFO - [2026-09-30T19:20:51.284+0000] {dag.py:3427} INFO - Setting next_dagrun for example_sla_dag to 2026-09-30T19:18:00+00:00, run_after=2026-09-30T19:20:00+00:00
[2026-09-30T19:20:51.307+0000] {processor.py:175} INFO - Processing /home/airflow/.local/lib/python3.7/site-packages/airflow/example_dags/example_sla_dag.py took 0.152 seconds
[2026-09-30T19:21:21.641+0000] {processor.py:153} INFO - Started process (PID=1893) to work on /home/airflow/.local/lib/python3.7/site-packages/airflow/example_dags/example_sla_dag.py
[2026-09-30T19:21:21.642+0000] {processor.py:743} INFO - Processing file /home/airflow/.local/lib/python3.7/site-packages/airflow/example_dags/example_sla_dag.py for tasks to queue
[2026-09-30T19:21:21.642+0000] {logging_mixin.py:137} INFO - [2026-09-30T19:21:21.642+0000] {dagbag.py:538} INFO - Filling up the DagBag from /home/airflow/.local/lib/python3.7/site-packages/airflow/example_dags/example_sla_dag.py
[2026-09-30T19:21:21.673+0000] {processor.py:753} INFO - DAG(s) dict_keys(['example_sla_dag']) retrieved from /home/airflow/.local/lib/python3.7/site-packages/airflow/example_dags/example_sla_dag.py
[2026-09-30T19:21:21.731+0000] {logging_mixin.py:137} INFO - [2026-09-30T19:21:21.730+0000] {dag.py:2676} INFO - Sync 1 DAGs
[2026-09-30T19:21:21.771+0000] {logging_mixin.py:137} INFO - [2026-09-30T19:21:21.771+0000] {dag.py:3427} INFO - Setting next_dagrun for example_sla_dag to 2026-09-30T19:18:00+00:00, run_after=2026-09-30T19:20:00+00:00
[2026-09-30T19:21:21.792+0000] {processor.py:175} INFO - Processing /home/airflow/.local/lib/python3.7/site-packages/airflow/example_dags/example_sla_dag.py took 0.156 seconds
[2026-09-30T19:21:52.022+0000] {processor.py:153} INFO - Started process (PID=1981) to work on /home/airflow/.local/lib/python3.7/site-packages/airflow/example_dags/example_sla_dag.py
[2026-09-30T19:21:52.023+0000] {processor.py:743} INFO - Processing file /home/airflow/.local/lib/python3.7/site-packages/airflow/example_dags/example_sla_dag.py for tasks to queue
[2026-09-30T19:21:52.023+0000] {logging_mixin.py:137} INFO - [2026-09-30T19:21:52.023+0000] {dagbag.py:538} INFO - Filling up the DagBag from /home/airflow/.local/lib/python3.7/site-packages/airflow/example_dags/example_sla_dag.py
[2026-09-30T19:21:52.067+0000] {processor.py:753} INFO - DAG(s) dict_keys(['example_sla_dag']) retrieved from /home/airflow/.local/lib/python3.7/site-packages/airflow/example_dags/example_sla_dag.py
[2026-09-30T19:21:52.118+0000] {logging_mixin.py:137} INFO - [2026-09-30T19:21:52.118+0000] {dag.py:2676} INFO - Sync 1 DAGs
[2026-09-30T19:21:52.164+0000] {logging_mixin.py:137} INFO - [2026-09-30T19:21:52.164+0000] {dag.py:3427} INFO - Setting next_dagrun for example_sla_dag to 2026-09-30T19:18:00+00:00, run_after=2026-09-30T19:20:00+00:00
[2026-09-30T19:21:52.187+0000] {processor.py:175} INFO - Processing /home/airflow/.local/lib/python3.7/site-packages/airflow/example_dags/example_sla_dag.py took 0.169 seconds
[2026-09-30T19:22:22.967+0000] {processor.py:153} INFO - Started process (PID=2071) to work on /home/airflow/.local/lib/python3.7/site-packages/airflow/example_dags/example_sla_dag.py
[2026-09-30T19:22:22.968+0000] {processor.py:743} INFO - Processing file /home/airflow/.local/lib/python3.7/site-packages/airflow/example_dags/example_sla_dag.py for tasks to queue
[2026-09-30T19:22:22.968+0000] {logging_mixin.py:137} INFO - [2026-09-30T19:22:22.968+0000] {dagbag.py:538} INFO - Filling up the DagBag from /home/airflow/.local/lib/python3.7/site-packages/airflow/example_dags/example_sla_dag.py
[2026-09-30T19:22:23.000+0000] {processor.py:753} INFO - DAG(s) dict_keys(['example_sla_dag']) retrieved from /home/airflow/.local/lib/python3.7/site-packages/airflow/example_dags/example_sla_dag.py
[2026-09-30T19:22:23.048+0000] {logging_mixin.py:137} INFO - [2026-09-30T19:22:23.048+0000] {dag.py:2676} INFO - Sync 1 DAGs
[2026-09-30T19:22:23.093+0000] {logging_mixin.py:137} INFO - [2026-09-30T19:22:23.093+0000] {dag.py:3427} INFO - Setting next_dagrun for example_sla_dag to 2026-09-30T19:20:00+00:00, run_after=2026-09-30T19:22:00+00:00
[2026-09-30T19:22:23.122+0000] {processor.py:175} INFO - Processing /home/airflow/.local/lib/python3.7/site-packages/airflow/example_dags/example_sla_dag.py took 0.159 seconds
[2026-09-30T19:22:53.269+0000] {processor.py:153} INFO - Started process (PID=2154) to work on /home/airflow/.local/lib/python3.7/site-packages/airflow/example_dags/example_sla_dag.py
[2026-09-30T19:22:53.270+0000] {processor.py:743} INFO - Processing file /home/airflow/.local/lib/python3.7/site-packages/airflow/example_dags/example_sla_dag.py for tasks to queue
[2026-09-30T19:22:53.271+0000] {logging_mixin.py:137} INFO - [2026-09-30T19:22:53.271+0000] {dagbag.py:538} INFO - Filling up the DagBag from /home/airflow/.local/lib/python3.7/site-packages/airflow/example_dags/example_sla_dag.py
[2026-09-30T19:22:53.295+0000] {processor.py:753} INFO - DAG(s) dict_keys(['example_sla_dag']) retrieved from /home/airflow/.local/lib/python3.7/site-packages/airflow/example_dags/example_sla_dag.py
[2026-09-30T19:22:53.331+0000] {logging_mixin.py:137} INFO - [2026-09-30T19:22:53.330+0000] {dag.py:2676} INFO - Sync 1 DAGs
[2026-09-30T19:22:53.359+0000] {logging_mixin.py:137} INFO - [2026-09-30T19:22:53.359+0000] {dag.py:3427} INFO - Setting next_dagrun for example_sla_dag to 2026-09-30T19:20:00+00:00, run_after=2026-09-30T19:22:00+00:00
[2026-09-30T19:22:53.375+0000] {processor.py:175} INFO - Processing /home/airflow/.local/lib/python3.7/site-packages/airflow/example_dags/example_sla_dag.py took 0.109 seconds
[2026-09-30T19:23:24.053+0000] {processor.py:153} INFO - Started process (PID=2233) to work on /home/airflow/.local/lib/python3.7/site-packages/airflow/example_dags/example_sla_dag.py
[2026-09-30T19:23:24.055+0000] {processor.py:743} INFO - Processing file /home/airflow/.local/lib/python3.7/site-packages/airflow/example_dags/example_sla_dag.py for tasks to queue
[2026-09-30T19:23:24.055+0000] {logging_mixin.py:137} INFO - [2026-09-30T19:23:24.055+0000] {dagbag.py:538} INFO - Filling up the DagBag from /home/airflow/.local/lib/python3.7/site-packages/airflow/example_dags/example_sla_dag.py
[2026-09-30T19:23:24.084+0000] {processor.py:753} INFO - DAG(s) dict_keys(['example_sla_dag']) retrieved from /home/airflow/.local/lib/python3.7/site-packages/airflow/example_dags/example_sla_dag.py
[2026-09-30T19:23:24.132+0000] {logging_mixin.py:137} INFO - [2026-09-30T19:23:24.132+0000] {dag.py:2676} INFO - Sync 1 DAGs
[2026-09-30T19:23:24.175+0000] {logging_mixin.py:137} INFO - [2026-09-30T19:23:24.175+0000] {dag.py:3427} INFO - Setting next_dagrun for example_sla_dag to 2026-09-30T19:20:00+00:00, run_after=2026-09-30T19:22:00+00:00
[2026-09-30T19:23:24.195+0000] {processor.py:175} INFO - Processing /home/airflow/.local/lib/python3.7/site-packages/airflow/example_dags/example_sla_dag.py took 0.146 seconds
[2026-09-30T19:23:54.345+0000] {processor.py:153} INFO - Started process (PID=2325) to work on /home/airflow/.local/lib/python3.7/site-packages/airflow/example_dags/example_sla_dag.py
[2026-09-30T19:23:54.346+0000] {processor.py:743} INFO - Processing file /home/airflow/.local/lib/python3.7/site-packages/airflow/example_dags/example_sla_dag.py for tasks to queue
[2026-09-30T19:23:54.347+0000] {logging_mixin.py:137} INFO - [2026-09-30T19:23:54.346+0000] {dagbag.py:538} INFO - Filling up the DagBag from /home/airflow/.local/lib/python3.7/site-packages/airflow/example_dags/example_sla_dag.py
[2026-09-30T19:23:54.379+0000] {processor.py:753} INFO - DAG(s) dict_keys(['example_sla_dag']) retrieved from /home/airflow/.local/lib/python3.7/site-packages/airflow/example_dags/example_sla_dag.py
[2026-09-30T19:23:54.428+0000] {logging_mixin.py:137} INFO - [2026-09-30T19:23:54.428+0000] {dag.py:2676} INFO - Sync 1 DAGs
[2026-09-30T19:23:54.463+0000] {logging_mixin.py:137} INFO - [2026-09-30T19:23:54.463+0000] {dag.py:3427} INFO - Setting next_dagrun for example_sla_dag to 2026-09-30T19:20:00+00:00, run_after=2026-09-30T19:22:00+00:00
[2026-09-30T19:23:54.483+0000] {processor.py:175} INFO - Processing /home/airflow/.local/lib/python3.7/site-packages/airflow/example_dags/example_sla_dag.py took 0.142 seconds
[2026-09-30T19:24:24.798+0000] {processor.py:153} INFO - Started process (PID=2419) to work on /home/airflow/.local/lib/python3.7/site-packages/airflow/example_dags/example_sla_dag.py
[2026-09-30T19:24:24.799+0000] {processor.py:743} INFO - Processing file /home/airflow/.local/lib/python3.7/site-packages/airflow/example_dags/example_sla_dag.py for tasks to queue
[2026-09-30T19:24:24.800+0000] {logging_mixin.py:137} INFO - [2026-09-30T19:24:24.800+0000] {dagbag.py:538} INFO - Filling up the DagBag from /home/airflow/.local/lib/python3.7/site-packages/airflow/example_dags/example_sla_dag.py
[2026-09-30T19:24:24.835+0000] {processor.py:753} INFO - DAG(s) dict_keys(['example_sla_dag']) retrieved from /home/airflow/.local/lib/python3.7/site-packages/airflow/example_dags/example_sla_dag.py
[2026-09-30T19:24:24.883+0000] {logging_mixin.py:137} INFO - [2026-09-30T19:24:24.883+0000] {dag.py:2676} INFO - Sync 1 DAGs
[2026-09-30T19:24:24.926+0000] {logging_mixin.py:137} INFO - [2026-09-30T19:24:24.925+0000] {dag.py:3427} INFO - Setting next_dagrun for example_sla_dag to 2026-09-30T19:22:00+00:00, run_after=2026-09-30T19:24:00+00:00
[2026-09-30T19:24:24.948+0000] {processor.py:175} INFO - Processing /home/airflow/.local/lib/python3.7/site-packages/airflow/example_dags/example_sla_dag.py took 0.155 seconds
[2026-09-30T19:24:54.997+0000] {processor.py:153} INFO - Started process (PID=2498) to work on /home/airflow/.local/lib/python3.7/site-packages/airflow/example_dags/example_sla_dag.py
[2026-09-30T19:24:54.998+0000] {processor.py:743} INFO - Processing file /home/airflow/.local/lib/python3.7/site-packages/airflow/example_dags/example_sla_dag.py for tasks to queue
[2026-09-30T19:24:54.999+0000] {logging_mixin.py:137} INFO - [2026-09-30T19:24:54.999+0000] {dagbag.py:538} INFO - Filling up the DagBag from /home/airflow/.local/lib/python3.7/site-packages/airflow/example_dags/example_sla_dag.py
[2026-09-30T19:24:55.029+0000] {processor.py:753} INFO - DAG(s) dict_keys(['example_sla_dag']) retrieved from /home/airflow/.local/lib/python3.7/site-packages/airflow/example_dags/example_sla_dag.py
[2026-09-30T19:24:55.074+0000] {logging_mixin.py:137} INFO - [2026-09-30T19:24:55.074+0000] {dag.py:2676} INFO - Sync 1 DAGs
[2026-09-30T19:24:55.125+0000] {logging_mixin.py:137} INFO - [2026-09-30T19:24:55.124+0000] {dag.py:3427} INFO - Setting next_dagrun for example_sla_dag to 2026-09-30T19:22:00+00:00, run_after=2026-09-30T19:24:00+00:00
[2026-09-30T19:24:55.148+0000] {processor.py:175} INFO - Processing /home/airflow/.local/lib/python3.7/site-packages/airflow/example_dags/example_sla_dag.py took 0.156 seconds
[2026-09-30T19:25:25.400+0000] {processor.py:153} INFO - Started process (PID=2580) to work on /home/airflow/.local/lib/python3.7/site-packages/airflow/example_dags/example_sla_dag.py
[2026-09-30T19:25:25.401+0000] {processor.py:743} INFO - Processing file /home/airflow/.local/lib/python3.7/site-packages/airflow/example_dags/example_sla_dag.py for tasks to queue
[2026-09-30T19:25:25.401+0000] {logging_mixin.py:137} INFO - [2026-09-30T19:25:25.401+0000] {dagbag.py:538} INFO - Filling up the DagBag from /home/airflow/.local/lib/python3.7/site-packages/airflow/example_dags/example_sla_dag.py
[2026-09-30T19:25:25.433+0000] {processor.py:753} INFO - DAG(s) dict_keys(['example_sla_dag']) retrieved from /home/airflow/.local/lib/python3.7/site-packages/airflow/example_dags/example_sla_dag.py
[2026-09-30T19:25:25.480+0000] {logging_mixin.py:137} INFO - [2026-09-30T19:25:25.480+0000] {dag.py:2676} INFO - Sync 1 DAGs
[2026-09-30T19:25:25.520+0000] {logging_mixin.py:137} INFO - [2026-09-30T19:25:25.520+0000] {dag.py:3427} INFO - Setting next_dagrun for example_sla_dag to 2026-09-30T19:22:00+00:00, run_after=2026-09-30T19:24:00+00:00
[2026-09-30T19:25:25.543+0000] {processor.py:175} INFO - Processing /home/airflow/.local/lib/python3.7/site-packages/airflow/example_dags/example_sla_dag.py took 0.147 seconds
[2026-09-30T19:25:57.048+0000] {processor.py:153} INFO - Started process (PID=2679) to work on /home/airflow/.local/lib/python3.7/site-packages/airflow/example_dags/example_sla_dag.py
[2026-09-30T19:25:57.050+0000] {processor.py:743} INFO - Processing file /home/airflow/.local/lib/python3.7/site-packages/airflow/example_dags/example_sla_dag.py for tasks to queue
[2026-09-30T19:25:57.051+0000] {logging_mixin.py:137} INFO - [2026-09-30T19:25:57.050+0000] {dagbag.py:538} INFO - Filling up the DagBag from /home/airflow/.local/lib/python3.7/site-packages/airflow/example_dags/example_sla_dag.py
[2026-09-30T19:25:57.096+0000] {processor.py:753} INFO - DAG(s) dict_keys(['example_sla_dag']) retrieved from /home/airflow/.local/lib/python3.7/site-packages/airflow/example_dags/example_sla_dag.py
[2026-09-30T19:25:57.176+0000] {logging_mixin.py:137} INFO - [2026-09-30T19:25:57.175+0000] {dag.py:2676} INFO - Sync 1 DAGs
[2026-09-30T19:25:57.229+0000] {logging_mixin.py:137} INFO - [2026-09-30T19:25:57.229+0000] {dag.py:3427} INFO - Setting next_dagrun for example_sla_dag to 2026-09-30T19:22:00+00:00, run_after=2026-09-30T19:24:00+00:00
[2026-09-30T19:25:57.249+0000] {processor.py:175} INFO - Processing /home/airflow/.local/lib/python3.7/site-packages/airflow/example_dags/example_sla_dag.py took 0.205 seconds
[2026-09-30T19:26:28.181+0000] {processor.py:153} INFO - Started process (PID=2759) to work on /home/airflow/.local/lib/python3.7/site-packages/airflow/example_dags/example_sla_dag.py
[2026-09-30T19:26:28.182+0000] {processor.py:743} INFO - Processing file /home/airflow/.local/lib/python3.7/site-packages/airflow/example_dags/example_sla_dag.py for tasks to queue
[2026-09-30T19:26:28.183+0000] {logging_mixin.py:137} INFO - [2026-09-30T19:26:28.182+0000] {dagbag.py:538} INFO - Filling up the DagBag from /home/airflow/.local/lib/python3.7/site-packages/airflow/example_dags/example_sla_dag.py
[2026-09-30T19:26:28.215+0000] {processor.py:753} INFO - DAG(s) dict_keys(['example_sla_dag']) retrieved from /home/airflow/.local/lib/python3.7/site-packages/airflow/example_dags/example_sla_dag.py
[2026-09-30T19:26:28.261+0000] {logging_mixin.py:137} INFO - [2026-09-30T19:26:28.261+0000] {dag.py:2676} INFO - Sync 1 DAGs
[2026-09-30T19:26:28.306+0000] {logging_mixin.py:137} INFO - [2026-09-30T19:26:28.306+0000] {dag.py:3427} INFO - Setting next_dagrun for example_sla_dag to 2026-09-30T19:24:00+00:00, run_after=2026-09-30T19:26:00+00:00
[2026-09-30T19:26:28.328+0000] {processor.py:175} INFO - Processing /home/airflow/.local/lib/python3.7/site-packages/airflow/example_dags/example_sla_dag.py took 0.152 seconds
[2026-09-30T19:26:59.258+0000] {processor.py:153} INFO - Started process (PID=2838) to work on /home/airflow/.local/lib/python3.7/site-packages/airflow/example_dags/example_sla_dag.py
[2026-09-30T19:26:59.259+0000] {processor.py:743} INFO - Processing file /home/airflow/.local/lib/python3.7/site-packages/airflow/example_dags/example_sla_dag.py for tasks to queue
[2026-09-30T19:26:59.260+0000] {logging_mixin.py:137} INFO - [2026-09-30T19:26:59.260+0000] {dagbag.py:538} INFO - Filling up the DagBag from /home/airflow/.local/lib/python3.7/site-packages/airflow/example_dags/example_sla_dag.py
[2026-09-30T19:26:59.306+0000] {processor.py:753} INFO - DAG(s) dict_keys(['example_sla_dag']) retrieved from /home/airflow/.local/lib/python3.7/site-packages/airflow/example_dags/example_sla_dag.py
[2026-09-30T19:26:59.378+0000] {logging_mixin.py:137} INFO - [2026-09-30T19:26:59.378+0000] {dag.py:2676} INFO - Sync 1 DAGs
[2026-09-30T19:26:59.422+0000] {logging_mixin.py:137} INFO - [2026-09-30T19:26:59.422+0000] {dag.py:3427} INFO - Setting next_dagrun for example_sla_dag to 2026-09-30T19:24:00+00:00, run_after=2026-09-30T19:26:00+00:00
[2026-09-30T19:26:59.447+0000] {processor.py:175} INFO - Processing /home/airflow/.local/lib/python3.7/site-packages/airflow/example_dags/example_sla_dag.py took 0.192 seconds
[2026-09-30T19:27:29.755+0000] {processor.py:153} INFO - Started process (PID=2917) to work on /home/airflow/.local/lib/python3.7/site-packages/airflow/example_dags/example_sla_dag.py
[2026-09-30T19:27:29.756+0000] {processor.py:743} INFO - Processing file /home/airflow/.local/lib/python3.7/site-packages/airflow/example_dags/example_sla_dag.py for tasks to queue
[2026-09-30T19:27:29.757+0000] {logging_mixin.py:137} INFO - [2026-09-30T19:27:29.757+0000] {dagbag.py:538} INFO - Filling up the DagBag from /home/airflow/.local/lib/python3.7/site-packages/airflow/example_dags/example_sla_dag.py
[2026-09-30T19:27:29.798+0000] {processor.py:753} INFO - DAG(s) dict_keys(['example_sla_dag']) retrieved from /home/airflow/.local/lib/python3.7/site-packages/airflow/example_dags/example_sla_dag.py
[2026-09-30T19:27:29.845+0000] {logging_mixin.py:137} INFO - [2026-09-30T19:27:29.845+0000] {dag.py:2676} INFO - Sync 1 DAGs
[2026-09-30T19:27:29.878+0000] {logging_mixin.py:137} INFO - [2026-09-30T19:27:29.878+0000] {dag.py:3427} INFO - Setting next_dagrun for example_sla_dag to 2026-09-30T19:24:00+00:00, run_after=2026-09-30T19:26:00+00:00
[2026-09-30T19:27:29.897+0000] {processor.py:175} INFO - Processing /home/airflow/.local/lib/python3.7/site-packages/airflow/example_dags/example_sla_dag.py took 0.146 seconds
[2026-09-30T19:28:00.012+0000] {processor.py:153} INFO - Started process (PID=3016) to work on /home/airflow/.local/lib/python3.7/site-packages/airflow/example_dags/example_sla_dag.py
[2026-09-30T19:28:00.014+0000] {processor.py:743} INFO - Processing file /home/airflow/.local/lib/python3.7/site-packages/airflow/example_dags/example_sla_dag.py for tasks to queue
[2026-09-30T19:28:00.015+0000] {logging_mixin.py:137} INFO - [2026-09-30T19:28:00.015+0000] {dagbag.py:538} INFO - Filling up the DagBag from /home/airflow/.local/lib/python3.7/site-packages/airflow/example_dags/example_sla_dag.py
[2026-09-30T19:28:00.059+0000] {processor.py:753} INFO - DAG(s) dict_keys(['example_sla_dag']) retrieved from /home/airflow/.local/lib/python3.7/site-packages/airflow/example_dags/example_sla_dag.py
[2026-09-30T19:28:00.128+0000] {logging_mixin.py:137} INFO - [2026-09-30T19:28:00.128+0000] {dag.py:2676} INFO - Sync 1 DAGs
[2026-09-30T19:28:00.182+0000] {logging_mixin.py:137} INFO - [2026-09-30T19:28:00.181+0000] {dag.py:3427} INFO - Setting next_dagrun for example_sla_dag to 2026-09-30T19:26:00+00:00, run_after=2026-09-30T19:28:00+00:00
[2026-09-30T19:28:00.209+0000] {processor.py:175} INFO - Processing /home/airflow/.local/lib/python3.7/site-packages/airflow/example_dags/example_sla_dag.py took 0.203 seconds
[2026-09-30T19:28:30.815+0000] {processor.py:153} INFO - Started process (PID=3095) to work on /home/airflow/.local/lib/python3.7/site-packages/airflow/example_dags/example_sla_dag.py
[2026-09-30T19:28:30.816+0000] {processor.py:743} INFO - Processing file /home/airflow/.local/lib/python3.7/site-packages/airflow/example_dags/example_sla_dag.py for tasks to queue
[2026-09-30T19:28:30.817+0000] {logging_mixin.py:137} INFO - [2026-09-30T19:28:30.816+0000] {dagbag.py:538} INFO - Filling up the DagBag from /home/airflow/.local/lib/python3.7/site-packages/airflow/example_dags/example_sla_dag.py
[2026-09-30T19:28:30.845+0000] {processor.py:753} INFO - DAG(s) dict_keys(['example_sla_dag']) retrieved from /home/airflow/.local/lib/python3.7/site-packages/airflow/example_dags/example_sla_dag.py
[2026-09-30T19:28:30.891+0000] {logging_mixin.py:137} INFO - [2026-09-30T19:28:30.891+0000] {dag.py:2676} INFO - Sync 1 DAGs
[2026-09-30T19:28:30.927+0000] {logging_mixin.py:137} INFO - [2026-09-30T19:28:30.927+0000] {dag.py:3427} INFO - Setting next_dagrun for example_sla_dag to 2026-09-30T19:26:00+00:00, run_after=2026-09-30T19:28:00+00:00
[2026-09-30T19:28:30.948+0000] {processor.py:175} INFO - Processing /home/airflow/.local/lib/python3.7/site-packages/airflow/example_dags/example_sla_dag.py took 0.137 seconds
[2026-09-30T19:29:01.580+0000] {processor.py:153} INFO - Started process (PID=3174) to work on /home/airflow/.local/lib/python3.7/site-packages/airflow/example_dags/example_sla_dag.py
[2026-09-30T19:29:01.581+0000] {processor.py:743} INFO - Processing file /home/airflow/.local/lib/python3.7/site-packages/airflow/example_dags/example_sla_dag.py for tasks to queue
[2026-09-30T19:29:01.582+0000] {logging_mixin.py:137} INFO - [2026-09-30T19:29:01.581+0000] {dagbag.py:538} INFO - Filling up the DagBag from /home/airflow/.local/lib/python3.7/site-packages/airflow/example_dags/example_sla_dag.py
[2026-09-30T19:29:01.612+0000] {processor.py:753} INFO - DAG(s) dict_keys(['example_sla_dag']) retrieved from /home/airflow/.local/lib/python3.7/site-packages/airflow/example_dags/example_sla_dag.py
[2026-09-30T19:29:01.655+0000] {logging_mixin.py:137} INFO - [2026-09-30T19:29:01.655+0000] {dag.py:2676} INFO - Sync 1 DAGs
[2026-09-30T19:29:01.689+0000] {logging_mixin.py:137} INFO - [2026-09-30T19:29:01.689+0000] {dag.py:3427} INFO - Setting next_dagrun for example_sla_dag to 2026-09-30T19:26:00+00:00, run_after=2026-09-30T19:28:00+00:00
[2026-09-30T19:29:01.710+0000] {processor.py:175} INFO - Processing /home/airflow/.local/lib/python3.7/site-packages/airflow/example_dags/example_sla_dag.py took 0.133 seconds
[2026-09-30T19:29:32.561+0000] {processor.py:153} INFO - Started process (PID=3253) to work on /home/airflow/.local/lib/python3.7/site-packages/airflow/example_dags/example_sla_dag.py
[2026-09-30T19:29:32.562+0000] {processor.py:743} INFO - Processing file /home/airflow/.local/lib/python3.7/site-packages/airflow/example_dags/example_sla_dag.py for tasks to queue
[2026-09-30T19:29:32.563+0000] {logging_mixin.py:137} INFO - [2026-09-30T19:29:32.563+0000] {dagbag.py:538} INFO - Filling up the DagBag from /home/airflow/.local/lib/python3.7/site-packages/airflow/example_dags/example_sla_dag.py
[2026-09-30T19:29:32.592+0000] {processor.py:753} INFO - DAG(s) dict_keys(['example_sla_dag']) retrieved from /home/airflow/.local/lib/python3.7/site-packages/airflow/example_dags/example_sla_dag.py
[2026-09-30T19:29:32.658+0000] {logging_mixin.py:137} INFO - [2026-09-30T19:29:32.658+0000] {dag.py:2676} INFO - Sync 1 DAGs
[2026-09-30T19:29:32.706+0000] {logging_mixin.py:137} INFO - [2026-09-30T19:29:32.706+0000] {dag.py:3427} INFO - Setting next_dagrun for example_sla_dag to 2026-09-30T19:26:00+00:00, run_after=2026-09-30T19:28:00+00:00
[2026-09-30T19:29:32.735+0000] {processor.py:175} INFO - Processing /home/airflow/.local/lib/python3.7/site-packages/airflow/example_dags/example_sla_dag.py took 0.178 seconds
[2026-09-30T19:30:03.218+0000] {processor.py:153} INFO - Started process (PID=3341) to work on /home/airflow/.local/lib/python3.7/site-packages/airflow/example_dags/example_sla_dag.py
[2026-09-30T19:30:03.220+0000] {processor.py:743} INFO - Processing file /home/airflow/.local/lib/python3.7/site-packages/airflow/example_dags/example_sla_dag.py for tasks to queue
[2026-09-30T19:30:03.229+0000] {logging_mixin.py:137} INFO - [2026-09-30T19:30:03.229+0000] {dagbag.py:538} INFO - Filling up the DagBag from /home/airflow/.local/lib/python3.7/site-packages/airflow/example_dags/example_sla_dag.py
[2026-09-30T19:30:03.295+0000] {processor.py:753} INFO - DAG(s) dict_keys(['example_sla_dag']) retrieved from /home/airflow/.local/lib/python3.7/site-packages/airflow/example_dags/example_sla_dag.py
[2026-09-30T19:30:03.361+0000] {logging_mixin.py:137} INFO - [2026-09-30T19:30:03.360+0000] {dag.py:2676} INFO - Sync 1 DAGs
[2026-09-30T19:30:03.413+0000] {logging_mixin.py:137} INFO - [2026-09-30T19:30:03.413+0000] {dag.py:3427} INFO - Setting next_dagrun for example_sla_dag to 2026-09-30T19:28:00+00:00, run_after=2026-09-30T19:30:00+00:00
[2026-09-30T19:30:03.444+0000] {processor.py:175} INFO - Processing /home/airflow/.local/lib/python3.7/site-packages/airflow/example_dags/example_sla_dag.py took 0.244 seconds
[2026-09-30T19:30:33.611+0000] {processor.py:153} INFO - Started process (PID=3431) to work on /home/airflow/.local/lib/python3.7/site-packages/airflow/example_dags/example_sla_dag.py
[2026-09-30T19:30:33.612+0000] {processor.py:743} INFO - Processing file /home/airflow/.local/lib/python3.7/site-packages/airflow/example_dags/example_sla_dag.py for tasks to queue
[2026-09-30T19:30:33.613+0000] {logging_mixin.py:137} INFO - [2026-09-30T19:30:33.613+0000] {dagbag.py:538} INFO - Filling up the DagBag from /home/airflow/.local/lib/python3.7/site-packages/airflow/example_dags/example_sla_dag.py
[2026-09-30T19:30:33.645+0000] {processor.py:753} INFO - DAG(s) dict_keys(['example_sla_dag']) retrieved from /home/airflow/.local/lib/python3.7/site-packages/airflow/example_dags/example_sla_dag.py
[2026-09-30T19:30:33.695+0000] {logging_mixin.py:137} INFO - [2026-09-30T19:30:33.695+0000] {dag.py:2676} INFO - Sync 1 DAGs
[2026-09-30T19:30:33.733+0000] {logging_mixin.py:137} INFO - [2026-09-30T19:30:33.733+0000] {dag.py:3427} INFO - Setting next_dagrun for example_sla_dag to 2026-09-30T19:28:00+00:00, run_after=2026-09-30T19:30:00+00:00
[2026-09-30T19:30:33.754+0000] {processor.py:175} INFO - Processing /home/airflow/.local/lib/python3.7/site-packages/airflow/example_dags/example_sla_dag.py took 0.147 seconds
[2026-09-30T19:31:04.411+0000] {processor.py:153} INFO - Started process (PID=3510) to work on /home/airflow/.local/lib/python3.7/site-packages/airflow/example_dags/example_sla_dag.py
[2026-09-30T19:31:04.412+0000] {processor.py:743} INFO - Processing file /home/airflow/.local/lib/python3.7/site-packages/airflow/example_dags/example_sla_dag.py for tasks to queue
[2026-09-30T19:31:04.413+0000] {logging_mixin.py:137} INFO - [2026-09-30T19:31:04.413+0000] {dagbag.py:538} INFO - Filling up the DagBag from /home/airflow/.local/lib/python3.7/site-packages/airflow/example_dags/example_sla_dag.py
[2026-09-30T19:31:04.447+0000] {processor.py:753} INFO - DAG(s) dict_keys(['example_sla_dag']) retrieved from /home/airflow/.local/lib/python3.7/site-packages/airflow/example_dags/example_sla_dag.py
[2026-09-30T19:31:04.496+0000] {logging_mixin.py:137} INFO - [2026-09-30T19:31:04.496+0000] {dag.py:2676} INFO - Sync 1 DAGs
[2026-09-30T19:31:04.539+0000] {logging_mixin.py:137} INFO - [2026-09-30T19:31:04.538+0000] {dag.py:3427} INFO - Setting next_dagrun for example_sla_dag to 2026-09-30T19:28:00+00:00, run_after=2026-09-30T19:30:00+00:00
[2026-09-30T19:31:04.561+0000] {processor.py:175} INFO - Processing /home/airflow/.local/lib/python3.7/site-packages/airflow/example_dags/example_sla_dag.py took 0.154 seconds
[2026-09-30T19:31:35.418+0000] {processor.py:153} INFO - Started process (PID=3589) to work on /home/airflow/.local/lib/python3.7/site-packages/airflow/example_dags/example_sla_dag.py
[2026-09-30T19:31:35.419+0000] {processor.py:743} INFO - Processing file /home/airflow/.local/lib/python3.7/site-packages/airflow/example_dags/example_sla_dag.py for tasks to queue
[2026-09-30T19:31:35.420+0000] {logging_mixin.py:137} INFO - [2026-09-30T19:31:35.420+0000] {dagbag.py:538} INFO - Filling up the DagBag from /home/airflow/.local/lib/python3.7/site-packages/airflow/example_dags/example_sla_dag.py
[2026-09-30T19:31:35.451+0000] {processor.py:753} INFO - DAG(s) dict_keys(['example_sla_dag']) retrieved from /home/airflow/.local/lib/python3.7/site-packages/airflow/example_dags/example_sla_dag.py
[2026-09-30T19:31:35.499+0000] {logging_mixin.py:137} INFO - [2026-09-30T19:31:35.498+0000] {dag.py:2676} INFO - Sync 1 DAGs
[2026-09-30T19:31:35.534+0000] {logging_mixin.py:137} INFO - [2026-09-30T19:31:35.534+0000] {dag.py:3427} INFO - Setting next_dagrun for example_sla_dag to 2026-09-30T19:28:00+00:00, run_after=2026-09-30T19:30:00+00:00
[2026-09-30T19:31:35.557+0000] {processor.py:175} INFO - Processing /home/airflow/.local/lib/python3.7/site-packages/airflow/example_dags/example_sla_dag.py took 0.142 seconds
[2026-09-30T19:32:05.948+0000] {processor.py:153} INFO - Started process (PID=3688) to work on /home/airflow/.local/lib/python3.7/site-packages/airflow/example_dags/example_sla_dag.py
[2026-09-30T19:32:05.949+0000] {processor.py:743} INFO - Processing file /home/airflow/.local/lib/python3.7/site-packages/airflow/example_dags/example_sla_dag.py for tasks to queue
[2026-09-30T19:32:05.950+0000] {logging_mixin.py:137} INFO - [2026-09-30T19:32:05.950+0000] {dagbag.py:538} INFO - Filling up the DagBag from /home/airflow/.local/lib/python3.7/site-packages/airflow/example_dags/example_sla_dag.py
[2026-09-30T19:32:05.996+0000] {processor.py:753} INFO - DAG(s) dict_keys(['example_sla_dag']) retrieved from /home/airflow/.local/lib/python3.7/site-packages/airflow/example_dags/example_sla_dag.py
[2026-09-30T19:32:06.064+0000] {logging_mixin.py:137} INFO - [2026-09-30T19:32:06.064+0000] {dag.py:2676} INFO - Sync 1 DAGs
[2026-09-30T19:32:06.104+0000] {logging_mixin.py:137} INFO - [2026-09-30T19:32:06.104+0000] {dag.py:3427} INFO - Setting next_dagrun for example_sla_dag to 2026-09-30T19:30:00+00:00, run_after=2026-09-30T19:32:00+00:00
[2026-09-30T19:32:06.125+0000] {processor.py:175} INFO - Processing /home/airflow/.local/lib/python3.7/site-packages/airflow/example_dags/example_sla_dag.py took 0.185 seconds
[2026-09-30T19:32:36.668+0000] {processor.py:153} INFO - Started process (PID=3767) to work on /home/airflow/.local/lib/python3.7/site-packages/airflow/example_dags/example_sla_dag.py
[2026-09-30T19:32:36.670+0000] {processor.py:743} INFO - Processing file /home/airflow/.local/lib/python3.7/site-packages/airflow/example_dags/example_sla_dag.py for tasks to queue
[2026-09-30T19:32:36.671+0000] {logging_mixin.py:137} INFO - [2026-09-30T19:32:36.671+0000] {dagbag.py:538} INFO - Filling up the DagBag from /home/airflow/.local/lib/python3.7/site-packages/airflow/example_dags/example_sla_dag.py
[2026-09-30T19:32:36.714+0000] {processor.py:753} INFO - DAG(s) dict_keys(['example_sla_dag']) retrieved from /home/airflow/.local/lib/python3.7/site-packages/airflow/example_dags/example_sla_dag.py
[2026-09-30T19:32:36.764+0000] {logging_mixin.py:137} INFO - [2026-09-30T19:32:36.764+0000] {dag.py:2676} INFO - Sync 1 DAGs
[2026-09-30T19:32:36.797+0000] {logging_mixin.py:137} INFO - [2026-09-30T19:32:36.797+0000] {dag.py:3427} INFO - Setting next_dagrun for example_sla_dag to 2026-09-30T19:30:00+00:00, run_after=2026-09-30T19:32:00+00:00
[2026-09-30T19:32:36.816+0000] {processor.py:175} INFO - Processing /home/airflow/.local/lib/python3.7/site-packages/airflow/example_dags/example_sla_dag.py took 0.156 seconds
[2026-09-30T19:33:07.212+0000] {processor.py:153} INFO - Started process (PID=3846) to work on /home/airflow/.local/lib/python3.7/site-packages/airflow/example_dags/example_sla_dag.py
[2026-09-30T19:33:07.213+0000] {processor.py:743} INFO - Processing file /home/airflow/.local/lib/python3.7/site-packages/airflow/example_dags/example_sla_dag.py for tasks to queue
[2026-09-30T19:33:07.214+0000] {logging_mixin.py:137} INFO - [2026-09-30T19:33:07.214+0000] {dagbag.py:538} INFO - Filling up the DagBag from /home/airflow/.local/lib/python3.7/site-packages/airflow/example_dags/example_sla_dag.py
[2026-09-30T19:33:07.247+0000] {processor.py:753} INFO - DAG(s) dict_keys(['example_sla_dag']) retrieved from /home/airflow/.local/lib/python3.7/site-packages/airflow/example_dags/example_sla_dag.py
[2026-09-30T19:33:07.315+0000] {logging_mixin.py:137} INFO - [2026-09-30T19:33:07.314+0000] {dag.py:2676} INFO - Sync 1 DAGs
[2026-09-30T19:33:07.365+0000] {logging_mixin.py:137} INFO - [2026-09-30T19:33:07.364+0000] {dag.py:3427} INFO - Setting next_dagrun for example_sla_dag to 2026-09-30T19:30:00+00:00, run_after=2026-09-30T19:32:00+00:00
[2026-09-30T19:33:07.387+0000] {processor.py:175} INFO - Processing /home/airflow/.local/lib/python3.7/site-packages/airflow/example_dags/example_sla_dag.py took 0.182 seconds
[2026-09-30T19:33:38.421+0000] {processor.py:153} INFO - Started process (PID=3934) to work on /home/airflow/.local/lib/python3.7/site-packages/airflow/example_dags/example_sla_dag.py
[2026-09-30T19:33:38.423+0000] {processor.py:743} INFO - Processing file /home/airflow/.local/lib/python3.7/site-packages/airflow/example_dags/example_sla_dag.py for tasks to queue
[2026-09-30T19:33:38.425+0000] {logging_mixin.py:137} INFO - [2026-09-30T19:33:38.424+0000] {dagbag.py:538} INFO - Filling up the DagBag from /home/airflow/.local/lib/python3.7/site-packages/airflow/example_dags/example_sla_dag.py
[2026-09-30T19:33:38.471+0000] {processor.py:753} INFO - DAG(s) dict_keys(['example_sla_dag']) retrieved from /home/airflow/.local/lib/python3.7/site-packages/airflow/example_dags/example_sla_dag.py
[2026-09-30T19:33:38.533+0000] {logging_mixin.py:137} INFO - [2026-09-30T19:33:38.533+0000] {dag.py:2676} INFO - Sync 1 DAGs
[2026-09-30T19:33:38.567+0000] {logging_mixin.py:137} INFO - [2026-09-30T19:33:38.567+0000] {dag.py:3427} INFO - Setting next_dagrun for example_sla_dag to 2026-09-30T19:30:00+00:00, run_after=2026-09-30T19:32:00+00:00
[2026-09-30T19:33:38.593+0000] {processor.py:175} INFO - Processing /home/airflow/.local/lib/python3.7/site-packages/airflow/example_dags/example_sla_dag.py took 0.177 seconds
[2026-09-30T19:34:09.482+0000] {processor.py:153} INFO - Started process (PID=4024) to work on /home/airflow/.local/lib/python3.7/site-packages/airflow/example_dags/example_sla_dag.py
[2026-09-30T19:34:09.483+0000] {processor.py:743} INFO - Processing file /home/airflow/.local/lib/python3.7/site-packages/airflow/example_dags/example_sla_dag.py for tasks to queue
[2026-09-30T19:34:09.484+0000] {logging_mixin.py:137} INFO - [2026-09-30T19:34:09.484+0000] {dagbag.py:538} INFO - Filling up the DagBag from /home/airflow/.local/lib/python3.7/site-packages/airflow/example_dags/example_sla_dag.py
[2026-09-30T19:34:09.531+0000] {processor.py:753} INFO - DAG(s) dict_keys(['example_sla_dag']) retrieved from /home/airflow/.local/lib/python3.7/site-packages/airflow/example_dags/example_sla_dag.py
[2026-09-30T19:34:09.591+0000] {logging_mixin.py:137} INFO - [2026-09-30T19:34:09.591+0000] {dag.py:2676} INFO - Sync 1 DAGs
[2026-09-30T19:34:09.629+0000] {logging_mixin.py:137} INFO - [2026-09-30T19:34:09.628+0000] {dag.py:3427} INFO - Setting next_dagrun for example_sla_dag to 2026-09-30T19:32:00+00:00, run_after=2026-09-30T19:34:00+00:00
[2026-09-30T19:34:09.648+0000] {processor.py:175} INFO - Processing /home/airflow/.local/lib/python3.7/site-packages/airflow/example_dags/example_sla_dag.py took 0.172 seconds
[2026-09-30T19:34:40.278+0000] {processor.py:153} INFO - Started process (PID=4103) to work on /home/airflow/.local/lib/python3.7/site-packages/airflow/example_dags/example_sla_dag.py
[2026-09-30T19:34:40.280+0000] {processor.py:743} INFO - Processing file /home/airflow/.local/lib/python3.7/site-packages/airflow/example_dags/example_sla_dag.py for tasks to queue
[2026-09-30T19:34:40.281+0000] {logging_mixin.py:137} INFO - [2026-09-30T19:34:40.281+0000] {dagbag.py:538} INFO - Filling up the DagBag from /home/airflow/.local/lib/python3.7/site-packages/airflow/example_dags/example_sla_dag.py
[2026-09-30T19:34:40.327+0000] {processor.py:753} INFO - DAG(s) dict_keys(['example_sla_dag']) retrieved from /home/airflow/.local/lib/python3.7/site-packages/airflow/example_dags/example_sla_dag.py
[2026-09-30T19:34:40.393+0000] {logging_mixin.py:137} INFO - [2026-09-30T19:34:40.393+0000] {dag.py:2676} INFO - Sync 1 DAGs
[2026-09-30T19:34:40.428+0000] {logging_mixin.py:137} INFO - [2026-09-30T19:34:40.428+0000] {dag.py:3427} INFO - Setting next_dagrun for example_sla_dag to 2026-09-30T19:32:00+00:00, run_after=2026-09-30T19:34:00+00:00
[2026-09-30T19:34:40.447+0000] {processor.py:175} INFO - Processing /home/airflow/.local/lib/python3.7/site-packages/airflow/example_dags/example_sla_dag.py took 0.175 seconds
[2026-09-30T19:35:11.179+0000] {processor.py:153} INFO - Started process (PID=4182) to work on /home/airflow/.local/lib/python3.7/site-packages/airflow/example_dags/example_sla_dag.py
[2026-09-30T19:35:11.181+0000] {processor.py:743} INFO - Processing file /home/airflow/.local/lib/python3.7/site-packages/airflow/example_dags/example_sla_dag.py for tasks to queue
[2026-09-30T19:35:11.182+0000] {logging_mixin.py:137} INFO - [2026-09-30T19:35:11.181+0000] {dagbag.py:538} INFO - Filling up the DagBag from /home/airflow/.local/lib/python3.7/site-packages/airflow/example_dags/example_sla_dag.py
[2026-09-30T19:35:11.214+0000] {processor.py:753} INFO - DAG(s) dict_keys(['example_sla_dag']) retrieved from /home/airflow/.local/lib/python3.7/site-packages/airflow/example_dags/example_sla_dag.py
[2026-09-30T19:35:11.269+0000] {logging_mixin.py:137} INFO - [2026-09-30T19:35:11.269+0000] {dag.py:2676} INFO - Sync 1 DAGs
[2026-09-30T19:35:11.309+0000] {logging_mixin.py:137} INFO - [2026-09-30T19:35:11.309+0000] {dag.py:3427} INFO - Setting next_dagrun for example_sla_dag to 2026-09-30T19:32:00+00:00, run_after=2026-09-30T19:34:00+00:00
[2026-09-30T19:35:11.332+0000] {processor.py:175} INFO - Processing /home/airflow/.local/lib/python3.7/site-packages/airflow/example_dags/example_sla_dag.py took 0.158 seconds
[2026-09-30T19:35:41.777+0000] {processor.py:153} INFO - Started process (PID=4268) to work on /home/airflow/.local/lib/python3.7/site-packages/airflow/example_dags/example_sla_dag.py
[2026-09-30T19:35:41.778+0000] {processor.py:743} INFO - Processing file /home/airflow/.local/lib/python3.7/site-packages/airflow/example_dags/example_sla_dag.py for tasks to queue
[2026-09-30T19:35:41.779+0000] {logging_mixin.py:137} INFO - [2026-09-30T19:35:41.779+0000] {dagbag.py:538} INFO - Filling up the DagBag from /home/airflow/.local/lib/python3.7/site-packages/airflow/example_dags/example_sla_dag.py
[2026-09-30T19:35:41.825+0000] {processor.py:753} INFO - DAG(s) dict_keys(['example_sla_dag']) retrieved from /home/airflow/.local/lib/python3.7/site-packages/airflow/example_dags/example_sla_dag.py
[2026-09-30T19:35:41.886+0000] {logging_mixin.py:137} INFO - [2026-09-30T19:35:41.886+0000] {dag.py:2676} INFO - Sync 1 DAGs
[2026-09-30T19:35:41.932+0000] {logging_mixin.py:137} INFO - [2026-09-30T19:35:41.931+0000] {dag.py:3427} INFO - Setting next_dagrun for example_sla_dag to 2026-09-30T19:32:00+00:00, run_after=2026-09-30T19:34:00+00:00
[2026-09-30T19:35:41.950+0000] {processor.py:175} INFO - Processing /home/airflow/.local/lib/python3.7/site-packages/airflow/example_dags/example_sla_dag.py took 0.179 seconds
[2026-09-30T19:36:12.147+0000] {processor.py:153} INFO - Started process (PID=4360) to work on /home/airflow/.local/lib/python3.7/site-packages/airflow/example_dags/example_sla_dag.py
[2026-09-30T19:36:12.148+0000] {processor.py:743} INFO - Processing file /home/airflow/.local/lib/python3.7/site-packages/airflow/example_dags/example_sla_dag.py for tasks to queue
[2026-09-30T19:36:12.149+0000] {logging_mixin.py:137} INFO - [2026-09-30T19:36:12.149+0000] {dagbag.py:538} INFO - Filling up the DagBag from /home/airflow/.local/lib/python3.7/site-packages/airflow/example_dags/example_sla_dag.py
[2026-09-30T19:36:12.180+0000] {processor.py:753} INFO - DAG(s) dict_keys(['example_sla_dag']) retrieved from /home/airflow/.local/lib/python3.7/site-packages/airflow/example_dags/example_sla_dag.py
[2026-09-30T19:36:12.231+0000] {logging_mixin.py:137} INFO - [2026-09-30T19:36:12.231+0000] {dag.py:2676} INFO - Sync 1 DAGs
[2026-09-30T19:36:12.292+0000] {logging_mixin.py:137} INFO - [2026-09-30T19:36:12.291+0000] {dag.py:3427} INFO - Setting next_dagrun for example_sla_dag to 2026-09-30T19:34:00+00:00, run_after=2026-09-30T19:36:00+00:00
[2026-09-30T19:36:12.322+0000] {processor.py:175} INFO - Processing /home/airflow/.local/lib/python3.7/site-packages/airflow/example_dags/example_sla_dag.py took 0.179 seconds
[2026-09-30T19:36:42.364+0000] {processor.py:153} INFO - Started process (PID=4439) to work on /home/airflow/.local/lib/python3.7/site-packages/airflow/example_dags/example_sla_dag.py
[2026-09-30T19:36:42.365+0000] {processor.py:743} INFO - Processing file /home/airflow/.local/lib/python3.7/site-packages/airflow/example_dags/example_sla_dag.py for tasks to queue
[2026-09-30T19:36:42.366+0000] {logging_mixin.py:137} INFO - [2026-09-30T19:36:42.366+0000] {dagbag.py:538} INFO - Filling up the DagBag from /home/airflow/.local/lib/python3.7/site-packages/airflow/example_dags/example_sla_dag.py
[2026-09-30T19:36:42.398+0000] {processor.py:753} INFO - DAG(s) dict_keys(['example_sla_dag']) retrieved from /home/airflow/.local/lib/python3.7/site-packages/airflow/example_dags/example_sla_dag.py
[2026-09-30T19:36:42.445+0000] {logging_mixin.py:137} INFO - [2026-09-30T19:36:42.445+0000] {dag.py:2676} INFO - Sync 1 DAGs
[2026-09-30T19:36:42.491+0000] {logging_mixin.py:137} INFO - [2026-09-30T19:36:42.491+0000] {dag.py:3427} INFO - Setting next_dagrun for example_sla_dag to 2026-09-30T19:34:00+00:00, run_after=2026-09-30T19:36:00+00:00
[2026-09-30T19:36:42.519+0000] {processor.py:175} INFO - Processing /home/airflow/.local/lib/python3.7/site-packages/airflow/example_dags/example_sla_dag.py took 0.158 seconds
[2026-09-30T19:37:12.620+0000] {processor.py:153} INFO - Started process (PID=4518) to work on /home/airflow/.local/lib/python3.7/site-packages/airflow/example_dags/example_sla_dag.py
[2026-09-30T19:37:12.621+0000] {processor.py:743} INFO - Processing file /home/airflow/.local/lib/python3.7/site-packages/airflow/example_dags/example_sla_dag.py for tasks to queue
[2026-09-30T19:37:12.622+0000] {logging_mixin.py:137} INFO - [2026-09-30T19:37:12.622+0000] {dagbag.py:538} INFO - Filling up the DagBag from /home/airflow/.local/lib/python3.7/site-packages/airflow/example_dags/example_sla_dag.py
[2026-09-30T19:37:12.654+0000] {processor.py:753} INFO - DAG(s) dict_keys(['example_sla_dag']) retrieved from /home/airflow/.local/lib/python3.7/site-packages/airflow/example_dags/example_sla_dag.py
[2026-09-30T19:37:12.700+0000] {logging_mixin.py:137} INFO - [2026-09-30T19:37:12.700+0000] {dag.py:2676} INFO - Sync 1 DAGs
[2026-09-30T19:37:12.735+0000] {logging_mixin.py:137} INFO - [2026-09-30T19:37:12.735+0000] {dag.py:3427} INFO - Setting next_dagrun for example_sla_dag to 2026-09-30T19:34:00+00:00, run_after=2026-09-30T19:36:00+00:00
[2026-09-30T19:37:12.754+0000] {processor.py:175} INFO - Processing /home/airflow/.local/lib/python3.7/site-packages/airflow/example_dags/example_sla_dag.py took 0.138 seconds
[2026-09-30T19:37:43.565+0000] {processor.py:153} INFO - Started process (PID=4597) to work on /home/airflow/.local/lib/python3.7/site-packages/airflow/example_dags/example_sla_dag.py
[2026-09-30T19:37:43.567+0000] {processor.py:743} INFO - Processing file /home/airflow/.local/lib/python3.7/site-packages/airflow/example_dags/example_sla_dag.py for tasks to queue
[2026-09-30T19:37:43.567+0000] {logging_mixin.py:137} INFO - [2026-09-30T19:37:43.567+0000] {dagbag.py:538} INFO - Filling up the DagBag from /home/airflow/.local/lib/python3.7/site-packages/airflow/example_dags/example_sla_dag.py
[2026-09-30T19:37:43.598+0000] {processor.py:753} INFO - DAG(s) dict_keys(['example_sla_dag']) retrieved from /home/airflow/.local/lib/python3.7/site-packages/airflow/example_dags/example_sla_dag.py
[2026-09-30T19:37:43.652+0000] {logging_mixin.py:137} INFO - [2026-09-30T19:37:43.652+0000] {dag.py:2676} INFO - Sync 1 DAGs
[2026-09-30T19:37:43.691+0000] {logging_mixin.py:137} INFO - [2026-09-30T19:37:43.691+0000] {dag.py:3427} INFO - Setting next_dagrun for example_sla_dag to 2026-09-30T19:34:00+00:00, run_after=2026-09-30T19:36:00+00:00
[2026-09-30T19:37:43.721+0000] {processor.py:175} INFO - Processing /home/airflow/.local/lib/python3.7/site-packages/airflow/example_dags/example_sla_dag.py took 0.160 seconds
[2026-09-30T19:38:14.469+0000] {processor.py:153} INFO - Started process (PID=4698) to work on /home/airflow/.local/lib/python3.7/site-packages/airflow/example_dags/example_sla_dag.py
[2026-09-30T19:38:14.470+0000] {processor.py:743} INFO - Processing file /home/airflow/.local/lib/python3.7/site-packages/airflow/example_dags/example_sla_dag.py for tasks to queue
[2026-09-30T19:38:14.471+0000] {logging_mixin.py:137} INFO - [2026-09-30T19:38:14.471+0000] {dagbag.py:538} INFO - Filling up the DagBag from /home/airflow/.local/lib/python3.7/site-packages/airflow/example_dags/example_sla_dag.py
[2026-09-30T19:38:14.504+0000] {processor.py:753} INFO - DAG(s) dict_keys(['example_sla_dag']) retrieved from /home/airflow/.local/lib/python3.7/site-packages/airflow/example_dags/example_sla_dag.py
[2026-09-30T19:38:14.556+0000] {logging_mixin.py:137} INFO - [2026-09-30T19:38:14.555+0000] {dag.py:2676} INFO - Sync 1 DAGs
[2026-09-30T19:38:14.611+0000] {logging_mixin.py:137} INFO - [2026-09-30T19:38:14.611+0000] {dag.py:3427} INFO - Setting next_dagrun for example_sla_dag to 2026-09-30T19:36:00+00:00, run_after=2026-09-30T19:38:00+00:00
[2026-09-30T19:38:14.633+0000] {processor.py:175} INFO - Processing /home/airflow/.local/lib/python3.7/site-packages/airflow/example_dags/example_sla_dag.py took 0.169 seconds
[2026-09-30T19:38:45.393+0000] {processor.py:153} INFO - Started process (PID=4781) to work on /home/airflow/.local/lib/python3.7/site-packages/airflow/example_dags/example_sla_dag.py
[2026-09-30T19:38:45.395+0000] {processor.py:743} INFO - Processing file /home/airflow/.local/lib/python3.7/site-packages/airflow/example_dags/example_sla_dag.py for tasks to queue
[2026-09-30T19:38:45.395+0000] {logging_mixin.py:137} INFO - [2026-09-30T19:38:45.395+0000] {dagbag.py:538} INFO - Filling up the DagBag from /home/airflow/.local/lib/python3.7/site-packages/airflow/example_dags/example_sla_dag.py
[2026-09-30T19:38:45.435+0000] {processor.py:753} INFO - DAG(s) dict_keys(['example_sla_dag']) retrieved from /home/airflow/.local/lib/python3.7/site-packages/airflow/example_dags/example_sla_dag.py
[2026-09-30T19:38:45.506+0000] {logging_mixin.py:137} INFO - [2026-09-30T19:38:45.506+0000] {dag.py:2676} INFO - Sync 1 DAGs
[2026-09-30T19:38:45.562+0000] {logging_mixin.py:137} INFO - [2026-09-30T19:38:45.562+0000] {dag.py:3427} INFO - Setting next_dagrun for example_sla_dag to 2026-09-30T19:36:00+00:00, run_after=2026-09-30T19:38:00+00:00
[2026-09-30T19:38:45.594+0000] {processor.py:175} INFO - Processing /home/airflow/.local/lib/python3.7/site-packages/airflow/example_dags/example_sla_dag.py took 0.206 seconds
[2026-09-30T19:39:16.462+0000] {processor.py:153} INFO - Started process (PID=4865) to work on /home/airflow/.local/lib/python3.7/site-packages/airflow/example_dags/example_sla_dag.py
[2026-09-30T19:39:16.463+0000] {processor.py:743} INFO - Processing file /home/airflow/.local/lib/python3.7/site-packages/airflow/example_dags/example_sla_dag.py for tasks to queue
[2026-09-30T19:39:16.464+0000] {logging_mixin.py:137} INFO - [2026-09-30T19:39:16.464+0000] {dagbag.py:538} INFO - Filling up the DagBag from /home/airflow/.local/lib/python3.7/site-packages/airflow/example_dags/example_sla_dag.py
[2026-09-30T19:39:16.497+0000] {processor.py:753} INFO - DAG(s) dict_keys(['example_sla_dag']) retrieved from /home/airflow/.local/lib/python3.7/site-packages/airflow/example_dags/example_sla_dag.py
[2026-09-30T19:39:16.545+0000] {logging_mixin.py:137} INFO - [2026-09-30T19:39:16.545+0000] {dag.py:2676} INFO - Sync 1 DAGs
[2026-09-30T19:39:16.583+0000] {logging_mixin.py:137} INFO - [2026-09-30T19:39:16.583+0000] {dag.py:3427} INFO - Setting next_dagrun for example_sla_dag to 2026-09-30T19:36:00+00:00, run_after=2026-09-30T19:38:00+00:00
[2026-09-30T19:39:16.607+0000] {processor.py:175} INFO - Processing /home/airflow/.local/lib/python3.7/site-packages/airflow/example_dags/example_sla_dag.py took 0.149 seconds
[2026-09-30T19:39:46.790+0000] {processor.py:153} INFO - Started process (PID=4969) to work on /home/airflow/.local/lib/python3.7/site-packages/airflow/example_dags/example_sla_dag.py
[2026-09-30T19:39:46.791+0000] {processor.py:743} INFO - Processing file /home/airflow/.local/lib/python3.7/site-packages/airflow/example_dags/example_sla_dag.py for tasks to queue
[2026-09-30T19:39:46.792+0000] {logging_mixin.py:137} INFO - [2026-09-30T19:39:46.792+0000] {dagbag.py:538} INFO - Filling up the DagBag from /home/airflow/.local/lib/python3.7/site-packages/airflow/example_dags/example_sla_dag.py
[2026-09-30T19:39:46.826+0000] {processor.py:753} INFO - DAG(s) dict_keys(['example_sla_dag']) retrieved from /home/airflow/.local/lib/python3.7/site-packages/airflow/example_dags/example_sla_dag.py
[2026-09-30T19:39:46.888+0000] {logging_mixin.py:137} INFO - [2026-09-30T19:39:46.887+0000] {dag.py:2676} INFO - Sync 1 DAGs
[2026-09-30T19:39:46.970+0000] {logging_mixin.py:137} INFO - [2026-09-30T19:39:46.970+0000] {dag.py:3427} INFO - Setting next_dagrun for example_sla_dag to 2026-09-30T19:36:00+00:00, run_after=2026-09-30T19:38:00+00:00
[2026-09-30T19:39:47.005+0000] {processor.py:175} INFO - Processing /home/airflow/.local/lib/python3.7/site-packages/airflow/example_dags/example_sla_dag.py took 0.220 seconds
[2026-09-30T19:40:17.615+0000] {processor.py:153} INFO - Started process (PID=5053) to work on /home/airflow/.local/lib/python3.7/site-packages/airflow/example_dags/example_sla_dag.py
[2026-09-30T19:40:17.617+0000] {processor.py:743} INFO - Processing file /home/airflow/.local/lib/python3.7/site-packages/airflow/example_dags/example_sla_dag.py for tasks to queue
[2026-09-30T19:40:17.618+0000] {logging_mixin.py:137} INFO - [2026-09-30T19:40:17.618+0000] {dagbag.py:538} INFO - Filling up the DagBag from /home/airflow/.local/lib/python3.7/site-packages/airflow/example_dags/example_sla_dag.py
[2026-09-30T19:40:17.669+0000] {processor.py:753} INFO - DAG(s) dict_keys(['example_sla_dag']) retrieved from /home/airflow/.local/lib/python3.7/site-packages/airflow/example_dags/example_sla_dag.py
[2026-09-30T19:40:17.728+0000] {logging_mixin.py:137} INFO - [2026-09-30T19:40:17.728+0000] {dag.py:2676} INFO - Sync 1 DAGs
[2026-09-30T19:40:17.765+0000] {logging_mixin.py:137} INFO - [2026-09-30T19:40:17.765+0000] {dag.py:3427} INFO - Setting next_dagrun for example_sla_dag to 2026-09-30T19:38:00+00:00, run_after=2026-09-30T19:40:00+00:00
[2026-09-30T19:40:17.788+0000] {processor.py:175} INFO - Processing /home/airflow/.local/lib/python3.7/site-packages/airflow/example_dags/example_sla_dag.py took 0.179 seconds
[2026-09-30T19:40:48.364+0000] {processor.py:153} INFO - Started process (PID=5138) to work on /home/airflow/.local/lib/python3.7/site-packages/airflow/example_dags/example_sla_dag.py
[2026-09-30T19:40:48.365+0000] {processor.py:743} INFO - Processing file /home/airflow/.local/lib/python3.7/site-packages/airflow/example_dags/example_sla_dag.py for tasks to queue
[2026-09-30T19:40:48.366+0000] {logging_mixin.py:137} INFO - [2026-09-30T19:40:48.366+0000] {dagbag.py:538} INFO - Filling up the DagBag from /home/airflow/.local/lib/python3.7/site-packages/airflow/example_dags/example_sla_dag.py
[2026-09-30T19:40:48.399+0000] {processor.py:753} INFO - DAG(s) dict_keys(['example_sla_dag']) retrieved from /home/airflow/.local/lib/python3.7/site-packages/airflow/example_dags/example_sla_dag.py
[2026-09-30T19:40:48.448+0000] {logging_mixin.py:137} INFO - [2026-09-30T19:40:48.448+0000] {dag.py:2676} INFO - Sync 1 DAGs
[2026-09-30T19:40:48.494+0000] {logging_mixin.py:137} INFO - [2026-09-30T19:40:48.493+0000] {dag.py:3427} INFO - Setting next_dagrun for example_sla_dag to 2026-09-30T19:38:00+00:00, run_after=2026-09-30T19:40:00+00:00
[2026-09-30T19:40:48.523+0000] {processor.py:175} INFO - Processing /home/airflow/.local/lib/python3.7/site-packages/airflow/example_dags/example_sla_dag.py took 0.164 seconds
[2026-09-30T19:41:19.123+0000] {processor.py:153} INFO - Started process (PID=5230) to work on /home/airflow/.local/lib/python3.7/site-packages/airflow/example_dags/example_sla_dag.py
[2026-09-30T19:41:19.124+0000] {processor.py:743} INFO - Processing file /home/airflow/.local/lib/python3.7/site-packages/airflow/example_dags/example_sla_dag.py for tasks to queue
[2026-09-30T19:41:19.124+0000] {logging_mixin.py:137} INFO - [2026-09-30T19:41:19.124+0000] {dagbag.py:538} INFO - Filling up the DagBag from /home/airflow/.local/lib/python3.7/site-packages/airflow/example_dags/example_sla_dag.py
[2026-09-30T19:41:19.148+0000] {processor.py:753} INFO - DAG(s) dict_keys(['example_sla_dag']) retrieved from /home/airflow/.local/lib/python3.7/site-packages/airflow/example_dags/example_sla_dag.py
[2026-09-30T19:41:19.194+0000] {logging_mixin.py:137} INFO - [2026-09-30T19:41:19.194+0000] {dag.py:2676} INFO - Sync 1 DAGs
[2026-09-30T19:41:19.226+0000] {logging_mixin.py:137} INFO - [2026-09-30T19:41:19.226+0000] {dag.py:3427} INFO - Setting next_dagrun for example_sla_dag to 2026-09-30T19:38:00+00:00, run_after=2026-09-30T19:40:00+00:00
[2026-09-30T19:41:19.245+0000] {processor.py:175} INFO - Processing /home/airflow/.local/lib/python3.7/site-packages/airflow/example_dags/example_sla_dag.py took 0.126 seconds
[2026-09-30T19:41:49.388+0000] {processor.py:153} INFO - Started process (PID=5331) to work on /home/airflow/.local/lib/python3.7/site-packages/airflow/example_dags/example_sla_dag.py
[2026-09-30T19:41:49.388+0000] {processor.py:743} INFO - Processing file /home/airflow/.local/lib/python3.7/site-packages/airflow/example_dags/example_sla_dag.py for tasks to queue
[2026-09-30T19:41:49.389+0000] {logging_mixin.py:137} INFO - [2026-09-30T19:41:49.389+0000] {dagbag.py:538} INFO - Filling up the DagBag from /home/airflow/.local/lib/python3.7/site-packages/airflow/example_dags/example_sla_dag.py
[2026-09-30T19:41:49.413+0000] {processor.py:753} INFO - DAG(s) dict_keys(['example_sla_dag']) retrieved from /home/airflow/.local/lib/python3.7/site-packages/airflow/example_dags/example_sla_dag.py
[2026-09-30T19:41:49.448+0000] {logging_mixin.py:137} INFO - [2026-09-30T19:41:49.448+0000] {dag.py:2676} INFO - Sync 1 DAGs
[2026-09-30T19:41:49.475+0000] {logging_mixin.py:137} INFO - [2026-09-30T19:41:49.475+0000] {dag.py:3427} INFO - Setting next_dagrun for example_sla_dag to 2026-09-30T19:38:00+00:00, run_after=2026-09-30T19:40:00+00:00
[2026-09-30T19:41:49.489+0000] {processor.py:175} INFO - Processing /home/airflow/.local/lib/python3.7/site-packages/airflow/example_dags/example_sla_dag.py took 0.105 seconds
[2026-09-30T19:42:20.177+0000] {processor.py:153} INFO - Started process (PID=5417) to work on /home/airflow/.local/lib/python3.7/site-packages/airflow/example_dags/example_sla_dag.py
[2026-09-30T19:42:20.179+0000] {processor.py:743} INFO - Processing file /home/airflow/.local/lib/python3.7/site-packages/airflow/example_dags/example_sla_dag.py for tasks to queue
[2026-09-30T19:42:20.180+0000] {logging_mixin.py:137} INFO - [2026-09-30T19:42:20.179+0000] {dagbag.py:538} INFO - Filling up the DagBag from /home/airflow/.local/lib/python3.7/site-packages/airflow/example_dags/example_sla_dag.py
[2026-09-30T19:42:20.214+0000] {processor.py:753} INFO - DAG(s) dict_keys(['example_sla_dag']) retrieved from /home/airflow/.local/lib/python3.7/site-packages/airflow/example_dags/example_sla_dag.py
[2026-09-30T19:42:20.264+0000] {logging_mixin.py:137} INFO - [2026-09-30T19:42:20.264+0000] {dag.py:2676} INFO - Sync 1 DAGs
[2026-09-30T19:42:20.302+0000] {logging_mixin.py:137} INFO - [2026-09-30T19:42:20.302+0000] {dag.py:3427} INFO - Setting next_dagrun for example_sla_dag to 2026-09-30T19:40:00+00:00, run_after=2026-09-30T19:42:00+00:00
[2026-09-30T19:42:20.326+0000] {processor.py:175} INFO - Processing /home/airflow/.local/lib/python3.7/site-packages/airflow/example_dags/example_sla_dag.py took 0.152 seconds
[2026-09-30T19:42:51.009+0000] {processor.py:153} INFO - Started process (PID=5509) to work on /home/airflow/.local/lib/python3.7/site-packages/airflow/example_dags/example_sla_dag.py
[2026-09-30T19:42:51.010+0000] {processor.py:743} INFO - Processing file /home/airflow/.local/lib/python3.7/site-packages/airflow/example_dags/example_sla_dag.py for tasks to queue
[2026-09-30T19:42:51.011+0000] {logging_mixin.py:137} INFO - [2026-09-30T19:42:51.011+0000] {dagbag.py:538} INFO - Filling up the DagBag from /home/airflow/.local/lib/python3.7/site-packages/airflow/example_dags/example_sla_dag.py
[2026-09-30T19:42:51.041+0000] {processor.py:753} INFO - DAG(s) dict_keys(['example_sla_dag']) retrieved from /home/airflow/.local/lib/python3.7/site-packages/airflow/example_dags/example_sla_dag.py
[2026-09-30T19:42:51.089+0000] {logging_mixin.py:137} INFO - [2026-09-30T19:42:51.089+0000] {dag.py:2676} INFO - Sync 1 DAGs
[2026-09-30T19:42:51.148+0000] {logging_mixin.py:137} INFO - [2026-09-30T19:42:51.148+0000] {dag.py:3427} INFO - Setting next_dagrun for example_sla_dag to 2026-09-30T19:40:00+00:00, run_after=2026-09-30T19:42:00+00:00
[2026-09-30T19:42:51.181+0000] {processor.py:175} INFO - Processing /home/airflow/.local/lib/python3.7/site-packages/airflow/example_dags/example_sla_dag.py took 0.176 seconds
[2026-09-30T19:43:21.966+0000] {processor.py:153} INFO - Started process (PID=5600) to work on /home/airflow/.local/lib/python3.7/site-packages/airflow/example_dags/example_sla_dag.py
[2026-09-30T19:43:21.967+0000] {processor.py:743} INFO - Processing file /home/airflow/.local/lib/python3.7/site-packages/airflow/example_dags/example_sla_dag.py for tasks to queue
[2026-09-30T19:43:21.967+0000] {logging_mixin.py:137} INFO - [2026-09-30T19:43:21.967+0000] {dagbag.py:538} INFO - Filling up the DagBag from /home/airflow/.local/lib/python3.7/site-packages/airflow/example_dags/example_sla_dag.py
[2026-09-30T19:43:22.003+0000] {processor.py:753} INFO - DAG(s) dict_keys(['example_sla_dag']) retrieved from /home/airflow/.local/lib/python3.7/site-packages/airflow/example_dags/example_sla_dag.py
[2026-09-30T19:43:22.057+0000] {logging_mixin.py:137} INFO - [2026-09-30T19:43:22.056+0000] {dag.py:2676} INFO - Sync 1 DAGs
[2026-09-30T19:43:22.098+0000] {logging_mixin.py:137} INFO - [2026-09-30T19:43:22.098+0000] {dag.py:3427} INFO - Setting next_dagrun for example_sla_dag to 2026-09-30T19:40:00+00:00, run_after=2026-09-30T19:42:00+00:00
[2026-09-30T19:43:22.119+0000] {processor.py:175} INFO - Processing /home/airflow/.local/lib/python3.7/site-packages/airflow/example_dags/example_sla_dag.py took 0.157 seconds
[2026-09-30T19:43:52.391+0000] {processor.py:153} INFO - Started process (PID=5679) to work on /home/airflow/.local/lib/python3.7/site-packages/airflow/example_dags/example_sla_dag.py
[2026-09-30T19:43:52.392+0000] {processor.py:743} INFO - Processing file /home/airflow/.local/lib/python3.7/site-packages/airflow/example_dags/example_sla_dag.py for tasks to queue
[2026-09-30T19:43:52.393+0000] {logging_mixin.py:137} INFO - [2026-09-30T19:43:52.393+0000] {dagbag.py:538} INFO - Filling up the DagBag from /home/airflow/.local/lib/python3.7/site-packages/airflow/example_dags/example_sla_dag.py
[2026-09-30T19:43:52.434+0000] {processor.py:753} INFO - DAG(s) dict_keys(['example_sla_dag']) retrieved from /home/airflow/.local/lib/python3.7/site-packages/airflow/example_dags/example_sla_dag.py
[2026-09-30T19:43:52.496+0000] {logging_mixin.py:137} INFO - [2026-09-30T19:43:52.496+0000] {dag.py:2676} INFO - Sync 1 DAGs
[2026-09-30T19:43:52.536+0000] {logging_mixin.py:137} INFO - [2026-09-30T19:43:52.536+0000] {dag.py:3427} INFO - Setting next_dagrun for example_sla_dag to 2026-09-30T19:40:00+00:00, run_after=2026-09-30T19:42:00+00:00
[2026-09-30T19:43:52.562+0000] {processor.py:175} INFO - Processing /home/airflow/.local/lib/python3.7/site-packages/airflow/example_dags/example_sla_dag.py took 0.176 seconds
[2026-09-30T19:44:22.823+0000] {processor.py:153} INFO - Started process (PID=5759) to work on /home/airflow/.local/lib/python3.7/site-packages/airflow/example_dags/example_sla_dag.py
[2026-09-30T19:44:22.824+0000] {processor.py:743} INFO - Processing file /home/airflow/.local/lib/python3.7/site-packages/airflow/example_dags/example_sla_dag.py for tasks to queue
[2026-09-30T19:44:22.825+0000] {logging_mixin.py:137} INFO - [2026-09-30T19:44:22.825+0000] {dagbag.py:538} INFO - Filling up the DagBag from /home/airflow/.local/lib/python3.7/site-packages/airflow/example_dags/example_sla_dag.py
[2026-09-30T19:44:22.856+0000] {processor.py:753} INFO - DAG(s) dict_keys(['example_sla_dag']) retrieved from /home/airflow/.local/lib/python3.7/site-packages/airflow/example_dags/example_sla_dag.py
[2026-09-30T19:44:22.906+0000] {logging_mixin.py:137} INFO - [2026-09-30T19:44:22.906+0000] {dag.py:2676} INFO - Sync 1 DAGs
[2026-09-30T19:44:22.946+0000] {logging_mixin.py:137} INFO - [2026-09-30T19:44:22.946+0000] {dag.py:3427} INFO - Setting next_dagrun for example_sla_dag to 2026-09-30T19:42:00+00:00, run_after=2026-09-30T19:44:00+00:00
[2026-09-30T19:44:22.965+0000] {processor.py:175} INFO - Processing /home/airflow/.local/lib/python3.7/site-packages/airflow/example_dags/example_sla_dag.py took 0.147 seconds
[2026-09-30T19:44:53.094+0000] {processor.py:153} INFO - Started process (PID=5863) to work on /home/airflow/.local/lib/python3.7/site-packages/airflow/example_dags/example_sla_dag.py
[2026-09-30T19:44:53.096+0000] {processor.py:743} INFO - Processing file /home/airflow/.local/lib/python3.7/site-packages/airflow/example_dags/example_sla_dag.py for tasks to queue
[2026-09-30T19:44:53.097+0000] {logging_mixin.py:137} INFO - [2026-09-30T19:44:53.097+0000] {dagbag.py:538} INFO - Filling up the DagBag from /home/airflow/.local/lib/python3.7/site-packages/airflow/example_dags/example_sla_dag.py
[2026-09-30T19:44:53.127+0000] {processor.py:753} INFO - DAG(s) dict_keys(['example_sla_dag']) retrieved from /home/airflow/.local/lib/python3.7/site-packages/airflow/example_dags/example_sla_dag.py
[2026-09-30T19:44:53.179+0000] {logging_mixin.py:137} INFO - [2026-09-30T19:44:53.178+0000] {dag.py:2676} INFO - Sync 1 DAGs
[2026-09-30T19:44:53.218+0000] {logging_mixin.py:137} INFO - [2026-09-30T19:44:53.218+0000] {dag.py:3427} INFO - Setting next_dagrun for example_sla_dag to 2026-09-30T19:42:00+00:00, run_after=2026-09-30T19:44:00+00:00
[2026-09-30T19:44:53.240+0000] {processor.py:175} INFO - Processing /home/airflow/.local/lib/python3.7/site-packages/airflow/example_dags/example_sla_dag.py took 0.150 seconds
[2026-09-30T19:45:23.573+0000] {processor.py:153} INFO - Started process (PID=5947) to work on /home/airflow/.local/lib/python3.7/site-packages/airflow/example_dags/example_sla_dag.py
[2026-09-30T19:45:23.574+0000] {processor.py:743} INFO - Processing file /home/airflow/.local/lib/python3.7/site-packages/airflow/example_dags/example_sla_dag.py for tasks to queue
[2026-09-30T19:45:23.575+0000] {logging_mixin.py:137} INFO - [2026-09-30T19:45:23.575+0000] {dagbag.py:538} INFO - Filling up the DagBag from /home/airflow/.local/lib/python3.7/site-packages/airflow/example_dags/example_sla_dag.py
[2026-09-30T19:45:23.606+0000] {processor.py:753} INFO - DAG(s) dict_keys(['example_sla_dag']) retrieved from /home/airflow/.local/lib/python3.7/site-packages/airflow/example_dags/example_sla_dag.py
[2026-09-30T19:45:23.663+0000] {logging_mixin.py:137} INFO - [2026-09-30T19:45:23.663+0000] {dag.py:2676} INFO - Sync 1 DAGs
[2026-09-30T19:45:23.713+0000] {logging_mixin.py:137} INFO - [2026-09-30T19:45:23.713+0000] {dag.py:3427} INFO - Setting next_dagrun for example_sla_dag to 2026-09-30T19:42:00+00:00, run_after=2026-09-30T19:44:00+00:00
[2026-09-30T19:45:23.750+0000] {processor.py:175} INFO - Processing /home/airflow/.local/lib/python3.7/site-packages/airflow/example_dags/example_sla_dag.py took 0.180 seconds
[2026-09-30T19:45:53.887+0000] {processor.py:153} INFO - Started process (PID=6026) to work on /home/airflow/.local/lib/python3.7/site-packages/airflow/example_dags/example_sla_dag.py
[2026-09-30T19:45:53.889+0000] {processor.py:743} INFO - Processing file /home/airflow/.local/lib/python3.7/site-packages/airflow/example_dags/example_sla_dag.py for tasks to queue
[2026-09-30T19:45:53.890+0000] {logging_mixin.py:137} INFO - [2026-09-30T19:45:53.890+0000] {dagbag.py:538} INFO - Filling up the DagBag from /home/airflow/.local/lib/python3.7/site-packages/airflow/example_dags/example_sla_dag.py
[2026-09-30T19:45:53.921+0000] {processor.py:753} INFO - DAG(s) dict_keys(['example_sla_dag']) retrieved from /home/airflow/.local/lib/python3.7/site-packages/airflow/example_dags/example_sla_dag.py
[2026-09-30T19:45:53.970+0000] {logging_mixin.py:137} INFO - [2026-09-30T19:45:53.969+0000] {dag.py:2676} INFO - Sync 1 DAGs
[2026-09-30T19:45:54.027+0000] {logging_mixin.py:137} INFO - [2026-09-30T19:45:54.027+0000] {dag.py:3427} INFO - Setting next_dagrun for example_sla_dag to 2026-09-30T19:42:00+00:00, run_after=2026-09-30T19:44:00+00:00
[2026-09-30T19:45:54.056+0000] {processor.py:175} INFO - Processing /home/airflow/.local/lib/python3.7/site-packages/airflow/example_dags/example_sla_dag.py took 0.173 seconds
[2026-09-30T19:46:24.192+0000] {processor.py:153} INFO - Started process (PID=6105) to work on /home/airflow/.local/lib/python3.7/site-packages/airflow/example_dags/example_sla_dag.py
[2026-09-30T19:46:24.193+0000] {processor.py:743} INFO - Processing file /home/airflow/.local/lib/python3.7/site-packages/airflow/example_dags/example_sla_dag.py for tasks to queue
[2026-09-30T19:46:24.194+0000] {logging_mixin.py:137} INFO - [2026-09-30T19:46:24.194+0000] {dagbag.py:538} INFO - Filling up the DagBag from /home/airflow/.local/lib/python3.7/site-packages/airflow/example_dags/example_sla_dag.py
[2026-09-30T19:46:24.240+0000] {processor.py:753} INFO - DAG(s) dict_keys(['example_sla_dag']) retrieved from /home/airflow/.local/lib/python3.7/site-packages/airflow/example_dags/example_sla_dag.py
[2026-09-30T19:46:24.302+0000] {logging_mixin.py:137} INFO - [2026-09-30T19:46:24.302+0000] {dag.py:2676} INFO - Sync 1 DAGs
[2026-09-30T19:46:24.356+0000] {logging_mixin.py:137} INFO - [2026-09-30T19:46:24.356+0000] {dag.py:3427} INFO - Setting next_dagrun for example_sla_dag to 2026-09-30T19:44:00+00:00, run_after=2026-09-30T19:46:00+00:00
[2026-09-30T19:46:24.384+0000] {processor.py:175} INFO - Processing /home/airflow/.local/lib/python3.7/site-packages/airflow/example_dags/example_sla_dag.py took 0.197 seconds
[2026-09-30T19:46:55.012+0000] {processor.py:153} INFO - Started process (PID=6204) to work on /home/airflow/.local/lib/python3.7/site-packages/airflow/example_dags/example_sla_dag.py
[2026-09-30T19:46:55.013+0000] {processor.py:743} INFO - Processing file /home/airflow/.local/lib/python3.7/site-packages/airflow/example_dags/example_sla_dag.py for tasks to queue
[2026-09-30T19:46:55.014+0000] {logging_mixin.py:137} INFO - [2026-09-30T19:46:55.014+0000] {dagbag.py:538} INFO - Filling up the DagBag from /home/airflow/.local/lib/python3.7/site-packages/airflow/example_dags/example_sla_dag.py
[2026-09-30T19:46:55.052+0000] {processor.py:753} INFO - DAG(s) dict_keys(['example_sla_dag']) retrieved from /home/airflow/.local/lib/python3.7/site-packages/airflow/example_dags/example_sla_dag.py
[2026-09-30T19:46:55.115+0000] {logging_mixin.py:137} INFO - [2026-09-30T19:46:55.114+0000] {dag.py:2676} INFO - Sync 1 DAGs
[2026-09-30T19:46:55.149+0000] {logging_mixin.py:137} INFO - [2026-09-30T19:46:55.149+0000] {dag.py:3427} INFO - Setting next_dagrun for example_sla_dag to 2026-09-30T19:44:00+00:00, run_after=2026-09-30T19:46:00+00:00
[2026-09-30T19:46:55.174+0000] {processor.py:175} INFO - Processing /home/airflow/.local/lib/python3.7/site-packages/airflow/example_dags/example_sla_dag.py took 0.166 seconds
[2026-09-30T19:47:25.865+0000] {processor.py:153} INFO - Started process (PID=6283) to work on /home/airflow/.local/lib/python3.7/site-packages/airflow/example_dags/example_sla_dag.py
[2026-09-30T19:47:25.866+0000] {processor.py:743} INFO - Processing file /home/airflow/.local/lib/python3.7/site-packages/airflow/example_dags/example_sla_dag.py for tasks to queue
[2026-09-30T19:47:25.866+0000] {logging_mixin.py:137} INFO - [2026-09-30T19:47:25.866+0000] {dagbag.py:538} INFO - Filling up the DagBag from /home/airflow/.local/lib/python3.7/site-packages/airflow/example_dags/example_sla_dag.py
[2026-09-30T19:47:25.895+0000] {processor.py:753} INFO - DAG(s) dict_keys(['example_sla_dag']) retrieved from /home/airflow/.local/lib/python3.7/site-packages/airflow/example_dags/example_sla_dag.py
[2026-09-30T19:47:25.946+0000] {logging_mixin.py:137} INFO - [2026-09-30T19:47:25.945+0000] {dag.py:2676} INFO - Sync 1 DAGs
[2026-09-30T19:47:25.997+0000] {logging_mixin.py:137} INFO - [2026-09-30T19:47:25.996+0000] {dag.py:3427} INFO - Setting next_dagrun for example_sla_dag to 2026-09-30T19:44:00+00:00, run_after=2026-09-30T19:46:00+00:00
[2026-09-30T19:47:26.019+0000] {processor.py:175} INFO - Processing /home/airflow/.local/lib/python3.7/site-packages/airflow/example_dags/example_sla_dag.py took 0.159 seconds
[2026-09-30T19:47:56.417+0000] {processor.py:153} INFO - Started process (PID=6362) to work on /home/airflow/.local/lib/python3.7/site-packages/airflow/example_dags/example_sla_dag.py
[2026-09-30T19:47:56.419+0000] {processor.py:743} INFO - Processing file /home/airflow/.local/lib/python3.7/site-packages/airflow/example_dags/example_sla_dag.py for tasks to queue
[2026-09-30T19:47:56.419+0000] {logging_mixin.py:137} INFO - [2026-09-30T19:47:56.419+0000] {dagbag.py:538} INFO - Filling up the DagBag from /home/airflow/.local/lib/python3.7/site-packages/airflow/example_dags/example_sla_dag.py
[2026-09-30T19:47:56.453+0000] {processor.py:753} INFO - DAG(s) dict_keys(['example_sla_dag']) retrieved from /home/airflow/.local/lib/python3.7/site-packages/airflow/example_dags/example_sla_dag.py
[2026-09-30T19:47:56.497+0000] {logging_mixin.py:137} INFO - [2026-09-30T19:47:56.497+0000] {dag.py:2676} INFO - Sync 1 DAGs
[2026-09-30T19:47:56.538+0000] {logging_mixin.py:137} INFO - [2026-09-30T19:47:56.538+0000] {dag.py:3427} INFO - Setting next_dagrun for example_sla_dag to 2026-09-30T19:44:00+00:00, run_after=2026-09-30T19:46:00+00:00
[2026-09-30T19:47:56.569+0000] {processor.py:175} INFO - Processing /home/airflow/.local/lib/python3.7/site-packages/airflow/example_dags/example_sla_dag.py took 0.157 seconds
[2026-09-30T19:48:27.423+0000] {processor.py:153} INFO - Started process (PID=6451) to work on /home/airflow/.local/lib/python3.7/site-packages/airflow/example_dags/example_sla_dag.py
[2026-09-30T19:48:27.424+0000] {processor.py:743} INFO - Processing file /home/airflow/.local/lib/python3.7/site-packages/airflow/example_dags/example_sla_dag.py for tasks to queue
[2026-09-30T19:48:27.424+0000] {logging_mixin.py:137} INFO - [2026-09-30T19:48:27.424+0000] {dagbag.py:538} INFO - Filling up the DagBag from /home/airflow/.local/lib/python3.7/site-packages/airflow/example_dags/example_sla_dag.py
[2026-09-30T19:48:27.454+0000] {processor.py:753} INFO - DAG(s) dict_keys(['example_sla_dag']) retrieved from /home/airflow/.local/lib/python3.7/site-packages/airflow/example_dags/example_sla_dag.py
[2026-09-30T19:48:27.498+0000] {logging_mixin.py:137} INFO - [2026-09-30T19:48:27.498+0000] {dag.py:2676} INFO - Sync 1 DAGs
[2026-09-30T19:48:27.535+0000] {logging_mixin.py:137} INFO - [2026-09-30T19:48:27.535+0000] {dag.py:3427} INFO - Setting next_dagrun for example_sla_dag to 2026-09-30T19:46:00+00:00, run_after=2026-09-30T19:48:00+00:00
[2026-09-30T19:48:27.558+0000] {processor.py:175} INFO - Processing /home/airflow/.local/lib/python3.7/site-packages/airflow/example_dags/example_sla_dag.py took 0.139 seconds
[2026-09-30T19:48:58.212+0000] {processor.py:153} INFO - Started process (PID=6541) to work on /home/airflow/.local/lib/python3.7/site-packages/airflow/example_dags/example_sla_dag.py
[2026-09-30T19:48:58.213+0000] {processor.py:743} INFO - Processing file /home/airflow/.local/lib/python3.7/site-packages/airflow/example_dags/example_sla_dag.py for tasks to queue
[2026-09-30T19:48:58.214+0000] {logging_mixin.py:137} INFO - [2026-09-30T19:48:58.214+0000] {dagbag.py:538} INFO - Filling up the DagBag from /home/airflow/.local/lib/python3.7/site-packages/airflow/example_dags/example_sla_dag.py
[2026-09-30T19:48:58.245+0000] {processor.py:753} INFO - DAG(s) dict_keys(['example_sla_dag']) retrieved from /home/airflow/.local/lib/python3.7/site-packages/airflow/example_dags/example_sla_dag.py
[2026-09-30T19:48:58.293+0000] {logging_mixin.py:137} INFO - [2026-09-30T19:48:58.293+0000] {dag.py:2676} INFO - Sync 1 DAGs
[2026-09-30T19:48:58.330+0000] {logging_mixin.py:137} INFO - [2026-09-30T19:48:58.330+0000] {dag.py:3427} INFO - Setting next_dagrun for example_sla_dag to 2026-09-30T19:46:00+00:00, run_after=2026-09-30T19:48:00+00:00
[2026-09-30T19:48:58.356+0000] {processor.py:175} INFO - Processing /home/airflow/.local/lib/python3.7/site-packages/airflow/example_dags/example_sla_dag.py took 0.148 seconds
[2026-09-30T19:49:29.001+0000] {processor.py:153} INFO - Started process (PID=6620) to work on /home/airflow/.local/lib/python3.7/site-packages/airflow/example_dags/example_sla_dag.py
[2026-09-30T19:49:29.002+0000] {processor.py:743} INFO - Processing file /home/airflow/.local/lib/python3.7/site-packages/airflow/example_dags/example_sla_dag.py for tasks to queue
[2026-09-30T19:49:29.003+0000] {logging_mixin.py:137} INFO - [2026-09-30T19:49:29.003+0000] {dagbag.py:538} INFO - Filling up the DagBag from /home/airflow/.local/lib/python3.7/site-packages/airflow/example_dags/example_sla_dag.py
[2026-09-30T19:49:29.045+0000] {processor.py:753} INFO - DAG(s) dict_keys(['example_sla_dag']) retrieved from /home/airflow/.local/lib/python3.7/site-packages/airflow/example_dags/example_sla_dag.py
[2026-09-30T19:49:29.113+0000] {logging_mixin.py:137} INFO - [2026-09-30T19:49:29.112+0000] {dag.py:2676} INFO - Sync 1 DAGs
[2026-09-30T19:49:29.149+0000] {logging_mixin.py:137} INFO - [2026-09-30T19:49:29.149+0000] {dag.py:3427} INFO - Setting next_dagrun for example_sla_dag to 2026-09-30T19:46:00+00:00, run_after=2026-09-30T19:48:00+00:00
[2026-09-30T19:49:29.177+0000] {processor.py:175} INFO - Processing /home/airflow/.local/lib/python3.7/site-packages/airflow/example_dags/example_sla_dag.py took 0.180 seconds
[2026-09-30T19:49:59.525+0000] {processor.py:153} INFO - Started process (PID=6698) to work on /home/airflow/.local/lib/python3.7/site-packages/airflow/example_dags/example_sla_dag.py
[2026-09-30T19:49:59.526+0000] {processor.py:743} INFO - Processing file /home/airflow/.local/lib/python3.7/site-packages/airflow/example_dags/example_sla_dag.py for tasks to queue
[2026-09-30T19:49:59.527+0000] {logging_mixin.py:137} INFO - [2026-09-30T19:49:59.527+0000] {dagbag.py:538} INFO - Filling up the DagBag from /home/airflow/.local/lib/python3.7/site-packages/airflow/example_dags/example_sla_dag.py
[2026-09-30T19:49:59.556+0000] {processor.py:753} INFO - DAG(s) dict_keys(['example_sla_dag']) retrieved from /home/airflow/.local/lib/python3.7/site-packages/airflow/example_dags/example_sla_dag.py
[2026-09-30T19:49:59.604+0000] {logging_mixin.py:137} INFO - [2026-09-30T19:49:59.604+0000] {dag.py:2676} INFO - Sync 1 DAGs
[2026-09-30T19:49:59.640+0000] {logging_mixin.py:137} INFO - [2026-09-30T19:49:59.640+0000] {dag.py:3427} INFO - Setting next_dagrun for example_sla_dag to 2026-09-30T19:46:00+00:00, run_after=2026-09-30T19:48:00+00:00
[2026-09-30T19:49:59.664+0000] {processor.py:175} INFO - Processing /home/airflow/.local/lib/python3.7/site-packages/airflow/example_dags/example_sla_dag.py took 0.143 seconds
[2026-09-30T19:50:30.484+0000] {processor.py:153} INFO - Started process (PID=6797) to work on /home/airflow/.local/lib/python3.7/site-packages/airflow/example_dags/example_sla_dag.py
[2026-09-30T19:50:30.486+0000] {processor.py:743} INFO - Processing file /home/airflow/.local/lib/python3.7/site-packages/airflow/example_dags/example_sla_dag.py for tasks to queue
[2026-09-30T19:50:30.487+0000] {logging_mixin.py:137} INFO - [2026-09-30T19:50:30.487+0000] {dagbag.py:538} INFO - Filling up the DagBag from /home/airflow/.local/lib/python3.7/site-packages/airflow/example_dags/example_sla_dag.py
[2026-09-30T19:50:30.524+0000] {processor.py:753} INFO - DAG(s) dict_keys(['example_sla_dag']) retrieved from /home/airflow/.local/lib/python3.7/site-packages/airflow/example_dags/example_sla_dag.py
[2026-09-30T19:50:30.584+0000] {logging_mixin.py:137} INFO - [2026-09-30T19:50:30.583+0000] {dag.py:2676} INFO - Sync 1 DAGs
[2026-09-30T19:50:30.621+0000] {logging_mixin.py:137} INFO - [2026-09-30T19:50:30.621+0000] {dag.py:3427} INFO - Setting next_dagrun for example_sla_dag to 2026-09-30T19:48:00+00:00, run_after=2026-09-30T19:50:00+00:00
[2026-09-30T19:50:30.643+0000] {processor.py:175} INFO - Processing /home/airflow/.local/lib/python3.7/site-packages/airflow/example_dags/example_sla_dag.py took 0.164 seconds
[2026-09-30T19:51:01.352+0000] {processor.py:153} INFO - Started process (PID=6876) to work on /home/airflow/.local/lib/python3.7/site-packages/airflow/example_dags/example_sla_dag.py
[2026-09-30T19:51:01.353+0000] {processor.py:743} INFO - Processing file /home/airflow/.local/lib/python3.7/site-packages/airflow/example_dags/example_sla_dag.py for tasks to queue
[2026-09-30T19:51:01.354+0000] {logging_mixin.py:137} INFO - [2026-09-30T19:51:01.354+0000] {dagbag.py:538} INFO - Filling up the DagBag from /home/airflow/.local/lib/python3.7/site-packages/airflow/example_dags/example_sla_dag.py
[2026-09-30T19:51:01.386+0000] {processor.py:753} INFO - DAG(s) dict_keys(['example_sla_dag']) retrieved from /home/airflow/.local/lib/python3.7/site-packages/airflow/example_dags/example_sla_dag.py
[2026-09-30T19:51:01.437+0000] {logging_mixin.py:137} INFO - [2026-09-30T19:51:01.437+0000] {dag.py:2676} INFO - Sync 1 DAGs
[2026-09-30T19:51:01.473+0000] {logging_mixin.py:137} INFO - [2026-09-30T19:51:01.473+0000] {dag.py:3427} INFO - Setting next_dagrun for example_sla_dag to 2026-09-30T19:48:00+00:00, run_after=2026-09-30T19:50:00+00:00
[2026-09-30T19:51:01.494+0000] {processor.py:175} INFO - Processing /home/airflow/.local/lib/python3.7/site-packages/airflow/example_dags/example_sla_dag.py took 0.148 seconds
[2026-09-30T19:51:32.168+0000] {processor.py:153} INFO - Started process (PID=6955) to work on /home/airflow/.local/lib/python3.7/site-packages/airflow/example_dags/example_sla_dag.py
[2026-09-30T19:51:32.169+0000] {processor.py:743} INFO - Processing file /home/airflow/.local/lib/python3.7/site-packages/airflow/example_dags/example_sla_dag.py for tasks to queue
[2026-09-30T19:51:32.171+0000] {logging_mixin.py:137} INFO - [2026-09-30T19:51:32.170+0000] {dagbag.py:538} INFO - Filling up the DagBag from /home/airflow/.local/lib/python3.7/site-packages/airflow/example_dags/example_sla_dag.py
[2026-09-30T19:51:32.209+0000] {processor.py:753} INFO - DAG(s) dict_keys(['example_sla_dag']) retrieved from /home/airflow/.local/lib/python3.7/site-packages/airflow/example_dags/example_sla_dag.py
[2026-09-30T19:51:32.256+0000] {logging_mixin.py:137} INFO - [2026-09-30T19:51:32.256+0000] {dag.py:2676} INFO - Sync 1 DAGs
[2026-09-30T19:51:32.293+0000] {logging_mixin.py:137} INFO - [2026-09-30T19:51:32.293+0000] {dag.py:3427} INFO - Setting next_dagrun for example_sla_dag to 2026-09-30T19:48:00+00:00, run_after=2026-09-30T19:50:00+00:00
[2026-09-30T19:51:32.316+0000] {processor.py:175} INFO - Processing /home/airflow/.local/lib/python3.7/site-packages/airflow/example_dags/example_sla_dag.py took 0.154 seconds
[2026-09-30T19:52:02.432+0000] {processor.py:153} INFO - Started process (PID=7034) to work on /home/airflow/.local/lib/python3.7/site-packages/airflow/example_dags/example_sla_dag.py
[2026-09-30T19:52:02.433+0000] {processor.py:743} INFO - Processing file /home/airflow/.local/lib/python3.7/site-packages/airflow/example_dags/example_sla_dag.py for tasks to queue
[2026-09-30T19:52:02.434+0000] {logging_mixin.py:137} INFO - [2026-09-30T19:52:02.434+0000] {dagbag.py:538} INFO - Filling up the DagBag from /home/airflow/.local/lib/python3.7/site-packages/airflow/example_dags/example_sla_dag.py
[2026-09-30T19:52:02.468+0000] {processor.py:753} INFO - DAG(s) dict_keys(['example_sla_dag']) retrieved from /home/airflow/.local/lib/python3.7/site-packages/airflow/example_dags/example_sla_dag.py
[2026-09-30T19:52:02.513+0000] {logging_mixin.py:137} INFO - [2026-09-30T19:52:02.513+0000] {dag.py:2676} INFO - Sync 1 DAGs
[2026-09-30T19:52:02.554+0000] {logging_mixin.py:137} INFO - [2026-09-30T19:52:02.554+0000] {dag.py:3427} INFO - Setting next_dagrun for example_sla_dag to 2026-09-30T19:50:00+00:00, run_after=2026-09-30T19:52:00+00:00
[2026-09-30T19:52:02.575+0000] {processor.py:175} INFO - Processing /home/airflow/.local/lib/python3.7/site-packages/airflow/example_dags/example_sla_dag.py took 0.148 seconds
[2026-09-30T19:52:33.028+0000] {processor.py:153} INFO - Started process (PID=7133) to work on /home/airflow/.local/lib/python3.7/site-packages/airflow/example_dags/example_sla_dag.py
[2026-09-30T19:52:33.029+0000] {processor.py:743} INFO - Processing file /home/airflow/.local/lib/python3.7/site-packages/airflow/example_dags/example_sla_dag.py for tasks to queue
[2026-09-30T19:52:33.029+0000] {logging_mixin.py:137} INFO - [2026-09-30T19:52:33.029+0000] {dagbag.py:538} INFO - Filling up the DagBag from /home/airflow/.local/lib/python3.7/site-packages/airflow/example_dags/example_sla_dag.py
[2026-09-30T19:52:33.067+0000] {processor.py:753} INFO - DAG(s) dict_keys(['example_sla_dag']) retrieved from /home/airflow/.local/lib/python3.7/site-packages/airflow/example_dags/example_sla_dag.py
[2026-09-30T19:52:33.124+0000] {logging_mixin.py:137} INFO - [2026-09-30T19:52:33.123+0000] {dag.py:2676} INFO - Sync 1 DAGs
[2026-09-30T19:52:33.178+0000] {logging_mixin.py:137} INFO - [2026-09-30T19:52:33.178+0000] {dag.py:3427} INFO - Setting next_dagrun for example_sla_dag to 2026-09-30T19:50:00+00:00, run_after=2026-09-30T19:52:00+00:00
[2026-09-30T19:52:33.204+0000] {processor.py:175} INFO - Processing /home/airflow/.local/lib/python3.7/site-packages/airflow/example_dags/example_sla_dag.py took 0.181 seconds
[2026-09-30T19:53:03.333+0000] {processor.py:153} INFO - Started process (PID=7212) to work on /home/airflow/.local/lib/python3.7/site-packages/airflow/example_dags/example_sla_dag.py
[2026-09-30T19:53:03.334+0000] {processor.py:743} INFO - Processing file /home/airflow/.local/lib/python3.7/site-packages/airflow/example_dags/example_sla_dag.py for tasks to queue
[2026-09-30T19:53:03.336+0000] {logging_mixin.py:137} INFO - [2026-09-30T19:53:03.335+0000] {dagbag.py:538} INFO - Filling up the DagBag from /home/airflow/.local/lib/python3.7/site-packages/airflow/example_dags/example_sla_dag.py
[2026-09-30T19:53:03.379+0000] {processor.py:753} INFO - DAG(s) dict_keys(['example_sla_dag']) retrieved from /home/airflow/.local/lib/python3.7/site-packages/airflow/example_dags/example_sla_dag.py
[2026-09-30T19:53:03.426+0000] {logging_mixin.py:137} INFO - [2026-09-30T19:53:03.426+0000] {dag.py:2676} INFO - Sync 1 DAGs
[2026-09-30T19:53:03.472+0000] {logging_mixin.py:137} INFO - [2026-09-30T19:53:03.471+0000] {dag.py:3427} INFO - Setting next_dagrun for example_sla_dag to 2026-09-30T19:50:00+00:00, run_after=2026-09-30T19:52:00+00:00
[2026-09-30T19:53:03.498+0000] {processor.py:175} INFO - Processing /home/airflow/.local/lib/python3.7/site-packages/airflow/example_dags/example_sla_dag.py took 0.171 seconds
[2026-09-30T19:53:34.232+0000] {processor.py:153} INFO - Started process (PID=7291) to work on /home/airflow/.local/lib/python3.7/site-packages/airflow/example_dags/example_sla_dag.py
[2026-09-30T19:53:34.233+0000] {processor.py:743} INFO - Processing file /home/airflow/.local/lib/python3.7/site-packages/airflow/example_dags/example_sla_dag.py for tasks to queue
[2026-09-30T19:53:34.233+0000] {logging_mixin.py:137} INFO - [2026-09-30T19:53:34.233+0000] {dagbag.py:538} INFO - Filling up the DagBag from /home/airflow/.local/lib/python3.7/site-packages/airflow/example_dags/example_sla_dag.py
[2026-09-30T19:53:34.263+0000] {processor.py:753} INFO - DAG(s) dict_keys(['example_sla_dag']) retrieved from /home/airflow/.local/lib/python3.7/site-packages/airflow/example_dags/example_sla_dag.py
[2026-09-30T19:53:34.312+0000] {logging_mixin.py:137} INFO - [2026-09-30T19:53:34.312+0000] {dag.py:2676} INFO - Sync 1 DAGs
[2026-09-30T19:53:34.350+0000] {logging_mixin.py:137} INFO - [2026-09-30T19:53:34.350+0000] {dag.py:3427} INFO - Setting next_dagrun for example_sla_dag to 2026-09-30T19:50:00+00:00, run_after=2026-09-30T19:52:00+00:00
[2026-09-30T19:53:34.369+0000] {processor.py:175} INFO - Processing /home/airflow/.local/lib/python3.7/site-packages/airflow/example_dags/example_sla_dag.py took 0.141 seconds
[2026-09-30T19:54:04.799+0000] {processor.py:153} INFO - Started process (PID=7370) to work on /home/airflow/.local/lib/python3.7/site-packages/airflow/example_dags/example_sla_dag.py
[2026-09-30T19:54:04.800+0000] {processor.py:743} INFO - Processing file /home/airflow/.local/lib/python3.7/site-packages/airflow/example_dags/example_sla_dag.py for tasks to queue
[2026-09-30T19:54:04.801+0000] {logging_mixin.py:137} INFO - [2026-09-30T19:54:04.801+0000] {dagbag.py:538} INFO - Filling up the DagBag from /home/airflow/.local/lib/python3.7/site-packages/airflow/example_dags/example_sla_dag.py
[2026-09-30T19:54:04.831+0000] {processor.py:753} INFO - DAG(s) dict_keys(['example_sla_dag']) retrieved from /home/airflow/.local/lib/python3.7/site-packages/airflow/example_dags/example_sla_dag.py
[2026-09-30T19:54:04.878+0000] {logging_mixin.py:137} INFO - [2026-09-30T19:54:04.877+0000] {dag.py:2676} INFO - Sync 1 DAGs
[2026-09-30T19:54:04.917+0000] {logging_mixin.py:137} INFO - [2026-09-30T19:54:04.917+0000] {dag.py:3427} INFO - Setting next_dagrun for example_sla_dag to 2026-09-30T19:52:00+00:00, run_after=2026-09-30T19:54:00+00:00
[2026-09-30T19:54:04.944+0000] {processor.py:175} INFO - Processing /home/airflow/.local/lib/python3.7/site-packages/airflow/example_dags/example_sla_dag.py took 0.149 seconds
[2026-09-30T19:54:35.348+0000] {processor.py:153} INFO - Started process (PID=7471) to work on /home/airflow/.local/lib/python3.7/site-packages/airflow/example_dags/example_sla_dag.py
[2026-09-30T19:54:35.349+0000] {processor.py:743} INFO - Processing file /home/airflow/.local/lib/python3.7/site-packages/airflow/example_dags/example_sla_dag.py for tasks to queue
[2026-09-30T19:54:35.350+0000] {logging_mixin.py:137} INFO - [2026-09-30T19:54:35.350+0000] {dagbag.py:538} INFO - Filling up the DagBag from /home/airflow/.local/lib/python3.7/site-packages/airflow/example_dags/example_sla_dag.py
[2026-09-30T19:54:35.389+0000] {processor.py:753} INFO - DAG(s) dict_keys(['example_sla_dag']) retrieved from /home/airflow/.local/lib/python3.7/site-packages/airflow/example_dags/example_sla_dag.py
[2026-09-30T19:54:35.459+0000] {logging_mixin.py:137} INFO - [2026-09-30T19:54:35.459+0000] {dag.py:2676} INFO - Sync 1 DAGs
[2026-09-30T19:54:35.505+0000] {logging_mixin.py:137} INFO - [2026-09-30T19:54:35.505+0000] {dag.py:3427} INFO - Setting next_dagrun for example_sla_dag to 2026-09-30T19:52:00+00:00, run_after=2026-09-30T19:54:00+00:00
[2026-09-30T19:54:35.526+0000] {processor.py:175} INFO - Processing /home/airflow/.local/lib/python3.7/site-packages/airflow/example_dags/example_sla_dag.py took 0.184 seconds
[2026-09-30T19:55:05.918+0000] {processor.py:153} INFO - Started process (PID=7550) to work on /home/airflow/.local/lib/python3.7/site-packages/airflow/example_dags/example_sla_dag.py
[2026-09-30T19:55:05.919+0000] {processor.py:743} INFO - Processing file /home/airflow/.local/lib/python3.7/site-packages/airflow/example_dags/example_sla_dag.py for tasks to queue
[2026-09-30T19:55:05.920+0000] {logging_mixin.py:137} INFO - [2026-09-30T19:55:05.920+0000] {dagbag.py:538} INFO - Filling up the DagBag from /home/airflow/.local/lib/python3.7/site-packages/airflow/example_dags/example_sla_dag.py
[2026-09-30T19:55:05.953+0000] {processor.py:753} INFO - DAG(s) dict_keys(['example_sla_dag']) retrieved from /home/airflow/.local/lib/python3.7/site-packages/airflow/example_dags/example_sla_dag.py
[2026-09-30T19:55:06.000+0000] {logging_mixin.py:137} INFO - [2026-09-30T19:55:06.000+0000] {dag.py:2676} INFO - Sync 1 DAGs
[2026-09-30T19:55:06.035+0000] {logging_mixin.py:137} INFO - [2026-09-30T19:55:06.035+0000] {dag.py:3427} INFO - Setting next_dagrun for example_sla_dag to 2026-09-30T19:52:00+00:00, run_after=2026-09-30T19:54:00+00:00
[2026-09-30T19:55:06.057+0000] {processor.py:175} INFO - Processing /home/airflow/.local/lib/python3.7/site-packages/airflow/example_dags/example_sla_dag.py took 0.143 seconds
[2026-09-30T19:55:36.240+0000] {processor.py:153} INFO - Started process (PID=7629) to work on /home/airflow/.local/lib/python3.7/site-packages/airflow/example_dags/example_sla_dag.py
[2026-09-30T19:55:36.241+0000] {processor.py:743} INFO - Processing file /home/airflow/.local/lib/python3.7/site-packages/airflow/example_dags/example_sla_dag.py for tasks to queue
[2026-09-30T19:55:36.242+0000] {logging_mixin.py:137} INFO - [2026-09-30T19:55:36.242+0000] {dagbag.py:538} INFO - Filling up the DagBag from /home/airflow/.local/lib/python3.7/site-packages/airflow/example_dags/example_sla_dag.py
[2026-09-30T19:55:36.288+0000] {processor.py:753} INFO - DAG(s) dict_keys(['example_sla_dag']) retrieved from /home/airflow/.local/lib/python3.7/site-packages/airflow/example_dags/example_sla_dag.py
[2026-09-30T19:55:36.361+0000] {logging_mixin.py:137} INFO - [2026-09-30T19:55:36.361+0000] {dag.py:2676} INFO - Sync 1 DAGs
[2026-09-30T19:55:36.415+0000] {logging_mixin.py:137} INFO - [2026-09-30T19:55:36.415+0000] {dag.py:3427} INFO - Setting next_dagrun for example_sla_dag to 2026-09-30T19:52:00+00:00, run_after=2026-09-30T19:54:00+00:00
[2026-09-30T19:55:36.449+0000] {processor.py:175} INFO - Processing /home/airflow/.local/lib/python3.7/site-packages/airflow/example_dags/example_sla_dag.py took 0.217 seconds
[2026-09-30T19:56:06.760+0000] {processor.py:153} INFO - Started process (PID=7708) to work on /home/airflow/.local/lib/python3.7/site-packages/airflow/example_dags/example_sla_dag.py
[2026-09-30T19:56:06.762+0000] {processor.py:743} INFO - Processing file /home/airflow/.local/lib/python3.7/site-packages/airflow/example_dags/example_sla_dag.py for tasks to queue
[2026-09-30T19:56:06.763+0000] {logging_mixin.py:137} INFO - [2026-09-30T19:56:06.763+0000] {dagbag.py:538} INFO - Filling up the DagBag from /home/airflow/.local/lib/python3.7/site-packages/airflow/example_dags/example_sla_dag.py
[2026-09-30T19:56:06.800+0000] {processor.py:753} INFO - DAG(s) dict_keys(['example_sla_dag']) retrieved from /home/airflow/.local/lib/python3.7/site-packages/airflow/example_dags/example_sla_dag.py
[2026-09-30T19:56:06.850+0000] {logging_mixin.py:137} INFO - [2026-09-30T19:56:06.849+0000] {dag.py:2676} INFO - Sync 1 DAGs
[2026-09-30T19:56:06.885+0000] {logging_mixin.py:137} INFO - [2026-09-30T19:56:06.884+0000] {dag.py:3427} INFO - Setting next_dagrun for example_sla_dag to 2026-09-30T19:54:00+00:00, run_after=2026-09-30T19:56:00+00:00
[2026-09-30T19:56:06.909+0000] {processor.py:175} INFO - Processing /home/airflow/.local/lib/python3.7/site-packages/airflow/example_dags/example_sla_dag.py took 0.156 seconds
[2026-09-30T19:56:37.033+0000] {processor.py:153} INFO - Started process (PID=7807) to work on /home/airflow/.local/lib/python3.7/site-packages/airflow/example_dags/example_sla_dag.py
[2026-09-30T19:56:37.034+0000] {processor.py:743} INFO - Processing file /home/airflow/.local/lib/python3.7/site-packages/airflow/example_dags/example_sla_dag.py for tasks to queue
[2026-09-30T19:56:37.034+0000] {logging_mixin.py:137} INFO - [2026-09-30T19:56:37.034+0000] {dagbag.py:538} INFO - Filling up the DagBag from /home/airflow/.local/lib/python3.7/site-packages/airflow/example_dags/example_sla_dag.py
[2026-09-30T19:56:37.080+0000] {processor.py:753} INFO - DAG(s) dict_keys(['example_sla_dag']) retrieved from /home/airflow/.local/lib/python3.7/site-packages/airflow/example_dags/example_sla_dag.py
[2026-09-30T19:56:37.158+0000] {logging_mixin.py:137} INFO - [2026-09-30T19:56:37.158+0000] {dag.py:2676} INFO - Sync 1 DAGs
[2026-09-30T19:56:37.227+0000] {logging_mixin.py:137} INFO - [2026-09-30T19:56:37.227+0000] {dag.py:3427} INFO - Setting next_dagrun for example_sla_dag to 2026-09-30T19:54:00+00:00, run_after=2026-09-30T19:56:00+00:00
[2026-09-30T19:56:37.248+0000] {processor.py:175} INFO - Processing /home/airflow/.local/lib/python3.7/site-packages/airflow/example_dags/example_sla_dag.py took 0.219 seconds
[2026-09-30T19:57:07.444+0000] {processor.py:153} INFO - Started process (PID=7886) to work on /home/airflow/.local/lib/python3.7/site-packages/airflow/example_dags/example_sla_dag.py
[2026-09-30T19:57:07.445+0000] {processor.py:743} INFO - Processing file /home/airflow/.local/lib/python3.7/site-packages/airflow/example_dags/example_sla_dag.py for tasks to queue
[2026-09-30T19:57:07.446+0000] {logging_mixin.py:137} INFO - [2026-09-30T19:57:07.446+0000] {dagbag.py:538} INFO - Filling up the DagBag from /home/airflow/.local/lib/python3.7/site-packages/airflow/example_dags/example_sla_dag.py
[2026-09-30T19:57:07.482+0000] {processor.py:753} INFO - DAG(s) dict_keys(['example_sla_dag']) retrieved from /home/airflow/.local/lib/python3.7/site-packages/airflow/example_dags/example_sla_dag.py
[2026-09-30T19:57:07.532+0000] {logging_mixin.py:137} INFO - [2026-09-30T19:57:07.532+0000] {dag.py:2676} INFO - Sync 1 DAGs
[2026-09-30T19:57:07.567+0000] {logging_mixin.py:137} INFO - [2026-09-30T19:57:07.567+0000] {dag.py:3427} INFO - Setting next_dagrun for example_sla_dag to 2026-09-30T19:54:00+00:00, run_after=2026-09-30T19:56:00+00:00
[2026-09-30T19:57:07.588+0000] {processor.py:175} INFO - Processing /home/airflow/.local/lib/python3.7/site-packages/airflow/example_dags/example_sla_dag.py took 0.149 seconds
[2026-09-30T19:57:37.871+0000] {processor.py:153} INFO - Started process (PID=7965) to work on /home/airflow/.local/lib/python3.7/site-packages/airflow/example_dags/example_sla_dag.py
[2026-09-30T19:57:37.873+0000] {processor.py:743} INFO - Processing file /home/airflow/.local/lib/python3.7/site-packages/airflow/example_dags/example_sla_dag.py for tasks to queue
[2026-09-30T19:57:37.874+0000] {logging_mixin.py:137} INFO - [2026-09-30T19:57:37.874+0000] {dagbag.py:538} INFO - Filling up the DagBag from /home/airflow/.local/lib/python3.7/site-packages/airflow/example_dags/example_sla_dag.py
[2026-09-30T19:57:37.920+0000] {processor.py:753} INFO - DAG(s) dict_keys(['example_sla_dag']) retrieved from /home/airflow/.local/lib/python3.7/site-packages/airflow/example_dags/example_sla_dag.py
[2026-09-30T19:57:37.992+0000] {logging_mixin.py:137} INFO - [2026-09-30T19:57:37.992+0000] {dag.py:2676} INFO - Sync 1 DAGs
[2026-09-30T19:57:38.036+0000] {logging_mixin.py:137} INFO - [2026-09-30T19:57:38.036+0000] {dag.py:3427} INFO - Setting next_dagrun for example_sla_dag to 2026-09-30T19:54:00+00:00, run_after=2026-09-30T19:56:00+00:00
[2026-09-30T19:57:38.057+0000] {processor.py:175} INFO - Processing /home/airflow/.local/lib/python3.7/site-packages/airflow/example_dags/example_sla_dag.py took 0.192 seconds
[2026-09-30T19:58:08.238+0000] {processor.py:153} INFO - Started process (PID=8044) to work on /home/airflow/.local/lib/python3.7/site-packages/airflow/example_dags/example_sla_dag.py
[2026-09-30T19:58:08.239+0000] {processor.py:743} INFO - Processing file /home/airflow/.local/lib/python3.7/site-packages/airflow/example_dags/example_sla_dag.py for tasks to queue
[2026-09-30T19:58:08.240+0000] {logging_mixin.py:137} INFO - [2026-09-30T19:58:08.240+0000] {dagbag.py:538} INFO - Filling up the DagBag from /home/airflow/.local/lib/python3.7/site-packages/airflow/example_dags/example_sla_dag.py
[2026-09-30T19:58:08.287+0000] {processor.py:753} INFO - DAG(s) dict_keys(['example_sla_dag']) retrieved from /home/airflow/.local/lib/python3.7/site-packages/airflow/example_dags/example_sla_dag.py
[2026-09-30T19:58:08.355+0000] {logging_mixin.py:137} INFO - [2026-09-30T19:58:08.355+0000] {dag.py:2676} INFO - Sync 1 DAGs
[2026-09-30T19:58:08.402+0000] {logging_mixin.py:137} INFO - [2026-09-30T19:58:08.402+0000] {dag.py:3427} INFO - Setting next_dagrun for example_sla_dag to 2026-09-30T19:56:00+00:00, run_after=2026-09-30T19:58:00+00:00
[2026-09-30T19:58:08.432+0000] {processor.py:175} INFO - Processing /home/airflow/.local/lib/python3.7/site-packages/airflow/example_dags/example_sla_dag.py took 0.198 seconds
[2026-09-30T19:58:38.577+0000] {processor.py:153} INFO - Started process (PID=8123) to work on /home/airflow/.local/lib/python3.7/site-packages/airflow/example_dags/example_sla_dag.py
[2026-09-30T19:58:38.579+0000] {processor.py:743} INFO - Processing file /home/airflow/.local/lib/python3.7/site-packages/airflow/example_dags/example_sla_dag.py for tasks to queue
[2026-09-30T19:58:38.580+0000] {logging_mixin.py:137} INFO - [2026-09-30T19:58:38.580+0000] {dagbag.py:538} INFO - Filling up the DagBag from /home/airflow/.local/lib/python3.7/site-packages/airflow/example_dags/example_sla_dag.py
[2026-09-30T19:58:38.627+0000] {processor.py:753} INFO - DAG(s) dict_keys(['example_sla_dag']) retrieved from /home/airflow/.local/lib/python3.7/site-packages/airflow/example_dags/example_sla_dag.py
[2026-09-30T19:58:38.691+0000] {logging_mixin.py:137} INFO - [2026-09-30T19:58:38.691+0000] {dag.py:2676} INFO - Sync 1 DAGs
[2026-09-30T19:58:38.729+0000] {logging_mixin.py:137} INFO - [2026-09-30T19:58:38.728+0000] {dag.py:3427} INFO - Setting next_dagrun for example_sla_dag to 2026-09-30T19:56:00+00:00, run_after=2026-09-30T19:58:00+00:00
[2026-09-30T19:58:38.754+0000] {processor.py:175} INFO - Processing /home/airflow/.local/lib/python3.7/site-packages/airflow/example_dags/example_sla_dag.py took 0.184 seconds
[2026-09-30T19:59:09.084+0000] {processor.py:153} INFO - Started process (PID=8211) to work on /home/airflow/.local/lib/python3.7/site-packages/airflow/example_dags/example_sla_dag.py
[2026-09-30T19:59:09.085+0000] {processor.py:743} INFO - Processing file /home/airflow/.local/lib/python3.7/site-packages/airflow/example_dags/example_sla_dag.py for tasks to queue
[2026-09-30T19:59:09.085+0000] {logging_mixin.py:137} INFO - [2026-09-30T19:59:09.085+0000] {dagbag.py:538} INFO - Filling up the DagBag from /home/airflow/.local/lib/python3.7/site-packages/airflow/example_dags/example_sla_dag.py
[2026-09-30T19:59:09.116+0000] {processor.py:753} INFO - DAG(s) dict_keys(['example_sla_dag']) retrieved from /home/airflow/.local/lib/python3.7/site-packages/airflow/example_dags/example_sla_dag.py
[2026-09-30T19:59:09.174+0000] {logging_mixin.py:137} INFO - [2026-09-30T19:59:09.174+0000] {dag.py:2676} INFO - Sync 1 DAGs
[2026-09-30T19:59:09.212+0000] {logging_mixin.py:137} INFO - [2026-09-30T19:59:09.211+0000] {dag.py:3427} INFO - Setting next_dagrun for example_sla_dag to 2026-09-30T19:56:00+00:00, run_after=2026-09-30T19:58:00+00:00
[2026-09-30T19:59:09.237+0000] {processor.py:175} INFO - Processing /home/airflow/.local/lib/python3.7/site-packages/airflow/example_dags/example_sla_dag.py took 0.158 seconds
[2026-09-30T19:59:39.518+0000] {processor.py:153} INFO - Started process (PID=8301) to work on /home/airflow/.local/lib/python3.7/site-packages/airflow/example_dags/example_sla_dag.py
[2026-09-30T19:59:39.520+0000] {processor.py:743} INFO - Processing file /home/airflow/.local/lib/python3.7/site-packages/airflow/example_dags/example_sla_dag.py for tasks to queue
[2026-09-30T19:59:39.521+0000] {logging_mixin.py:137} INFO - [2026-09-30T19:59:39.520+0000] {dagbag.py:538} INFO - Filling up the DagBag from /home/airflow/.local/lib/python3.7/site-packages/airflow/example_dags/example_sla_dag.py
[2026-09-30T19:59:39.566+0000] {processor.py:753} INFO - DAG(s) dict_keys(['example_sla_dag']) retrieved from /home/airflow/.local/lib/python3.7/site-packages/airflow/example_dags/example_sla_dag.py
[2026-09-30T19:59:39.625+0000] {logging_mixin.py:137} INFO - [2026-09-30T19:59:39.625+0000] {dag.py:2676} INFO - Sync 1 DAGs
[2026-09-30T19:59:39.673+0000] {logging_mixin.py:137} INFO - [2026-09-30T19:59:39.673+0000] {dag.py:3427} INFO - Setting next_dagrun for example_sla_dag to 2026-09-30T19:56:00+00:00, run_after=2026-09-30T19:58:00+00:00
[2026-09-30T19:59:39.699+0000] {processor.py:175} INFO - Processing /home/airflow/.local/lib/python3.7/site-packages/airflow/example_dags/example_sla_dag.py took 0.187 seconds
[2026-09-30T20:00:10.208+0000] {processor.py:153} INFO - Started process (PID=8380) to work on /home/airflow/.local/lib/python3.7/site-packages/airflow/example_dags/example_sla_dag.py
[2026-09-30T20:00:10.208+0000] {processor.py:743} INFO - Processing file /home/airflow/.local/lib/python3.7/site-packages/airflow/example_dags/example_sla_dag.py for tasks to queue
[2026-09-30T20:00:10.209+0000] {logging_mixin.py:137} INFO - [2026-09-30T20:00:10.209+0000] {dagbag.py:538} INFO - Filling up the DagBag from /home/airflow/.local/lib/python3.7/site-packages/airflow/example_dags/example_sla_dag.py
[2026-09-30T20:00:10.231+0000] {processor.py:753} INFO - DAG(s) dict_keys(['example_sla_dag']) retrieved from /home/airflow/.local/lib/python3.7/site-packages/airflow/example_dags/example_sla_dag.py
[2026-09-30T20:00:10.265+0000] {logging_mixin.py:137} INFO - [2026-09-30T20:00:10.265+0000] {dag.py:2676} INFO - Sync 1 DAGs
[2026-09-30T20:00:10.291+0000] {logging_mixin.py:137} INFO - [2026-09-30T20:00:10.291+0000] {dag.py:3427} INFO - Setting next_dagrun for example_sla_dag to 2026-09-30T19:58:00+00:00, run_after=2026-09-30T20:00:00+00:00
[2026-09-30T20:00:10.307+0000] {processor.py:175} INFO - Processing /home/airflow/.local/lib/python3.7/site-packages/airflow/example_dags/example_sla_dag.py took 0.102 seconds
[2026-09-30T20:00:41.001+0000] {processor.py:153} INFO - Started process (PID=8459) to work on /home/airflow/.local/lib/python3.7/site-packages/airflow/example_dags/example_sla_dag.py
[2026-09-30T20:00:41.002+0000] {processor.py:743} INFO - Processing file /home/airflow/.local/lib/python3.7/site-packages/airflow/example_dags/example_sla_dag.py for tasks to queue
[2026-09-30T20:00:41.004+0000] {logging_mixin.py:137} INFO - [2026-09-30T20:00:41.003+0000] {dagbag.py:538} INFO - Filling up the DagBag from /home/airflow/.local/lib/python3.7/site-packages/airflow/example_dags/example_sla_dag.py
[2026-09-30T20:00:41.042+0000] {processor.py:753} INFO - DAG(s) dict_keys(['example_sla_dag']) retrieved from /home/airflow/.local/lib/python3.7/site-packages/airflow/example_dags/example_sla_dag.py
[2026-09-30T20:00:41.095+0000] {logging_mixin.py:137} INFO - [2026-09-30T20:00:41.094+0000] {dag.py:2676} INFO - Sync 1 DAGs
[2026-09-30T20:00:41.141+0000] {logging_mixin.py:137} INFO - [2026-09-30T20:00:41.141+0000] {dag.py:3427} INFO - Setting next_dagrun for example_sla_dag to 2026-09-30T19:58:00+00:00, run_after=2026-09-30T20:00:00+00:00
[2026-09-30T20:00:41.171+0000] {processor.py:175} INFO - Processing /home/airflow/.local/lib/python3.7/site-packages/airflow/example_dags/example_sla_dag.py took 0.176 seconds
[2026-09-30T20:01:11.390+0000] {processor.py:153} INFO - Started process (PID=8547) to work on /home/airflow/.local/lib/python3.7/site-packages/airflow/example_dags/example_sla_dag.py
[2026-09-30T20:01:11.391+0000] {processor.py:743} INFO - Processing file /home/airflow/.local/lib/python3.7/site-packages/airflow/example_dags/example_sla_dag.py for tasks to queue
[2026-09-30T20:01:11.392+0000] {logging_mixin.py:137} INFO - [2026-09-30T20:01:11.392+0000] {dagbag.py:538} INFO - Filling up the DagBag from /home/airflow/.local/lib/python3.7/site-packages/airflow/example_dags/example_sla_dag.py
[2026-09-30T20:01:11.427+0000] {processor.py:753} INFO - DAG(s) dict_keys(['example_sla_dag']) retrieved from /home/airflow/.local/lib/python3.7/site-packages/airflow/example_dags/example_sla_dag.py
[2026-09-30T20:01:11.485+0000] {logging_mixin.py:137} INFO - [2026-09-30T20:01:11.485+0000] {dag.py:2676} INFO - Sync 1 DAGs
[2026-09-30T20:01:11.520+0000] {logging_mixin.py:137} INFO - [2026-09-30T20:01:11.520+0000] {dag.py:3427} INFO - Setting next_dagrun for example_sla_dag to 2026-09-30T19:58:00+00:00, run_after=2026-09-30T20:00:00+00:00
[2026-09-30T20:01:11.542+0000] {processor.py:175} INFO - Processing /home/airflow/.local/lib/python3.7/site-packages/airflow/example_dags/example_sla_dag.py took 0.158 seconds
[2026-09-30T20:01:42.122+0000] {processor.py:153} INFO - Started process (PID=8637) to work on /home/airflow/.local/lib/python3.7/site-packages/airflow/example_dags/example_sla_dag.py
[2026-09-30T20:01:42.123+0000] {processor.py:743} INFO - Processing file /home/airflow/.local/lib/python3.7/site-packages/airflow/example_dags/example_sla_dag.py for tasks to queue
[2026-09-30T20:01:42.125+0000] {logging_mixin.py:137} INFO - [2026-09-30T20:01:42.124+0000] {dagbag.py:538} INFO - Filling up the DagBag from /home/airflow/.local/lib/python3.7/site-packages/airflow/example_dags/example_sla_dag.py
[2026-09-30T20:01:42.171+0000] {processor.py:753} INFO - DAG(s) dict_keys(['example_sla_dag']) retrieved from /home/airflow/.local/lib/python3.7/site-packages/airflow/example_dags/example_sla_dag.py
[2026-09-30T20:01:42.221+0000] {logging_mixin.py:137} INFO - [2026-09-30T20:01:42.221+0000] {dag.py:2676} INFO - Sync 1 DAGs
[2026-09-30T20:01:42.269+0000] {logging_mixin.py:137} INFO - [2026-09-30T20:01:42.269+0000] {dag.py:3427} INFO - Setting next_dagrun for example_sla_dag to 2026-09-30T19:58:00+00:00, run_after=2026-09-30T20:00:00+00:00
[2026-09-30T20:01:42.298+0000] {processor.py:175} INFO - Processing /home/airflow/.local/lib/python3.7/site-packages/airflow/example_dags/example_sla_dag.py took 0.183 seconds
[2026-09-30T20:02:12.425+0000] {processor.py:153} INFO - Started process (PID=8716) to work on /home/airflow/.local/lib/python3.7/site-packages/airflow/example_dags/example_sla_dag.py
[2026-09-30T20:02:12.426+0000] {processor.py:743} INFO - Processing file /home/airflow/.local/lib/python3.7/site-packages/airflow/example_dags/example_sla_dag.py for tasks to queue
[2026-09-30T20:02:12.427+0000] {logging_mixin.py:137} INFO - [2026-09-30T20:02:12.427+0000] {dagbag.py:538} INFO - Filling up the DagBag from /home/airflow/.local/lib/python3.7/site-packages/airflow/example_dags/example_sla_dag.py
[2026-09-30T20:02:12.454+0000] {processor.py:753} INFO - DAG(s) dict_keys(['example_sla_dag']) retrieved from /home/airflow/.local/lib/python3.7/site-packages/airflow/example_dags/example_sla_dag.py
[2026-09-30T20:02:12.502+0000] {logging_mixin.py:137} INFO - [2026-09-30T20:02:12.502+0000] {dag.py:2676} INFO - Sync 1 DAGs
[2026-09-30T20:02:12.542+0000] {logging_mixin.py:137} INFO - [2026-09-30T20:02:12.542+0000] {dag.py:3427} INFO - Setting next_dagrun for example_sla_dag to 2026-09-30T20:00:00+00:00, run_after=2026-09-30T20:02:00+00:00
[2026-09-30T20:02:12.574+0000] {processor.py:175} INFO - Processing /home/airflow/.local/lib/python3.7/site-packages/airflow/example_dags/example_sla_dag.py took 0.152 seconds
[2026-09-30T20:02:42.626+0000] {processor.py:153} INFO - Started process (PID=8794) to work on /home/airflow/.local/lib/python3.7/site-packages/airflow/example_dags/example_sla_dag.py
[2026-09-30T20:02:42.629+0000] {processor.py:743} INFO - Processing file /home/airflow/.local/lib/python3.7/site-packages/airflow/example_dags/example_sla_dag.py for tasks to queue
[2026-09-30T20:02:42.629+0000] {logging_mixin.py:137} INFO - [2026-09-30T20:02:42.629+0000] {dagbag.py:538} INFO - Filling up the DagBag from /home/airflow/.local/lib/python3.7/site-packages/airflow/example_dags/example_sla_dag.py
[2026-09-30T20:02:42.657+0000] {processor.py:753} INFO - DAG(s) dict_keys(['example_sla_dag']) retrieved from /home/airflow/.local/lib/python3.7/site-packages/airflow/example_dags/example_sla_dag.py
[2026-09-30T20:02:42.705+0000] {logging_mixin.py:137} INFO - [2026-09-30T20:02:42.705+0000] {dag.py:2676} INFO - Sync 1 DAGs
[2026-09-30T20:02:42.746+0000] {logging_mixin.py:137} INFO - [2026-09-30T20:02:42.746+0000] {dag.py:3427} INFO - Setting next_dagrun for example_sla_dag to 2026-09-30T20:00:00+00:00, run_after=2026-09-30T20:02:00+00:00
[2026-09-30T20:02:42.766+0000] {processor.py:175} INFO - Processing /home/airflow/.local/lib/python3.7/site-packages/airflow/example_dags/example_sla_dag.py took 0.146 seconds
[2026-09-30T20:03:13.126+0000] {processor.py:153} INFO - Started process (PID=8874) to work on /home/airflow/.local/lib/python3.7/site-packages/airflow/example_dags/example_sla_dag.py
[2026-09-30T20:03:13.128+0000] {processor.py:743} INFO - Processing file /home/airflow/.local/lib/python3.7/site-packages/airflow/example_dags/example_sla_dag.py for tasks to queue
[2026-09-30T20:03:13.129+0000] {logging_mixin.py:137} INFO - [2026-09-30T20:03:13.129+0000] {dagbag.py:538} INFO - Filling up the DagBag from /home/airflow/.local/lib/python3.7/site-packages/airflow/example_dags/example_sla_dag.py
[2026-09-30T20:03:13.176+0000] {processor.py:753} INFO - DAG(s) dict_keys(['example_sla_dag']) retrieved from /home/airflow/.local/lib/python3.7/site-packages/airflow/example_dags/example_sla_dag.py
[2026-09-30T20:03:13.237+0000] {logging_mixin.py:137} INFO - [2026-09-30T20:03:13.237+0000] {dag.py:2676} INFO - Sync 1 DAGs
[2026-09-30T20:03:13.276+0000] {logging_mixin.py:137} INFO - [2026-09-30T20:03:13.276+0000] {dag.py:3427} INFO - Setting next_dagrun for example_sla_dag to 2026-09-30T20:00:00+00:00, run_after=2026-09-30T20:02:00+00:00
[2026-09-30T20:03:13.299+0000] {processor.py:175} INFO - Processing /home/airflow/.local/lib/python3.7/site-packages/airflow/example_dags/example_sla_dag.py took 0.179 seconds
[2026-09-30T20:03:43.692+0000] {processor.py:153} INFO - Started process (PID=8962) to work on /home/airflow/.local/lib/python3.7/site-packages/airflow/example_dags/example_sla_dag.py
[2026-09-30T20:03:43.693+0000] {processor.py:743} INFO - Processing file /home/airflow/.local/lib/python3.7/site-packages/airflow/example_dags/example_sla_dag.py for tasks to queue
[2026-09-30T20:03:43.695+0000] {logging_mixin.py:137} INFO - [2026-09-30T20:03:43.694+0000] {dagbag.py:538} INFO - Filling up the DagBag from /home/airflow/.local/lib/python3.7/site-packages/airflow/example_dags/example_sla_dag.py
[2026-09-30T20:03:43.759+0000] {processor.py:753} INFO - DAG(s) dict_keys(['example_sla_dag']) retrieved from /home/airflow/.local/lib/python3.7/site-packages/airflow/example_dags/example_sla_dag.py
[2026-09-30T20:03:43.810+0000] {logging_mixin.py:137} INFO - [2026-09-30T20:03:43.809+0000] {dag.py:2676} INFO - Sync 1 DAGs
[2026-09-30T20:03:43.864+0000] {logging_mixin.py:137} INFO - [2026-09-30T20:03:43.864+0000] {dag.py:3427} INFO - Setting next_dagrun for example_sla_dag to 2026-09-30T20:00:00+00:00, run_after=2026-09-30T20:02:00+00:00
[2026-09-30T20:03:43.900+0000] {processor.py:175} INFO - Processing /home/airflow/.local/lib/python3.7/site-packages/airflow/example_dags/example_sla_dag.py took 0.212 seconds
[2026-09-30T20:04:14.059+0000] {processor.py:153} INFO - Started process (PID=9052) to work on /home/airflow/.local/lib/python3.7/site-packages/airflow/example_dags/example_sla_dag.py
[2026-09-30T20:04:14.060+0000] {processor.py:743} INFO - Processing file /home/airflow/.local/lib/python3.7/site-packages/airflow/example_dags/example_sla_dag.py for tasks to queue
[2026-09-30T20:04:14.061+0000] {logging_mixin.py:137} INFO - [2026-09-30T20:04:14.061+0000] {dagbag.py:538} INFO - Filling up the DagBag from /home/airflow/.local/lib/python3.7/site-packages/airflow/example_dags/example_sla_dag.py
[2026-09-30T20:04:14.094+0000] {processor.py:753} INFO - DAG(s) dict_keys(['example_sla_dag']) retrieved from /home/airflow/.local/lib/python3.7/site-packages/airflow/example_dags/example_sla_dag.py
[2026-09-30T20:04:14.157+0000] {logging_mixin.py:137} INFO - [2026-09-30T20:04:14.157+0000] {dag.py:2676} INFO - Sync 1 DAGs
[2026-09-30T20:04:14.202+0000] {logging_mixin.py:137} INFO - [2026-09-30T20:04:14.202+0000] {dag.py:3427} INFO - Setting next_dagrun for example_sla_dag to 2026-09-30T20:02:00+00:00, run_after=2026-09-30T20:04:00+00:00
[2026-09-30T20:04:14.230+0000] {processor.py:175} INFO - Processing /home/airflow/.local/lib/python3.7/site-packages/airflow/example_dags/example_sla_dag.py took 0.174 seconds
[2026-09-30T20:04:44.438+0000] {processor.py:153} INFO - Started process (PID=9131) to work on /home/airflow/.local/lib/python3.7/site-packages/airflow/example_dags/example_sla_dag.py
[2026-09-30T20:04:44.439+0000] {processor.py:743} INFO - Processing file /home/airflow/.local/lib/python3.7/site-packages/airflow/example_dags/example_sla_dag.py for tasks to queue
[2026-09-30T20:04:44.440+0000] {logging_mixin.py:137} INFO - [2026-09-30T20:04:44.439+0000] {dagbag.py:538} INFO - Filling up the DagBag from /home/airflow/.local/lib/python3.7/site-packages/airflow/example_dags/example_sla_dag.py
[2026-09-30T20:04:44.473+0000] {processor.py:753} INFO - DAG(s) dict_keys(['example_sla_dag']) retrieved from /home/airflow/.local/lib/python3.7/site-packages/airflow/example_dags/example_sla_dag.py
[2026-09-30T20:04:44.535+0000] {logging_mixin.py:137} INFO - [2026-09-30T20:04:44.535+0000] {dag.py:2676} INFO - Sync 1 DAGs
[2026-09-30T20:04:44.585+0000] {logging_mixin.py:137} INFO - [2026-09-30T20:04:44.585+0000] {dag.py:3427} INFO - Setting next_dagrun for example_sla_dag to 2026-09-30T20:02:00+00:00, run_after=2026-09-30T20:04:00+00:00
[2026-09-30T20:04:44.616+0000] {processor.py:175} INFO - Processing /home/airflow/.local/lib/python3.7/site-packages/airflow/example_dags/example_sla_dag.py took 0.183 seconds
[2026-09-30T20:05:15.149+0000] {processor.py:153} INFO - Started process (PID=9210) to work on /home/airflow/.local/lib/python3.7/site-packages/airflow/example_dags/example_sla_dag.py
[2026-09-30T20:05:15.150+0000] {processor.py:743} INFO - Processing file /home/airflow/.local/lib/python3.7/site-packages/airflow/example_dags/example_sla_dag.py for tasks to queue
[2026-09-30T20:05:15.151+0000] {logging_mixin.py:137} INFO - [2026-09-30T20:05:15.151+0000] {dagbag.py:538} INFO - Filling up the DagBag from /home/airflow/.local/lib/python3.7/site-packages/airflow/example_dags/example_sla_dag.py
[2026-09-30T20:05:15.184+0000] {processor.py:753} INFO - DAG(s) dict_keys(['example_sla_dag']) retrieved from /home/airflow/.local/lib/python3.7/site-packages/airflow/example_dags/example_sla_dag.py
[2026-09-30T20:05:15.235+0000] {logging_mixin.py:137} INFO - [2026-09-30T20:05:15.234+0000] {dag.py:2676} INFO - Sync 1 DAGs
[2026-09-30T20:05:15.271+0000] {logging_mixin.py:137} INFO - [2026-09-30T20:05:15.271+0000] {dag.py:3427} INFO - Setting next_dagrun for example_sla_dag to 2026-09-30T20:02:00+00:00, run_after=2026-09-30T20:04:00+00:00
[2026-09-30T20:05:15.290+0000] {processor.py:175} INFO - Processing /home/airflow/.local/lib/python3.7/site-packages/airflow/example_dags/example_sla_dag.py took 0.145 seconds
[2026-09-30T20:05:45.959+0000] {processor.py:153} INFO - Started process (PID=9296) to work on /home/airflow/.local/lib/python3.7/site-packages/airflow/example_dags/example_sla_dag.py
[2026-09-30T20:05:45.960+0000] {processor.py:743} INFO - Processing file /home/airflow/.local/lib/python3.7/site-packages/airflow/example_dags/example_sla_dag.py for tasks to queue
[2026-09-30T20:05:45.961+0000] {logging_mixin.py:137} INFO - [2026-09-30T20:05:45.961+0000] {dagbag.py:538} INFO - Filling up the DagBag from /home/airflow/.local/lib/python3.7/site-packages/airflow/example_dags/example_sla_dag.py
[2026-09-30T20:05:46.001+0000] {processor.py:753} INFO - DAG(s) dict_keys(['example_sla_dag']) retrieved from /home/airflow/.local/lib/python3.7/site-packages/airflow/example_dags/example_sla_dag.py
[2026-09-30T20:05:46.062+0000] {logging_mixin.py:137} INFO - [2026-09-30T20:05:46.062+0000] {dag.py:2676} INFO - Sync 1 DAGs
[2026-09-30T20:05:46.099+0000] {logging_mixin.py:137} INFO - [2026-09-30T20:05:46.099+0000] {dag.py:3427} INFO - Setting next_dagrun for example_sla_dag to 2026-09-30T20:02:00+00:00, run_after=2026-09-30T20:04:00+00:00
[2026-09-30T20:05:46.122+0000] {processor.py:175} INFO - Processing /home/airflow/.local/lib/python3.7/site-packages/airflow/example_dags/example_sla_dag.py took 0.166 seconds
[2026-09-30T20:06:16.836+0000] {processor.py:153} INFO - Started process (PID=9388) to work on /home/airflow/.local/lib/python3.7/site-packages/airflow/example_dags/example_sla_dag.py
[2026-09-30T20:06:16.837+0000] {processor.py:743} INFO - Processing file /home/airflow/.local/lib/python3.7/site-packages/airflow/example_dags/example_sla_dag.py for tasks to queue
[2026-09-30T20:06:16.837+0000] {logging_mixin.py:137} INFO - [2026-09-30T20:06:16.837+0000] {dagbag.py:538} INFO - Filling up the DagBag from /home/airflow/.local/lib/python3.7/site-packages/airflow/example_dags/example_sla_dag.py
[2026-09-30T20:06:16.874+0000] {processor.py:753} INFO - DAG(s) dict_keys(['example_sla_dag']) retrieved from /home/airflow/.local/lib/python3.7/site-packages/airflow/example_dags/example_sla_dag.py
[2026-09-30T20:06:16.931+0000] {logging_mixin.py:137} INFO - [2026-09-30T20:06:16.931+0000] {dag.py:2676} INFO - Sync 1 DAGs
[2026-09-30T20:06:16.974+0000] {logging_mixin.py:137} INFO - [2026-09-30T20:06:16.973+0000] {dag.py:3427} INFO - Setting next_dagrun for example_sla_dag to 2026-09-30T20:04:00+00:00, run_after=2026-09-30T20:06:00+00:00
[2026-09-30T20:06:16.996+0000] {processor.py:175} INFO - Processing /home/airflow/.local/lib/python3.7/site-packages/airflow/example_dags/example_sla_dag.py took 0.166 seconds
[2026-09-30T20:06:47.633+0000] {processor.py:153} INFO - Started process (PID=9467) to work on /home/airflow/.local/lib/python3.7/site-packages/airflow/example_dags/example_sla_dag.py
[2026-09-30T20:06:47.634+0000] {processor.py:743} INFO - Processing file /home/airflow/.local/lib/python3.7/site-packages/airflow/example_dags/example_sla_dag.py for tasks to queue
[2026-09-30T20:06:47.634+0000] {logging_mixin.py:137} INFO - [2026-09-30T20:06:47.634+0000] {dagbag.py:538} INFO - Filling up the DagBag from /home/airflow/.local/lib/python3.7/site-packages/airflow/example_dags/example_sla_dag.py
[2026-09-30T20:06:47.663+0000] {processor.py:753} INFO - DAG(s) dict_keys(['example_sla_dag']) retrieved from /home/airflow/.local/lib/python3.7/site-packages/airflow/example_dags/example_sla_dag.py
[2026-09-30T20:06:47.712+0000] {logging_mixin.py:137} INFO - [2026-09-30T20:06:47.712+0000] {dag.py:2676} INFO - Sync 1 DAGs
[2026-09-30T20:06:47.750+0000] {logging_mixin.py:137} INFO - [2026-09-30T20:06:47.750+0000] {dag.py:3427} INFO - Setting next_dagrun for example_sla_dag to 2026-09-30T20:04:00+00:00, run_after=2026-09-30T20:06:00+00:00
[2026-09-30T20:06:47.774+0000] {processor.py:175} INFO - Processing /home/airflow/.local/lib/python3.7/site-packages/airflow/example_dags/example_sla_dag.py took 0.146 seconds
[2026-09-30T20:07:18.069+0000] {processor.py:153} INFO - Started process (PID=9546) to work on /home/airflow/.local/lib/python3.7/site-packages/airflow/example_dags/example_sla_dag.py
[2026-09-30T20:07:18.070+0000] {processor.py:743} INFO - Processing file /home/airflow/.local/lib/python3.7/site-packages/airflow/example_dags/example_sla_dag.py for tasks to queue
[2026-09-30T20:07:18.071+0000] {logging_mixin.py:137} INFO - [2026-09-30T20:07:18.071+0000] {dagbag.py:538} INFO - Filling up the DagBag from /home/airflow/.local/lib/python3.7/site-packages/airflow/example_dags/example_sla_dag.py
[2026-09-30T20:07:18.101+0000] {processor.py:753} INFO - DAG(s) dict_keys(['example_sla_dag']) retrieved from /home/airflow/.local/lib/python3.7/site-packages/airflow/example_dags/example_sla_dag.py
[2026-09-30T20:07:18.150+0000] {logging_mixin.py:137} INFO - [2026-09-30T20:07:18.149+0000] {dag.py:2676} INFO - Sync 1 DAGs
[2026-09-30T20:07:18.184+0000] {logging_mixin.py:137} INFO - [2026-09-30T20:07:18.184+0000] {dag.py:3427} INFO - Setting next_dagrun for example_sla_dag to 2026-09-30T20:04:00+00:00, run_after=2026-09-30T20:06:00+00:00
[2026-09-30T20:07:18.205+0000] {processor.py:175} INFO - Processing /home/airflow/.local/lib/python3.7/site-packages/airflow/example_dags/example_sla_dag.py took 0.140 seconds
[2026-09-30T20:07:48.587+0000] {processor.py:153} INFO - Started process (PID=9625) to work on /home/airflow/.local/lib/python3.7/site-packages/airflow/example_dags/example_sla_dag.py
[2026-09-30T20:07:48.588+0000] {processor.py:743} INFO - Processing file /home/airflow/.local/lib/python3.7/site-packages/airflow/example_dags/example_sla_dag.py for tasks to queue
[2026-09-30T20:07:48.589+0000] {logging_mixin.py:137} INFO - [2026-09-30T20:07:48.589+0000] {dagbag.py:538} INFO - Filling up the DagBag from /home/airflow/.local/lib/python3.7/site-packages/airflow/example_dags/example_sla_dag.py
[2026-09-30T20:07:48.635+0000] {processor.py:753} INFO - DAG(s) dict_keys(['example_sla_dag']) retrieved from /home/airflow/.local/lib/python3.7/site-packages/airflow/example_dags/example_sla_dag.py
[2026-09-30T20:07:48.690+0000] {logging_mixin.py:137} INFO - [2026-09-30T20:07:48.690+0000] {dag.py:2676} INFO - Sync 1 DAGs
[2026-09-30T20:07:48.741+0000] {logging_mixin.py:137} INFO - [2026-09-30T20:07:48.741+0000] {dag.py:3427} INFO - Setting next_dagrun for example_sla_dag to 2026-09-30T20:04:00+00:00, run_after=2026-09-30T20:06:00+00:00
[2026-09-30T20:07:48.770+0000] {processor.py:175} INFO - Processing /home/airflow/.local/lib/python3.7/site-packages/airflow/example_dags/example_sla_dag.py took 0.190 seconds
[2026-09-30T20:08:18.942+0000] {processor.py:153} INFO - Started process (PID=9713) to work on /home/airflow/.local/lib/python3.7/site-packages/airflow/example_dags/example_sla_dag.py
[2026-09-30T20:08:18.943+0000] {processor.py:743} INFO - Processing file /home/airflow/.local/lib/python3.7/site-packages/airflow/example_dags/example_sla_dag.py for tasks to queue
[2026-09-30T20:08:18.943+0000] {logging_mixin.py:137} INFO - [2026-09-30T20:08:18.943+0000] {dagbag.py:538} INFO - Filling up the DagBag from /home/airflow/.local/lib/python3.7/site-packages/airflow/example_dags/example_sla_dag.py
[2026-09-30T20:08:18.978+0000] {processor.py:753} INFO - DAG(s) dict_keys(['example_sla_dag']) retrieved from /home/airflow/.local/lib/python3.7/site-packages/airflow/example_dags/example_sla_dag.py
[2026-09-30T20:08:19.057+0000] {logging_mixin.py:137} INFO - [2026-09-30T20:08:19.057+0000] {dag.py:2676} INFO - Sync 1 DAGs
[2026-09-30T20:08:19.119+0000] {logging_mixin.py:137} INFO - [2026-09-30T20:08:19.119+0000] {dag.py:3427} INFO - Setting next_dagrun for example_sla_dag to 2026-09-30T20:06:00+00:00, run_after=2026-09-30T20:08:00+00:00
[2026-09-30T20:08:19.146+0000] {processor.py:175} INFO - Processing /home/airflow/.local/lib/python3.7/site-packages/airflow/example_dags/example_sla_dag.py took 0.208 seconds
[2026-09-30T20:08:49.194+0000] {processor.py:153} INFO - Started process (PID=9802) to work on /home/airflow/.local/lib/python3.7/site-packages/airflow/example_dags/example_sla_dag.py
[2026-09-30T20:08:49.195+0000] {processor.py:743} INFO - Processing file /home/airflow/.local/lib/python3.7/site-packages/airflow/example_dags/example_sla_dag.py for tasks to queue
[2026-09-30T20:08:49.196+0000] {logging_mixin.py:137} INFO - [2026-09-30T20:08:49.196+0000] {dagbag.py:538} INFO - Filling up the DagBag from /home/airflow/.local/lib/python3.7/site-packages/airflow/example_dags/example_sla_dag.py
[2026-09-30T20:08:49.226+0000] {processor.py:753} INFO - DAG(s) dict_keys(['example_sla_dag']) retrieved from /home/airflow/.local/lib/python3.7/site-packages/airflow/example_dags/example_sla_dag.py
[2026-09-30T20:08:49.278+0000] {logging_mixin.py:137} INFO - [2026-09-30T20:08:49.278+0000] {dag.py:2676} INFO - Sync 1 DAGs
[2026-09-30T20:08:49.319+0000] {logging_mixin.py:137} INFO - [2026-09-30T20:08:49.319+0000] {dag.py:3427} INFO - Setting next_dagrun for example_sla_dag to 2026-09-30T20:06:00+00:00, run_after=2026-09-30T20:08:00+00:00
[2026-09-30T20:08:49.344+0000] {processor.py:175} INFO - Processing /home/airflow/.local/lib/python3.7/site-packages/airflow/example_dags/example_sla_dag.py took 0.155 seconds
[2026-09-30T20:09:19.468+0000] {processor.py:153} INFO - Started process (PID=9881) to work on /home/airflow/.local/lib/python3.7/site-packages/airflow/example_dags/example_sla_dag.py
[2026-09-30T20:09:19.469+0000] {processor.py:743} INFO - Processing file /home/airflow/.local/lib/python3.7/site-packages/airflow/example_dags/example_sla_dag.py for tasks to queue
[2026-09-30T20:09:19.470+0000] {logging_mixin.py:137} INFO - [2026-09-30T20:09:19.470+0000] {dagbag.py:538} INFO - Filling up the DagBag from /home/airflow/.local/lib/python3.7/site-packages/airflow/example_dags/example_sla_dag.py
[2026-09-30T20:09:19.502+0000] {processor.py:753} INFO - DAG(s) dict_keys(['example_sla_dag']) retrieved from /home/airflow/.local/lib/python3.7/site-packages/airflow/example_dags/example_sla_dag.py
[2026-09-30T20:09:19.561+0000] {logging_mixin.py:137} INFO - [2026-09-30T20:09:19.560+0000] {dag.py:2676} INFO - Sync 1 DAGs
[2026-09-30T20:09:19.616+0000] {logging_mixin.py:137} INFO - [2026-09-30T20:09:19.616+0000] {dag.py:3427} INFO - Setting next_dagrun for example_sla_dag to 2026-09-30T20:06:00+00:00, run_after=2026-09-30T20:08:00+00:00
[2026-09-30T20:09:19.651+0000] {processor.py:175} INFO - Processing /home/airflow/.local/lib/python3.7/site-packages/airflow/example_dags/example_sla_dag.py took 0.189 seconds
[2026-09-30T20:09:49.738+0000] {processor.py:153} INFO - Started process (PID=9960) to work on /home/airflow/.local/lib/python3.7/site-packages/airflow/example_dags/example_sla_dag.py
[2026-09-30T20:09:49.740+0000] {processor.py:743} INFO - Processing file /home/airflow/.local/lib/python3.7/site-packages/airflow/example_dags/example_sla_dag.py for tasks to queue
[2026-09-30T20:09:49.741+0000] {logging_mixin.py:137} INFO - [2026-09-30T20:09:49.740+0000] {dagbag.py:538} INFO - Filling up the DagBag from /home/airflow/.local/lib/python3.7/site-packages/airflow/example_dags/example_sla_dag.py
[2026-09-30T20:09:49.789+0000] {processor.py:753} INFO - DAG(s) dict_keys(['example_sla_dag']) retrieved from /home/airflow/.local/lib/python3.7/site-packages/airflow/example_dags/example_sla_dag.py
[2026-09-30T20:09:49.855+0000] {logging_mixin.py:137} INFO - [2026-09-30T20:09:49.854+0000] {dag.py:2676} INFO - Sync 1 DAGs
[2026-09-30T20:09:49.906+0000] {logging_mixin.py:137} INFO - [2026-09-30T20:09:49.906+0000] {dag.py:3427} INFO - Setting next_dagrun for example_sla_dag to 2026-09-30T20:06:00+00:00, run_after=2026-09-30T20:08:00+00:00
[2026-09-30T20:09:49.929+0000] {processor.py:175} INFO - Processing /home/airflow/.local/lib/python3.7/site-packages/airflow/example_dags/example_sla_dag.py took 0.199 seconds
[2026-09-30T20:10:20.510+0000] {processor.py:153} INFO - Started process (PID=10040) to work on /home/airflow/.local/lib/python3.7/site-packages/airflow/example_dags/example_sla_dag.py
[2026-09-30T20:10:20.511+0000] {processor.py:743} INFO - Processing file /home/airflow/.local/lib/python3.7/site-packages/airflow/example_dags/example_sla_dag.py for tasks to queue
[2026-09-30T20:10:20.511+0000] {logging_mixin.py:137} INFO - [2026-09-30T20:10:20.511+0000] {dagbag.py:538} INFO - Filling up the DagBag from /home/airflow/.local/lib/python3.7/site-packages/airflow/example_dags/example_sla_dag.py
[2026-09-30T20:10:20.558+0000] {processor.py:753} INFO - DAG(s) dict_keys(['example_sla_dag']) retrieved from /home/airflow/.local/lib/python3.7/site-packages/airflow/example_dags/example_sla_dag.py
[2026-09-30T20:10:20.617+0000] {logging_mixin.py:137} INFO - [2026-09-30T20:10:20.616+0000] {dag.py:2676} INFO - Sync 1 DAGs
[2026-09-30T20:10:20.659+0000] {logging_mixin.py:137} INFO - [2026-09-30T20:10:20.658+0000] {dag.py:3427} INFO - Setting next_dagrun for example_sla_dag to 2026-09-30T20:08:00+00:00, run_after=2026-09-30T20:10:00+00:00
[2026-09-30T20:10:20.685+0000] {processor.py:175} INFO - Processing /home/airflow/.local/lib/python3.7/site-packages/airflow/example_dags/example_sla_dag.py took 0.180 seconds
[2026-09-30T20:10:50.980+0000] {processor.py:153} INFO - Started process (PID=10128) to work on /home/airflow/.local/lib/python3.7/site-packages/airflow/example_dags/example_sla_dag.py
[2026-09-30T20:10:50.981+0000] {processor.py:743} INFO - Processing file /home/airflow/.local/lib/python3.7/site-packages/airflow/example_dags/example_sla_dag.py for tasks to queue
[2026-09-30T20:10:50.982+0000] {logging_mixin.py:137} INFO - [2026-09-30T20:10:50.981+0000] {dagbag.py:538} INFO - Filling up the DagBag from /home/airflow/.local/lib/python3.7/site-packages/airflow/example_dags/example_sla_dag.py
[2026-09-30T20:10:51.019+0000] {processor.py:753} INFO - DAG(s) dict_keys(['example_sla_dag']) retrieved from /home/airflow/.local/lib/python3.7/site-packages/airflow/example_dags/example_sla_dag.py
[2026-09-30T20:10:51.083+0000] {logging_mixin.py:137} INFO - [2026-09-30T20:10:51.083+0000] {dag.py:2676} INFO - Sync 1 DAGs
[2026-09-30T20:10:51.136+0000] {logging_mixin.py:137} INFO - [2026-09-30T20:10:51.136+0000] {dag.py:3427} INFO - Setting next_dagrun for example_sla_dag to 2026-09-30T20:08:00+00:00, run_after=2026-09-30T20:10:00+00:00
[2026-09-30T20:10:51.162+0000] {processor.py:175} INFO - Processing /home/airflow/.local/lib/python3.7/site-packages/airflow/example_dags/example_sla_dag.py took 0.186 seconds
[2026-09-30T20:11:21.504+0000] {processor.py:153} INFO - Started process (PID=10218) to work on /home/airflow/.local/lib/python3.7/site-packages/airflow/example_dags/example_sla_dag.py
[2026-09-30T20:11:21.505+0000] {processor.py:743} INFO - Processing file /home/airflow/.local/lib/python3.7/site-packages/airflow/example_dags/example_sla_dag.py for tasks to queue
[2026-09-30T20:11:21.506+0000] {logging_mixin.py:137} INFO - [2026-09-30T20:11:21.506+0000] {dagbag.py:538} INFO - Filling up the DagBag from /home/airflow/.local/lib/python3.7/site-packages/airflow/example_dags/example_sla_dag.py
[2026-09-30T20:11:21.544+0000] {processor.py:753} INFO - DAG(s) dict_keys(['example_sla_dag']) retrieved from /home/airflow/.local/lib/python3.7/site-packages/airflow/example_dags/example_sla_dag.py
[2026-09-30T20:11:21.595+0000] {logging_mixin.py:137} INFO - [2026-09-30T20:11:21.595+0000] {dag.py:2676} INFO - Sync 1 DAGs
[2026-09-30T20:11:21.645+0000] {logging_mixin.py:137} INFO - [2026-09-30T20:11:21.644+0000] {dag.py:3427} INFO - Setting next_dagrun for example_sla_dag to 2026-09-30T20:08:00+00:00, run_after=2026-09-30T20:10:00+00:00
[2026-09-30T20:11:21.671+0000] {processor.py:175} INFO - Processing /home/airflow/.local/lib/python3.7/site-packages/airflow/example_dags/example_sla_dag.py took 0.172 seconds
[2026-09-30T20:11:52.496+0000] {processor.py:153} INFO - Started process (PID=10297) to work on /home/airflow/.local/lib/python3.7/site-packages/airflow/example_dags/example_sla_dag.py
[2026-09-30T20:11:52.496+0000] {processor.py:743} INFO - Processing file /home/airflow/.local/lib/python3.7/site-packages/airflow/example_dags/example_sla_dag.py for tasks to queue
[2026-09-30T20:11:52.497+0000] {logging_mixin.py:137} INFO - [2026-09-30T20:11:52.497+0000] {dagbag.py:538} INFO - Filling up the DagBag from /home/airflow/.local/lib/python3.7/site-packages/airflow/example_dags/example_sla_dag.py
[2026-09-30T20:11:52.521+0000] {processor.py:753} INFO - DAG(s) dict_keys(['example_sla_dag']) retrieved from /home/airflow/.local/lib/python3.7/site-packages/airflow/example_dags/example_sla_dag.py
[2026-09-30T20:11:52.559+0000] {logging_mixin.py:137} INFO - [2026-09-30T20:11:52.559+0000] {dag.py:2676} INFO - Sync 1 DAGs
[2026-09-30T20:11:52.589+0000] {logging_mixin.py:137} INFO - [2026-09-30T20:11:52.588+0000] {dag.py:3427} INFO - Setting next_dagrun for example_sla_dag to 2026-09-30T20:08:00+00:00, run_after=2026-09-30T20:10:00+00:00
[2026-09-30T20:11:52.606+0000] {processor.py:175} INFO - Processing /home/airflow/.local/lib/python3.7/site-packages/airflow/example_dags/example_sla_dag.py took 0.114 seconds
[2026-09-30T20:12:23.124+0000] {processor.py:153} INFO - Started process (PID=10376) to work on /home/airflow/.local/lib/python3.7/site-packages/airflow/example_dags/example_sla_dag.py
[2026-09-30T20:12:23.125+0000] {processor.py:743} INFO - Processing file /home/airflow/.local/lib/python3.7/site-packages/airflow/example_dags/example_sla_dag.py for tasks to queue
[2026-09-30T20:12:23.126+0000] {logging_mixin.py:137} INFO - [2026-09-30T20:12:23.126+0000] {dagbag.py:538} INFO - Filling up the DagBag from /home/airflow/.local/lib/python3.7/site-packages/airflow/example_dags/example_sla_dag.py
[2026-09-30T20:12:23.156+0000] {processor.py:753} INFO - DAG(s) dict_keys(['example_sla_dag']) retrieved from /home/airflow/.local/lib/python3.7/site-packages/airflow/example_dags/example_sla_dag.py
[2026-09-30T20:12:23.205+0000] {logging_mixin.py:137} INFO - [2026-09-30T20:12:23.205+0000] {dag.py:2676} INFO - Sync 1 DAGs
[2026-09-30T20:12:23.245+0000] {logging_mixin.py:137} INFO - [2026-09-30T20:12:23.244+0000] {dag.py:3427} INFO - Setting next_dagrun for example_sla_dag to 2026-09-30T20:10:00+00:00, run_after=2026-09-30T20:12:00+00:00
[2026-09-30T20:12:23.266+0000] {processor.py:175} INFO - Processing /home/airflow/.local/lib/python3.7/site-packages/airflow/example_dags/example_sla_dag.py took 0.146 seconds
[2026-09-30T20:12:53.962+0000] {processor.py:153} INFO - Started process (PID=10464) to work on /home/airflow/.local/lib/python3.7/site-packages/airflow/example_dags/example_sla_dag.py
[2026-09-30T20:12:53.963+0000] {processor.py:743} INFO - Processing file /home/airflow/.local/lib/python3.7/site-packages/airflow/example_dags/example_sla_dag.py for tasks to queue
[2026-09-30T20:12:53.965+0000] {logging_mixin.py:137} INFO - [2026-09-30T20:12:53.964+0000] {dagbag.py:538} INFO - Filling up the DagBag from /home/airflow/.local/lib/python3.7/site-packages/airflow/example_dags/example_sla_dag.py
[2026-09-30T20:12:54.012+0000] {processor.py:753} INFO - DAG(s) dict_keys(['example_sla_dag']) retrieved from /home/airflow/.local/lib/python3.7/site-packages/airflow/example_dags/example_sla_dag.py
[2026-09-30T20:12:54.074+0000] {logging_mixin.py:137} INFO - [2026-09-30T20:12:54.074+0000] {dag.py:2676} INFO - Sync 1 DAGs
[2026-09-30T20:12:54.115+0000] {logging_mixin.py:137} INFO - [2026-09-30T20:12:54.115+0000] {dag.py:3427} INFO - Setting next_dagrun for example_sla_dag to 2026-09-30T20:10:00+00:00, run_after=2026-09-30T20:12:00+00:00
[2026-09-30T20:12:54.144+0000] {processor.py:175} INFO - Processing /home/airflow/.local/lib/python3.7/site-packages/airflow/example_dags/example_sla_dag.py took 0.187 seconds
[2026-09-30T20:13:24.591+0000] {processor.py:153} INFO - Started process (PID=10554) to work on /home/airflow/.local/lib/python3.7/site-packages/airflow/example_dags/example_sla_dag.py
[2026-09-30T20:13:24.592+0000] {processor.py:743} INFO - Processing file /home/airflow/.local/lib/python3.7/site-packages/airflow/example_dags/example_sla_dag.py for tasks to queue
[2026-09-30T20:13:24.593+0000] {logging_mixin.py:137} INFO - [2026-09-30T20:13:24.593+0000] {dagbag.py:538} INFO - Filling up the DagBag from /home/airflow/.local/lib/python3.7/site-packages/airflow/example_dags/example_sla_dag.py
[2026-09-30T20:13:24.623+0000] {processor.py:753} INFO - DAG(s) dict_keys(['example_sla_dag']) retrieved from /home/airflow/.local/lib/python3.7/site-packages/airflow/example_dags/example_sla_dag.py
[2026-09-30T20:13:24.669+0000] {logging_mixin.py:137} INFO - [2026-09-30T20:13:24.669+0000] {dag.py:2676} INFO - Sync 1 DAGs
[2026-09-30T20:13:24.705+0000] {logging_mixin.py:137} INFO - [2026-09-30T20:13:24.705+0000] {dag.py:3427} INFO - Setting next_dagrun for example_sla_dag to 2026-09-30T20:10:00+00:00, run_after=2026-09-30T20:12:00+00:00
[2026-09-30T20:13:24.725+0000] {processor.py:175} INFO - Processing /home/airflow/.local/lib/python3.7/site-packages/airflow/example_dags/example_sla_dag.py took 0.137 seconds
[2026-09-30T20:13:55.379+0000] {processor.py:153} INFO - Started process (PID=10633) to work on /home/airflow/.local/lib/python3.7/site-packages/airflow/example_dags/example_sla_dag.py
[2026-09-30T20:13:55.380+0000] {processor.py:743} INFO - Processing file /home/airflow/.local/lib/python3.7/site-packages/airflow/example_dags/example_sla_dag.py for tasks to queue
[2026-09-30T20:13:55.381+0000] {logging_mixin.py:137} INFO - [2026-09-30T20:13:55.381+0000] {dagbag.py:538} INFO - Filling up the DagBag from /home/airflow/.local/lib/python3.7/site-packages/airflow/example_dags/example_sla_dag.py
[2026-09-30T20:13:55.428+0000] {processor.py:753} INFO - DAG(s) dict_keys(['example_sla_dag']) retrieved from /home/airflow/.local/lib/python3.7/site-packages/airflow/example_dags/example_sla_dag.py
[2026-09-30T20:13:55.493+0000] {logging_mixin.py:137} INFO - [2026-09-30T20:13:55.492+0000] {dag.py:2676} INFO - Sync 1 DAGs
[2026-09-30T20:13:55.528+0000] {logging_mixin.py:137} INFO - [2026-09-30T20:13:55.527+0000] {dag.py:3427} INFO - Setting next_dagrun for example_sla_dag to 2026-09-30T20:10:00+00:00, run_after=2026-09-30T20:12:00+00:00
[2026-09-30T20:13:55.549+0000] {processor.py:175} INFO - Processing /home/airflow/.local/lib/python3.7/site-packages/airflow/example_dags/example_sla_dag.py took 0.176 seconds
[2026-09-30T20:14:25.603+0000] {processor.py:153} INFO - Started process (PID=10712) to work on /home/airflow/.local/lib/python3.7/site-packages/airflow/example_dags/example_sla_dag.py
[2026-09-30T20:14:25.605+0000] {processor.py:743} INFO - Processing file /home/airflow/.local/lib/python3.7/site-packages/airflow/example_dags/example_sla_dag.py for tasks to queue
[2026-09-30T20:14:25.606+0000] {logging_mixin.py:137} INFO - [2026-09-30T20:14:25.606+0000] {dagbag.py:538} INFO - Filling up the DagBag from /home/airflow/.local/lib/python3.7/site-packages/airflow/example_dags/example_sla_dag.py
[2026-09-30T20:14:25.653+0000] {processor.py:753} INFO - DAG(s) dict_keys(['example_sla_dag']) retrieved from /home/airflow/.local/lib/python3.7/site-packages/airflow/example_dags/example_sla_dag.py
[2026-09-30T20:14:25.720+0000] {logging_mixin.py:137} INFO - [2026-09-30T20:14:25.720+0000] {dag.py:2676} INFO - Sync 1 DAGs
[2026-09-30T20:14:25.768+0000] {logging_mixin.py:137} INFO - [2026-09-30T20:14:25.767+0000] {dag.py:3427} INFO - Setting next_dagrun for example_sla_dag to 2026-09-30T20:12:00+00:00, run_after=2026-09-30T20:14:00+00:00
[2026-09-30T20:14:25.788+0000] {processor.py:175} INFO - Processing /home/airflow/.local/lib/python3.7/site-packages/airflow/example_dags/example_sla_dag.py took 0.192 seconds
[2026-09-30T20:14:55.836+0000] {processor.py:153} INFO - Started process (PID=10800) to work on /home/airflow/.local/lib/python3.7/site-packages/airflow/example_dags/example_sla_dag.py
[2026-09-30T20:14:55.837+0000] {processor.py:743} INFO - Processing file /home/airflow/.local/lib/python3.7/site-packages/airflow/example_dags/example_sla_dag.py for tasks to queue
[2026-09-30T20:14:55.838+0000] {logging_mixin.py:137} INFO - [2026-09-30T20:14:55.838+0000] {dagbag.py:538} INFO - Filling up the DagBag from /home/airflow/.local/lib/python3.7/site-packages/airflow/example_dags/example_sla_dag.py
[2026-09-30T20:14:55.868+0000] {processor.py:753} INFO - DAG(s) dict_keys(['example_sla_dag']) retrieved from /home/airflow/.local/lib/python3.7/site-packages/airflow/example_dags/example_sla_dag.py
[2026-09-30T20:14:55.917+0000] {logging_mixin.py:137} INFO - [2026-09-30T20:14:55.917+0000] {dag.py:2676} INFO - Sync 1 DAGs
[2026-09-30T20:14:55.953+0000] {logging_mixin.py:137} INFO - [2026-09-30T20:14:55.953+0000] {dag.py:3427} INFO - Setting next_dagrun for example_sla_dag to 2026-09-30T20:12:00+00:00, run_after=2026-09-30T20:14:00+00:00
[2026-09-30T20:14:55.977+0000] {processor.py:175} INFO - Processing /home/airflow/.local/lib/python3.7/site-packages/airflow/example_dags/example_sla_dag.py took 0.145 seconds
[2026-09-30T20:15:26.268+0000] {processor.py:153} INFO - Started process (PID=10890) to work on /home/airflow/.local/lib/python3.7/site-packages/airflow/example_dags/example_sla_dag.py
[2026-09-30T20:15:26.269+0000] {processor.py:743} INFO - Processing file /home/airflow/.local/lib/python3.7/site-packages/airflow/example_dags/example_sla_dag.py for tasks to queue
[2026-09-30T20:15:26.270+0000] {logging_mixin.py:137} INFO - [2026-09-30T20:15:26.270+0000] {dagbag.py:538} INFO - Filling up the DagBag from /home/airflow/.local/lib/python3.7/site-packages/airflow/example_dags/example_sla_dag.py
[2026-09-30T20:15:26.294+0000] {processor.py:753} INFO - DAG(s) dict_keys(['example_sla_dag']) retrieved from /home/airflow/.local/lib/python3.7/site-packages/airflow/example_dags/example_sla_dag.py
[2026-09-30T20:15:26.330+0000] {logging_mixin.py:137} INFO - [2026-09-30T20:15:26.329+0000] {dag.py:2676} INFO - Sync 1 DAGs
[2026-09-30T20:15:26.357+0000] {logging_mixin.py:137} INFO - [2026-09-30T20:15:26.357+0000] {dag.py:3427} INFO - Setting next_dagrun for example_sla_dag to 2026-09-30T20:12:00+00:00, run_after=2026-09-30T20:14:00+00:00
[2026-09-30T20:15:26.375+0000] {processor.py:175} INFO - Processing /home/airflow/.local/lib/python3.7/site-packages/airflow/example_dags/example_sla_dag.py took 0.110 seconds
[2026-09-30T20:15:56.638+0000] {processor.py:153} INFO - Started process (PID=10969) to work on /home/airflow/.local/lib/python3.7/site-packages/airflow/example_dags/example_sla_dag.py
[2026-09-30T20:15:56.638+0000] {processor.py:743} INFO - Processing file /home/airflow/.local/lib/python3.7/site-packages/airflow/example_dags/example_sla_dag.py for tasks to queue
[2026-09-30T20:15:56.639+0000] {logging_mixin.py:137} INFO - [2026-09-30T20:15:56.639+0000] {dagbag.py:538} INFO - Filling up the DagBag from /home/airflow/.local/lib/python3.7/site-packages/airflow/example_dags/example_sla_dag.py
[2026-09-30T20:15:56.662+0000] {processor.py:753} INFO - DAG(s) dict_keys(['example_sla_dag']) retrieved from /home/airflow/.local/lib/python3.7/site-packages/airflow/example_dags/example_sla_dag.py
[2026-09-30T20:15:56.697+0000] {logging_mixin.py:137} INFO - [2026-09-30T20:15:56.697+0000] {dag.py:2676} INFO - Sync 1 DAGs
[2026-09-30T20:15:56.723+0000] {logging_mixin.py:137} INFO - [2026-09-30T20:15:56.723+0000] {dag.py:3427} INFO - Setting next_dagrun for example_sla_dag to 2026-09-30T20:12:00+00:00, run_after=2026-09-30T20:14:00+00:00
[2026-09-30T20:15:56.739+0000] {processor.py:175} INFO - Processing /home/airflow/.local/lib/python3.7/site-packages/airflow/example_dags/example_sla_dag.py took 0.104 seconds
[2026-09-30T20:16:27.443+0000] {processor.py:153} INFO - Started process (PID=11049) to work on /home/airflow/.local/lib/python3.7/site-packages/airflow/example_dags/example_sla_dag.py
[2026-09-30T20:16:27.444+0000] {processor.py:743} INFO - Processing file /home/airflow/.local/lib/python3.7/site-packages/airflow/example_dags/example_sla_dag.py for tasks to queue
[2026-09-30T20:16:27.444+0000] {logging_mixin.py:137} INFO - [2026-09-30T20:16:27.444+0000] {dagbag.py:538} INFO - Filling up the DagBag from /home/airflow/.local/lib/python3.7/site-packages/airflow/example_dags/example_sla_dag.py
[2026-09-30T20:16:27.483+0000] {processor.py:753} INFO - DAG(s) dict_keys(['example_sla_dag']) retrieved from /home/airflow/.local/lib/python3.7/site-packages/airflow/example_dags/example_sla_dag.py
[2026-09-30T20:16:27.556+0000] {logging_mixin.py:137} INFO - [2026-09-30T20:16:27.556+0000] {dag.py:2676} INFO - Sync 1 DAGs
[2026-09-30T20:16:27.607+0000] {logging_mixin.py:137} INFO - [2026-09-30T20:16:27.607+0000] {dag.py:3427} INFO - Setting next_dagrun for example_sla_dag to 2026-09-30T20:14:00+00:00, run_after=2026-09-30T20:16:00+00:00
[2026-09-30T20:16:27.629+0000] {processor.py:175} INFO - Processing /home/airflow/.local/lib/python3.7/site-packages/airflow/example_dags/example_sla_dag.py took 0.190 seconds
[2026-09-30T20:16:58.678+0000] {processor.py:153} INFO - Started process (PID=11137) to work on /home/airflow/.local/lib/python3.7/site-packages/airflow/example_dags/example_sla_dag.py
[2026-09-30T20:16:58.679+0000] {processor.py:743} INFO - Processing file /home/airflow/.local/lib/python3.7/site-packages/airflow/example_dags/example_sla_dag.py for tasks to queue
[2026-09-30T20:16:58.681+0000] {logging_mixin.py:137} INFO - [2026-09-30T20:16:58.681+0000] {dagbag.py:538} INFO - Filling up the DagBag from /home/airflow/.local/lib/python3.7/site-packages/airflow/example_dags/example_sla_dag.py
[2026-09-30T20:16:58.753+0000] {processor.py:753} INFO - DAG(s) dict_keys(['example_sla_dag']) retrieved from /home/airflow/.local/lib/python3.7/site-packages/airflow/example_dags/example_sla_dag.py
[2026-09-30T20:16:58.833+0000] {logging_mixin.py:137} INFO - [2026-09-30T20:16:58.833+0000] {dag.py:2676} INFO - Sync 1 DAGs
[2026-09-30T20:16:58.872+0000] {logging_mixin.py:137} INFO - [2026-09-30T20:16:58.872+0000] {dag.py:3427} INFO - Setting next_dagrun for example_sla_dag to 2026-09-30T20:14:00+00:00, run_after=2026-09-30T20:16:00+00:00
[2026-09-30T20:16:58.895+0000] {processor.py:175} INFO - Processing /home/airflow/.local/lib/python3.7/site-packages/airflow/example_dags/example_sla_dag.py took 0.223 seconds
[2026-09-30T20:17:29.041+0000] {processor.py:153} INFO - Started process (PID=11227) to work on /home/airflow/.local/lib/python3.7/site-packages/airflow/example_dags/example_sla_dag.py
[2026-09-30T20:17:29.042+0000] {processor.py:743} INFO - Processing file /home/airflow/.local/lib/python3.7/site-packages/airflow/example_dags/example_sla_dag.py for tasks to queue
[2026-09-30T20:17:29.043+0000] {logging_mixin.py:137} INFO - [2026-09-30T20:17:29.042+0000] {dagbag.py:538} INFO - Filling up the DagBag from /home/airflow/.local/lib/python3.7/site-packages/airflow/example_dags/example_sla_dag.py
[2026-09-30T20:17:29.074+0000] {processor.py:753} INFO - DAG(s) dict_keys(['example_sla_dag']) retrieved from /home/airflow/.local/lib/python3.7/site-packages/airflow/example_dags/example_sla_dag.py
[2026-09-30T20:17:29.125+0000] {logging_mixin.py:137} INFO - [2026-09-30T20:17:29.125+0000] {dag.py:2676} INFO - Sync 1 DAGs
[2026-09-30T20:17:29.171+0000] {logging_mixin.py:137} INFO - [2026-09-30T20:17:29.170+0000] {dag.py:3427} INFO - Setting next_dagrun for example_sla_dag to 2026-09-30T20:14:00+00:00, run_after=2026-09-30T20:16:00+00:00
[2026-09-30T20:17:29.197+0000] {processor.py:175} INFO - Processing /home/airflow/.local/lib/python3.7/site-packages/airflow/example_dags/example_sla_dag.py took 0.161 seconds
[2026-09-30T20:17:59.593+0000] {processor.py:153} INFO - Started process (PID=11306) to work on /home/airflow/.local/lib/python3.7/site-packages/airflow/example_dags/example_sla_dag.py
[2026-09-30T20:17:59.594+0000] {processor.py:743} INFO - Processing file /home/airflow/.local/lib/python3.7/site-packages/airflow/example_dags/example_sla_dag.py for tasks to queue
[2026-09-30T20:17:59.595+0000] {logging_mixin.py:137} INFO - [2026-09-30T20:17:59.595+0000] {dagbag.py:538} INFO - Filling up the DagBag from /home/airflow/.local/lib/python3.7/site-packages/airflow/example_dags/example_sla_dag.py
[2026-09-30T20:17:59.631+0000] {processor.py:753} INFO - DAG(s) dict_keys(['example_sla_dag']) retrieved from /home/airflow/.local/lib/python3.7/site-packages/airflow/example_dags/example_sla_dag.py
[2026-09-30T20:17:59.676+0000] {logging_mixin.py:137} INFO - [2026-09-30T20:17:59.676+0000] {dag.py:2676} INFO - Sync 1 DAGs
[2026-09-30T20:17:59.716+0000] {logging_mixin.py:137} INFO - [2026-09-30T20:17:59.716+0000] {dag.py:3427} INFO - Setting next_dagrun for example_sla_dag to 2026-09-30T20:14:00+00:00, run_after=2026-09-30T20:16:00+00:00
[2026-09-30T20:17:59.740+0000] {processor.py:175} INFO - Processing /home/airflow/.local/lib/python3.7/site-packages/airflow/example_dags/example_sla_dag.py took 0.151 seconds
[2026-09-30T20:18:30.118+0000] {processor.py:153} INFO - Started process (PID=11385) to work on /home/airflow/.local/lib/python3.7/site-packages/airflow/example_dags/example_sla_dag.py
[2026-09-30T20:18:30.119+0000] {processor.py:743} INFO - Processing file /home/airflow/.local/lib/python3.7/site-packages/airflow/example_dags/example_sla_dag.py for tasks to queue
[2026-09-30T20:18:30.121+0000] {logging_mixin.py:137} INFO - [2026-09-30T20:18:30.121+0000] {dagbag.py:538} INFO - Filling up the DagBag from /home/airflow/.local/lib/python3.7/site-packages/airflow/example_dags/example_sla_dag.py
[2026-09-30T20:18:30.167+0000] {processor.py:753} INFO - DAG(s) dict_keys(['example_sla_dag']) retrieved from /home/airflow/.local/lib/python3.7/site-packages/airflow/example_dags/example_sla_dag.py
[2026-09-30T20:18:30.227+0000] {logging_mixin.py:137} INFO - [2026-09-30T20:18:30.227+0000] {dag.py:2676} INFO - Sync 1 DAGs
[2026-09-30T20:18:30.267+0000] {logging_mixin.py:137} INFO - [2026-09-30T20:18:30.267+0000] {dag.py:3427} INFO - Setting next_dagrun for example_sla_dag to 2026-09-30T20:16:00+00:00, run_after=2026-09-30T20:18:00+00:00
[2026-09-30T20:18:30.296+0000] {processor.py:175} INFO - Processing /home/airflow/.local/lib/python3.7/site-packages/airflow/example_dags/example_sla_dag.py took 0.182 seconds
[2026-09-30T20:19:00.710+0000] {processor.py:153} INFO - Started process (PID=11484) to work on /home/airflow/.local/lib/python3.7/site-packages/airflow/example_dags/example_sla_dag.py
[2026-09-30T20:19:00.711+0000] {processor.py:743} INFO - Processing file /home/airflow/.local/lib/python3.7/site-packages/airflow/example_dags/example_sla_dag.py for tasks to queue
[2026-09-30T20:19:00.712+0000] {logging_mixin.py:137} INFO - [2026-09-30T20:19:00.712+0000] {dagbag.py:538} INFO - Filling up the DagBag from /home/airflow/.local/lib/python3.7/site-packages/airflow/example_dags/example_sla_dag.py
[2026-09-30T20:19:00.751+0000] {processor.py:753} INFO - DAG(s) dict_keys(['example_sla_dag']) retrieved from /home/airflow/.local/lib/python3.7/site-packages/airflow/example_dags/example_sla_dag.py
[2026-09-30T20:19:00.802+0000] {logging_mixin.py:137} INFO - [2026-09-30T20:19:00.802+0000] {dag.py:2676} INFO - Sync 1 DAGs
[2026-09-30T20:19:00.849+0000] {logging_mixin.py:137} INFO - [2026-09-30T20:19:00.849+0000] {dag.py:3427} INFO - Setting next_dagrun for example_sla_dag to 2026-09-30T20:16:00+00:00, run_after=2026-09-30T20:18:00+00:00
[2026-09-30T20:19:00.875+0000] {processor.py:175} INFO - Processing /home/airflow/.local/lib/python3.7/site-packages/airflow/example_dags/example_sla_dag.py took 0.170 seconds
[2026-09-30T20:19:31.316+0000] {processor.py:153} INFO - Started process (PID=11563) to work on /home/airflow/.local/lib/python3.7/site-packages/airflow/example_dags/example_sla_dag.py
[2026-09-30T20:19:31.317+0000] {processor.py:743} INFO - Processing file /home/airflow/.local/lib/python3.7/site-packages/airflow/example_dags/example_sla_dag.py for tasks to queue
[2026-09-30T20:19:31.318+0000] {logging_mixin.py:137} INFO - [2026-09-30T20:19:31.317+0000] {dagbag.py:538} INFO - Filling up the DagBag from /home/airflow/.local/lib/python3.7/site-packages/airflow/example_dags/example_sla_dag.py
[2026-09-30T20:19:31.348+0000] {processor.py:753} INFO - DAG(s) dict_keys(['example_sla_dag']) retrieved from /home/airflow/.local/lib/python3.7/site-packages/airflow/example_dags/example_sla_dag.py
[2026-09-30T20:19:31.395+0000] {logging_mixin.py:137} INFO - [2026-09-30T20:19:31.394+0000] {dag.py:2676} INFO - Sync 1 DAGs
[2026-09-30T20:19:31.430+0000] {logging_mixin.py:137} INFO - [2026-09-30T20:19:31.430+0000] {dag.py:3427} INFO - Setting next_dagrun for example_sla_dag to 2026-09-30T20:16:00+00:00, run_after=2026-09-30T20:18:00+00:00
[2026-09-30T20:19:31.450+0000] {processor.py:175} INFO - Processing /home/airflow/.local/lib/python3.7/site-packages/airflow/example_dags/example_sla_dag.py took 0.138 seconds
[2026-09-30T20:20:01.944+0000] {processor.py:153} INFO - Started process (PID=11642) to work on /home/airflow/.local/lib/python3.7/site-packages/airflow/example_dags/example_sla_dag.py
[2026-09-30T20:20:01.945+0000] {processor.py:743} INFO - Processing file /home/airflow/.local/lib/python3.7/site-packages/airflow/example_dags/example_sla_dag.py for tasks to queue
[2026-09-30T20:20:01.946+0000] {logging_mixin.py:137} INFO - [2026-09-30T20:20:01.946+0000] {dagbag.py:538} INFO - Filling up the DagBag from /home/airflow/.local/lib/python3.7/site-packages/airflow/example_dags/example_sla_dag.py
[2026-09-30T20:20:01.978+0000] {processor.py:753} INFO - DAG(s) dict_keys(['example_sla_dag']) retrieved from /home/airflow/.local/lib/python3.7/site-packages/airflow/example_dags/example_sla_dag.py
[2026-09-30T20:20:02.030+0000] {logging_mixin.py:137} INFO - [2026-09-30T20:20:02.030+0000] {dag.py:2676} INFO - Sync 1 DAGs
[2026-09-30T20:20:02.067+0000] {logging_mixin.py:137} INFO - [2026-09-30T20:20:02.066+0000] {dag.py:3427} INFO - Setting next_dagrun for example_sla_dag to 2026-09-30T20:18:00+00:00, run_after=2026-09-30T20:20:00+00:00
[2026-09-30T20:20:02.090+0000] {processor.py:175} INFO - Processing /home/airflow/.local/lib/python3.7/site-packages/airflow/example_dags/example_sla_dag.py took 0.150 seconds
[2026-09-30T20:20:32.948+0000] {processor.py:153} INFO - Started process (PID=11730) to work on /home/airflow/.local/lib/python3.7/site-packages/airflow/example_dags/example_sla_dag.py
[2026-09-30T20:20:32.949+0000] {processor.py:743} INFO - Processing file /home/airflow/.local/lib/python3.7/site-packages/airflow/example_dags/example_sla_dag.py for tasks to queue
[2026-09-30T20:20:32.950+0000] {logging_mixin.py:137} INFO - [2026-09-30T20:20:32.950+0000] {dagbag.py:538} INFO - Filling up the DagBag from /home/airflow/.local/lib/python3.7/site-packages/airflow/example_dags/example_sla_dag.py
[2026-09-30T20:20:32.994+0000] {processor.py:753} INFO - DAG(s) dict_keys(['example_sla_dag']) retrieved from /home/airflow/.local/lib/python3.7/site-packages/airflow/example_dags/example_sla_dag.py
[2026-09-30T20:20:33.050+0000] {logging_mixin.py:137} INFO - [2026-09-30T20:20:33.050+0000] {dag.py:2676} INFO - Sync 1 DAGs
[2026-09-30T20:20:33.098+0000] {logging_mixin.py:137} INFO - [2026-09-30T20:20:33.098+0000] {dag.py:3427} INFO - Setting next_dagrun for example_sla_dag to 2026-09-30T20:18:00+00:00, run_after=2026-09-30T20:20:00+00:00
[2026-09-30T20:20:33.123+0000] {processor.py:175} INFO - Processing /home/airflow/.local/lib/python3.7/site-packages/airflow/example_dags/example_sla_dag.py took 0.179 seconds
[2026-09-30T20:21:03.403+0000] {processor.py:153} INFO - Started process (PID=11820) to work on /home/airflow/.local/lib/python3.7/site-packages/airflow/example_dags/example_sla_dag.py
[2026-09-30T20:21:03.404+0000] {processor.py:743} INFO - Processing file /home/airflow/.local/lib/python3.7/site-packages/airflow/example_dags/example_sla_dag.py for tasks to queue
[2026-09-30T20:21:03.404+0000] {logging_mixin.py:137} INFO - [2026-09-30T20:21:03.404+0000] {dagbag.py:538} INFO - Filling up the DagBag from /home/airflow/.local/lib/python3.7/site-packages/airflow/example_dags/example_sla_dag.py
[2026-09-30T20:21:03.441+0000] {processor.py:753} INFO - DAG(s) dict_keys(['example_sla_dag']) retrieved from /home/airflow/.local/lib/python3.7/site-packages/airflow/example_dags/example_sla_dag.py
[2026-09-30T20:21:03.492+0000] {logging_mixin.py:137} INFO - [2026-09-30T20:21:03.492+0000] {dag.py:2676} INFO - Sync 1 DAGs
[2026-09-30T20:21:03.532+0000] {logging_mixin.py:137} INFO - [2026-09-30T20:21:03.532+0000] {dag.py:3427} INFO - Setting next_dagrun for example_sla_dag to 2026-09-30T20:18:00+00:00, run_after=2026-09-30T20:20:00+00:00
[2026-09-30T20:21:03.552+0000] {processor.py:175} INFO - Processing /home/airflow/.local/lib/python3.7/site-packages/airflow/example_dags/example_sla_dag.py took 0.152 seconds
[2026-09-30T20:21:34.523+0000] {processor.py:153} INFO - Started process (PID=11899) to work on /home/airflow/.local/lib/python3.7/site-packages/airflow/example_dags/example_sla_dag.py
[2026-09-30T20:21:34.525+0000] {processor.py:743} INFO - Processing file /home/airflow/.local/lib/python3.7/site-packages/airflow/example_dags/example_sla_dag.py for tasks to queue
[2026-09-30T20:21:34.526+0000] {logging_mixin.py:137} INFO - [2026-09-30T20:21:34.526+0000] {dagbag.py:538} INFO - Filling up the DagBag from /home/airflow/.local/lib/python3.7/site-packages/airflow/example_dags/example_sla_dag.py
[2026-09-30T20:21:34.574+0000] {processor.py:753} INFO - DAG(s) dict_keys(['example_sla_dag']) retrieved from /home/airflow/.local/lib/python3.7/site-packages/airflow/example_dags/example_sla_dag.py
[2026-09-30T20:21:34.635+0000] {logging_mixin.py:137} INFO - [2026-09-30T20:21:34.635+0000] {dag.py:2676} INFO - Sync 1 DAGs
[2026-09-30T20:21:34.672+0000] {logging_mixin.py:137} INFO - [2026-09-30T20:21:34.672+0000] {dag.py:3427} INFO - Setting next_dagrun for example_sla_dag to 2026-09-30T20:18:00+00:00, run_after=2026-09-30T20:20:00+00:00
[2026-09-30T20:21:34.693+0000] {processor.py:175} INFO - Processing /home/airflow/.local/lib/python3.7/site-packages/airflow/example_dags/example_sla_dag.py took 0.177 seconds
[2026-09-30T20:22:04.935+0000] {processor.py:153} INFO - Started process (PID=11978) to work on /home/airflow/.local/lib/python3.7/site-packages/airflow/example_dags/example_sla_dag.py
[2026-09-30T20:22:04.935+0000] {processor.py:743} INFO - Processing file /home/airflow/.local/lib/python3.7/site-packages/airflow/example_dags/example_sla_dag.py for tasks to queue
[2026-09-30T20:22:04.936+0000] {logging_mixin.py:137} INFO - [2026-09-30T20:22:04.936+0000] {dagbag.py:538} INFO - Filling up the DagBag from /home/airflow/.local/lib/python3.7/site-packages/airflow/example_dags/example_sla_dag.py
[2026-09-30T20:22:04.969+0000] {processor.py:753} INFO - DAG(s) dict_keys(['example_sla_dag']) retrieved from /home/airflow/.local/lib/python3.7/site-packages/airflow/example_dags/example_sla_dag.py
[2026-09-30T20:22:05.024+0000] {logging_mixin.py:137} INFO - [2026-09-30T20:22:05.024+0000] {dag.py:2676} INFO - Sync 1 DAGs
[2026-09-30T20:22:05.066+0000] {logging_mixin.py:137} INFO - [2026-09-30T20:22:05.066+0000] {dag.py:3427} INFO - Setting next_dagrun for example_sla_dag to 2026-09-30T20:20:00+00:00, run_after=2026-09-30T20:22:00+00:00
[2026-09-30T20:22:05.088+0000] {processor.py:175} INFO - Processing /home/airflow/.local/lib/python3.7/site-packages/airflow/example_dags/example_sla_dag.py took 0.157 seconds
[2026-09-30T20:22:35.934+0000] {processor.py:153} INFO - Started process (PID=12077) to work on /home/airflow/.local/lib/python3.7/site-packages/airflow/example_dags/example_sla_dag.py
[2026-09-30T20:22:35.936+0000] {processor.py:743} INFO - Processing file /home/airflow/.local/lib/python3.7/site-packages/airflow/example_dags/example_sla_dag.py for tasks to queue
[2026-09-30T20:22:35.937+0000] {logging_mixin.py:137} INFO - [2026-09-30T20:22:35.937+0000] {dagbag.py:538} INFO - Filling up the DagBag from /home/airflow/.local/lib/python3.7/site-packages/airflow/example_dags/example_sla_dag.py
[2026-09-30T20:22:35.972+0000] {processor.py:753} INFO - DAG(s) dict_keys(['example_sla_dag']) retrieved from /home/airflow/.local/lib/python3.7/site-packages/airflow/example_dags/example_sla_dag.py
[2026-09-30T20:22:36.039+0000] {logging_mixin.py:137} INFO - [2026-09-30T20:22:36.039+0000] {dag.py:2676} INFO - Sync 1 DAGs
[2026-09-30T20:22:36.088+0000] {logging_mixin.py:137} INFO - [2026-09-30T20:22:36.088+0000] {dag.py:3427} INFO - Setting next_dagrun for example_sla_dag to 2026-09-30T20:20:00+00:00, run_after=2026-09-30T20:22:00+00:00
[2026-09-30T20:22:36.118+0000] {processor.py:175} INFO - Processing /home/airflow/.local/lib/python3.7/site-packages/airflow/example_dags/example_sla_dag.py took 0.188 seconds
[2026-09-30T20:23:06.694+0000] {processor.py:153} INFO - Started process (PID=12156) to work on /home/airflow/.local/lib/python3.7/site-packages/airflow/example_dags/example_sla_dag.py
[2026-09-30T20:23:06.695+0000] {processor.py:743} INFO - Processing file /home/airflow/.local/lib/python3.7/site-packages/airflow/example_dags/example_sla_dag.py for tasks to queue
[2026-09-30T20:23:06.696+0000] {logging_mixin.py:137} INFO - [2026-09-30T20:23:06.696+0000] {dagbag.py:538} INFO - Filling up the DagBag from /home/airflow/.local/lib/python3.7/site-packages/airflow/example_dags/example_sla_dag.py
[2026-09-30T20:23:06.729+0000] {processor.py:753} INFO - DAG(s) dict_keys(['example_sla_dag']) retrieved from /home/airflow/.local/lib/python3.7/site-packages/airflow/example_dags/example_sla_dag.py
[2026-09-30T20:23:06.779+0000] {logging_mixin.py:137} INFO - [2026-09-30T20:23:06.778+0000] {dag.py:2676} INFO - Sync 1 DAGs
[2026-09-30T20:23:06.814+0000] {logging_mixin.py:137} INFO - [2026-09-30T20:23:06.814+0000] {dag.py:3427} INFO - Setting next_dagrun for example_sla_dag to 2026-09-30T20:20:00+00:00, run_after=2026-09-30T20:22:00+00:00
[2026-09-30T20:23:06.840+0000] {processor.py:175} INFO - Processing /home/airflow/.local/lib/python3.7/site-packages/airflow/example_dags/example_sla_dag.py took 0.151 seconds
[2026-09-30T20:23:37.564+0000] {processor.py:153} INFO - Started process (PID=12235) to work on /home/airflow/.local/lib/python3.7/site-packages/airflow/example_dags/example_sla_dag.py
[2026-09-30T20:23:37.566+0000] {processor.py:743} INFO - Processing file /home/airflow/.local/lib/python3.7/site-packages/airflow/example_dags/example_sla_dag.py for tasks to queue
[2026-09-30T20:23:37.567+0000] {logging_mixin.py:137} INFO - [2026-09-30T20:23:37.567+0000] {dagbag.py:538} INFO - Filling up the DagBag from /home/airflow/.local/lib/python3.7/site-packages/airflow/example_dags/example_sla_dag.py
[2026-09-30T20:23:37.602+0000] {processor.py:753} INFO - DAG(s) dict_keys(['example_sla_dag']) retrieved from /home/airflow/.local/lib/python3.7/site-packages/airflow/example_dags/example_sla_dag.py
[2026-09-30T20:23:37.668+0000] {logging_mixin.py:137} INFO - [2026-09-30T20:23:37.668+0000] {dag.py:2676} INFO - Sync 1 DAGs
[2026-09-30T20:23:37.703+0000] {logging_mixin.py:137} INFO - [2026-09-30T20:23:37.703+0000] {dag.py:3427} INFO - Setting next_dagrun for example_sla_dag to 2026-09-30T20:20:00+00:00, run_after=2026-09-30T20:22:00+00:00
[2026-09-30T20:23:37.723+0000] {processor.py:175} INFO - Processing /home/airflow/.local/lib/python3.7/site-packages/airflow/example_dags/example_sla_dag.py took 0.165 seconds
[2026-09-30T20:24:08.283+0000] {processor.py:153} INFO - Started process (PID=12323) to work on /home/airflow/.local/lib/python3.7/site-packages/airflow/example_dags/example_sla_dag.py
[2026-09-30T20:24:08.284+0000] {processor.py:743} INFO - Processing file /home/airflow/.local/lib/python3.7/site-packages/airflow/example_dags/example_sla_dag.py for tasks to queue
[2026-09-30T20:24:08.284+0000] {logging_mixin.py:137} INFO - [2026-09-30T20:24:08.284+0000] {dagbag.py:538} INFO - Filling up the DagBag from /home/airflow/.local/lib/python3.7/site-packages/airflow/example_dags/example_sla_dag.py
[2026-09-30T20:24:08.329+0000] {processor.py:753} INFO - DAG(s) dict_keys(['example_sla_dag']) retrieved from /home/airflow/.local/lib/python3.7/site-packages/airflow/example_dags/example_sla_dag.py
[2026-09-30T20:24:08.389+0000] {logging_mixin.py:137} INFO - [2026-09-30T20:24:08.389+0000] {dag.py:2676} INFO - Sync 1 DAGs
[2026-09-30T20:24:08.440+0000] {logging_mixin.py:137} INFO - [2026-09-30T20:24:08.439+0000] {dag.py:3427} INFO - Setting next_dagrun for example_sla_dag to 2026-09-30T20:22:00+00:00, run_after=2026-09-30T20:24:00+00:00
[2026-09-30T20:24:08.466+0000] {processor.py:175} INFO - Processing /home/airflow/.local/lib/python3.7/site-packages/airflow/example_dags/example_sla_dag.py took 0.187 seconds
[2026-09-30T20:24:38.728+0000] {processor.py:153} INFO - Started process (PID=12413) to work on /home/airflow/.local/lib/python3.7/site-packages/airflow/example_dags/example_sla_dag.py
[2026-09-30T20:24:38.730+0000] {processor.py:743} INFO - Processing file /home/airflow/.local/lib/python3.7/site-packages/airflow/example_dags/example_sla_dag.py for tasks to queue
[2026-09-30T20:24:38.731+0000] {logging_mixin.py:137} INFO - [2026-09-30T20:24:38.731+0000] {dagbag.py:538} INFO - Filling up the DagBag from /home/airflow/.local/lib/python3.7/site-packages/airflow/example_dags/example_sla_dag.py
[2026-09-30T20:24:38.782+0000] {processor.py:753} INFO - DAG(s) dict_keys(['example_sla_dag']) retrieved from /home/airflow/.local/lib/python3.7/site-packages/airflow/example_dags/example_sla_dag.py
[2026-09-30T20:24:38.836+0000] {logging_mixin.py:137} INFO - [2026-09-30T20:24:38.836+0000] {dag.py:2676} INFO - Sync 1 DAGs
[2026-09-30T20:24:38.882+0000] {logging_mixin.py:137} INFO - [2026-09-30T20:24:38.882+0000] {dag.py:3427} INFO - Setting next_dagrun for example_sla_dag to 2026-09-30T20:22:00+00:00, run_after=2026-09-30T20:24:00+00:00
[2026-09-30T20:24:38.906+0000] {processor.py:175} INFO - Processing /home/airflow/.local/lib/python3.7/site-packages/airflow/example_dags/example_sla_dag.py took 0.184 seconds
[2026-09-30T20:25:09.314+0000] {processor.py:153} INFO - Started process (PID=12492) to work on /home/airflow/.local/lib/python3.7/site-packages/airflow/example_dags/example_sla_dag.py
[2026-09-30T20:25:09.316+0000] {processor.py:743} INFO - Processing file /home/airflow/.local/lib/python3.7/site-packages/airflow/example_dags/example_sla_dag.py for tasks to queue
[2026-09-30T20:25:09.317+0000] {logging_mixin.py:137} INFO - [2026-09-30T20:25:09.316+0000] {dagbag.py:538} INFO - Filling up the DagBag from /home/airflow/.local/lib/python3.7/site-packages/airflow/example_dags/example_sla_dag.py
[2026-09-30T20:25:09.364+0000] {processor.py:753} INFO - DAG(s) dict_keys(['example_sla_dag']) retrieved from /home/airflow/.local/lib/python3.7/site-packages/airflow/example_dags/example_sla_dag.py
[2026-09-30T20:25:09.437+0000] {logging_mixin.py:137} INFO - [2026-09-30T20:25:09.437+0000] {dag.py:2676} INFO - Sync 1 DAGs
[2026-09-30T20:25:09.483+0000] {logging_mixin.py:137} INFO - [2026-09-30T20:25:09.483+0000] {dag.py:3427} INFO - Setting next_dagrun for example_sla_dag to 2026-09-30T20:22:00+00:00, run_after=2026-09-30T20:24:00+00:00
[2026-09-30T20:25:09.506+0000] {processor.py:175} INFO - Processing /home/airflow/.local/lib/python3.7/site-packages/airflow/example_dags/example_sla_dag.py took 0.198 seconds
[2026-09-30T20:25:39.896+0000] {processor.py:153} INFO - Started process (PID=12571) to work on /home/airflow/.local/lib/python3.7/site-packages/airflow/example_dags/example_sla_dag.py
[2026-09-30T20:25:39.898+0000] {processor.py:743} INFO - Processing file /home/airflow/.local/lib/python3.7/site-packages/airflow/example_dags/example_sla_dag.py for tasks to queue
[2026-09-30T20:25:39.898+0000] {logging_mixin.py:137} INFO - [2026-09-30T20:25:39.898+0000] {dagbag.py:538} INFO - Filling up the DagBag from /home/airflow/.local/lib/python3.7/site-packages/airflow/example_dags/example_sla_dag.py
[2026-09-30T20:25:39.931+0000] {processor.py:753} INFO - DAG(s) dict_keys(['example_sla_dag']) retrieved from /home/airflow/.local/lib/python3.7/site-packages/airflow/example_dags/example_sla_dag.py
[2026-09-30T20:25:39.979+0000] {logging_mixin.py:137} INFO - [2026-09-30T20:25:39.978+0000] {dag.py:2676} INFO - Sync 1 DAGs
[2026-09-30T20:25:40.013+0000] {logging_mixin.py:137} INFO - [2026-09-30T20:25:40.013+0000] {dag.py:3427} INFO - Setting next_dagrun for example_sla_dag to 2026-09-30T20:22:00+00:00, run_after=2026-09-30T20:24:00+00:00
[2026-09-30T20:25:40.034+0000] {processor.py:175} INFO - Processing /home/airflow/.local/lib/python3.7/site-packages/airflow/example_dags/example_sla_dag.py took 0.142 seconds
[2026-09-30T20:26:10.740+0000] {processor.py:153} INFO - Started process (PID=12657) to work on /home/airflow/.local/lib/python3.7/site-packages/airflow/example_dags/example_sla_dag.py
[2026-09-30T20:26:10.741+0000] {processor.py:743} INFO - Processing file /home/airflow/.local/lib/python3.7/site-packages/airflow/example_dags/example_sla_dag.py for tasks to queue
[2026-09-30T20:26:10.741+0000] {logging_mixin.py:137} INFO - [2026-09-30T20:26:10.741+0000] {dagbag.py:538} INFO - Filling up the DagBag from /home/airflow/.local/lib/python3.7/site-packages/airflow/example_dags/example_sla_dag.py
[2026-09-30T20:26:10.778+0000] {processor.py:753} INFO - DAG(s) dict_keys(['example_sla_dag']) retrieved from /home/airflow/.local/lib/python3.7/site-packages/airflow/example_dags/example_sla_dag.py
[2026-09-30T20:26:10.833+0000] {logging_mixin.py:137} INFO - [2026-09-30T20:26:10.833+0000] {dag.py:2676} INFO - Sync 1 DAGs
[2026-09-30T20:26:10.873+0000] {logging_mixin.py:137} INFO - [2026-09-30T20:26:10.873+0000] {dag.py:3427} INFO - Setting next_dagrun for example_sla_dag to 2026-09-30T20:24:00+00:00, run_after=2026-09-30T20:26:00+00:00
[2026-09-30T20:26:10.893+0000] {processor.py:175} INFO - Processing /home/airflow/.local/lib/python3.7/site-packages/airflow/example_dags/example_sla_dag.py took 0.157 seconds
[2026-09-30T20:26:41.175+0000] {processor.py:153} INFO - Started process (PID=12749) to work on /home/airflow/.local/lib/python3.7/site-packages/airflow/example_dags/example_sla_dag.py
[2026-09-30T20:26:41.176+0000] {processor.py:743} INFO - Processing file /home/airflow/.local/lib/python3.7/site-packages/airflow/example_dags/example_sla_dag.py for tasks to queue
[2026-09-30T20:26:41.177+0000] {logging_mixin.py:137} INFO - [2026-09-30T20:26:41.177+0000] {dagbag.py:538} INFO - Filling up the DagBag from /home/airflow/.local/lib/python3.7/site-packages/airflow/example_dags/example_sla_dag.py
[2026-09-30T20:26:41.208+0000] {processor.py:753} INFO - DAG(s) dict_keys(['example_sla_dag']) retrieved from /home/airflow/.local/lib/python3.7/site-packages/airflow/example_dags/example_sla_dag.py
[2026-09-30T20:26:41.256+0000] {logging_mixin.py:137} INFO - [2026-09-30T20:26:41.256+0000] {dag.py:2676} INFO - Sync 1 DAGs
[2026-09-30T20:26:41.292+0000] {logging_mixin.py:137} INFO - [2026-09-30T20:26:41.291+0000] {dag.py:3427} INFO - Setting next_dagrun for example_sla_dag to 2026-09-30T20:24:00+00:00, run_after=2026-09-30T20:26:00+00:00
[2026-09-30T20:26:41.312+0000] {processor.py:175} INFO - Processing /home/airflow/.local/lib/python3.7/site-packages/airflow/example_dags/example_sla_dag.py took 0.141 seconds
[2026-09-30T20:27:11.908+0000] {processor.py:153} INFO - Started process (PID=12828) to work on /home/airflow/.local/lib/python3.7/site-packages/airflow/example_dags/example_sla_dag.py
[2026-09-30T20:27:11.910+0000] {processor.py:743} INFO - Processing file /home/airflow/.local/lib/python3.7/site-packages/airflow/example_dags/example_sla_dag.py for tasks to queue
[2026-09-30T20:27:11.911+0000] {logging_mixin.py:137} INFO - [2026-09-30T20:27:11.910+0000] {dagbag.py:538} INFO - Filling up the DagBag from /home/airflow/.local/lib/python3.7/site-packages/airflow/example_dags/example_sla_dag.py
[2026-09-30T20:27:11.943+0000] {processor.py:753} INFO - DAG(s) dict_keys(['example_sla_dag']) retrieved from /home/airflow/.local/lib/python3.7/site-packages/airflow/example_dags/example_sla_dag.py
[2026-09-30T20:27:11.989+0000] {logging_mixin.py:137} INFO - [2026-09-30T20:27:11.988+0000] {dag.py:2676} INFO - Sync 1 DAGs
[2026-09-30T20:27:12.039+0000] {logging_mixin.py:137} INFO - [2026-09-30T20:27:12.039+0000] {dag.py:3427} INFO - Setting next_dagrun for example_sla_dag to 2026-09-30T20:24:00+00:00, run_after=2026-09-30T20:26:00+00:00
[2026-09-30T20:27:12.062+0000] {processor.py:175} INFO - Processing /home/airflow/.local/lib/python3.7/site-packages/airflow/example_dags/example_sla_dag.py took 0.160 seconds
[2026-09-30T20:27:42.361+0000] {processor.py:153} INFO - Started process (PID=12907) to work on /home/airflow/.local/lib/python3.7/site-packages/airflow/example_dags/example_sla_dag.py
[2026-09-30T20:27:42.363+0000] {processor.py:743} INFO - Processing file /home/airflow/.local/lib/python3.7/site-packages/airflow/example_dags/example_sla_dag.py for tasks to queue
[2026-09-30T20:27:42.363+0000] {logging_mixin.py:137} INFO - [2026-09-30T20:27:42.363+0000] {dagbag.py:538} INFO - Filling up the DagBag from /home/airflow/.local/lib/python3.7/site-packages/airflow/example_dags/example_sla_dag.py
[2026-09-30T20:27:42.408+0000] {processor.py:753} INFO - DAG(s) dict_keys(['example_sla_dag']) retrieved from /home/airflow/.local/lib/python3.7/site-packages/airflow/example_dags/example_sla_dag.py
[2026-09-30T20:27:42.452+0000] {logging_mixin.py:137} INFO - [2026-09-30T20:27:42.451+0000] {dag.py:2676} INFO - Sync 1 DAGs
[2026-09-30T20:27:42.487+0000] {logging_mixin.py:137} INFO - [2026-09-30T20:27:42.487+0000] {dag.py:3427} INFO - Setting next_dagrun for example_sla_dag to 2026-09-30T20:24:00+00:00, run_after=2026-09-30T20:26:00+00:00
[2026-09-30T20:27:42.508+0000] {processor.py:175} INFO - Processing /home/airflow/.local/lib/python3.7/site-packages/airflow/example_dags/example_sla_dag.py took 0.152 seconds
[2026-09-30T20:28:12.747+0000] {processor.py:153} INFO - Started process (PID=13006) to work on /home/airflow/.local/lib/python3.7/site-packages/airflow/example_dags/example_sla_dag.py
[2026-09-30T20:28:12.748+0000] {processor.py:743} INFO - Processing file /home/airflow/.local/lib/python3.7/site-packages/airflow/example_dags/example_sla_dag.py for tasks to queue
[2026-09-30T20:28:12.749+0000] {logging_mixin.py:137} INFO - [2026-09-30T20:28:12.749+0000] {dagbag.py:538} INFO - Filling up the DagBag from /home/airflow/.local/lib/python3.7/site-packages/airflow/example_dags/example_sla_dag.py
[2026-09-30T20:28:12.801+0000] {processor.py:753} INFO - DAG(s) dict_keys(['example_sla_dag']) retrieved from /home/airflow/.local/lib/python3.7/site-packages/airflow/example_dags/example_sla_dag.py
[2026-09-30T20:28:12.864+0000] {logging_mixin.py:137} INFO - [2026-09-30T20:28:12.864+0000] {dag.py:2676} INFO - Sync 1 DAGs
[2026-09-30T20:28:12.903+0000] {logging_mixin.py:137} INFO - [2026-09-30T20:28:12.903+0000] {dag.py:3427} INFO - Setting next_dagrun for example_sla_dag to 2026-09-30T20:26:00+00:00, run_after=2026-09-30T20:28:00+00:00
[2026-09-30T20:28:12.932+0000] {processor.py:175} INFO - Processing /home/airflow/.local/lib/python3.7/site-packages/airflow/example_dags/example_sla_dag.py took 0.191 seconds
[2026-09-30T20:28:42.998+0000] {processor.py:153} INFO - Started process (PID=13085) to work on /home/airflow/.local/lib/python3.7/site-packages/airflow/example_dags/example_sla_dag.py
[2026-09-30T20:28:42.999+0000] {processor.py:743} INFO - Processing file /home/airflow/.local/lib/python3.7/site-packages/airflow/example_dags/example_sla_dag.py for tasks to queue
[2026-09-30T20:28:43.000+0000] {logging_mixin.py:137} INFO - [2026-09-30T20:28:43.000+0000] {dagbag.py:538} INFO - Filling up the DagBag from /home/airflow/.local/lib/python3.7/site-packages/airflow/example_dags/example_sla_dag.py
[2026-09-30T20:28:43.032+0000] {processor.py:753} INFO - DAG(s) dict_keys(['example_sla_dag']) retrieved from /home/airflow/.local/lib/python3.7/site-packages/airflow/example_dags/example_sla_dag.py
[2026-09-30T20:28:43.084+0000] {logging_mixin.py:137} INFO - [2026-09-30T20:28:43.084+0000] {dag.py:2676} INFO - Sync 1 DAGs
[2026-09-30T20:28:43.123+0000] {logging_mixin.py:137} INFO - [2026-09-30T20:28:43.123+0000] {dag.py:3427} INFO - Setting next_dagrun for example_sla_dag to 2026-09-30T20:26:00+00:00, run_after=2026-09-30T20:28:00+00:00
[2026-09-30T20:28:43.147+0000] {processor.py:175} INFO - Processing /home/airflow/.local/lib/python3.7/site-packages/airflow/example_dags/example_sla_dag.py took 0.153 seconds
[2026-09-30T20:29:13.955+0000] {processor.py:153} INFO - Started process (PID=13164) to work on /home/airflow/.local/lib/python3.7/site-packages/airflow/example_dags/example_sla_dag.py
[2026-09-30T20:29:13.956+0000] {processor.py:743} INFO - Processing file /home/airflow/.local/lib/python3.7/site-packages/airflow/example_dags/example_sla_dag.py for tasks to queue
[2026-09-30T20:29:13.957+0000] {logging_mixin.py:137} INFO - [2026-09-30T20:29:13.957+0000] {dagbag.py:538} INFO - Filling up the DagBag from /home/airflow/.local/lib/python3.7/site-packages/airflow/example_dags/example_sla_dag.py
[2026-09-30T20:29:13.995+0000] {processor.py:753} INFO - DAG(s) dict_keys(['example_sla_dag']) retrieved from /home/airflow/.local/lib/python3.7/site-packages/airflow/example_dags/example_sla_dag.py
[2026-09-30T20:29:14.057+0000] {logging_mixin.py:137} INFO - [2026-09-30T20:29:14.057+0000] {dag.py:2676} INFO - Sync 1 DAGs
[2026-09-30T20:29:14.110+0000] {logging_mixin.py:137} INFO - [2026-09-30T20:29:14.110+0000] {dag.py:3427} INFO - Setting next_dagrun for example_sla_dag to 2026-09-30T20:26:00+00:00, run_after=2026-09-30T20:28:00+00:00
[2026-09-30T20:29:14.140+0000] {processor.py:175} INFO - Processing /home/airflow/.local/lib/python3.7/site-packages/airflow/example_dags/example_sla_dag.py took 0.188 seconds
[2026-09-30T20:29:45.133+0000] {processor.py:153} INFO - Started process (PID=13243) to work on /home/airflow/.local/lib/python3.7/site-packages/airflow/example_dags/example_sla_dag.py
[2026-09-30T20:29:45.134+0000] {processor.py:743} INFO - Processing file /home/airflow/.local/lib/python3.7/site-packages/airflow/example_dags/example_sla_dag.py for tasks to queue
[2026-09-30T20:29:45.135+0000] {logging_mixin.py:137} INFO - [2026-09-30T20:29:45.135+0000] {dagbag.py:538} INFO - Filling up the DagBag from /home/airflow/.local/lib/python3.7/site-packages/airflow/example_dags/example_sla_dag.py
[2026-09-30T20:29:45.169+0000] {processor.py:753} INFO - DAG(s) dict_keys(['example_sla_dag']) retrieved from /home/airflow/.local/lib/python3.7/site-packages/airflow/example_dags/example_sla_dag.py
[2026-09-30T20:29:45.216+0000] {logging_mixin.py:137} INFO - [2026-09-30T20:29:45.216+0000] {dag.py:2676} INFO - Sync 1 DAGs
[2026-09-30T20:29:45.252+0000] {logging_mixin.py:137} INFO - [2026-09-30T20:29:45.252+0000] {dag.py:3427} INFO - Setting next_dagrun for example_sla_dag to 2026-09-30T20:26:00+00:00, run_after=2026-09-30T20:28:00+00:00
[2026-09-30T20:29:45.275+0000] {processor.py:175} INFO - Processing /home/airflow/.local/lib/python3.7/site-packages/airflow/example_dags/example_sla_dag.py took 0.147 seconds
[2026-09-30T20:30:15.483+0000] {processor.py:153} INFO - Started process (PID=13322) to work on /home/airflow/.local/lib/python3.7/site-packages/airflow/example_dags/example_sla_dag.py
[2026-09-30T20:30:15.484+0000] {processor.py:743} INFO - Processing file /home/airflow/.local/lib/python3.7/site-packages/airflow/example_dags/example_sla_dag.py for tasks to queue
[2026-09-30T20:30:15.484+0000] {logging_mixin.py:137} INFO - [2026-09-30T20:30:15.484+0000] {dagbag.py:538} INFO - Filling up the DagBag from /home/airflow/.local/lib/python3.7/site-packages/airflow/example_dags/example_sla_dag.py
[2026-09-30T20:30:15.515+0000] {processor.py:753} INFO - DAG(s) dict_keys(['example_sla_dag']) retrieved from /home/airflow/.local/lib/python3.7/site-packages/airflow/example_dags/example_sla_dag.py
[2026-09-30T20:30:15.562+0000] {logging_mixin.py:137} INFO - [2026-09-30T20:30:15.561+0000] {dag.py:2676} INFO - Sync 1 DAGs
[2026-09-30T20:30:15.627+0000] {logging_mixin.py:137} INFO - [2026-09-30T20:30:15.626+0000] {dag.py:3427} INFO - Setting next_dagrun for example_sla_dag to 2026-09-30T20:28:00+00:00, run_after=2026-09-30T20:30:00+00:00
[2026-09-30T20:30:15.654+0000] {processor.py:175} INFO - Processing /home/airflow/.local/lib/python3.7/site-packages/airflow/example_dags/example_sla_dag.py took 0.175 seconds
[2026-09-30T20:30:45.815+0000] {processor.py:153} INFO - Started process (PID=13421) to work on /home/airflow/.local/lib/python3.7/site-packages/airflow/example_dags/example_sla_dag.py
[2026-09-30T20:30:45.816+0000] {processor.py:743} INFO - Processing file /home/airflow/.local/lib/python3.7/site-packages/airflow/example_dags/example_sla_dag.py for tasks to queue
[2026-09-30T20:30:45.817+0000] {logging_mixin.py:137} INFO - [2026-09-30T20:30:45.817+0000] {dagbag.py:538} INFO - Filling up the DagBag from /home/airflow/.local/lib/python3.7/site-packages/airflow/example_dags/example_sla_dag.py
[2026-09-30T20:30:45.849+0000] {processor.py:753} INFO - DAG(s) dict_keys(['example_sla_dag']) retrieved from /home/airflow/.local/lib/python3.7/site-packages/airflow/example_dags/example_sla_dag.py
[2026-09-30T20:30:45.900+0000] {logging_mixin.py:137} INFO - [2026-09-30T20:30:45.899+0000] {dag.py:2676} INFO - Sync 1 DAGs
[2026-09-30T20:30:45.934+0000] {logging_mixin.py:137} INFO - [2026-09-30T20:30:45.934+0000] {dag.py:3427} INFO - Setting next_dagrun for example_sla_dag to 2026-09-30T20:28:00+00:00, run_after=2026-09-30T20:30:00+00:00
[2026-09-30T20:30:45.952+0000] {processor.py:175} INFO - Processing /home/airflow/.local/lib/python3.7/site-packages/airflow/example_dags/example_sla_dag.py took 0.141 seconds
[2026-09-30T20:31:16.110+0000] {processor.py:153} INFO - Started process (PID=13500) to work on /home/airflow/.local/lib/python3.7/site-packages/airflow/example_dags/example_sla_dag.py
[2026-09-30T20:31:16.112+0000] {processor.py:743} INFO - Processing file /home/airflow/.local/lib/python3.7/site-packages/airflow/example_dags/example_sla_dag.py for tasks to queue
[2026-09-30T20:31:16.113+0000] {logging_mixin.py:137} INFO - [2026-09-30T20:31:16.113+0000] {dagbag.py:538} INFO - Filling up the DagBag from /home/airflow/.local/lib/python3.7/site-packages/airflow/example_dags/example_sla_dag.py
[2026-09-30T20:31:16.160+0000] {processor.py:753} INFO - DAG(s) dict_keys(['example_sla_dag']) retrieved from /home/airflow/.local/lib/python3.7/site-packages/airflow/example_dags/example_sla_dag.py
[2026-09-30T20:31:16.227+0000] {logging_mixin.py:137} INFO - [2026-09-30T20:31:16.227+0000] {dag.py:2676} INFO - Sync 1 DAGs
[2026-09-30T20:31:16.268+0000] {logging_mixin.py:137} INFO - [2026-09-30T20:31:16.268+0000] {dag.py:3427} INFO - Setting next_dagrun for example_sla_dag to 2026-09-30T20:28:00+00:00, run_after=2026-09-30T20:30:00+00:00
[2026-09-30T20:31:16.297+0000] {processor.py:175} INFO - Processing /home/airflow/.local/lib/python3.7/site-packages/airflow/example_dags/example_sla_dag.py took 0.193 seconds
[2026-09-30T20:31:47.276+0000] {processor.py:153} INFO - Started process (PID=13579) to work on /home/airflow/.local/lib/python3.7/site-packages/airflow/example_dags/example_sla_dag.py
[2026-09-30T20:31:47.277+0000] {processor.py:743} INFO - Processing file /home/airflow/.local/lib/python3.7/site-packages/airflow/example_dags/example_sla_dag.py for tasks to queue
[2026-09-30T20:31:47.278+0000] {logging_mixin.py:137} INFO - [2026-09-30T20:31:47.278+0000] {dagbag.py:538} INFO - Filling up the DagBag from /home/airflow/.local/lib/python3.7/site-packages/airflow/example_dags/example_sla_dag.py
[2026-09-30T20:31:47.308+0000] {processor.py:753} INFO - DAG(s) dict_keys(['example_sla_dag']) retrieved from /home/airflow/.local/lib/python3.7/site-packages/airflow/example_dags/example_sla_dag.py
[2026-09-30T20:31:47.368+0000] {logging_mixin.py:137} INFO - [2026-09-30T20:31:47.368+0000] {dag.py:2676} INFO - Sync 1 DAGs
[2026-09-30T20:31:47.425+0000] {logging_mixin.py:137} INFO - [2026-09-30T20:31:47.425+0000] {dag.py:3427} INFO - Setting next_dagrun for example_sla_dag to 2026-09-30T20:28:00+00:00, run_after=2026-09-30T20:30:00+00:00
[2026-09-30T20:31:47.454+0000] {processor.py:175} INFO - Processing /home/airflow/.local/lib/python3.7/site-packages/airflow/example_dags/example_sla_dag.py took 0.185 seconds
[2026-09-30T20:32:18.183+0000] {processor.py:153} INFO - Started process (PID=13658) to work on /home/airflow/.local/lib/python3.7/site-packages/airflow/example_dags/example_sla_dag.py
[2026-09-30T20:32:18.184+0000] {processor.py:743} INFO - Processing file /home/airflow/.local/lib/python3.7/site-packages/airflow/example_dags/example_sla_dag.py for tasks to queue
[2026-09-30T20:32:18.185+0000] {logging_mixin.py:137} INFO - [2026-09-30T20:32:18.185+0000] {dagbag.py:538} INFO - Filling up the DagBag from /home/airflow/.local/lib/python3.7/site-packages/airflow/example_dags/example_sla_dag.py
[2026-09-30T20:32:18.232+0000] {processor.py:753} INFO - DAG(s) dict_keys(['example_sla_dag']) retrieved from /home/airflow/.local/lib/python3.7/site-packages/airflow/example_dags/example_sla_dag.py
[2026-09-30T20:32:18.290+0000] {logging_mixin.py:137} INFO - [2026-09-30T20:32:18.289+0000] {dag.py:2676} INFO - Sync 1 DAGs
[2026-09-30T20:32:18.331+0000] {logging_mixin.py:137} INFO - [2026-09-30T20:32:18.331+0000] {dag.py:3427} INFO - Setting next_dagrun for example_sla_dag to 2026-09-30T20:30:00+00:00, run_after=2026-09-30T20:32:00+00:00
[2026-09-30T20:32:18.351+0000] {processor.py:175} INFO - Processing /home/airflow/.local/lib/python3.7/site-packages/airflow/example_dags/example_sla_dag.py took 0.172 seconds
[2026-09-30T20:32:48.687+0000] {processor.py:153} INFO - Started process (PID=13757) to work on /home/airflow/.local/lib/python3.7/site-packages/airflow/example_dags/example_sla_dag.py
[2026-09-30T20:32:48.687+0000] {processor.py:743} INFO - Processing file /home/airflow/.local/lib/python3.7/site-packages/airflow/example_dags/example_sla_dag.py for tasks to queue
[2026-09-30T20:32:48.688+0000] {logging_mixin.py:137} INFO - [2026-09-30T20:32:48.688+0000] {dagbag.py:538} INFO - Filling up the DagBag from /home/airflow/.local/lib/python3.7/site-packages/airflow/example_dags/example_sla_dag.py
[2026-09-30T20:32:48.710+0000] {processor.py:753} INFO - DAG(s) dict_keys(['example_sla_dag']) retrieved from /home/airflow/.local/lib/python3.7/site-packages/airflow/example_dags/example_sla_dag.py
[2026-09-30T20:32:48.747+0000] {logging_mixin.py:137} INFO - [2026-09-30T20:32:48.747+0000] {dag.py:2676} INFO - Sync 1 DAGs
[2026-09-30T20:32:48.778+0000] {logging_mixin.py:137} INFO - [2026-09-30T20:32:48.778+0000] {dag.py:3427} INFO - Setting next_dagrun for example_sla_dag to 2026-09-30T20:30:00+00:00, run_after=2026-09-30T20:32:00+00:00
[2026-09-30T20:32:48.796+0000] {processor.py:175} INFO - Processing /home/airflow/.local/lib/python3.7/site-packages/airflow/example_dags/example_sla_dag.py took 0.112 seconds
[2026-09-30T20:33:19.690+0000] {processor.py:153} INFO - Started process (PID=13836) to work on /home/airflow/.local/lib/python3.7/site-packages/airflow/example_dags/example_sla_dag.py
[2026-09-30T20:33:19.692+0000] {processor.py:743} INFO - Processing file /home/airflow/.local/lib/python3.7/site-packages/airflow/example_dags/example_sla_dag.py for tasks to queue
[2026-09-30T20:33:19.693+0000] {logging_mixin.py:137} INFO - [2026-09-30T20:33:19.692+0000] {dagbag.py:538} INFO - Filling up the DagBag from /home/airflow/.local/lib/python3.7/site-packages/airflow/example_dags/example_sla_dag.py
[2026-09-30T20:33:19.724+0000] {processor.py:753} INFO - DAG(s) dict_keys(['example_sla_dag']) retrieved from /home/airflow/.local/lib/python3.7/site-packages/airflow/example_dags/example_sla_dag.py
[2026-09-30T20:33:19.793+0000] {logging_mixin.py:137} INFO - [2026-09-30T20:33:19.792+0000] {dag.py:2676} INFO - Sync 1 DAGs
[2026-09-30T20:33:19.838+0000] {logging_mixin.py:137} INFO - [2026-09-30T20:33:19.838+0000] {dag.py:3427} INFO - Setting next_dagrun for example_sla_dag to 2026-09-30T20:30:00+00:00, run_after=2026-09-30T20:32:00+00:00
[2026-09-30T20:33:19.863+0000] {processor.py:175} INFO - Processing /home/airflow/.local/lib/python3.7/site-packages/airflow/example_dags/example_sla_dag.py took 0.177 seconds
[2026-09-30T20:33:49.912+0000] {processor.py:153} INFO - Started process (PID=13915) to work on /home/airflow/.local/lib/python3.7/site-packages/airflow/example_dags/example_sla_dag.py
[2026-09-30T20:33:49.913+0000] {processor.py:743} INFO - Processing file /home/airflow/.local/lib/python3.7/site-packages/airflow/example_dags/example_sla_dag.py for tasks to queue
[2026-09-30T20:33:49.914+0000] {logging_mixin.py:137} INFO - [2026-09-30T20:33:49.914+0000] {dagbag.py:538} INFO - Filling up the DagBag from /home/airflow/.local/lib/python3.7/site-packages/airflow/example_dags/example_sla_dag.py
[2026-09-30T20:33:49.944+0000] {processor.py:753} INFO - DAG(s) dict_keys(['example_sla_dag']) retrieved from /home/airflow/.local/lib/python3.7/site-packages/airflow/example_dags/example_sla_dag.py
[2026-09-30T20:33:49.992+0000] {logging_mixin.py:137} INFO - [2026-09-30T20:33:49.992+0000] {dag.py:2676} INFO - Sync 1 DAGs
[2026-09-30T20:33:50.033+0000] {logging_mixin.py:137} INFO - [2026-09-30T20:33:50.033+0000] {dag.py:3427} INFO - Setting next_dagrun for example_sla_dag to 2026-09-30T20:30:00+00:00, run_after=2026-09-30T20:32:00+00:00
[2026-09-30T20:33:50.064+0000] {processor.py:175} INFO - Processing /home/airflow/.local/lib/python3.7/site-packages/airflow/example_dags/example_sla_dag.py took 0.155 seconds
[2026-09-30T20:34:20.228+0000] {processor.py:153} INFO - Started process (PID=14014) to work on /home/airflow/.local/lib/python3.7/site-packages/airflow/example_dags/example_sla_dag.py
[2026-09-30T20:34:20.229+0000] {processor.py:743} INFO - Processing file /home/airflow/.local/lib/python3.7/site-packages/airflow/example_dags/example_sla_dag.py for tasks to queue
[2026-09-30T20:34:20.230+0000] {logging_mixin.py:137} INFO - [2026-09-30T20:34:20.230+0000] {dagbag.py:538} INFO - Filling up the DagBag from /home/airflow/.local/lib/python3.7/site-packages/airflow/example_dags/example_sla_dag.py
[2026-09-30T20:34:20.263+0000] {processor.py:753} INFO - DAG(s) dict_keys(['example_sla_dag']) retrieved from /home/airflow/.local/lib/python3.7/site-packages/airflow/example_dags/example_sla_dag.py
[2026-09-30T20:34:20.308+0000] {logging_mixin.py:137} INFO - [2026-09-30T20:34:20.308+0000] {dag.py:2676} INFO - Sync 1 DAGs
[2026-09-30T20:34:20.355+0000] {logging_mixin.py:137} INFO - [2026-09-30T20:34:20.355+0000] {dag.py:3427} INFO - Setting next_dagrun for example_sla_dag to 2026-09-30T20:32:00+00:00, run_after=2026-09-30T20:34:00+00:00
[2026-09-30T20:34:20.388+0000] {processor.py:175} INFO - Processing /home/airflow/.local/lib/python3.7/site-packages/airflow/example_dags/example_sla_dag.py took 0.164 seconds
[2026-09-30T20:34:50.445+0000] {processor.py:153} INFO - Started process (PID=14092) to work on /home/airflow/.local/lib/python3.7/site-packages/airflow/example_dags/example_sla_dag.py
[2026-09-30T20:34:50.446+0000] {processor.py:743} INFO - Processing file /home/airflow/.local/lib/python3.7/site-packages/airflow/example_dags/example_sla_dag.py for tasks to queue
[2026-09-30T20:34:50.447+0000] {logging_mixin.py:137} INFO - [2026-09-30T20:34:50.446+0000] {dagbag.py:538} INFO - Filling up the DagBag from /home/airflow/.local/lib/python3.7/site-packages/airflow/example_dags/example_sla_dag.py
[2026-09-30T20:34:50.474+0000] {processor.py:753} INFO - DAG(s) dict_keys(['example_sla_dag']) retrieved from /home/airflow/.local/lib/python3.7/site-packages/airflow/example_dags/example_sla_dag.py
[2026-09-30T20:34:50.517+0000] {logging_mixin.py:137} INFO - [2026-09-30T20:34:50.517+0000] {dag.py:2676} INFO - Sync 1 DAGs
[2026-09-30T20:34:50.547+0000] {logging_mixin.py:137} INFO - [2026-09-30T20:34:50.547+0000] {dag.py:3427} INFO - Setting next_dagrun for example_sla_dag to 2026-09-30T20:32:00+00:00, run_after=2026-09-30T20:34:00+00:00
[2026-09-30T20:34:50.565+0000] {processor.py:175} INFO - Processing /home/airflow/.local/lib/python3.7/site-packages/airflow/example_dags/example_sla_dag.py took 0.123 seconds
[2026-09-30T20:35:21.290+0000] {processor.py:153} INFO - Started process (PID=14172) to work on /home/airflow/.local/lib/python3.7/site-packages/airflow/example_dags/example_sla_dag.py
[2026-09-30T20:35:21.292+0000] {processor.py:743} INFO - Processing file /home/airflow/.local/lib/python3.7/site-packages/airflow/example_dags/example_sla_dag.py for tasks to queue
[2026-09-30T20:35:21.294+0000] {logging_mixin.py:137} INFO - [2026-09-30T20:35:21.293+0000] {dagbag.py:538} INFO - Filling up the DagBag from /home/airflow/.local/lib/python3.7/site-packages/airflow/example_dags/example_sla_dag.py
[2026-09-30T20:35:21.363+0000] {processor.py:753} INFO - DAG(s) dict_keys(['example_sla_dag']) retrieved from /home/airflow/.local/lib/python3.7/site-packages/airflow/example_dags/example_sla_dag.py
[2026-09-30T20:35:21.464+0000] {logging_mixin.py:137} INFO - [2026-09-30T20:35:21.464+0000] {dag.py:2676} INFO - Sync 1 DAGs
[2026-09-30T20:35:21.534+0000] {logging_mixin.py:137} INFO - [2026-09-30T20:35:21.533+0000] {dag.py:3427} INFO - Setting next_dagrun for example_sla_dag to 2026-09-30T20:32:00+00:00, run_after=2026-09-30T20:34:00+00:00
[2026-09-30T20:35:21.578+0000] {processor.py:175} INFO - Processing /home/airflow/.local/lib/python3.7/site-packages/airflow/example_dags/example_sla_dag.py took 0.292 seconds
[2026-09-30T20:35:52.003+0000] {processor.py:153} INFO - Started process (PID=14260) to work on /home/airflow/.local/lib/python3.7/site-packages/airflow/example_dags/example_sla_dag.py
[2026-09-30T20:35:52.005+0000] {processor.py:743} INFO - Processing file /home/airflow/.local/lib/python3.7/site-packages/airflow/example_dags/example_sla_dag.py for tasks to queue
[2026-09-30T20:35:52.006+0000] {logging_mixin.py:137} INFO - [2026-09-30T20:35:52.005+0000] {dagbag.py:538} INFO - Filling up the DagBag from /home/airflow/.local/lib/python3.7/site-packages/airflow/example_dags/example_sla_dag.py
[2026-09-30T20:35:52.036+0000] {processor.py:753} INFO - DAG(s) dict_keys(['example_sla_dag']) retrieved from /home/airflow/.local/lib/python3.7/site-packages/airflow/example_dags/example_sla_dag.py
[2026-09-30T20:35:52.082+0000] {logging_mixin.py:137} INFO - [2026-09-30T20:35:52.082+0000] {dag.py:2676} INFO - Sync 1 DAGs
[2026-09-30T20:35:52.126+0000] {logging_mixin.py:137} INFO - [2026-09-30T20:35:52.125+0000] {dag.py:3427} INFO - Setting next_dagrun for example_sla_dag to 2026-09-30T20:32:00+00:00, run_after=2026-09-30T20:34:00+00:00
[2026-09-30T20:35:52.147+0000] {processor.py:175} INFO - Processing /home/airflow/.local/lib/python3.7/site-packages/airflow/example_dags/example_sla_dag.py took 0.149 seconds
[2026-09-30T20:36:22.684+0000] {processor.py:153} INFO - Started process (PID=14350) to work on /home/airflow/.local/lib/python3.7/site-packages/airflow/example_dags/example_sla_dag.py
[2026-09-30T20:36:22.685+0000] {processor.py:743} INFO - Processing file /home/airflow/.local/lib/python3.7/site-packages/airflow/example_dags/example_sla_dag.py for tasks to queue
[2026-09-30T20:36:22.685+0000] {logging_mixin.py:137} INFO - [2026-09-30T20:36:22.685+0000] {dagbag.py:538} INFO - Filling up the DagBag from /home/airflow/.local/lib/python3.7/site-packages/airflow/example_dags/example_sla_dag.py
[2026-09-30T20:36:22.716+0000] {processor.py:753} INFO - DAG(s) dict_keys(['example_sla_dag']) retrieved from /home/airflow/.local/lib/python3.7/site-packages/airflow/example_dags/example_sla_dag.py
[2026-09-30T20:36:22.761+0000] {logging_mixin.py:137} INFO - [2026-09-30T20:36:22.761+0000] {dag.py:2676} INFO - Sync 1 DAGs
[2026-09-30T20:36:22.797+0000] {logging_mixin.py:137} INFO - [2026-09-30T20:36:22.797+0000] {dag.py:3427} INFO - Setting next_dagrun for example_sla_dag to 2026-09-30T20:34:00+00:00, run_after=2026-09-30T20:36:00+00:00
[2026-09-30T20:36:22.821+0000] {processor.py:175} INFO - Processing /home/airflow/.local/lib/python3.7/site-packages/airflow/example_dags/example_sla_dag.py took 0.141 seconds
[2026-09-30T20:36:53.592+0000] {processor.py:153} INFO - Started process (PID=14429) to work on /home/airflow/.local/lib/python3.7/site-packages/airflow/example_dags/example_sla_dag.py
[2026-09-30T20:36:53.593+0000] {processor.py:743} INFO - Processing file /home/airflow/.local/lib/python3.7/site-packages/airflow/example_dags/example_sla_dag.py for tasks to queue
[2026-09-30T20:36:53.594+0000] {logging_mixin.py:137} INFO - [2026-09-30T20:36:53.594+0000] {dagbag.py:538} INFO - Filling up the DagBag from /home/airflow/.local/lib/python3.7/site-packages/airflow/example_dags/example_sla_dag.py
[2026-09-30T20:36:53.628+0000] {processor.py:753} INFO - DAG(s) dict_keys(['example_sla_dag']) retrieved from /home/airflow/.local/lib/python3.7/site-packages/airflow/example_dags/example_sla_dag.py
[2026-09-30T20:36:53.685+0000] {logging_mixin.py:137} INFO - [2026-09-30T20:36:53.685+0000] {dag.py:2676} INFO - Sync 1 DAGs
[2026-09-30T20:36:53.720+0000] {logging_mixin.py:137} INFO - [2026-09-30T20:36:53.720+0000] {dag.py:3427} INFO - Setting next_dagrun for example_sla_dag to 2026-09-30T20:34:00+00:00, run_after=2026-09-30T20:36:00+00:00
[2026-09-30T20:36:53.743+0000] {processor.py:175} INFO - Processing /home/airflow/.local/lib/python3.7/site-packages/airflow/example_dags/example_sla_dag.py took 0.155 seconds
[2026-09-30T20:37:24.016+0000] {processor.py:153} INFO - Started process (PID=14508) to work on /home/airflow/.local/lib/python3.7/site-packages/airflow/example_dags/example_sla_dag.py
[2026-09-30T20:37:24.017+0000] {processor.py:743} INFO - Processing file /home/airflow/.local/lib/python3.7/site-packages/airflow/example_dags/example_sla_dag.py for tasks to queue
[2026-09-30T20:37:24.017+0000] {logging_mixin.py:137} INFO - [2026-09-30T20:37:24.017+0000] {dagbag.py:538} INFO - Filling up the DagBag from /home/airflow/.local/lib/python3.7/site-packages/airflow/example_dags/example_sla_dag.py
[2026-09-30T20:37:24.043+0000] {processor.py:753} INFO - DAG(s) dict_keys(['example_sla_dag']) retrieved from /home/airflow/.local/lib/python3.7/site-packages/airflow/example_dags/example_sla_dag.py
[2026-09-30T20:37:24.080+0000] {logging_mixin.py:137} INFO - [2026-09-30T20:37:24.080+0000] {dag.py:2676} INFO - Sync 1 DAGs
[2026-09-30T20:37:24.107+0000] {logging_mixin.py:137} INFO - [2026-09-30T20:37:24.107+0000] {dag.py:3427} INFO - Setting next_dagrun for example_sla_dag to 2026-09-30T20:34:00+00:00, run_after=2026-09-30T20:36:00+00:00
[2026-09-30T20:37:24.124+0000] {processor.py:175} INFO - Processing /home/airflow/.local/lib/python3.7/site-packages/airflow/example_dags/example_sla_dag.py took 0.112 seconds
[2026-09-30T20:37:54.814+0000] {processor.py:153} INFO - Started process (PID=14607) to work on /home/airflow/.local/lib/python3.7/site-packages/airflow/example_dags/example_sla_dag.py
[2026-09-30T20:37:54.816+0000] {processor.py:743} INFO - Processing file /home/airflow/.local/lib/python3.7/site-packages/airflow/example_dags/example_sla_dag.py for tasks to queue
[2026-09-30T20:37:54.816+0000] {logging_mixin.py:137} INFO - [2026-09-30T20:37:54.816+0000] {dagbag.py:538} INFO - Filling up the DagBag from /home/airflow/.local/lib/python3.7/site-packages/airflow/example_dags/example_sla_dag.py
[2026-09-30T20:37:54.849+0000] {processor.py:753} INFO - DAG(s) dict_keys(['example_sla_dag']) retrieved from /home/airflow/.local/lib/python3.7/site-packages/airflow/example_dags/example_sla_dag.py
[2026-09-30T20:37:54.913+0000] {logging_mixin.py:137} INFO - [2026-09-30T20:37:54.913+0000] {dag.py:2676} INFO - Sync 1 DAGs
[2026-09-30T20:37:54.953+0000] {logging_mixin.py:137} INFO - [2026-09-30T20:37:54.952+0000] {dag.py:3427} INFO - Setting next_dagrun for example_sla_dag to 2026-09-30T20:34:00+00:00, run_after=2026-09-30T20:36:00+00:00
[2026-09-30T20:37:54.973+0000] {processor.py:175} INFO - Processing /home/airflow/.local/lib/python3.7/site-packages/airflow/example_dags/example_sla_dag.py took 0.163 seconds
[2026-09-30T20:38:25.246+0000] {processor.py:153} INFO - Started process (PID=14686) to work on /home/airflow/.local/lib/python3.7/site-packages/airflow/example_dags/example_sla_dag.py
[2026-09-30T20:38:25.248+0000] {processor.py:743} INFO - Processing file /home/airflow/.local/lib/python3.7/site-packages/airflow/example_dags/example_sla_dag.py for tasks to queue
[2026-09-30T20:38:25.249+0000] {logging_mixin.py:137} INFO - [2026-09-30T20:38:25.249+0000] {dagbag.py:538} INFO - Filling up the DagBag from /home/airflow/.local/lib/python3.7/site-packages/airflow/example_dags/example_sla_dag.py
[2026-09-30T20:38:25.289+0000] {processor.py:753} INFO - DAG(s) dict_keys(['example_sla_dag']) retrieved from /home/airflow/.local/lib/python3.7/site-packages/airflow/example_dags/example_sla_dag.py
[2026-09-30T20:38:25.343+0000] {logging_mixin.py:137} INFO - [2026-09-30T20:38:25.343+0000] {dag.py:2676} INFO - Sync 1 DAGs
[2026-09-30T20:38:25.391+0000] {logging_mixin.py:137} INFO - [2026-09-30T20:38:25.391+0000] {dag.py:3427} INFO - Setting next_dagrun for example_sla_dag to 2026-09-30T20:36:00+00:00, run_after=2026-09-30T20:38:00+00:00
[2026-09-30T20:38:25.414+0000] {processor.py:175} INFO - Processing /home/airflow/.local/lib/python3.7/site-packages/airflow/example_dags/example_sla_dag.py took 0.173 seconds
[2026-09-30T20:38:56.227+0000] {processor.py:153} INFO - Started process (PID=14765) to work on /home/airflow/.local/lib/python3.7/site-packages/airflow/example_dags/example_sla_dag.py
[2026-09-30T20:38:56.229+0000] {processor.py:743} INFO - Processing file /home/airflow/.local/lib/python3.7/site-packages/airflow/example_dags/example_sla_dag.py for tasks to queue
[2026-09-30T20:38:56.230+0000] {logging_mixin.py:137} INFO - [2026-09-30T20:38:56.230+0000] {dagbag.py:538} INFO - Filling up the DagBag from /home/airflow/.local/lib/python3.7/site-packages/airflow/example_dags/example_sla_dag.py
[2026-09-30T20:38:56.270+0000] {processor.py:753} INFO - DAG(s) dict_keys(['example_sla_dag']) retrieved from /home/airflow/.local/lib/python3.7/site-packages/airflow/example_dags/example_sla_dag.py
[2026-09-30T20:38:56.345+0000] {logging_mixin.py:137} INFO - [2026-09-30T20:38:56.345+0000] {dag.py:2676} INFO - Sync 1 DAGs
[2026-09-30T20:38:56.400+0000] {logging_mixin.py:137} INFO - [2026-09-30T20:38:56.400+0000] {dag.py:3427} INFO - Setting next_dagrun for example_sla_dag to 2026-09-30T20:36:00+00:00, run_after=2026-09-30T20:38:00+00:00
[2026-09-30T20:38:56.434+0000] {processor.py:175} INFO - Processing /home/airflow/.local/lib/python3.7/site-packages/airflow/example_dags/example_sla_dag.py took 0.213 seconds
[2026-09-30T20:39:26.772+0000] {processor.py:153} INFO - Started process (PID=14844) to work on /home/airflow/.local/lib/python3.7/site-packages/airflow/example_dags/example_sla_dag.py
[2026-09-30T20:39:26.774+0000] {processor.py:743} INFO - Processing file /home/airflow/.local/lib/python3.7/site-packages/airflow/example_dags/example_sla_dag.py for tasks to queue
[2026-09-30T20:39:26.775+0000] {logging_mixin.py:137} INFO - [2026-09-30T20:39:26.775+0000] {dagbag.py:538} INFO - Filling up the DagBag from /home/airflow/.local/lib/python3.7/site-packages/airflow/example_dags/example_sla_dag.py
[2026-09-30T20:39:26.820+0000] {processor.py:753} INFO - DAG(s) dict_keys(['example_sla_dag']) retrieved from /home/airflow/.local/lib/python3.7/site-packages/airflow/example_dags/example_sla_dag.py
[2026-09-30T20:39:26.869+0000] {logging_mixin.py:137} INFO - [2026-09-30T20:39:26.868+0000] {dag.py:2676} INFO - Sync 1 DAGs
[2026-09-30T20:39:26.908+0000] {logging_mixin.py:137} INFO - [2026-09-30T20:39:26.907+0000] {dag.py:3427} INFO - Setting next_dagrun for example_sla_dag to 2026-09-30T20:36:00+00:00, run_after=2026-09-30T20:38:00+00:00
[2026-09-30T20:39:26.933+0000] {processor.py:175} INFO - Processing /home/airflow/.local/lib/python3.7/site-packages/airflow/example_dags/example_sla_dag.py took 0.167 seconds
[2026-09-30T20:39:57.354+0000] {processor.py:153} INFO - Started process (PID=14932) to work on /home/airflow/.local/lib/python3.7/site-packages/airflow/example_dags/example_sla_dag.py
[2026-09-30T20:39:57.355+0000] {processor.py:743} INFO - Processing file /home/airflow/.local/lib/python3.7/site-packages/airflow/example_dags/example_sla_dag.py for tasks to queue
[2026-09-30T20:39:57.356+0000] {logging_mixin.py:137} INFO - [2026-09-30T20:39:57.356+0000] {dagbag.py:538} INFO - Filling up the DagBag from /home/airflow/.local/lib/python3.7/site-packages/airflow/example_dags/example_sla_dag.py
[2026-09-30T20:39:57.390+0000] {processor.py:753} INFO - DAG(s) dict_keys(['example_sla_dag']) retrieved from /home/airflow/.local/lib/python3.7/site-packages/airflow/example_dags/example_sla_dag.py
[2026-09-30T20:39:57.437+0000] {logging_mixin.py:137} INFO - [2026-09-30T20:39:57.437+0000] {dag.py:2676} INFO - Sync 1 DAGs
[2026-09-30T20:39:57.480+0000] {logging_mixin.py:137} INFO - [2026-09-30T20:39:57.479+0000] {dag.py:3427} INFO - Setting next_dagrun for example_sla_dag to 2026-09-30T20:36:00+00:00, run_after=2026-09-30T20:38:00+00:00
[2026-09-30T20:39:57.504+0000] {processor.py:175} INFO - Processing /home/airflow/.local/lib/python3.7/site-packages/airflow/example_dags/example_sla_dag.py took 0.154 seconds
[2026-09-30T20:40:27.881+0000] {processor.py:153} INFO - Started process (PID=15022) to work on /home/airflow/.local/lib/python3.7/site-packages/airflow/example_dags/example_sla_dag.py
[2026-09-30T20:40:27.883+0000] {processor.py:743} INFO - Processing file /home/airflow/.local/lib/python3.7/site-packages/airflow/example_dags/example_sla_dag.py for tasks to queue
[2026-09-30T20:40:27.884+0000] {logging_mixin.py:137} INFO - [2026-09-30T20:40:27.884+0000] {dagbag.py:538} INFO - Filling up the DagBag from /home/airflow/.local/lib/python3.7/site-packages/airflow/example_dags/example_sla_dag.py
[2026-09-30T20:40:27.930+0000] {processor.py:753} INFO - DAG(s) dict_keys(['example_sla_dag']) retrieved from /home/airflow/.local/lib/python3.7/site-packages/airflow/example_dags/example_sla_dag.py
[2026-09-30T20:40:27.994+0000] {logging_mixin.py:137} INFO - [2026-09-30T20:40:27.993+0000] {dag.py:2676} INFO - Sync 1 DAGs
[2026-09-30T20:40:28.037+0000] {logging_mixin.py:137} INFO - [2026-09-30T20:40:28.036+0000] {dag.py:3427} INFO - Setting next_dagrun for example_sla_dag to 2026-09-30T20:38:00+00:00, run_after=2026-09-30T20:40:00+00:00
[2026-09-30T20:40:28.059+0000] {processor.py:175} INFO - Processing /home/airflow/.local/lib/python3.7/site-packages/airflow/example_dags/example_sla_dag.py took 0.184 seconds
[2026-09-30T20:40:58.525+0000] {processor.py:153} INFO - Started process (PID=15102) to work on /home/airflow/.local/lib/python3.7/site-packages/airflow/example_dags/example_sla_dag.py
[2026-09-30T20:40:58.526+0000] {processor.py:743} INFO - Processing file /home/airflow/.local/lib/python3.7/site-packages/airflow/example_dags/example_sla_dag.py for tasks to queue
[2026-09-30T20:40:58.526+0000] {logging_mixin.py:137} INFO - [2026-09-30T20:40:58.526+0000] {dagbag.py:538} INFO - Filling up the DagBag from /home/airflow/.local/lib/python3.7/site-packages/airflow/example_dags/example_sla_dag.py
[2026-09-30T20:40:58.572+0000] {processor.py:753} INFO - DAG(s) dict_keys(['example_sla_dag']) retrieved from /home/airflow/.local/lib/python3.7/site-packages/airflow/example_dags/example_sla_dag.py
[2026-09-30T20:40:58.631+0000] {logging_mixin.py:137} INFO - [2026-09-30T20:40:58.631+0000] {dag.py:2676} INFO - Sync 1 DAGs
[2026-09-30T20:40:58.667+0000] {logging_mixin.py:137} INFO - [2026-09-30T20:40:58.667+0000] {dag.py:3427} INFO - Setting next_dagrun for example_sla_dag to 2026-09-30T20:38:00+00:00, run_after=2026-09-30T20:40:00+00:00
[2026-09-30T20:40:58.687+0000] {processor.py:175} INFO - Processing /home/airflow/.local/lib/python3.7/site-packages/airflow/example_dags/example_sla_dag.py took 0.166 seconds
[2026-09-30T20:41:28.752+0000] {processor.py:153} INFO - Started process (PID=15181) to work on /home/airflow/.local/lib/python3.7/site-packages/airflow/example_dags/example_sla_dag.py
[2026-09-30T20:41:28.753+0000] {processor.py:743} INFO - Processing file /home/airflow/.local/lib/python3.7/site-packages/airflow/example_dags/example_sla_dag.py for tasks to queue
[2026-09-30T20:41:28.754+0000] {logging_mixin.py:137} INFO - [2026-09-30T20:41:28.754+0000] {dagbag.py:538} INFO - Filling up the DagBag from /home/airflow/.local/lib/python3.7/site-packages/airflow/example_dags/example_sla_dag.py
[2026-09-30T20:41:28.803+0000] {processor.py:753} INFO - DAG(s) dict_keys(['example_sla_dag']) retrieved from /home/airflow/.local/lib/python3.7/site-packages/airflow/example_dags/example_sla_dag.py
[2026-09-30T20:41:28.864+0000] {logging_mixin.py:137} INFO - [2026-09-30T20:41:28.863+0000] {dag.py:2676} INFO - Sync 1 DAGs
[2026-09-30T20:41:28.917+0000] {logging_mixin.py:137} INFO - [2026-09-30T20:41:28.917+0000] {dag.py:3427} INFO - Setting next_dagrun for example_sla_dag to 2026-09-30T20:38:00+00:00, run_after=2026-09-30T20:40:00+00:00
[2026-09-30T20:41:28.946+0000] {processor.py:175} INFO - Processing /home/airflow/.local/lib/python3.7/site-packages/airflow/example_dags/example_sla_dag.py took 0.199 seconds
[2026-09-30T20:41:59.690+0000] {processor.py:153} INFO - Started process (PID=15260) to work on /home/airflow/.local/lib/python3.7/site-packages/airflow/example_dags/example_sla_dag.py
[2026-09-30T20:41:59.691+0000] {processor.py:743} INFO - Processing file /home/airflow/.local/lib/python3.7/site-packages/airflow/example_dags/example_sla_dag.py for tasks to queue
[2026-09-30T20:41:59.693+0000] {logging_mixin.py:137} INFO - [2026-09-30T20:41:59.692+0000] {dagbag.py:538} INFO - Filling up the DagBag from /home/airflow/.local/lib/python3.7/site-packages/airflow/example_dags/example_sla_dag.py
[2026-09-30T20:41:59.727+0000] {processor.py:753} INFO - DAG(s) dict_keys(['example_sla_dag']) retrieved from /home/airflow/.local/lib/python3.7/site-packages/airflow/example_dags/example_sla_dag.py
[2026-09-30T20:41:59.786+0000] {logging_mixin.py:137} INFO - [2026-09-30T20:41:59.786+0000] {dag.py:2676} INFO - Sync 1 DAGs
[2026-09-30T20:41:59.831+0000] {logging_mixin.py:137} INFO - [2026-09-30T20:41:59.831+0000] {dag.py:3427} INFO - Setting next_dagrun for example_sla_dag to 2026-09-30T20:38:00+00:00, run_after=2026-09-30T20:40:00+00:00
[2026-09-30T20:41:59.853+0000] {processor.py:175} INFO - Processing /home/airflow/.local/lib/python3.7/site-packages/airflow/example_dags/example_sla_dag.py took 0.167 seconds
[2026-09-30T20:42:30.432+0000] {processor.py:153} INFO - Started process (PID=15359) to work on /home/airflow/.local/lib/python3.7/site-packages/airflow/example_dags/example_sla_dag.py
[2026-09-30T20:42:30.434+0000] {processor.py:743} INFO - Processing file /home/airflow/.local/lib/python3.7/site-packages/airflow/example_dags/example_sla_dag.py for tasks to queue
[2026-09-30T20:42:30.434+0000] {logging_mixin.py:137} INFO - [2026-09-30T20:42:30.434+0000] {dagbag.py:538} INFO - Filling up the DagBag from /home/airflow/.local/lib/python3.7/site-packages/airflow/example_dags/example_sla_dag.py
[2026-09-30T20:42:30.466+0000] {processor.py:753} INFO - DAG(s) dict_keys(['example_sla_dag']) retrieved from /home/airflow/.local/lib/python3.7/site-packages/airflow/example_dags/example_sla_dag.py
[2026-09-30T20:42:30.517+0000] {logging_mixin.py:137} INFO - [2026-09-30T20:42:30.517+0000] {dag.py:2676} INFO - Sync 1 DAGs
[2026-09-30T20:42:30.553+0000] {logging_mixin.py:137} INFO - [2026-09-30T20:42:30.553+0000] {dag.py:3427} INFO - Setting next_dagrun for example_sla_dag to 2026-09-30T20:40:00+00:00, run_after=2026-09-30T20:42:00+00:00
[2026-09-30T20:42:30.577+0000] {processor.py:175} INFO - Processing /home/airflow/.local/lib/python3.7/site-packages/airflow/example_dags/example_sla_dag.py took 0.148 seconds
[2026-09-30T20:43:01.169+0000] {processor.py:153} INFO - Started process (PID=15438) to work on /home/airflow/.local/lib/python3.7/site-packages/airflow/example_dags/example_sla_dag.py
[2026-09-30T20:43:01.170+0000] {processor.py:743} INFO - Processing file /home/airflow/.local/lib/python3.7/site-packages/airflow/example_dags/example_sla_dag.py for tasks to queue
[2026-09-30T20:43:01.171+0000] {logging_mixin.py:137} INFO - [2026-09-30T20:43:01.171+0000] {dagbag.py:538} INFO - Filling up the DagBag from /home/airflow/.local/lib/python3.7/site-packages/airflow/example_dags/example_sla_dag.py
[2026-09-30T20:43:01.218+0000] {processor.py:753} INFO - DAG(s) dict_keys(['example_sla_dag']) retrieved from /home/airflow/.local/lib/python3.7/site-packages/airflow/example_dags/example_sla_dag.py
[2026-09-30T20:43:01.282+0000] {logging_mixin.py:137} INFO - [2026-09-30T20:43:01.282+0000] {dag.py:2676} INFO - Sync 1 DAGs
[2026-09-30T20:43:01.319+0000] {logging_mixin.py:137} INFO - [2026-09-30T20:43:01.319+0000] {dag.py:3427} INFO - Setting next_dagrun for example_sla_dag to 2026-09-30T20:40:00+00:00, run_after=2026-09-30T20:42:00+00:00
[2026-09-30T20:43:01.339+0000] {processor.py:175} INFO - Processing /home/airflow/.local/lib/python3.7/site-packages/airflow/example_dags/example_sla_dag.py took 0.175 seconds
[2026-09-30T20:43:32.343+0000] {processor.py:153} INFO - Started process (PID=15517) to work on /home/airflow/.local/lib/python3.7/site-packages/airflow/example_dags/example_sla_dag.py
[2026-09-30T20:43:32.345+0000] {processor.py:743} INFO - Processing file /home/airflow/.local/lib/python3.7/site-packages/airflow/example_dags/example_sla_dag.py for tasks to queue
[2026-09-30T20:43:32.345+0000] {logging_mixin.py:137} INFO - [2026-09-30T20:43:32.345+0000] {dagbag.py:538} INFO - Filling up the DagBag from /home/airflow/.local/lib/python3.7/site-packages/airflow/example_dags/example_sla_dag.py
[2026-09-30T20:43:32.384+0000] {processor.py:753} INFO - DAG(s) dict_keys(['example_sla_dag']) retrieved from /home/airflow/.local/lib/python3.7/site-packages/airflow/example_dags/example_sla_dag.py
[2026-09-30T20:43:32.444+0000] {logging_mixin.py:137} INFO - [2026-09-30T20:43:32.444+0000] {dag.py:2676} INFO - Sync 1 DAGs
[2026-09-30T20:43:32.493+0000] {logging_mixin.py:137} INFO - [2026-09-30T20:43:32.493+0000] {dag.py:3427} INFO - Setting next_dagrun for example_sla_dag to 2026-09-30T20:40:00+00:00, run_after=2026-09-30T20:42:00+00:00
[2026-09-30T20:43:32.524+0000] {processor.py:175} INFO - Processing /home/airflow/.local/lib/python3.7/site-packages/airflow/example_dags/example_sla_dag.py took 0.184 seconds
[2026-09-30T20:44:02.610+0000] {processor.py:153} INFO - Started process (PID=15596) to work on /home/airflow/.local/lib/python3.7/site-packages/airflow/example_dags/example_sla_dag.py
[2026-09-30T20:44:02.611+0000] {processor.py:743} INFO - Processing file /home/airflow/.local/lib/python3.7/site-packages/airflow/example_dags/example_sla_dag.py for tasks to queue
[2026-09-30T20:44:02.612+0000] {logging_mixin.py:137} INFO - [2026-09-30T20:44:02.612+0000] {dagbag.py:538} INFO - Filling up the DagBag from /home/airflow/.local/lib/python3.7/site-packages/airflow/example_dags/example_sla_dag.py
[2026-09-30T20:44:02.653+0000] {processor.py:753} INFO - DAG(s) dict_keys(['example_sla_dag']) retrieved from /home/airflow/.local/lib/python3.7/site-packages/airflow/example_dags/example_sla_dag.py
[2026-09-30T20:44:02.726+0000] {logging_mixin.py:137} INFO - [2026-09-30T20:44:02.725+0000] {dag.py:2676} INFO - Sync 1 DAGs
[2026-09-30T20:44:02.773+0000] {logging_mixin.py:137} INFO - [2026-09-30T20:44:02.773+0000] {dag.py:3427} INFO - Setting next_dagrun for example_sla_dag to 2026-09-30T20:42:00+00:00, run_after=2026-09-30T20:44:00+00:00
[2026-09-30T20:44:02.792+0000] {processor.py:175} INFO - Processing /home/airflow/.local/lib/python3.7/site-packages/airflow/example_dags/example_sla_dag.py took 0.187 seconds
[2026-09-30T20:44:32.972+0000] {processor.py:153} INFO - Started process (PID=15695) to work on /home/airflow/.local/lib/python3.7/site-packages/airflow/example_dags/example_sla_dag.py
[2026-09-30T20:44:32.974+0000] {processor.py:743} INFO - Processing file /home/airflow/.local/lib/python3.7/site-packages/airflow/example_dags/example_sla_dag.py for tasks to queue
[2026-09-30T20:44:32.974+0000] {logging_mixin.py:137} INFO - [2026-09-30T20:44:32.974+0000] {dagbag.py:538} INFO - Filling up the DagBag from /home/airflow/.local/lib/python3.7/site-packages/airflow/example_dags/example_sla_dag.py
[2026-09-30T20:44:33.007+0000] {processor.py:753} INFO - DAG(s) dict_keys(['example_sla_dag']) retrieved from /home/airflow/.local/lib/python3.7/site-packages/airflow/example_dags/example_sla_dag.py
[2026-09-30T20:44:33.055+0000] {logging_mixin.py:137} INFO - [2026-09-30T20:44:33.054+0000] {dag.py:2676} INFO - Sync 1 DAGs
[2026-09-30T20:44:33.109+0000] {logging_mixin.py:137} INFO - [2026-09-30T20:44:33.109+0000] {dag.py:3427} INFO - Setting next_dagrun for example_sla_dag to 2026-09-30T20:42:00+00:00, run_after=2026-09-30T20:44:00+00:00
[2026-09-30T20:44:33.142+0000] {processor.py:175} INFO - Processing /home/airflow/.local/lib/python3.7/site-packages/airflow/example_dags/example_sla_dag.py took 0.173 seconds
[2026-09-30T20:45:03.421+0000] {processor.py:153} INFO - Started process (PID=15774) to work on /home/airflow/.local/lib/python3.7/site-packages/airflow/example_dags/example_sla_dag.py
[2026-09-30T20:45:03.423+0000] {processor.py:743} INFO - Processing file /home/airflow/.local/lib/python3.7/site-packages/airflow/example_dags/example_sla_dag.py for tasks to queue
[2026-09-30T20:45:03.424+0000] {logging_mixin.py:137} INFO - [2026-09-30T20:45:03.423+0000] {dagbag.py:538} INFO - Filling up the DagBag from /home/airflow/.local/lib/python3.7/site-packages/airflow/example_dags/example_sla_dag.py
[2026-09-30T20:45:03.459+0000] {processor.py:753} INFO - DAG(s) dict_keys(['example_sla_dag']) retrieved from /home/airflow/.local/lib/python3.7/site-packages/airflow/example_dags/example_sla_dag.py
[2026-09-30T20:45:03.508+0000] {logging_mixin.py:137} INFO - [2026-09-30T20:45:03.508+0000] {dag.py:2676} INFO - Sync 1 DAGs
[2026-09-30T20:45:03.556+0000] {logging_mixin.py:137} INFO - [2026-09-30T20:45:03.556+0000] {dag.py:3427} INFO - Setting next_dagrun for example_sla_dag to 2026-09-30T20:42:00+00:00, run_after=2026-09-30T20:44:00+00:00
[2026-09-30T20:45:03.580+0000] {processor.py:175} INFO - Processing /home/airflow/.local/lib/python3.7/site-packages/airflow/example_dags/example_sla_dag.py took 0.165 seconds
[2026-09-30T20:45:34.048+0000] {processor.py:153} INFO - Started process (PID=15853) to work on /home/airflow/.local/lib/python3.7/site-packages/airflow/example_dags/example_sla_dag.py
[2026-09-30T20:45:34.050+0000] {processor.py:743} INFO - Processing file /home/airflow/.local/lib/python3.7/site-packages/airflow/example_dags/example_sla_dag.py for tasks to queue
[2026-09-30T20:45:34.050+0000] {logging_mixin.py:137} INFO - [2026-09-30T20:45:34.050+0000] {dagbag.py:538} INFO - Filling up the DagBag from /home/airflow/.local/lib/python3.7/site-packages/airflow/example_dags/example_sla_dag.py
[2026-09-30T20:45:34.090+0000] {processor.py:753} INFO - DAG(s) dict_keys(['example_sla_dag']) retrieved from /home/airflow/.local/lib/python3.7/site-packages/airflow/example_dags/example_sla_dag.py
[2026-09-30T20:45:34.151+0000] {logging_mixin.py:137} INFO - [2026-09-30T20:45:34.151+0000] {dag.py:2676} INFO - Sync 1 DAGs
[2026-09-30T20:45:34.190+0000] {logging_mixin.py:137} INFO - [2026-09-30T20:45:34.190+0000] {dag.py:3427} INFO - Setting next_dagrun for example_sla_dag to 2026-09-30T20:42:00+00:00, run_after=2026-09-30T20:44:00+00:00
[2026-09-30T20:45:34.211+0000] {processor.py:175} INFO - Processing /home/airflow/.local/lib/python3.7/site-packages/airflow/example_dags/example_sla_dag.py took 0.167 seconds
[2026-09-30T20:46:04.897+0000] {processor.py:153} INFO - Started process (PID=15932) to work on /home/airflow/.local/lib/python3.7/site-packages/airflow/example_dags/example_sla_dag.py
[2026-09-30T20:46:04.898+0000] {processor.py:743} INFO - Processing file /home/airflow/.local/lib/python3.7/site-packages/airflow/example_dags/example_sla_dag.py for tasks to queue
[2026-09-30T20:46:04.899+0000] {logging_mixin.py:137} INFO - [2026-09-30T20:46:04.899+0000] {dagbag.py:538} INFO - Filling up the DagBag from /home/airflow/.local/lib/python3.7/site-packages/airflow/example_dags/example_sla_dag.py
[2026-09-30T20:46:04.937+0000] {processor.py:753} INFO - DAG(s) dict_keys(['example_sla_dag']) retrieved from /home/airflow/.local/lib/python3.7/site-packages/airflow/example_dags/example_sla_dag.py
[2026-09-30T20:46:04.985+0000] {logging_mixin.py:137} INFO - [2026-09-30T20:46:04.985+0000] {dag.py:2676} INFO - Sync 1 DAGs
[2026-09-30T20:46:05.029+0000] {logging_mixin.py:137} INFO - [2026-09-30T20:46:05.028+0000] {dag.py:3427} INFO - Setting next_dagrun for example_sla_dag to 2026-09-30T20:44:00+00:00, run_after=2026-09-30T20:46:00+00:00
[2026-09-30T20:46:05.054+0000] {processor.py:175} INFO - Processing /home/airflow/.local/lib/python3.7/site-packages/airflow/example_dags/example_sla_dag.py took 0.160 seconds
[2026-09-30T20:46:35.676+0000] {processor.py:153} INFO - Started process (PID=16031) to work on /home/airflow/.local/lib/python3.7/site-packages/airflow/example_dags/example_sla_dag.py
[2026-09-30T20:46:35.677+0000] {processor.py:743} INFO - Processing file /home/airflow/.local/lib/python3.7/site-packages/airflow/example_dags/example_sla_dag.py for tasks to queue
[2026-09-30T20:46:35.678+0000] {logging_mixin.py:137} INFO - [2026-09-30T20:46:35.678+0000] {dagbag.py:538} INFO - Filling up the DagBag from /home/airflow/.local/lib/python3.7/site-packages/airflow/example_dags/example_sla_dag.py
[2026-09-30T20:46:35.717+0000] {processor.py:753} INFO - DAG(s) dict_keys(['example_sla_dag']) retrieved from /home/airflow/.local/lib/python3.7/site-packages/airflow/example_dags/example_sla_dag.py
[2026-09-30T20:46:35.785+0000] {logging_mixin.py:137} INFO - [2026-09-30T20:46:35.785+0000] {dag.py:2676} INFO - Sync 1 DAGs
[2026-09-30T20:46:35.825+0000] {logging_mixin.py:137} INFO - [2026-09-30T20:46:35.825+0000] {dag.py:3427} INFO - Setting next_dagrun for example_sla_dag to 2026-09-30T20:44:00+00:00, run_after=2026-09-30T20:46:00+00:00
[2026-09-30T20:46:35.846+0000] {processor.py:175} INFO - Processing /home/airflow/.local/lib/python3.7/site-packages/airflow/example_dags/example_sla_dag.py took 0.175 seconds
[2026-09-30T20:47:06.438+0000] {processor.py:153} INFO - Started process (PID=16110) to work on /home/airflow/.local/lib/python3.7/site-packages/airflow/example_dags/example_sla_dag.py
[2026-09-30T20:47:06.439+0000] {processor.py:743} INFO - Processing file /home/airflow/.local/lib/python3.7/site-packages/airflow/example_dags/example_sla_dag.py for tasks to queue
[2026-09-30T20:47:06.441+0000] {logging_mixin.py:137} INFO - [2026-09-30T20:47:06.440+0000] {dagbag.py:538} INFO - Filling up the DagBag from /home/airflow/.local/lib/python3.7/site-packages/airflow/example_dags/example_sla_dag.py
[2026-09-30T20:47:06.481+0000] {processor.py:753} INFO - DAG(s) dict_keys(['example_sla_dag']) retrieved from /home/airflow/.local/lib/python3.7/site-packages/airflow/example_dags/example_sla_dag.py
[2026-09-30T20:47:06.541+0000] {logging_mixin.py:137} INFO - [2026-09-30T20:47:06.541+0000] {dag.py:2676} INFO - Sync 1 DAGs
[2026-09-30T20:47:06.575+0000] {logging_mixin.py:137} INFO - [2026-09-30T20:47:06.574+0000] {dag.py:3427} INFO - Setting next_dagrun for example_sla_dag to 2026-09-30T20:44:00+00:00, run_after=2026-09-30T20:46:00+00:00
[2026-09-30T20:47:06.594+0000] {processor.py:175} INFO - Processing /home/airflow/.local/lib/python3.7/site-packages/airflow/example_dags/example_sla_dag.py took 0.162 seconds
[2026-09-30T20:47:37.281+0000] {processor.py:153} INFO - Started process (PID=16190) to work on /home/airflow/.local/lib/python3.7/site-packages/airflow/example_dags/example_sla_dag.py
[2026-09-30T20:47:37.282+0000] {processor.py:743} INFO - Processing file /home/airflow/.local/lib/python3.7/site-packages/airflow/example_dags/example_sla_dag.py for tasks to queue
[2026-09-30T20:47:37.283+0000] {logging_mixin.py:137} INFO - [2026-09-30T20:47:37.283+0000] {dagbag.py:538} INFO - Filling up the DagBag from /home/airflow/.local/lib/python3.7/site-packages/airflow/example_dags/example_sla_dag.py
[2026-09-30T20:47:37.315+0000] {processor.py:753} INFO - DAG(s) dict_keys(['example_sla_dag']) retrieved from /home/airflow/.local/lib/python3.7/site-packages/airflow/example_dags/example_sla_dag.py
[2026-09-30T20:47:37.361+0000] {logging_mixin.py:137} INFO - [2026-09-30T20:47:37.360+0000] {dag.py:2676} INFO - Sync 1 DAGs
[2026-09-30T20:47:37.406+0000] {logging_mixin.py:137} INFO - [2026-09-30T20:47:37.406+0000] {dag.py:3427} INFO - Setting next_dagrun for example_sla_dag to 2026-09-30T20:44:00+00:00, run_after=2026-09-30T20:46:00+00:00
[2026-09-30T20:47:37.426+0000] {processor.py:175} INFO - Processing /home/airflow/.local/lib/python3.7/site-packages/airflow/example_dags/example_sla_dag.py took 0.149 seconds
[2026-09-30T20:48:08.387+0000] {processor.py:153} INFO - Started process (PID=16289) to work on /home/airflow/.local/lib/python3.7/site-packages/airflow/example_dags/example_sla_dag.py
[2026-09-30T20:48:08.388+0000] {processor.py:743} INFO - Processing file /home/airflow/.local/lib/python3.7/site-packages/airflow/example_dags/example_sla_dag.py for tasks to queue
[2026-09-30T20:48:08.389+0000] {logging_mixin.py:137} INFO - [2026-09-30T20:48:08.389+0000] {dagbag.py:538} INFO - Filling up the DagBag from /home/airflow/.local/lib/python3.7/site-packages/airflow/example_dags/example_sla_dag.py
[2026-09-30T20:48:08.422+0000] {processor.py:753} INFO - DAG(s) dict_keys(['example_sla_dag']) retrieved from /home/airflow/.local/lib/python3.7/site-packages/airflow/example_dags/example_sla_dag.py
[2026-09-30T20:48:08.471+0000] {logging_mixin.py:137} INFO - [2026-09-30T20:48:08.471+0000] {dag.py:2676} INFO - Sync 1 DAGs
[2026-09-30T20:48:08.520+0000] {logging_mixin.py:137} INFO - [2026-09-30T20:48:08.520+0000] {dag.py:3427} INFO - Setting next_dagrun for example_sla_dag to 2026-09-30T20:46:00+00:00, run_after=2026-09-30T20:48:00+00:00
[2026-09-30T20:48:08.548+0000] {processor.py:175} INFO - Processing /home/airflow/.local/lib/python3.7/site-packages/airflow/example_dags/example_sla_dag.py took 0.164 seconds
[2026-09-30T20:48:38.761+0000] {processor.py:153} INFO - Started process (PID=16368) to work on /home/airflow/.local/lib/python3.7/site-packages/airflow/example_dags/example_sla_dag.py
[2026-09-30T20:48:38.762+0000] {processor.py:743} INFO - Processing file /home/airflow/.local/lib/python3.7/site-packages/airflow/example_dags/example_sla_dag.py for tasks to queue
[2026-09-30T20:48:38.763+0000] {logging_mixin.py:137} INFO - [2026-09-30T20:48:38.763+0000] {dagbag.py:538} INFO - Filling up the DagBag from /home/airflow/.local/lib/python3.7/site-packages/airflow/example_dags/example_sla_dag.py
[2026-09-30T20:48:38.796+0000] {processor.py:753} INFO - DAG(s) dict_keys(['example_sla_dag']) retrieved from /home/airflow/.local/lib/python3.7/site-packages/airflow/example_dags/example_sla_dag.py
[2026-09-30T20:48:38.849+0000] {logging_mixin.py:137} INFO - [2026-09-30T20:48:38.848+0000] {dag.py:2676} INFO - Sync 1 DAGs
[2026-09-30T20:48:38.884+0000] {logging_mixin.py:137} INFO - [2026-09-30T20:48:38.884+0000] {dag.py:3427} INFO - Setting next_dagrun for example_sla_dag to 2026-09-30T20:46:00+00:00, run_after=2026-09-30T20:48:00+00:00
[2026-09-30T20:48:38.903+0000] {processor.py:175} INFO - Processing /home/airflow/.local/lib/python3.7/site-packages/airflow/example_dags/example_sla_dag.py took 0.146 seconds
[2026-09-30T20:49:09.403+0000] {processor.py:153} INFO - Started process (PID=16447) to work on /home/airflow/.local/lib/python3.7/site-packages/airflow/example_dags/example_sla_dag.py
[2026-09-30T20:49:09.404+0000] {processor.py:743} INFO - Processing file /home/airflow/.local/lib/python3.7/site-packages/airflow/example_dags/example_sla_dag.py for tasks to queue
[2026-09-30T20:49:09.405+0000] {logging_mixin.py:137} INFO - [2026-09-30T20:49:09.404+0000] {dagbag.py:538} INFO - Filling up the DagBag from /home/airflow/.local/lib/python3.7/site-packages/airflow/example_dags/example_sla_dag.py
[2026-09-30T20:49:09.438+0000] {processor.py:753} INFO - DAG(s) dict_keys(['example_sla_dag']) retrieved from /home/airflow/.local/lib/python3.7/site-packages/airflow/example_dags/example_sla_dag.py
[2026-09-30T20:49:09.485+0000] {logging_mixin.py:137} INFO - [2026-09-30T20:49:09.485+0000] {dag.py:2676} INFO - Sync 1 DAGs
[2026-09-30T20:49:09.522+0000] {logging_mixin.py:137} INFO - [2026-09-30T20:49:09.522+0000] {dag.py:3427} INFO - Setting next_dagrun for example_sla_dag to 2026-09-30T20:46:00+00:00, run_after=2026-09-30T20:48:00+00:00
[2026-09-30T20:49:09.569+0000] {processor.py:175} INFO - Processing /home/airflow/.local/lib/python3.7/site-packages/airflow/example_dags/example_sla_dag.py took 0.169 seconds
[2026-09-30T20:49:40.496+0000] {processor.py:153} INFO - Started process (PID=16526) to work on /home/airflow/.local/lib/python3.7/site-packages/airflow/example_dags/example_sla_dag.py
[2026-09-30T20:49:40.497+0000] {processor.py:743} INFO - Processing file /home/airflow/.local/lib/python3.7/site-packages/airflow/example_dags/example_sla_dag.py for tasks to queue
[2026-09-30T20:49:40.498+0000] {logging_mixin.py:137} INFO - [2026-09-30T20:49:40.498+0000] {dagbag.py:538} INFO - Filling up the DagBag from /home/airflow/.local/lib/python3.7/site-packages/airflow/example_dags/example_sla_dag.py
[2026-09-30T20:49:40.542+0000] {processor.py:753} INFO - DAG(s) dict_keys(['example_sla_dag']) retrieved from /home/airflow/.local/lib/python3.7/site-packages/airflow/example_dags/example_sla_dag.py
[2026-09-30T20:49:40.595+0000] {logging_mixin.py:137} INFO - [2026-09-30T20:49:40.595+0000] {dag.py:2676} INFO - Sync 1 DAGs
[2026-09-30T20:49:40.634+0000] {logging_mixin.py:137} INFO - [2026-09-30T20:49:40.634+0000] {dag.py:3427} INFO - Setting next_dagrun for example_sla_dag to 2026-09-30T20:46:00+00:00, run_after=2026-09-30T20:48:00+00:00
[2026-09-30T20:49:40.655+0000] {processor.py:175} INFO - Processing /home/airflow/.local/lib/python3.7/site-packages/airflow/example_dags/example_sla_dag.py took 0.162 seconds
[2026-09-30T20:50:10.748+0000] {processor.py:153} INFO - Started process (PID=16625) to work on /home/airflow/.local/lib/python3.7/site-packages/airflow/example_dags/example_sla_dag.py
[2026-09-30T20:50:10.749+0000] {processor.py:743} INFO - Processing file /home/airflow/.local/lib/python3.7/site-packages/airflow/example_dags/example_sla_dag.py for tasks to queue
[2026-09-30T20:50:10.750+0000] {logging_mixin.py:137} INFO - [2026-09-30T20:50:10.749+0000] {dagbag.py:538} INFO - Filling up the DagBag from /home/airflow/.local/lib/python3.7/site-packages/airflow/example_dags/example_sla_dag.py
[2026-09-30T20:50:10.782+0000] {processor.py:753} INFO - DAG(s) dict_keys(['example_sla_dag']) retrieved from /home/airflow/.local/lib/python3.7/site-packages/airflow/example_dags/example_sla_dag.py
[2026-09-30T20:50:10.829+0000] {logging_mixin.py:137} INFO - [2026-09-30T20:50:10.828+0000] {dag.py:2676} INFO - Sync 1 DAGs
[2026-09-30T20:50:10.867+0000] {logging_mixin.py:137} INFO - [2026-09-30T20:50:10.866+0000] {dag.py:3427} INFO - Setting next_dagrun for example_sla_dag to 2026-09-30T20:48:00+00:00, run_after=2026-09-30T20:50:00+00:00
[2026-09-30T20:50:10.888+0000] {processor.py:175} INFO - Processing /home/airflow/.local/lib/python3.7/site-packages/airflow/example_dags/example_sla_dag.py took 0.144 seconds
[2026-09-30T20:50:41.071+0000] {processor.py:153} INFO - Started process (PID=16704) to work on /home/airflow/.local/lib/python3.7/site-packages/airflow/example_dags/example_sla_dag.py
[2026-09-30T20:50:41.072+0000] {processor.py:743} INFO - Processing file /home/airflow/.local/lib/python3.7/site-packages/airflow/example_dags/example_sla_dag.py for tasks to queue
[2026-09-30T20:50:41.073+0000] {logging_mixin.py:137} INFO - [2026-09-30T20:50:41.073+0000] {dagbag.py:538} INFO - Filling up the DagBag from /home/airflow/.local/lib/python3.7/site-packages/airflow/example_dags/example_sla_dag.py
[2026-09-30T20:50:41.103+0000] {processor.py:753} INFO - DAG(s) dict_keys(['example_sla_dag']) retrieved from /home/airflow/.local/lib/python3.7/site-packages/airflow/example_dags/example_sla_dag.py
[2026-09-30T20:50:41.167+0000] {logging_mixin.py:137} INFO - [2026-09-30T20:50:41.166+0000] {dag.py:2676} INFO - Sync 1 DAGs
[2026-09-30T20:50:41.221+0000] {logging_mixin.py:137} INFO - [2026-09-30T20:50:41.221+0000] {dag.py:3427} INFO - Setting next_dagrun for example_sla_dag to 2026-09-30T20:48:00+00:00, run_after=2026-09-30T20:50:00+00:00
[2026-09-30T20:50:41.253+0000] {processor.py:175} INFO - Processing /home/airflow/.local/lib/python3.7/site-packages/airflow/example_dags/example_sla_dag.py took 0.185 seconds
[2026-09-30T20:51:11.354+0000] {processor.py:153} INFO - Started process (PID=16783) to work on /home/airflow/.local/lib/python3.7/site-packages/airflow/example_dags/example_sla_dag.py
[2026-09-30T20:51:11.355+0000] {processor.py:743} INFO - Processing file /home/airflow/.local/lib/python3.7/site-packages/airflow/example_dags/example_sla_dag.py for tasks to queue
[2026-09-30T20:51:11.356+0000] {logging_mixin.py:137} INFO - [2026-09-30T20:51:11.355+0000] {dagbag.py:538} INFO - Filling up the DagBag from /home/airflow/.local/lib/python3.7/site-packages/airflow/example_dags/example_sla_dag.py
[2026-09-30T20:51:11.397+0000] {processor.py:753} INFO - DAG(s) dict_keys(['example_sla_dag']) retrieved from /home/airflow/.local/lib/python3.7/site-packages/airflow/example_dags/example_sla_dag.py
[2026-09-30T20:51:11.461+0000] {logging_mixin.py:137} INFO - [2026-09-30T20:51:11.460+0000] {dag.py:2676} INFO - Sync 1 DAGs
[2026-09-30T20:51:11.514+0000] {logging_mixin.py:137} INFO - [2026-09-30T20:51:11.514+0000] {dag.py:3427} INFO - Setting next_dagrun for example_sla_dag to 2026-09-30T20:48:00+00:00, run_after=2026-09-30T20:50:00+00:00
[2026-09-30T20:51:11.547+0000] {processor.py:175} INFO - Processing /home/airflow/.local/lib/python3.7/site-packages/airflow/example_dags/example_sla_dag.py took 0.198 seconds
[2026-09-30T20:51:42.047+0000] {processor.py:153} INFO - Started process (PID=16862) to work on /home/airflow/.local/lib/python3.7/site-packages/airflow/example_dags/example_sla_dag.py
[2026-09-30T20:51:42.048+0000] {processor.py:743} INFO - Processing file /home/airflow/.local/lib/python3.7/site-packages/airflow/example_dags/example_sla_dag.py for tasks to queue
[2026-09-30T20:51:42.049+0000] {logging_mixin.py:137} INFO - [2026-09-30T20:51:42.049+0000] {dagbag.py:538} INFO - Filling up the DagBag from /home/airflow/.local/lib/python3.7/site-packages/airflow/example_dags/example_sla_dag.py
[2026-09-30T20:51:42.081+0000] {processor.py:753} INFO - DAG(s) dict_keys(['example_sla_dag']) retrieved from /home/airflow/.local/lib/python3.7/site-packages/airflow/example_dags/example_sla_dag.py
[2026-09-30T20:51:42.142+0000] {logging_mixin.py:137} INFO - [2026-09-30T20:51:42.142+0000] {dag.py:2676} INFO - Sync 1 DAGs
[2026-09-30T20:51:42.195+0000] {logging_mixin.py:137} INFO - [2026-09-30T20:51:42.195+0000] {dag.py:3427} INFO - Setting next_dagrun for example_sla_dag to 2026-09-30T20:48:00+00:00, run_after=2026-09-30T20:50:00+00:00
[2026-09-30T20:51:42.227+0000] {processor.py:175} INFO - Processing /home/airflow/.local/lib/python3.7/site-packages/airflow/example_dags/example_sla_dag.py took 0.184 seconds
[2026-09-30T20:52:12.435+0000] {processor.py:153} INFO - Started process (PID=16950) to work on /home/airflow/.local/lib/python3.7/site-packages/airflow/example_dags/example_sla_dag.py
[2026-09-30T20:52:12.436+0000] {processor.py:743} INFO - Processing file /home/airflow/.local/lib/python3.7/site-packages/airflow/example_dags/example_sla_dag.py for tasks to queue
[2026-09-30T20:52:12.437+0000] {logging_mixin.py:137} INFO - [2026-09-30T20:52:12.437+0000] {dagbag.py:538} INFO - Filling up the DagBag from /home/airflow/.local/lib/python3.7/site-packages/airflow/example_dags/example_sla_dag.py
[2026-09-30T20:52:12.467+0000] {processor.py:753} INFO - DAG(s) dict_keys(['example_sla_dag']) retrieved from /home/airflow/.local/lib/python3.7/site-packages/airflow/example_dags/example_sla_dag.py
[2026-09-30T20:52:12.515+0000] {logging_mixin.py:137} INFO - [2026-09-30T20:52:12.514+0000] {dag.py:2676} INFO - Sync 1 DAGs
[2026-09-30T20:52:12.558+0000] {logging_mixin.py:137} INFO - [2026-09-30T20:52:12.558+0000] {dag.py:3427} INFO - Setting next_dagrun for example_sla_dag to 2026-09-30T20:50:00+00:00, run_after=2026-09-30T20:52:00+00:00
[2026-09-30T20:52:12.600+0000] {processor.py:175} INFO - Processing /home/airflow/.local/lib/python3.7/site-packages/airflow/example_dags/example_sla_dag.py took 0.170 seconds
[2026-09-30T20:52:42.796+0000] {processor.py:153} INFO - Started process (PID=17040) to work on /home/airflow/.local/lib/python3.7/site-packages/airflow/example_dags/example_sla_dag.py
[2026-09-30T20:52:42.797+0000] {processor.py:743} INFO - Processing file /home/airflow/.local/lib/python3.7/site-packages/airflow/example_dags/example_sla_dag.py for tasks to queue
[2026-09-30T20:52:42.800+0000] {logging_mixin.py:137} INFO - [2026-09-30T20:52:42.798+0000] {dagbag.py:538} INFO - Filling up the DagBag from /home/airflow/.local/lib/python3.7/site-packages/airflow/example_dags/example_sla_dag.py
[2026-09-30T20:52:42.836+0000] {processor.py:753} INFO - DAG(s) dict_keys(['example_sla_dag']) retrieved from /home/airflow/.local/lib/python3.7/site-packages/airflow/example_dags/example_sla_dag.py
[2026-09-30T20:52:42.884+0000] {logging_mixin.py:137} INFO - [2026-09-30T20:52:42.884+0000] {dag.py:2676} INFO - Sync 1 DAGs
[2026-09-30T20:52:42.921+0000] {logging_mixin.py:137} INFO - [2026-09-30T20:52:42.920+0000] {dag.py:3427} INFO - Setting next_dagrun for example_sla_dag to 2026-09-30T20:50:00+00:00, run_after=2026-09-30T20:52:00+00:00
[2026-09-30T20:52:42.939+0000] {processor.py:175} INFO - Processing /home/airflow/.local/lib/python3.7/site-packages/airflow/example_dags/example_sla_dag.py took 0.150 seconds
[2026-09-30T20:53:13.358+0000] {processor.py:153} INFO - Started process (PID=17119) to work on /home/airflow/.local/lib/python3.7/site-packages/airflow/example_dags/example_sla_dag.py
[2026-09-30T20:53:13.360+0000] {processor.py:743} INFO - Processing file /home/airflow/.local/lib/python3.7/site-packages/airflow/example_dags/example_sla_dag.py for tasks to queue
[2026-09-30T20:53:13.361+0000] {logging_mixin.py:137} INFO - [2026-09-30T20:53:13.360+0000] {dagbag.py:538} INFO - Filling up the DagBag from /home/airflow/.local/lib/python3.7/site-packages/airflow/example_dags/example_sla_dag.py
[2026-09-30T20:53:13.407+0000] {processor.py:753} INFO - DAG(s) dict_keys(['example_sla_dag']) retrieved from /home/airflow/.local/lib/python3.7/site-packages/airflow/example_dags/example_sla_dag.py
[2026-09-30T20:53:13.467+0000] {logging_mixin.py:137} INFO - [2026-09-30T20:53:13.467+0000] {dag.py:2676} INFO - Sync 1 DAGs
[2026-09-30T20:53:13.521+0000] {logging_mixin.py:137} INFO - [2026-09-30T20:53:13.520+0000] {dag.py:3427} INFO - Setting next_dagrun for example_sla_dag to 2026-09-30T20:50:00+00:00, run_after=2026-09-30T20:52:00+00:00
[2026-09-30T20:53:13.546+0000] {processor.py:175} INFO - Processing /home/airflow/.local/lib/python3.7/site-packages/airflow/example_dags/example_sla_dag.py took 0.194 seconds
[2026-09-30T20:53:43.674+0000] {processor.py:153} INFO - Started process (PID=17198) to work on /home/airflow/.local/lib/python3.7/site-packages/airflow/example_dags/example_sla_dag.py
[2026-09-30T20:53:43.675+0000] {processor.py:743} INFO - Processing file /home/airflow/.local/lib/python3.7/site-packages/airflow/example_dags/example_sla_dag.py for tasks to queue
[2026-09-30T20:53:43.677+0000] {logging_mixin.py:137} INFO - [2026-09-30T20:53:43.676+0000] {dagbag.py:538} INFO - Filling up the DagBag from /home/airflow/.local/lib/python3.7/site-packages/airflow/example_dags/example_sla_dag.py
[2026-09-30T20:53:43.707+0000] {processor.py:753} INFO - DAG(s) dict_keys(['example_sla_dag']) retrieved from /home/airflow/.local/lib/python3.7/site-packages/airflow/example_dags/example_sla_dag.py
[2026-09-30T20:53:43.758+0000] {logging_mixin.py:137} INFO - [2026-09-30T20:53:43.758+0000] {dag.py:2676} INFO - Sync 1 DAGs
[2026-09-30T20:53:43.795+0000] {logging_mixin.py:137} INFO - [2026-09-30T20:53:43.795+0000] {dag.py:3427} INFO - Setting next_dagrun for example_sla_dag to 2026-09-30T20:50:00+00:00, run_after=2026-09-30T20:52:00+00:00
[2026-09-30T20:53:43.818+0000] {processor.py:175} INFO - Processing /home/airflow/.local/lib/python3.7/site-packages/airflow/example_dags/example_sla_dag.py took 0.149 seconds
[2026-09-30T20:54:14.084+0000] {processor.py:153} INFO - Started process (PID=17297) to work on /home/airflow/.local/lib/python3.7/site-packages/airflow/example_dags/example_sla_dag.py
[2026-09-30T20:54:14.085+0000] {processor.py:743} INFO - Processing file /home/airflow/.local/lib/python3.7/site-packages/airflow/example_dags/example_sla_dag.py for tasks to queue
[2026-09-30T20:54:14.086+0000] {logging_mixin.py:137} INFO - [2026-09-30T20:54:14.086+0000] {dagbag.py:538} INFO - Filling up the DagBag from /home/airflow/.local/lib/python3.7/site-packages/airflow/example_dags/example_sla_dag.py
[2026-09-30T20:54:14.126+0000] {processor.py:753} INFO - DAG(s) dict_keys(['example_sla_dag']) retrieved from /home/airflow/.local/lib/python3.7/site-packages/airflow/example_dags/example_sla_dag.py
[2026-09-30T20:54:14.198+0000] {logging_mixin.py:137} INFO - [2026-09-30T20:54:14.197+0000] {dag.py:2676} INFO - Sync 1 DAGs
[2026-09-30T20:54:14.262+0000] {logging_mixin.py:137} INFO - [2026-09-30T20:54:14.262+0000] {dag.py:3427} INFO - Setting next_dagrun for example_sla_dag to 2026-09-30T20:52:00+00:00, run_after=2026-09-30T20:54:00+00:00
[2026-09-30T20:54:14.284+0000] {processor.py:175} INFO - Processing /home/airflow/.local/lib/python3.7/site-packages/airflow/example_dags/example_sla_dag.py took 0.203 seconds
[2026-09-30T20:54:44.523+0000] {processor.py:153} INFO - Started process (PID=17375) to work on /home/airflow/.local/lib/python3.7/site-packages/airflow/example_dags/example_sla_dag.py
[2026-09-30T20:54:44.525+0000] {processor.py:743} INFO - Processing file /home/airflow/.local/lib/python3.7/site-packages/airflow/example_dags/example_sla_dag.py for tasks to queue
[2026-09-30T20:54:44.526+0000] {logging_mixin.py:137} INFO - [2026-09-30T20:54:44.526+0000] {dagbag.py:538} INFO - Filling up the DagBag from /home/airflow/.local/lib/python3.7/site-packages/airflow/example_dags/example_sla_dag.py
[2026-09-30T20:54:44.556+0000] {processor.py:753} INFO - DAG(s) dict_keys(['example_sla_dag']) retrieved from /home/airflow/.local/lib/python3.7/site-packages/airflow/example_dags/example_sla_dag.py
[2026-09-30T20:54:44.608+0000] {logging_mixin.py:137} INFO - [2026-09-30T20:54:44.608+0000] {dag.py:2676} INFO - Sync 1 DAGs
[2026-09-30T20:54:44.647+0000] {logging_mixin.py:137} INFO - [2026-09-30T20:54:44.647+0000] {dag.py:3427} INFO - Setting next_dagrun for example_sla_dag to 2026-09-30T20:52:00+00:00, run_after=2026-09-30T20:54:00+00:00
[2026-09-30T20:54:44.672+0000] {processor.py:175} INFO - Processing /home/airflow/.local/lib/python3.7/site-packages/airflow/example_dags/example_sla_dag.py took 0.153 seconds
[2026-09-30T20:55:14.772+0000] {processor.py:153} INFO - Started process (PID=17453) to work on /home/airflow/.local/lib/python3.7/site-packages/airflow/example_dags/example_sla_dag.py
[2026-09-30T20:55:14.773+0000] {processor.py:743} INFO - Processing file /home/airflow/.local/lib/python3.7/site-packages/airflow/example_dags/example_sla_dag.py for tasks to queue
[2026-09-30T20:55:14.775+0000] {logging_mixin.py:137} INFO - [2026-09-30T20:55:14.774+0000] {dagbag.py:538} INFO - Filling up the DagBag from /home/airflow/.local/lib/python3.7/site-packages/airflow/example_dags/example_sla_dag.py
[2026-09-30T20:55:14.822+0000] {processor.py:753} INFO - DAG(s) dict_keys(['example_sla_dag']) retrieved from /home/airflow/.local/lib/python3.7/site-packages/airflow/example_dags/example_sla_dag.py
[2026-09-30T20:55:14.877+0000] {logging_mixin.py:137} INFO - [2026-09-30T20:55:14.877+0000] {dag.py:2676} INFO - Sync 1 DAGs
[2026-09-30T20:55:14.918+0000] {logging_mixin.py:137} INFO - [2026-09-30T20:55:14.917+0000] {dag.py:3427} INFO - Setting next_dagrun for example_sla_dag to 2026-09-30T20:52:00+00:00, run_after=2026-09-30T20:54:00+00:00
[2026-09-30T20:55:14.942+0000] {processor.py:175} INFO - Processing /home/airflow/.local/lib/python3.7/site-packages/airflow/example_dags/example_sla_dag.py took 0.177 seconds
[2026-09-30T20:55:45.174+0000] {processor.py:153} INFO - Started process (PID=17532) to work on /home/airflow/.local/lib/python3.7/site-packages/airflow/example_dags/example_sla_dag.py
[2026-09-30T20:55:45.176+0000] {processor.py:743} INFO - Processing file /home/airflow/.local/lib/python3.7/site-packages/airflow/example_dags/example_sla_dag.py for tasks to queue
[2026-09-30T20:55:45.176+0000] {logging_mixin.py:137} INFO - [2026-09-30T20:55:45.176+0000] {dagbag.py:538} INFO - Filling up the DagBag from /home/airflow/.local/lib/python3.7/site-packages/airflow/example_dags/example_sla_dag.py
[2026-09-30T20:55:45.215+0000] {processor.py:753} INFO - DAG(s) dict_keys(['example_sla_dag']) retrieved from /home/airflow/.local/lib/python3.7/site-packages/airflow/example_dags/example_sla_dag.py
[2026-09-30T20:55:45.286+0000] {logging_mixin.py:137} INFO - [2026-09-30T20:55:45.286+0000] {dag.py:2676} INFO - Sync 1 DAGs
[2026-09-30T20:55:45.337+0000] {logging_mixin.py:137} INFO - [2026-09-30T20:55:45.337+0000] {dag.py:3427} INFO - Setting next_dagrun for example_sla_dag to 2026-09-30T20:52:00+00:00, run_after=2026-09-30T20:54:00+00:00
[2026-09-30T20:55:45.367+0000] {processor.py:175} INFO - Processing /home/airflow/.local/lib/python3.7/site-packages/airflow/example_dags/example_sla_dag.py took 0.199 seconds
[2026-09-30T20:56:16.007+0000] {processor.py:153} INFO - Started process (PID=17620) to work on /home/airflow/.local/lib/python3.7/site-packages/airflow/example_dags/example_sla_dag.py
[2026-09-30T20:56:16.008+0000] {processor.py:743} INFO - Processing file /home/airflow/.local/lib/python3.7/site-packages/airflow/example_dags/example_sla_dag.py for tasks to queue
[2026-09-30T20:56:16.009+0000] {logging_mixin.py:137} INFO - [2026-09-30T20:56:16.008+0000] {dagbag.py:538} INFO - Filling up the DagBag from /home/airflow/.local/lib/python3.7/site-packages/airflow/example_dags/example_sla_dag.py
[2026-09-30T20:56:16.041+0000] {processor.py:753} INFO - DAG(s) dict_keys(['example_sla_dag']) retrieved from /home/airflow/.local/lib/python3.7/site-packages/airflow/example_dags/example_sla_dag.py
[2026-09-30T20:56:16.088+0000] {logging_mixin.py:137} INFO - [2026-09-30T20:56:16.088+0000] {dag.py:2676} INFO - Sync 1 DAGs
[2026-09-30T20:56:16.124+0000] {logging_mixin.py:137} INFO - [2026-09-30T20:56:16.124+0000] {dag.py:3427} INFO - Setting next_dagrun for example_sla_dag to 2026-09-30T20:54:00+00:00, run_after=2026-09-30T20:56:00+00:00
[2026-09-30T20:56:16.145+0000] {processor.py:175} INFO - Processing /home/airflow/.local/lib/python3.7/site-packages/airflow/example_dags/example_sla_dag.py took 0.144 seconds
[2026-09-30T20:56:46.397+0000] {processor.py:153} INFO - Started process (PID=17710) to work on /home/airflow/.local/lib/python3.7/site-packages/airflow/example_dags/example_sla_dag.py
[2026-09-30T20:56:46.398+0000] {processor.py:743} INFO - Processing file /home/airflow/.local/lib/python3.7/site-packages/airflow/example_dags/example_sla_dag.py for tasks to queue
[2026-09-30T20:56:46.398+0000] {logging_mixin.py:137} INFO - [2026-09-30T20:56:46.398+0000] {dagbag.py:538} INFO - Filling up the DagBag from /home/airflow/.local/lib/python3.7/site-packages/airflow/example_dags/example_sla_dag.py
[2026-09-30T20:56:46.424+0000] {processor.py:753} INFO - DAG(s) dict_keys(['example_sla_dag']) retrieved from /home/airflow/.local/lib/python3.7/site-packages/airflow/example_dags/example_sla_dag.py
[2026-09-30T20:56:46.465+0000] {logging_mixin.py:137} INFO - [2026-09-30T20:56:46.465+0000] {dag.py:2676} INFO - Sync 1 DAGs
[2026-09-30T20:56:46.495+0000] {logging_mixin.py:137} INFO - [2026-09-30T20:56:46.495+0000] {dag.py:3427} INFO - Setting next_dagrun for example_sla_dag to 2026-09-30T20:54:00+00:00, run_after=2026-09-30T20:56:00+00:00
[2026-09-30T20:56:46.512+0000] {processor.py:175} INFO - Processing /home/airflow/.local/lib/python3.7/site-packages/airflow/example_dags/example_sla_dag.py took 0.118 seconds
[2026-09-30T20:57:16.913+0000] {processor.py:153} INFO - Started process (PID=17789) to work on /home/airflow/.local/lib/python3.7/site-packages/airflow/example_dags/example_sla_dag.py
[2026-09-30T20:57:16.914+0000] {processor.py:743} INFO - Processing file /home/airflow/.local/lib/python3.7/site-packages/airflow/example_dags/example_sla_dag.py for tasks to queue
[2026-09-30T20:57:16.915+0000] {logging_mixin.py:137} INFO - [2026-09-30T20:57:16.915+0000] {dagbag.py:538} INFO - Filling up the DagBag from /home/airflow/.local/lib/python3.7/site-packages/airflow/example_dags/example_sla_dag.py
[2026-09-30T20:57:16.948+0000] {processor.py:753} INFO - DAG(s) dict_keys(['example_sla_dag']) retrieved from /home/airflow/.local/lib/python3.7/site-packages/airflow/example_dags/example_sla_dag.py
[2026-09-30T20:57:16.994+0000] {logging_mixin.py:137} INFO - [2026-09-30T20:57:16.994+0000] {dag.py:2676} INFO - Sync 1 DAGs
[2026-09-30T20:57:17.039+0000] {logging_mixin.py:137} INFO - [2026-09-30T20:57:17.038+0000] {dag.py:3427} INFO - Setting next_dagrun for example_sla_dag to 2026-09-30T20:54:00+00:00, run_after=2026-09-30T20:56:00+00:00
[2026-09-30T20:57:17.058+0000] {processor.py:175} INFO - Processing /home/airflow/.local/lib/python3.7/site-packages/airflow/example_dags/example_sla_dag.py took 0.148 seconds
[2026-09-30T20:57:47.523+0000] {processor.py:153} INFO - Started process (PID=17868) to work on /home/airflow/.local/lib/python3.7/site-packages/airflow/example_dags/example_sla_dag.py
[2026-09-30T20:57:47.524+0000] {processor.py:743} INFO - Processing file /home/airflow/.local/lib/python3.7/site-packages/airflow/example_dags/example_sla_dag.py for tasks to queue
[2026-09-30T20:57:47.525+0000] {logging_mixin.py:137} INFO - [2026-09-30T20:57:47.525+0000] {dagbag.py:538} INFO - Filling up the DagBag from /home/airflow/.local/lib/python3.7/site-packages/airflow/example_dags/example_sla_dag.py
[2026-09-30T20:57:47.570+0000] {processor.py:753} INFO - DAG(s) dict_keys(['example_sla_dag']) retrieved from /home/airflow/.local/lib/python3.7/site-packages/airflow/example_dags/example_sla_dag.py
[2026-09-30T20:57:47.632+0000] {logging_mixin.py:137} INFO - [2026-09-30T20:57:47.632+0000] {dag.py:2676} INFO - Sync 1 DAGs
[2026-09-30T20:57:47.675+0000] {logging_mixin.py:137} INFO - [2026-09-30T20:57:47.675+0000] {dag.py:3427} INFO - Setting next_dagrun for example_sla_dag to 2026-09-30T20:54:00+00:00, run_after=2026-09-30T20:56:00+00:00
[2026-09-30T20:57:47.707+0000] {processor.py:175} INFO - Processing /home/airflow/.local/lib/python3.7/site-packages/airflow/example_dags/example_sla_dag.py took 0.187 seconds
[2026-09-30T20:58:17.856+0000] {processor.py:153} INFO - Started process (PID=17967) to work on /home/airflow/.local/lib/python3.7/site-packages/airflow/example_dags/example_sla_dag.py
[2026-09-30T20:58:17.857+0000] {processor.py:743} INFO - Processing file /home/airflow/.local/lib/python3.7/site-packages/airflow/example_dags/example_sla_dag.py for tasks to queue
[2026-09-30T20:58:17.858+0000] {logging_mixin.py:137} INFO - [2026-09-30T20:58:17.858+0000] {dagbag.py:538} INFO - Filling up the DagBag from /home/airflow/.local/lib/python3.7/site-packages/airflow/example_dags/example_sla_dag.py
[2026-09-30T20:58:17.888+0000] {processor.py:753} INFO - DAG(s) dict_keys(['example_sla_dag']) retrieved from /home/airflow/.local/lib/python3.7/site-packages/airflow/example_dags/example_sla_dag.py
[2026-09-30T20:58:17.936+0000] {logging_mixin.py:137} INFO - [2026-09-30T20:58:17.936+0000] {dag.py:2676} INFO - Sync 1 DAGs
[2026-09-30T20:58:17.973+0000] {logging_mixin.py:137} INFO - [2026-09-30T20:58:17.973+0000] {dag.py:3427} INFO - Setting next_dagrun for example_sla_dag to 2026-09-30T20:56:00+00:00, run_after=2026-09-30T20:58:00+00:00
[2026-09-30T20:58:17.996+0000] {processor.py:175} INFO - Processing /home/airflow/.local/lib/python3.7/site-packages/airflow/example_dags/example_sla_dag.py took 0.144 seconds
[2026-09-30T20:58:48.616+0000] {processor.py:153} INFO - Started process (PID=18046) to work on /home/airflow/.local/lib/python3.7/site-packages/airflow/example_dags/example_sla_dag.py
[2026-09-30T20:58:48.617+0000] {processor.py:743} INFO - Processing file /home/airflow/.local/lib/python3.7/site-packages/airflow/example_dags/example_sla_dag.py for tasks to queue
[2026-09-30T20:58:48.618+0000] {logging_mixin.py:137} INFO - [2026-09-30T20:58:48.618+0000] {dagbag.py:538} INFO - Filling up the DagBag from /home/airflow/.local/lib/python3.7/site-packages/airflow/example_dags/example_sla_dag.py
[2026-09-30T20:58:48.650+0000] {processor.py:753} INFO - DAG(s) dict_keys(['example_sla_dag']) retrieved from /home/airflow/.local/lib/python3.7/site-packages/airflow/example_dags/example_sla_dag.py
[2026-09-30T20:58:48.699+0000] {logging_mixin.py:137} INFO - [2026-09-30T20:58:48.699+0000] {dag.py:2676} INFO - Sync 1 DAGs
[2026-09-30T20:58:48.745+0000] {logging_mixin.py:137} INFO - [2026-09-30T20:58:48.745+0000] {dag.py:3427} INFO - Setting next_dagrun for example_sla_dag to 2026-09-30T20:56:00+00:00, run_after=2026-09-30T20:58:00+00:00
[2026-09-30T20:58:48.773+0000] {processor.py:175} INFO - Processing /home/airflow/.local/lib/python3.7/site-packages/airflow/example_dags/example_sla_dag.py took 0.162 seconds
[2026-09-30T20:59:19.582+0000] {processor.py:153} INFO - Started process (PID=18125) to work on /home/airflow/.local/lib/python3.7/site-packages/airflow/example_dags/example_sla_dag.py
[2026-09-30T20:59:19.583+0000] {processor.py:743} INFO - Processing file /home/airflow/.local/lib/python3.7/site-packages/airflow/example_dags/example_sla_dag.py for tasks to queue
[2026-09-30T20:59:19.584+0000] {logging_mixin.py:137} INFO - [2026-09-30T20:59:19.584+0000] {dagbag.py:538} INFO - Filling up the DagBag from /home/airflow/.local/lib/python3.7/site-packages/airflow/example_dags/example_sla_dag.py
[2026-09-30T20:59:19.624+0000] {processor.py:753} INFO - DAG(s) dict_keys(['example_sla_dag']) retrieved from /home/airflow/.local/lib/python3.7/site-packages/airflow/example_dags/example_sla_dag.py
[2026-09-30T20:59:19.689+0000] {logging_mixin.py:137} INFO - [2026-09-30T20:59:19.689+0000] {dag.py:2676} INFO - Sync 1 DAGs
[2026-09-30T20:59:19.737+0000] {logging_mixin.py:137} INFO - [2026-09-30T20:59:19.737+0000] {dag.py:3427} INFO - Setting next_dagrun for example_sla_dag to 2026-09-30T20:56:00+00:00, run_after=2026-09-30T20:58:00+00:00
[2026-09-30T20:59:19.767+0000] {processor.py:175} INFO - Processing /home/airflow/.local/lib/python3.7/site-packages/airflow/example_dags/example_sla_dag.py took 0.189 seconds
[2026-09-30T20:59:50.171+0000] {processor.py:153} INFO - Started process (PID=18211) to work on /home/airflow/.local/lib/python3.7/site-packages/airflow/example_dags/example_sla_dag.py
[2026-09-30T20:59:50.172+0000] {processor.py:743} INFO - Processing file /home/airflow/.local/lib/python3.7/site-packages/airflow/example_dags/example_sla_dag.py for tasks to queue
[2026-09-30T20:59:50.172+0000] {logging_mixin.py:137} INFO - [2026-09-30T20:59:50.172+0000] {dagbag.py:538} INFO - Filling up the DagBag from /home/airflow/.local/lib/python3.7/site-packages/airflow/example_dags/example_sla_dag.py
[2026-09-30T20:59:50.209+0000] {processor.py:753} INFO - DAG(s) dict_keys(['example_sla_dag']) retrieved from /home/airflow/.local/lib/python3.7/site-packages/airflow/example_dags/example_sla_dag.py
[2026-09-30T20:59:50.264+0000] {logging_mixin.py:137} INFO - [2026-09-30T20:59:50.264+0000] {dag.py:2676} INFO - Sync 1 DAGs
[2026-09-30T20:59:50.322+0000] {logging_mixin.py:137} INFO - [2026-09-30T20:59:50.321+0000] {dag.py:3427} INFO - Setting next_dagrun for example_sla_dag to 2026-09-30T20:56:00+00:00, run_after=2026-09-30T20:58:00+00:00
[2026-09-30T20:59:50.344+0000] {processor.py:175} INFO - Processing /home/airflow/.local/lib/python3.7/site-packages/airflow/example_dags/example_sla_dag.py took 0.178 seconds
[2026-09-30T21:00:21.053+0000] {processor.py:153} INFO - Started process (PID=18303) to work on /home/airflow/.local/lib/python3.7/site-packages/airflow/example_dags/example_sla_dag.py
[2026-09-30T21:00:21.054+0000] {processor.py:743} INFO - Processing file /home/airflow/.local/lib/python3.7/site-packages/airflow/example_dags/example_sla_dag.py for tasks to queue
[2026-09-30T21:00:21.054+0000] {logging_mixin.py:137} INFO - [2026-09-30T21:00:21.054+0000] {dagbag.py:538} INFO - Filling up the DagBag from /home/airflow/.local/lib/python3.7/site-packages/airflow/example_dags/example_sla_dag.py
[2026-09-30T21:00:21.084+0000] {processor.py:753} INFO - DAG(s) dict_keys(['example_sla_dag']) retrieved from /home/airflow/.local/lib/python3.7/site-packages/airflow/example_dags/example_sla_dag.py
[2026-09-30T21:00:21.131+0000] {logging_mixin.py:137} INFO - [2026-09-30T21:00:21.130+0000] {dag.py:2676} INFO - Sync 1 DAGs
[2026-09-30T21:00:21.174+0000] {logging_mixin.py:137} INFO - [2026-09-30T21:00:21.173+0000] {dag.py:3427} INFO - Setting next_dagrun for example_sla_dag to 2026-09-30T20:58:00+00:00, run_after=2026-09-30T21:00:00+00:00
[2026-09-30T21:00:21.200+0000] {processor.py:175} INFO - Processing /home/airflow/.local/lib/python3.7/site-packages/airflow/example_dags/example_sla_dag.py took 0.151 seconds
[2026-09-30T21:00:51.516+0000] {processor.py:153} INFO - Started process (PID=18382) to work on /home/airflow/.local/lib/python3.7/site-packages/airflow/example_dags/example_sla_dag.py
[2026-09-30T21:00:51.517+0000] {processor.py:743} INFO - Processing file /home/airflow/.local/lib/python3.7/site-packages/airflow/example_dags/example_sla_dag.py for tasks to queue
[2026-09-30T21:00:51.518+0000] {logging_mixin.py:137} INFO - [2026-09-30T21:00:51.517+0000] {dagbag.py:538} INFO - Filling up the DagBag from /home/airflow/.local/lib/python3.7/site-packages/airflow/example_dags/example_sla_dag.py
[2026-09-30T21:00:51.542+0000] {processor.py:753} INFO - DAG(s) dict_keys(['example_sla_dag']) retrieved from /home/airflow/.local/lib/python3.7/site-packages/airflow/example_dags/example_sla_dag.py
[2026-09-30T21:00:51.582+0000] {logging_mixin.py:137} INFO - [2026-09-30T21:00:51.582+0000] {dag.py:2676} INFO - Sync 1 DAGs
[2026-09-30T21:00:51.613+0000] {logging_mixin.py:137} INFO - [2026-09-30T21:00:51.613+0000] {dag.py:3427} INFO - Setting next_dagrun for example_sla_dag to 2026-09-30T20:58:00+00:00, run_after=2026-09-30T21:00:00+00:00
[2026-09-30T21:00:51.630+0000] {processor.py:175} INFO - Processing /home/airflow/.local/lib/python3.7/site-packages/airflow/example_dags/example_sla_dag.py took 0.116 seconds
[2026-09-30T21:01:22.231+0000] {processor.py:153} INFO - Started process (PID=18461) to work on /home/airflow/.local/lib/python3.7/site-packages/airflow/example_dags/example_sla_dag.py
[2026-09-30T21:01:22.233+0000] {processor.py:743} INFO - Processing file /home/airflow/.local/lib/python3.7/site-packages/airflow/example_dags/example_sla_dag.py for tasks to queue
[2026-09-30T21:01:22.233+0000] {logging_mixin.py:137} INFO - [2026-09-30T21:01:22.233+0000] {dagbag.py:538} INFO - Filling up the DagBag from /home/airflow/.local/lib/python3.7/site-packages/airflow/example_dags/example_sla_dag.py
[2026-09-30T21:01:22.263+0000] {processor.py:753} INFO - DAG(s) dict_keys(['example_sla_dag']) retrieved from /home/airflow/.local/lib/python3.7/site-packages/airflow/example_dags/example_sla_dag.py
[2026-09-30T21:01:22.309+0000] {logging_mixin.py:137} INFO - [2026-09-30T21:01:22.309+0000] {dag.py:2676} INFO - Sync 1 DAGs
[2026-09-30T21:01:22.354+0000] {logging_mixin.py:137} INFO - [2026-09-30T21:01:22.353+0000] {dag.py:3427} INFO - Setting next_dagrun for example_sla_dag to 2026-09-30T20:58:00+00:00, run_after=2026-09-30T21:00:00+00:00
[2026-09-30T21:01:22.383+0000] {processor.py:175} INFO - Processing /home/airflow/.local/lib/python3.7/site-packages/airflow/example_dags/example_sla_dag.py took 0.155 seconds
[2026-09-30T21:01:52.880+0000] {processor.py:153} INFO - Started process (PID=18540) to work on /home/airflow/.local/lib/python3.7/site-packages/airflow/example_dags/example_sla_dag.py
[2026-09-30T21:01:52.881+0000] {processor.py:743} INFO - Processing file /home/airflow/.local/lib/python3.7/site-packages/airflow/example_dags/example_sla_dag.py for tasks to queue
[2026-09-30T21:01:52.882+0000] {logging_mixin.py:137} INFO - [2026-09-30T21:01:52.882+0000] {dagbag.py:538} INFO - Filling up the DagBag from /home/airflow/.local/lib/python3.7/site-packages/airflow/example_dags/example_sla_dag.py
[2026-09-30T21:01:52.924+0000] {processor.py:753} INFO - DAG(s) dict_keys(['example_sla_dag']) retrieved from /home/airflow/.local/lib/python3.7/site-packages/airflow/example_dags/example_sla_dag.py
[2026-09-30T21:01:52.980+0000] {logging_mixin.py:137} INFO - [2026-09-30T21:01:52.980+0000] {dag.py:2676} INFO - Sync 1 DAGs
[2026-09-30T21:01:53.018+0000] {logging_mixin.py:137} INFO - [2026-09-30T21:01:53.018+0000] {dag.py:3427} INFO - Setting next_dagrun for example_sla_dag to 2026-09-30T20:58:00+00:00, run_after=2026-09-30T21:00:00+00:00
[2026-09-30T21:01:53.040+0000] {processor.py:175} INFO - Processing /home/airflow/.local/lib/python3.7/site-packages/airflow/example_dags/example_sla_dag.py took 0.165 seconds
[2026-09-30T21:02:23.697+0000] {processor.py:153} INFO - Started process (PID=18639) to work on /home/airflow/.local/lib/python3.7/site-packages/airflow/example_dags/example_sla_dag.py
[2026-09-30T21:02:23.699+0000] {processor.py:743} INFO - Processing file /home/airflow/.local/lib/python3.7/site-packages/airflow/example_dags/example_sla_dag.py for tasks to queue
[2026-09-30T21:02:23.699+0000] {logging_mixin.py:137} INFO - [2026-09-30T21:02:23.699+0000] {dagbag.py:538} INFO - Filling up the DagBag from /home/airflow/.local/lib/python3.7/site-packages/airflow/example_dags/example_sla_dag.py
[2026-09-30T21:02:23.728+0000] {processor.py:753} INFO - DAG(s) dict_keys(['example_sla_dag']) retrieved from /home/airflow/.local/lib/python3.7/site-packages/airflow/example_dags/example_sla_dag.py
[2026-09-30T21:02:23.776+0000] {logging_mixin.py:137} INFO - [2026-09-30T21:02:23.776+0000] {dag.py:2676} INFO - Sync 1 DAGs
[2026-09-30T21:02:23.811+0000] {logging_mixin.py:137} INFO - [2026-09-30T21:02:23.811+0000] {dag.py:3427} INFO - Setting next_dagrun for example_sla_dag to 2026-09-30T21:00:00+00:00, run_after=2026-09-30T21:02:00+00:00
[2026-09-30T21:02:23.830+0000] {processor.py:175} INFO - Processing /home/airflow/.local/lib/python3.7/site-packages/airflow/example_dags/example_sla_dag.py took 0.137 seconds
[2026-09-30T21:02:53.968+0000] {processor.py:153} INFO - Started process (PID=18718) to work on /home/airflow/.local/lib/python3.7/site-packages/airflow/example_dags/example_sla_dag.py
[2026-09-30T21:02:53.969+0000] {processor.py:743} INFO - Processing file /home/airflow/.local/lib/python3.7/site-packages/airflow/example_dags/example_sla_dag.py for tasks to queue
[2026-09-30T21:02:53.970+0000] {logging_mixin.py:137} INFO - [2026-09-30T21:02:53.970+0000] {dagbag.py:538} INFO - Filling up the DagBag from /home/airflow/.local/lib/python3.7/site-packages/airflow/example_dags/example_sla_dag.py
[2026-09-30T21:02:54.000+0000] {processor.py:753} INFO - DAG(s) dict_keys(['example_sla_dag']) retrieved from /home/airflow/.local/lib/python3.7/site-packages/airflow/example_dags/example_sla_dag.py
[2026-09-30T21:02:54.047+0000] {logging_mixin.py:137} INFO - [2026-09-30T21:02:54.047+0000] {dag.py:2676} INFO - Sync 1 DAGs
[2026-09-30T21:02:54.083+0000] {logging_mixin.py:137} INFO - [2026-09-30T21:02:54.083+0000] {dag.py:3427} INFO - Setting next_dagrun for example_sla_dag to 2026-09-30T21:00:00+00:00, run_after=2026-09-30T21:02:00+00:00
[2026-09-30T21:02:54.103+0000] {processor.py:175} INFO - Processing /home/airflow/.local/lib/python3.7/site-packages/airflow/example_dags/example_sla_dag.py took 0.139 seconds
[2026-09-30T21:03:24.843+0000] {processor.py:153} INFO - Started process (PID=18797) to work on /home/airflow/.local/lib/python3.7/site-packages/airflow/example_dags/example_sla_dag.py
[2026-09-30T21:03:24.844+0000] {processor.py:743} INFO - Processing file /home/airflow/.local/lib/python3.7/site-packages/airflow/example_dags/example_sla_dag.py for tasks to queue
[2026-09-30T21:03:24.846+0000] {logging_mixin.py:137} INFO - [2026-09-30T21:03:24.845+0000] {dagbag.py:538} INFO - Filling up the DagBag from /home/airflow/.local/lib/python3.7/site-packages/airflow/example_dags/example_sla_dag.py
[2026-09-30T21:03:24.893+0000] {processor.py:753} INFO - DAG(s) dict_keys(['example_sla_dag']) retrieved from /home/airflow/.local/lib/python3.7/site-packages/airflow/example_dags/example_sla_dag.py
[2026-09-30T21:03:24.953+0000] {logging_mixin.py:137} INFO - [2026-09-30T21:03:24.953+0000] {dag.py:2676} INFO - Sync 1 DAGs
[2026-09-30T21:03:25.006+0000] {logging_mixin.py:137} INFO - [2026-09-30T21:03:25.006+0000] {dag.py:3427} INFO - Setting next_dagrun for example_sla_dag to 2026-09-30T21:00:00+00:00, run_after=2026-09-30T21:02:00+00:00
[2026-09-30T21:03:25.033+0000] {processor.py:175} INFO - Processing /home/airflow/.local/lib/python3.7/site-packages/airflow/example_dags/example_sla_dag.py took 0.196 seconds
[2026-09-30T21:03:55.550+0000] {processor.py:153} INFO - Started process (PID=18876) to work on /home/airflow/.local/lib/python3.7/site-packages/airflow/example_dags/example_sla_dag.py
[2026-09-30T21:03:55.552+0000] {processor.py:743} INFO - Processing file /home/airflow/.local/lib/python3.7/site-packages/airflow/example_dags/example_sla_dag.py for tasks to queue
[2026-09-30T21:03:55.554+0000] {logging_mixin.py:137} INFO - [2026-09-30T21:03:55.553+0000] {dagbag.py:538} INFO - Filling up the DagBag from /home/airflow/.local/lib/python3.7/site-packages/airflow/example_dags/example_sla_dag.py
[2026-09-30T21:03:55.603+0000] {processor.py:753} INFO - DAG(s) dict_keys(['example_sla_dag']) retrieved from /home/airflow/.local/lib/python3.7/site-packages/airflow/example_dags/example_sla_dag.py
[2026-09-30T21:03:55.675+0000] {logging_mixin.py:137} INFO - [2026-09-30T21:03:55.675+0000] {dag.py:2676} INFO - Sync 1 DAGs
[2026-09-30T21:03:55.715+0000] {logging_mixin.py:137} INFO - [2026-09-30T21:03:55.714+0000] {dag.py:3427} INFO - Setting next_dagrun for example_sla_dag to 2026-09-30T21:00:00+00:00, run_after=2026-09-30T21:02:00+00:00
[2026-09-30T21:03:55.734+0000] {processor.py:175} INFO - Processing /home/airflow/.local/lib/python3.7/site-packages/airflow/example_dags/example_sla_dag.py took 0.192 seconds
[2026-09-30T21:04:26.560+0000] {processor.py:153} INFO - Started process (PID=18976) to work on /home/airflow/.local/lib/python3.7/site-packages/airflow/example_dags/example_sla_dag.py
[2026-09-30T21:04:26.562+0000] {processor.py:743} INFO - Processing file /home/airflow/.local/lib/python3.7/site-packages/airflow/example_dags/example_sla_dag.py for tasks to queue
[2026-09-30T21:04:26.563+0000] {logging_mixin.py:137} INFO - [2026-09-30T21:04:26.563+0000] {dagbag.py:538} INFO - Filling up the DagBag from /home/airflow/.local/lib/python3.7/site-packages/airflow/example_dags/example_sla_dag.py
[2026-09-30T21:04:26.610+0000] {processor.py:753} INFO - DAG(s) dict_keys(['example_sla_dag']) retrieved from /home/airflow/.local/lib/python3.7/site-packages/airflow/example_dags/example_sla_dag.py
[2026-09-30T21:04:26.684+0000] {logging_mixin.py:137} INFO - [2026-09-30T21:04:26.684+0000] {dag.py:2676} INFO - Sync 1 DAGs
[2026-09-30T21:04:26.739+0000] {logging_mixin.py:137} INFO - [2026-09-30T21:04:26.739+0000] {dag.py:3427} INFO - Setting next_dagrun for example_sla_dag to 2026-09-30T21:02:00+00:00, run_after=2026-09-30T21:04:00+00:00
[2026-09-30T21:04:26.773+0000] {processor.py:175} INFO - Processing /home/airflow/.local/lib/python3.7/site-packages/airflow/example_dags/example_sla_dag.py took 0.219 seconds
[2026-09-30T21:04:56.914+0000] {processor.py:153} INFO - Started process (PID=19055) to work on /home/airflow/.local/lib/python3.7/site-packages/airflow/example_dags/example_sla_dag.py
[2026-09-30T21:04:56.915+0000] {processor.py:743} INFO - Processing file /home/airflow/.local/lib/python3.7/site-packages/airflow/example_dags/example_sla_dag.py for tasks to queue
[2026-09-30T21:04:56.916+0000] {logging_mixin.py:137} INFO - [2026-09-30T21:04:56.915+0000] {dagbag.py:538} INFO - Filling up the DagBag from /home/airflow/.local/lib/python3.7/site-packages/airflow/example_dags/example_sla_dag.py
[2026-09-30T21:04:56.946+0000] {processor.py:753} INFO - DAG(s) dict_keys(['example_sla_dag']) retrieved from /home/airflow/.local/lib/python3.7/site-packages/airflow/example_dags/example_sla_dag.py
[2026-09-30T21:04:56.994+0000] {logging_mixin.py:137} INFO - [2026-09-30T21:04:56.994+0000] {dag.py:2676} INFO - Sync 1 DAGs
[2026-09-30T21:04:57.032+0000] {logging_mixin.py:137} INFO - [2026-09-30T21:04:57.031+0000] {dag.py:3427} INFO - Setting next_dagrun for example_sla_dag to 2026-09-30T21:02:00+00:00, run_after=2026-09-30T21:04:00+00:00
[2026-09-30T21:04:57.053+0000] {processor.py:175} INFO - Processing /home/airflow/.local/lib/python3.7/site-packages/airflow/example_dags/example_sla_dag.py took 0.143 seconds
[2026-09-30T21:05:27.497+0000] {processor.py:153} INFO - Started process (PID=19134) to work on /home/airflow/.local/lib/python3.7/site-packages/airflow/example_dags/example_sla_dag.py
[2026-09-30T21:05:27.498+0000] {processor.py:743} INFO - Processing file /home/airflow/.local/lib/python3.7/site-packages/airflow/example_dags/example_sla_dag.py for tasks to queue
[2026-09-30T21:05:27.499+0000] {logging_mixin.py:137} INFO - [2026-09-30T21:05:27.499+0000] {dagbag.py:538} INFO - Filling up the DagBag from /home/airflow/.local/lib/python3.7/site-packages/airflow/example_dags/example_sla_dag.py
[2026-09-30T21:05:27.529+0000] {processor.py:753} INFO - DAG(s) dict_keys(['example_sla_dag']) retrieved from /home/airflow/.local/lib/python3.7/site-packages/airflow/example_dags/example_sla_dag.py
[2026-09-30T21:05:27.580+0000] {logging_mixin.py:137} INFO - [2026-09-30T21:05:27.580+0000] {dag.py:2676} INFO - Sync 1 DAGs
[2026-09-30T21:05:27.616+0000] {logging_mixin.py:137} INFO - [2026-09-30T21:05:27.616+0000] {dag.py:3427} INFO - Setting next_dagrun for example_sla_dag to 2026-09-30T21:02:00+00:00, run_after=2026-09-30T21:04:00+00:00
[2026-09-30T21:05:27.637+0000] {processor.py:175} INFO - Processing /home/airflow/.local/lib/python3.7/site-packages/airflow/example_dags/example_sla_dag.py took 0.144 seconds
[2026-09-30T21:05:58.382+0000] {processor.py:153} INFO - Started process (PID=19233) to work on /home/airflow/.local/lib/python3.7/site-packages/airflow/example_dags/example_sla_dag.py
[2026-09-30T21:05:58.383+0000] {processor.py:743} INFO - Processing file /home/airflow/.local/lib/python3.7/site-packages/airflow/example_dags/example_sla_dag.py for tasks to queue
[2026-09-30T21:05:58.385+0000] {logging_mixin.py:137} INFO - [2026-09-30T21:05:58.384+0000] {dagbag.py:538} INFO - Filling up the DagBag from /home/airflow/.local/lib/python3.7/site-packages/airflow/example_dags/example_sla_dag.py
[2026-09-30T21:05:58.417+0000] {processor.py:753} INFO - DAG(s) dict_keys(['example_sla_dag']) retrieved from /home/airflow/.local/lib/python3.7/site-packages/airflow/example_dags/example_sla_dag.py
[2026-09-30T21:05:58.472+0000] {logging_mixin.py:137} INFO - [2026-09-30T21:05:58.472+0000] {dag.py:2676} INFO - Sync 1 DAGs
[2026-09-30T21:05:58.509+0000] {logging_mixin.py:137} INFO - [2026-09-30T21:05:58.509+0000] {dag.py:3427} INFO - Setting next_dagrun for example_sla_dag to 2026-09-30T21:02:00+00:00, run_after=2026-09-30T21:04:00+00:00
[2026-09-30T21:05:58.529+0000] {processor.py:175} INFO - Processing /home/airflow/.local/lib/python3.7/site-packages/airflow/example_dags/example_sla_dag.py took 0.153 seconds
[2026-09-30T21:06:29.333+0000] {processor.py:153} INFO - Started process (PID=19313) to work on /home/airflow/.local/lib/python3.7/site-packages/airflow/example_dags/example_sla_dag.py
[2026-09-30T21:06:29.335+0000] {processor.py:743} INFO - Processing file /home/airflow/.local/lib/python3.7/site-packages/airflow/example_dags/example_sla_dag.py for tasks to queue
[2026-09-30T21:06:29.337+0000] {logging_mixin.py:137} INFO - [2026-09-30T21:06:29.337+0000] {dagbag.py:538} INFO - Filling up the DagBag from /home/airflow/.local/lib/python3.7/site-packages/airflow/example_dags/example_sla_dag.py
[2026-09-30T21:06:29.384+0000] {processor.py:753} INFO - DAG(s) dict_keys(['example_sla_dag']) retrieved from /home/airflow/.local/lib/python3.7/site-packages/airflow/example_dags/example_sla_dag.py
[2026-09-30T21:06:29.444+0000] {logging_mixin.py:137} INFO - [2026-09-30T21:06:29.444+0000] {dag.py:2676} INFO - Sync 1 DAGs
[2026-09-30T21:06:29.502+0000] {logging_mixin.py:137} INFO - [2026-09-30T21:06:29.501+0000] {dag.py:3427} INFO - Setting next_dagrun for example_sla_dag to 2026-09-30T21:04:00+00:00, run_after=2026-09-30T21:06:00+00:00
[2026-09-30T21:06:29.536+0000] {processor.py:175} INFO - Processing /home/airflow/.local/lib/python3.7/site-packages/airflow/example_dags/example_sla_dag.py took 0.209 seconds
[2026-09-30T21:06:59.700+0000] {processor.py:153} INFO - Started process (PID=19392) to work on /home/airflow/.local/lib/python3.7/site-packages/airflow/example_dags/example_sla_dag.py
[2026-09-30T21:06:59.701+0000] {processor.py:743} INFO - Processing file /home/airflow/.local/lib/python3.7/site-packages/airflow/example_dags/example_sla_dag.py for tasks to queue
[2026-09-30T21:06:59.702+0000] {logging_mixin.py:137} INFO - [2026-09-30T21:06:59.702+0000] {dagbag.py:538} INFO - Filling up the DagBag from /home/airflow/.local/lib/python3.7/site-packages/airflow/example_dags/example_sla_dag.py
[2026-09-30T21:06:59.749+0000] {processor.py:753} INFO - DAG(s) dict_keys(['example_sla_dag']) retrieved from /home/airflow/.local/lib/python3.7/site-packages/airflow/example_dags/example_sla_dag.py
[2026-09-30T21:06:59.811+0000] {logging_mixin.py:137} INFO - [2026-09-30T21:06:59.811+0000] {dag.py:2676} INFO - Sync 1 DAGs
[2026-09-30T21:06:59.855+0000] {logging_mixin.py:137} INFO - [2026-09-30T21:06:59.855+0000] {dag.py:3427} INFO - Setting next_dagrun for example_sla_dag to 2026-09-30T21:04:00+00:00, run_after=2026-09-30T21:06:00+00:00
[2026-09-30T21:06:59.883+0000] {processor.py:175} INFO - Processing /home/airflow/.local/lib/python3.7/site-packages/airflow/example_dags/example_sla_dag.py took 0.189 seconds
[2026-09-30T21:07:29.992+0000] {processor.py:153} INFO - Started process (PID=19480) to work on /home/airflow/.local/lib/python3.7/site-packages/airflow/example_dags/example_sla_dag.py
[2026-09-30T21:07:29.993+0000] {processor.py:743} INFO - Processing file /home/airflow/.local/lib/python3.7/site-packages/airflow/example_dags/example_sla_dag.py for tasks to queue
[2026-09-30T21:07:29.994+0000] {logging_mixin.py:137} INFO - [2026-09-30T21:07:29.994+0000] {dagbag.py:538} INFO - Filling up the DagBag from /home/airflow/.local/lib/python3.7/site-packages/airflow/example_dags/example_sla_dag.py
[2026-09-30T21:07:30.029+0000] {processor.py:753} INFO - DAG(s) dict_keys(['example_sla_dag']) retrieved from /home/airflow/.local/lib/python3.7/site-packages/airflow/example_dags/example_sla_dag.py
[2026-09-30T21:07:30.095+0000] {logging_mixin.py:137} INFO - [2026-09-30T21:07:30.094+0000] {dag.py:2676} INFO - Sync 1 DAGs
[2026-09-30T21:07:30.149+0000] {logging_mixin.py:137} INFO - [2026-09-30T21:07:30.149+0000] {dag.py:3427} INFO - Setting next_dagrun for example_sla_dag to 2026-09-30T21:04:00+00:00, run_after=2026-09-30T21:06:00+00:00
[2026-09-30T21:07:30.184+0000] {processor.py:175} INFO - Processing /home/airflow/.local/lib/python3.7/site-packages/airflow/example_dags/example_sla_dag.py took 0.198 seconds
[2026-09-30T21:08:00.242+0000] {processor.py:153} INFO - Started process (PID=19570) to work on /home/airflow/.local/lib/python3.7/site-packages/airflow/example_dags/example_sla_dag.py
[2026-09-30T21:08:00.243+0000] {processor.py:743} INFO - Processing file /home/airflow/.local/lib/python3.7/site-packages/airflow/example_dags/example_sla_dag.py for tasks to queue
[2026-09-30T21:08:00.243+0000] {logging_mixin.py:137} INFO - [2026-09-30T21:08:00.243+0000] {dagbag.py:538} INFO - Filling up the DagBag from /home/airflow/.local/lib/python3.7/site-packages/airflow/example_dags/example_sla_dag.py
[2026-09-30T21:08:00.276+0000] {processor.py:753} INFO - DAG(s) dict_keys(['example_sla_dag']) retrieved from /home/airflow/.local/lib/python3.7/site-packages/airflow/example_dags/example_sla_dag.py
[2026-09-30T21:08:00.326+0000] {logging_mixin.py:137} INFO - [2026-09-30T21:08:00.326+0000] {dag.py:2676} INFO - Sync 1 DAGs
[2026-09-30T21:08:00.362+0000] {logging_mixin.py:137} INFO - [2026-09-30T21:08:00.362+0000] {dag.py:3427} INFO - Setting next_dagrun for example_sla_dag to 2026-09-30T21:06:00+00:00, run_after=2026-09-30T21:08:00+00:00
[2026-09-30T21:08:00.383+0000] {processor.py:175} INFO - Processing /home/airflow/.local/lib/python3.7/site-packages/airflow/example_dags/example_sla_dag.py took 0.145 seconds
[2026-09-30T21:08:31.017+0000] {processor.py:153} INFO - Started process (PID=19649) to work on /home/airflow/.local/lib/python3.7/site-packages/airflow/example_dags/example_sla_dag.py
[2026-09-30T21:08:31.018+0000] {processor.py:743} INFO - Processing file /home/airflow/.local/lib/python3.7/site-packages/airflow/example_dags/example_sla_dag.py for tasks to queue
[2026-09-30T21:08:31.019+0000] {logging_mixin.py:137} INFO - [2026-09-30T21:08:31.019+0000] {dagbag.py:538} INFO - Filling up the DagBag from /home/airflow/.local/lib/python3.7/site-packages/airflow/example_dags/example_sla_dag.py
[2026-09-30T21:08:31.049+0000] {processor.py:753} INFO - DAG(s) dict_keys(['example_sla_dag']) retrieved from /home/airflow/.local/lib/python3.7/site-packages/airflow/example_dags/example_sla_dag.py
[2026-09-30T21:08:31.101+0000] {logging_mixin.py:137} INFO - [2026-09-30T21:08:31.101+0000] {dag.py:2676} INFO - Sync 1 DAGs
[2026-09-30T21:08:31.138+0000] {logging_mixin.py:137} INFO - [2026-09-30T21:08:31.138+0000] {dag.py:3427} INFO - Setting next_dagrun for example_sla_dag to 2026-09-30T21:06:00+00:00, run_after=2026-09-30T21:08:00+00:00
[2026-09-30T21:08:31.157+0000] {processor.py:175} INFO - Processing /home/airflow/.local/lib/python3.7/site-packages/airflow/example_dags/example_sla_dag.py took 0.146 seconds
[2026-09-30T21:09:01.312+0000] {processor.py:153} INFO - Started process (PID=19728) to work on /home/airflow/.local/lib/python3.7/site-packages/airflow/example_dags/example_sla_dag.py
[2026-09-30T21:09:01.312+0000] {processor.py:743} INFO - Processing file /home/airflow/.local/lib/python3.7/site-packages/airflow/example_dags/example_sla_dag.py for tasks to queue
[2026-09-30T21:09:01.313+0000] {logging_mixin.py:137} INFO - [2026-09-30T21:09:01.313+0000] {dagbag.py:538} INFO - Filling up the DagBag from /home/airflow/.local/lib/python3.7/site-packages/airflow/example_dags/example_sla_dag.py
[2026-09-30T21:09:01.351+0000] {processor.py:753} INFO - DAG(s) dict_keys(['example_sla_dag']) retrieved from /home/airflow/.local/lib/python3.7/site-packages/airflow/example_dags/example_sla_dag.py
[2026-09-30T21:09:01.402+0000] {logging_mixin.py:137} INFO - [2026-09-30T21:09:01.402+0000] {dag.py:2676} INFO - Sync 1 DAGs
[2026-09-30T21:09:01.436+0000] {logging_mixin.py:137} INFO - [2026-09-30T21:09:01.436+0000] {dag.py:3427} INFO - Setting next_dagrun for example_sla_dag to 2026-09-30T21:06:00+00:00, run_after=2026-09-30T21:08:00+00:00
[2026-09-30T21:09:01.457+0000] {processor.py:175} INFO - Processing /home/airflow/.local/lib/python3.7/site-packages/airflow/example_dags/example_sla_dag.py took 0.149 seconds
[2026-09-30T21:09:31.609+0000] {processor.py:153} INFO - Started process (PID=19816) to work on /home/airflow/.local/lib/python3.7/site-packages/airflow/example_dags/example_sla_dag.py
[2026-09-30T21:09:31.610+0000] {processor.py:743} INFO - Processing file /home/airflow/.local/lib/python3.7/site-packages/airflow/example_dags/example_sla_dag.py for tasks to queue
[2026-09-30T21:09:31.611+0000] {logging_mixin.py:137} INFO - [2026-09-30T21:09:31.611+0000] {dagbag.py:538} INFO - Filling up the DagBag from /home/airflow/.local/lib/python3.7/site-packages/airflow/example_dags/example_sla_dag.py
[2026-09-30T21:09:31.643+0000] {processor.py:753} INFO - DAG(s) dict_keys(['example_sla_dag']) retrieved from /home/airflow/.local/lib/python3.7/site-packages/airflow/example_dags/example_sla_dag.py
[2026-09-30T21:09:31.695+0000] {logging_mixin.py:137} INFO - [2026-09-30T21:09:31.695+0000] {dag.py:2676} INFO - Sync 1 DAGs
[2026-09-30T21:09:31.732+0000] {logging_mixin.py:137} INFO - [2026-09-30T21:09:31.732+0000] {dag.py:3427} INFO - Setting next_dagrun for example_sla_dag to 2026-09-30T21:06:00+00:00, run_after=2026-09-30T21:08:00+00:00
[2026-09-30T21:09:31.753+0000] {processor.py:175} INFO - Processing /home/airflow/.local/lib/python3.7/site-packages/airflow/example_dags/example_sla_dag.py took 0.149 seconds
[2026-09-30T21:10:01.926+0000] {processor.py:153} INFO - Started process (PID=19906) to work on /home/airflow/.local/lib/python3.7/site-packages/airflow/example_dags/example_sla_dag.py
[2026-09-30T21:10:01.927+0000] {processor.py:743} INFO - Processing file /home/airflow/.local/lib/python3.7/site-packages/airflow/example_dags/example_sla_dag.py for tasks to queue
[2026-09-30T21:10:01.928+0000] {logging_mixin.py:137} INFO - [2026-09-30T21:10:01.928+0000] {dagbag.py:538} INFO - Filling up the DagBag from /home/airflow/.local/lib/python3.7/site-packages/airflow/example_dags/example_sla_dag.py
[2026-09-30T21:10:01.964+0000] {processor.py:753} INFO - DAG(s) dict_keys(['example_sla_dag']) retrieved from /home/airflow/.local/lib/python3.7/site-packages/airflow/example_dags/example_sla_dag.py
[2026-09-30T21:10:02.015+0000] {logging_mixin.py:137} INFO - [2026-09-30T21:10:02.015+0000] {dag.py:2676} INFO - Sync 1 DAGs
[2026-09-30T21:10:02.058+0000] {logging_mixin.py:137} INFO - [2026-09-30T21:10:02.058+0000] {dag.py:3427} INFO - Setting next_dagrun for example_sla_dag to 2026-09-30T21:08:00+00:00, run_after=2026-09-30T21:10:00+00:00
[2026-09-30T21:10:02.079+0000] {processor.py:175} INFO - Processing /home/airflow/.local/lib/python3.7/site-packages/airflow/example_dags/example_sla_dag.py took 0.158 seconds
[2026-09-30T21:10:32.220+0000] {processor.py:153} INFO - Started process (PID=19985) to work on /home/airflow/.local/lib/python3.7/site-packages/airflow/example_dags/example_sla_dag.py
[2026-09-30T21:10:32.221+0000] {processor.py:743} INFO - Processing file /home/airflow/.local/lib/python3.7/site-packages/airflow/example_dags/example_sla_dag.py for tasks to queue
[2026-09-30T21:10:32.222+0000] {logging_mixin.py:137} INFO - [2026-09-30T21:10:32.222+0000] {dagbag.py:538} INFO - Filling up the DagBag from /home/airflow/.local/lib/python3.7/site-packages/airflow/example_dags/example_sla_dag.py
[2026-09-30T21:10:32.253+0000] {processor.py:753} INFO - DAG(s) dict_keys(['example_sla_dag']) retrieved from /home/airflow/.local/lib/python3.7/site-packages/airflow/example_dags/example_sla_dag.py
[2026-09-30T21:10:32.312+0000] {logging_mixin.py:137} INFO - [2026-09-30T21:10:32.312+0000] {dag.py:2676} INFO - Sync 1 DAGs
[2026-09-30T21:10:32.350+0000] {logging_mixin.py:137} INFO - [2026-09-30T21:10:32.349+0000] {dag.py:3427} INFO - Setting next_dagrun for example_sla_dag to 2026-09-30T21:08:00+00:00, run_after=2026-09-30T21:10:00+00:00
[2026-09-30T21:10:32.369+0000] {processor.py:175} INFO - Processing /home/airflow/.local/lib/python3.7/site-packages/airflow/example_dags/example_sla_dag.py took 0.153 seconds
[2026-09-30T21:11:03.198+0000] {processor.py:153} INFO - Started process (PID=20064) to work on /home/airflow/.local/lib/python3.7/site-packages/airflow/example_dags/example_sla_dag.py
[2026-09-30T21:11:03.199+0000] {processor.py:743} INFO - Processing file /home/airflow/.local/lib/python3.7/site-packages/airflow/example_dags/example_sla_dag.py for tasks to queue
[2026-09-30T21:11:03.200+0000] {logging_mixin.py:137} INFO - [2026-09-30T21:11:03.200+0000] {dagbag.py:538} INFO - Filling up the DagBag from /home/airflow/.local/lib/python3.7/site-packages/airflow/example_dags/example_sla_dag.py
[2026-09-30T21:11:03.233+0000] {processor.py:753} INFO - DAG(s) dict_keys(['example_sla_dag']) retrieved from /home/airflow/.local/lib/python3.7/site-packages/airflow/example_dags/example_sla_dag.py
[2026-09-30T21:11:03.284+0000] {logging_mixin.py:137} INFO - [2026-09-30T21:11:03.284+0000] {dag.py:2676} INFO - Sync 1 DAGs
[2026-09-30T21:11:03.320+0000] {logging_mixin.py:137} INFO - [2026-09-30T21:11:03.320+0000] {dag.py:3427} INFO - Setting next_dagrun for example_sla_dag to 2026-09-30T21:08:00+00:00, run_after=2026-09-30T21:10:00+00:00
[2026-09-30T21:11:03.343+0000] {processor.py:175} INFO - Processing /home/airflow/.local/lib/python3.7/site-packages/airflow/example_dags/example_sla_dag.py took 0.149 seconds
[2026-09-30T21:11:33.727+0000] {processor.py:153} INFO - Started process (PID=20150) to work on /home/airflow/.local/lib/python3.7/site-packages/airflow/example_dags/example_sla_dag.py
[2026-09-30T21:11:33.728+0000] {processor.py:743} INFO - Processing file /home/airflow/.local/lib/python3.7/site-packages/airflow/example_dags/example_sla_dag.py for tasks to queue
[2026-09-30T21:11:33.729+0000] {logging_mixin.py:137} INFO - [2026-09-30T21:11:33.729+0000] {dagbag.py:538} INFO - Filling up the DagBag from /home/airflow/.local/lib/python3.7/site-packages/airflow/example_dags/example_sla_dag.py
[2026-09-30T21:11:33.776+0000] {processor.py:753} INFO - DAG(s) dict_keys(['example_sla_dag']) retrieved from /home/airflow/.local/lib/python3.7/site-packages/airflow/example_dags/example_sla_dag.py
[2026-09-30T21:11:33.849+0000] {logging_mixin.py:137} INFO - [2026-09-30T21:11:33.848+0000] {dag.py:2676} INFO - Sync 1 DAGs
[2026-09-30T21:11:33.903+0000] {logging_mixin.py:137} INFO - [2026-09-30T21:11:33.903+0000] {dag.py:3427} INFO - Setting next_dagrun for example_sla_dag to 2026-09-30T21:08:00+00:00, run_after=2026-09-30T21:10:00+00:00
[2026-09-30T21:11:33.927+0000] {processor.py:175} INFO - Processing /home/airflow/.local/lib/python3.7/site-packages/airflow/example_dags/example_sla_dag.py took 0.206 seconds
[2026-09-30T21:12:04.343+0000] {processor.py:153} INFO - Started process (PID=20242) to work on /home/airflow/.local/lib/python3.7/site-packages/airflow/example_dags/example_sla_dag.py
[2026-09-30T21:12:04.345+0000] {processor.py:743} INFO - Processing file /home/airflow/.local/lib/python3.7/site-packages/airflow/example_dags/example_sla_dag.py for tasks to queue
[2026-09-30T21:12:04.346+0000] {logging_mixin.py:137} INFO - [2026-09-30T21:12:04.346+0000] {dagbag.py:538} INFO - Filling up the DagBag from /home/airflow/.local/lib/python3.7/site-packages/airflow/example_dags/example_sla_dag.py
[2026-09-30T21:12:04.380+0000] {processor.py:753} INFO - DAG(s) dict_keys(['example_sla_dag']) retrieved from /home/airflow/.local/lib/python3.7/site-packages/airflow/example_dags/example_sla_dag.py
[2026-09-30T21:12:04.431+0000] {logging_mixin.py:137} INFO - [2026-09-30T21:12:04.431+0000] {dag.py:2676} INFO - Sync 1 DAGs
[2026-09-30T21:12:04.471+0000] {logging_mixin.py:137} INFO - [2026-09-30T21:12:04.471+0000] {dag.py:3427} INFO - Setting next_dagrun for example_sla_dag to 2026-09-30T21:10:00+00:00, run_after=2026-09-30T21:12:00+00:00
[2026-09-30T21:12:04.491+0000] {processor.py:175} INFO - Processing /home/airflow/.local/lib/python3.7/site-packages/airflow/example_dags/example_sla_dag.py took 0.152 seconds
[2026-09-30T21:12:35.092+0000] {processor.py:153} INFO - Started process (PID=20321) to work on /home/airflow/.local/lib/python3.7/site-packages/airflow/example_dags/example_sla_dag.py
[2026-09-30T21:12:35.094+0000] {processor.py:743} INFO - Processing file /home/airflow/.local/lib/python3.7/site-packages/airflow/example_dags/example_sla_dag.py for tasks to queue
[2026-09-30T21:12:35.095+0000] {logging_mixin.py:137} INFO - [2026-09-30T21:12:35.095+0000] {dagbag.py:538} INFO - Filling up the DagBag from /home/airflow/.local/lib/python3.7/site-packages/airflow/example_dags/example_sla_dag.py
[2026-09-30T21:12:35.134+0000] {processor.py:753} INFO - DAG(s) dict_keys(['example_sla_dag']) retrieved from /home/airflow/.local/lib/python3.7/site-packages/airflow/example_dags/example_sla_dag.py
[2026-09-30T21:12:35.187+0000] {logging_mixin.py:137} INFO - [2026-09-30T21:12:35.187+0000] {dag.py:2676} INFO - Sync 1 DAGs
[2026-09-30T21:12:35.225+0000] {logging_mixin.py:137} INFO - [2026-09-30T21:12:35.225+0000] {dag.py:3427} INFO - Setting next_dagrun for example_sla_dag to 2026-09-30T21:10:00+00:00, run_after=2026-09-30T21:12:00+00:00
[2026-09-30T21:12:35.247+0000] {processor.py:175} INFO - Processing /home/airflow/.local/lib/python3.7/site-packages/airflow/example_dags/example_sla_dag.py took 0.160 seconds
[2026-09-30T21:13:05.345+0000] {processor.py:153} INFO - Started process (PID=20400) to work on /home/airflow/.local/lib/python3.7/site-packages/airflow/example_dags/example_sla_dag.py
[2026-09-30T21:13:05.346+0000] {processor.py:743} INFO - Processing file /home/airflow/.local/lib/python3.7/site-packages/airflow/example_dags/example_sla_dag.py for tasks to queue
[2026-09-30T21:13:05.347+0000] {logging_mixin.py:137} INFO - [2026-09-30T21:13:05.347+0000] {dagbag.py:538} INFO - Filling up the DagBag from /home/airflow/.local/lib/python3.7/site-packages/airflow/example_dags/example_sla_dag.py
[2026-09-30T21:13:05.383+0000] {processor.py:753} INFO - DAG(s) dict_keys(['example_sla_dag']) retrieved from /home/airflow/.local/lib/python3.7/site-packages/airflow/example_dags/example_sla_dag.py
[2026-09-30T21:13:05.436+0000] {logging_mixin.py:137} INFO - [2026-09-30T21:13:05.436+0000] {dag.py:2676} INFO - Sync 1 DAGs
[2026-09-30T21:13:05.485+0000] {logging_mixin.py:137} INFO - [2026-09-30T21:13:05.484+0000] {dag.py:3427} INFO - Setting next_dagrun for example_sla_dag to 2026-09-30T21:10:00+00:00, run_after=2026-09-30T21:12:00+00:00
[2026-09-30T21:13:05.512+0000] {processor.py:175} INFO - Processing /home/airflow/.local/lib/python3.7/site-packages/airflow/example_dags/example_sla_dag.py took 0.171 seconds
[2026-09-30T21:13:36.143+0000] {processor.py:153} INFO - Started process (PID=20479) to work on /home/airflow/.local/lib/python3.7/site-packages/airflow/example_dags/example_sla_dag.py
[2026-09-30T21:13:36.144+0000] {processor.py:743} INFO - Processing file /home/airflow/.local/lib/python3.7/site-packages/airflow/example_dags/example_sla_dag.py for tasks to queue
[2026-09-30T21:13:36.145+0000] {logging_mixin.py:137} INFO - [2026-09-30T21:13:36.144+0000] {dagbag.py:538} INFO - Filling up the DagBag from /home/airflow/.local/lib/python3.7/site-packages/airflow/example_dags/example_sla_dag.py
[2026-09-30T21:13:36.174+0000] {processor.py:753} INFO - DAG(s) dict_keys(['example_sla_dag']) retrieved from /home/airflow/.local/lib/python3.7/site-packages/airflow/example_dags/example_sla_dag.py
[2026-09-30T21:13:36.233+0000] {logging_mixin.py:137} INFO - [2026-09-30T21:13:36.232+0000] {dag.py:2676} INFO - Sync 1 DAGs
[2026-09-30T21:13:36.273+0000] {logging_mixin.py:137} INFO - [2026-09-30T21:13:36.273+0000] {dag.py:3427} INFO - Setting next_dagrun for example_sla_dag to 2026-09-30T21:10:00+00:00, run_after=2026-09-30T21:12:00+00:00
[2026-09-30T21:13:36.296+0000] {processor.py:175} INFO - Processing /home/airflow/.local/lib/python3.7/site-packages/airflow/example_dags/example_sla_dag.py took 0.157 seconds
[2026-09-30T21:14:06.676+0000] {processor.py:153} INFO - Started process (PID=20578) to work on /home/airflow/.local/lib/python3.7/site-packages/airflow/example_dags/example_sla_dag.py
[2026-09-30T21:14:06.677+0000] {processor.py:743} INFO - Processing file /home/airflow/.local/lib/python3.7/site-packages/airflow/example_dags/example_sla_dag.py for tasks to queue
[2026-09-30T21:14:06.678+0000] {logging_mixin.py:137} INFO - [2026-09-30T21:14:06.678+0000] {dagbag.py:538} INFO - Filling up the DagBag from /home/airflow/.local/lib/python3.7/site-packages/airflow/example_dags/example_sla_dag.py
[2026-09-30T21:14:06.723+0000] {processor.py:753} INFO - DAG(s) dict_keys(['example_sla_dag']) retrieved from /home/airflow/.local/lib/python3.7/site-packages/airflow/example_dags/example_sla_dag.py
[2026-09-30T21:14:06.782+0000] {logging_mixin.py:137} INFO - [2026-09-30T21:14:06.782+0000] {dag.py:2676} INFO - Sync 1 DAGs
[2026-09-30T21:14:06.827+0000] {logging_mixin.py:137} INFO - [2026-09-30T21:14:06.826+0000] {dag.py:3427} INFO - Setting next_dagrun for example_sla_dag to 2026-09-30T21:12:00+00:00, run_after=2026-09-30T21:14:00+00:00
[2026-09-30T21:14:06.850+0000] {processor.py:175} INFO - Processing /home/airflow/.local/lib/python3.7/site-packages/airflow/example_dags/example_sla_dag.py took 0.178 seconds
[2026-09-30T21:14:37.284+0000] {processor.py:153} INFO - Started process (PID=20657) to work on /home/airflow/.local/lib/python3.7/site-packages/airflow/example_dags/example_sla_dag.py
[2026-09-30T21:14:37.285+0000] {processor.py:743} INFO - Processing file /home/airflow/.local/lib/python3.7/site-packages/airflow/example_dags/example_sla_dag.py for tasks to queue
[2026-09-30T21:14:37.286+0000] {logging_mixin.py:137} INFO - [2026-09-30T21:14:37.286+0000] {dagbag.py:538} INFO - Filling up the DagBag from /home/airflow/.local/lib/python3.7/site-packages/airflow/example_dags/example_sla_dag.py
[2026-09-30T21:14:37.317+0000] {processor.py:753} INFO - DAG(s) dict_keys(['example_sla_dag']) retrieved from /home/airflow/.local/lib/python3.7/site-packages/airflow/example_dags/example_sla_dag.py
[2026-09-30T21:14:37.369+0000] {logging_mixin.py:137} INFO - [2026-09-30T21:14:37.369+0000] {dag.py:2676} INFO - Sync 1 DAGs
[2026-09-30T21:14:37.408+0000] {logging_mixin.py:137} INFO - [2026-09-30T21:14:37.408+0000] {dag.py:3427} INFO - Setting next_dagrun for example_sla_dag to 2026-09-30T21:12:00+00:00, run_after=2026-09-30T21:14:00+00:00
[2026-09-30T21:14:37.433+0000] {processor.py:175} INFO - Processing /home/airflow/.local/lib/python3.7/site-packages/airflow/example_dags/example_sla_dag.py took 0.153 seconds
[2026-09-30T21:15:08.264+0000] {processor.py:153} INFO - Started process (PID=20736) to work on /home/airflow/.local/lib/python3.7/site-packages/airflow/example_dags/example_sla_dag.py
[2026-09-30T21:15:08.265+0000] {processor.py:743} INFO - Processing file /home/airflow/.local/lib/python3.7/site-packages/airflow/example_dags/example_sla_dag.py for tasks to queue
[2026-09-30T21:15:08.266+0000] {logging_mixin.py:137} INFO - [2026-09-30T21:15:08.266+0000] {dagbag.py:538} INFO - Filling up the DagBag from /home/airflow/.local/lib/python3.7/site-packages/airflow/example_dags/example_sla_dag.py
[2026-09-30T21:15:08.312+0000] {processor.py:753} INFO - DAG(s) dict_keys(['example_sla_dag']) retrieved from /home/airflow/.local/lib/python3.7/site-packages/airflow/example_dags/example_sla_dag.py
[2026-09-30T21:15:08.372+0000] {logging_mixin.py:137} INFO - [2026-09-30T21:15:08.372+0000] {dag.py:2676} INFO - Sync 1 DAGs
[2026-09-30T21:15:08.405+0000] {logging_mixin.py:137} INFO - [2026-09-30T21:15:08.405+0000] {dag.py:3427} INFO - Setting next_dagrun for example_sla_dag to 2026-09-30T21:12:00+00:00, run_after=2026-09-30T21:14:00+00:00
[2026-09-30T21:15:08.426+0000] {processor.py:175} INFO - Processing /home/airflow/.local/lib/python3.7/site-packages/airflow/example_dags/example_sla_dag.py took 0.170 seconds
[2026-09-30T21:15:38.946+0000] {processor.py:153} INFO - Started process (PID=20824) to work on /home/airflow/.local/lib/python3.7/site-packages/airflow/example_dags/example_sla_dag.py
[2026-09-30T21:15:38.948+0000] {processor.py:743} INFO - Processing file /home/airflow/.local/lib/python3.7/site-packages/airflow/example_dags/example_sla_dag.py for tasks to queue
[2026-09-30T21:15:38.948+0000] {logging_mixin.py:137} INFO - [2026-09-30T21:15:38.948+0000] {dagbag.py:538} INFO - Filling up the DagBag from /home/airflow/.local/lib/python3.7/site-packages/airflow/example_dags/example_sla_dag.py
[2026-09-30T21:15:38.979+0000] {processor.py:753} INFO - DAG(s) dict_keys(['example_sla_dag']) retrieved from /home/airflow/.local/lib/python3.7/site-packages/airflow/example_dags/example_sla_dag.py
[2026-09-30T21:15:39.031+0000] {logging_mixin.py:137} INFO - [2026-09-30T21:15:39.031+0000] {dag.py:2676} INFO - Sync 1 DAGs
[2026-09-30T21:15:39.066+0000] {logging_mixin.py:137} INFO - [2026-09-30T21:15:39.066+0000] {dag.py:3427} INFO - Setting next_dagrun for example_sla_dag to 2026-09-30T21:12:00+00:00, run_after=2026-09-30T21:14:00+00:00
[2026-09-30T21:15:39.089+0000] {processor.py:175} INFO - Processing /home/airflow/.local/lib/python3.7/site-packages/airflow/example_dags/example_sla_dag.py took 0.150 seconds
[2026-09-30T21:16:09.161+0000] {processor.py:153} INFO - Started process (PID=20914) to work on /home/airflow/.local/lib/python3.7/site-packages/airflow/example_dags/example_sla_dag.py
[2026-09-30T21:16:09.162+0000] {processor.py:743} INFO - Processing file /home/airflow/.local/lib/python3.7/site-packages/airflow/example_dags/example_sla_dag.py for tasks to queue
[2026-09-30T21:16:09.163+0000] {logging_mixin.py:137} INFO - [2026-09-30T21:16:09.163+0000] {dagbag.py:538} INFO - Filling up the DagBag from /home/airflow/.local/lib/python3.7/site-packages/airflow/example_dags/example_sla_dag.py
[2026-09-30T21:16:09.200+0000] {processor.py:753} INFO - DAG(s) dict_keys(['example_sla_dag']) retrieved from /home/airflow/.local/lib/python3.7/site-packages/airflow/example_dags/example_sla_dag.py
[2026-09-30T21:16:09.246+0000] {logging_mixin.py:137} INFO - [2026-09-30T21:16:09.246+0000] {dag.py:2676} INFO - Sync 1 DAGs
[2026-09-30T21:16:09.279+0000] {logging_mixin.py:137} INFO - [2026-09-30T21:16:09.279+0000] {dag.py:3427} INFO - Setting next_dagrun for example_sla_dag to 2026-09-30T21:14:00+00:00, run_after=2026-09-30T21:16:00+00:00
[2026-09-30T21:16:09.301+0000] {processor.py:175} INFO - Processing /home/airflow/.local/lib/python3.7/site-packages/airflow/example_dags/example_sla_dag.py took 0.147 seconds
[2026-09-30T21:16:39.411+0000] {processor.py:153} INFO - Started process (PID=20993) to work on /home/airflow/.local/lib/python3.7/site-packages/airflow/example_dags/example_sla_dag.py
[2026-09-30T21:16:39.413+0000] {processor.py:743} INFO - Processing file /home/airflow/.local/lib/python3.7/site-packages/airflow/example_dags/example_sla_dag.py for tasks to queue
[2026-09-30T21:16:39.414+0000] {logging_mixin.py:137} INFO - [2026-09-30T21:16:39.414+0000] {dagbag.py:538} INFO - Filling up the DagBag from /home/airflow/.local/lib/python3.7/site-packages/airflow/example_dags/example_sla_dag.py
[2026-09-30T21:16:39.462+0000] {processor.py:753} INFO - DAG(s) dict_keys(['example_sla_dag']) retrieved from /home/airflow/.local/lib/python3.7/site-packages/airflow/example_dags/example_sla_dag.py
[2026-09-30T21:16:39.525+0000] {logging_mixin.py:137} INFO - [2026-09-30T21:16:39.525+0000] {dag.py:2676} INFO - Sync 1 DAGs
[2026-09-30T21:16:39.566+0000] {logging_mixin.py:137} INFO - [2026-09-30T21:16:39.566+0000] {dag.py:3427} INFO - Setting next_dagrun for example_sla_dag to 2026-09-30T21:14:00+00:00, run_after=2026-09-30T21:16:00+00:00
[2026-09-30T21:16:39.588+0000] {processor.py:175} INFO - Processing /home/airflow/.local/lib/python3.7/site-packages/airflow/example_dags/example_sla_dag.py took 0.183 seconds
[2026-09-30T21:17:10.481+0000] {processor.py:153} INFO - Started process (PID=21072) to work on /home/airflow/.local/lib/python3.7/site-packages/airflow/example_dags/example_sla_dag.py
[2026-09-30T21:17:10.482+0000] {processor.py:743} INFO - Processing file /home/airflow/.local/lib/python3.7/site-packages/airflow/example_dags/example_sla_dag.py for tasks to queue
[2026-09-30T21:17:10.483+0000] {logging_mixin.py:137} INFO - [2026-09-30T21:17:10.483+0000] {dagbag.py:538} INFO - Filling up the DagBag from /home/airflow/.local/lib/python3.7/site-packages/airflow/example_dags/example_sla_dag.py
[2026-09-30T21:17:10.513+0000] {processor.py:753} INFO - DAG(s) dict_keys(['example_sla_dag']) retrieved from /home/airflow/.local/lib/python3.7/site-packages/airflow/example_dags/example_sla_dag.py
[2026-09-30T21:17:10.560+0000] {logging_mixin.py:137} INFO - [2026-09-30T21:17:10.560+0000] {dag.py:2676} INFO - Sync 1 DAGs
[2026-09-30T21:17:10.607+0000] {logging_mixin.py:137} INFO - [2026-09-30T21:17:10.607+0000] {dag.py:3427} INFO - Setting next_dagrun for example_sla_dag to 2026-09-30T21:14:00+00:00, run_after=2026-09-30T21:16:00+00:00
[2026-09-30T21:17:10.636+0000] {processor.py:175} INFO - Processing /home/airflow/.local/lib/python3.7/site-packages/airflow/example_dags/example_sla_dag.py took 0.159 seconds
[2026-09-30T21:17:41.173+0000] {processor.py:153} INFO - Started process (PID=21151) to work on /home/airflow/.local/lib/python3.7/site-packages/airflow/example_dags/example_sla_dag.py
[2026-09-30T21:17:41.174+0000] {processor.py:743} INFO - Processing file /home/airflow/.local/lib/python3.7/site-packages/airflow/example_dags/example_sla_dag.py for tasks to queue
[2026-09-30T21:17:41.175+0000] {logging_mixin.py:137} INFO - [2026-09-30T21:17:41.175+0000] {dagbag.py:538} INFO - Filling up the DagBag from /home/airflow/.local/lib/python3.7/site-packages/airflow/example_dags/example_sla_dag.py
[2026-09-30T21:17:41.207+0000] {processor.py:753} INFO - DAG(s) dict_keys(['example_sla_dag']) retrieved from /home/airflow/.local/lib/python3.7/site-packages/airflow/example_dags/example_sla_dag.py
[2026-09-30T21:17:41.259+0000] {logging_mixin.py:137} INFO - [2026-09-30T21:17:41.259+0000] {dag.py:2676} INFO - Sync 1 DAGs
[2026-09-30T21:17:41.301+0000] {logging_mixin.py:137} INFO - [2026-09-30T21:17:41.301+0000] {dag.py:3427} INFO - Setting next_dagrun for example_sla_dag to 2026-09-30T21:14:00+00:00, run_after=2026-09-30T21:16:00+00:00
[2026-09-30T21:17:41.328+0000] {processor.py:175} INFO - Processing /home/airflow/.local/lib/python3.7/site-packages/airflow/example_dags/example_sla_dag.py took 0.159 seconds
[2026-09-30T21:18:11.856+0000] {processor.py:153} INFO - Started process (PID=21250) to work on /home/airflow/.local/lib/python3.7/site-packages/airflow/example_dags/example_sla_dag.py
[2026-09-30T21:18:11.858+0000] {processor.py:743} INFO - Processing file /home/airflow/.local/lib/python3.7/site-packages/airflow/example_dags/example_sla_dag.py for tasks to queue
[2026-09-30T21:18:11.859+0000] {logging_mixin.py:137} INFO - [2026-09-30T21:18:11.859+0000] {dagbag.py:538} INFO - Filling up the DagBag from /home/airflow/.local/lib/python3.7/site-packages/airflow/example_dags/example_sla_dag.py
[2026-09-30T21:18:11.904+0000] {processor.py:753} INFO - DAG(s) dict_keys(['example_sla_dag']) retrieved from /home/airflow/.local/lib/python3.7/site-packages/airflow/example_dags/example_sla_dag.py
[2026-09-30T21:18:11.976+0000] {logging_mixin.py:137} INFO - [2026-09-30T21:18:11.976+0000] {dag.py:2676} INFO - Sync 1 DAGs
[2026-09-30T21:18:12.033+0000] {logging_mixin.py:137} INFO - [2026-09-30T21:18:12.032+0000] {dag.py:3427} INFO - Setting next_dagrun for example_sla_dag to 2026-09-30T21:16:00+00:00, run_after=2026-09-30T21:18:00+00:00
[2026-09-30T21:18:12.067+0000] {processor.py:175} INFO - Processing /home/airflow/.local/lib/python3.7/site-packages/airflow/example_dags/example_sla_dag.py took 0.219 seconds
[2026-09-30T21:18:42.657+0000] {processor.py:153} INFO - Started process (PID=21329) to work on /home/airflow/.local/lib/python3.7/site-packages/airflow/example_dags/example_sla_dag.py
[2026-09-30T21:18:42.658+0000] {processor.py:743} INFO - Processing file /home/airflow/.local/lib/python3.7/site-packages/airflow/example_dags/example_sla_dag.py for tasks to queue
[2026-09-30T21:18:42.659+0000] {logging_mixin.py:137} INFO - [2026-09-30T21:18:42.659+0000] {dagbag.py:538} INFO - Filling up the DagBag from /home/airflow/.local/lib/python3.7/site-packages/airflow/example_dags/example_sla_dag.py
[2026-09-30T21:18:42.687+0000] {processor.py:753} INFO - DAG(s) dict_keys(['example_sla_dag']) retrieved from /home/airflow/.local/lib/python3.7/site-packages/airflow/example_dags/example_sla_dag.py
[2026-09-30T21:18:42.734+0000] {logging_mixin.py:137} INFO - [2026-09-30T21:18:42.734+0000] {dag.py:2676} INFO - Sync 1 DAGs
[2026-09-30T21:18:42.773+0000] {logging_mixin.py:137} INFO - [2026-09-30T21:18:42.773+0000] {dag.py:3427} INFO - Setting next_dagrun for example_sla_dag to 2026-09-30T21:16:00+00:00, run_after=2026-09-30T21:18:00+00:00
[2026-09-30T21:18:42.801+0000] {processor.py:175} INFO - Processing /home/airflow/.local/lib/python3.7/site-packages/airflow/example_dags/example_sla_dag.py took 0.148 seconds
[2026-09-30T21:19:13.467+0000] {processor.py:153} INFO - Started process (PID=21408) to work on /home/airflow/.local/lib/python3.7/site-packages/airflow/example_dags/example_sla_dag.py
[2026-09-30T21:19:13.469+0000] {processor.py:743} INFO - Processing file /home/airflow/.local/lib/python3.7/site-packages/airflow/example_dags/example_sla_dag.py for tasks to queue
[2026-09-30T21:19:13.470+0000] {logging_mixin.py:137} INFO - [2026-09-30T21:19:13.470+0000] {dagbag.py:538} INFO - Filling up the DagBag from /home/airflow/.local/lib/python3.7/site-packages/airflow/example_dags/example_sla_dag.py
[2026-09-30T21:19:13.517+0000] {processor.py:753} INFO - DAG(s) dict_keys(['example_sla_dag']) retrieved from /home/airflow/.local/lib/python3.7/site-packages/airflow/example_dags/example_sla_dag.py
[2026-09-30T21:19:13.576+0000] {logging_mixin.py:137} INFO - [2026-09-30T21:19:13.576+0000] {dag.py:2676} INFO - Sync 1 DAGs
[2026-09-30T21:19:13.621+0000] {logging_mixin.py:137} INFO - [2026-09-30T21:19:13.621+0000] {dag.py:3427} INFO - Setting next_dagrun for example_sla_dag to 2026-09-30T21:16:00+00:00, run_after=2026-09-30T21:18:00+00:00
[2026-09-30T21:19:13.651+0000] {processor.py:175} INFO - Processing /home/airflow/.local/lib/python3.7/site-packages/airflow/example_dags/example_sla_dag.py took 0.190 seconds
[2026-09-30T21:19:43.693+0000] {processor.py:153} INFO - Started process (PID=21506) to work on /home/airflow/.local/lib/python3.7/site-packages/airflow/example_dags/example_sla_dag.py
[2026-09-30T21:19:43.694+0000] {processor.py:743} INFO - Processing file /home/airflow/.local/lib/python3.7/site-packages/airflow/example_dags/example_sla_dag.py for tasks to queue
[2026-09-30T21:19:43.695+0000] {logging_mixin.py:137} INFO - [2026-09-30T21:19:43.695+0000] {dagbag.py:538} INFO - Filling up the DagBag from /home/airflow/.local/lib/python3.7/site-packages/airflow/example_dags/example_sla_dag.py
[2026-09-30T21:19:43.740+0000] {processor.py:753} INFO - DAG(s) dict_keys(['example_sla_dag']) retrieved from /home/airflow/.local/lib/python3.7/site-packages/airflow/example_dags/example_sla_dag.py
[2026-09-30T21:19:43.794+0000] {logging_mixin.py:137} INFO - [2026-09-30T21:19:43.794+0000] {dag.py:2676} INFO - Sync 1 DAGs
[2026-09-30T21:19:43.841+0000] {logging_mixin.py:137} INFO - [2026-09-30T21:19:43.841+0000] {dag.py:3427} INFO - Setting next_dagrun for example_sla_dag to 2026-09-30T21:16:00+00:00, run_after=2026-09-30T21:18:00+00:00
[2026-09-30T21:19:43.867+0000] {processor.py:175} INFO - Processing /home/airflow/.local/lib/python3.7/site-packages/airflow/example_dags/example_sla_dag.py took 0.179 seconds
[2026-09-30T21:20:14.510+0000] {processor.py:153} INFO - Started process (PID=21586) to work on /home/airflow/.local/lib/python3.7/site-packages/airflow/example_dags/example_sla_dag.py
[2026-09-30T21:20:14.511+0000] {processor.py:743} INFO - Processing file /home/airflow/.local/lib/python3.7/site-packages/airflow/example_dags/example_sla_dag.py for tasks to queue
[2026-09-30T21:20:14.513+0000] {logging_mixin.py:137} INFO - [2026-09-30T21:20:14.512+0000] {dagbag.py:538} INFO - Filling up the DagBag from /home/airflow/.local/lib/python3.7/site-packages/airflow/example_dags/example_sla_dag.py
[2026-09-30T21:20:14.545+0000] {processor.py:753} INFO - DAG(s) dict_keys(['example_sla_dag']) retrieved from /home/airflow/.local/lib/python3.7/site-packages/airflow/example_dags/example_sla_dag.py
[2026-09-30T21:20:14.598+0000] {logging_mixin.py:137} INFO - [2026-09-30T21:20:14.597+0000] {dag.py:2676} INFO - Sync 1 DAGs
[2026-09-30T21:20:14.648+0000] {logging_mixin.py:137} INFO - [2026-09-30T21:20:14.648+0000] {dag.py:3427} INFO - Setting next_dagrun for example_sla_dag to 2026-09-30T21:18:00+00:00, run_after=2026-09-30T21:20:00+00:00
[2026-09-30T21:20:14.675+0000] {processor.py:175} INFO - Processing /home/airflow/.local/lib/python3.7/site-packages/airflow/example_dags/example_sla_dag.py took 0.173 seconds
[2026-09-30T21:20:44.724+0000] {processor.py:153} INFO - Started process (PID=21664) to work on /home/airflow/.local/lib/python3.7/site-packages/airflow/example_dags/example_sla_dag.py
[2026-09-30T21:20:44.725+0000] {processor.py:743} INFO - Processing file /home/airflow/.local/lib/python3.7/site-packages/airflow/example_dags/example_sla_dag.py for tasks to queue
[2026-09-30T21:20:44.726+0000] {logging_mixin.py:137} INFO - [2026-09-30T21:20:44.726+0000] {dagbag.py:538} INFO - Filling up the DagBag from /home/airflow/.local/lib/python3.7/site-packages/airflow/example_dags/example_sla_dag.py
[2026-09-30T21:20:44.757+0000] {processor.py:753} INFO - DAG(s) dict_keys(['example_sla_dag']) retrieved from /home/airflow/.local/lib/python3.7/site-packages/airflow/example_dags/example_sla_dag.py
[2026-09-30T21:20:44.808+0000] {logging_mixin.py:137} INFO - [2026-09-30T21:20:44.808+0000] {dag.py:2676} INFO - Sync 1 DAGs
[2026-09-30T21:20:44.848+0000] {logging_mixin.py:137} INFO - [2026-09-30T21:20:44.848+0000] {dag.py:3427} INFO - Setting next_dagrun for example_sla_dag to 2026-09-30T21:18:00+00:00, run_after=2026-09-30T21:20:00+00:00
[2026-09-30T21:20:44.872+0000] {processor.py:175} INFO - Processing /home/airflow/.local/lib/python3.7/site-packages/airflow/example_dags/example_sla_dag.py took 0.152 seconds
[2026-09-30T21:21:14.958+0000] {processor.py:153} INFO - Started process (PID=21750) to work on /home/airflow/.local/lib/python3.7/site-packages/airflow/example_dags/example_sla_dag.py
[2026-09-30T21:21:14.959+0000] {processor.py:743} INFO - Processing file /home/airflow/.local/lib/python3.7/site-packages/airflow/example_dags/example_sla_dag.py for tasks to queue
[2026-09-30T21:21:14.960+0000] {logging_mixin.py:137} INFO - [2026-09-30T21:21:14.960+0000] {dagbag.py:538} INFO - Filling up the DagBag from /home/airflow/.local/lib/python3.7/site-packages/airflow/example_dags/example_sla_dag.py
[2026-09-30T21:21:15.001+0000] {processor.py:753} INFO - DAG(s) dict_keys(['example_sla_dag']) retrieved from /home/airflow/.local/lib/python3.7/site-packages/airflow/example_dags/example_sla_dag.py
[2026-09-30T21:21:15.051+0000] {logging_mixin.py:137} INFO - [2026-09-30T21:21:15.051+0000] {dag.py:2676} INFO - Sync 1 DAGs
[2026-09-30T21:21:15.095+0000] {logging_mixin.py:137} INFO - [2026-09-30T21:21:15.095+0000] {dag.py:3427} INFO - Setting next_dagrun for example_sla_dag to 2026-09-30T21:18:00+00:00, run_after=2026-09-30T21:20:00+00:00
[2026-09-30T21:21:15.116+0000] {processor.py:175} INFO - Processing /home/airflow/.local/lib/python3.7/site-packages/airflow/example_dags/example_sla_dag.py took 0.162 seconds
[2026-09-30T21:21:45.282+0000] {processor.py:153} INFO - Started process (PID=21842) to work on /home/airflow/.local/lib/python3.7/site-packages/airflow/example_dags/example_sla_dag.py
[2026-09-30T21:21:45.284+0000] {processor.py:743} INFO - Processing file /home/airflow/.local/lib/python3.7/site-packages/airflow/example_dags/example_sla_dag.py for tasks to queue
[2026-09-30T21:21:45.286+0000] {logging_mixin.py:137} INFO - [2026-09-30T21:21:45.285+0000] {dagbag.py:538} INFO - Filling up the DagBag from /home/airflow/.local/lib/python3.7/site-packages/airflow/example_dags/example_sla_dag.py
[2026-09-30T21:21:45.322+0000] {processor.py:753} INFO - DAG(s) dict_keys(['example_sla_dag']) retrieved from /home/airflow/.local/lib/python3.7/site-packages/airflow/example_dags/example_sla_dag.py
[2026-09-30T21:21:45.372+0000] {logging_mixin.py:137} INFO - [2026-09-30T21:21:45.372+0000] {dag.py:2676} INFO - Sync 1 DAGs
[2026-09-30T21:21:45.410+0000] {logging_mixin.py:137} INFO - [2026-09-30T21:21:45.410+0000] {dag.py:3427} INFO - Setting next_dagrun for example_sla_dag to 2026-09-30T21:18:00+00:00, run_after=2026-09-30T21:20:00+00:00
[2026-09-30T21:21:45.431+0000] {processor.py:175} INFO - Processing /home/airflow/.local/lib/python3.7/site-packages/airflow/example_dags/example_sla_dag.py took 0.155 seconds
[2026-09-30T21:22:15.884+0000] {processor.py:153} INFO - Started process (PID=21921) to work on /home/airflow/.local/lib/python3.7/site-packages/airflow/example_dags/example_sla_dag.py
[2026-09-30T21:22:15.885+0000] {processor.py:743} INFO - Processing file /home/airflow/.local/lib/python3.7/site-packages/airflow/example_dags/example_sla_dag.py for tasks to queue
[2026-09-30T21:22:15.886+0000] {logging_mixin.py:137} INFO - [2026-09-30T21:22:15.886+0000] {dagbag.py:538} INFO - Filling up the DagBag from /home/airflow/.local/lib/python3.7/site-packages/airflow/example_dags/example_sla_dag.py
[2026-09-30T21:22:15.923+0000] {processor.py:753} INFO - DAG(s) dict_keys(['example_sla_dag']) retrieved from /home/airflow/.local/lib/python3.7/site-packages/airflow/example_dags/example_sla_dag.py
[2026-09-30T21:22:15.973+0000] {logging_mixin.py:137} INFO - [2026-09-30T21:22:15.972+0000] {dag.py:2676} INFO - Sync 1 DAGs
[2026-09-30T21:22:16.014+0000] {logging_mixin.py:137} INFO - [2026-09-30T21:22:16.013+0000] {dag.py:3427} INFO - Setting next_dagrun for example_sla_dag to 2026-09-30T21:20:00+00:00, run_after=2026-09-30T21:22:00+00:00
[2026-09-30T21:22:16.041+0000] {processor.py:175} INFO - Processing /home/airflow/.local/lib/python3.7/site-packages/airflow/example_dags/example_sla_dag.py took 0.161 seconds
[2026-09-30T21:22:46.960+0000] {processor.py:153} INFO - Started process (PID=22001) to work on /home/airflow/.local/lib/python3.7/site-packages/airflow/example_dags/example_sla_dag.py
[2026-09-30T21:22:46.962+0000] {processor.py:743} INFO - Processing file /home/airflow/.local/lib/python3.7/site-packages/airflow/example_dags/example_sla_dag.py for tasks to queue
[2026-09-30T21:22:46.963+0000] {logging_mixin.py:137} INFO - [2026-09-30T21:22:46.963+0000] {dagbag.py:538} INFO - Filling up the DagBag from /home/airflow/.local/lib/python3.7/site-packages/airflow/example_dags/example_sla_dag.py
[2026-09-30T21:22:46.994+0000] {processor.py:753} INFO - DAG(s) dict_keys(['example_sla_dag']) retrieved from /home/airflow/.local/lib/python3.7/site-packages/airflow/example_dags/example_sla_dag.py
[2026-09-30T21:22:47.041+0000] {logging_mixin.py:137} INFO - [2026-09-30T21:22:47.041+0000] {dag.py:2676} INFO - Sync 1 DAGs
[2026-09-30T21:22:47.082+0000] {logging_mixin.py:137} INFO - [2026-09-30T21:22:47.082+0000] {dag.py:3427} INFO - Setting next_dagrun for example_sla_dag to 2026-09-30T21:20:00+00:00, run_after=2026-09-30T21:22:00+00:00
[2026-09-30T21:22:47.105+0000] {processor.py:175} INFO - Processing /home/airflow/.local/lib/python3.7/site-packages/airflow/example_dags/example_sla_dag.py took 0.150 seconds
[2026-09-30T21:23:17.473+0000] {processor.py:153} INFO - Started process (PID=22087) to work on /home/airflow/.local/lib/python3.7/site-packages/airflow/example_dags/example_sla_dag.py
[2026-09-30T21:23:17.474+0000] {processor.py:743} INFO - Processing file /home/airflow/.local/lib/python3.7/site-packages/airflow/example_dags/example_sla_dag.py for tasks to queue
[2026-09-30T21:23:17.475+0000] {logging_mixin.py:137} INFO - [2026-09-30T21:23:17.475+0000] {dagbag.py:538} INFO - Filling up the DagBag from /home/airflow/.local/lib/python3.7/site-packages/airflow/example_dags/example_sla_dag.py
[2026-09-30T21:23:17.522+0000] {processor.py:753} INFO - DAG(s) dict_keys(['example_sla_dag']) retrieved from /home/airflow/.local/lib/python3.7/site-packages/airflow/example_dags/example_sla_dag.py
[2026-09-30T21:23:17.588+0000] {logging_mixin.py:137} INFO - [2026-09-30T21:23:17.588+0000] {dag.py:2676} INFO - Sync 1 DAGs
[2026-09-30T21:23:17.642+0000] {logging_mixin.py:137} INFO - [2026-09-30T21:23:17.642+0000] {dag.py:3427} INFO - Setting next_dagrun for example_sla_dag to 2026-09-30T21:20:00+00:00, run_after=2026-09-30T21:22:00+00:00
[2026-09-30T21:23:17.669+0000] {processor.py:175} INFO - Processing /home/airflow/.local/lib/python3.7/site-packages/airflow/example_dags/example_sla_dag.py took 0.201 seconds
[2026-09-30T21:23:47.823+0000] {processor.py:153} INFO - Started process (PID=22179) to work on /home/airflow/.local/lib/python3.7/site-packages/airflow/example_dags/example_sla_dag.py
[2026-09-30T21:23:47.824+0000] {processor.py:743} INFO - Processing file /home/airflow/.local/lib/python3.7/site-packages/airflow/example_dags/example_sla_dag.py for tasks to queue
[2026-09-30T21:23:47.824+0000] {logging_mixin.py:137} INFO - [2026-09-30T21:23:47.824+0000] {dagbag.py:538} INFO - Filling up the DagBag from /home/airflow/.local/lib/python3.7/site-packages/airflow/example_dags/example_sla_dag.py
[2026-09-30T21:23:47.847+0000] {processor.py:753} INFO - DAG(s) dict_keys(['example_sla_dag']) retrieved from /home/airflow/.local/lib/python3.7/site-packages/airflow/example_dags/example_sla_dag.py
[2026-09-30T21:23:47.882+0000] {logging_mixin.py:137} INFO - [2026-09-30T21:23:47.882+0000] {dag.py:2676} INFO - Sync 1 DAGs
[2026-09-30T21:23:47.907+0000] {logging_mixin.py:137} INFO - [2026-09-30T21:23:47.907+0000] {dag.py:3427} INFO - Setting next_dagrun for example_sla_dag to 2026-09-30T21:20:00+00:00, run_after=2026-09-30T21:22:00+00:00
[2026-09-30T21:23:47.921+0000] {processor.py:175} INFO - Processing /home/airflow/.local/lib/python3.7/site-packages/airflow/example_dags/example_sla_dag.py took 0.102 seconds
[2026-09-30T21:24:18.180+0000] {processor.py:153} INFO - Started process (PID=22259) to work on /home/airflow/.local/lib/python3.7/site-packages/airflow/example_dags/example_sla_dag.py
[2026-09-30T21:24:18.181+0000] {processor.py:743} INFO - Processing file /home/airflow/.local/lib/python3.7/site-packages/airflow/example_dags/example_sla_dag.py for tasks to queue
[2026-09-30T21:24:18.182+0000] {logging_mixin.py:137} INFO - [2026-09-30T21:24:18.182+0000] {dagbag.py:538} INFO - Filling up the DagBag from /home/airflow/.local/lib/python3.7/site-packages/airflow/example_dags/example_sla_dag.py
[2026-09-30T21:24:18.215+0000] {processor.py:753} INFO - DAG(s) dict_keys(['example_sla_dag']) retrieved from /home/airflow/.local/lib/python3.7/site-packages/airflow/example_dags/example_sla_dag.py
[2026-09-30T21:24:18.260+0000] {logging_mixin.py:137} INFO - [2026-09-30T21:24:18.260+0000] {dag.py:2676} INFO - Sync 1 DAGs
[2026-09-30T21:24:18.295+0000] {logging_mixin.py:137} INFO - [2026-09-30T21:24:18.295+0000] {dag.py:3427} INFO - Setting next_dagrun for example_sla_dag to 2026-09-30T21:22:00+00:00, run_after=2026-09-30T21:24:00+00:00
[2026-09-30T21:24:18.315+0000] {processor.py:175} INFO - Processing /home/airflow/.local/lib/python3.7/site-packages/airflow/example_dags/example_sla_dag.py took 0.138 seconds
[2026-09-30T21:24:48.523+0000] {processor.py:153} INFO - Started process (PID=22342) to work on /home/airflow/.local/lib/python3.7/site-packages/airflow/example_dags/example_sla_dag.py
[2026-09-30T21:24:48.524+0000] {processor.py:743} INFO - Processing file /home/airflow/.local/lib/python3.7/site-packages/airflow/example_dags/example_sla_dag.py for tasks to queue
[2026-09-30T21:24:48.525+0000] {logging_mixin.py:137} INFO - [2026-09-30T21:24:48.525+0000] {dagbag.py:538} INFO - Filling up the DagBag from /home/airflow/.local/lib/python3.7/site-packages/airflow/example_dags/example_sla_dag.py
[2026-09-30T21:24:48.555+0000] {processor.py:753} INFO - DAG(s) dict_keys(['example_sla_dag']) retrieved from /home/airflow/.local/lib/python3.7/site-packages/airflow/example_dags/example_sla_dag.py
[2026-09-30T21:24:48.601+0000] {logging_mixin.py:137} INFO - [2026-09-30T21:24:48.601+0000] {dag.py:2676} INFO - Sync 1 DAGs
[2026-09-30T21:24:48.638+0000] {logging_mixin.py:137} INFO - [2026-09-30T21:24:48.638+0000] {dag.py:3427} INFO - Setting next_dagrun for example_sla_dag to 2026-09-30T21:22:00+00:00, run_after=2026-09-30T21:24:00+00:00
[2026-09-30T21:24:48.659+0000] {processor.py:175} INFO - Processing /home/airflow/.local/lib/python3.7/site-packages/airflow/example_dags/example_sla_dag.py took 0.140 seconds
[2026-09-30T21:25:18.898+0000] {processor.py:153} INFO - Started process (PID=22436) to work on /home/airflow/.local/lib/python3.7/site-packages/airflow/example_dags/example_sla_dag.py
[2026-09-30T21:25:18.899+0000] {processor.py:743} INFO - Processing file /home/airflow/.local/lib/python3.7/site-packages/airflow/example_dags/example_sla_dag.py for tasks to queue
[2026-09-30T21:25:18.900+0000] {logging_mixin.py:137} INFO - [2026-09-30T21:25:18.900+0000] {dagbag.py:538} INFO - Filling up the DagBag from /home/airflow/.local/lib/python3.7/site-packages/airflow/example_dags/example_sla_dag.py
[2026-09-30T21:25:18.936+0000] {processor.py:753} INFO - DAG(s) dict_keys(['example_sla_dag']) retrieved from /home/airflow/.local/lib/python3.7/site-packages/airflow/example_dags/example_sla_dag.py
[2026-09-30T21:25:18.988+0000] {logging_mixin.py:137} INFO - [2026-09-30T21:25:18.988+0000] {dag.py:2676} INFO - Sync 1 DAGs
[2026-09-30T21:25:19.030+0000] {logging_mixin.py:137} INFO - [2026-09-30T21:25:19.030+0000] {dag.py:3427} INFO - Setting next_dagrun for example_sla_dag to 2026-09-30T21:22:00+00:00, run_after=2026-09-30T21:24:00+00:00
[2026-09-30T21:25:19.067+0000] {processor.py:175} INFO - Processing /home/airflow/.local/lib/python3.7/site-packages/airflow/example_dags/example_sla_dag.py took 0.173 seconds
[2026-09-30T21:25:49.242+0000] {processor.py:153} INFO - Started process (PID=22526) to work on /home/airflow/.local/lib/python3.7/site-packages/airflow/example_dags/example_sla_dag.py
[2026-09-30T21:25:49.243+0000] {processor.py:743} INFO - Processing file /home/airflow/.local/lib/python3.7/site-packages/airflow/example_dags/example_sla_dag.py for tasks to queue
[2026-09-30T21:25:49.244+0000] {logging_mixin.py:137} INFO - [2026-09-30T21:25:49.244+0000] {dagbag.py:538} INFO - Filling up the DagBag from /home/airflow/.local/lib/python3.7/site-packages/airflow/example_dags/example_sla_dag.py
[2026-09-30T21:25:49.285+0000] {processor.py:753} INFO - DAG(s) dict_keys(['example_sla_dag']) retrieved from /home/airflow/.local/lib/python3.7/site-packages/airflow/example_dags/example_sla_dag.py
[2026-09-30T21:25:49.344+0000] {logging_mixin.py:137} INFO - [2026-09-30T21:25:49.344+0000] {dag.py:2676} INFO - Sync 1 DAGs
[2026-09-30T21:25:49.380+0000] {logging_mixin.py:137} INFO - [2026-09-30T21:25:49.380+0000] {dag.py:3427} INFO - Setting next_dagrun for example_sla_dag to 2026-09-30T21:22:00+00:00, run_after=2026-09-30T21:24:00+00:00
[2026-09-30T21:25:49.403+0000] {processor.py:175} INFO - Processing /home/airflow/.local/lib/python3.7/site-packages/airflow/example_dags/example_sla_dag.py took 0.164 seconds
[2026-09-30T21:26:19.849+0000] {processor.py:153} INFO - Started process (PID=22605) to work on /home/airflow/.local/lib/python3.7/site-packages/airflow/example_dags/example_sla_dag.py
[2026-09-30T21:26:19.850+0000] {processor.py:743} INFO - Processing file /home/airflow/.local/lib/python3.7/site-packages/airflow/example_dags/example_sla_dag.py for tasks to queue
[2026-09-30T21:26:19.851+0000] {logging_mixin.py:137} INFO - [2026-09-30T21:26:19.851+0000] {dagbag.py:538} INFO - Filling up the DagBag from /home/airflow/.local/lib/python3.7/site-packages/airflow/example_dags/example_sla_dag.py
[2026-09-30T21:26:19.890+0000] {processor.py:753} INFO - DAG(s) dict_keys(['example_sla_dag']) retrieved from /home/airflow/.local/lib/python3.7/site-packages/airflow/example_dags/example_sla_dag.py
[2026-09-30T21:26:19.964+0000] {logging_mixin.py:137} INFO - [2026-09-30T21:26:19.964+0000] {dag.py:2676} INFO - Sync 1 DAGs
[2026-09-30T21:26:20.004+0000] {logging_mixin.py:137} INFO - [2026-09-30T21:26:20.003+0000] {dag.py:3427} INFO - Setting next_dagrun for example_sla_dag to 2026-09-30T21:24:00+00:00, run_after=2026-09-30T21:26:00+00:00
[2026-09-30T21:26:20.022+0000] {processor.py:175} INFO - Processing /home/airflow/.local/lib/python3.7/site-packages/airflow/example_dags/example_sla_dag.py took 0.177 seconds
[2026-09-30T21:26:50.641+0000] {processor.py:153} INFO - Started process (PID=22684) to work on /home/airflow/.local/lib/python3.7/site-packages/airflow/example_dags/example_sla_dag.py
[2026-09-30T21:26:50.642+0000] {processor.py:743} INFO - Processing file /home/airflow/.local/lib/python3.7/site-packages/airflow/example_dags/example_sla_dag.py for tasks to queue
[2026-09-30T21:26:50.643+0000] {logging_mixin.py:137} INFO - [2026-09-30T21:26:50.643+0000] {dagbag.py:538} INFO - Filling up the DagBag from /home/airflow/.local/lib/python3.7/site-packages/airflow/example_dags/example_sla_dag.py
[2026-09-30T21:26:50.681+0000] {processor.py:753} INFO - DAG(s) dict_keys(['example_sla_dag']) retrieved from /home/airflow/.local/lib/python3.7/site-packages/airflow/example_dags/example_sla_dag.py
[2026-09-30T21:26:50.747+0000] {logging_mixin.py:137} INFO - [2026-09-30T21:26:50.746+0000] {dag.py:2676} INFO - Sync 1 DAGs
[2026-09-30T21:26:50.788+0000] {logging_mixin.py:137} INFO - [2026-09-30T21:26:50.788+0000] {dag.py:3427} INFO - Setting next_dagrun for example_sla_dag to 2026-09-30T21:24:00+00:00, run_after=2026-09-30T21:26:00+00:00
[2026-09-30T21:26:50.811+0000] {processor.py:175} INFO - Processing /home/airflow/.local/lib/python3.7/site-packages/airflow/example_dags/example_sla_dag.py took 0.174 seconds
[2026-09-30T21:27:21.440+0000] {processor.py:153} INFO - Started process (PID=22787) to work on /home/airflow/.local/lib/python3.7/site-packages/airflow/example_dags/example_sla_dag.py
[2026-09-30T21:27:21.441+0000] {processor.py:743} INFO - Processing file /home/airflow/.local/lib/python3.7/site-packages/airflow/example_dags/example_sla_dag.py for tasks to queue
[2026-09-30T21:27:21.442+0000] {logging_mixin.py:137} INFO - [2026-09-30T21:27:21.442+0000] {dagbag.py:538} INFO - Filling up the DagBag from /home/airflow/.local/lib/python3.7/site-packages/airflow/example_dags/example_sla_dag.py
[2026-09-30T21:27:21.475+0000] {processor.py:753} INFO - DAG(s) dict_keys(['example_sla_dag']) retrieved from /home/airflow/.local/lib/python3.7/site-packages/airflow/example_dags/example_sla_dag.py
[2026-09-30T21:27:21.525+0000] {logging_mixin.py:137} INFO - [2026-09-30T21:27:21.525+0000] {dag.py:2676} INFO - Sync 1 DAGs
[2026-09-30T21:27:21.563+0000] {logging_mixin.py:137} INFO - [2026-09-30T21:27:21.563+0000] {dag.py:3427} INFO - Setting next_dagrun for example_sla_dag to 2026-09-30T21:24:00+00:00, run_after=2026-09-30T21:26:00+00:00
[2026-09-30T21:27:21.585+0000] {processor.py:175} INFO - Processing /home/airflow/.local/lib/python3.7/site-packages/airflow/example_dags/example_sla_dag.py took 0.149 seconds
[2026-09-30T21:27:52.168+0000] {processor.py:153} INFO - Started process (PID=22870) to work on /home/airflow/.local/lib/python3.7/site-packages/airflow/example_dags/example_sla_dag.py
[2026-09-30T21:27:52.169+0000] {processor.py:743} INFO - Processing file /home/airflow/.local/lib/python3.7/site-packages/airflow/example_dags/example_sla_dag.py for tasks to queue
[2026-09-30T21:27:52.170+0000] {logging_mixin.py:137} INFO - [2026-09-30T21:27:52.170+0000] {dagbag.py:538} INFO - Filling up the DagBag from /home/airflow/.local/lib/python3.7/site-packages/airflow/example_dags/example_sla_dag.py
[2026-09-30T21:27:52.200+0000] {processor.py:753} INFO - DAG(s) dict_keys(['example_sla_dag']) retrieved from /home/airflow/.local/lib/python3.7/site-packages/airflow/example_dags/example_sla_dag.py
[2026-09-30T21:27:52.245+0000] {logging_mixin.py:137} INFO - [2026-09-30T21:27:52.245+0000] {dag.py:2676} INFO - Sync 1 DAGs
[2026-09-30T21:27:52.284+0000] {logging_mixin.py:137} INFO - [2026-09-30T21:27:52.283+0000] {dag.py:3427} INFO - Setting next_dagrun for example_sla_dag to 2026-09-30T21:24:00+00:00, run_after=2026-09-30T21:26:00+00:00
[2026-09-30T21:27:52.309+0000] {processor.py:175} INFO - Processing /home/airflow/.local/lib/python3.7/site-packages/airflow/example_dags/example_sla_dag.py took 0.145 seconds
[2026-09-30T21:28:22.712+0000] {processor.py:153} INFO - Started process (PID=22973) to work on /home/airflow/.local/lib/python3.7/site-packages/airflow/example_dags/example_sla_dag.py
[2026-09-30T21:28:22.713+0000] {processor.py:743} INFO - Processing file /home/airflow/.local/lib/python3.7/site-packages/airflow/example_dags/example_sla_dag.py for tasks to queue
[2026-09-30T21:28:22.714+0000] {logging_mixin.py:137} INFO - [2026-09-30T21:28:22.714+0000] {dagbag.py:538} INFO - Filling up the DagBag from /home/airflow/.local/lib/python3.7/site-packages/airflow/example_dags/example_sla_dag.py
[2026-09-30T21:28:22.741+0000] {processor.py:753} INFO - DAG(s) dict_keys(['example_sla_dag']) retrieved from /home/airflow/.local/lib/python3.7/site-packages/airflow/example_dags/example_sla_dag.py
[2026-09-30T21:28:22.785+0000] {logging_mixin.py:137} INFO - [2026-09-30T21:28:22.785+0000] {dag.py:2676} INFO - Sync 1 DAGs
[2026-09-30T21:28:22.820+0000] {logging_mixin.py:137} INFO - [2026-09-30T21:28:22.820+0000] {dag.py:3427} INFO - Setting next_dagrun for example_sla_dag to 2026-09-30T21:26:00+00:00, run_after=2026-09-30T21:28:00+00:00
[2026-09-30T21:28:22.845+0000] {processor.py:175} INFO - Processing /home/airflow/.local/lib/python3.7/site-packages/airflow/example_dags/example_sla_dag.py took 0.137 seconds
[2026-09-30T21:28:53.102+0000] {processor.py:153} INFO - Started process (PID=23056) to work on /home/airflow/.local/lib/python3.7/site-packages/airflow/example_dags/example_sla_dag.py
[2026-09-30T21:28:53.103+0000] {processor.py:743} INFO - Processing file /home/airflow/.local/lib/python3.7/site-packages/airflow/example_dags/example_sla_dag.py for tasks to queue
[2026-09-30T21:28:53.104+0000] {logging_mixin.py:137} INFO - [2026-09-30T21:28:53.103+0000] {dagbag.py:538} INFO - Filling up the DagBag from /home/airflow/.local/lib/python3.7/site-packages/airflow/example_dags/example_sla_dag.py
[2026-09-30T21:28:53.134+0000] {processor.py:753} INFO - DAG(s) dict_keys(['example_sla_dag']) retrieved from /home/airflow/.local/lib/python3.7/site-packages/airflow/example_dags/example_sla_dag.py
[2026-09-30T21:28:53.181+0000] {logging_mixin.py:137} INFO - [2026-09-30T21:28:53.180+0000] {dag.py:2676} INFO - Sync 1 DAGs
[2026-09-30T21:28:53.220+0000] {logging_mixin.py:137} INFO - [2026-09-30T21:28:53.220+0000] {dag.py:3427} INFO - Setting next_dagrun for example_sla_dag to 2026-09-30T21:26:00+00:00, run_after=2026-09-30T21:28:00+00:00
[2026-09-30T21:28:53.241+0000] {processor.py:175} INFO - Processing /home/airflow/.local/lib/python3.7/site-packages/airflow/example_dags/example_sla_dag.py took 0.143 seconds
[2026-09-30T21:29:23.441+0000] {processor.py:153} INFO - Started process (PID=23140) to work on /home/airflow/.local/lib/python3.7/site-packages/airflow/example_dags/example_sla_dag.py
[2026-09-30T21:29:23.442+0000] {processor.py:743} INFO - Processing file /home/airflow/.local/lib/python3.7/site-packages/airflow/example_dags/example_sla_dag.py for tasks to queue
[2026-09-30T21:29:23.443+0000] {logging_mixin.py:137} INFO - [2026-09-30T21:29:23.443+0000] {dagbag.py:538} INFO - Filling up the DagBag from /home/airflow/.local/lib/python3.7/site-packages/airflow/example_dags/example_sla_dag.py
[2026-09-30T21:29:23.480+0000] {processor.py:753} INFO - DAG(s) dict_keys(['example_sla_dag']) retrieved from /home/airflow/.local/lib/python3.7/site-packages/airflow/example_dags/example_sla_dag.py
[2026-09-30T21:29:23.542+0000] {logging_mixin.py:137} INFO - [2026-09-30T21:29:23.541+0000] {dag.py:2676} INFO - Sync 1 DAGs
[2026-09-30T21:29:23.583+0000] {logging_mixin.py:137} INFO - [2026-09-30T21:29:23.583+0000] {dag.py:3427} INFO - Setting next_dagrun for example_sla_dag to 2026-09-30T21:26:00+00:00, run_after=2026-09-30T21:28:00+00:00
[2026-09-30T21:29:23.604+0000] {processor.py:175} INFO - Processing /home/airflow/.local/lib/python3.7/site-packages/airflow/example_dags/example_sla_dag.py took 0.166 seconds
[2026-09-30T21:29:54.131+0000] {processor.py:153} INFO - Started process (PID=23242) to work on /home/airflow/.local/lib/python3.7/site-packages/airflow/example_dags/example_sla_dag.py
[2026-09-30T21:29:54.133+0000] {processor.py:743} INFO - Processing file /home/airflow/.local/lib/python3.7/site-packages/airflow/example_dags/example_sla_dag.py for tasks to queue
[2026-09-30T21:29:54.133+0000] {logging_mixin.py:137} INFO - [2026-09-30T21:29:54.133+0000] {dagbag.py:538} INFO - Filling up the DagBag from /home/airflow/.local/lib/python3.7/site-packages/airflow/example_dags/example_sla_dag.py
[2026-09-30T21:29:54.166+0000] {processor.py:753} INFO - DAG(s) dict_keys(['example_sla_dag']) retrieved from /home/airflow/.local/lib/python3.7/site-packages/airflow/example_dags/example_sla_dag.py
[2026-09-30T21:29:54.222+0000] {logging_mixin.py:137} INFO - [2026-09-30T21:29:54.222+0000] {dag.py:2676} INFO - Sync 1 DAGs
[2026-09-30T21:29:54.266+0000] {logging_mixin.py:137} INFO - [2026-09-30T21:29:54.266+0000] {dag.py:3427} INFO - Setting next_dagrun for example_sla_dag to 2026-09-30T21:26:00+00:00, run_after=2026-09-30T21:28:00+00:00
[2026-09-30T21:29:54.300+0000] {processor.py:175} INFO - Processing /home/airflow/.local/lib/python3.7/site-packages/airflow/example_dags/example_sla_dag.py took 0.173 seconds
[2026-09-30T21:30:24.540+0000] {processor.py:153} INFO - Started process (PID=23323) to work on /home/airflow/.local/lib/python3.7/site-packages/airflow/example_dags/example_sla_dag.py
[2026-09-30T21:30:24.541+0000] {processor.py:743} INFO - Processing file /home/airflow/.local/lib/python3.7/site-packages/airflow/example_dags/example_sla_dag.py for tasks to queue
[2026-09-30T21:30:24.542+0000] {logging_mixin.py:137} INFO - [2026-09-30T21:30:24.542+0000] {dagbag.py:538} INFO - Filling up the DagBag from /home/airflow/.local/lib/python3.7/site-packages/airflow/example_dags/example_sla_dag.py
[2026-09-30T21:30:24.591+0000] {processor.py:753} INFO - DAG(s) dict_keys(['example_sla_dag']) retrieved from /home/airflow/.local/lib/python3.7/site-packages/airflow/example_dags/example_sla_dag.py
[2026-09-30T21:30:24.655+0000] {logging_mixin.py:137} INFO - [2026-09-30T21:30:24.655+0000] {dag.py:2676} INFO - Sync 1 DAGs
[2026-09-30T21:30:24.699+0000] {logging_mixin.py:137} INFO - [2026-09-30T21:30:24.699+0000] {dag.py:3427} INFO - Setting next_dagrun for example_sla_dag to 2026-09-30T21:28:00+00:00, run_after=2026-09-30T21:30:00+00:00
[2026-09-30T21:30:24.727+0000] {processor.py:175} INFO - Processing /home/airflow/.local/lib/python3.7/site-packages/airflow/example_dags/example_sla_dag.py took 0.194 seconds
[2026-09-30T21:30:54.844+0000] {processor.py:153} INFO - Started process (PID=23405) to work on /home/airflow/.local/lib/python3.7/site-packages/airflow/example_dags/example_sla_dag.py
[2026-09-30T21:30:54.845+0000] {processor.py:743} INFO - Processing file /home/airflow/.local/lib/python3.7/site-packages/airflow/example_dags/example_sla_dag.py for tasks to queue
[2026-09-30T21:30:54.846+0000] {logging_mixin.py:137} INFO - [2026-09-30T21:30:54.846+0000] {dagbag.py:538} INFO - Filling up the DagBag from /home/airflow/.local/lib/python3.7/site-packages/airflow/example_dags/example_sla_dag.py
[2026-09-30T21:30:54.879+0000] {processor.py:753} INFO - DAG(s) dict_keys(['example_sla_dag']) retrieved from /home/airflow/.local/lib/python3.7/site-packages/airflow/example_dags/example_sla_dag.py
[2026-09-30T21:30:54.929+0000] {logging_mixin.py:137} INFO - [2026-09-30T21:30:54.928+0000] {dag.py:2676} INFO - Sync 1 DAGs
[2026-09-30T21:30:54.968+0000] {logging_mixin.py:137} INFO - [2026-09-30T21:30:54.968+0000] {dag.py:3427} INFO - Setting next_dagrun for example_sla_dag to 2026-09-30T21:28:00+00:00, run_after=2026-09-30T21:30:00+00:00
[2026-09-30T21:30:54.989+0000] {processor.py:175} INFO - Processing /home/airflow/.local/lib/python3.7/site-packages/airflow/example_dags/example_sla_dag.py took 0.151 seconds
[2026-09-30T21:31:25.553+0000] {processor.py:153} INFO - Started process (PID=23493) to work on /home/airflow/.local/lib/python3.7/site-packages/airflow/example_dags/example_sla_dag.py
[2026-09-30T21:31:25.554+0000] {processor.py:743} INFO - Processing file /home/airflow/.local/lib/python3.7/site-packages/airflow/example_dags/example_sla_dag.py for tasks to queue
[2026-09-30T21:31:25.555+0000] {logging_mixin.py:137} INFO - [2026-09-30T21:31:25.555+0000] {dagbag.py:538} INFO - Filling up the DagBag from /home/airflow/.local/lib/python3.7/site-packages/airflow/example_dags/example_sla_dag.py
[2026-09-30T21:31:25.588+0000] {processor.py:753} INFO - DAG(s) dict_keys(['example_sla_dag']) retrieved from /home/airflow/.local/lib/python3.7/site-packages/airflow/example_dags/example_sla_dag.py
[2026-09-30T21:31:25.636+0000] {logging_mixin.py:137} INFO - [2026-09-30T21:31:25.636+0000] {dag.py:2676} INFO - Sync 1 DAGs
[2026-09-30T21:31:25.673+0000] {logging_mixin.py:137} INFO - [2026-09-30T21:31:25.673+0000] {dag.py:3427} INFO - Setting next_dagrun for example_sla_dag to 2026-09-30T21:28:00+00:00, run_after=2026-09-30T21:30:00+00:00
[2026-09-30T21:31:25.695+0000] {processor.py:175} INFO - Processing /home/airflow/.local/lib/python3.7/site-packages/airflow/example_dags/example_sla_dag.py took 0.148 seconds
[2026-09-30T21:31:56.140+0000] {processor.py:153} INFO - Started process (PID=23585) to work on /home/airflow/.local/lib/python3.7/site-packages/airflow/example_dags/example_sla_dag.py
[2026-09-30T21:31:56.141+0000] {processor.py:743} INFO - Processing file /home/airflow/.local/lib/python3.7/site-packages/airflow/example_dags/example_sla_dag.py for tasks to queue
[2026-09-30T21:31:56.142+0000] {logging_mixin.py:137} INFO - [2026-09-30T21:31:56.142+0000] {dagbag.py:538} INFO - Filling up the DagBag from /home/airflow/.local/lib/python3.7/site-packages/airflow/example_dags/example_sla_dag.py
[2026-09-30T21:31:56.165+0000] {processor.py:753} INFO - DAG(s) dict_keys(['example_sla_dag']) retrieved from /home/airflow/.local/lib/python3.7/site-packages/airflow/example_dags/example_sla_dag.py
[2026-09-30T21:31:56.198+0000] {logging_mixin.py:137} INFO - [2026-09-30T21:31:56.198+0000] {dag.py:2676} INFO - Sync 1 DAGs
[2026-09-30T21:31:56.225+0000] {logging_mixin.py:137} INFO - [2026-09-30T21:31:56.225+0000] {dag.py:3427} INFO - Setting next_dagrun for example_sla_dag to 2026-09-30T21:28:00+00:00, run_after=2026-09-30T21:30:00+00:00
[2026-09-30T21:31:56.241+0000] {processor.py:175} INFO - Processing /home/airflow/.local/lib/python3.7/site-packages/airflow/example_dags/example_sla_dag.py took 0.104 seconds
[2026-09-30T21:32:27.437+0000] {processor.py:153} INFO - Started process (PID=23664) to work on /home/airflow/.local/lib/python3.7/site-packages/airflow/example_dags/example_sla_dag.py
[2026-09-30T21:32:27.438+0000] {processor.py:743} INFO - Processing file /home/airflow/.local/lib/python3.7/site-packages/airflow/example_dags/example_sla_dag.py for tasks to queue
[2026-09-30T21:32:27.439+0000] {logging_mixin.py:137} INFO - [2026-09-30T21:32:27.439+0000] {dagbag.py:538} INFO - Filling up the DagBag from /home/airflow/.local/lib/python3.7/site-packages/airflow/example_dags/example_sla_dag.py
[2026-09-30T21:32:27.477+0000] {processor.py:753} INFO - DAG(s) dict_keys(['example_sla_dag']) retrieved from /home/airflow/.local/lib/python3.7/site-packages/airflow/example_dags/example_sla_dag.py
[2026-09-30T21:32:27.538+0000] {logging_mixin.py:137} INFO - [2026-09-30T21:32:27.537+0000] {dag.py:2676} INFO - Sync 1 DAGs
[2026-09-30T21:32:27.575+0000] {logging_mixin.py:137} INFO - [2026-09-30T21:32:27.575+0000] {dag.py:3427} INFO - Setting next_dagrun for example_sla_dag to 2026-09-30T21:30:00+00:00, run_after=2026-09-30T21:32:00+00:00
[2026-09-30T21:32:27.597+0000] {processor.py:175} INFO - Processing /home/airflow/.local/lib/python3.7/site-packages/airflow/example_dags/example_sla_dag.py took 0.168 seconds
[2026-09-30T21:32:57.885+0000] {processor.py:153} INFO - Started process (PID=23755) to work on /home/airflow/.local/lib/python3.7/site-packages/airflow/example_dags/example_sla_dag.py
[2026-09-30T21:32:57.886+0000] {processor.py:743} INFO - Processing file /home/airflow/.local/lib/python3.7/site-packages/airflow/example_dags/example_sla_dag.py for tasks to queue
[2026-09-30T21:32:57.887+0000] {logging_mixin.py:137} INFO - [2026-09-30T21:32:57.887+0000] {dagbag.py:538} INFO - Filling up the DagBag from /home/airflow/.local/lib/python3.7/site-packages/airflow/example_dags/example_sla_dag.py
[2026-09-30T21:32:57.955+0000] {processor.py:753} INFO - DAG(s) dict_keys(['example_sla_dag']) retrieved from /home/airflow/.local/lib/python3.7/site-packages/airflow/example_dags/example_sla_dag.py
[2026-09-30T21:32:58.029+0000] {logging_mixin.py:137} INFO - [2026-09-30T21:32:58.028+0000] {dag.py:2676} INFO - Sync 1 DAGs
[2026-09-30T21:32:58.102+0000] {logging_mixin.py:137} INFO - [2026-09-30T21:32:58.102+0000] {dag.py:3427} INFO - Setting next_dagrun for example_sla_dag to 2026-09-30T21:30:00+00:00, run_after=2026-09-30T21:32:00+00:00
[2026-09-30T21:32:58.134+0000] {processor.py:175} INFO - Processing /home/airflow/.local/lib/python3.7/site-packages/airflow/example_dags/example_sla_dag.py took 0.254 seconds
[2026-09-30T21:33:29.016+0000] {processor.py:153} INFO - Started process (PID=23853) to work on /home/airflow/.local/lib/python3.7/site-packages/airflow/example_dags/example_sla_dag.py
[2026-09-30T21:33:29.017+0000] {processor.py:743} INFO - Processing file /home/airflow/.local/lib/python3.7/site-packages/airflow/example_dags/example_sla_dag.py for tasks to queue
[2026-09-30T21:33:29.019+0000] {logging_mixin.py:137} INFO - [2026-09-30T21:33:29.018+0000] {dagbag.py:538} INFO - Filling up the DagBag from /home/airflow/.local/lib/python3.7/site-packages/airflow/example_dags/example_sla_dag.py
[2026-09-30T21:33:29.053+0000] {processor.py:753} INFO - DAG(s) dict_keys(['example_sla_dag']) retrieved from /home/airflow/.local/lib/python3.7/site-packages/airflow/example_dags/example_sla_dag.py
[2026-09-30T21:33:29.106+0000] {logging_mixin.py:137} INFO - [2026-09-30T21:33:29.106+0000] {dag.py:2676} INFO - Sync 1 DAGs
[2026-09-30T21:33:29.158+0000] {logging_mixin.py:137} INFO - [2026-09-30T21:33:29.158+0000] {dag.py:3427} INFO - Setting next_dagrun for example_sla_dag to 2026-09-30T21:30:00+00:00, run_after=2026-09-30T21:32:00+00:00
[2026-09-30T21:33:29.184+0000] {processor.py:175} INFO - Processing /home/airflow/.local/lib/python3.7/site-packages/airflow/example_dags/example_sla_dag.py took 0.172 seconds
[2026-09-30T21:33:59.755+0000] {processor.py:153} INFO - Started process (PID=23937) to work on /home/airflow/.local/lib/python3.7/site-packages/airflow/example_dags/example_sla_dag.py
[2026-09-30T21:33:59.756+0000] {processor.py:743} INFO - Processing file /home/airflow/.local/lib/python3.7/site-packages/airflow/example_dags/example_sla_dag.py for tasks to queue
[2026-09-30T21:33:59.757+0000] {logging_mixin.py:137} INFO - [2026-09-30T21:33:59.757+0000] {dagbag.py:538} INFO - Filling up the DagBag from /home/airflow/.local/lib/python3.7/site-packages/airflow/example_dags/example_sla_dag.py
[2026-09-30T21:33:59.806+0000] {processor.py:753} INFO - DAG(s) dict_keys(['example_sla_dag']) retrieved from /home/airflow/.local/lib/python3.7/site-packages/airflow/example_dags/example_sla_dag.py
[2026-09-30T21:33:59.875+0000] {logging_mixin.py:137} INFO - [2026-09-30T21:33:59.874+0000] {dag.py:2676} INFO - Sync 1 DAGs
[2026-09-30T21:33:59.934+0000] {logging_mixin.py:137} INFO - [2026-09-30T21:33:59.934+0000] {dag.py:3427} INFO - Setting next_dagrun for example_sla_dag to 2026-09-30T21:30:00+00:00, run_after=2026-09-30T21:32:00+00:00
[2026-09-30T21:33:59.956+0000] {processor.py:175} INFO - Processing /home/airflow/.local/lib/python3.7/site-packages/airflow/example_dags/example_sla_dag.py took 0.205 seconds
[2026-09-30T21:34:30.946+0000] {processor.py:153} INFO - Started process (PID=24043) to work on /home/airflow/.local/lib/python3.7/site-packages/airflow/example_dags/example_sla_dag.py
[2026-09-30T21:34:30.948+0000] {processor.py:743} INFO - Processing file /home/airflow/.local/lib/python3.7/site-packages/airflow/example_dags/example_sla_dag.py for tasks to queue
[2026-09-30T21:34:30.949+0000] {logging_mixin.py:137} INFO - [2026-09-30T21:34:30.949+0000] {dagbag.py:538} INFO - Filling up the DagBag from /home/airflow/.local/lib/python3.7/site-packages/airflow/example_dags/example_sla_dag.py
[2026-09-30T21:34:30.987+0000] {processor.py:753} INFO - DAG(s) dict_keys(['example_sla_dag']) retrieved from /home/airflow/.local/lib/python3.7/site-packages/airflow/example_dags/example_sla_dag.py
[2026-09-30T21:34:31.039+0000] {logging_mixin.py:137} INFO - [2026-09-30T21:34:31.038+0000] {dag.py:2676} INFO - Sync 1 DAGs
[2026-09-30T21:34:31.074+0000] {logging_mixin.py:137} INFO - [2026-09-30T21:34:31.074+0000] {dag.py:3427} INFO - Setting next_dagrun for example_sla_dag to 2026-09-30T21:32:00+00:00, run_after=2026-09-30T21:34:00+00:00
[2026-09-30T21:34:31.105+0000] {processor.py:175} INFO - Processing /home/airflow/.local/lib/python3.7/site-packages/airflow/example_dags/example_sla_dag.py took 0.164 seconds
[2026-09-30T21:35:01.805+0000] {processor.py:153} INFO - Started process (PID=24127) to work on /home/airflow/.local/lib/python3.7/site-packages/airflow/example_dags/example_sla_dag.py
[2026-09-30T21:35:01.806+0000] {processor.py:743} INFO - Processing file /home/airflow/.local/lib/python3.7/site-packages/airflow/example_dags/example_sla_dag.py for tasks to queue
[2026-09-30T21:35:01.807+0000] {logging_mixin.py:137} INFO - [2026-09-30T21:35:01.807+0000] {dagbag.py:538} INFO - Filling up the DagBag from /home/airflow/.local/lib/python3.7/site-packages/airflow/example_dags/example_sla_dag.py
[2026-09-30T21:35:01.832+0000] {processor.py:753} INFO - DAG(s) dict_keys(['example_sla_dag']) retrieved from /home/airflow/.local/lib/python3.7/site-packages/airflow/example_dags/example_sla_dag.py
[2026-09-30T21:35:01.869+0000] {logging_mixin.py:137} INFO - [2026-09-30T21:35:01.869+0000] {dag.py:2676} INFO - Sync 1 DAGs
[2026-09-30T21:35:01.896+0000] {logging_mixin.py:137} INFO - [2026-09-30T21:35:01.896+0000] {dag.py:3427} INFO - Setting next_dagrun for example_sla_dag to 2026-09-30T21:32:00+00:00, run_after=2026-09-30T21:34:00+00:00
[2026-09-30T21:35:01.911+0000] {processor.py:175} INFO - Processing /home/airflow/.local/lib/python3.7/site-packages/airflow/example_dags/example_sla_dag.py took 0.108 seconds
[2026-09-30T21:35:33.037+0000] {processor.py:153} INFO - Started process (PID=24206) to work on /home/airflow/.local/lib/python3.7/site-packages/airflow/example_dags/example_sla_dag.py
[2026-09-30T21:35:33.038+0000] {processor.py:743} INFO - Processing file /home/airflow/.local/lib/python3.7/site-packages/airflow/example_dags/example_sla_dag.py for tasks to queue
[2026-09-30T21:35:33.039+0000] {logging_mixin.py:137} INFO - [2026-09-30T21:35:33.039+0000] {dagbag.py:538} INFO - Filling up the DagBag from /home/airflow/.local/lib/python3.7/site-packages/airflow/example_dags/example_sla_dag.py
[2026-09-30T21:35:33.073+0000] {processor.py:753} INFO - DAG(s) dict_keys(['example_sla_dag']) retrieved from /home/airflow/.local/lib/python3.7/site-packages/airflow/example_dags/example_sla_dag.py
[2026-09-30T21:35:33.130+0000] {logging_mixin.py:137} INFO - [2026-09-30T21:35:33.130+0000] {dag.py:2676} INFO - Sync 1 DAGs
[2026-09-30T21:35:33.166+0000] {logging_mixin.py:137} INFO - [2026-09-30T21:35:33.166+0000] {dag.py:3427} INFO - Setting next_dagrun for example_sla_dag to 2026-09-30T21:32:00+00:00, run_after=2026-09-30T21:34:00+00:00
[2026-09-30T21:35:33.192+0000] {processor.py:175} INFO - Processing /home/airflow/.local/lib/python3.7/site-packages/airflow/example_dags/example_sla_dag.py took 0.159 seconds
[2026-09-30T21:36:03.393+0000] {processor.py:153} INFO - Started process (PID=24305) to work on /home/airflow/.local/lib/python3.7/site-packages/airflow/example_dags/example_sla_dag.py
[2026-09-30T21:36:03.394+0000] {processor.py:743} INFO - Processing file /home/airflow/.local/lib/python3.7/site-packages/airflow/example_dags/example_sla_dag.py for tasks to queue
[2026-09-30T21:36:03.395+0000] {logging_mixin.py:137} INFO - [2026-09-30T21:36:03.395+0000] {dagbag.py:538} INFO - Filling up the DagBag from /home/airflow/.local/lib/python3.7/site-packages/airflow/example_dags/example_sla_dag.py
[2026-09-30T21:36:03.430+0000] {processor.py:753} INFO - DAG(s) dict_keys(['example_sla_dag']) retrieved from /home/airflow/.local/lib/python3.7/site-packages/airflow/example_dags/example_sla_dag.py
[2026-09-30T21:36:03.485+0000] {logging_mixin.py:137} INFO - [2026-09-30T21:36:03.485+0000] {dag.py:2676} INFO - Sync 1 DAGs
[2026-09-30T21:36:03.540+0000] {logging_mixin.py:137} INFO - [2026-09-30T21:36:03.540+0000] {dag.py:3427} INFO - Setting next_dagrun for example_sla_dag to 2026-09-30T21:34:00+00:00, run_after=2026-09-30T21:36:00+00:00
[2026-09-30T21:36:03.570+0000] {processor.py:175} INFO - Processing /home/airflow/.local/lib/python3.7/site-packages/airflow/example_dags/example_sla_dag.py took 0.181 seconds
[2026-09-30T21:36:33.910+0000] {processor.py:153} INFO - Started process (PID=24385) to work on /home/airflow/.local/lib/python3.7/site-packages/airflow/example_dags/example_sla_dag.py
[2026-09-30T21:36:33.912+0000] {processor.py:743} INFO - Processing file /home/airflow/.local/lib/python3.7/site-packages/airflow/example_dags/example_sla_dag.py for tasks to queue
[2026-09-30T21:36:33.913+0000] {logging_mixin.py:137} INFO - [2026-09-30T21:36:33.913+0000] {dagbag.py:538} INFO - Filling up the DagBag from /home/airflow/.local/lib/python3.7/site-packages/airflow/example_dags/example_sla_dag.py
[2026-09-30T21:36:33.950+0000] {processor.py:753} INFO - DAG(s) dict_keys(['example_sla_dag']) retrieved from /home/airflow/.local/lib/python3.7/site-packages/airflow/example_dags/example_sla_dag.py
[2026-09-30T21:36:34.008+0000] {logging_mixin.py:137} INFO - [2026-09-30T21:36:34.008+0000] {dag.py:2676} INFO - Sync 1 DAGs
[2026-09-30T21:36:34.041+0000] {logging_mixin.py:137} INFO - [2026-09-30T21:36:34.041+0000] {dag.py:3427} INFO - Setting next_dagrun for example_sla_dag to 2026-09-30T21:34:00+00:00, run_after=2026-09-30T21:36:00+00:00
[2026-09-30T21:36:34.060+0000] {processor.py:175} INFO - Processing /home/airflow/.local/lib/python3.7/site-packages/airflow/example_dags/example_sla_dag.py took 0.155 seconds
[2026-09-30T21:37:04.127+0000] {processor.py:153} INFO - Started process (PID=24464) to work on /home/airflow/.local/lib/python3.7/site-packages/airflow/example_dags/example_sla_dag.py
[2026-09-30T21:37:04.129+0000] {processor.py:743} INFO - Processing file /home/airflow/.local/lib/python3.7/site-packages/airflow/example_dags/example_sla_dag.py for tasks to queue
[2026-09-30T21:37:04.130+0000] {logging_mixin.py:137} INFO - [2026-09-30T21:37:04.129+0000] {dagbag.py:538} INFO - Filling up the DagBag from /home/airflow/.local/lib/python3.7/site-packages/airflow/example_dags/example_sla_dag.py
[2026-09-30T21:37:04.178+0000] {processor.py:753} INFO - DAG(s) dict_keys(['example_sla_dag']) retrieved from /home/airflow/.local/lib/python3.7/site-packages/airflow/example_dags/example_sla_dag.py
[2026-09-30T21:37:04.229+0000] {logging_mixin.py:137} INFO - [2026-09-30T21:37:04.229+0000] {dag.py:2676} INFO - Sync 1 DAGs
[2026-09-30T21:37:04.264+0000] {logging_mixin.py:137} INFO - [2026-09-30T21:37:04.264+0000] {dag.py:3427} INFO - Setting next_dagrun for example_sla_dag to 2026-09-30T21:34:00+00:00, run_after=2026-09-30T21:36:00+00:00
[2026-09-30T21:37:04.291+0000] {processor.py:175} INFO - Processing /home/airflow/.local/lib/python3.7/site-packages/airflow/example_dags/example_sla_dag.py took 0.171 seconds
[2026-09-30T21:37:34.433+0000] {processor.py:153} INFO - Started process (PID=24543) to work on /home/airflow/.local/lib/python3.7/site-packages/airflow/example_dags/example_sla_dag.py
[2026-09-30T21:37:34.434+0000] {processor.py:743} INFO - Processing file /home/airflow/.local/lib/python3.7/site-packages/airflow/example_dags/example_sla_dag.py for tasks to queue
[2026-09-30T21:37:34.435+0000] {logging_mixin.py:137} INFO - [2026-09-30T21:37:34.435+0000] {dagbag.py:538} INFO - Filling up the DagBag from /home/airflow/.local/lib/python3.7/site-packages/airflow/example_dags/example_sla_dag.py
[2026-09-30T21:37:34.476+0000] {processor.py:753} INFO - DAG(s) dict_keys(['example_sla_dag']) retrieved from /home/airflow/.local/lib/python3.7/site-packages/airflow/example_dags/example_sla_dag.py
[2026-09-30T21:37:34.546+0000] {logging_mixin.py:137} INFO - [2026-09-30T21:37:34.546+0000] {dag.py:2676} INFO - Sync 1 DAGs
[2026-09-30T21:37:34.587+0000] {logging_mixin.py:137} INFO - [2026-09-30T21:37:34.587+0000] {dag.py:3427} INFO - Setting next_dagrun for example_sla_dag to 2026-09-30T21:34:00+00:00, run_after=2026-09-30T21:36:00+00:00
[2026-09-30T21:37:34.614+0000] {processor.py:175} INFO - Processing /home/airflow/.local/lib/python3.7/site-packages/airflow/example_dags/example_sla_dag.py took 0.185 seconds
[2026-09-30T21:38:04.677+0000] {processor.py:153} INFO - Started process (PID=24641) to work on /home/airflow/.local/lib/python3.7/site-packages/airflow/example_dags/example_sla_dag.py
[2026-09-30T21:38:04.678+0000] {processor.py:743} INFO - Processing file /home/airflow/.local/lib/python3.7/site-packages/airflow/example_dags/example_sla_dag.py for tasks to queue
[2026-09-30T21:38:04.678+0000] {logging_mixin.py:137} INFO - [2026-09-30T21:38:04.678+0000] {dagbag.py:538} INFO - Filling up the DagBag from /home/airflow/.local/lib/python3.7/site-packages/airflow/example_dags/example_sla_dag.py
[2026-09-30T21:38:04.709+0000] {processor.py:753} INFO - DAG(s) dict_keys(['example_sla_dag']) retrieved from /home/airflow/.local/lib/python3.7/site-packages/airflow/example_dags/example_sla_dag.py
[2026-09-30T21:38:04.755+0000] {logging_mixin.py:137} INFO - [2026-09-30T21:38:04.755+0000] {dag.py:2676} INFO - Sync 1 DAGs
[2026-09-30T21:38:04.796+0000] {logging_mixin.py:137} INFO - [2026-09-30T21:38:04.796+0000] {dag.py:3427} INFO - Setting next_dagrun for example_sla_dag to 2026-09-30T21:36:00+00:00, run_after=2026-09-30T21:38:00+00:00
[2026-09-30T21:38:04.820+0000] {processor.py:175} INFO - Processing /home/airflow/.local/lib/python3.7/site-packages/airflow/example_dags/example_sla_dag.py took 0.147 seconds
[2026-09-30T21:38:35.808+0000] {processor.py:153} INFO - Started process (PID=24721) to work on /home/airflow/.local/lib/python3.7/site-packages/airflow/example_dags/example_sla_dag.py
[2026-09-30T21:38:35.810+0000] {processor.py:743} INFO - Processing file /home/airflow/.local/lib/python3.7/site-packages/airflow/example_dags/example_sla_dag.py for tasks to queue
[2026-09-30T21:38:35.810+0000] {logging_mixin.py:137} INFO - [2026-09-30T21:38:35.810+0000] {dagbag.py:538} INFO - Filling up the DagBag from /home/airflow/.local/lib/python3.7/site-packages/airflow/example_dags/example_sla_dag.py
[2026-09-30T21:38:35.843+0000] {processor.py:753} INFO - DAG(s) dict_keys(['example_sla_dag']) retrieved from /home/airflow/.local/lib/python3.7/site-packages/airflow/example_dags/example_sla_dag.py
[2026-09-30T21:38:35.905+0000] {logging_mixin.py:137} INFO - [2026-09-30T21:38:35.905+0000] {dag.py:2676} INFO - Sync 1 DAGs
[2026-09-30T21:38:35.946+0000] {logging_mixin.py:137} INFO - [2026-09-30T21:38:35.945+0000] {dag.py:3427} INFO - Setting next_dagrun for example_sla_dag to 2026-09-30T21:36:00+00:00, run_after=2026-09-30T21:38:00+00:00
[2026-09-30T21:38:35.969+0000] {processor.py:175} INFO - Processing /home/airflow/.local/lib/python3.7/site-packages/airflow/example_dags/example_sla_dag.py took 0.164 seconds
[2026-09-30T21:39:06.478+0000] {processor.py:153} INFO - Started process (PID=24800) to work on /home/airflow/.local/lib/python3.7/site-packages/airflow/example_dags/example_sla_dag.py
[2026-09-30T21:39:06.479+0000] {processor.py:743} INFO - Processing file /home/airflow/.local/lib/python3.7/site-packages/airflow/example_dags/example_sla_dag.py for tasks to queue
[2026-09-30T21:39:06.480+0000] {logging_mixin.py:137} INFO - [2026-09-30T21:39:06.480+0000] {dagbag.py:538} INFO - Filling up the DagBag from /home/airflow/.local/lib/python3.7/site-packages/airflow/example_dags/example_sla_dag.py
[2026-09-30T21:39:06.515+0000] {processor.py:753} INFO - DAG(s) dict_keys(['example_sla_dag']) retrieved from /home/airflow/.local/lib/python3.7/site-packages/airflow/example_dags/example_sla_dag.py
[2026-09-30T21:39:06.563+0000] {logging_mixin.py:137} INFO - [2026-09-30T21:39:06.563+0000] {dag.py:2676} INFO - Sync 1 DAGs
[2026-09-30T21:39:06.601+0000] {logging_mixin.py:137} INFO - [2026-09-30T21:39:06.601+0000] {dag.py:3427} INFO - Setting next_dagrun for example_sla_dag to 2026-09-30T21:36:00+00:00, run_after=2026-09-30T21:38:00+00:00
[2026-09-30T21:39:06.623+0000] {processor.py:175} INFO - Processing /home/airflow/.local/lib/python3.7/site-packages/airflow/example_dags/example_sla_dag.py took 0.149 seconds
[2026-09-30T21:39:37.389+0000] {processor.py:153} INFO - Started process (PID=24899) to work on /home/airflow/.local/lib/python3.7/site-packages/airflow/example_dags/example_sla_dag.py
[2026-09-30T21:39:37.390+0000] {processor.py:743} INFO - Processing file /home/airflow/.local/lib/python3.7/site-packages/airflow/example_dags/example_sla_dag.py for tasks to queue
[2026-09-30T21:39:37.392+0000] {logging_mixin.py:137} INFO - [2026-09-30T21:39:37.391+0000] {dagbag.py:538} INFO - Filling up the DagBag from /home/airflow/.local/lib/python3.7/site-packages/airflow/example_dags/example_sla_dag.py
[2026-09-30T21:39:37.450+0000] {processor.py:753} INFO - DAG(s) dict_keys(['example_sla_dag']) retrieved from /home/airflow/.local/lib/python3.7/site-packages/airflow/example_dags/example_sla_dag.py
[2026-09-30T21:39:37.500+0000] {logging_mixin.py:137} INFO - [2026-09-30T21:39:37.500+0000] {dag.py:2676} INFO - Sync 1 DAGs
[2026-09-30T21:39:37.534+0000] {logging_mixin.py:137} INFO - [2026-09-30T21:39:37.534+0000] {dag.py:3427} INFO - Setting next_dagrun for example_sla_dag to 2026-09-30T21:36:00+00:00, run_after=2026-09-30T21:38:00+00:00
[2026-09-30T21:39:37.559+0000] {processor.py:175} INFO - Processing /home/airflow/.local/lib/python3.7/site-packages/airflow/example_dags/example_sla_dag.py took 0.176 seconds
[2026-09-30T21:40:08.320+0000] {processor.py:153} INFO - Started process (PID=24978) to work on /home/airflow/.local/lib/python3.7/site-packages/airflow/example_dags/example_sla_dag.py
[2026-09-30T21:40:08.321+0000] {processor.py:743} INFO - Processing file /home/airflow/.local/lib/python3.7/site-packages/airflow/example_dags/example_sla_dag.py for tasks to queue
[2026-09-30T21:40:08.322+0000] {logging_mixin.py:137} INFO - [2026-09-30T21:40:08.322+0000] {dagbag.py:538} INFO - Filling up the DagBag from /home/airflow/.local/lib/python3.7/site-packages/airflow/example_dags/example_sla_dag.py
[2026-09-30T21:40:08.358+0000] {processor.py:753} INFO - DAG(s) dict_keys(['example_sla_dag']) retrieved from /home/airflow/.local/lib/python3.7/site-packages/airflow/example_dags/example_sla_dag.py
[2026-09-30T21:40:08.415+0000] {logging_mixin.py:137} INFO - [2026-09-30T21:40:08.415+0000] {dag.py:2676} INFO - Sync 1 DAGs
[2026-09-30T21:40:08.469+0000] {logging_mixin.py:137} INFO - [2026-09-30T21:40:08.468+0000] {dag.py:3427} INFO - Setting next_dagrun for example_sla_dag to 2026-09-30T21:38:00+00:00, run_after=2026-09-30T21:40:00+00:00
[2026-09-30T21:40:08.491+0000] {processor.py:175} INFO - Processing /home/airflow/.local/lib/python3.7/site-packages/airflow/example_dags/example_sla_dag.py took 0.174 seconds
[2026-09-30T21:40:39.232+0000] {processor.py:153} INFO - Started process (PID=25058) to work on /home/airflow/.local/lib/python3.7/site-packages/airflow/example_dags/example_sla_dag.py
[2026-09-30T21:40:39.234+0000] {processor.py:743} INFO - Processing file /home/airflow/.local/lib/python3.7/site-packages/airflow/example_dags/example_sla_dag.py for tasks to queue
[2026-09-30T21:40:39.234+0000] {logging_mixin.py:137} INFO - [2026-09-30T21:40:39.234+0000] {dagbag.py:538} INFO - Filling up the DagBag from /home/airflow/.local/lib/python3.7/site-packages/airflow/example_dags/example_sla_dag.py
[2026-09-30T21:40:39.282+0000] {processor.py:753} INFO - DAG(s) dict_keys(['example_sla_dag']) retrieved from /home/airflow/.local/lib/python3.7/site-packages/airflow/example_dags/example_sla_dag.py
[2026-09-30T21:40:39.346+0000] {logging_mixin.py:137} INFO - [2026-09-30T21:40:39.346+0000] {dag.py:2676} INFO - Sync 1 DAGs
[2026-09-30T21:40:39.386+0000] {logging_mixin.py:137} INFO - [2026-09-30T21:40:39.386+0000] {dag.py:3427} INFO - Setting next_dagrun for example_sla_dag to 2026-09-30T21:38:00+00:00, run_after=2026-09-30T21:40:00+00:00
[2026-09-30T21:40:39.415+0000] {processor.py:175} INFO - Processing /home/airflow/.local/lib/python3.7/site-packages/airflow/example_dags/example_sla_dag.py took 0.186 seconds
[2026-09-30T21:41:09.649+0000] {processor.py:153} INFO - Started process (PID=25137) to work on /home/airflow/.local/lib/python3.7/site-packages/airflow/example_dags/example_sla_dag.py
[2026-09-30T21:41:09.651+0000] {processor.py:743} INFO - Processing file /home/airflow/.local/lib/python3.7/site-packages/airflow/example_dags/example_sla_dag.py for tasks to queue
[2026-09-30T21:41:09.652+0000] {logging_mixin.py:137} INFO - [2026-09-30T21:41:09.652+0000] {dagbag.py:538} INFO - Filling up the DagBag from /home/airflow/.local/lib/python3.7/site-packages/airflow/example_dags/example_sla_dag.py
[2026-09-30T21:41:09.701+0000] {processor.py:753} INFO - DAG(s) dict_keys(['example_sla_dag']) retrieved from /home/airflow/.local/lib/python3.7/site-packages/airflow/example_dags/example_sla_dag.py
[2026-09-30T21:41:09.764+0000] {logging_mixin.py:137} INFO - [2026-09-30T21:41:09.764+0000] {dag.py:2676} INFO - Sync 1 DAGs
[2026-09-30T21:41:09.808+0000] {logging_mixin.py:137} INFO - [2026-09-30T21:41:09.808+0000] {dag.py:3427} INFO - Setting next_dagrun for example_sla_dag to 2026-09-30T21:38:00+00:00, run_after=2026-09-30T21:40:00+00:00
[2026-09-30T21:41:09.829+0000] {processor.py:175} INFO - Processing /home/airflow/.local/lib/python3.7/site-packages/airflow/example_dags/example_sla_dag.py took 0.186 seconds
[2026-09-30T21:41:40.223+0000] {processor.py:153} INFO - Started process (PID=25239) to work on /home/airflow/.local/lib/python3.7/site-packages/airflow/example_dags/example_sla_dag.py
[2026-09-30T21:41:40.224+0000] {processor.py:743} INFO - Processing file /home/airflow/.local/lib/python3.7/site-packages/airflow/example_dags/example_sla_dag.py for tasks to queue
[2026-09-30T21:41:40.225+0000] {logging_mixin.py:137} INFO - [2026-09-30T21:41:40.225+0000] {dagbag.py:538} INFO - Filling up the DagBag from /home/airflow/.local/lib/python3.7/site-packages/airflow/example_dags/example_sla_dag.py
[2026-09-30T21:41:40.258+0000] {processor.py:753} INFO - DAG(s) dict_keys(['example_sla_dag']) retrieved from /home/airflow/.local/lib/python3.7/site-packages/airflow/example_dags/example_sla_dag.py
[2026-09-30T21:41:40.306+0000] {logging_mixin.py:137} INFO - [2026-09-30T21:41:40.306+0000] {dag.py:2676} INFO - Sync 1 DAGs
[2026-09-30T21:41:40.350+0000] {logging_mixin.py:137} INFO - [2026-09-30T21:41:40.350+0000] {dag.py:3427} INFO - Setting next_dagrun for example_sla_dag to 2026-09-30T21:38:00+00:00, run_after=2026-09-30T21:40:00+00:00
[2026-09-30T21:41:40.371+0000] {processor.py:175} INFO - Processing /home/airflow/.local/lib/python3.7/site-packages/airflow/example_dags/example_sla_dag.py took 0.152 seconds
[2026-09-30T21:42:10.548+0000] {processor.py:153} INFO - Started process (PID=25318) to work on /home/airflow/.local/lib/python3.7/site-packages/airflow/example_dags/example_sla_dag.py
[2026-09-30T21:42:10.549+0000] {processor.py:743} INFO - Processing file /home/airflow/.local/lib/python3.7/site-packages/airflow/example_dags/example_sla_dag.py for tasks to queue
[2026-09-30T21:42:10.549+0000] {logging_mixin.py:137} INFO - [2026-09-30T21:42:10.549+0000] {dagbag.py:538} INFO - Filling up the DagBag from /home/airflow/.local/lib/python3.7/site-packages/airflow/example_dags/example_sla_dag.py
[2026-09-30T21:42:10.581+0000] {processor.py:753} INFO - DAG(s) dict_keys(['example_sla_dag']) retrieved from /home/airflow/.local/lib/python3.7/site-packages/airflow/example_dags/example_sla_dag.py
[2026-09-30T21:42:10.631+0000] {logging_mixin.py:137} INFO - [2026-09-30T21:42:10.631+0000] {dag.py:2676} INFO - Sync 1 DAGs
[2026-09-30T21:42:10.668+0000] {logging_mixin.py:137} INFO - [2026-09-30T21:42:10.667+0000] {dag.py:3427} INFO - Setting next_dagrun for example_sla_dag to 2026-09-30T21:40:00+00:00, run_after=2026-09-30T21:42:00+00:00
[2026-09-30T21:42:10.689+0000] {processor.py:175} INFO - Processing /home/airflow/.local/lib/python3.7/site-packages/airflow/example_dags/example_sla_dag.py took 0.145 seconds
[2026-09-30T21:42:41.057+0000] {processor.py:153} INFO - Started process (PID=25402) to work on /home/airflow/.local/lib/python3.7/site-packages/airflow/example_dags/example_sla_dag.py
[2026-09-30T21:42:41.059+0000] {processor.py:743} INFO - Processing file /home/airflow/.local/lib/python3.7/site-packages/airflow/example_dags/example_sla_dag.py for tasks to queue
[2026-09-30T21:42:41.060+0000] {logging_mixin.py:137} INFO - [2026-09-30T21:42:41.060+0000] {dagbag.py:538} INFO - Filling up the DagBag from /home/airflow/.local/lib/python3.7/site-packages/airflow/example_dags/example_sla_dag.py
[2026-09-30T21:42:41.096+0000] {processor.py:753} INFO - DAG(s) dict_keys(['example_sla_dag']) retrieved from /home/airflow/.local/lib/python3.7/site-packages/airflow/example_dags/example_sla_dag.py
[2026-09-30T21:42:41.143+0000] {logging_mixin.py:137} INFO - [2026-09-30T21:42:41.143+0000] {dag.py:2676} INFO - Sync 1 DAGs
[2026-09-30T21:42:41.181+0000] {logging_mixin.py:137} INFO - [2026-09-30T21:42:41.181+0000] {dag.py:3427} INFO - Setting next_dagrun for example_sla_dag to 2026-09-30T21:40:00+00:00, run_after=2026-09-30T21:42:00+00:00
[2026-09-30T21:42:41.203+0000] {processor.py:175} INFO - Processing /home/airflow/.local/lib/python3.7/site-packages/airflow/example_dags/example_sla_dag.py took 0.150 seconds
[2026-09-30T21:43:11.294+0000] {processor.py:153} INFO - Started process (PID=25490) to work on /home/airflow/.local/lib/python3.7/site-packages/airflow/example_dags/example_sla_dag.py
[2026-09-30T21:43:11.295+0000] {processor.py:743} INFO - Processing file /home/airflow/.local/lib/python3.7/site-packages/airflow/example_dags/example_sla_dag.py for tasks to queue
[2026-09-30T21:43:11.296+0000] {logging_mixin.py:137} INFO - [2026-09-30T21:43:11.296+0000] {dagbag.py:538} INFO - Filling up the DagBag from /home/airflow/.local/lib/python3.7/site-packages/airflow/example_dags/example_sla_dag.py
[2026-09-30T21:43:11.329+0000] {processor.py:753} INFO - DAG(s) dict_keys(['example_sla_dag']) retrieved from /home/airflow/.local/lib/python3.7/site-packages/airflow/example_dags/example_sla_dag.py
[2026-09-30T21:43:11.379+0000] {logging_mixin.py:137} INFO - [2026-09-30T21:43:11.379+0000] {dag.py:2676} INFO - Sync 1 DAGs
[2026-09-30T21:43:11.415+0000] {logging_mixin.py:137} INFO - [2026-09-30T21:43:11.415+0000] {dag.py:3427} INFO - Setting next_dagrun for example_sla_dag to 2026-09-30T21:40:00+00:00, run_after=2026-09-30T21:42:00+00:00
[2026-09-30T21:43:11.438+0000] {processor.py:175} INFO - Processing /home/airflow/.local/lib/python3.7/site-packages/airflow/example_dags/example_sla_dag.py took 0.148 seconds
[2026-09-30T21:43:41.665+0000] {processor.py:153} INFO - Started process (PID=25581) to work on /home/airflow/.local/lib/python3.7/site-packages/airflow/example_dags/example_sla_dag.py
[2026-09-30T21:43:41.667+0000] {processor.py:743} INFO - Processing file /home/airflow/.local/lib/python3.7/site-packages/airflow/example_dags/example_sla_dag.py for tasks to queue
[2026-09-30T21:43:41.668+0000] {logging_mixin.py:137} INFO - [2026-09-30T21:43:41.667+0000] {dagbag.py:538} INFO - Filling up the DagBag from /home/airflow/.local/lib/python3.7/site-packages/airflow/example_dags/example_sla_dag.py
[2026-09-30T21:43:41.702+0000] {processor.py:753} INFO - DAG(s) dict_keys(['example_sla_dag']) retrieved from /home/airflow/.local/lib/python3.7/site-packages/airflow/example_dags/example_sla_dag.py
[2026-09-30T21:43:41.751+0000] {logging_mixin.py:137} INFO - [2026-09-30T21:43:41.751+0000] {dag.py:2676} INFO - Sync 1 DAGs
[2026-09-30T21:43:41.791+0000] {logging_mixin.py:137} INFO - [2026-09-30T21:43:41.790+0000] {dag.py:3427} INFO - Setting next_dagrun for example_sla_dag to 2026-09-30T21:40:00+00:00, run_after=2026-09-30T21:42:00+00:00
[2026-09-30T21:43:41.812+0000] {processor.py:175} INFO - Processing /home/airflow/.local/lib/python3.7/site-packages/airflow/example_dags/example_sla_dag.py took 0.152 seconds
[2026-09-30T21:44:12.210+0000] {processor.py:153} INFO - Started process (PID=25664) to work on /home/airflow/.local/lib/python3.7/site-packages/airflow/example_dags/example_sla_dag.py
[2026-09-30T21:44:12.211+0000] {processor.py:743} INFO - Processing file /home/airflow/.local/lib/python3.7/site-packages/airflow/example_dags/example_sla_dag.py for tasks to queue
[2026-09-30T21:44:12.212+0000] {logging_mixin.py:137} INFO - [2026-09-30T21:44:12.212+0000] {dagbag.py:538} INFO - Filling up the DagBag from /home/airflow/.local/lib/python3.7/site-packages/airflow/example_dags/example_sla_dag.py
[2026-09-30T21:44:12.256+0000] {processor.py:753} INFO - DAG(s) dict_keys(['example_sla_dag']) retrieved from /home/airflow/.local/lib/python3.7/site-packages/airflow/example_dags/example_sla_dag.py
[2026-09-30T21:44:12.302+0000] {logging_mixin.py:137} INFO - [2026-09-30T21:44:12.301+0000] {dag.py:2676} INFO - Sync 1 DAGs
[2026-09-30T21:44:12.337+0000] {logging_mixin.py:137} INFO - [2026-09-30T21:44:12.337+0000] {dag.py:3427} INFO - Setting next_dagrun for example_sla_dag to 2026-09-30T21:42:00+00:00, run_after=2026-09-30T21:44:00+00:00
[2026-09-30T21:44:12.358+0000] {processor.py:175} INFO - Processing /home/airflow/.local/lib/python3.7/site-packages/airflow/example_dags/example_sla_dag.py took 0.154 seconds
[2026-09-30T21:44:42.674+0000] {processor.py:153} INFO - Started process (PID=25745) to work on /home/airflow/.local/lib/python3.7/site-packages/airflow/example_dags/example_sla_dag.py
[2026-09-30T21:44:42.676+0000] {processor.py:743} INFO - Processing file /home/airflow/.local/lib/python3.7/site-packages/airflow/example_dags/example_sla_dag.py for tasks to queue
[2026-09-30T21:44:42.677+0000] {logging_mixin.py:137} INFO - [2026-09-30T21:44:42.677+0000] {dagbag.py:538} INFO - Filling up the DagBag from /home/airflow/.local/lib/python3.7/site-packages/airflow/example_dags/example_sla_dag.py
[2026-09-30T21:44:42.713+0000] {processor.py:753} INFO - DAG(s) dict_keys(['example_sla_dag']) retrieved from /home/airflow/.local/lib/python3.7/site-packages/airflow/example_dags/example_sla_dag.py
[2026-09-30T21:44:42.763+0000] {logging_mixin.py:137} INFO - [2026-09-30T21:44:42.763+0000] {dag.py:2676} INFO - Sync 1 DAGs
[2026-09-30T21:44:42.797+0000] {logging_mixin.py:137} INFO - [2026-09-30T21:44:42.797+0000] {dag.py:3427} INFO - Setting next_dagrun for example_sla_dag to 2026-09-30T21:42:00+00:00, run_after=2026-09-30T21:44:00+00:00
[2026-09-30T21:44:42.819+0000] {processor.py:175} INFO - Processing /home/airflow/.local/lib/python3.7/site-packages/airflow/example_dags/example_sla_dag.py took 0.150 seconds
[2026-09-30T21:45:13.681+0000] {processor.py:153} INFO - Started process (PID=25845) to work on /home/airflow/.local/lib/python3.7/site-packages/airflow/example_dags/example_sla_dag.py
[2026-09-30T21:45:13.682+0000] {processor.py:743} INFO - Processing file /home/airflow/.local/lib/python3.7/site-packages/airflow/example_dags/example_sla_dag.py for tasks to queue
[2026-09-30T21:45:13.684+0000] {logging_mixin.py:137} INFO - [2026-09-30T21:45:13.683+0000] {dagbag.py:538} INFO - Filling up the DagBag from /home/airflow/.local/lib/python3.7/site-packages/airflow/example_dags/example_sla_dag.py
[2026-09-30T21:45:13.740+0000] {processor.py:753} INFO - DAG(s) dict_keys(['example_sla_dag']) retrieved from /home/airflow/.local/lib/python3.7/site-packages/airflow/example_dags/example_sla_dag.py
[2026-09-30T21:45:13.804+0000] {logging_mixin.py:137} INFO - [2026-09-30T21:45:13.804+0000] {dag.py:2676} INFO - Sync 1 DAGs
[2026-09-30T21:45:13.840+0000] {logging_mixin.py:137} INFO - [2026-09-30T21:45:13.840+0000] {dag.py:3427} INFO - Setting next_dagrun for example_sla_dag to 2026-09-30T21:42:00+00:00, run_after=2026-09-30T21:44:00+00:00
[2026-09-30T21:45:13.864+0000] {processor.py:175} INFO - Processing /home/airflow/.local/lib/python3.7/site-packages/airflow/example_dags/example_sla_dag.py took 0.187 seconds
[2026-09-30T21:45:44.022+0000] {processor.py:153} INFO - Started process (PID=25925) to work on /home/airflow/.local/lib/python3.7/site-packages/airflow/example_dags/example_sla_dag.py
[2026-09-30T21:45:44.024+0000] {processor.py:743} INFO - Processing file /home/airflow/.local/lib/python3.7/site-packages/airflow/example_dags/example_sla_dag.py for tasks to queue
[2026-09-30T21:45:44.026+0000] {logging_mixin.py:137} INFO - [2026-09-30T21:45:44.026+0000] {dagbag.py:538} INFO - Filling up the DagBag from /home/airflow/.local/lib/python3.7/site-packages/airflow/example_dags/example_sla_dag.py
[2026-09-30T21:45:44.059+0000] {processor.py:753} INFO - DAG(s) dict_keys(['example_sla_dag']) retrieved from /home/airflow/.local/lib/python3.7/site-packages/airflow/example_dags/example_sla_dag.py
[2026-09-30T21:45:44.108+0000] {logging_mixin.py:137} INFO - [2026-09-30T21:45:44.108+0000] {dag.py:2676} INFO - Sync 1 DAGs
[2026-09-30T21:45:44.153+0000] {logging_mixin.py:137} INFO - [2026-09-30T21:45:44.152+0000] {dag.py:3427} INFO - Setting next_dagrun for example_sla_dag to 2026-09-30T21:42:00+00:00, run_after=2026-09-30T21:44:00+00:00
[2026-09-30T21:45:44.183+0000] {processor.py:175} INFO - Processing /home/airflow/.local/lib/python3.7/site-packages/airflow/example_dags/example_sla_dag.py took 0.164 seconds
[2026-09-30T21:46:14.436+0000] {processor.py:153} INFO - Started process (PID=26004) to work on /home/airflow/.local/lib/python3.7/site-packages/airflow/example_dags/example_sla_dag.py
[2026-09-30T21:46:14.437+0000] {processor.py:743} INFO - Processing file /home/airflow/.local/lib/python3.7/site-packages/airflow/example_dags/example_sla_dag.py for tasks to queue
[2026-09-30T21:46:14.439+0000] {logging_mixin.py:137} INFO - [2026-09-30T21:46:14.438+0000] {dagbag.py:538} INFO - Filling up the DagBag from /home/airflow/.local/lib/python3.7/site-packages/airflow/example_dags/example_sla_dag.py
[2026-09-30T21:46:14.486+0000] {processor.py:753} INFO - DAG(s) dict_keys(['example_sla_dag']) retrieved from /home/airflow/.local/lib/python3.7/site-packages/airflow/example_dags/example_sla_dag.py
[2026-09-30T21:46:14.557+0000] {logging_mixin.py:137} INFO - [2026-09-30T21:46:14.557+0000] {dag.py:2676} INFO - Sync 1 DAGs
[2026-09-30T21:46:14.609+0000] {logging_mixin.py:137} INFO - [2026-09-30T21:46:14.609+0000] {dag.py:3427} INFO - Setting next_dagrun for example_sla_dag to 2026-09-30T21:44:00+00:00, run_after=2026-09-30T21:46:00+00:00
[2026-09-30T21:46:14.637+0000] {processor.py:175} INFO - Processing /home/airflow/.local/lib/python3.7/site-packages/airflow/example_dags/example_sla_dag.py took 0.207 seconds
[2026-09-30T21:46:44.841+0000] {processor.py:153} INFO - Started process (PID=26085) to work on /home/airflow/.local/lib/python3.7/site-packages/airflow/example_dags/example_sla_dag.py
[2026-09-30T21:46:44.843+0000] {processor.py:743} INFO - Processing file /home/airflow/.local/lib/python3.7/site-packages/airflow/example_dags/example_sla_dag.py for tasks to queue
[2026-09-30T21:46:44.843+0000] {logging_mixin.py:137} INFO - [2026-09-30T21:46:44.843+0000] {dagbag.py:538} INFO - Filling up the DagBag from /home/airflow/.local/lib/python3.7/site-packages/airflow/example_dags/example_sla_dag.py
[2026-09-30T21:46:44.874+0000] {processor.py:753} INFO - DAG(s) dict_keys(['example_sla_dag']) retrieved from /home/airflow/.local/lib/python3.7/site-packages/airflow/example_dags/example_sla_dag.py
[2026-09-30T21:46:44.929+0000] {logging_mixin.py:137} INFO - [2026-09-30T21:46:44.928+0000] {dag.py:2676} INFO - Sync 1 DAGs
[2026-09-30T21:46:44.962+0000] {logging_mixin.py:137} INFO - [2026-09-30T21:46:44.962+0000] {dag.py:3427} INFO - Setting next_dagrun for example_sla_dag to 2026-09-30T21:44:00+00:00, run_after=2026-09-30T21:46:00+00:00
[2026-09-30T21:46:44.990+0000] {processor.py:175} INFO - Processing /home/airflow/.local/lib/python3.7/site-packages/airflow/example_dags/example_sla_dag.py took 0.153 seconds
[2026-09-30T21:47:15.306+0000] {processor.py:153} INFO - Started process (PID=26191) to work on /home/airflow/.local/lib/python3.7/site-packages/airflow/example_dags/example_sla_dag.py
[2026-09-30T21:47:15.307+0000] {processor.py:743} INFO - Processing file /home/airflow/.local/lib/python3.7/site-packages/airflow/example_dags/example_sla_dag.py for tasks to queue
[2026-09-30T21:47:15.308+0000] {logging_mixin.py:137} INFO - [2026-09-30T21:47:15.308+0000] {dagbag.py:538} INFO - Filling up the DagBag from /home/airflow/.local/lib/python3.7/site-packages/airflow/example_dags/example_sla_dag.py
[2026-09-30T21:47:15.342+0000] {processor.py:753} INFO - DAG(s) dict_keys(['example_sla_dag']) retrieved from /home/airflow/.local/lib/python3.7/site-packages/airflow/example_dags/example_sla_dag.py
[2026-09-30T21:47:15.393+0000] {logging_mixin.py:137} INFO - [2026-09-30T21:47:15.393+0000] {dag.py:2676} INFO - Sync 1 DAGs
[2026-09-30T21:47:15.428+0000] {logging_mixin.py:137} INFO - [2026-09-30T21:47:15.428+0000] {dag.py:3427} INFO - Setting next_dagrun for example_sla_dag to 2026-09-30T21:44:00+00:00, run_after=2026-09-30T21:46:00+00:00
[2026-09-30T21:47:15.452+0000] {processor.py:175} INFO - Processing /home/airflow/.local/lib/python3.7/site-packages/airflow/example_dags/example_sla_dag.py took 0.150 seconds
[2026-09-30T21:47:45.849+0000] {processor.py:153} INFO - Started process (PID=26276) to work on /home/airflow/.local/lib/python3.7/site-packages/airflow/example_dags/example_sla_dag.py
[2026-09-30T21:47:45.850+0000] {processor.py:743} INFO - Processing file /home/airflow/.local/lib/python3.7/site-packages/airflow/example_dags/example_sla_dag.py for tasks to queue
[2026-09-30T21:47:45.851+0000] {logging_mixin.py:137} INFO - [2026-09-30T21:47:45.851+0000] {dagbag.py:538} INFO - Filling up the DagBag from /home/airflow/.local/lib/python3.7/site-packages/airflow/example_dags/example_sla_dag.py
[2026-09-30T21:47:45.884+0000] {processor.py:753} INFO - DAG(s) dict_keys(['example_sla_dag']) retrieved from /home/airflow/.local/lib/python3.7/site-packages/airflow/example_dags/example_sla_dag.py
[2026-09-30T21:47:45.934+0000] {logging_mixin.py:137} INFO - [2026-09-30T21:47:45.934+0000] {dag.py:2676} INFO - Sync 1 DAGs
[2026-09-30T21:47:45.979+0000] {logging_mixin.py:137} INFO - [2026-09-30T21:47:45.978+0000] {dag.py:3427} INFO - Setting next_dagrun for example_sla_dag to 2026-09-30T21:44:00+00:00, run_after=2026-09-30T21:46:00+00:00
[2026-09-30T21:47:46.013+0000] {processor.py:175} INFO - Processing /home/airflow/.local/lib/python3.7/site-packages/airflow/example_dags/example_sla_dag.py took 0.167 seconds
[2026-09-30T21:48:16.372+0000] {processor.py:153} INFO - Started process (PID=26365) to work on /home/airflow/.local/lib/python3.7/site-packages/airflow/example_dags/example_sla_dag.py
[2026-09-30T21:48:16.373+0000] {processor.py:743} INFO - Processing file /home/airflow/.local/lib/python3.7/site-packages/airflow/example_dags/example_sla_dag.py for tasks to queue
[2026-09-30T21:48:16.374+0000] {logging_mixin.py:137} INFO - [2026-09-30T21:48:16.374+0000] {dagbag.py:538} INFO - Filling up the DagBag from /home/airflow/.local/lib/python3.7/site-packages/airflow/example_dags/example_sla_dag.py
[2026-09-30T21:48:16.411+0000] {processor.py:753} INFO - DAG(s) dict_keys(['example_sla_dag']) retrieved from /home/airflow/.local/lib/python3.7/site-packages/airflow/example_dags/example_sla_dag.py
[2026-09-30T21:48:16.466+0000] {logging_mixin.py:137} INFO - [2026-09-30T21:48:16.466+0000] {dag.py:2676} INFO - Sync 1 DAGs
[2026-09-30T21:48:16.505+0000] {logging_mixin.py:137} INFO - [2026-09-30T21:48:16.505+0000] {dag.py:3427} INFO - Setting next_dagrun for example_sla_dag to 2026-09-30T21:46:00+00:00, run_after=2026-09-30T21:48:00+00:00
[2026-09-30T21:48:16.531+0000] {processor.py:175} INFO - Processing /home/airflow/.local/lib/python3.7/site-packages/airflow/example_dags/example_sla_dag.py took 0.163 seconds
[2026-09-30T21:48:47.090+0000] {processor.py:153} INFO - Started process (PID=26464) to work on /home/airflow/.local/lib/python3.7/site-packages/airflow/example_dags/example_sla_dag.py
[2026-09-30T21:48:47.091+0000] {processor.py:743} INFO - Processing file /home/airflow/.local/lib/python3.7/site-packages/airflow/example_dags/example_sla_dag.py for tasks to queue
[2026-09-30T21:48:47.093+0000] {logging_mixin.py:137} INFO - [2026-09-30T21:48:47.092+0000] {dagbag.py:538} INFO - Filling up the DagBag from /home/airflow/.local/lib/python3.7/site-packages/airflow/example_dags/example_sla_dag.py
[2026-09-30T21:48:47.158+0000] {processor.py:753} INFO - DAG(s) dict_keys(['example_sla_dag']) retrieved from /home/airflow/.local/lib/python3.7/site-packages/airflow/example_dags/example_sla_dag.py
[2026-09-30T21:48:47.239+0000] {logging_mixin.py:137} INFO - [2026-09-30T21:48:47.239+0000] {dag.py:2676} INFO - Sync 1 DAGs
[2026-09-30T21:48:47.288+0000] {logging_mixin.py:137} INFO - [2026-09-30T21:48:47.288+0000] {dag.py:3427} INFO - Setting next_dagrun for example_sla_dag to 2026-09-30T21:46:00+00:00, run_after=2026-09-30T21:48:00+00:00
[2026-09-30T21:48:47.314+0000] {processor.py:175} INFO - Processing /home/airflow/.local/lib/python3.7/site-packages/airflow/example_dags/example_sla_dag.py took 0.228 seconds
[2026-09-30T21:49:17.998+0000] {processor.py:153} INFO - Started process (PID=26548) to work on /home/airflow/.local/lib/python3.7/site-packages/airflow/example_dags/example_sla_dag.py
[2026-09-30T21:49:17.999+0000] {processor.py:743} INFO - Processing file /home/airflow/.local/lib/python3.7/site-packages/airflow/example_dags/example_sla_dag.py for tasks to queue
[2026-09-30T21:49:17.999+0000] {logging_mixin.py:137} INFO - [2026-09-30T21:49:17.999+0000] {dagbag.py:538} INFO - Filling up the DagBag from /home/airflow/.local/lib/python3.7/site-packages/airflow/example_dags/example_sla_dag.py
[2026-09-30T21:49:18.042+0000] {processor.py:753} INFO - DAG(s) dict_keys(['example_sla_dag']) retrieved from /home/airflow/.local/lib/python3.7/site-packages/airflow/example_dags/example_sla_dag.py
[2026-09-30T21:49:18.102+0000] {logging_mixin.py:137} INFO - [2026-09-30T21:49:18.102+0000] {dag.py:2676} INFO - Sync 1 DAGs
[2026-09-30T21:49:18.146+0000] {logging_mixin.py:137} INFO - [2026-09-30T21:49:18.146+0000] {dag.py:3427} INFO - Setting next_dagrun for example_sla_dag to 2026-09-30T21:46:00+00:00, run_after=2026-09-30T21:48:00+00:00
[2026-09-30T21:49:18.170+0000] {processor.py:175} INFO - Processing /home/airflow/.local/lib/python3.7/site-packages/airflow/example_dags/example_sla_dag.py took 0.176 seconds
[2026-09-30T21:49:48.272+0000] {processor.py:153} INFO - Started process (PID=26627) to work on /home/airflow/.local/lib/python3.7/site-packages/airflow/example_dags/example_sla_dag.py
[2026-09-30T21:49:48.273+0000] {processor.py:743} INFO - Processing file /home/airflow/.local/lib/python3.7/site-packages/airflow/example_dags/example_sla_dag.py for tasks to queue
[2026-09-30T21:49:48.274+0000] {logging_mixin.py:137} INFO - [2026-09-30T21:49:48.274+0000] {dagbag.py:538} INFO - Filling up the DagBag from /home/airflow/.local/lib/python3.7/site-packages/airflow/example_dags/example_sla_dag.py
[2026-09-30T21:49:48.308+0000] {processor.py:753} INFO - DAG(s) dict_keys(['example_sla_dag']) retrieved from /home/airflow/.local/lib/python3.7/site-packages/airflow/example_dags/example_sla_dag.py
[2026-09-30T21:49:48.357+0000] {logging_mixin.py:137} INFO - [2026-09-30T21:49:48.357+0000] {dag.py:2676} INFO - Sync 1 DAGs
[2026-09-30T21:49:48.395+0000] {logging_mixin.py:137} INFO - [2026-09-30T21:49:48.395+0000] {dag.py:3427} INFO - Setting next_dagrun for example_sla_dag to 2026-09-30T21:46:00+00:00, run_after=2026-09-30T21:48:00+00:00
[2026-09-30T21:49:48.416+0000] {processor.py:175} INFO - Processing /home/airflow/.local/lib/python3.7/site-packages/airflow/example_dags/example_sla_dag.py took 0.149 seconds
[2026-09-30T21:50:19.251+0000] {processor.py:153} INFO - Started process (PID=26726) to work on /home/airflow/.local/lib/python3.7/site-packages/airflow/example_dags/example_sla_dag.py
[2026-09-30T21:50:19.252+0000] {processor.py:743} INFO - Processing file /home/airflow/.local/lib/python3.7/site-packages/airflow/example_dags/example_sla_dag.py for tasks to queue
[2026-09-30T21:50:19.252+0000] {logging_mixin.py:137} INFO - [2026-09-30T21:50:19.252+0000] {dagbag.py:538} INFO - Filling up the DagBag from /home/airflow/.local/lib/python3.7/site-packages/airflow/example_dags/example_sla_dag.py
[2026-09-30T21:50:19.282+0000] {processor.py:753} INFO - DAG(s) dict_keys(['example_sla_dag']) retrieved from /home/airflow/.local/lib/python3.7/site-packages/airflow/example_dags/example_sla_dag.py
[2026-09-30T21:50:19.343+0000] {logging_mixin.py:137} INFO - [2026-09-30T21:50:19.343+0000] {dag.py:2676} INFO - Sync 1 DAGs
[2026-09-30T21:50:19.385+0000] {logging_mixin.py:137} INFO - [2026-09-30T21:50:19.385+0000] {dag.py:3427} INFO - Setting next_dagrun for example_sla_dag to 2026-09-30T21:48:00+00:00, run_after=2026-09-30T21:50:00+00:00
[2026-09-30T21:50:19.413+0000] {processor.py:175} INFO - Processing /home/airflow/.local/lib/python3.7/site-packages/airflow/example_dags/example_sla_dag.py took 0.166 seconds
[2026-09-30T21:50:49.838+0000] {processor.py:153} INFO - Started process (PID=26805) to work on /home/airflow/.local/lib/python3.7/site-packages/airflow/example_dags/example_sla_dag.py
[2026-09-30T21:50:49.839+0000] {processor.py:743} INFO - Processing file /home/airflow/.local/lib/python3.7/site-packages/airflow/example_dags/example_sla_dag.py for tasks to queue
[2026-09-30T21:50:49.839+0000] {logging_mixin.py:137} INFO - [2026-09-30T21:50:49.839+0000] {dagbag.py:538} INFO - Filling up the DagBag from /home/airflow/.local/lib/python3.7/site-packages/airflow/example_dags/example_sla_dag.py
[2026-09-30T21:50:49.870+0000] {processor.py:753} INFO - DAG(s) dict_keys(['example_sla_dag']) retrieved from /home/airflow/.local/lib/python3.7/site-packages/airflow/example_dags/example_sla_dag.py
[2026-09-30T21:50:49.917+0000] {logging_mixin.py:137} INFO - [2026-09-30T21:50:49.917+0000] {dag.py:2676} INFO - Sync 1 DAGs
[2026-09-30T21:50:49.956+0000] {logging_mixin.py:137} INFO - [2026-09-30T21:50:49.956+0000] {dag.py:3427} INFO - Setting next_dagrun for example_sla_dag to 2026-09-30T21:48:00+00:00, run_after=2026-09-30T21:50:00+00:00
[2026-09-30T21:50:49.980+0000] {processor.py:175} INFO - Processing /home/airflow/.local/lib/python3.7/site-packages/airflow/example_dags/example_sla_dag.py took 0.147 seconds
[2026-09-30T21:51:20.208+0000] {processor.py:153} INFO - Started process (PID=26883) to work on /home/airflow/.local/lib/python3.7/site-packages/airflow/example_dags/example_sla_dag.py
[2026-09-30T21:51:20.209+0000] {processor.py:743} INFO - Processing file /home/airflow/.local/lib/python3.7/site-packages/airflow/example_dags/example_sla_dag.py for tasks to queue
[2026-09-30T21:51:20.210+0000] {logging_mixin.py:137} INFO - [2026-09-30T21:51:20.210+0000] {dagbag.py:538} INFO - Filling up the DagBag from /home/airflow/.local/lib/python3.7/site-packages/airflow/example_dags/example_sla_dag.py
[2026-09-30T21:51:20.245+0000] {processor.py:753} INFO - DAG(s) dict_keys(['example_sla_dag']) retrieved from /home/airflow/.local/lib/python3.7/site-packages/airflow/example_dags/example_sla_dag.py
[2026-09-30T21:51:20.298+0000] {logging_mixin.py:137} INFO - [2026-09-30T21:51:20.298+0000] {dag.py:2676} INFO - Sync 1 DAGs
[2026-09-30T21:51:20.347+0000] {logging_mixin.py:137} INFO - [2026-09-30T21:51:20.347+0000] {dag.py:3427} INFO - Setting next_dagrun for example_sla_dag to 2026-09-30T21:48:00+00:00, run_after=2026-09-30T21:50:00+00:00
[2026-09-30T21:51:20.379+0000] {processor.py:175} INFO - Processing /home/airflow/.local/lib/python3.7/site-packages/airflow/example_dags/example_sla_dag.py took 0.176 seconds
[2026-09-30T21:51:51.153+0000] {processor.py:153} INFO - Started process (PID=26983) to work on /home/airflow/.local/lib/python3.7/site-packages/airflow/example_dags/example_sla_dag.py
[2026-09-30T21:51:51.153+0000] {processor.py:743} INFO - Processing file /home/airflow/.local/lib/python3.7/site-packages/airflow/example_dags/example_sla_dag.py for tasks to queue
[2026-09-30T21:51:51.154+0000] {logging_mixin.py:137} INFO - [2026-09-30T21:51:51.154+0000] {dagbag.py:538} INFO - Filling up the DagBag from /home/airflow/.local/lib/python3.7/site-packages/airflow/example_dags/example_sla_dag.py
[2026-09-30T21:51:51.182+0000] {processor.py:753} INFO - DAG(s) dict_keys(['example_sla_dag']) retrieved from /home/airflow/.local/lib/python3.7/site-packages/airflow/example_dags/example_sla_dag.py
[2026-09-30T21:51:51.230+0000] {logging_mixin.py:137} INFO - [2026-09-30T21:51:51.230+0000] {dag.py:2676} INFO - Sync 1 DAGs
[2026-09-30T21:51:51.275+0000] {logging_mixin.py:137} INFO - [2026-09-30T21:51:51.275+0000] {dag.py:3427} INFO - Setting next_dagrun for example_sla_dag to 2026-09-30T21:48:00+00:00, run_after=2026-09-30T21:50:00+00:00
[2026-09-30T21:51:51.301+0000] {processor.py:175} INFO - Processing /home/airflow/.local/lib/python3.7/site-packages/airflow/example_dags/example_sla_dag.py took 0.151 seconds
[2026-09-30T21:52:21.721+0000] {processor.py:153} INFO - Started process (PID=27062) to work on /home/airflow/.local/lib/python3.7/site-packages/airflow/example_dags/example_sla_dag.py
[2026-09-30T21:52:21.722+0000] {processor.py:743} INFO - Processing file /home/airflow/.local/lib/python3.7/site-packages/airflow/example_dags/example_sla_dag.py for tasks to queue
[2026-09-30T21:52:21.723+0000] {logging_mixin.py:137} INFO - [2026-09-30T21:52:21.723+0000] {dagbag.py:538} INFO - Filling up the DagBag from /home/airflow/.local/lib/python3.7/site-packages/airflow/example_dags/example_sla_dag.py
[2026-09-30T21:52:21.771+0000] {processor.py:753} INFO - DAG(s) dict_keys(['example_sla_dag']) retrieved from /home/airflow/.local/lib/python3.7/site-packages/airflow/example_dags/example_sla_dag.py
[2026-09-30T21:52:21.840+0000] {logging_mixin.py:137} INFO - [2026-09-30T21:52:21.840+0000] {dag.py:2676} INFO - Sync 1 DAGs
[2026-09-30T21:52:21.894+0000] {logging_mixin.py:137} INFO - [2026-09-30T21:52:21.893+0000] {dag.py:3427} INFO - Setting next_dagrun for example_sla_dag to 2026-09-30T21:50:00+00:00, run_after=2026-09-30T21:52:00+00:00
[2026-09-30T21:52:21.923+0000] {processor.py:175} INFO - Processing /home/airflow/.local/lib/python3.7/site-packages/airflow/example_dags/example_sla_dag.py took 0.211 seconds
[2026-09-30T21:52:52.559+0000] {processor.py:153} INFO - Started process (PID=27141) to work on /home/airflow/.local/lib/python3.7/site-packages/airflow/example_dags/example_sla_dag.py
[2026-09-30T21:52:52.561+0000] {processor.py:743} INFO - Processing file /home/airflow/.local/lib/python3.7/site-packages/airflow/example_dags/example_sla_dag.py for tasks to queue
[2026-09-30T21:52:52.562+0000] {logging_mixin.py:137} INFO - [2026-09-30T21:52:52.562+0000] {dagbag.py:538} INFO - Filling up the DagBag from /home/airflow/.local/lib/python3.7/site-packages/airflow/example_dags/example_sla_dag.py
[2026-09-30T21:52:52.604+0000] {processor.py:753} INFO - DAG(s) dict_keys(['example_sla_dag']) retrieved from /home/airflow/.local/lib/python3.7/site-packages/airflow/example_dags/example_sla_dag.py
[2026-09-30T21:52:52.653+0000] {logging_mixin.py:137} INFO - [2026-09-30T21:52:52.653+0000] {dag.py:2676} INFO - Sync 1 DAGs
[2026-09-30T21:52:52.694+0000] {logging_mixin.py:137} INFO - [2026-09-30T21:52:52.694+0000] {dag.py:3427} INFO - Setting next_dagrun for example_sla_dag to 2026-09-30T21:50:00+00:00, run_after=2026-09-30T21:52:00+00:00
[2026-09-30T21:52:52.715+0000] {processor.py:175} INFO - Processing /home/airflow/.local/lib/python3.7/site-packages/airflow/example_dags/example_sla_dag.py took 0.162 seconds
[2026-09-30T21:53:23.527+0000] {processor.py:153} INFO - Started process (PID=27229) to work on /home/airflow/.local/lib/python3.7/site-packages/airflow/example_dags/example_sla_dag.py
[2026-09-30T21:53:23.528+0000] {processor.py:743} INFO - Processing file /home/airflow/.local/lib/python3.7/site-packages/airflow/example_dags/example_sla_dag.py for tasks to queue
[2026-09-30T21:53:23.529+0000] {logging_mixin.py:137} INFO - [2026-09-30T21:53:23.529+0000] {dagbag.py:538} INFO - Filling up the DagBag from /home/airflow/.local/lib/python3.7/site-packages/airflow/example_dags/example_sla_dag.py
[2026-09-30T21:53:23.559+0000] {processor.py:753} INFO - DAG(s) dict_keys(['example_sla_dag']) retrieved from /home/airflow/.local/lib/python3.7/site-packages/airflow/example_dags/example_sla_dag.py
[2026-09-30T21:53:23.608+0000] {logging_mixin.py:137} INFO - [2026-09-30T21:53:23.608+0000] {dag.py:2676} INFO - Sync 1 DAGs
[2026-09-30T21:53:23.647+0000] {logging_mixin.py:137} INFO - [2026-09-30T21:53:23.647+0000] {dag.py:3427} INFO - Setting next_dagrun for example_sla_dag to 2026-09-30T21:50:00+00:00, run_after=2026-09-30T21:52:00+00:00
[2026-09-30T21:53:23.675+0000] {processor.py:175} INFO - Processing /home/airflow/.local/lib/python3.7/site-packages/airflow/example_dags/example_sla_dag.py took 0.152 seconds
[2026-09-30T21:53:54.274+0000] {processor.py:153} INFO - Started process (PID=27319) to work on /home/airflow/.local/lib/python3.7/site-packages/airflow/example_dags/example_sla_dag.py
[2026-09-30T21:53:54.275+0000] {processor.py:743} INFO - Processing file /home/airflow/.local/lib/python3.7/site-packages/airflow/example_dags/example_sla_dag.py for tasks to queue
[2026-09-30T21:53:54.276+0000] {logging_mixin.py:137} INFO - [2026-09-30T21:53:54.276+0000] {dagbag.py:538} INFO - Filling up the DagBag from /home/airflow/.local/lib/python3.7/site-packages/airflow/example_dags/example_sla_dag.py
[2026-09-30T21:53:54.327+0000] {processor.py:753} INFO - DAG(s) dict_keys(['example_sla_dag']) retrieved from /home/airflow/.local/lib/python3.7/site-packages/airflow/example_dags/example_sla_dag.py
[2026-09-30T21:53:54.385+0000] {logging_mixin.py:137} INFO - [2026-09-30T21:53:54.385+0000] {dag.py:2676} INFO - Sync 1 DAGs
[2026-09-30T21:53:54.431+0000] {logging_mixin.py:137} INFO - [2026-09-30T21:53:54.431+0000] {dag.py:3427} INFO - Setting next_dagrun for example_sla_dag to 2026-09-30T21:50:00+00:00, run_after=2026-09-30T21:52:00+00:00
[2026-09-30T21:53:54.455+0000] {processor.py:175} INFO - Processing /home/airflow/.local/lib/python3.7/site-packages/airflow/example_dags/example_sla_dag.py took 0.185 seconds
[2026-09-30T21:54:24.702+0000] {processor.py:153} INFO - Started process (PID=27398) to work on /home/airflow/.local/lib/python3.7/site-packages/airflow/example_dags/example_sla_dag.py
[2026-09-30T21:54:24.703+0000] {processor.py:743} INFO - Processing file /home/airflow/.local/lib/python3.7/site-packages/airflow/example_dags/example_sla_dag.py for tasks to queue
[2026-09-30T21:54:24.703+0000] {logging_mixin.py:137} INFO - [2026-09-30T21:54:24.703+0000] {dagbag.py:538} INFO - Filling up the DagBag from /home/airflow/.local/lib/python3.7/site-packages/airflow/example_dags/example_sla_dag.py
[2026-09-30T21:54:24.735+0000] {processor.py:753} INFO - DAG(s) dict_keys(['example_sla_dag']) retrieved from /home/airflow/.local/lib/python3.7/site-packages/airflow/example_dags/example_sla_dag.py
[2026-09-30T21:54:24.788+0000] {logging_mixin.py:137} INFO - [2026-09-30T21:54:24.787+0000] {dag.py:2676} INFO - Sync 1 DAGs
[2026-09-30T21:54:24.831+0000] {logging_mixin.py:137} INFO - [2026-09-30T21:54:24.831+0000] {dag.py:3427} INFO - Setting next_dagrun for example_sla_dag to 2026-09-30T21:52:00+00:00, run_after=2026-09-30T21:54:00+00:00
[2026-09-30T21:54:24.860+0000] {processor.py:175} INFO - Processing /home/airflow/.local/lib/python3.7/site-packages/airflow/example_dags/example_sla_dag.py took 0.164 seconds
[2026-09-30T21:54:55.235+0000] {processor.py:153} INFO - Started process (PID=27477) to work on /home/airflow/.local/lib/python3.7/site-packages/airflow/example_dags/example_sla_dag.py
[2026-09-30T21:54:55.236+0000] {processor.py:743} INFO - Processing file /home/airflow/.local/lib/python3.7/site-packages/airflow/example_dags/example_sla_dag.py for tasks to queue
[2026-09-30T21:54:55.238+0000] {logging_mixin.py:137} INFO - [2026-09-30T21:54:55.238+0000] {dagbag.py:538} INFO - Filling up the DagBag from /home/airflow/.local/lib/python3.7/site-packages/airflow/example_dags/example_sla_dag.py
[2026-09-30T21:54:55.282+0000] {processor.py:753} INFO - DAG(s) dict_keys(['example_sla_dag']) retrieved from /home/airflow/.local/lib/python3.7/site-packages/airflow/example_dags/example_sla_dag.py
[2026-09-30T21:54:55.338+0000] {logging_mixin.py:137} INFO - [2026-09-30T21:54:55.337+0000] {dag.py:2676} INFO - Sync 1 DAGs
[2026-09-30T21:54:55.373+0000] {logging_mixin.py:137} INFO - [2026-09-30T21:54:55.373+0000] {dag.py:3427} INFO - Setting next_dagrun for example_sla_dag to 2026-09-30T21:52:00+00:00, run_after=2026-09-30T21:54:00+00:00
[2026-09-30T21:54:55.394+0000] {processor.py:175} INFO - Processing /home/airflow/.local/lib/python3.7/site-packages/airflow/example_dags/example_sla_dag.py took 0.164 seconds
[2026-09-30T21:55:25.512+0000] {processor.py:153} INFO - Started process (PID=27575) to work on /home/airflow/.local/lib/python3.7/site-packages/airflow/example_dags/example_sla_dag.py
[2026-09-30T21:55:25.515+0000] {processor.py:743} INFO - Processing file /home/airflow/.local/lib/python3.7/site-packages/airflow/example_dags/example_sla_dag.py for tasks to queue
[2026-09-30T21:55:25.516+0000] {logging_mixin.py:137} INFO - [2026-09-30T21:55:25.516+0000] {dagbag.py:538} INFO - Filling up the DagBag from /home/airflow/.local/lib/python3.7/site-packages/airflow/example_dags/example_sla_dag.py
[2026-09-30T21:55:25.563+0000] {processor.py:753} INFO - DAG(s) dict_keys(['example_sla_dag']) retrieved from /home/airflow/.local/lib/python3.7/site-packages/airflow/example_dags/example_sla_dag.py
[2026-09-30T21:55:25.612+0000] {logging_mixin.py:137} INFO - [2026-09-30T21:55:25.612+0000] {dag.py:2676} INFO - Sync 1 DAGs
[2026-09-30T21:55:25.652+0000] {logging_mixin.py:137} INFO - [2026-09-30T21:55:25.651+0000] {dag.py:3427} INFO - Setting next_dagrun for example_sla_dag to 2026-09-30T21:52:00+00:00, run_after=2026-09-30T21:54:00+00:00
[2026-09-30T21:55:25.678+0000] {processor.py:175} INFO - Processing /home/airflow/.local/lib/python3.7/site-packages/airflow/example_dags/example_sla_dag.py took 0.172 seconds
[2026-09-30T21:55:55.881+0000] {processor.py:153} INFO - Started process (PID=27654) to work on /home/airflow/.local/lib/python3.7/site-packages/airflow/example_dags/example_sla_dag.py
[2026-09-30T21:55:55.882+0000] {processor.py:743} INFO - Processing file /home/airflow/.local/lib/python3.7/site-packages/airflow/example_dags/example_sla_dag.py for tasks to queue
[2026-09-30T21:55:55.883+0000] {logging_mixin.py:137} INFO - [2026-09-30T21:55:55.883+0000] {dagbag.py:538} INFO - Filling up the DagBag from /home/airflow/.local/lib/python3.7/site-packages/airflow/example_dags/example_sla_dag.py
[2026-09-30T21:55:55.933+0000] {processor.py:753} INFO - DAG(s) dict_keys(['example_sla_dag']) retrieved from /home/airflow/.local/lib/python3.7/site-packages/airflow/example_dags/example_sla_dag.py
[2026-09-30T21:55:55.999+0000] {logging_mixin.py:137} INFO - [2026-09-30T21:55:55.999+0000] {dag.py:2676} INFO - Sync 1 DAGs
[2026-09-30T21:55:56.046+0000] {logging_mixin.py:137} INFO - [2026-09-30T21:55:56.046+0000] {dag.py:3427} INFO - Setting next_dagrun for example_sla_dag to 2026-09-30T21:52:00+00:00, run_after=2026-09-30T21:54:00+00:00
[2026-09-30T21:55:56.069+0000] {processor.py:175} INFO - Processing /home/airflow/.local/lib/python3.7/site-packages/airflow/example_dags/example_sla_dag.py took 0.195 seconds
[2026-09-30T21:56:26.632+0000] {processor.py:153} INFO - Started process (PID=27734) to work on /home/airflow/.local/lib/python3.7/site-packages/airflow/example_dags/example_sla_dag.py
[2026-09-30T21:56:26.634+0000] {processor.py:743} INFO - Processing file /home/airflow/.local/lib/python3.7/site-packages/airflow/example_dags/example_sla_dag.py for tasks to queue
[2026-09-30T21:56:26.635+0000] {logging_mixin.py:137} INFO - [2026-09-30T21:56:26.635+0000] {dagbag.py:538} INFO - Filling up the DagBag from /home/airflow/.local/lib/python3.7/site-packages/airflow/example_dags/example_sla_dag.py
[2026-09-30T21:56:26.668+0000] {processor.py:753} INFO - DAG(s) dict_keys(['example_sla_dag']) retrieved from /home/airflow/.local/lib/python3.7/site-packages/airflow/example_dags/example_sla_dag.py
[2026-09-30T21:56:26.714+0000] {logging_mixin.py:137} INFO - [2026-09-30T21:56:26.714+0000] {dag.py:2676} INFO - Sync 1 DAGs
[2026-09-30T21:56:26.750+0000] {logging_mixin.py:137} INFO - [2026-09-30T21:56:26.750+0000] {dag.py:3427} INFO - Setting next_dagrun for example_sla_dag to 2026-09-30T21:54:00+00:00, run_after=2026-09-30T21:56:00+00:00
[2026-09-30T21:56:26.771+0000] {processor.py:175} INFO - Processing /home/airflow/.local/lib/python3.7/site-packages/airflow/example_dags/example_sla_dag.py took 0.145 seconds
[2026-09-30T21:56:57.614+0000] {processor.py:153} INFO - Started process (PID=27813) to work on /home/airflow/.local/lib/python3.7/site-packages/airflow/example_dags/example_sla_dag.py
[2026-09-30T21:56:57.615+0000] {processor.py:743} INFO - Processing file /home/airflow/.local/lib/python3.7/site-packages/airflow/example_dags/example_sla_dag.py for tasks to queue
[2026-09-30T21:56:57.616+0000] {logging_mixin.py:137} INFO - [2026-09-30T21:56:57.615+0000] {dagbag.py:538} INFO - Filling up the DagBag from /home/airflow/.local/lib/python3.7/site-packages/airflow/example_dags/example_sla_dag.py
[2026-09-30T21:56:57.648+0000] {processor.py:753} INFO - DAG(s) dict_keys(['example_sla_dag']) retrieved from /home/airflow/.local/lib/python3.7/site-packages/airflow/example_dags/example_sla_dag.py
[2026-09-30T21:56:57.696+0000] {logging_mixin.py:137} INFO - [2026-09-30T21:56:57.696+0000] {dag.py:2676} INFO - Sync 1 DAGs
[2026-09-30T21:56:57.734+0000] {logging_mixin.py:137} INFO - [2026-09-30T21:56:57.734+0000] {dag.py:3427} INFO - Setting next_dagrun for example_sla_dag to 2026-09-30T21:54:00+00:00, run_after=2026-09-30T21:56:00+00:00
[2026-09-30T21:56:57.757+0000] {processor.py:175} INFO - Processing /home/airflow/.local/lib/python3.7/site-packages/airflow/example_dags/example_sla_dag.py took 0.147 seconds
[2026-09-30T21:57:28.120+0000] {processor.py:153} INFO - Started process (PID=27901) to work on /home/airflow/.local/lib/python3.7/site-packages/airflow/example_dags/example_sla_dag.py
[2026-09-30T21:57:28.122+0000] {processor.py:743} INFO - Processing file /home/airflow/.local/lib/python3.7/site-packages/airflow/example_dags/example_sla_dag.py for tasks to queue
[2026-09-30T21:57:28.123+0000] {logging_mixin.py:137} INFO - [2026-09-30T21:57:28.122+0000] {dagbag.py:538} INFO - Filling up the DagBag from /home/airflow/.local/lib/python3.7/site-packages/airflow/example_dags/example_sla_dag.py
[2026-09-30T21:57:28.157+0000] {processor.py:753} INFO - DAG(s) dict_keys(['example_sla_dag']) retrieved from /home/airflow/.local/lib/python3.7/site-packages/airflow/example_dags/example_sla_dag.py
[2026-09-30T21:57:28.207+0000] {logging_mixin.py:137} INFO - [2026-09-30T21:57:28.206+0000] {dag.py:2676} INFO - Sync 1 DAGs
[2026-09-30T21:57:28.246+0000] {logging_mixin.py:137} INFO - [2026-09-30T21:57:28.246+0000] {dag.py:3427} INFO - Setting next_dagrun for example_sla_dag to 2026-09-30T21:54:00+00:00, run_after=2026-09-30T21:56:00+00:00
[2026-09-30T21:57:28.277+0000] {processor.py:175} INFO - Processing /home/airflow/.local/lib/python3.7/site-packages/airflow/example_dags/example_sla_dag.py took 0.163 seconds
[2026-09-30T21:57:58.672+0000] {processor.py:153} INFO - Started process (PID=27991) to work on /home/airflow/.local/lib/python3.7/site-packages/airflow/example_dags/example_sla_dag.py
[2026-09-30T21:57:58.673+0000] {processor.py:743} INFO - Processing file /home/airflow/.local/lib/python3.7/site-packages/airflow/example_dags/example_sla_dag.py for tasks to queue
[2026-09-30T21:57:58.674+0000] {logging_mixin.py:137} INFO - [2026-09-30T21:57:58.674+0000] {dagbag.py:538} INFO - Filling up the DagBag from /home/airflow/.local/lib/python3.7/site-packages/airflow/example_dags/example_sla_dag.py
[2026-09-30T21:57:58.705+0000] {processor.py:753} INFO - DAG(s) dict_keys(['example_sla_dag']) retrieved from /home/airflow/.local/lib/python3.7/site-packages/airflow/example_dags/example_sla_dag.py
[2026-09-30T21:57:58.753+0000] {logging_mixin.py:137} INFO - [2026-09-30T21:57:58.752+0000] {dag.py:2676} INFO - Sync 1 DAGs
[2026-09-30T21:57:58.792+0000] {logging_mixin.py:137} INFO - [2026-09-30T21:57:58.791+0000] {dag.py:3427} INFO - Setting next_dagrun for example_sla_dag to 2026-09-30T21:54:00+00:00, run_after=2026-09-30T21:56:00+00:00
[2026-09-30T21:57:58.813+0000] {processor.py:175} INFO - Processing /home/airflow/.local/lib/python3.7/site-packages/airflow/example_dags/example_sla_dag.py took 0.145 seconds
[2026-09-30T21:58:29.195+0000] {processor.py:153} INFO - Started process (PID=28070) to work on /home/airflow/.local/lib/python3.7/site-packages/airflow/example_dags/example_sla_dag.py
[2026-09-30T21:58:29.195+0000] {processor.py:743} INFO - Processing file /home/airflow/.local/lib/python3.7/site-packages/airflow/example_dags/example_sla_dag.py for tasks to queue
[2026-09-30T21:58:29.196+0000] {logging_mixin.py:137} INFO - [2026-09-30T21:58:29.196+0000] {dagbag.py:538} INFO - Filling up the DagBag from /home/airflow/.local/lib/python3.7/site-packages/airflow/example_dags/example_sla_dag.py
[2026-09-30T21:58:29.226+0000] {processor.py:753} INFO - DAG(s) dict_keys(['example_sla_dag']) retrieved from /home/airflow/.local/lib/python3.7/site-packages/airflow/example_dags/example_sla_dag.py
[2026-09-30T21:58:29.275+0000] {logging_mixin.py:137} INFO - [2026-09-30T21:58:29.275+0000] {dag.py:2676} INFO - Sync 1 DAGs
[2026-09-30T21:58:29.311+0000] {logging_mixin.py:137} INFO - [2026-09-30T21:58:29.311+0000] {dag.py:3427} INFO - Setting next_dagrun for example_sla_dag to 2026-09-30T21:56:00+00:00, run_after=2026-09-30T21:58:00+00:00
[2026-09-30T21:58:29.332+0000] {processor.py:175} INFO - Processing /home/airflow/.local/lib/python3.7/site-packages/airflow/example_dags/example_sla_dag.py took 0.142 seconds
[2026-09-30T21:58:59.987+0000] {processor.py:153} INFO - Started process (PID=28149) to work on /home/airflow/.local/lib/python3.7/site-packages/airflow/example_dags/example_sla_dag.py
[2026-09-30T21:58:59.988+0000] {processor.py:743} INFO - Processing file /home/airflow/.local/lib/python3.7/site-packages/airflow/example_dags/example_sla_dag.py for tasks to queue
[2026-09-30T21:58:59.990+0000] {logging_mixin.py:137} INFO - [2026-09-30T21:58:59.989+0000] {dagbag.py:538} INFO - Filling up the DagBag from /home/airflow/.local/lib/python3.7/site-packages/airflow/example_dags/example_sla_dag.py
[2026-09-30T21:59:00.040+0000] {processor.py:753} INFO - DAG(s) dict_keys(['example_sla_dag']) retrieved from /home/airflow/.local/lib/python3.7/site-packages/airflow/example_dags/example_sla_dag.py
[2026-09-30T21:59:00.102+0000] {logging_mixin.py:137} INFO - [2026-09-30T21:59:00.102+0000] {dag.py:2676} INFO - Sync 1 DAGs
[2026-09-30T21:59:00.138+0000] {logging_mixin.py:137} INFO - [2026-09-30T21:59:00.138+0000] {dag.py:3427} INFO - Setting next_dagrun for example_sla_dag to 2026-09-30T21:56:00+00:00, run_after=2026-09-30T21:58:00+00:00
[2026-09-30T21:59:00.164+0000] {processor.py:175} INFO - Processing /home/airflow/.local/lib/python3.7/site-packages/airflow/example_dags/example_sla_dag.py took 0.183 seconds
[2026-09-30T21:59:30.639+0000] {processor.py:153} INFO - Started process (PID=28248) to work on /home/airflow/.local/lib/python3.7/site-packages/airflow/example_dags/example_sla_dag.py
[2026-09-30T21:59:30.639+0000] {processor.py:743} INFO - Processing file /home/airflow/.local/lib/python3.7/site-packages/airflow/example_dags/example_sla_dag.py for tasks to queue
[2026-09-30T21:59:30.640+0000] {logging_mixin.py:137} INFO - [2026-09-30T21:59:30.640+0000] {dagbag.py:538} INFO - Filling up the DagBag from /home/airflow/.local/lib/python3.7/site-packages/airflow/example_dags/example_sla_dag.py
[2026-09-30T21:59:30.670+0000] {processor.py:753} INFO - DAG(s) dict_keys(['example_sla_dag']) retrieved from /home/airflow/.local/lib/python3.7/site-packages/airflow/example_dags/example_sla_dag.py
[2026-09-30T21:59:30.721+0000] {logging_mixin.py:137} INFO - [2026-09-30T21:59:30.721+0000] {dag.py:2676} INFO - Sync 1 DAGs
[2026-09-30T21:59:30.759+0000] {logging_mixin.py:137} INFO - [2026-09-30T21:59:30.759+0000] {dag.py:3427} INFO - Setting next_dagrun for example_sla_dag to 2026-09-30T21:56:00+00:00, run_after=2026-09-30T21:58:00+00:00
[2026-09-30T21:59:30.784+0000] {processor.py:175} INFO - Processing /home/airflow/.local/lib/python3.7/site-packages/airflow/example_dags/example_sla_dag.py took 0.149 seconds
[2026-09-30T22:00:01.294+0000] {processor.py:153} INFO - Started process (PID=28328) to work on /home/airflow/.local/lib/python3.7/site-packages/airflow/example_dags/example_sla_dag.py
[2026-09-30T22:00:01.295+0000] {processor.py:743} INFO - Processing file /home/airflow/.local/lib/python3.7/site-packages/airflow/example_dags/example_sla_dag.py for tasks to queue
[2026-09-30T22:00:01.296+0000] {logging_mixin.py:137} INFO - [2026-09-30T22:00:01.296+0000] {dagbag.py:538} INFO - Filling up the DagBag from /home/airflow/.local/lib/python3.7/site-packages/airflow/example_dags/example_sla_dag.py
[2026-09-30T22:00:01.337+0000] {processor.py:753} INFO - DAG(s) dict_keys(['example_sla_dag']) retrieved from /home/airflow/.local/lib/python3.7/site-packages/airflow/example_dags/example_sla_dag.py
[2026-09-30T22:00:01.384+0000] {logging_mixin.py:137} INFO - [2026-09-30T22:00:01.384+0000] {dag.py:2676} INFO - Sync 1 DAGs
[2026-09-30T22:00:01.436+0000] {logging_mixin.py:137} INFO - [2026-09-30T22:00:01.436+0000] {dag.py:3427} INFO - Setting next_dagrun for example_sla_dag to 2026-09-30T21:58:00+00:00, run_after=2026-09-30T22:00:00+00:00
[2026-09-30T22:00:01.464+0000] {processor.py:175} INFO - Processing /home/airflow/.local/lib/python3.7/site-packages/airflow/example_dags/example_sla_dag.py took 0.174 seconds
[2026-09-30T22:00:32.260+0000] {processor.py:153} INFO - Started process (PID=28407) to work on /home/airflow/.local/lib/python3.7/site-packages/airflow/example_dags/example_sla_dag.py
[2026-09-30T22:00:32.261+0000] {processor.py:743} INFO - Processing file /home/airflow/.local/lib/python3.7/site-packages/airflow/example_dags/example_sla_dag.py for tasks to queue
[2026-09-30T22:00:32.262+0000] {logging_mixin.py:137} INFO - [2026-09-30T22:00:32.262+0000] {dagbag.py:538} INFO - Filling up the DagBag from /home/airflow/.local/lib/python3.7/site-packages/airflow/example_dags/example_sla_dag.py
[2026-09-30T22:00:32.297+0000] {processor.py:753} INFO - DAG(s) dict_keys(['example_sla_dag']) retrieved from /home/airflow/.local/lib/python3.7/site-packages/airflow/example_dags/example_sla_dag.py
[2026-09-30T22:00:32.346+0000] {logging_mixin.py:137} INFO - [2026-09-30T22:00:32.346+0000] {dag.py:2676} INFO - Sync 1 DAGs
[2026-09-30T22:00:32.386+0000] {logging_mixin.py:137} INFO - [2026-09-30T22:00:32.386+0000] {dag.py:3427} INFO - Setting next_dagrun for example_sla_dag to 2026-09-30T21:58:00+00:00, run_after=2026-09-30T22:00:00+00:00
[2026-09-30T22:00:32.418+0000] {processor.py:175} INFO - Processing /home/airflow/.local/lib/python3.7/site-packages/airflow/example_dags/example_sla_dag.py took 0.162 seconds
[2026-09-30T22:01:02.468+0000] {processor.py:153} INFO - Started process (PID=28494) to work on /home/airflow/.local/lib/python3.7/site-packages/airflow/example_dags/example_sla_dag.py
[2026-09-30T22:01:02.470+0000] {processor.py:743} INFO - Processing file /home/airflow/.local/lib/python3.7/site-packages/airflow/example_dags/example_sla_dag.py for tasks to queue
[2026-09-30T22:01:02.471+0000] {logging_mixin.py:137} INFO - [2026-09-30T22:01:02.471+0000] {dagbag.py:538} INFO - Filling up the DagBag from /home/airflow/.local/lib/python3.7/site-packages/airflow/example_dags/example_sla_dag.py
[2026-09-30T22:01:02.522+0000] {processor.py:753} INFO - DAG(s) dict_keys(['example_sla_dag']) retrieved from /home/airflow/.local/lib/python3.7/site-packages/airflow/example_dags/example_sla_dag.py
[2026-09-30T22:01:02.574+0000] {logging_mixin.py:137} INFO - [2026-09-30T22:01:02.573+0000] {dag.py:2676} INFO - Sync 1 DAGs
[2026-09-30T22:01:02.616+0000] {logging_mixin.py:137} INFO - [2026-09-30T22:01:02.616+0000] {dag.py:3427} INFO - Setting next_dagrun for example_sla_dag to 2026-09-30T21:58:00+00:00, run_after=2026-09-30T22:00:00+00:00
[2026-09-30T22:01:02.645+0000] {processor.py:175} INFO - Processing /home/airflow/.local/lib/python3.7/site-packages/airflow/example_dags/example_sla_dag.py took 0.184 seconds
[2026-09-30T22:01:33.089+0000] {processor.py:153} INFO - Started process (PID=28584) to work on /home/airflow/.local/lib/python3.7/site-packages/airflow/example_dags/example_sla_dag.py
[2026-09-30T22:01:33.090+0000] {processor.py:743} INFO - Processing file /home/airflow/.local/lib/python3.7/site-packages/airflow/example_dags/example_sla_dag.py for tasks to queue
[2026-09-30T22:01:33.091+0000] {logging_mixin.py:137} INFO - [2026-09-30T22:01:33.091+0000] {dagbag.py:538} INFO - Filling up the DagBag from /home/airflow/.local/lib/python3.7/site-packages/airflow/example_dags/example_sla_dag.py
[2026-09-30T22:01:33.132+0000] {processor.py:753} INFO - DAG(s) dict_keys(['example_sla_dag']) retrieved from /home/airflow/.local/lib/python3.7/site-packages/airflow/example_dags/example_sla_dag.py
[2026-09-30T22:01:33.186+0000] {logging_mixin.py:137} INFO - [2026-09-30T22:01:33.186+0000] {dag.py:2676} INFO - Sync 1 DAGs
[2026-09-30T22:01:33.222+0000] {logging_mixin.py:137} INFO - [2026-09-30T22:01:33.222+0000] {dag.py:3427} INFO - Setting next_dagrun for example_sla_dag to 2026-09-30T21:58:00+00:00, run_after=2026-09-30T22:00:00+00:00
[2026-09-30T22:01:33.243+0000] {processor.py:175} INFO - Processing /home/airflow/.local/lib/python3.7/site-packages/airflow/example_dags/example_sla_dag.py took 0.160 seconds
[2026-09-30T22:02:03.634+0000] {processor.py:153} INFO - Started process (PID=28663) to work on /home/airflow/.local/lib/python3.7/site-packages/airflow/example_dags/example_sla_dag.py
[2026-09-30T22:02:03.637+0000] {processor.py:743} INFO - Processing file /home/airflow/.local/lib/python3.7/site-packages/airflow/example_dags/example_sla_dag.py for tasks to queue
[2026-09-30T22:02:03.638+0000] {logging_mixin.py:137} INFO - [2026-09-30T22:02:03.638+0000] {dagbag.py:538} INFO - Filling up the DagBag from /home/airflow/.local/lib/python3.7/site-packages/airflow/example_dags/example_sla_dag.py
[2026-09-30T22:02:03.686+0000] {processor.py:753} INFO - DAG(s) dict_keys(['example_sla_dag']) retrieved from /home/airflow/.local/lib/python3.7/site-packages/airflow/example_dags/example_sla_dag.py
[2026-09-30T22:02:03.752+0000] {logging_mixin.py:137} INFO - [2026-09-30T22:02:03.752+0000] {dag.py:2676} INFO - Sync 1 DAGs
[2026-09-30T22:02:03.788+0000] {logging_mixin.py:137} INFO - [2026-09-30T22:02:03.788+0000] {dag.py:3427} INFO - Setting next_dagrun for example_sla_dag to 2026-09-30T22:00:00+00:00, run_after=2026-09-30T22:02:00+00:00
[2026-09-30T22:02:03.808+0000] {processor.py:175} INFO - Processing /home/airflow/.local/lib/python3.7/site-packages/airflow/example_dags/example_sla_dag.py took 0.182 seconds
[2026-09-30T22:02:33.981+0000] {processor.py:153} INFO - Started process (PID=28742) to work on /home/airflow/.local/lib/python3.7/site-packages/airflow/example_dags/example_sla_dag.py
[2026-09-30T22:02:33.983+0000] {processor.py:743} INFO - Processing file /home/airflow/.local/lib/python3.7/site-packages/airflow/example_dags/example_sla_dag.py for tasks to queue
[2026-09-30T22:02:33.985+0000] {logging_mixin.py:137} INFO - [2026-09-30T22:02:33.985+0000] {dagbag.py:538} INFO - Filling up the DagBag from /home/airflow/.local/lib/python3.7/site-packages/airflow/example_dags/example_sla_dag.py
[2026-09-30T22:02:34.020+0000] {processor.py:753} INFO - DAG(s) dict_keys(['example_sla_dag']) retrieved from /home/airflow/.local/lib/python3.7/site-packages/airflow/example_dags/example_sla_dag.py
[2026-09-30T22:02:34.072+0000] {logging_mixin.py:137} INFO - [2026-09-30T22:02:34.072+0000] {dag.py:2676} INFO - Sync 1 DAGs
[2026-09-30T22:02:34.111+0000] {logging_mixin.py:137} INFO - [2026-09-30T22:02:34.111+0000] {dag.py:3427} INFO - Setting next_dagrun for example_sla_dag to 2026-09-30T22:00:00+00:00, run_after=2026-09-30T22:02:00+00:00
[2026-09-30T22:02:34.140+0000] {processor.py:175} INFO - Processing /home/airflow/.local/lib/python3.7/site-packages/airflow/example_dags/example_sla_dag.py took 0.164 seconds
[2026-09-30T22:03:04.803+0000] {processor.py:153} INFO - Started process (PID=28822) to work on /home/airflow/.local/lib/python3.7/site-packages/airflow/example_dags/example_sla_dag.py
[2026-09-30T22:03:04.804+0000] {processor.py:743} INFO - Processing file /home/airflow/.local/lib/python3.7/site-packages/airflow/example_dags/example_sla_dag.py for tasks to queue
[2026-09-30T22:03:04.805+0000] {logging_mixin.py:137} INFO - [2026-09-30T22:03:04.805+0000] {dagbag.py:538} INFO - Filling up the DagBag from /home/airflow/.local/lib/python3.7/site-packages/airflow/example_dags/example_sla_dag.py
[2026-09-30T22:03:04.838+0000] {processor.py:753} INFO - DAG(s) dict_keys(['example_sla_dag']) retrieved from /home/airflow/.local/lib/python3.7/site-packages/airflow/example_dags/example_sla_dag.py
[2026-09-30T22:03:04.883+0000] {logging_mixin.py:137} INFO - [2026-09-30T22:03:04.882+0000] {dag.py:2676} INFO - Sync 1 DAGs
[2026-09-30T22:03:04.917+0000] {logging_mixin.py:137} INFO - [2026-09-30T22:03:04.917+0000] {dag.py:3427} INFO - Setting next_dagrun for example_sla_dag to 2026-09-30T22:00:00+00:00, run_after=2026-09-30T22:02:00+00:00
[2026-09-30T22:03:04.939+0000] {processor.py:175} INFO - Processing /home/airflow/.local/lib/python3.7/site-packages/airflow/example_dags/example_sla_dag.py took 0.140 seconds
[2026-09-30T22:03:35.143+0000] {processor.py:153} INFO - Started process (PID=28920) to work on /home/airflow/.local/lib/python3.7/site-packages/airflow/example_dags/example_sla_dag.py
[2026-09-30T22:03:35.144+0000] {processor.py:743} INFO - Processing file /home/airflow/.local/lib/python3.7/site-packages/airflow/example_dags/example_sla_dag.py for tasks to queue
[2026-09-30T22:03:35.144+0000] {logging_mixin.py:137} INFO - [2026-09-30T22:03:35.144+0000] {dagbag.py:538} INFO - Filling up the DagBag from /home/airflow/.local/lib/python3.7/site-packages/airflow/example_dags/example_sla_dag.py
[2026-09-30T22:03:35.180+0000] {processor.py:753} INFO - DAG(s) dict_keys(['example_sla_dag']) retrieved from /home/airflow/.local/lib/python3.7/site-packages/airflow/example_dags/example_sla_dag.py
[2026-09-30T22:03:35.232+0000] {logging_mixin.py:137} INFO - [2026-09-30T22:03:35.231+0000] {dag.py:2676} INFO - Sync 1 DAGs
[2026-09-30T22:03:35.270+0000] {logging_mixin.py:137} INFO - [2026-09-30T22:03:35.270+0000] {dag.py:3427} INFO - Setting next_dagrun for example_sla_dag to 2026-09-30T22:00:00+00:00, run_after=2026-09-30T22:02:00+00:00
[2026-09-30T22:03:35.302+0000] {processor.py:175} INFO - Processing /home/airflow/.local/lib/python3.7/site-packages/airflow/example_dags/example_sla_dag.py took 0.164 seconds
[2026-09-30T22:04:05.540+0000] {processor.py:153} INFO - Started process (PID=28999) to work on /home/airflow/.local/lib/python3.7/site-packages/airflow/example_dags/example_sla_dag.py
[2026-09-30T22:04:05.543+0000] {processor.py:743} INFO - Processing file /home/airflow/.local/lib/python3.7/site-packages/airflow/example_dags/example_sla_dag.py for tasks to queue
[2026-09-30T22:04:05.544+0000] {logging_mixin.py:137} INFO - [2026-09-30T22:04:05.544+0000] {dagbag.py:538} INFO - Filling up the DagBag from /home/airflow/.local/lib/python3.7/site-packages/airflow/example_dags/example_sla_dag.py
[2026-09-30T22:04:05.588+0000] {processor.py:753} INFO - DAG(s) dict_keys(['example_sla_dag']) retrieved from /home/airflow/.local/lib/python3.7/site-packages/airflow/example_dags/example_sla_dag.py
[2026-09-30T22:04:05.635+0000] {logging_mixin.py:137} INFO - [2026-09-30T22:04:05.635+0000] {dag.py:2676} INFO - Sync 1 DAGs
[2026-09-30T22:04:05.672+0000] {logging_mixin.py:137} INFO - [2026-09-30T22:04:05.672+0000] {dag.py:3427} INFO - Setting next_dagrun for example_sla_dag to 2026-09-30T22:02:00+00:00, run_after=2026-09-30T22:04:00+00:00
[2026-09-30T22:04:05.696+0000] {processor.py:175} INFO - Processing /home/airflow/.local/lib/python3.7/site-packages/airflow/example_dags/example_sla_dag.py took 0.162 seconds
[2026-09-30T22:04:35.893+0000] {processor.py:153} INFO - Started process (PID=29078) to work on /home/airflow/.local/lib/python3.7/site-packages/airflow/example_dags/example_sla_dag.py
[2026-09-30T22:04:35.894+0000] {processor.py:743} INFO - Processing file /home/airflow/.local/lib/python3.7/site-packages/airflow/example_dags/example_sla_dag.py for tasks to queue
[2026-09-30T22:04:35.895+0000] {logging_mixin.py:137} INFO - [2026-09-30T22:04:35.894+0000] {dagbag.py:538} INFO - Filling up the DagBag from /home/airflow/.local/lib/python3.7/site-packages/airflow/example_dags/example_sla_dag.py
[2026-09-30T22:04:35.927+0000] {processor.py:753} INFO - DAG(s) dict_keys(['example_sla_dag']) retrieved from /home/airflow/.local/lib/python3.7/site-packages/airflow/example_dags/example_sla_dag.py
[2026-09-30T22:04:35.974+0000] {logging_mixin.py:137} INFO - [2026-09-30T22:04:35.973+0000] {dag.py:2676} INFO - Sync 1 DAGs
[2026-09-30T22:04:36.009+0000] {logging_mixin.py:137} INFO - [2026-09-30T22:04:36.009+0000] {dag.py:3427} INFO - Setting next_dagrun for example_sla_dag to 2026-09-30T22:02:00+00:00, run_after=2026-09-30T22:04:00+00:00
[2026-09-30T22:04:36.032+0000] {processor.py:175} INFO - Processing /home/airflow/.local/lib/python3.7/site-packages/airflow/example_dags/example_sla_dag.py took 0.143 seconds
[2026-09-30T22:05:06.165+0000] {processor.py:153} INFO - Started process (PID=29157) to work on /home/airflow/.local/lib/python3.7/site-packages/airflow/example_dags/example_sla_dag.py
[2026-09-30T22:05:06.168+0000] {processor.py:743} INFO - Processing file /home/airflow/.local/lib/python3.7/site-packages/airflow/example_dags/example_sla_dag.py for tasks to queue
[2026-09-30T22:05:06.169+0000] {logging_mixin.py:137} INFO - [2026-09-30T22:05:06.169+0000] {dagbag.py:538} INFO - Filling up the DagBag from /home/airflow/.local/lib/python3.7/site-packages/airflow/example_dags/example_sla_dag.py
[2026-09-30T22:05:06.217+0000] {processor.py:753} INFO - DAG(s) dict_keys(['example_sla_dag']) retrieved from /home/airflow/.local/lib/python3.7/site-packages/airflow/example_dags/example_sla_dag.py
[2026-09-30T22:05:06.282+0000] {logging_mixin.py:137} INFO - [2026-09-30T22:05:06.282+0000] {dag.py:2676} INFO - Sync 1 DAGs
[2026-09-30T22:05:06.338+0000] {logging_mixin.py:137} INFO - [2026-09-30T22:05:06.338+0000] {dag.py:3427} INFO - Setting next_dagrun for example_sla_dag to 2026-09-30T22:02:00+00:00, run_after=2026-09-30T22:04:00+00:00
[2026-09-30T22:05:06.369+0000] {processor.py:175} INFO - Processing /home/airflow/.local/lib/python3.7/site-packages/airflow/example_dags/example_sla_dag.py took 0.210 seconds
[2026-09-30T22:05:36.554+0000] {processor.py:153} INFO - Started process (PID=29245) to work on /home/airflow/.local/lib/python3.7/site-packages/airflow/example_dags/example_sla_dag.py
[2026-09-30T22:05:36.555+0000] {processor.py:743} INFO - Processing file /home/airflow/.local/lib/python3.7/site-packages/airflow/example_dags/example_sla_dag.py for tasks to queue
[2026-09-30T22:05:36.556+0000] {logging_mixin.py:137} INFO - [2026-09-30T22:05:36.556+0000] {dagbag.py:538} INFO - Filling up the DagBag from /home/airflow/.local/lib/python3.7/site-packages/airflow/example_dags/example_sla_dag.py
[2026-09-30T22:05:36.620+0000] {processor.py:753} INFO - DAG(s) dict_keys(['example_sla_dag']) retrieved from /home/airflow/.local/lib/python3.7/site-packages/airflow/example_dags/example_sla_dag.py
[2026-09-30T22:05:36.691+0000] {logging_mixin.py:137} INFO - [2026-09-30T22:05:36.690+0000] {dag.py:2676} INFO - Sync 1 DAGs
[2026-09-30T22:05:36.736+0000] {logging_mixin.py:137} INFO - [2026-09-30T22:05:36.736+0000] {dag.py:3427} INFO - Setting next_dagrun for example_sla_dag to 2026-09-30T22:02:00+00:00, run_after=2026-09-30T22:04:00+00:00
[2026-09-30T22:05:36.764+0000] {processor.py:175} INFO - Processing /home/airflow/.local/lib/python3.7/site-packages/airflow/example_dags/example_sla_dag.py took 0.214 seconds
[2026-09-30T22:06:06.899+0000] {processor.py:153} INFO - Started process (PID=29335) to work on /home/airflow/.local/lib/python3.7/site-packages/airflow/example_dags/example_sla_dag.py
[2026-09-30T22:06:06.900+0000] {processor.py:743} INFO - Processing file /home/airflow/.local/lib/python3.7/site-packages/airflow/example_dags/example_sla_dag.py for tasks to queue
[2026-09-30T22:06:06.901+0000] {logging_mixin.py:137} INFO - [2026-09-30T22:06:06.901+0000] {dagbag.py:538} INFO - Filling up the DagBag from /home/airflow/.local/lib/python3.7/site-packages/airflow/example_dags/example_sla_dag.py
[2026-09-30T22:06:06.935+0000] {processor.py:753} INFO - DAG(s) dict_keys(['example_sla_dag']) retrieved from /home/airflow/.local/lib/python3.7/site-packages/airflow/example_dags/example_sla_dag.py
[2026-09-30T22:06:06.985+0000] {logging_mixin.py:137} INFO - [2026-09-30T22:06:06.985+0000] {dag.py:2676} INFO - Sync 1 DAGs
[2026-09-30T22:06:07.022+0000] {logging_mixin.py:137} INFO - [2026-09-30T22:06:07.022+0000] {dag.py:3427} INFO - Setting next_dagrun for example_sla_dag to 2026-09-30T22:04:00+00:00, run_after=2026-09-30T22:06:00+00:00
[2026-09-30T22:06:07.045+0000] {processor.py:175} INFO - Processing /home/airflow/.local/lib/python3.7/site-packages/airflow/example_dags/example_sla_dag.py took 0.150 seconds
[2026-09-30T22:06:37.944+0000] {processor.py:153} INFO - Started process (PID=29415) to work on /home/airflow/.local/lib/python3.7/site-packages/airflow/example_dags/example_sla_dag.py
[2026-09-30T22:06:37.945+0000] {processor.py:743} INFO - Processing file /home/airflow/.local/lib/python3.7/site-packages/airflow/example_dags/example_sla_dag.py for tasks to queue
[2026-09-30T22:06:37.946+0000] {logging_mixin.py:137} INFO - [2026-09-30T22:06:37.946+0000] {dagbag.py:538} INFO - Filling up the DagBag from /home/airflow/.local/lib/python3.7/site-packages/airflow/example_dags/example_sla_dag.py
[2026-09-30T22:06:37.979+0000] {processor.py:753} INFO - DAG(s) dict_keys(['example_sla_dag']) retrieved from /home/airflow/.local/lib/python3.7/site-packages/airflow/example_dags/example_sla_dag.py
[2026-09-30T22:06:38.033+0000] {logging_mixin.py:137} INFO - [2026-09-30T22:06:38.033+0000] {dag.py:2676} INFO - Sync 1 DAGs
[2026-09-30T22:06:38.073+0000] {logging_mixin.py:137} INFO - [2026-09-30T22:06:38.073+0000] {dag.py:3427} INFO - Setting next_dagrun for example_sla_dag to 2026-09-30T22:04:00+00:00, run_after=2026-09-30T22:06:00+00:00
[2026-09-30T22:06:38.102+0000] {processor.py:175} INFO - Processing /home/airflow/.local/lib/python3.7/site-packages/airflow/example_dags/example_sla_dag.py took 0.161 seconds
[2026-09-30T22:07:08.182+0000] {processor.py:153} INFO - Started process (PID=29500) to work on /home/airflow/.local/lib/python3.7/site-packages/airflow/example_dags/example_sla_dag.py
[2026-09-30T22:07:08.185+0000] {processor.py:743} INFO - Processing file /home/airflow/.local/lib/python3.7/site-packages/airflow/example_dags/example_sla_dag.py for tasks to queue
[2026-09-30T22:07:08.186+0000] {logging_mixin.py:137} INFO - [2026-09-30T22:07:08.186+0000] {dagbag.py:538} INFO - Filling up the DagBag from /home/airflow/.local/lib/python3.7/site-packages/airflow/example_dags/example_sla_dag.py
[2026-09-30T22:07:08.231+0000] {processor.py:753} INFO - DAG(s) dict_keys(['example_sla_dag']) retrieved from /home/airflow/.local/lib/python3.7/site-packages/airflow/example_dags/example_sla_dag.py
[2026-09-30T22:07:08.281+0000] {logging_mixin.py:137} INFO - [2026-09-30T22:07:08.281+0000] {dag.py:2676} INFO - Sync 1 DAGs
[2026-09-30T22:07:08.317+0000] {logging_mixin.py:137} INFO - [2026-09-30T22:07:08.317+0000] {dag.py:3427} INFO - Setting next_dagrun for example_sla_dag to 2026-09-30T22:04:00+00:00, run_after=2026-09-30T22:06:00+00:00
[2026-09-30T22:07:08.339+0000] {processor.py:175} INFO - Processing /home/airflow/.local/lib/python3.7/site-packages/airflow/example_dags/example_sla_dag.py took 0.163 seconds
[2026-09-30T22:07:38.722+0000] {processor.py:153} INFO - Started process (PID=29592) to work on /home/airflow/.local/lib/python3.7/site-packages/airflow/example_dags/example_sla_dag.py
[2026-09-30T22:07:38.723+0000] {processor.py:743} INFO - Processing file /home/airflow/.local/lib/python3.7/site-packages/airflow/example_dags/example_sla_dag.py for tasks to queue
[2026-09-30T22:07:38.724+0000] {logging_mixin.py:137} INFO - [2026-09-30T22:07:38.724+0000] {dagbag.py:538} INFO - Filling up the DagBag from /home/airflow/.local/lib/python3.7/site-packages/airflow/example_dags/example_sla_dag.py
[2026-09-30T22:07:38.755+0000] {processor.py:753} INFO - DAG(s) dict_keys(['example_sla_dag']) retrieved from /home/airflow/.local/lib/python3.7/site-packages/airflow/example_dags/example_sla_dag.py
[2026-09-30T22:07:38.802+0000] {logging_mixin.py:137} INFO - [2026-09-30T22:07:38.802+0000] {dag.py:2676} INFO - Sync 1 DAGs
[2026-09-30T22:07:38.848+0000] {logging_mixin.py:137} INFO - [2026-09-30T22:07:38.848+0000] {dag.py:3427} INFO - Setting next_dagrun for example_sla_dag to 2026-09-30T22:04:00+00:00, run_after=2026-09-30T22:06:00+00:00
[2026-09-30T22:07:38.878+0000] {processor.py:175} INFO - Processing /home/airflow/.local/lib/python3.7/site-packages/airflow/example_dags/example_sla_dag.py took 0.160 seconds
[2026-09-30T22:08:09.295+0000] {processor.py:153} INFO - Started process (PID=29671) to work on /home/airflow/.local/lib/python3.7/site-packages/airflow/example_dags/example_sla_dag.py
[2026-09-30T22:08:09.297+0000] {processor.py:743} INFO - Processing file /home/airflow/.local/lib/python3.7/site-packages/airflow/example_dags/example_sla_dag.py for tasks to queue
[2026-09-30T22:08:09.298+0000] {logging_mixin.py:137} INFO - [2026-09-30T22:08:09.298+0000] {dagbag.py:538} INFO - Filling up the DagBag from /home/airflow/.local/lib/python3.7/site-packages/airflow/example_dags/example_sla_dag.py
[2026-09-30T22:08:09.321+0000] {processor.py:753} INFO - DAG(s) dict_keys(['example_sla_dag']) retrieved from /home/airflow/.local/lib/python3.7/site-packages/airflow/example_dags/example_sla_dag.py
[2026-09-30T22:08:09.357+0000] {logging_mixin.py:137} INFO - [2026-09-30T22:08:09.356+0000] {dag.py:2676} INFO - Sync 1 DAGs
[2026-09-30T22:08:09.385+0000] {logging_mixin.py:137} INFO - [2026-09-30T22:08:09.385+0000] {dag.py:3427} INFO - Setting next_dagrun for example_sla_dag to 2026-09-30T22:06:00+00:00, run_after=2026-09-30T22:08:00+00:00
[2026-09-30T22:08:09.402+0000] {processor.py:175} INFO - Processing /home/airflow/.local/lib/python3.7/site-packages/airflow/example_dags/example_sla_dag.py took 0.110 seconds
[2026-09-30T22:08:39.535+0000] {processor.py:153} INFO - Started process (PID=29750) to work on /home/airflow/.local/lib/python3.7/site-packages/airflow/example_dags/example_sla_dag.py
[2026-09-30T22:08:39.536+0000] {processor.py:743} INFO - Processing file /home/airflow/.local/lib/python3.7/site-packages/airflow/example_dags/example_sla_dag.py for tasks to queue
[2026-09-30T22:08:39.538+0000] {logging_mixin.py:137} INFO - [2026-09-30T22:08:39.538+0000] {dagbag.py:538} INFO - Filling up the DagBag from /home/airflow/.local/lib/python3.7/site-packages/airflow/example_dags/example_sla_dag.py
[2026-09-30T22:08:39.571+0000] {processor.py:753} INFO - DAG(s) dict_keys(['example_sla_dag']) retrieved from /home/airflow/.local/lib/python3.7/site-packages/airflow/example_dags/example_sla_dag.py
[2026-09-30T22:08:39.634+0000] {logging_mixin.py:137} INFO - [2026-09-30T22:08:39.634+0000] {dag.py:2676} INFO - Sync 1 DAGs
[2026-09-30T22:08:39.670+0000] {logging_mixin.py:137} INFO - [2026-09-30T22:08:39.670+0000] {dag.py:3427} INFO - Setting next_dagrun for example_sla_dag to 2026-09-30T22:06:00+00:00, run_after=2026-09-30T22:08:00+00:00
[2026-09-30T22:08:39.690+0000] {processor.py:175} INFO - Processing /home/airflow/.local/lib/python3.7/site-packages/airflow/example_dags/example_sla_dag.py took 0.159 seconds
[2026-09-30T22:09:10.231+0000] {processor.py:153} INFO - Started process (PID=29829) to work on /home/airflow/.local/lib/python3.7/site-packages/airflow/example_dags/example_sla_dag.py
[2026-09-30T22:09:10.232+0000] {processor.py:743} INFO - Processing file /home/airflow/.local/lib/python3.7/site-packages/airflow/example_dags/example_sla_dag.py for tasks to queue
[2026-09-30T22:09:10.232+0000] {logging_mixin.py:137} INFO - [2026-09-30T22:09:10.232+0000] {dagbag.py:538} INFO - Filling up the DagBag from /home/airflow/.local/lib/python3.7/site-packages/airflow/example_dags/example_sla_dag.py
[2026-09-30T22:09:10.270+0000] {processor.py:753} INFO - DAG(s) dict_keys(['example_sla_dag']) retrieved from /home/airflow/.local/lib/python3.7/site-packages/airflow/example_dags/example_sla_dag.py
[2026-09-30T22:09:10.325+0000] {logging_mixin.py:137} INFO - [2026-09-30T22:09:10.324+0000] {dag.py:2676} INFO - Sync 1 DAGs
[2026-09-30T22:09:10.365+0000] {logging_mixin.py:137} INFO - [2026-09-30T22:09:10.365+0000] {dag.py:3427} INFO - Setting next_dagrun for example_sla_dag to 2026-09-30T22:06:00+00:00, run_after=2026-09-30T22:08:00+00:00
[2026-09-30T22:09:10.386+0000] {processor.py:175} INFO - Processing /home/airflow/.local/lib/python3.7/site-packages/airflow/example_dags/example_sla_dag.py took 0.161 seconds
[2026-09-30T22:09:41.077+0000] {processor.py:153} INFO - Started process (PID=29928) to work on /home/airflow/.local/lib/python3.7/site-packages/airflow/example_dags/example_sla_dag.py
[2026-09-30T22:09:41.078+0000] {processor.py:743} INFO - Processing file /home/airflow/.local/lib/python3.7/site-packages/airflow/example_dags/example_sla_dag.py for tasks to queue
[2026-09-30T22:09:41.079+0000] {logging_mixin.py:137} INFO - [2026-09-30T22:09:41.079+0000] {dagbag.py:538} INFO - Filling up the DagBag from /home/airflow/.local/lib/python3.7/site-packages/airflow/example_dags/example_sla_dag.py
[2026-09-30T22:09:41.112+0000] {processor.py:753} INFO - DAG(s) dict_keys(['example_sla_dag']) retrieved from /home/airflow/.local/lib/python3.7/site-packages/airflow/example_dags/example_sla_dag.py
[2026-09-30T22:09:41.171+0000] {logging_mixin.py:137} INFO - [2026-09-30T22:09:41.171+0000] {dag.py:2676} INFO - Sync 1 DAGs
[2026-09-30T22:09:41.207+0000] {logging_mixin.py:137} INFO - [2026-09-30T22:09:41.207+0000] {dag.py:3427} INFO - Setting next_dagrun for example_sla_dag to 2026-09-30T22:06:00+00:00, run_after=2026-09-30T22:08:00+00:00
[2026-09-30T22:09:41.228+0000] {processor.py:175} INFO - Processing /home/airflow/.local/lib/python3.7/site-packages/airflow/example_dags/example_sla_dag.py took 0.156 seconds
[2026-09-30T22:10:11.304+0000] {processor.py:153} INFO - Started process (PID=30007) to work on /home/airflow/.local/lib/python3.7/site-packages/airflow/example_dags/example_sla_dag.py
[2026-09-30T22:10:11.305+0000] {processor.py:743} INFO - Processing file /home/airflow/.local/lib/python3.7/site-packages/airflow/example_dags/example_sla_dag.py for tasks to queue
[2026-09-30T22:10:11.306+0000] {logging_mixin.py:137} INFO - [2026-09-30T22:10:11.306+0000] {dagbag.py:538} INFO - Filling up the DagBag from /home/airflow/.local/lib/python3.7/site-packages/airflow/example_dags/example_sla_dag.py
[2026-09-30T22:10:11.339+0000] {processor.py:753} INFO - DAG(s) dict_keys(['example_sla_dag']) retrieved from /home/airflow/.local/lib/python3.7/site-packages/airflow/example_dags/example_sla_dag.py
[2026-09-30T22:10:11.390+0000] {logging_mixin.py:137} INFO - [2026-09-30T22:10:11.390+0000] {dag.py:2676} INFO - Sync 1 DAGs
[2026-09-30T22:10:11.424+0000] {logging_mixin.py:137} INFO - [2026-09-30T22:10:11.424+0000] {dag.py:3427} INFO - Setting next_dagrun for example_sla_dag to 2026-09-30T22:08:00+00:00, run_after=2026-09-30T22:10:00+00:00
[2026-09-30T22:10:11.444+0000] {processor.py:175} INFO - Processing /home/airflow/.local/lib/python3.7/site-packages/airflow/example_dags/example_sla_dag.py took 0.145 seconds
[2026-09-30T22:10:41.848+0000] {processor.py:153} INFO - Started process (PID=30086) to work on /home/airflow/.local/lib/python3.7/site-packages/airflow/example_dags/example_sla_dag.py
[2026-09-30T22:10:41.849+0000] {processor.py:743} INFO - Processing file /home/airflow/.local/lib/python3.7/site-packages/airflow/example_dags/example_sla_dag.py for tasks to queue
[2026-09-30T22:10:41.850+0000] {logging_mixin.py:137} INFO - [2026-09-30T22:10:41.850+0000] {dagbag.py:538} INFO - Filling up the DagBag from /home/airflow/.local/lib/python3.7/site-packages/airflow/example_dags/example_sla_dag.py
[2026-09-30T22:10:41.880+0000] {processor.py:753} INFO - DAG(s) dict_keys(['example_sla_dag']) retrieved from /home/airflow/.local/lib/python3.7/site-packages/airflow/example_dags/example_sla_dag.py
[2026-09-30T22:10:41.933+0000] {logging_mixin.py:137} INFO - [2026-09-30T22:10:41.933+0000] {dag.py:2676} INFO - Sync 1 DAGs
[2026-09-30T22:10:41.970+0000] {logging_mixin.py:137} INFO - [2026-09-30T22:10:41.969+0000] {dag.py:3427} INFO - Setting next_dagrun for example_sla_dag to 2026-09-30T22:08:00+00:00, run_after=2026-09-30T22:10:00+00:00
[2026-09-30T22:10:41.992+0000] {processor.py:175} INFO - Processing /home/airflow/.local/lib/python3.7/site-packages/airflow/example_dags/example_sla_dag.py took 0.147 seconds
[2026-09-30T22:11:12.793+0000] {processor.py:153} INFO - Started process (PID=30219) to work on /home/airflow/.local/lib/python3.7/site-packages/airflow/example_dags/example_sla_dag.py
[2026-09-30T22:11:12.794+0000] {processor.py:743} INFO - Processing file /home/airflow/.local/lib/python3.7/site-packages/airflow/example_dags/example_sla_dag.py for tasks to queue
[2026-09-30T22:11:12.795+0000] {logging_mixin.py:137} INFO - [2026-09-30T22:11:12.795+0000] {dagbag.py:538} INFO - Filling up the DagBag from /home/airflow/.local/lib/python3.7/site-packages/airflow/example_dags/example_sla_dag.py
[2026-09-30T22:11:12.818+0000] {processor.py:753} INFO - DAG(s) dict_keys(['example_sla_dag']) retrieved from /home/airflow/.local/lib/python3.7/site-packages/airflow/example_dags/example_sla_dag.py
[2026-09-30T22:11:12.853+0000] {logging_mixin.py:137} INFO - [2026-09-30T22:11:12.853+0000] {dag.py:2676} INFO - Sync 1 DAGs
[2026-09-30T22:11:12.882+0000] {logging_mixin.py:137} INFO - [2026-09-30T22:11:12.882+0000] {dag.py:3427} INFO - Setting next_dagrun for example_sla_dag to 2026-09-30T22:08:00+00:00, run_after=2026-09-30T22:10:00+00:00
[2026-09-30T22:11:12.899+0000] {processor.py:175} INFO - Processing /home/airflow/.local/lib/python3.7/site-packages/airflow/example_dags/example_sla_dag.py took 0.109 seconds
[2026-09-30T22:11:43.711+0000] {processor.py:153} INFO - Started process (PID=30399) to work on /home/airflow/.local/lib/python3.7/site-packages/airflow/example_dags/example_sla_dag.py
[2026-09-30T22:11:43.712+0000] {processor.py:743} INFO - Processing file /home/airflow/.local/lib/python3.7/site-packages/airflow/example_dags/example_sla_dag.py for tasks to queue
[2026-09-30T22:11:43.712+0000] {logging_mixin.py:137} INFO - [2026-09-30T22:11:43.712+0000] {dagbag.py:538} INFO - Filling up the DagBag from /home/airflow/.local/lib/python3.7/site-packages/airflow/example_dags/example_sla_dag.py
[2026-09-30T22:11:43.752+0000] {processor.py:753} INFO - DAG(s) dict_keys(['example_sla_dag']) retrieved from /home/airflow/.local/lib/python3.7/site-packages/airflow/example_dags/example_sla_dag.py
[2026-09-30T22:11:43.809+0000] {logging_mixin.py:137} INFO - [2026-09-30T22:11:43.809+0000] {dag.py:2676} INFO - Sync 1 DAGs
[2026-09-30T22:11:43.857+0000] {logging_mixin.py:137} INFO - [2026-09-30T22:11:43.857+0000] {dag.py:3427} INFO - Setting next_dagrun for example_sla_dag to 2026-09-30T22:08:00+00:00, run_after=2026-09-30T22:10:00+00:00
[2026-09-30T22:11:43.880+0000] {processor.py:175} INFO - Processing /home/airflow/.local/lib/python3.7/site-packages/airflow/example_dags/example_sla_dag.py took 0.173 seconds
[2026-09-30T22:12:14.027+0000] {processor.py:153} INFO - Started process (PID=30563) to work on /home/airflow/.local/lib/python3.7/site-packages/airflow/example_dags/example_sla_dag.py
[2026-09-30T22:12:14.027+0000] {processor.py:743} INFO - Processing file /home/airflow/.local/lib/python3.7/site-packages/airflow/example_dags/example_sla_dag.py for tasks to queue
[2026-09-30T22:12:14.028+0000] {logging_mixin.py:137} INFO - [2026-09-30T22:12:14.028+0000] {dagbag.py:538} INFO - Filling up the DagBag from /home/airflow/.local/lib/python3.7/site-packages/airflow/example_dags/example_sla_dag.py
[2026-09-30T22:12:14.050+0000] {processor.py:753} INFO - DAG(s) dict_keys(['example_sla_dag']) retrieved from /home/airflow/.local/lib/python3.7/site-packages/airflow/example_dags/example_sla_dag.py
[2026-09-30T22:12:14.085+0000] {logging_mixin.py:137} INFO - [2026-09-30T22:12:14.085+0000] {dag.py:2676} INFO - Sync 1 DAGs
[2026-09-30T22:12:14.112+0000] {logging_mixin.py:137} INFO - [2026-09-30T22:12:14.112+0000] {dag.py:3427} INFO - Setting next_dagrun for example_sla_dag to 2026-09-30T22:10:00+00:00, run_after=2026-09-30T22:12:00+00:00
[2026-09-30T22:12:14.129+0000] {processor.py:175} INFO - Processing /home/airflow/.local/lib/python3.7/site-packages/airflow/example_dags/example_sla_dag.py took 0.105 seconds
[2026-09-30T22:12:44.619+0000] {processor.py:153} INFO - Started process (PID=30776) to work on /home/airflow/.local/lib/python3.7/site-packages/airflow/example_dags/example_sla_dag.py
[2026-09-30T22:12:44.620+0000] {processor.py:743} INFO - Processing file /home/airflow/.local/lib/python3.7/site-packages/airflow/example_dags/example_sla_dag.py for tasks to queue
[2026-09-30T22:12:44.620+0000] {logging_mixin.py:137} INFO - [2026-09-30T22:12:44.620+0000] {dagbag.py:538} INFO - Filling up the DagBag from /home/airflow/.local/lib/python3.7/site-packages/airflow/example_dags/example_sla_dag.py
[2026-09-30T22:12:44.646+0000] {processor.py:753} INFO - DAG(s) dict_keys(['example_sla_dag']) retrieved from /home/airflow/.local/lib/python3.7/site-packages/airflow/example_dags/example_sla_dag.py
[2026-09-30T22:12:44.686+0000] {logging_mixin.py:137} INFO - [2026-09-30T22:12:44.686+0000] {dag.py:2676} INFO - Sync 1 DAGs
[2026-09-30T22:12:44.714+0000] {logging_mixin.py:137} INFO - [2026-09-30T22:12:44.714+0000] {dag.py:3427} INFO - Setting next_dagrun for example_sla_dag to 2026-09-30T22:10:00+00:00, run_after=2026-09-30T22:12:00+00:00
[2026-09-30T22:12:44.733+0000] {processor.py:175} INFO - Processing /home/airflow/.local/lib/python3.7/site-packages/airflow/example_dags/example_sla_dag.py took 0.116 seconds
[2026-09-30T22:13:15.746+0000] {processor.py:153} INFO - Started process (PID=30957) to work on /home/airflow/.local/lib/python3.7/site-packages/airflow/example_dags/example_sla_dag.py
[2026-09-30T22:13:15.747+0000] {processor.py:743} INFO - Processing file /home/airflow/.local/lib/python3.7/site-packages/airflow/example_dags/example_sla_dag.py for tasks to queue
[2026-09-30T22:13:15.748+0000] {logging_mixin.py:137} INFO - [2026-09-30T22:13:15.748+0000] {dagbag.py:538} INFO - Filling up the DagBag from /home/airflow/.local/lib/python3.7/site-packages/airflow/example_dags/example_sla_dag.py
[2026-09-30T22:13:15.786+0000] {processor.py:753} INFO - DAG(s) dict_keys(['example_sla_dag']) retrieved from /home/airflow/.local/lib/python3.7/site-packages/airflow/example_dags/example_sla_dag.py
[2026-09-30T22:13:15.873+0000] {logging_mixin.py:137} INFO - [2026-09-30T22:13:15.873+0000] {dag.py:2676} INFO - Sync 1 DAGs
[2026-09-30T22:13:15.918+0000] {logging_mixin.py:137} INFO - [2026-09-30T22:13:15.917+0000] {dag.py:3427} INFO - Setting next_dagrun for example_sla_dag to 2026-09-30T22:10:00+00:00, run_after=2026-09-30T22:12:00+00:00
[2026-09-30T22:13:15.964+0000] {processor.py:175} INFO - Processing /home/airflow/.local/lib/python3.7/site-packages/airflow/example_dags/example_sla_dag.py took 0.227 seconds
[2026-09-30T22:13:46.495+0000] {processor.py:153} INFO - Started process (PID=31141) to work on /home/airflow/.local/lib/python3.7/site-packages/airflow/example_dags/example_sla_dag.py
[2026-09-30T22:13:46.496+0000] {processor.py:743} INFO - Processing file /home/airflow/.local/lib/python3.7/site-packages/airflow/example_dags/example_sla_dag.py for tasks to queue
[2026-09-30T22:13:46.497+0000] {logging_mixin.py:137} INFO - [2026-09-30T22:13:46.497+0000] {dagbag.py:538} INFO - Filling up the DagBag from /home/airflow/.local/lib/python3.7/site-packages/airflow/example_dags/example_sla_dag.py
[2026-09-30T22:13:46.535+0000] {processor.py:753} INFO - DAG(s) dict_keys(['example_sla_dag']) retrieved from /home/airflow/.local/lib/python3.7/site-packages/airflow/example_dags/example_sla_dag.py
[2026-09-30T22:13:46.588+0000] {logging_mixin.py:137} INFO - [2026-09-30T22:13:46.588+0000] {dag.py:2676} INFO - Sync 1 DAGs
[2026-09-30T22:13:46.630+0000] {logging_mixin.py:137} INFO - [2026-09-30T22:13:46.630+0000] {dag.py:3427} INFO - Setting next_dagrun for example_sla_dag to 2026-09-30T22:10:00+00:00, run_after=2026-09-30T22:12:00+00:00
[2026-09-30T22:13:46.656+0000] {processor.py:175} INFO - Processing /home/airflow/.local/lib/python3.7/site-packages/airflow/example_dags/example_sla_dag.py took 0.164 seconds
[2026-09-30T22:14:16.836+0000] {processor.py:153} INFO - Started process (PID=31291) to work on /home/airflow/.local/lib/python3.7/site-packages/airflow/example_dags/example_sla_dag.py
[2026-09-30T22:14:16.837+0000] {processor.py:743} INFO - Processing file /home/airflow/.local/lib/python3.7/site-packages/airflow/example_dags/example_sla_dag.py for tasks to queue
[2026-09-30T22:14:16.838+0000] {logging_mixin.py:137} INFO - [2026-09-30T22:14:16.838+0000] {dagbag.py:538} INFO - Filling up the DagBag from /home/airflow/.local/lib/python3.7/site-packages/airflow/example_dags/example_sla_dag.py
[2026-09-30T22:14:16.869+0000] {processor.py:753} INFO - DAG(s) dict_keys(['example_sla_dag']) retrieved from /home/airflow/.local/lib/python3.7/site-packages/airflow/example_dags/example_sla_dag.py
[2026-09-30T22:14:16.918+0000] {logging_mixin.py:137} INFO - [2026-09-30T22:14:16.918+0000] {dag.py:2676} INFO - Sync 1 DAGs
[2026-09-30T22:14:16.957+0000] {logging_mixin.py:137} INFO - [2026-09-30T22:14:16.956+0000] {dag.py:3427} INFO - Setting next_dagrun for example_sla_dag to 2026-09-30T22:12:00+00:00, run_after=2026-09-30T22:14:00+00:00
[2026-09-30T22:14:16.977+0000] {processor.py:175} INFO - Processing /home/airflow/.local/lib/python3.7/site-packages/airflow/example_dags/example_sla_dag.py took 0.145 seconds
[2026-09-30T22:14:47.034+0000] {processor.py:153} INFO - Started process (PID=31369) to work on /home/airflow/.local/lib/python3.7/site-packages/airflow/example_dags/example_sla_dag.py
[2026-09-30T22:14:47.035+0000] {processor.py:743} INFO - Processing file /home/airflow/.local/lib/python3.7/site-packages/airflow/example_dags/example_sla_dag.py for tasks to queue
[2026-09-30T22:14:47.036+0000] {logging_mixin.py:137} INFO - [2026-09-30T22:14:47.036+0000] {dagbag.py:538} INFO - Filling up the DagBag from /home/airflow/.local/lib/python3.7/site-packages/airflow/example_dags/example_sla_dag.py
[2026-09-30T22:14:47.079+0000] {processor.py:753} INFO - DAG(s) dict_keys(['example_sla_dag']) retrieved from /home/airflow/.local/lib/python3.7/site-packages/airflow/example_dags/example_sla_dag.py
[2026-09-30T22:14:47.140+0000] {logging_mixin.py:137} INFO - [2026-09-30T22:14:47.139+0000] {dag.py:2676} INFO - Sync 1 DAGs
[2026-09-30T22:14:47.174+0000] {logging_mixin.py:137} INFO - [2026-09-30T22:14:47.174+0000] {dag.py:3427} INFO - Setting next_dagrun for example_sla_dag to 2026-09-30T22:12:00+00:00, run_after=2026-09-30T22:14:00+00:00
[2026-09-30T22:14:47.194+0000] {processor.py:175} INFO - Processing /home/airflow/.local/lib/python3.7/site-packages/airflow/example_dags/example_sla_dag.py took 0.166 seconds
[2026-09-30T22:15:17.318+0000] {processor.py:153} INFO - Started process (PID=31468) to work on /home/airflow/.local/lib/python3.7/site-packages/airflow/example_dags/example_sla_dag.py
[2026-09-30T22:15:17.320+0000] {processor.py:743} INFO - Processing file /home/airflow/.local/lib/python3.7/site-packages/airflow/example_dags/example_sla_dag.py for tasks to queue
[2026-09-30T22:15:17.321+0000] {logging_mixin.py:137} INFO - [2026-09-30T22:15:17.321+0000] {dagbag.py:538} INFO - Filling up the DagBag from /home/airflow/.local/lib/python3.7/site-packages/airflow/example_dags/example_sla_dag.py
[2026-09-30T22:15:17.352+0000] {processor.py:753} INFO - DAG(s) dict_keys(['example_sla_dag']) retrieved from /home/airflow/.local/lib/python3.7/site-packages/airflow/example_dags/example_sla_dag.py
[2026-09-30T22:15:17.399+0000] {logging_mixin.py:137} INFO - [2026-09-30T22:15:17.399+0000] {dag.py:2676} INFO - Sync 1 DAGs
[2026-09-30T22:15:17.441+0000] {logging_mixin.py:137} INFO - [2026-09-30T22:15:17.441+0000] {dag.py:3427} INFO - Setting next_dagrun for example_sla_dag to 2026-09-30T22:12:00+00:00, run_after=2026-09-30T22:14:00+00:00
[2026-09-30T22:15:17.465+0000] {processor.py:175} INFO - Processing /home/airflow/.local/lib/python3.7/site-packages/airflow/example_dags/example_sla_dag.py took 0.151 seconds
[2026-09-30T22:15:47.753+0000] {processor.py:153} INFO - Started process (PID=31548) to work on /home/airflow/.local/lib/python3.7/site-packages/airflow/example_dags/example_sla_dag.py
[2026-09-30T22:15:47.754+0000] {processor.py:743} INFO - Processing file /home/airflow/.local/lib/python3.7/site-packages/airflow/example_dags/example_sla_dag.py for tasks to queue
[2026-09-30T22:15:47.755+0000] {logging_mixin.py:137} INFO - [2026-09-30T22:15:47.755+0000] {dagbag.py:538} INFO - Filling up the DagBag from /home/airflow/.local/lib/python3.7/site-packages/airflow/example_dags/example_sla_dag.py
[2026-09-30T22:15:47.790+0000] {processor.py:753} INFO - DAG(s) dict_keys(['example_sla_dag']) retrieved from /home/airflow/.local/lib/python3.7/site-packages/airflow/example_dags/example_sla_dag.py
[2026-09-30T22:15:47.840+0000] {logging_mixin.py:137} INFO - [2026-09-30T22:15:47.840+0000] {dag.py:2676} INFO - Sync 1 DAGs
[2026-09-30T22:15:47.879+0000] {logging_mixin.py:137} INFO - [2026-09-30T22:15:47.879+0000] {dag.py:3427} INFO - Setting next_dagrun for example_sla_dag to 2026-09-30T22:12:00+00:00, run_after=2026-09-30T22:14:00+00:00
[2026-09-30T22:15:47.901+0000] {processor.py:175} INFO - Processing /home/airflow/.local/lib/python3.7/site-packages/airflow/example_dags/example_sla_dag.py took 0.152 seconds
[2026-09-30T22:16:18.089+0000] {processor.py:153} INFO - Started process (PID=31627) to work on /home/airflow/.local/lib/python3.7/site-packages/airflow/example_dags/example_sla_dag.py
[2026-09-30T22:16:18.092+0000] {processor.py:743} INFO - Processing file /home/airflow/.local/lib/python3.7/site-packages/airflow/example_dags/example_sla_dag.py for tasks to queue
[2026-09-30T22:16:18.093+0000] {logging_mixin.py:137} INFO - [2026-09-30T22:16:18.093+0000] {dagbag.py:538} INFO - Filling up the DagBag from /home/airflow/.local/lib/python3.7/site-packages/airflow/example_dags/example_sla_dag.py
[2026-09-30T22:16:18.144+0000] {processor.py:753} INFO - DAG(s) dict_keys(['example_sla_dag']) retrieved from /home/airflow/.local/lib/python3.7/site-packages/airflow/example_dags/example_sla_dag.py
[2026-09-30T22:16:18.200+0000] {logging_mixin.py:137} INFO - [2026-09-30T22:16:18.200+0000] {dag.py:2676} INFO - Sync 1 DAGs
[2026-09-30T22:16:18.234+0000] {logging_mixin.py:137} INFO - [2026-09-30T22:16:18.234+0000] {dag.py:3427} INFO - Setting next_dagrun for example_sla_dag to 2026-09-30T22:14:00+00:00, run_after=2026-09-30T22:16:00+00:00
[2026-09-30T22:16:18.253+0000] {processor.py:175} INFO - Processing /home/airflow/.local/lib/python3.7/site-packages/airflow/example_dags/example_sla_dag.py took 0.170 seconds
[2026-09-30T22:16:48.476+0000] {processor.py:153} INFO - Started process (PID=31715) to work on /home/airflow/.local/lib/python3.7/site-packages/airflow/example_dags/example_sla_dag.py
[2026-09-30T22:16:48.477+0000] {processor.py:743} INFO - Processing file /home/airflow/.local/lib/python3.7/site-packages/airflow/example_dags/example_sla_dag.py for tasks to queue
[2026-09-30T22:16:48.477+0000] {logging_mixin.py:137} INFO - [2026-09-30T22:16:48.477+0000] {dagbag.py:538} INFO - Filling up the DagBag from /home/airflow/.local/lib/python3.7/site-packages/airflow/example_dags/example_sla_dag.py
[2026-09-30T22:16:48.514+0000] {processor.py:753} INFO - DAG(s) dict_keys(['example_sla_dag']) retrieved from /home/airflow/.local/lib/python3.7/site-packages/airflow/example_dags/example_sla_dag.py
[2026-09-30T22:16:48.564+0000] {logging_mixin.py:137} INFO - [2026-09-30T22:16:48.564+0000] {dag.py:2676} INFO - Sync 1 DAGs
[2026-09-30T22:16:48.601+0000] {logging_mixin.py:137} INFO - [2026-09-30T22:16:48.601+0000] {dag.py:3427} INFO - Setting next_dagrun for example_sla_dag to 2026-09-30T22:14:00+00:00, run_after=2026-09-30T22:16:00+00:00
[2026-09-30T22:16:48.624+0000] {processor.py:175} INFO - Processing /home/airflow/.local/lib/python3.7/site-packages/airflow/example_dags/example_sla_dag.py took 0.152 seconds
[2026-09-30T22:17:18.781+0000] {processor.py:153} INFO - Started process (PID=31805) to work on /home/airflow/.local/lib/python3.7/site-packages/airflow/example_dags/example_sla_dag.py
[2026-09-30T22:17:18.783+0000] {processor.py:743} INFO - Processing file /home/airflow/.local/lib/python3.7/site-packages/airflow/example_dags/example_sla_dag.py for tasks to queue
[2026-09-30T22:17:18.784+0000] {logging_mixin.py:137} INFO - [2026-09-30T22:17:18.784+0000] {dagbag.py:538} INFO - Filling up the DagBag from /home/airflow/.local/lib/python3.7/site-packages/airflow/example_dags/example_sla_dag.py
[2026-09-30T22:17:18.830+0000] {processor.py:753} INFO - DAG(s) dict_keys(['example_sla_dag']) retrieved from /home/airflow/.local/lib/python3.7/site-packages/airflow/example_dags/example_sla_dag.py
[2026-09-30T22:17:18.886+0000] {logging_mixin.py:137} INFO - [2026-09-30T22:17:18.886+0000] {dag.py:2676} INFO - Sync 1 DAGs
[2026-09-30T22:17:18.931+0000] {logging_mixin.py:137} INFO - [2026-09-30T22:17:18.931+0000] {dag.py:3427} INFO - Setting next_dagrun for example_sla_dag to 2026-09-30T22:14:00+00:00, run_after=2026-09-30T22:16:00+00:00
[2026-09-30T22:17:18.966+0000] {processor.py:175} INFO - Processing /home/airflow/.local/lib/python3.7/site-packages/airflow/example_dags/example_sla_dag.py took 0.189 seconds
[2026-09-30T22:17:49.225+0000] {processor.py:153} INFO - Started process (PID=31884) to work on /home/airflow/.local/lib/python3.7/site-packages/airflow/example_dags/example_sla_dag.py
[2026-09-30T22:17:49.226+0000] {processor.py:743} INFO - Processing file /home/airflow/.local/lib/python3.7/site-packages/airflow/example_dags/example_sla_dag.py for tasks to queue
[2026-09-30T22:17:49.226+0000] {logging_mixin.py:137} INFO - [2026-09-30T22:17:49.226+0000] {dagbag.py:538} INFO - Filling up the DagBag from /home/airflow/.local/lib/python3.7/site-packages/airflow/example_dags/example_sla_dag.py
[2026-09-30T22:17:49.264+0000] {processor.py:753} INFO - DAG(s) dict_keys(['example_sla_dag']) retrieved from /home/airflow/.local/lib/python3.7/site-packages/airflow/example_dags/example_sla_dag.py
[2026-09-30T22:17:49.314+0000] {logging_mixin.py:137} INFO - [2026-09-30T22:17:49.314+0000] {dag.py:2676} INFO - Sync 1 DAGs
[2026-09-30T22:17:49.350+0000] {logging_mixin.py:137} INFO - [2026-09-30T22:17:49.350+0000] {dag.py:3427} INFO - Setting next_dagrun for example_sla_dag to 2026-09-30T22:14:00+00:00, run_after=2026-09-30T22:16:00+00:00
[2026-09-30T22:17:49.375+0000] {processor.py:175} INFO - Processing /home/airflow/.local/lib/python3.7/site-packages/airflow/example_dags/example_sla_dag.py took 0.154 seconds
[2026-09-30T22:18:20.303+0000] {processor.py:153} INFO - Started process (PID=31963) to work on /home/airflow/.local/lib/python3.7/site-packages/airflow/example_dags/example_sla_dag.py
[2026-09-30T22:18:20.305+0000] {processor.py:743} INFO - Processing file /home/airflow/.local/lib/python3.7/site-packages/airflow/example_dags/example_sla_dag.py for tasks to queue
[2026-09-30T22:18:20.306+0000] {logging_mixin.py:137} INFO - [2026-09-30T22:18:20.306+0000] {dagbag.py:538} INFO - Filling up the DagBag from /home/airflow/.local/lib/python3.7/site-packages/airflow/example_dags/example_sla_dag.py
[2026-09-30T22:18:20.355+0000] {processor.py:753} INFO - DAG(s) dict_keys(['example_sla_dag']) retrieved from /home/airflow/.local/lib/python3.7/site-packages/airflow/example_dags/example_sla_dag.py
[2026-09-30T22:18:20.418+0000] {logging_mixin.py:137} INFO - [2026-09-30T22:18:20.418+0000] {dag.py:2676} INFO - Sync 1 DAGs
[2026-09-30T22:18:20.471+0000] {logging_mixin.py:137} INFO - [2026-09-30T22:18:20.471+0000] {dag.py:3427} INFO - Setting next_dagrun for example_sla_dag to 2026-09-30T22:16:00+00:00, run_after=2026-09-30T22:18:00+00:00
[2026-09-30T22:18:20.493+0000] {processor.py:175} INFO - Processing /home/airflow/.local/lib/python3.7/site-packages/airflow/example_dags/example_sla_dag.py took 0.194 seconds
[2026-09-30T22:18:51.221+0000] {processor.py:153} INFO - Started process (PID=32062) to work on /home/airflow/.local/lib/python3.7/site-packages/airflow/example_dags/example_sla_dag.py
[2026-09-30T22:18:51.222+0000] {processor.py:743} INFO - Processing file /home/airflow/.local/lib/python3.7/site-packages/airflow/example_dags/example_sla_dag.py for tasks to queue
[2026-09-30T22:18:51.223+0000] {logging_mixin.py:137} INFO - [2026-09-30T22:18:51.222+0000] {dagbag.py:538} INFO - Filling up the DagBag from /home/airflow/.local/lib/python3.7/site-packages/airflow/example_dags/example_sla_dag.py
[2026-09-30T22:18:51.262+0000] {processor.py:753} INFO - DAG(s) dict_keys(['example_sla_dag']) retrieved from /home/airflow/.local/lib/python3.7/site-packages/airflow/example_dags/example_sla_dag.py
[2026-09-30T22:18:51.327+0000] {logging_mixin.py:137} INFO - [2026-09-30T22:18:51.326+0000] {dag.py:2676} INFO - Sync 1 DAGs
[2026-09-30T22:18:51.364+0000] {logging_mixin.py:137} INFO - [2026-09-30T22:18:51.364+0000] {dag.py:3427} INFO - Setting next_dagrun for example_sla_dag to 2026-09-30T22:16:00+00:00, run_after=2026-09-30T22:18:00+00:00
[2026-09-30T22:18:51.383+0000] {processor.py:175} INFO - Processing /home/airflow/.local/lib/python3.7/site-packages/airflow/example_dags/example_sla_dag.py took 0.167 seconds
[2026-09-30T22:19:22.215+0000] {processor.py:153} INFO - Started process (PID=32142) to work on /home/airflow/.local/lib/python3.7/site-packages/airflow/example_dags/example_sla_dag.py
[2026-09-30T22:19:22.216+0000] {processor.py:743} INFO - Processing file /home/airflow/.local/lib/python3.7/site-packages/airflow/example_dags/example_sla_dag.py for tasks to queue
[2026-09-30T22:19:22.217+0000] {logging_mixin.py:137} INFO - [2026-09-30T22:19:22.217+0000] {dagbag.py:538} INFO - Filling up the DagBag from /home/airflow/.local/lib/python3.7/site-packages/airflow/example_dags/example_sla_dag.py
[2026-09-30T22:19:22.248+0000] {processor.py:753} INFO - DAG(s) dict_keys(['example_sla_dag']) retrieved from /home/airflow/.local/lib/python3.7/site-packages/airflow/example_dags/example_sla_dag.py
[2026-09-30T22:19:22.298+0000] {logging_mixin.py:137} INFO - [2026-09-30T22:19:22.298+0000] {dag.py:2676} INFO - Sync 1 DAGs
[2026-09-30T22:19:22.336+0000] {logging_mixin.py:137} INFO - [2026-09-30T22:19:22.335+0000] {dag.py:3427} INFO - Setting next_dagrun for example_sla_dag to 2026-09-30T22:16:00+00:00, run_after=2026-09-30T22:18:00+00:00
[2026-09-30T22:19:22.356+0000] {processor.py:175} INFO - Processing /home/airflow/.local/lib/python3.7/site-packages/airflow/example_dags/example_sla_dag.py took 0.147 seconds
[2026-09-30T22:19:52.723+0000] {processor.py:153} INFO - Started process (PID=32221) to work on /home/airflow/.local/lib/python3.7/site-packages/airflow/example_dags/example_sla_dag.py
[2026-09-30T22:19:52.724+0000] {processor.py:743} INFO - Processing file /home/airflow/.local/lib/python3.7/site-packages/airflow/example_dags/example_sla_dag.py for tasks to queue
[2026-09-30T22:19:52.724+0000] {logging_mixin.py:137} INFO - [2026-09-30T22:19:52.724+0000] {dagbag.py:538} INFO - Filling up the DagBag from /home/airflow/.local/lib/python3.7/site-packages/airflow/example_dags/example_sla_dag.py
[2026-09-30T22:19:52.757+0000] {processor.py:753} INFO - DAG(s) dict_keys(['example_sla_dag']) retrieved from /home/airflow/.local/lib/python3.7/site-packages/airflow/example_dags/example_sla_dag.py
[2026-09-30T22:19:52.807+0000] {logging_mixin.py:137} INFO - [2026-09-30T22:19:52.806+0000] {dag.py:2676} INFO - Sync 1 DAGs
[2026-09-30T22:19:52.846+0000] {logging_mixin.py:137} INFO - [2026-09-30T22:19:52.846+0000] {dag.py:3427} INFO - Setting next_dagrun for example_sla_dag to 2026-09-30T22:16:00+00:00, run_after=2026-09-30T22:18:00+00:00
[2026-09-30T22:19:52.869+0000] {processor.py:175} INFO - Processing /home/airflow/.local/lib/python3.7/site-packages/airflow/example_dags/example_sla_dag.py took 0.150 seconds
[2026-09-30T22:20:23.126+0000] {processor.py:153} INFO - Started process (PID=32309) to work on /home/airflow/.local/lib/python3.7/site-packages/airflow/example_dags/example_sla_dag.py
[2026-09-30T22:20:23.127+0000] {processor.py:743} INFO - Processing file /home/airflow/.local/lib/python3.7/site-packages/airflow/example_dags/example_sla_dag.py for tasks to queue
[2026-09-30T22:20:23.127+0000] {logging_mixin.py:137} INFO - [2026-09-30T22:20:23.127+0000] {dagbag.py:538} INFO - Filling up the DagBag from /home/airflow/.local/lib/python3.7/site-packages/airflow/example_dags/example_sla_dag.py
[2026-09-30T22:20:23.165+0000] {processor.py:753} INFO - DAG(s) dict_keys(['example_sla_dag']) retrieved from /home/airflow/.local/lib/python3.7/site-packages/airflow/example_dags/example_sla_dag.py
[2026-09-30T22:20:23.233+0000] {logging_mixin.py:137} INFO - [2026-09-30T22:20:23.233+0000] {dag.py:2676} INFO - Sync 1 DAGs
[2026-09-30T22:20:23.284+0000] {logging_mixin.py:137} INFO - [2026-09-30T22:20:23.284+0000] {dag.py:3427} INFO - Setting next_dagrun for example_sla_dag to 2026-09-30T22:18:00+00:00, run_after=2026-09-30T22:20:00+00:00
[2026-09-30T22:20:23.315+0000] {processor.py:175} INFO - Processing /home/airflow/.local/lib/python3.7/site-packages/airflow/example_dags/example_sla_dag.py took 0.193 seconds
[2026-09-30T22:20:53.426+0000] {processor.py:153} INFO - Started process (PID=32399) to work on /home/airflow/.local/lib/python3.7/site-packages/airflow/example_dags/example_sla_dag.py
[2026-09-30T22:20:53.427+0000] {processor.py:743} INFO - Processing file /home/airflow/.local/lib/python3.7/site-packages/airflow/example_dags/example_sla_dag.py for tasks to queue
[2026-09-30T22:20:53.428+0000] {logging_mixin.py:137} INFO - [2026-09-30T22:20:53.428+0000] {dagbag.py:538} INFO - Filling up the DagBag from /home/airflow/.local/lib/python3.7/site-packages/airflow/example_dags/example_sla_dag.py
[2026-09-30T22:20:53.465+0000] {processor.py:753} INFO - DAG(s) dict_keys(['example_sla_dag']) retrieved from /home/airflow/.local/lib/python3.7/site-packages/airflow/example_dags/example_sla_dag.py
[2026-09-30T22:20:53.526+0000] {logging_mixin.py:137} INFO - [2026-09-30T22:20:53.526+0000] {dag.py:2676} INFO - Sync 1 DAGs
[2026-09-30T22:20:53.566+0000] {logging_mixin.py:137} INFO - [2026-09-30T22:20:53.566+0000] {dag.py:3427} INFO - Setting next_dagrun for example_sla_dag to 2026-09-30T22:18:00+00:00, run_after=2026-09-30T22:20:00+00:00
[2026-09-30T22:20:53.586+0000] {processor.py:175} INFO - Processing /home/airflow/.local/lib/python3.7/site-packages/airflow/example_dags/example_sla_dag.py took 0.165 seconds
[2026-09-30T22:21:23.727+0000] {processor.py:153} INFO - Started process (PID=32478) to work on /home/airflow/.local/lib/python3.7/site-packages/airflow/example_dags/example_sla_dag.py
[2026-09-30T22:21:23.728+0000] {processor.py:743} INFO - Processing file /home/airflow/.local/lib/python3.7/site-packages/airflow/example_dags/example_sla_dag.py for tasks to queue
[2026-09-30T22:21:23.729+0000] {logging_mixin.py:137} INFO - [2026-09-30T22:21:23.729+0000] {dagbag.py:538} INFO - Filling up the DagBag from /home/airflow/.local/lib/python3.7/site-packages/airflow/example_dags/example_sla_dag.py
[2026-09-30T22:21:23.752+0000] {processor.py:753} INFO - DAG(s) dict_keys(['example_sla_dag']) retrieved from /home/airflow/.local/lib/python3.7/site-packages/airflow/example_dags/example_sla_dag.py
[2026-09-30T22:21:23.788+0000] {logging_mixin.py:137} INFO - [2026-09-30T22:21:23.788+0000] {dag.py:2676} INFO - Sync 1 DAGs
[2026-09-30T22:21:23.813+0000] {logging_mixin.py:137} INFO - [2026-09-30T22:21:23.813+0000] {dag.py:3427} INFO - Setting next_dagrun for example_sla_dag to 2026-09-30T22:18:00+00:00, run_after=2026-09-30T22:20:00+00:00
[2026-09-30T22:21:23.833+0000] {processor.py:175} INFO - Processing /home/airflow/.local/lib/python3.7/site-packages/airflow/example_dags/example_sla_dag.py took 0.109 seconds
[2026-09-30T22:21:54.387+0000] {processor.py:153} INFO - Started process (PID=32557) to work on /home/airflow/.local/lib/python3.7/site-packages/airflow/example_dags/example_sla_dag.py
[2026-09-30T22:21:54.388+0000] {processor.py:743} INFO - Processing file /home/airflow/.local/lib/python3.7/site-packages/airflow/example_dags/example_sla_dag.py for tasks to queue
[2026-09-30T22:21:54.388+0000] {logging_mixin.py:137} INFO - [2026-09-30T22:21:54.388+0000] {dagbag.py:538} INFO - Filling up the DagBag from /home/airflow/.local/lib/python3.7/site-packages/airflow/example_dags/example_sla_dag.py
[2026-09-30T22:21:54.426+0000] {processor.py:753} INFO - DAG(s) dict_keys(['example_sla_dag']) retrieved from /home/airflow/.local/lib/python3.7/site-packages/airflow/example_dags/example_sla_dag.py
[2026-09-30T22:21:54.486+0000] {logging_mixin.py:137} INFO - [2026-09-30T22:21:54.486+0000] {dag.py:2676} INFO - Sync 1 DAGs
[2026-09-30T22:21:54.523+0000] {logging_mixin.py:137} INFO - [2026-09-30T22:21:54.523+0000] {dag.py:3427} INFO - Setting next_dagrun for example_sla_dag to 2026-09-30T22:18:00+00:00, run_after=2026-09-30T22:20:00+00:00
[2026-09-30T22:21:54.543+0000] {processor.py:175} INFO - Processing /home/airflow/.local/lib/python3.7/site-packages/airflow/example_dags/example_sla_dag.py took 0.159 seconds
[2026-09-30T22:22:25.581+0000] {processor.py:153} INFO - Started process (PID=32656) to work on /home/airflow/.local/lib/python3.7/site-packages/airflow/example_dags/example_sla_dag.py
[2026-09-30T22:22:25.582+0000] {processor.py:743} INFO - Processing file /home/airflow/.local/lib/python3.7/site-packages/airflow/example_dags/example_sla_dag.py for tasks to queue
[2026-09-30T22:22:25.583+0000] {logging_mixin.py:137} INFO - [2026-09-30T22:22:25.583+0000] {dagbag.py:538} INFO - Filling up the DagBag from /home/airflow/.local/lib/python3.7/site-packages/airflow/example_dags/example_sla_dag.py
[2026-09-30T22:22:25.623+0000] {processor.py:753} INFO - DAG(s) dict_keys(['example_sla_dag']) retrieved from /home/airflow/.local/lib/python3.7/site-packages/airflow/example_dags/example_sla_dag.py
[2026-09-30T22:22:25.682+0000] {logging_mixin.py:137} INFO - [2026-09-30T22:22:25.682+0000] {dag.py:2676} INFO - Sync 1 DAGs
[2026-09-30T22:22:25.722+0000] {logging_mixin.py:137} INFO - [2026-09-30T22:22:25.722+0000] {dag.py:3427} INFO - Setting next_dagrun for example_sla_dag to 2026-09-30T22:20:00+00:00, run_after=2026-09-30T22:22:00+00:00
[2026-09-30T22:22:25.745+0000] {processor.py:175} INFO - Processing /home/airflow/.local/lib/python3.7/site-packages/airflow/example_dags/example_sla_dag.py took 0.167 seconds
[2026-09-30T22:22:55.883+0000] {processor.py:153} INFO - Started process (PID=32735) to work on /home/airflow/.local/lib/python3.7/site-packages/airflow/example_dags/example_sla_dag.py
[2026-09-30T22:22:55.884+0000] {processor.py:743} INFO - Processing file /home/airflow/.local/lib/python3.7/site-packages/airflow/example_dags/example_sla_dag.py for tasks to queue
[2026-09-30T22:22:55.884+0000] {logging_mixin.py:137} INFO - [2026-09-30T22:22:55.884+0000] {dagbag.py:538} INFO - Filling up the DagBag from /home/airflow/.local/lib/python3.7/site-packages/airflow/example_dags/example_sla_dag.py
[2026-09-30T22:22:55.915+0000] {processor.py:753} INFO - DAG(s) dict_keys(['example_sla_dag']) retrieved from /home/airflow/.local/lib/python3.7/site-packages/airflow/example_dags/example_sla_dag.py
[2026-09-30T22:22:55.970+0000] {logging_mixin.py:137} INFO - [2026-09-30T22:22:55.970+0000] {dag.py:2676} INFO - Sync 1 DAGs
[2026-09-30T22:22:56.008+0000] {logging_mixin.py:137} INFO - [2026-09-30T22:22:56.008+0000] {dag.py:3427} INFO - Setting next_dagrun for example_sla_dag to 2026-09-30T22:20:00+00:00, run_after=2026-09-30T22:22:00+00:00
[2026-09-30T22:22:56.030+0000] {processor.py:175} INFO - Processing /home/airflow/.local/lib/python3.7/site-packages/airflow/example_dags/example_sla_dag.py took 0.152 seconds
[2026-09-30T22:23:26.497+0000] {processor.py:153} INFO - Started process (PID=32814) to work on /home/airflow/.local/lib/python3.7/site-packages/airflow/example_dags/example_sla_dag.py
[2026-09-30T22:23:26.498+0000] {processor.py:743} INFO - Processing file /home/airflow/.local/lib/python3.7/site-packages/airflow/example_dags/example_sla_dag.py for tasks to queue
[2026-09-30T22:23:26.499+0000] {logging_mixin.py:137} INFO - [2026-09-30T22:23:26.499+0000] {dagbag.py:538} INFO - Filling up the DagBag from /home/airflow/.local/lib/python3.7/site-packages/airflow/example_dags/example_sla_dag.py
[2026-09-30T22:23:26.536+0000] {processor.py:753} INFO - DAG(s) dict_keys(['example_sla_dag']) retrieved from /home/airflow/.local/lib/python3.7/site-packages/airflow/example_dags/example_sla_dag.py
[2026-09-30T22:23:26.588+0000] {logging_mixin.py:137} INFO - [2026-09-30T22:23:26.587+0000] {dag.py:2676} INFO - Sync 1 DAGs
[2026-09-30T22:23:26.638+0000] {logging_mixin.py:137} INFO - [2026-09-30T22:23:26.638+0000] {dag.py:3427} INFO - Setting next_dagrun for example_sla_dag to 2026-09-30T22:20:00+00:00, run_after=2026-09-30T22:22:00+00:00
[2026-09-30T22:23:26.658+0000] {processor.py:175} INFO - Processing /home/airflow/.local/lib/python3.7/site-packages/airflow/example_dags/example_sla_dag.py took 0.169 seconds
[2026-09-30T22:23:57.080+0000] {processor.py:153} INFO - Started process (PID=32893) to work on /home/airflow/.local/lib/python3.7/site-packages/airflow/example_dags/example_sla_dag.py
[2026-09-30T22:23:57.081+0000] {processor.py:743} INFO - Processing file /home/airflow/.local/lib/python3.7/site-packages/airflow/example_dags/example_sla_dag.py for tasks to queue
[2026-09-30T22:23:57.082+0000] {logging_mixin.py:137} INFO - [2026-09-30T22:23:57.082+0000] {dagbag.py:538} INFO - Filling up the DagBag from /home/airflow/.local/lib/python3.7/site-packages/airflow/example_dags/example_sla_dag.py
[2026-09-30T22:23:57.124+0000] {processor.py:753} INFO - DAG(s) dict_keys(['example_sla_dag']) retrieved from /home/airflow/.local/lib/python3.7/site-packages/airflow/example_dags/example_sla_dag.py
[2026-09-30T22:23:57.178+0000] {logging_mixin.py:137} INFO - [2026-09-30T22:23:57.178+0000] {dag.py:2676} INFO - Sync 1 DAGs
[2026-09-30T22:23:57.433+0000] {logging_mixin.py:137} INFO - [2026-09-30T22:23:57.433+0000] {dag.py:3427} INFO - Setting next_dagrun for example_sla_dag to 2026-09-30T22:20:00+00:00, run_after=2026-09-30T22:22:00+00:00
[2026-09-30T22:23:57.455+0000] {processor.py:175} INFO - Processing /home/airflow/.local/lib/python3.7/site-packages/airflow/example_dags/example_sla_dag.py took 0.381 seconds
[2026-09-30T22:24:27.615+0000] {processor.py:153} INFO - Started process (PID=32991) to work on /home/airflow/.local/lib/python3.7/site-packages/airflow/example_dags/example_sla_dag.py
[2026-09-30T22:24:27.617+0000] {processor.py:743} INFO - Processing file /home/airflow/.local/lib/python3.7/site-packages/airflow/example_dags/example_sla_dag.py for tasks to queue
[2026-09-30T22:24:27.618+0000] {logging_mixin.py:137} INFO - [2026-09-30T22:24:27.618+0000] {dagbag.py:538} INFO - Filling up the DagBag from /home/airflow/.local/lib/python3.7/site-packages/airflow/example_dags/example_sla_dag.py
[2026-09-30T22:24:27.652+0000] {processor.py:753} INFO - DAG(s) dict_keys(['example_sla_dag']) retrieved from /home/airflow/.local/lib/python3.7/site-packages/airflow/example_dags/example_sla_dag.py
[2026-09-30T22:24:27.707+0000] {logging_mixin.py:137} INFO - [2026-09-30T22:24:27.706+0000] {dag.py:2676} INFO - Sync 1 DAGs
[2026-09-30T22:24:27.756+0000] {logging_mixin.py:137} INFO - [2026-09-30T22:24:27.756+0000] {dag.py:3427} INFO - Setting next_dagrun for example_sla_dag to 2026-09-30T22:22:00+00:00, run_after=2026-09-30T22:24:00+00:00
[2026-09-30T22:24:27.783+0000] {processor.py:175} INFO - Processing /home/airflow/.local/lib/python3.7/site-packages/airflow/example_dags/example_sla_dag.py took 0.173 seconds
[2026-09-30T22:24:57.904+0000] {processor.py:153} INFO - Started process (PID=33070) to work on /home/airflow/.local/lib/python3.7/site-packages/airflow/example_dags/example_sla_dag.py
[2026-09-30T22:24:57.905+0000] {processor.py:743} INFO - Processing file /home/airflow/.local/lib/python3.7/site-packages/airflow/example_dags/example_sla_dag.py for tasks to queue
[2026-09-30T22:24:57.906+0000] {logging_mixin.py:137} INFO - [2026-09-30T22:24:57.906+0000] {dagbag.py:538} INFO - Filling up the DagBag from /home/airflow/.local/lib/python3.7/site-packages/airflow/example_dags/example_sla_dag.py
[2026-09-30T22:24:57.939+0000] {processor.py:753} INFO - DAG(s) dict_keys(['example_sla_dag']) retrieved from /home/airflow/.local/lib/python3.7/site-packages/airflow/example_dags/example_sla_dag.py
[2026-09-30T22:24:57.993+0000] {logging_mixin.py:137} INFO - [2026-09-30T22:24:57.992+0000] {dag.py:2676} INFO - Sync 1 DAGs
[2026-09-30T22:24:58.039+0000] {logging_mixin.py:137} INFO - [2026-09-30T22:24:58.039+0000] {dag.py:3427} INFO - Setting next_dagrun for example_sla_dag to 2026-09-30T22:22:00+00:00, run_after=2026-09-30T22:24:00+00:00
[2026-09-30T22:24:58.065+0000] {processor.py:175} INFO - Processing /home/airflow/.local/lib/python3.7/site-packages/airflow/example_dags/example_sla_dag.py took 0.165 seconds
[2026-09-30T22:25:28.489+0000] {processor.py:153} INFO - Started process (PID=33149) to work on /home/airflow/.local/lib/python3.7/site-packages/airflow/example_dags/example_sla_dag.py
[2026-09-30T22:25:28.491+0000] {processor.py:743} INFO - Processing file /home/airflow/.local/lib/python3.7/site-packages/airflow/example_dags/example_sla_dag.py for tasks to queue
[2026-09-30T22:25:28.492+0000] {logging_mixin.py:137} INFO - [2026-09-30T22:25:28.492+0000] {dagbag.py:538} INFO - Filling up the DagBag from /home/airflow/.local/lib/python3.7/site-packages/airflow/example_dags/example_sla_dag.py
[2026-09-30T22:25:28.542+0000] {processor.py:753} INFO - DAG(s) dict_keys(['example_sla_dag']) retrieved from /home/airflow/.local/lib/python3.7/site-packages/airflow/example_dags/example_sla_dag.py
[2026-09-30T22:25:28.607+0000] {logging_mixin.py:137} INFO - [2026-09-30T22:25:28.606+0000] {dag.py:2676} INFO - Sync 1 DAGs
[2026-09-30T22:25:28.667+0000] {logging_mixin.py:137} INFO - [2026-09-30T22:25:28.666+0000] {dag.py:3427} INFO - Setting next_dagrun for example_sla_dag to 2026-09-30T22:22:00+00:00, run_after=2026-09-30T22:24:00+00:00
[2026-09-30T22:25:28.695+0000] {processor.py:175} INFO - Processing /home/airflow/.local/lib/python3.7/site-packages/airflow/example_dags/example_sla_dag.py took 0.212 seconds
[2026-09-30T22:25:59.450+0000] {processor.py:153} INFO - Started process (PID=33228) to work on /home/airflow/.local/lib/python3.7/site-packages/airflow/example_dags/example_sla_dag.py
[2026-09-30T22:25:59.451+0000] {processor.py:743} INFO - Processing file /home/airflow/.local/lib/python3.7/site-packages/airflow/example_dags/example_sla_dag.py for tasks to queue
[2026-09-30T22:25:59.452+0000] {logging_mixin.py:137} INFO - [2026-09-30T22:25:59.452+0000] {dagbag.py:538} INFO - Filling up the DagBag from /home/airflow/.local/lib/python3.7/site-packages/airflow/example_dags/example_sla_dag.py
[2026-09-30T22:25:59.483+0000] {processor.py:753} INFO - DAG(s) dict_keys(['example_sla_dag']) retrieved from /home/airflow/.local/lib/python3.7/site-packages/airflow/example_dags/example_sla_dag.py
[2026-09-30T22:25:59.532+0000] {logging_mixin.py:137} INFO - [2026-09-30T22:25:59.532+0000] {dag.py:2676} INFO - Sync 1 DAGs
[2026-09-30T22:25:59.575+0000] {logging_mixin.py:137} INFO - [2026-09-30T22:25:59.575+0000] {dag.py:3427} INFO - Setting next_dagrun for example_sla_dag to 2026-09-30T22:22:00+00:00, run_after=2026-09-30T22:24:00+00:00
[2026-09-30T22:25:59.602+0000] {processor.py:175} INFO - Processing /home/airflow/.local/lib/python3.7/site-packages/airflow/example_dags/example_sla_dag.py took 0.156 seconds
[2026-09-30T22:26:30.038+0000] {processor.py:153} INFO - Started process (PID=33333) to work on /home/airflow/.local/lib/python3.7/site-packages/airflow/example_dags/example_sla_dag.py
[2026-09-30T22:26:30.040+0000] {processor.py:743} INFO - Processing file /home/airflow/.local/lib/python3.7/site-packages/airflow/example_dags/example_sla_dag.py for tasks to queue
[2026-09-30T22:26:30.041+0000] {logging_mixin.py:137} INFO - [2026-09-30T22:26:30.040+0000] {dagbag.py:538} INFO - Filling up the DagBag from /home/airflow/.local/lib/python3.7/site-packages/airflow/example_dags/example_sla_dag.py
[2026-09-30T22:26:30.085+0000] {processor.py:753} INFO - DAG(s) dict_keys(['example_sla_dag']) retrieved from /home/airflow/.local/lib/python3.7/site-packages/airflow/example_dags/example_sla_dag.py
[2026-09-30T22:26:30.142+0000] {logging_mixin.py:137} INFO - [2026-09-30T22:26:30.141+0000] {dag.py:2676} INFO - Sync 1 DAGs
[2026-09-30T22:26:30.187+0000] {logging_mixin.py:137} INFO - [2026-09-30T22:26:30.187+0000] {dag.py:3427} INFO - Setting next_dagrun for example_sla_dag to 2026-09-30T22:24:00+00:00, run_after=2026-09-30T22:26:00+00:00
[2026-09-30T22:26:30.214+0000] {processor.py:175} INFO - Processing /home/airflow/.local/lib/python3.7/site-packages/airflow/example_dags/example_sla_dag.py took 0.181 seconds
[2026-09-30T22:27:00.274+0000] {processor.py:153} INFO - Started process (PID=33418) to work on /home/airflow/.local/lib/python3.7/site-packages/airflow/example_dags/example_sla_dag.py
[2026-09-30T22:27:00.275+0000] {processor.py:743} INFO - Processing file /home/airflow/.local/lib/python3.7/site-packages/airflow/example_dags/example_sla_dag.py for tasks to queue
[2026-09-30T22:27:00.276+0000] {logging_mixin.py:137} INFO - [2026-09-30T22:27:00.276+0000] {dagbag.py:538} INFO - Filling up the DagBag from /home/airflow/.local/lib/python3.7/site-packages/airflow/example_dags/example_sla_dag.py
[2026-09-30T22:27:00.310+0000] {processor.py:753} INFO - DAG(s) dict_keys(['example_sla_dag']) retrieved from /home/airflow/.local/lib/python3.7/site-packages/airflow/example_dags/example_sla_dag.py
[2026-09-30T22:27:00.359+0000] {logging_mixin.py:137} INFO - [2026-09-30T22:27:00.359+0000] {dag.py:2676} INFO - Sync 1 DAGs
[2026-09-30T22:27:00.397+0000] {logging_mixin.py:137} INFO - [2026-09-30T22:27:00.396+0000] {dag.py:3427} INFO - Setting next_dagrun for example_sla_dag to 2026-09-30T22:24:00+00:00, run_after=2026-09-30T22:26:00+00:00
[2026-09-30T22:27:00.418+0000] {processor.py:175} INFO - Processing /home/airflow/.local/lib/python3.7/site-packages/airflow/example_dags/example_sla_dag.py took 0.149 seconds
[2026-09-30T22:27:30.568+0000] {processor.py:153} INFO - Started process (PID=33497) to work on /home/airflow/.local/lib/python3.7/site-packages/airflow/example_dags/example_sla_dag.py
[2026-09-30T22:27:30.569+0000] {processor.py:743} INFO - Processing file /home/airflow/.local/lib/python3.7/site-packages/airflow/example_dags/example_sla_dag.py for tasks to queue
[2026-09-30T22:27:30.571+0000] {logging_mixin.py:137} INFO - [2026-09-30T22:27:30.570+0000] {dagbag.py:538} INFO - Filling up the DagBag from /home/airflow/.local/lib/python3.7/site-packages/airflow/example_dags/example_sla_dag.py
[2026-09-30T22:27:30.622+0000] {processor.py:753} INFO - DAG(s) dict_keys(['example_sla_dag']) retrieved from /home/airflow/.local/lib/python3.7/site-packages/airflow/example_dags/example_sla_dag.py
[2026-09-30T22:27:30.686+0000] {logging_mixin.py:137} INFO - [2026-09-30T22:27:30.685+0000] {dag.py:2676} INFO - Sync 1 DAGs
[2026-09-30T22:27:30.720+0000] {logging_mixin.py:137} INFO - [2026-09-30T22:27:30.720+0000] {dag.py:3427} INFO - Setting next_dagrun for example_sla_dag to 2026-09-30T22:24:00+00:00, run_after=2026-09-30T22:26:00+00:00
[2026-09-30T22:27:30.741+0000] {processor.py:175} INFO - Processing /home/airflow/.local/lib/python3.7/site-packages/airflow/example_dags/example_sla_dag.py took 0.179 seconds
[2026-09-30T22:28:01.523+0000] {processor.py:153} INFO - Started process (PID=33596) to work on /home/airflow/.local/lib/python3.7/site-packages/airflow/example_dags/example_sla_dag.py
[2026-09-30T22:28:01.524+0000] {processor.py:743} INFO - Processing file /home/airflow/.local/lib/python3.7/site-packages/airflow/example_dags/example_sla_dag.py for tasks to queue
[2026-09-30T22:28:01.525+0000] {logging_mixin.py:137} INFO - [2026-09-30T22:28:01.525+0000] {dagbag.py:538} INFO - Filling up the DagBag from /home/airflow/.local/lib/python3.7/site-packages/airflow/example_dags/example_sla_dag.py
[2026-09-30T22:28:01.557+0000] {processor.py:753} INFO - DAG(s) dict_keys(['example_sla_dag']) retrieved from /home/airflow/.local/lib/python3.7/site-packages/airflow/example_dags/example_sla_dag.py
[2026-09-30T22:28:01.613+0000] {logging_mixin.py:137} INFO - [2026-09-30T22:28:01.613+0000] {dag.py:2676} INFO - Sync 1 DAGs
[2026-09-30T22:28:01.878+0000] {logging_mixin.py:137} INFO - [2026-09-30T22:28:01.877+0000] {dag.py:3427} INFO - Setting next_dagrun for example_sla_dag to 2026-09-30T22:26:00+00:00, run_after=2026-09-30T22:28:00+00:00
[2026-09-30T22:28:01.897+0000] {processor.py:175} INFO - Processing /home/airflow/.local/lib/python3.7/site-packages/airflow/example_dags/example_sla_dag.py took 0.378 seconds
[2026-09-30T22:28:31.975+0000] {processor.py:153} INFO - Started process (PID=33675) to work on /home/airflow/.local/lib/python3.7/site-packages/airflow/example_dags/example_sla_dag.py
[2026-09-30T22:28:31.977+0000] {processor.py:743} INFO - Processing file /home/airflow/.local/lib/python3.7/site-packages/airflow/example_dags/example_sla_dag.py for tasks to queue
[2026-09-30T22:28:31.978+0000] {logging_mixin.py:137} INFO - [2026-09-30T22:28:31.977+0000] {dagbag.py:538} INFO - Filling up the DagBag from /home/airflow/.local/lib/python3.7/site-packages/airflow/example_dags/example_sla_dag.py
[2026-09-30T22:28:32.019+0000] {processor.py:753} INFO - DAG(s) dict_keys(['example_sla_dag']) retrieved from /home/airflow/.local/lib/python3.7/site-packages/airflow/example_dags/example_sla_dag.py
[2026-09-30T22:28:32.089+0000] {logging_mixin.py:137} INFO - [2026-09-30T22:28:32.089+0000] {dag.py:2676} INFO - Sync 1 DAGs
[2026-09-30T22:28:32.147+0000] {logging_mixin.py:137} INFO - [2026-09-30T22:28:32.147+0000] {dag.py:3427} INFO - Setting next_dagrun for example_sla_dag to 2026-09-30T22:26:00+00:00, run_after=2026-09-30T22:28:00+00:00
[2026-09-30T22:28:32.178+0000] {processor.py:175} INFO - Processing /home/airflow/.local/lib/python3.7/site-packages/airflow/example_dags/example_sla_dag.py took 0.208 seconds
[2026-09-30T22:29:02.390+0000] {processor.py:153} INFO - Started process (PID=33754) to work on /home/airflow/.local/lib/python3.7/site-packages/airflow/example_dags/example_sla_dag.py
[2026-09-30T22:29:02.391+0000] {processor.py:743} INFO - Processing file /home/airflow/.local/lib/python3.7/site-packages/airflow/example_dags/example_sla_dag.py for tasks to queue
[2026-09-30T22:29:02.392+0000] {logging_mixin.py:137} INFO - [2026-09-30T22:29:02.392+0000] {dagbag.py:538} INFO - Filling up the DagBag from /home/airflow/.local/lib/python3.7/site-packages/airflow/example_dags/example_sla_dag.py
[2026-09-30T22:29:02.432+0000] {processor.py:753} INFO - DAG(s) dict_keys(['example_sla_dag']) retrieved from /home/airflow/.local/lib/python3.7/site-packages/airflow/example_dags/example_sla_dag.py
[2026-09-30T22:29:02.496+0000] {logging_mixin.py:137} INFO - [2026-09-30T22:29:02.496+0000] {dag.py:2676} INFO - Sync 1 DAGs
[2026-09-30T22:29:02.539+0000] {logging_mixin.py:137} INFO - [2026-09-30T22:29:02.539+0000] {dag.py:3427} INFO - Setting next_dagrun for example_sla_dag to 2026-09-30T22:26:00+00:00, run_after=2026-09-30T22:28:00+00:00
[2026-09-30T22:29:02.562+0000] {processor.py:175} INFO - Processing /home/airflow/.local/lib/python3.7/site-packages/airflow/example_dags/example_sla_dag.py took 0.176 seconds
[2026-09-30T22:29:32.680+0000] {processor.py:153} INFO - Started process (PID=33833) to work on /home/airflow/.local/lib/python3.7/site-packages/airflow/example_dags/example_sla_dag.py
[2026-09-30T22:29:32.682+0000] {processor.py:743} INFO - Processing file /home/airflow/.local/lib/python3.7/site-packages/airflow/example_dags/example_sla_dag.py for tasks to queue
[2026-09-30T22:29:32.683+0000] {logging_mixin.py:137} INFO - [2026-09-30T22:29:32.683+0000] {dagbag.py:538} INFO - Filling up the DagBag from /home/airflow/.local/lib/python3.7/site-packages/airflow/example_dags/example_sla_dag.py
[2026-09-30T22:29:32.738+0000] {processor.py:753} INFO - DAG(s) dict_keys(['example_sla_dag']) retrieved from /home/airflow/.local/lib/python3.7/site-packages/airflow/example_dags/example_sla_dag.py
[2026-09-30T22:29:32.802+0000] {logging_mixin.py:137} INFO - [2026-09-30T22:29:32.802+0000] {dag.py:2676} INFO - Sync 1 DAGs
[2026-09-30T22:29:32.844+0000] {logging_mixin.py:137} INFO - [2026-09-30T22:29:32.844+0000] {dag.py:3427} INFO - Setting next_dagrun for example_sla_dag to 2026-09-30T22:26:00+00:00, run_after=2026-09-30T22:28:00+00:00
[2026-09-30T22:29:32.866+0000] {processor.py:175} INFO - Processing /home/airflow/.local/lib/python3.7/site-packages/airflow/example_dags/example_sla_dag.py took 0.192 seconds
[2026-09-30T22:30:21.161+0000] {processor.py:153} INFO - Started process (PID=62) to work on /home/airflow/.local/lib/python3.7/site-packages/airflow/example_dags/example_sla_dag.py
[2026-09-30T22:30:21.162+0000] {processor.py:743} INFO - Processing file /home/airflow/.local/lib/python3.7/site-packages/airflow/example_dags/example_sla_dag.py for tasks to queue
[2026-09-30T22:30:21.163+0000] {logging_mixin.py:137} INFO - [2026-09-30T22:30:21.163+0000] {dagbag.py:538} INFO - Filling up the DagBag from /home/airflow/.local/lib/python3.7/site-packages/airflow/example_dags/example_sla_dag.py
[2026-09-30T22:30:21.190+0000] {processor.py:753} INFO - DAG(s) dict_keys(['example_sla_dag']) retrieved from /home/airflow/.local/lib/python3.7/site-packages/airflow/example_dags/example_sla_dag.py
[2026-09-30T22:30:21.212+0000] {logging_mixin.py:137} INFO - [2026-09-30T22:30:21.212+0000] {dag.py:2676} INFO - Sync 1 DAGs
[2026-09-30T22:30:21.249+0000] {logging_mixin.py:137} INFO - [2026-09-30T22:30:21.248+0000] {dag.py:3427} INFO - Setting next_dagrun for example_sla_dag to 2026-09-30T22:28:00+00:00, run_after=2026-09-30T22:30:00+00:00
[2026-09-30T22:30:21.272+0000] {processor.py:175} INFO - Processing /home/airflow/.local/lib/python3.7/site-packages/airflow/example_dags/example_sla_dag.py took 0.114 seconds
[2026-09-30T22:30:52.708+0000] {processor.py:153} INFO - Started process (PID=154) to work on /home/airflow/.local/lib/python3.7/site-packages/airflow/example_dags/example_sla_dag.py
[2026-09-30T22:30:52.709+0000] {processor.py:743} INFO - Processing file /home/airflow/.local/lib/python3.7/site-packages/airflow/example_dags/example_sla_dag.py for tasks to queue
[2026-09-30T22:30:52.710+0000] {logging_mixin.py:137} INFO - [2026-09-30T22:30:52.710+0000] {dagbag.py:538} INFO - Filling up the DagBag from /home/airflow/.local/lib/python3.7/site-packages/airflow/example_dags/example_sla_dag.py
[2026-09-30T22:30:52.749+0000] {processor.py:753} INFO - DAG(s) dict_keys(['example_sla_dag']) retrieved from /home/airflow/.local/lib/python3.7/site-packages/airflow/example_dags/example_sla_dag.py
[2026-09-30T22:30:52.800+0000] {logging_mixin.py:137} INFO - [2026-09-30T22:30:52.800+0000] {dag.py:2676} INFO - Sync 1 DAGs
[2026-09-30T22:30:52.842+0000] {logging_mixin.py:137} INFO - [2026-09-30T22:30:52.842+0000] {dag.py:3427} INFO - Setting next_dagrun for example_sla_dag to 2026-09-30T22:28:00+00:00, run_after=2026-09-30T22:30:00+00:00
[2026-09-30T22:30:52.862+0000] {processor.py:175} INFO - Processing /home/airflow/.local/lib/python3.7/site-packages/airflow/example_dags/example_sla_dag.py took 0.157 seconds
[2026-09-30T22:31:22.913+0000] {processor.py:153} INFO - Started process (PID=233) to work on /home/airflow/.local/lib/python3.7/site-packages/airflow/example_dags/example_sla_dag.py
[2026-09-30T22:31:22.914+0000] {processor.py:743} INFO - Processing file /home/airflow/.local/lib/python3.7/site-packages/airflow/example_dags/example_sla_dag.py for tasks to queue
[2026-09-30T22:31:22.915+0000] {logging_mixin.py:137} INFO - [2026-09-30T22:31:22.915+0000] {dagbag.py:538} INFO - Filling up the DagBag from /home/airflow/.local/lib/python3.7/site-packages/airflow/example_dags/example_sla_dag.py
[2026-09-30T22:31:22.963+0000] {processor.py:753} INFO - DAG(s) dict_keys(['example_sla_dag']) retrieved from /home/airflow/.local/lib/python3.7/site-packages/airflow/example_dags/example_sla_dag.py
[2026-09-30T22:31:23.019+0000] {logging_mixin.py:137} INFO - [2026-09-30T22:31:23.019+0000] {dag.py:2676} INFO - Sync 1 DAGs
[2026-09-30T22:31:23.057+0000] {logging_mixin.py:137} INFO - [2026-09-30T22:31:23.057+0000] {dag.py:3427} INFO - Setting next_dagrun for example_sla_dag to 2026-09-30T22:28:00+00:00, run_after=2026-09-30T22:30:00+00:00
[2026-09-30T22:31:23.082+0000] {processor.py:175} INFO - Processing /home/airflow/.local/lib/python3.7/site-packages/airflow/example_dags/example_sla_dag.py took 0.175 seconds
[2026-09-30T22:31:53.792+0000] {processor.py:153} INFO - Started process (PID=321) to work on /home/airflow/.local/lib/python3.7/site-packages/airflow/example_dags/example_sla_dag.py
[2026-09-30T22:31:53.793+0000] {processor.py:743} INFO - Processing file /home/airflow/.local/lib/python3.7/site-packages/airflow/example_dags/example_sla_dag.py for tasks to queue
[2026-09-30T22:31:53.794+0000] {logging_mixin.py:137} INFO - [2026-09-30T22:31:53.794+0000] {dagbag.py:538} INFO - Filling up the DagBag from /home/airflow/.local/lib/python3.7/site-packages/airflow/example_dags/example_sla_dag.py
[2026-09-30T22:31:53.827+0000] {processor.py:753} INFO - DAG(s) dict_keys(['example_sla_dag']) retrieved from /home/airflow/.local/lib/python3.7/site-packages/airflow/example_dags/example_sla_dag.py
[2026-09-30T22:31:53.884+0000] {logging_mixin.py:137} INFO - [2026-09-30T22:31:53.884+0000] {dag.py:2676} INFO - Sync 1 DAGs
[2026-09-30T22:31:53.918+0000] {logging_mixin.py:137} INFO - [2026-09-30T22:31:53.918+0000] {dag.py:3427} INFO - Setting next_dagrun for example_sla_dag to 2026-09-30T22:28:00+00:00, run_after=2026-09-30T22:30:00+00:00
[2026-09-30T22:31:53.939+0000] {processor.py:175} INFO - Processing /home/airflow/.local/lib/python3.7/site-packages/airflow/example_dags/example_sla_dag.py took 0.151 seconds
[2026-09-30T22:32:24.793+0000] {processor.py:153} INFO - Started process (PID=411) to work on /home/airflow/.local/lib/python3.7/site-packages/airflow/example_dags/example_sla_dag.py
[2026-09-30T22:32:24.794+0000] {processor.py:743} INFO - Processing file /home/airflow/.local/lib/python3.7/site-packages/airflow/example_dags/example_sla_dag.py for tasks to queue
[2026-09-30T22:32:24.794+0000] {logging_mixin.py:137} INFO - [2026-09-30T22:32:24.794+0000] {dagbag.py:538} INFO - Filling up the DagBag from /home/airflow/.local/lib/python3.7/site-packages/airflow/example_dags/example_sla_dag.py
[2026-09-30T22:32:24.820+0000] {processor.py:753} INFO - DAG(s) dict_keys(['example_sla_dag']) retrieved from /home/airflow/.local/lib/python3.7/site-packages/airflow/example_dags/example_sla_dag.py
[2026-09-30T22:32:24.858+0000] {logging_mixin.py:137} INFO - [2026-09-30T22:32:24.858+0000] {dag.py:2676} INFO - Sync 1 DAGs
[2026-09-30T22:32:24.887+0000] {logging_mixin.py:137} INFO - [2026-09-30T22:32:24.886+0000] {dag.py:3427} INFO - Setting next_dagrun for example_sla_dag to 2026-09-30T22:30:00+00:00, run_after=2026-09-30T22:32:00+00:00
[2026-09-30T22:32:24.904+0000] {processor.py:175} INFO - Processing /home/airflow/.local/lib/python3.7/site-packages/airflow/example_dags/example_sla_dag.py took 0.115 seconds
[2026-09-30T22:32:55.326+0000] {processor.py:153} INFO - Started process (PID=490) to work on /home/airflow/.local/lib/python3.7/site-packages/airflow/example_dags/example_sla_dag.py
[2026-09-30T22:32:55.328+0000] {processor.py:743} INFO - Processing file /home/airflow/.local/lib/python3.7/site-packages/airflow/example_dags/example_sla_dag.py for tasks to queue
[2026-09-30T22:32:55.329+0000] {logging_mixin.py:137} INFO - [2026-09-30T22:32:55.329+0000] {dagbag.py:538} INFO - Filling up the DagBag from /home/airflow/.local/lib/python3.7/site-packages/airflow/example_dags/example_sla_dag.py
[2026-09-30T22:32:55.370+0000] {processor.py:753} INFO - DAG(s) dict_keys(['example_sla_dag']) retrieved from /home/airflow/.local/lib/python3.7/site-packages/airflow/example_dags/example_sla_dag.py
[2026-09-30T22:32:55.420+0000] {logging_mixin.py:137} INFO - [2026-09-30T22:32:55.419+0000] {dag.py:2676} INFO - Sync 1 DAGs
[2026-09-30T22:32:55.462+0000] {logging_mixin.py:137} INFO - [2026-09-30T22:32:55.462+0000] {dag.py:3427} INFO - Setting next_dagrun for example_sla_dag to 2026-09-30T22:30:00+00:00, run_after=2026-09-30T22:32:00+00:00
[2026-09-30T22:32:55.486+0000] {processor.py:175} INFO - Processing /home/airflow/.local/lib/python3.7/site-packages/airflow/example_dags/example_sla_dag.py took 0.166 seconds
[2026-09-30T22:33:26.591+0000] {processor.py:153} INFO - Started process (PID=578) to work on /home/airflow/.local/lib/python3.7/site-packages/airflow/example_dags/example_sla_dag.py
[2026-09-30T22:33:26.593+0000] {processor.py:743} INFO - Processing file /home/airflow/.local/lib/python3.7/site-packages/airflow/example_dags/example_sla_dag.py for tasks to queue
[2026-09-30T22:33:26.594+0000] {logging_mixin.py:137} INFO - [2026-09-30T22:33:26.594+0000] {dagbag.py:538} INFO - Filling up the DagBag from /home/airflow/.local/lib/python3.7/site-packages/airflow/example_dags/example_sla_dag.py
[2026-09-30T22:33:26.638+0000] {processor.py:753} INFO - DAG(s) dict_keys(['example_sla_dag']) retrieved from /home/airflow/.local/lib/python3.7/site-packages/airflow/example_dags/example_sla_dag.py
[2026-09-30T22:33:26.703+0000] {logging_mixin.py:137} INFO - [2026-09-30T22:33:26.702+0000] {dag.py:2676} INFO - Sync 1 DAGs
[2026-09-30T22:33:26.738+0000] {logging_mixin.py:137} INFO - [2026-09-30T22:33:26.738+0000] {dag.py:3427} INFO - Setting next_dagrun for example_sla_dag to 2026-09-30T22:30:00+00:00, run_after=2026-09-30T22:32:00+00:00
[2026-09-30T22:33:26.757+0000] {processor.py:175} INFO - Processing /home/airflow/.local/lib/python3.7/site-packages/airflow/example_dags/example_sla_dag.py took 0.170 seconds
[2026-09-30T22:33:57.638+0000] {processor.py:153} INFO - Started process (PID=668) to work on /home/airflow/.local/lib/python3.7/site-packages/airflow/example_dags/example_sla_dag.py
[2026-09-30T22:33:57.639+0000] {processor.py:743} INFO - Processing file /home/airflow/.local/lib/python3.7/site-packages/airflow/example_dags/example_sla_dag.py for tasks to queue
[2026-09-30T22:33:57.640+0000] {logging_mixin.py:137} INFO - [2026-09-30T22:33:57.640+0000] {dagbag.py:538} INFO - Filling up the DagBag from /home/airflow/.local/lib/python3.7/site-packages/airflow/example_dags/example_sla_dag.py
[2026-09-30T22:33:57.686+0000] {processor.py:753} INFO - DAG(s) dict_keys(['example_sla_dag']) retrieved from /home/airflow/.local/lib/python3.7/site-packages/airflow/example_dags/example_sla_dag.py
[2026-09-30T22:33:57.747+0000] {logging_mixin.py:137} INFO - [2026-09-30T22:33:57.747+0000] {dag.py:2676} INFO - Sync 1 DAGs
[2026-09-30T22:33:57.781+0000] {logging_mixin.py:137} INFO - [2026-09-30T22:33:57.781+0000] {dag.py:3427} INFO - Setting next_dagrun for example_sla_dag to 2026-09-30T22:30:00+00:00, run_after=2026-09-30T22:32:00+00:00
[2026-09-30T22:33:57.802+0000] {processor.py:175} INFO - Processing /home/airflow/.local/lib/python3.7/site-packages/airflow/example_dags/example_sla_dag.py took 0.167 seconds
[2026-09-30T22:34:27.984+0000] {processor.py:153} INFO - Started process (PID=747) to work on /home/airflow/.local/lib/python3.7/site-packages/airflow/example_dags/example_sla_dag.py
[2026-09-30T22:34:27.985+0000] {processor.py:743} INFO - Processing file /home/airflow/.local/lib/python3.7/site-packages/airflow/example_dags/example_sla_dag.py for tasks to queue
[2026-09-30T22:34:27.985+0000] {logging_mixin.py:137} INFO - [2026-09-30T22:34:27.985+0000] {dagbag.py:538} INFO - Filling up the DagBag from /home/airflow/.local/lib/python3.7/site-packages/airflow/example_dags/example_sla_dag.py
[2026-09-30T22:34:28.017+0000] {processor.py:753} INFO - DAG(s) dict_keys(['example_sla_dag']) retrieved from /home/airflow/.local/lib/python3.7/site-packages/airflow/example_dags/example_sla_dag.py
[2026-09-30T22:34:28.065+0000] {logging_mixin.py:137} INFO - [2026-09-30T22:34:28.065+0000] {dag.py:2676} INFO - Sync 1 DAGs
[2026-09-30T22:34:28.110+0000] {logging_mixin.py:137} INFO - [2026-09-30T22:34:28.109+0000] {dag.py:3427} INFO - Setting next_dagrun for example_sla_dag to 2026-09-30T22:32:00+00:00, run_after=2026-09-30T22:34:00+00:00
[2026-09-30T22:34:28.132+0000] {processor.py:175} INFO - Processing /home/airflow/.local/lib/python3.7/site-packages/airflow/example_dags/example_sla_dag.py took 0.152 seconds
[2026-09-30T22:34:58.356+0000] {processor.py:153} INFO - Started process (PID=826) to work on /home/airflow/.local/lib/python3.7/site-packages/airflow/example_dags/example_sla_dag.py
[2026-09-30T22:34:58.357+0000] {processor.py:743} INFO - Processing file /home/airflow/.local/lib/python3.7/site-packages/airflow/example_dags/example_sla_dag.py for tasks to queue
[2026-09-30T22:34:58.358+0000] {logging_mixin.py:137} INFO - [2026-09-30T22:34:58.358+0000] {dagbag.py:538} INFO - Filling up the DagBag from /home/airflow/.local/lib/python3.7/site-packages/airflow/example_dags/example_sla_dag.py
[2026-09-30T22:34:58.402+0000] {processor.py:753} INFO - DAG(s) dict_keys(['example_sla_dag']) retrieved from /home/airflow/.local/lib/python3.7/site-packages/airflow/example_dags/example_sla_dag.py
[2026-09-30T22:34:58.471+0000] {logging_mixin.py:137} INFO - [2026-09-30T22:34:58.470+0000] {dag.py:2676} INFO - Sync 1 DAGs
[2026-09-30T22:34:58.508+0000] {logging_mixin.py:137} INFO - [2026-09-30T22:34:58.507+0000] {dag.py:3427} INFO - Setting next_dagrun for example_sla_dag to 2026-09-30T22:32:00+00:00, run_after=2026-09-30T22:34:00+00:00
[2026-09-30T22:34:58.527+0000] {processor.py:175} INFO - Processing /home/airflow/.local/lib/python3.7/site-packages/airflow/example_dags/example_sla_dag.py took 0.174 seconds
[2026-09-30T22:35:29.006+0000] {processor.py:153} INFO - Started process (PID=925) to work on /home/airflow/.local/lib/python3.7/site-packages/airflow/example_dags/example_sla_dag.py
[2026-09-30T22:35:29.007+0000] {processor.py:743} INFO - Processing file /home/airflow/.local/lib/python3.7/site-packages/airflow/example_dags/example_sla_dag.py for tasks to queue
[2026-09-30T22:35:29.009+0000] {logging_mixin.py:137} INFO - [2026-09-30T22:35:29.008+0000] {dagbag.py:538} INFO - Filling up the DagBag from /home/airflow/.local/lib/python3.7/site-packages/airflow/example_dags/example_sla_dag.py
[2026-09-30T22:35:29.041+0000] {processor.py:753} INFO - DAG(s) dict_keys(['example_sla_dag']) retrieved from /home/airflow/.local/lib/python3.7/site-packages/airflow/example_dags/example_sla_dag.py
[2026-09-30T22:35:29.088+0000] {logging_mixin.py:137} INFO - [2026-09-30T22:35:29.088+0000] {dag.py:2676} INFO - Sync 1 DAGs
[2026-09-30T22:35:29.133+0000] {logging_mixin.py:137} INFO - [2026-09-30T22:35:29.133+0000] {dag.py:3427} INFO - Setting next_dagrun for example_sla_dag to 2026-09-30T22:32:00+00:00, run_after=2026-09-30T22:34:00+00:00
[2026-09-30T22:35:29.156+0000] {processor.py:175} INFO - Processing /home/airflow/.local/lib/python3.7/site-packages/airflow/example_dags/example_sla_dag.py took 0.156 seconds
[2026-09-30T22:36:00.155+0000] {processor.py:153} INFO - Started process (PID=1004) to work on /home/airflow/.local/lib/python3.7/site-packages/airflow/example_dags/example_sla_dag.py
[2026-09-30T22:36:00.157+0000] {processor.py:743} INFO - Processing file /home/airflow/.local/lib/python3.7/site-packages/airflow/example_dags/example_sla_dag.py for tasks to queue
[2026-09-30T22:36:00.159+0000] {logging_mixin.py:137} INFO - [2026-09-30T22:36:00.158+0000] {dagbag.py:538} INFO - Filling up the DagBag from /home/airflow/.local/lib/python3.7/site-packages/airflow/example_dags/example_sla_dag.py
[2026-09-30T22:36:00.206+0000] {processor.py:753} INFO - DAG(s) dict_keys(['example_sla_dag']) retrieved from /home/airflow/.local/lib/python3.7/site-packages/airflow/example_dags/example_sla_dag.py
[2026-09-30T22:36:00.260+0000] {logging_mixin.py:137} INFO - [2026-09-30T22:36:00.260+0000] {dag.py:2676} INFO - Sync 1 DAGs
[2026-09-30T22:36:00.294+0000] {logging_mixin.py:137} INFO - [2026-09-30T22:36:00.294+0000] {dag.py:3427} INFO - Setting next_dagrun for example_sla_dag to 2026-09-30T22:34:00+00:00, run_after=2026-09-30T22:36:00+00:00
[2026-09-30T22:36:00.318+0000] {processor.py:175} INFO - Processing /home/airflow/.local/lib/python3.7/site-packages/airflow/example_dags/example_sla_dag.py took 0.169 seconds
[2026-09-30T22:36:30.451+0000] {processor.py:153} INFO - Started process (PID=1083) to work on /home/airflow/.local/lib/python3.7/site-packages/airflow/example_dags/example_sla_dag.py
[2026-09-30T22:36:30.453+0000] {processor.py:743} INFO - Processing file /home/airflow/.local/lib/python3.7/site-packages/airflow/example_dags/example_sla_dag.py for tasks to queue
[2026-09-30T22:36:30.453+0000] {logging_mixin.py:137} INFO - [2026-09-30T22:36:30.453+0000] {dagbag.py:538} INFO - Filling up the DagBag from /home/airflow/.local/lib/python3.7/site-packages/airflow/example_dags/example_sla_dag.py
[2026-09-30T22:36:30.483+0000] {processor.py:753} INFO - DAG(s) dict_keys(['example_sla_dag']) retrieved from /home/airflow/.local/lib/python3.7/site-packages/airflow/example_dags/example_sla_dag.py
[2026-09-30T22:36:30.536+0000] {logging_mixin.py:137} INFO - [2026-09-30T22:36:30.536+0000] {dag.py:2676} INFO - Sync 1 DAGs
[2026-09-30T22:36:30.571+0000] {logging_mixin.py:137} INFO - [2026-09-30T22:36:30.570+0000] {dag.py:3427} INFO - Setting next_dagrun for example_sla_dag to 2026-09-30T22:34:00+00:00, run_after=2026-09-30T22:36:00+00:00
[2026-09-30T22:36:30.591+0000] {processor.py:175} INFO - Processing /home/airflow/.local/lib/python3.7/site-packages/airflow/example_dags/example_sla_dag.py took 0.146 seconds
[2026-09-30T22:37:00.714+0000] {processor.py:153} INFO - Started process (PID=1162) to work on /home/airflow/.local/lib/python3.7/site-packages/airflow/example_dags/example_sla_dag.py
[2026-09-30T22:37:00.715+0000] {processor.py:743} INFO - Processing file /home/airflow/.local/lib/python3.7/site-packages/airflow/example_dags/example_sla_dag.py for tasks to queue
[2026-09-30T22:37:00.715+0000] {logging_mixin.py:137} INFO - [2026-09-30T22:37:00.715+0000] {dagbag.py:538} INFO - Filling up the DagBag from /home/airflow/.local/lib/python3.7/site-packages/airflow/example_dags/example_sla_dag.py
[2026-09-30T22:37:00.756+0000] {processor.py:753} INFO - DAG(s) dict_keys(['example_sla_dag']) retrieved from /home/airflow/.local/lib/python3.7/site-packages/airflow/example_dags/example_sla_dag.py
[2026-09-30T22:37:00.818+0000] {logging_mixin.py:137} INFO - [2026-09-30T22:37:00.817+0000] {dag.py:2676} INFO - Sync 1 DAGs
[2026-09-30T22:37:00.865+0000] {logging_mixin.py:137} INFO - [2026-09-30T22:37:00.864+0000] {dag.py:3427} INFO - Setting next_dagrun for example_sla_dag to 2026-09-30T22:34:00+00:00, run_after=2026-09-30T22:36:00+00:00
[2026-09-30T22:37:00.897+0000] {processor.py:175} INFO - Processing /home/airflow/.local/lib/python3.7/site-packages/airflow/example_dags/example_sla_dag.py took 0.187 seconds
[2026-09-30T22:37:31.126+0000] {processor.py:153} INFO - Started process (PID=1261) to work on /home/airflow/.local/lib/python3.7/site-packages/airflow/example_dags/example_sla_dag.py
[2026-09-30T22:37:31.127+0000] {processor.py:743} INFO - Processing file /home/airflow/.local/lib/python3.7/site-packages/airflow/example_dags/example_sla_dag.py for tasks to queue
[2026-09-30T22:37:31.128+0000] {logging_mixin.py:137} INFO - [2026-09-30T22:37:31.128+0000] {dagbag.py:538} INFO - Filling up the DagBag from /home/airflow/.local/lib/python3.7/site-packages/airflow/example_dags/example_sla_dag.py
[2026-09-30T22:37:31.156+0000] {processor.py:753} INFO - DAG(s) dict_keys(['example_sla_dag']) retrieved from /home/airflow/.local/lib/python3.7/site-packages/airflow/example_dags/example_sla_dag.py
[2026-09-30T22:37:31.201+0000] {logging_mixin.py:137} INFO - [2026-09-30T22:37:31.201+0000] {dag.py:2676} INFO - Sync 1 DAGs
[2026-09-30T22:37:31.237+0000] {logging_mixin.py:137} INFO - [2026-09-30T22:37:31.237+0000] {dag.py:3427} INFO - Setting next_dagrun for example_sla_dag to 2026-09-30T22:34:00+00:00, run_after=2026-09-30T22:36:00+00:00
[2026-09-30T22:37:31.259+0000] {processor.py:175} INFO - Processing /home/airflow/.local/lib/python3.7/site-packages/airflow/example_dags/example_sla_dag.py took 0.136 seconds
[2026-09-30T22:38:02.347+0000] {processor.py:153} INFO - Started process (PID=1340) to work on /home/airflow/.local/lib/python3.7/site-packages/airflow/example_dags/example_sla_dag.py
[2026-09-30T22:38:02.348+0000] {processor.py:743} INFO - Processing file /home/airflow/.local/lib/python3.7/site-packages/airflow/example_dags/example_sla_dag.py for tasks to queue
[2026-09-30T22:38:02.349+0000] {logging_mixin.py:137} INFO - [2026-09-30T22:38:02.349+0000] {dagbag.py:538} INFO - Filling up the DagBag from /home/airflow/.local/lib/python3.7/site-packages/airflow/example_dags/example_sla_dag.py
[2026-09-30T22:38:02.388+0000] {processor.py:753} INFO - DAG(s) dict_keys(['example_sla_dag']) retrieved from /home/airflow/.local/lib/python3.7/site-packages/airflow/example_dags/example_sla_dag.py
[2026-09-30T22:38:02.446+0000] {logging_mixin.py:137} INFO - [2026-09-30T22:38:02.446+0000] {dag.py:2676} INFO - Sync 1 DAGs
[2026-09-30T22:38:02.497+0000] {logging_mixin.py:137} INFO - [2026-09-30T22:38:02.497+0000] {dag.py:3427} INFO - Setting next_dagrun for example_sla_dag to 2026-09-30T22:36:00+00:00, run_after=2026-09-30T22:38:00+00:00
[2026-09-30T22:38:02.525+0000] {processor.py:175} INFO - Processing /home/airflow/.local/lib/python3.7/site-packages/airflow/example_dags/example_sla_dag.py took 0.183 seconds
[2026-09-30T22:38:33.399+0000] {processor.py:153} INFO - Started process (PID=1419) to work on /home/airflow/.local/lib/python3.7/site-packages/airflow/example_dags/example_sla_dag.py
[2026-09-30T22:38:33.400+0000] {processor.py:743} INFO - Processing file /home/airflow/.local/lib/python3.7/site-packages/airflow/example_dags/example_sla_dag.py for tasks to queue
[2026-09-30T22:38:33.402+0000] {logging_mixin.py:137} INFO - [2026-09-30T22:38:33.401+0000] {dagbag.py:538} INFO - Filling up the DagBag from /home/airflow/.local/lib/python3.7/site-packages/airflow/example_dags/example_sla_dag.py
[2026-09-30T22:38:33.435+0000] {processor.py:753} INFO - DAG(s) dict_keys(['example_sla_dag']) retrieved from /home/airflow/.local/lib/python3.7/site-packages/airflow/example_dags/example_sla_dag.py
[2026-09-30T22:38:33.482+0000] {logging_mixin.py:137} INFO - [2026-09-30T22:38:33.482+0000] {dag.py:2676} INFO - Sync 1 DAGs
[2026-09-30T22:38:33.516+0000] {logging_mixin.py:137} INFO - [2026-09-30T22:38:33.516+0000] {dag.py:3427} INFO - Setting next_dagrun for example_sla_dag to 2026-09-30T22:36:00+00:00, run_after=2026-09-30T22:38:00+00:00
[2026-09-30T22:38:33.540+0000] {processor.py:175} INFO - Processing /home/airflow/.local/lib/python3.7/site-packages/airflow/example_dags/example_sla_dag.py took 0.145 seconds
[2026-09-30T22:39:04.307+0000] {processor.py:153} INFO - Started process (PID=1507) to work on /home/airflow/.local/lib/python3.7/site-packages/airflow/example_dags/example_sla_dag.py
[2026-09-30T22:39:04.308+0000] {processor.py:743} INFO - Processing file /home/airflow/.local/lib/python3.7/site-packages/airflow/example_dags/example_sla_dag.py for tasks to queue
[2026-09-30T22:39:04.308+0000] {logging_mixin.py:137} INFO - [2026-09-30T22:39:04.308+0000] {dagbag.py:538} INFO - Filling up the DagBag from /home/airflow/.local/lib/python3.7/site-packages/airflow/example_dags/example_sla_dag.py
[2026-09-30T22:39:04.345+0000] {processor.py:753} INFO - DAG(s) dict_keys(['example_sla_dag']) retrieved from /home/airflow/.local/lib/python3.7/site-packages/airflow/example_dags/example_sla_dag.py
[2026-09-30T22:39:04.438+0000] {logging_mixin.py:137} INFO - [2026-09-30T22:39:04.438+0000] {dag.py:2676} INFO - Sync 1 DAGs
[2026-09-30T22:39:04.498+0000] {logging_mixin.py:137} INFO - [2026-09-30T22:39:04.498+0000] {dag.py:3427} INFO - Setting next_dagrun for example_sla_dag to 2026-09-30T22:36:00+00:00, run_after=2026-09-30T22:38:00+00:00
[2026-09-30T22:39:04.529+0000] {processor.py:175} INFO - Processing /home/airflow/.local/lib/python3.7/site-packages/airflow/example_dags/example_sla_dag.py took 0.226 seconds
[2026-09-30T22:39:35.144+0000] {processor.py:153} INFO - Started process (PID=1597) to work on /home/airflow/.local/lib/python3.7/site-packages/airflow/example_dags/example_sla_dag.py
[2026-09-30T22:39:35.145+0000] {processor.py:743} INFO - Processing file /home/airflow/.local/lib/python3.7/site-packages/airflow/example_dags/example_sla_dag.py for tasks to queue
[2026-09-30T22:39:35.146+0000] {logging_mixin.py:137} INFO - [2026-09-30T22:39:35.146+0000] {dagbag.py:538} INFO - Filling up the DagBag from /home/airflow/.local/lib/python3.7/site-packages/airflow/example_dags/example_sla_dag.py
[2026-09-30T22:39:35.180+0000] {processor.py:753} INFO - DAG(s) dict_keys(['example_sla_dag']) retrieved from /home/airflow/.local/lib/python3.7/site-packages/airflow/example_dags/example_sla_dag.py
[2026-09-30T22:39:35.227+0000] {logging_mixin.py:137} INFO - [2026-09-30T22:39:35.227+0000] {dag.py:2676} INFO - Sync 1 DAGs
[2026-09-30T22:39:35.266+0000] {logging_mixin.py:137} INFO - [2026-09-30T22:39:35.265+0000] {dag.py:3427} INFO - Setting next_dagrun for example_sla_dag to 2026-09-30T22:36:00+00:00, run_after=2026-09-30T22:38:00+00:00
[2026-09-30T22:39:35.288+0000] {processor.py:175} INFO - Processing /home/airflow/.local/lib/python3.7/site-packages/airflow/example_dags/example_sla_dag.py took 0.148 seconds
[2026-09-30T22:40:05.795+0000] {processor.py:153} INFO - Started process (PID=1676) to work on /home/airflow/.local/lib/python3.7/site-packages/airflow/example_dags/example_sla_dag.py
[2026-09-30T22:40:05.797+0000] {processor.py:743} INFO - Processing file /home/airflow/.local/lib/python3.7/site-packages/airflow/example_dags/example_sla_dag.py for tasks to queue
[2026-09-30T22:40:05.797+0000] {logging_mixin.py:137} INFO - [2026-09-30T22:40:05.797+0000] {dagbag.py:538} INFO - Filling up the DagBag from /home/airflow/.local/lib/python3.7/site-packages/airflow/example_dags/example_sla_dag.py
[2026-09-30T22:40:05.830+0000] {processor.py:753} INFO - DAG(s) dict_keys(['example_sla_dag']) retrieved from /home/airflow/.local/lib/python3.7/site-packages/airflow/example_dags/example_sla_dag.py
[2026-09-30T22:40:05.887+0000] {logging_mixin.py:137} INFO - [2026-09-30T22:40:05.887+0000] {dag.py:2676} INFO - Sync 1 DAGs
[2026-09-30T22:40:05.931+0000] {logging_mixin.py:137} INFO - [2026-09-30T22:40:05.931+0000] {dag.py:3427} INFO - Setting next_dagrun for example_sla_dag to 2026-09-30T22:38:00+00:00, run_after=2026-09-30T22:40:00+00:00
[2026-09-30T22:40:05.956+0000] {processor.py:175} INFO - Processing /home/airflow/.local/lib/python3.7/site-packages/airflow/example_dags/example_sla_dag.py took 0.164 seconds
[2026-09-30T22:40:36.279+0000] {processor.py:153} INFO - Started process (PID=1755) to work on /home/airflow/.local/lib/python3.7/site-packages/airflow/example_dags/example_sla_dag.py
[2026-09-30T22:40:36.281+0000] {processor.py:743} INFO - Processing file /home/airflow/.local/lib/python3.7/site-packages/airflow/example_dags/example_sla_dag.py for tasks to queue
[2026-09-30T22:40:36.283+0000] {logging_mixin.py:137} INFO - [2026-09-30T22:40:36.282+0000] {dagbag.py:538} INFO - Filling up the DagBag from /home/airflow/.local/lib/python3.7/site-packages/airflow/example_dags/example_sla_dag.py
[2026-09-30T22:40:36.314+0000] {processor.py:753} INFO - DAG(s) dict_keys(['example_sla_dag']) retrieved from /home/airflow/.local/lib/python3.7/site-packages/airflow/example_dags/example_sla_dag.py
[2026-09-30T22:40:36.361+0000] {logging_mixin.py:137} INFO - [2026-09-30T22:40:36.361+0000] {dag.py:2676} INFO - Sync 1 DAGs
[2026-09-30T22:40:36.417+0000] {logging_mixin.py:137} INFO - [2026-09-30T22:40:36.417+0000] {dag.py:3427} INFO - Setting next_dagrun for example_sla_dag to 2026-09-30T22:38:00+00:00, run_after=2026-09-30T22:40:00+00:00
[2026-09-30T22:40:36.441+0000] {processor.py:175} INFO - Processing /home/airflow/.local/lib/python3.7/site-packages/airflow/example_dags/example_sla_dag.py took 0.168 seconds
[2026-09-30T22:41:06.738+0000] {processor.py:153} INFO - Started process (PID=1854) to work on /home/airflow/.local/lib/python3.7/site-packages/airflow/example_dags/example_sla_dag.py
[2026-09-30T22:41:06.739+0000] {processor.py:743} INFO - Processing file /home/airflow/.local/lib/python3.7/site-packages/airflow/example_dags/example_sla_dag.py for tasks to queue
[2026-09-30T22:41:06.740+0000] {logging_mixin.py:137} INFO - [2026-09-30T22:41:06.740+0000] {dagbag.py:538} INFO - Filling up the DagBag from /home/airflow/.local/lib/python3.7/site-packages/airflow/example_dags/example_sla_dag.py
[2026-09-30T22:41:06.764+0000] {processor.py:753} INFO - DAG(s) dict_keys(['example_sla_dag']) retrieved from /home/airflow/.local/lib/python3.7/site-packages/airflow/example_dags/example_sla_dag.py
[2026-09-30T22:41:06.806+0000] {logging_mixin.py:137} INFO - [2026-09-30T22:41:06.805+0000] {dag.py:2676} INFO - Sync 1 DAGs
[2026-09-30T22:41:06.840+0000] {logging_mixin.py:137} INFO - [2026-09-30T22:41:06.840+0000] {dag.py:3427} INFO - Setting next_dagrun for example_sla_dag to 2026-09-30T22:38:00+00:00, run_after=2026-09-30T22:40:00+00:00
[2026-09-30T22:41:06.857+0000] {processor.py:175} INFO - Processing /home/airflow/.local/lib/python3.7/site-packages/airflow/example_dags/example_sla_dag.py took 0.122 seconds
[2026-09-30T22:41:37.550+0000] {processor.py:153} INFO - Started process (PID=1933) to work on /home/airflow/.local/lib/python3.7/site-packages/airflow/example_dags/example_sla_dag.py
[2026-09-30T22:41:37.551+0000] {processor.py:743} INFO - Processing file /home/airflow/.local/lib/python3.7/site-packages/airflow/example_dags/example_sla_dag.py for tasks to queue
[2026-09-30T22:41:37.552+0000] {logging_mixin.py:137} INFO - [2026-09-30T22:41:37.552+0000] {dagbag.py:538} INFO - Filling up the DagBag from /home/airflow/.local/lib/python3.7/site-packages/airflow/example_dags/example_sla_dag.py
[2026-09-30T22:41:37.584+0000] {processor.py:753} INFO - DAG(s) dict_keys(['example_sla_dag']) retrieved from /home/airflow/.local/lib/python3.7/site-packages/airflow/example_dags/example_sla_dag.py
[2026-09-30T22:41:37.637+0000] {logging_mixin.py:137} INFO - [2026-09-30T22:41:37.637+0000] {dag.py:2676} INFO - Sync 1 DAGs
[2026-09-30T22:41:37.685+0000] {logging_mixin.py:137} INFO - [2026-09-30T22:41:37.684+0000] {dag.py:3427} INFO - Setting next_dagrun for example_sla_dag to 2026-09-30T22:38:00+00:00, run_after=2026-09-30T22:40:00+00:00
[2026-09-30T22:41:37.709+0000] {processor.py:175} INFO - Processing /home/airflow/.local/lib/python3.7/site-packages/airflow/example_dags/example_sla_dag.py took 0.163 seconds
[2026-09-30T22:42:08.288+0000] {processor.py:153} INFO - Started process (PID=2012) to work on /home/airflow/.local/lib/python3.7/site-packages/airflow/example_dags/example_sla_dag.py
[2026-09-30T22:42:08.290+0000] {processor.py:743} INFO - Processing file /home/airflow/.local/lib/python3.7/site-packages/airflow/example_dags/example_sla_dag.py for tasks to queue
[2026-09-30T22:42:08.291+0000] {logging_mixin.py:137} INFO - [2026-09-30T22:42:08.291+0000] {dagbag.py:538} INFO - Filling up the DagBag from /home/airflow/.local/lib/python3.7/site-packages/airflow/example_dags/example_sla_dag.py
[2026-09-30T22:42:08.332+0000] {processor.py:753} INFO - DAG(s) dict_keys(['example_sla_dag']) retrieved from /home/airflow/.local/lib/python3.7/site-packages/airflow/example_dags/example_sla_dag.py
[2026-09-30T22:42:08.395+0000] {logging_mixin.py:137} INFO - [2026-09-30T22:42:08.394+0000] {dag.py:2676} INFO - Sync 1 DAGs
[2026-09-30T22:42:08.443+0000] {logging_mixin.py:137} INFO - [2026-09-30T22:42:08.443+0000] {dag.py:3427} INFO - Setting next_dagrun for example_sla_dag to 2026-09-30T22:40:00+00:00, run_after=2026-09-30T22:42:00+00:00
[2026-09-30T22:42:08.472+0000] {processor.py:175} INFO - Processing /home/airflow/.local/lib/python3.7/site-packages/airflow/example_dags/example_sla_dag.py took 0.190 seconds
[2026-09-30T22:42:39.291+0000] {processor.py:153} INFO - Started process (PID=2111) to work on /home/airflow/.local/lib/python3.7/site-packages/airflow/example_dags/example_sla_dag.py
[2026-09-30T22:42:39.292+0000] {processor.py:743} INFO - Processing file /home/airflow/.local/lib/python3.7/site-packages/airflow/example_dags/example_sla_dag.py for tasks to queue
[2026-09-30T22:42:39.293+0000] {logging_mixin.py:137} INFO - [2026-09-30T22:42:39.293+0000] {dagbag.py:538} INFO - Filling up the DagBag from /home/airflow/.local/lib/python3.7/site-packages/airflow/example_dags/example_sla_dag.py
[2026-09-30T22:42:39.325+0000] {processor.py:753} INFO - DAG(s) dict_keys(['example_sla_dag']) retrieved from /home/airflow/.local/lib/python3.7/site-packages/airflow/example_dags/example_sla_dag.py
[2026-09-30T22:42:39.379+0000] {logging_mixin.py:137} INFO - [2026-09-30T22:42:39.379+0000] {dag.py:2676} INFO - Sync 1 DAGs
[2026-09-30T22:42:39.420+0000] {logging_mixin.py:137} INFO - [2026-09-30T22:42:39.420+0000] {dag.py:3427} INFO - Setting next_dagrun for example_sla_dag to 2026-09-30T22:40:00+00:00, run_after=2026-09-30T22:42:00+00:00
[2026-09-30T22:42:39.440+0000] {processor.py:175} INFO - Processing /home/airflow/.local/lib/python3.7/site-packages/airflow/example_dags/example_sla_dag.py took 0.154 seconds
[2026-09-30T22:43:09.687+0000] {processor.py:153} INFO - Started process (PID=2190) to work on /home/airflow/.local/lib/python3.7/site-packages/airflow/example_dags/example_sla_dag.py
[2026-09-30T22:43:09.688+0000] {processor.py:743} INFO - Processing file /home/airflow/.local/lib/python3.7/site-packages/airflow/example_dags/example_sla_dag.py for tasks to queue
[2026-09-30T22:43:09.689+0000] {logging_mixin.py:137} INFO - [2026-09-30T22:43:09.689+0000] {dagbag.py:538} INFO - Filling up the DagBag from /home/airflow/.local/lib/python3.7/site-packages/airflow/example_dags/example_sla_dag.py
[2026-09-30T22:43:09.723+0000] {processor.py:753} INFO - DAG(s) dict_keys(['example_sla_dag']) retrieved from /home/airflow/.local/lib/python3.7/site-packages/airflow/example_dags/example_sla_dag.py
[2026-09-30T22:43:09.773+0000] {logging_mixin.py:137} INFO - [2026-09-30T22:43:09.773+0000] {dag.py:2676} INFO - Sync 1 DAGs
[2026-09-30T22:43:09.822+0000] {logging_mixin.py:137} INFO - [2026-09-30T22:43:09.822+0000] {dag.py:3427} INFO - Setting next_dagrun for example_sla_dag to 2026-09-30T22:40:00+00:00, run_after=2026-09-30T22:42:00+00:00
[2026-09-30T22:43:09.845+0000] {processor.py:175} INFO - Processing /home/airflow/.local/lib/python3.7/site-packages/airflow/example_dags/example_sla_dag.py took 0.164 seconds
[2026-09-30T22:43:40.678+0000] {processor.py:153} INFO - Started process (PID=2269) to work on /home/airflow/.local/lib/python3.7/site-packages/airflow/example_dags/example_sla_dag.py
[2026-09-30T22:43:40.679+0000] {processor.py:743} INFO - Processing file /home/airflow/.local/lib/python3.7/site-packages/airflow/example_dags/example_sla_dag.py for tasks to queue
[2026-09-30T22:43:40.679+0000] {logging_mixin.py:137} INFO - [2026-09-30T22:43:40.679+0000] {dagbag.py:538} INFO - Filling up the DagBag from /home/airflow/.local/lib/python3.7/site-packages/airflow/example_dags/example_sla_dag.py
[2026-09-30T22:43:40.723+0000] {processor.py:753} INFO - DAG(s) dict_keys(['example_sla_dag']) retrieved from /home/airflow/.local/lib/python3.7/site-packages/airflow/example_dags/example_sla_dag.py
[2026-09-30T22:43:40.788+0000] {logging_mixin.py:137} INFO - [2026-09-30T22:43:40.787+0000] {dag.py:2676} INFO - Sync 1 DAGs
[2026-09-30T22:43:40.826+0000] {logging_mixin.py:137} INFO - [2026-09-30T22:43:40.826+0000] {dag.py:3427} INFO - Setting next_dagrun for example_sla_dag to 2026-09-30T22:40:00+00:00, run_after=2026-09-30T22:42:00+00:00
[2026-09-30T22:43:40.850+0000] {processor.py:175} INFO - Processing /home/airflow/.local/lib/python3.7/site-packages/airflow/example_dags/example_sla_dag.py took 0.175 seconds
[2026-09-30T22:44:11.632+0000] {processor.py:153} INFO - Started process (PID=2348) to work on /home/airflow/.local/lib/python3.7/site-packages/airflow/example_dags/example_sla_dag.py
[2026-09-30T22:44:11.633+0000] {processor.py:743} INFO - Processing file /home/airflow/.local/lib/python3.7/site-packages/airflow/example_dags/example_sla_dag.py for tasks to queue
[2026-09-30T22:44:11.634+0000] {logging_mixin.py:137} INFO - [2026-09-30T22:44:11.634+0000] {dagbag.py:538} INFO - Filling up the DagBag from /home/airflow/.local/lib/python3.7/site-packages/airflow/example_dags/example_sla_dag.py
[2026-09-30T22:44:11.665+0000] {processor.py:753} INFO - DAG(s) dict_keys(['example_sla_dag']) retrieved from /home/airflow/.local/lib/python3.7/site-packages/airflow/example_dags/example_sla_dag.py
[2026-09-30T22:44:11.715+0000] {logging_mixin.py:137} INFO - [2026-09-30T22:44:11.714+0000] {dag.py:2676} INFO - Sync 1 DAGs
[2026-09-30T22:44:11.751+0000] {logging_mixin.py:137} INFO - [2026-09-30T22:44:11.751+0000] {dag.py:3427} INFO - Setting next_dagrun for example_sla_dag to 2026-09-30T22:42:00+00:00, run_after=2026-09-30T22:44:00+00:00
[2026-09-30T22:44:11.773+0000] {processor.py:175} INFO - Processing /home/airflow/.local/lib/python3.7/site-packages/airflow/example_dags/example_sla_dag.py took 0.145 seconds
[2026-09-30T22:44:42.804+0000] {processor.py:153} INFO - Started process (PID=2447) to work on /home/airflow/.local/lib/python3.7/site-packages/airflow/example_dags/example_sla_dag.py
[2026-09-30T22:44:42.806+0000] {processor.py:743} INFO - Processing file /home/airflow/.local/lib/python3.7/site-packages/airflow/example_dags/example_sla_dag.py for tasks to queue
[2026-09-30T22:44:42.807+0000] {logging_mixin.py:137} INFO - [2026-09-30T22:44:42.807+0000] {dagbag.py:538} INFO - Filling up the DagBag from /home/airflow/.local/lib/python3.7/site-packages/airflow/example_dags/example_sla_dag.py
[2026-09-30T22:44:42.842+0000] {processor.py:753} INFO - DAG(s) dict_keys(['example_sla_dag']) retrieved from /home/airflow/.local/lib/python3.7/site-packages/airflow/example_dags/example_sla_dag.py
[2026-09-30T22:44:42.912+0000] {logging_mixin.py:137} INFO - [2026-09-30T22:44:42.912+0000] {dag.py:2676} INFO - Sync 1 DAGs
[2026-09-30T22:44:42.952+0000] {logging_mixin.py:137} INFO - [2026-09-30T22:44:42.951+0000] {dag.py:3427} INFO - Setting next_dagrun for example_sla_dag to 2026-09-30T22:42:00+00:00, run_after=2026-09-30T22:44:00+00:00
[2026-09-30T22:44:42.982+0000] {processor.py:175} INFO - Processing /home/airflow/.local/lib/python3.7/site-packages/airflow/example_dags/example_sla_dag.py took 0.182 seconds
[2026-09-30T22:45:13.157+0000] {processor.py:153} INFO - Started process (PID=2526) to work on /home/airflow/.local/lib/python3.7/site-packages/airflow/example_dags/example_sla_dag.py
[2026-09-30T22:45:13.158+0000] {processor.py:743} INFO - Processing file /home/airflow/.local/lib/python3.7/site-packages/airflow/example_dags/example_sla_dag.py for tasks to queue
[2026-09-30T22:45:13.159+0000] {logging_mixin.py:137} INFO - [2026-09-30T22:45:13.159+0000] {dagbag.py:538} INFO - Filling up the DagBag from /home/airflow/.local/lib/python3.7/site-packages/airflow/example_dags/example_sla_dag.py
[2026-09-30T22:45:13.197+0000] {processor.py:753} INFO - DAG(s) dict_keys(['example_sla_dag']) retrieved from /home/airflow/.local/lib/python3.7/site-packages/airflow/example_dags/example_sla_dag.py
[2026-09-30T22:45:13.263+0000] {logging_mixin.py:137} INFO - [2026-09-30T22:45:13.263+0000] {dag.py:2676} INFO - Sync 1 DAGs
[2026-09-30T22:45:13.318+0000] {logging_mixin.py:137} INFO - [2026-09-30T22:45:13.318+0000] {dag.py:3427} INFO - Setting next_dagrun for example_sla_dag to 2026-09-30T22:42:00+00:00, run_after=2026-09-30T22:44:00+00:00
[2026-09-30T22:45:13.351+0000] {processor.py:175} INFO - Processing /home/airflow/.local/lib/python3.7/site-packages/airflow/example_dags/example_sla_dag.py took 0.202 seconds
[2026-09-30T22:45:43.450+0000] {processor.py:153} INFO - Started process (PID=2605) to work on /home/airflow/.local/lib/python3.7/site-packages/airflow/example_dags/example_sla_dag.py
[2026-09-30T22:45:43.451+0000] {processor.py:743} INFO - Processing file /home/airflow/.local/lib/python3.7/site-packages/airflow/example_dags/example_sla_dag.py for tasks to queue
[2026-09-30T22:45:43.452+0000] {logging_mixin.py:137} INFO - [2026-09-30T22:45:43.451+0000] {dagbag.py:538} INFO - Filling up the DagBag from /home/airflow/.local/lib/python3.7/site-packages/airflow/example_dags/example_sla_dag.py
[2026-09-30T22:45:43.482+0000] {processor.py:753} INFO - DAG(s) dict_keys(['example_sla_dag']) retrieved from /home/airflow/.local/lib/python3.7/site-packages/airflow/example_dags/example_sla_dag.py
[2026-09-30T22:45:43.532+0000] {logging_mixin.py:137} INFO - [2026-09-30T22:45:43.532+0000] {dag.py:2676} INFO - Sync 1 DAGs
[2026-09-30T22:45:43.569+0000] {logging_mixin.py:137} INFO - [2026-09-30T22:45:43.568+0000] {dag.py:3427} INFO - Setting next_dagrun for example_sla_dag to 2026-09-30T22:42:00+00:00, run_after=2026-09-30T22:44:00+00:00
[2026-09-30T22:45:43.594+0000] {processor.py:175} INFO - Processing /home/airflow/.local/lib/python3.7/site-packages/airflow/example_dags/example_sla_dag.py took 0.149 seconds
[2026-09-30T22:46:13.896+0000] {processor.py:153} INFO - Started process (PID=2684) to work on /home/airflow/.local/lib/python3.7/site-packages/airflow/example_dags/example_sla_dag.py
[2026-09-30T22:46:13.897+0000] {processor.py:743} INFO - Processing file /home/airflow/.local/lib/python3.7/site-packages/airflow/example_dags/example_sla_dag.py for tasks to queue
[2026-09-30T22:46:13.898+0000] {logging_mixin.py:137} INFO - [2026-09-30T22:46:13.898+0000] {dagbag.py:538} INFO - Filling up the DagBag from /home/airflow/.local/lib/python3.7/site-packages/airflow/example_dags/example_sla_dag.py
[2026-09-30T22:46:13.940+0000] {processor.py:753} INFO - DAG(s) dict_keys(['example_sla_dag']) retrieved from /home/airflow/.local/lib/python3.7/site-packages/airflow/example_dags/example_sla_dag.py
[2026-09-30T22:46:14.003+0000] {logging_mixin.py:137} INFO - [2026-09-30T22:46:14.003+0000] {dag.py:2676} INFO - Sync 1 DAGs
[2026-09-30T22:46:14.041+0000] {logging_mixin.py:137} INFO - [2026-09-30T22:46:14.041+0000] {dag.py:3427} INFO - Setting next_dagrun for example_sla_dag to 2026-09-30T22:44:00+00:00, run_after=2026-09-30T22:46:00+00:00
[2026-09-30T22:46:14.065+0000] {processor.py:175} INFO - Processing /home/airflow/.local/lib/python3.7/site-packages/airflow/example_dags/example_sla_dag.py took 0.173 seconds
[2026-09-30T22:46:44.301+0000] {processor.py:153} INFO - Started process (PID=2772) to work on /home/airflow/.local/lib/python3.7/site-packages/airflow/example_dags/example_sla_dag.py
[2026-09-30T22:46:44.302+0000] {processor.py:743} INFO - Processing file /home/airflow/.local/lib/python3.7/site-packages/airflow/example_dags/example_sla_dag.py for tasks to queue
[2026-09-30T22:46:44.303+0000] {logging_mixin.py:137} INFO - [2026-09-30T22:46:44.302+0000] {dagbag.py:538} INFO - Filling up the DagBag from /home/airflow/.local/lib/python3.7/site-packages/airflow/example_dags/example_sla_dag.py
[2026-09-30T22:46:44.345+0000] {processor.py:753} INFO - DAG(s) dict_keys(['example_sla_dag']) retrieved from /home/airflow/.local/lib/python3.7/site-packages/airflow/example_dags/example_sla_dag.py
[2026-09-30T22:46:44.411+0000] {logging_mixin.py:137} INFO - [2026-09-30T22:46:44.410+0000] {dag.py:2676} INFO - Sync 1 DAGs
[2026-09-30T22:46:44.458+0000] {logging_mixin.py:137} INFO - [2026-09-30T22:46:44.458+0000] {dag.py:3427} INFO - Setting next_dagrun for example_sla_dag to 2026-09-30T22:44:00+00:00, run_after=2026-09-30T22:46:00+00:00
[2026-09-30T22:46:44.483+0000] {processor.py:175} INFO - Processing /home/airflow/.local/lib/python3.7/site-packages/airflow/example_dags/example_sla_dag.py took 0.188 seconds
[2026-09-30T22:47:14.707+0000] {processor.py:153} INFO - Started process (PID=2862) to work on /home/airflow/.local/lib/python3.7/site-packages/airflow/example_dags/example_sla_dag.py
[2026-09-30T22:47:14.708+0000] {processor.py:743} INFO - Processing file /home/airflow/.local/lib/python3.7/site-packages/airflow/example_dags/example_sla_dag.py for tasks to queue
[2026-09-30T22:47:14.709+0000] {logging_mixin.py:137} INFO - [2026-09-30T22:47:14.709+0000] {dagbag.py:538} INFO - Filling up the DagBag from /home/airflow/.local/lib/python3.7/site-packages/airflow/example_dags/example_sla_dag.py
[2026-09-30T22:47:14.746+0000] {processor.py:753} INFO - DAG(s) dict_keys(['example_sla_dag']) retrieved from /home/airflow/.local/lib/python3.7/site-packages/airflow/example_dags/example_sla_dag.py
[2026-09-30T22:47:14.794+0000] {logging_mixin.py:137} INFO - [2026-09-30T22:47:14.794+0000] {dag.py:2676} INFO - Sync 1 DAGs
[2026-09-30T22:47:14.835+0000] {logging_mixin.py:137} INFO - [2026-09-30T22:47:14.835+0000] {dag.py:3427} INFO - Setting next_dagrun for example_sla_dag to 2026-09-30T22:44:00+00:00, run_after=2026-09-30T22:46:00+00:00
[2026-09-30T22:47:14.856+0000] {processor.py:175} INFO - Processing /home/airflow/.local/lib/python3.7/site-packages/airflow/example_dags/example_sla_dag.py took 0.157 seconds
[2026-09-30T22:47:44.929+0000] {processor.py:153} INFO - Started process (PID=2941) to work on /home/airflow/.local/lib/python3.7/site-packages/airflow/example_dags/example_sla_dag.py
[2026-09-30T22:47:44.930+0000] {processor.py:743} INFO - Processing file /home/airflow/.local/lib/python3.7/site-packages/airflow/example_dags/example_sla_dag.py for tasks to queue
[2026-09-30T22:47:44.931+0000] {logging_mixin.py:137} INFO - [2026-09-30T22:47:44.931+0000] {dagbag.py:538} INFO - Filling up the DagBag from /home/airflow/.local/lib/python3.7/site-packages/airflow/example_dags/example_sla_dag.py
[2026-09-30T22:47:44.962+0000] {processor.py:753} INFO - DAG(s) dict_keys(['example_sla_dag']) retrieved from /home/airflow/.local/lib/python3.7/site-packages/airflow/example_dags/example_sla_dag.py
[2026-09-30T22:47:45.010+0000] {logging_mixin.py:137} INFO - [2026-09-30T22:47:45.010+0000] {dag.py:2676} INFO - Sync 1 DAGs
[2026-09-30T22:47:45.045+0000] {logging_mixin.py:137} INFO - [2026-09-30T22:47:45.044+0000] {dag.py:3427} INFO - Setting next_dagrun for example_sla_dag to 2026-09-30T22:44:00+00:00, run_after=2026-09-30T22:46:00+00:00
[2026-09-30T22:47:45.065+0000] {processor.py:175} INFO - Processing /home/airflow/.local/lib/python3.7/site-packages/airflow/example_dags/example_sla_dag.py took 0.140 seconds
[2026-09-30T22:48:15.337+0000] {processor.py:153} INFO - Started process (PID=3020) to work on /home/airflow/.local/lib/python3.7/site-packages/airflow/example_dags/example_sla_dag.py
[2026-09-30T22:48:15.339+0000] {processor.py:743} INFO - Processing file /home/airflow/.local/lib/python3.7/site-packages/airflow/example_dags/example_sla_dag.py for tasks to queue
[2026-09-30T22:48:15.341+0000] {logging_mixin.py:137} INFO - [2026-09-30T22:48:15.341+0000] {dagbag.py:538} INFO - Filling up the DagBag from /home/airflow/.local/lib/python3.7/site-packages/airflow/example_dags/example_sla_dag.py
[2026-09-30T22:48:15.387+0000] {processor.py:753} INFO - DAG(s) dict_keys(['example_sla_dag']) retrieved from /home/airflow/.local/lib/python3.7/site-packages/airflow/example_dags/example_sla_dag.py
[2026-09-30T22:48:15.451+0000] {logging_mixin.py:137} INFO - [2026-09-30T22:48:15.451+0000] {dag.py:2676} INFO - Sync 1 DAGs
[2026-09-30T22:48:15.495+0000] {logging_mixin.py:137} INFO - [2026-09-30T22:48:15.495+0000] {dag.py:3427} INFO - Setting next_dagrun for example_sla_dag to 2026-09-30T22:46:00+00:00, run_after=2026-09-30T22:48:00+00:00
[2026-09-30T22:48:15.525+0000] {processor.py:175} INFO - Processing /home/airflow/.local/lib/python3.7/site-packages/airflow/example_dags/example_sla_dag.py took 0.192 seconds
[2026-09-30T22:48:45.800+0000] {processor.py:153} INFO - Started process (PID=3119) to work on /home/airflow/.local/lib/python3.7/site-packages/airflow/example_dags/example_sla_dag.py
[2026-09-30T22:48:45.801+0000] {processor.py:743} INFO - Processing file /home/airflow/.local/lib/python3.7/site-packages/airflow/example_dags/example_sla_dag.py for tasks to queue
[2026-09-30T22:48:45.801+0000] {logging_mixin.py:137} INFO - [2026-09-30T22:48:45.801+0000] {dagbag.py:538} INFO - Filling up the DagBag from /home/airflow/.local/lib/python3.7/site-packages/airflow/example_dags/example_sla_dag.py
[2026-09-30T22:48:45.830+0000] {processor.py:753} INFO - DAG(s) dict_keys(['example_sla_dag']) retrieved from /home/airflow/.local/lib/python3.7/site-packages/airflow/example_dags/example_sla_dag.py
[2026-09-30T22:48:45.876+0000] {logging_mixin.py:137} INFO - [2026-09-30T22:48:45.876+0000] {dag.py:2676} INFO - Sync 1 DAGs
[2026-09-30T22:48:45.913+0000] {logging_mixin.py:137} INFO - [2026-09-30T22:48:45.913+0000] {dag.py:3427} INFO - Setting next_dagrun for example_sla_dag to 2026-09-30T22:46:00+00:00, run_after=2026-09-30T22:48:00+00:00
[2026-09-30T22:48:45.931+0000] {processor.py:175} INFO - Processing /home/airflow/.local/lib/python3.7/site-packages/airflow/example_dags/example_sla_dag.py took 0.136 seconds
[2026-09-30T22:49:16.156+0000] {processor.py:153} INFO - Started process (PID=3198) to work on /home/airflow/.local/lib/python3.7/site-packages/airflow/example_dags/example_sla_dag.py
[2026-09-30T22:49:16.157+0000] {processor.py:743} INFO - Processing file /home/airflow/.local/lib/python3.7/site-packages/airflow/example_dags/example_sla_dag.py for tasks to queue
[2026-09-30T22:49:16.158+0000] {logging_mixin.py:137} INFO - [2026-09-30T22:49:16.158+0000] {dagbag.py:538} INFO - Filling up the DagBag from /home/airflow/.local/lib/python3.7/site-packages/airflow/example_dags/example_sla_dag.py
[2026-09-30T22:49:16.190+0000] {processor.py:753} INFO - DAG(s) dict_keys(['example_sla_dag']) retrieved from /home/airflow/.local/lib/python3.7/site-packages/airflow/example_dags/example_sla_dag.py
[2026-09-30T22:49:16.238+0000] {logging_mixin.py:137} INFO - [2026-09-30T22:49:16.238+0000] {dag.py:2676} INFO - Sync 1 DAGs
[2026-09-30T22:49:16.275+0000] {logging_mixin.py:137} INFO - [2026-09-30T22:49:16.275+0000] {dag.py:3427} INFO - Setting next_dagrun for example_sla_dag to 2026-09-30T22:46:00+00:00, run_after=2026-09-30T22:48:00+00:00
[2026-09-30T22:49:16.302+0000] {processor.py:175} INFO - Processing /home/airflow/.local/lib/python3.7/site-packages/airflow/example_dags/example_sla_dag.py took 0.150 seconds
[2026-09-30T22:49:46.486+0000] {processor.py:153} INFO - Started process (PID=3277) to work on /home/airflow/.local/lib/python3.7/site-packages/airflow/example_dags/example_sla_dag.py
[2026-09-30T22:49:46.487+0000] {processor.py:743} INFO - Processing file /home/airflow/.local/lib/python3.7/site-packages/airflow/example_dags/example_sla_dag.py for tasks to queue
[2026-09-30T22:49:46.488+0000] {logging_mixin.py:137} INFO - [2026-09-30T22:49:46.487+0000] {dagbag.py:538} INFO - Filling up the DagBag from /home/airflow/.local/lib/python3.7/site-packages/airflow/example_dags/example_sla_dag.py
[2026-09-30T22:49:46.522+0000] {processor.py:753} INFO - DAG(s) dict_keys(['example_sla_dag']) retrieved from /home/airflow/.local/lib/python3.7/site-packages/airflow/example_dags/example_sla_dag.py
[2026-09-30T22:49:46.576+0000] {logging_mixin.py:137} INFO - [2026-09-30T22:49:46.576+0000] {dag.py:2676} INFO - Sync 1 DAGs
[2026-09-30T22:49:46.613+0000] {logging_mixin.py:137} INFO - [2026-09-30T22:49:46.613+0000] {dag.py:3427} INFO - Setting next_dagrun for example_sla_dag to 2026-09-30T22:46:00+00:00, run_after=2026-09-30T22:48:00+00:00
[2026-09-30T22:49:46.631+0000] {processor.py:175} INFO - Processing /home/airflow/.local/lib/python3.7/site-packages/airflow/example_dags/example_sla_dag.py took 0.150 seconds
[2026-09-30T22:50:16.943+0000] {processor.py:153} INFO - Started process (PID=3365) to work on /home/airflow/.local/lib/python3.7/site-packages/airflow/example_dags/example_sla_dag.py
[2026-09-30T22:50:16.944+0000] {processor.py:743} INFO - Processing file /home/airflow/.local/lib/python3.7/site-packages/airflow/example_dags/example_sla_dag.py for tasks to queue
[2026-09-30T22:50:16.945+0000] {logging_mixin.py:137} INFO - [2026-09-30T22:50:16.945+0000] {dagbag.py:538} INFO - Filling up the DagBag from /home/airflow/.local/lib/python3.7/site-packages/airflow/example_dags/example_sla_dag.py
[2026-09-30T22:50:16.978+0000] {processor.py:753} INFO - DAG(s) dict_keys(['example_sla_dag']) retrieved from /home/airflow/.local/lib/python3.7/site-packages/airflow/example_dags/example_sla_dag.py
[2026-09-30T22:50:17.028+0000] {logging_mixin.py:137} INFO - [2026-09-30T22:50:17.027+0000] {dag.py:2676} INFO - Sync 1 DAGs
[2026-09-30T22:50:17.075+0000] {logging_mixin.py:137} INFO - [2026-09-30T22:50:17.074+0000] {dag.py:3427} INFO - Setting next_dagrun for example_sla_dag to 2026-09-30T22:48:00+00:00, run_after=2026-09-30T22:50:00+00:00
[2026-09-30T22:50:17.107+0000] {processor.py:175} INFO - Processing /home/airflow/.local/lib/python3.7/site-packages/airflow/example_dags/example_sla_dag.py took 0.169 seconds
[2026-09-30T22:50:47.436+0000] {processor.py:153} INFO - Started process (PID=3455) to work on /home/airflow/.local/lib/python3.7/site-packages/airflow/example_dags/example_sla_dag.py
[2026-09-30T22:50:47.437+0000] {processor.py:743} INFO - Processing file /home/airflow/.local/lib/python3.7/site-packages/airflow/example_dags/example_sla_dag.py for tasks to queue
[2026-09-30T22:50:47.438+0000] {logging_mixin.py:137} INFO - [2026-09-30T22:50:47.438+0000] {dagbag.py:538} INFO - Filling up the DagBag from /home/airflow/.local/lib/python3.7/site-packages/airflow/example_dags/example_sla_dag.py
[2026-09-30T22:50:47.480+0000] {processor.py:753} INFO - DAG(s) dict_keys(['example_sla_dag']) retrieved from /home/airflow/.local/lib/python3.7/site-packages/airflow/example_dags/example_sla_dag.py
[2026-09-30T22:50:47.533+0000] {logging_mixin.py:137} INFO - [2026-09-30T22:50:47.533+0000] {dag.py:2676} INFO - Sync 1 DAGs
[2026-09-30T22:50:47.568+0000] {logging_mixin.py:137} INFO - [2026-09-30T22:50:47.568+0000] {dag.py:3427} INFO - Setting next_dagrun for example_sla_dag to 2026-09-30T22:48:00+00:00, run_after=2026-09-30T22:50:00+00:00
[2026-09-30T22:50:47.588+0000] {processor.py:175} INFO - Processing /home/airflow/.local/lib/python3.7/site-packages/airflow/example_dags/example_sla_dag.py took 0.157 seconds
[2026-09-30T22:51:19.127+0000] {processor.py:153} INFO - Started process (PID=3534) to work on /home/airflow/.local/lib/python3.7/site-packages/airflow/example_dags/example_sla_dag.py
[2026-09-30T22:51:19.128+0000] {processor.py:743} INFO - Processing file /home/airflow/.local/lib/python3.7/site-packages/airflow/example_dags/example_sla_dag.py for tasks to queue
[2026-09-30T22:51:19.129+0000] {logging_mixin.py:137} INFO - [2026-09-30T22:51:19.129+0000] {dagbag.py:538} INFO - Filling up the DagBag from /home/airflow/.local/lib/python3.7/site-packages/airflow/example_dags/example_sla_dag.py
[2026-09-30T22:51:19.160+0000] {processor.py:753} INFO - DAG(s) dict_keys(['example_sla_dag']) retrieved from /home/airflow/.local/lib/python3.7/site-packages/airflow/example_dags/example_sla_dag.py
[2026-09-30T22:51:19.211+0000] {logging_mixin.py:137} INFO - [2026-09-30T22:51:19.211+0000] {dag.py:2676} INFO - Sync 1 DAGs
[2026-09-30T22:51:19.250+0000] {logging_mixin.py:137} INFO - [2026-09-30T22:51:19.250+0000] {dag.py:3427} INFO - Setting next_dagrun for example_sla_dag to 2026-09-30T22:48:00+00:00, run_after=2026-09-30T22:50:00+00:00
[2026-09-30T22:51:19.271+0000] {processor.py:175} INFO - Processing /home/airflow/.local/lib/python3.7/site-packages/airflow/example_dags/example_sla_dag.py took 0.148 seconds
[2026-09-30T22:51:50.141+0000] {processor.py:153} INFO - Started process (PID=3622) to work on /home/airflow/.local/lib/python3.7/site-packages/airflow/example_dags/example_sla_dag.py
[2026-09-30T22:51:50.143+0000] {processor.py:743} INFO - Processing file /home/airflow/.local/lib/python3.7/site-packages/airflow/example_dags/example_sla_dag.py for tasks to queue
[2026-09-30T22:51:50.144+0000] {logging_mixin.py:137} INFO - [2026-09-30T22:51:50.144+0000] {dagbag.py:538} INFO - Filling up the DagBag from /home/airflow/.local/lib/python3.7/site-packages/airflow/example_dags/example_sla_dag.py
[2026-09-30T22:51:50.181+0000] {processor.py:753} INFO - DAG(s) dict_keys(['example_sla_dag']) retrieved from /home/airflow/.local/lib/python3.7/site-packages/airflow/example_dags/example_sla_dag.py
[2026-09-30T22:51:50.232+0000] {logging_mixin.py:137} INFO - [2026-09-30T22:51:50.232+0000] {dag.py:2676} INFO - Sync 1 DAGs
[2026-09-30T22:51:50.267+0000] {logging_mixin.py:137} INFO - [2026-09-30T22:51:50.267+0000] {dag.py:3427} INFO - Setting next_dagrun for example_sla_dag to 2026-09-30T22:48:00+00:00, run_after=2026-09-30T22:50:00+00:00
[2026-09-30T22:51:50.292+0000] {processor.py:175} INFO - Processing /home/airflow/.local/lib/python3.7/site-packages/airflow/example_dags/example_sla_dag.py took 0.158 seconds
[2026-09-30T22:52:21.067+0000] {processor.py:153} INFO - Started process (PID=3712) to work on /home/airflow/.local/lib/python3.7/site-packages/airflow/example_dags/example_sla_dag.py
[2026-09-30T22:52:21.069+0000] {processor.py:743} INFO - Processing file /home/airflow/.local/lib/python3.7/site-packages/airflow/example_dags/example_sla_dag.py for tasks to queue
[2026-09-30T22:52:21.070+0000] {logging_mixin.py:137} INFO - [2026-09-30T22:52:21.070+0000] {dagbag.py:538} INFO - Filling up the DagBag from /home/airflow/.local/lib/python3.7/site-packages/airflow/example_dags/example_sla_dag.py
[2026-09-30T22:52:21.117+0000] {processor.py:753} INFO - DAG(s) dict_keys(['example_sla_dag']) retrieved from /home/airflow/.local/lib/python3.7/site-packages/airflow/example_dags/example_sla_dag.py
[2026-09-30T22:52:21.180+0000] {logging_mixin.py:137} INFO - [2026-09-30T22:52:21.179+0000] {dag.py:2676} INFO - Sync 1 DAGs
[2026-09-30T22:52:21.234+0000] {logging_mixin.py:137} INFO - [2026-09-30T22:52:21.234+0000] {dag.py:3427} INFO - Setting next_dagrun for example_sla_dag to 2026-09-30T22:50:00+00:00, run_after=2026-09-30T22:52:00+00:00
[2026-09-30T22:52:21.261+0000] {processor.py:175} INFO - Processing /home/airflow/.local/lib/python3.7/site-packages/airflow/example_dags/example_sla_dag.py took 0.200 seconds
[2026-09-30T22:52:52.071+0000] {processor.py:153} INFO - Started process (PID=3792) to work on /home/airflow/.local/lib/python3.7/site-packages/airflow/example_dags/example_sla_dag.py
[2026-09-30T22:52:52.073+0000] {processor.py:743} INFO - Processing file /home/airflow/.local/lib/python3.7/site-packages/airflow/example_dags/example_sla_dag.py for tasks to queue
[2026-09-30T22:52:52.074+0000] {logging_mixin.py:137} INFO - [2026-09-30T22:52:52.074+0000] {dagbag.py:538} INFO - Filling up the DagBag from /home/airflow/.local/lib/python3.7/site-packages/airflow/example_dags/example_sla_dag.py
[2026-09-30T22:52:52.116+0000] {processor.py:753} INFO - DAG(s) dict_keys(['example_sla_dag']) retrieved from /home/airflow/.local/lib/python3.7/site-packages/airflow/example_dags/example_sla_dag.py
[2026-09-30T22:52:52.185+0000] {logging_mixin.py:137} INFO - [2026-09-30T22:52:52.185+0000] {dag.py:2676} INFO - Sync 1 DAGs
[2026-09-30T22:52:52.226+0000] {logging_mixin.py:137} INFO - [2026-09-30T22:52:52.226+0000] {dag.py:3427} INFO - Setting next_dagrun for example_sla_dag to 2026-09-30T22:50:00+00:00, run_after=2026-09-30T22:52:00+00:00
[2026-09-30T22:52:52.248+0000] {processor.py:175} INFO - Processing /home/airflow/.local/lib/python3.7/site-packages/airflow/example_dags/example_sla_dag.py took 0.181 seconds
[2026-09-30T22:53:23.020+0000] {processor.py:153} INFO - Started process (PID=3871) to work on /home/airflow/.local/lib/python3.7/site-packages/airflow/example_dags/example_sla_dag.py
[2026-09-30T22:53:23.022+0000] {processor.py:743} INFO - Processing file /home/airflow/.local/lib/python3.7/site-packages/airflow/example_dags/example_sla_dag.py for tasks to queue
[2026-09-30T22:53:23.023+0000] {logging_mixin.py:137} INFO - [2026-09-30T22:53:23.023+0000] {dagbag.py:538} INFO - Filling up the DagBag from /home/airflow/.local/lib/python3.7/site-packages/airflow/example_dags/example_sla_dag.py
[2026-09-30T22:53:23.060+0000] {processor.py:753} INFO - DAG(s) dict_keys(['example_sla_dag']) retrieved from /home/airflow/.local/lib/python3.7/site-packages/airflow/example_dags/example_sla_dag.py
[2026-09-30T22:53:23.120+0000] {logging_mixin.py:137} INFO - [2026-09-30T22:53:23.120+0000] {dag.py:2676} INFO - Sync 1 DAGs
[2026-09-30T22:53:23.156+0000] {logging_mixin.py:137} INFO - [2026-09-30T22:53:23.156+0000] {dag.py:3427} INFO - Setting next_dagrun for example_sla_dag to 2026-09-30T22:50:00+00:00, run_after=2026-09-30T22:52:00+00:00
[2026-09-30T22:53:23.176+0000] {processor.py:175} INFO - Processing /home/airflow/.local/lib/python3.7/site-packages/airflow/example_dags/example_sla_dag.py took 0.161 seconds
[2026-09-30T22:53:53.985+0000] {processor.py:153} INFO - Started process (PID=3970) to work on /home/airflow/.local/lib/python3.7/site-packages/airflow/example_dags/example_sla_dag.py
[2026-09-30T22:53:53.985+0000] {processor.py:743} INFO - Processing file /home/airflow/.local/lib/python3.7/site-packages/airflow/example_dags/example_sla_dag.py for tasks to queue
[2026-09-30T22:53:53.986+0000] {logging_mixin.py:137} INFO - [2026-09-30T22:53:53.986+0000] {dagbag.py:538} INFO - Filling up the DagBag from /home/airflow/.local/lib/python3.7/site-packages/airflow/example_dags/example_sla_dag.py
[2026-09-30T22:53:54.019+0000] {processor.py:753} INFO - DAG(s) dict_keys(['example_sla_dag']) retrieved from /home/airflow/.local/lib/python3.7/site-packages/airflow/example_dags/example_sla_dag.py
[2026-09-30T22:53:54.069+0000] {logging_mixin.py:137} INFO - [2026-09-30T22:53:54.069+0000] {dag.py:2676} INFO - Sync 1 DAGs
[2026-09-30T22:53:54.107+0000] {logging_mixin.py:137} INFO - [2026-09-30T22:53:54.107+0000] {dag.py:3427} INFO - Setting next_dagrun for example_sla_dag to 2026-09-30T22:50:00+00:00, run_after=2026-09-30T22:52:00+00:00
[2026-09-30T22:53:54.128+0000] {processor.py:175} INFO - Processing /home/airflow/.local/lib/python3.7/site-packages/airflow/example_dags/example_sla_dag.py took 0.147 seconds
[2026-09-30T22:54:24.165+0000] {processor.py:153} INFO - Started process (PID=4049) to work on /home/airflow/.local/lib/python3.7/site-packages/airflow/example_dags/example_sla_dag.py
[2026-09-30T22:54:24.166+0000] {processor.py:743} INFO - Processing file /home/airflow/.local/lib/python3.7/site-packages/airflow/example_dags/example_sla_dag.py for tasks to queue
[2026-09-30T22:54:24.167+0000] {logging_mixin.py:137} INFO - [2026-09-30T22:54:24.167+0000] {dagbag.py:538} INFO - Filling up the DagBag from /home/airflow/.local/lib/python3.7/site-packages/airflow/example_dags/example_sla_dag.py
[2026-09-30T22:54:24.191+0000] {processor.py:753} INFO - DAG(s) dict_keys(['example_sla_dag']) retrieved from /home/airflow/.local/lib/python3.7/site-packages/airflow/example_dags/example_sla_dag.py
[2026-09-30T22:54:24.227+0000] {logging_mixin.py:137} INFO - [2026-09-30T22:54:24.227+0000] {dag.py:2676} INFO - Sync 1 DAGs
[2026-09-30T22:54:24.253+0000] {logging_mixin.py:137} INFO - [2026-09-30T22:54:24.253+0000] {dag.py:3427} INFO - Setting next_dagrun for example_sla_dag to 2026-09-30T22:52:00+00:00, run_after=2026-09-30T22:54:00+00:00
[2026-09-30T22:54:24.269+0000] {processor.py:175} INFO - Processing /home/airflow/.local/lib/python3.7/site-packages/airflow/example_dags/example_sla_dag.py took 0.106 seconds
[2026-09-30T22:54:54.806+0000] {processor.py:153} INFO - Started process (PID=4128) to work on /home/airflow/.local/lib/python3.7/site-packages/airflow/example_dags/example_sla_dag.py
[2026-09-30T22:54:54.807+0000] {processor.py:743} INFO - Processing file /home/airflow/.local/lib/python3.7/site-packages/airflow/example_dags/example_sla_dag.py for tasks to queue
[2026-09-30T22:54:54.808+0000] {logging_mixin.py:137} INFO - [2026-09-30T22:54:54.808+0000] {dagbag.py:538} INFO - Filling up the DagBag from /home/airflow/.local/lib/python3.7/site-packages/airflow/example_dags/example_sla_dag.py
[2026-09-30T22:54:54.841+0000] {processor.py:753} INFO - DAG(s) dict_keys(['example_sla_dag']) retrieved from /home/airflow/.local/lib/python3.7/site-packages/airflow/example_dags/example_sla_dag.py
[2026-09-30T22:54:54.891+0000] {logging_mixin.py:137} INFO - [2026-09-30T22:54:54.891+0000] {dag.py:2676} INFO - Sync 1 DAGs
[2026-09-30T22:54:54.931+0000] {logging_mixin.py:137} INFO - [2026-09-30T22:54:54.931+0000] {dag.py:3427} INFO - Setting next_dagrun for example_sla_dag to 2026-09-30T22:52:00+00:00, run_after=2026-09-30T22:54:00+00:00
[2026-09-30T22:54:54.954+0000] {processor.py:175} INFO - Processing /home/airflow/.local/lib/python3.7/site-packages/airflow/example_dags/example_sla_dag.py took 0.152 seconds
[2026-09-30T22:55:25.917+0000] {processor.py:153} INFO - Started process (PID=4216) to work on /home/airflow/.local/lib/python3.7/site-packages/airflow/example_dags/example_sla_dag.py
[2026-09-30T22:55:25.918+0000] {processor.py:743} INFO - Processing file /home/airflow/.local/lib/python3.7/site-packages/airflow/example_dags/example_sla_dag.py for tasks to queue
[2026-09-30T22:55:25.919+0000] {logging_mixin.py:137} INFO - [2026-09-30T22:55:25.919+0000] {dagbag.py:538} INFO - Filling up the DagBag from /home/airflow/.local/lib/python3.7/site-packages/airflow/example_dags/example_sla_dag.py
[2026-09-30T22:55:25.954+0000] {processor.py:753} INFO - DAG(s) dict_keys(['example_sla_dag']) retrieved from /home/airflow/.local/lib/python3.7/site-packages/airflow/example_dags/example_sla_dag.py
[2026-09-30T22:55:26.029+0000] {logging_mixin.py:137} INFO - [2026-09-30T22:55:26.028+0000] {dag.py:2676} INFO - Sync 1 DAGs
[2026-09-30T22:55:26.090+0000] {logging_mixin.py:137} INFO - [2026-09-30T22:55:26.089+0000] {dag.py:3427} INFO - Setting next_dagrun for example_sla_dag to 2026-09-30T22:52:00+00:00, run_after=2026-09-30T22:54:00+00:00
[2026-09-30T22:55:26.111+0000] {processor.py:175} INFO - Processing /home/airflow/.local/lib/python3.7/site-packages/airflow/example_dags/example_sla_dag.py took 0.199 seconds
[2026-09-30T22:55:56.240+0000] {processor.py:153} INFO - Started process (PID=4307) to work on /home/airflow/.local/lib/python3.7/site-packages/airflow/example_dags/example_sla_dag.py
[2026-09-30T22:55:56.241+0000] {processor.py:743} INFO - Processing file /home/airflow/.local/lib/python3.7/site-packages/airflow/example_dags/example_sla_dag.py for tasks to queue
[2026-09-30T22:55:56.242+0000] {logging_mixin.py:137} INFO - [2026-09-30T22:55:56.241+0000] {dagbag.py:538} INFO - Filling up the DagBag from /home/airflow/.local/lib/python3.7/site-packages/airflow/example_dags/example_sla_dag.py
[2026-09-30T22:55:56.273+0000] {processor.py:753} INFO - DAG(s) dict_keys(['example_sla_dag']) retrieved from /home/airflow/.local/lib/python3.7/site-packages/airflow/example_dags/example_sla_dag.py
[2026-09-30T22:55:56.322+0000] {logging_mixin.py:137} INFO - [2026-09-30T22:55:56.322+0000] {dag.py:2676} INFO - Sync 1 DAGs
[2026-09-30T22:55:56.364+0000] {logging_mixin.py:137} INFO - [2026-09-30T22:55:56.364+0000] {dag.py:3427} INFO - Setting next_dagrun for example_sla_dag to 2026-09-30T22:52:00+00:00, run_after=2026-09-30T22:54:00+00:00
[2026-09-30T22:55:56.393+0000] {processor.py:175} INFO - Processing /home/airflow/.local/lib/python3.7/site-packages/airflow/example_dags/example_sla_dag.py took 0.157 seconds
[2026-09-30T22:56:26.707+0000] {processor.py:153} INFO - Started process (PID=4386) to work on /home/airflow/.local/lib/python3.7/site-packages/airflow/example_dags/example_sla_dag.py
[2026-09-30T22:56:26.708+0000] {processor.py:743} INFO - Processing file /home/airflow/.local/lib/python3.7/site-packages/airflow/example_dags/example_sla_dag.py for tasks to queue
[2026-09-30T22:56:26.709+0000] {logging_mixin.py:137} INFO - [2026-09-30T22:56:26.709+0000] {dagbag.py:538} INFO - Filling up the DagBag from /home/airflow/.local/lib/python3.7/site-packages/airflow/example_dags/example_sla_dag.py
[2026-09-30T22:56:26.739+0000] {processor.py:753} INFO - DAG(s) dict_keys(['example_sla_dag']) retrieved from /home/airflow/.local/lib/python3.7/site-packages/airflow/example_dags/example_sla_dag.py
[2026-09-30T22:56:26.788+0000] {logging_mixin.py:137} INFO - [2026-09-30T22:56:26.787+0000] {dag.py:2676} INFO - Sync 1 DAGs
[2026-09-30T22:56:26.836+0000] {logging_mixin.py:137} INFO - [2026-09-30T22:56:26.836+0000] {dag.py:3427} INFO - Setting next_dagrun for example_sla_dag to 2026-09-30T22:54:00+00:00, run_after=2026-09-30T22:56:00+00:00
[2026-09-30T22:56:26.861+0000] {processor.py:175} INFO - Processing /home/airflow/.local/lib/python3.7/site-packages/airflow/example_dags/example_sla_dag.py took 0.160 seconds
[2026-09-30T22:56:57.070+0000] {processor.py:153} INFO - Started process (PID=4465) to work on /home/airflow/.local/lib/python3.7/site-packages/airflow/example_dags/example_sla_dag.py
[2026-09-30T22:56:57.071+0000] {processor.py:743} INFO - Processing file /home/airflow/.local/lib/python3.7/site-packages/airflow/example_dags/example_sla_dag.py for tasks to queue
[2026-09-30T22:56:57.072+0000] {logging_mixin.py:137} INFO - [2026-09-30T22:56:57.072+0000] {dagbag.py:538} INFO - Filling up the DagBag from /home/airflow/.local/lib/python3.7/site-packages/airflow/example_dags/example_sla_dag.py
[2026-09-30T22:56:57.120+0000] {processor.py:753} INFO - DAG(s) dict_keys(['example_sla_dag']) retrieved from /home/airflow/.local/lib/python3.7/site-packages/airflow/example_dags/example_sla_dag.py
[2026-09-30T22:56:57.194+0000] {logging_mixin.py:137} INFO - [2026-09-30T22:56:57.194+0000] {dag.py:2676} INFO - Sync 1 DAGs
[2026-09-30T22:56:57.251+0000] {logging_mixin.py:137} INFO - [2026-09-30T22:56:57.251+0000] {dag.py:3427} INFO - Setting next_dagrun for example_sla_dag to 2026-09-30T22:54:00+00:00, run_after=2026-09-30T22:56:00+00:00
[2026-09-30T22:56:57.281+0000] {processor.py:175} INFO - Processing /home/airflow/.local/lib/python3.7/site-packages/airflow/example_dags/example_sla_dag.py took 0.217 seconds
[2026-09-30T22:57:27.444+0000] {processor.py:153} INFO - Started process (PID=4544) to work on /home/airflow/.local/lib/python3.7/site-packages/airflow/example_dags/example_sla_dag.py
[2026-09-30T22:57:27.445+0000] {processor.py:743} INFO - Processing file /home/airflow/.local/lib/python3.7/site-packages/airflow/example_dags/example_sla_dag.py for tasks to queue
[2026-09-30T22:57:27.446+0000] {logging_mixin.py:137} INFO - [2026-09-30T22:57:27.446+0000] {dagbag.py:538} INFO - Filling up the DagBag from /home/airflow/.local/lib/python3.7/site-packages/airflow/example_dags/example_sla_dag.py
[2026-09-30T22:57:27.476+0000] {processor.py:753} INFO - DAG(s) dict_keys(['example_sla_dag']) retrieved from /home/airflow/.local/lib/python3.7/site-packages/airflow/example_dags/example_sla_dag.py
[2026-09-30T22:57:27.525+0000] {logging_mixin.py:137} INFO - [2026-09-30T22:57:27.524+0000] {dag.py:2676} INFO - Sync 1 DAGs
[2026-09-30T22:57:27.558+0000] {logging_mixin.py:137} INFO - [2026-09-30T22:57:27.558+0000] {dag.py:3427} INFO - Setting next_dagrun for example_sla_dag to 2026-09-30T22:54:00+00:00, run_after=2026-09-30T22:56:00+00:00
[2026-09-30T22:57:27.576+0000] {processor.py:175} INFO - Processing /home/airflow/.local/lib/python3.7/site-packages/airflow/example_dags/example_sla_dag.py took 0.136 seconds
[2026-09-30T22:57:57.810+0000] {processor.py:153} INFO - Started process (PID=4642) to work on /home/airflow/.local/lib/python3.7/site-packages/airflow/example_dags/example_sla_dag.py
[2026-09-30T22:57:57.811+0000] {processor.py:743} INFO - Processing file /home/airflow/.local/lib/python3.7/site-packages/airflow/example_dags/example_sla_dag.py for tasks to queue
[2026-09-30T22:57:57.811+0000] {logging_mixin.py:137} INFO - [2026-09-30T22:57:57.811+0000] {dagbag.py:538} INFO - Filling up the DagBag from /home/airflow/.local/lib/python3.7/site-packages/airflow/example_dags/example_sla_dag.py
[2026-09-30T22:57:57.836+0000] {processor.py:753} INFO - DAG(s) dict_keys(['example_sla_dag']) retrieved from /home/airflow/.local/lib/python3.7/site-packages/airflow/example_dags/example_sla_dag.py
[2026-09-30T22:57:57.872+0000] {logging_mixin.py:137} INFO - [2026-09-30T22:57:57.872+0000] {dag.py:2676} INFO - Sync 1 DAGs
[2026-09-30T22:57:57.899+0000] {logging_mixin.py:137} INFO - [2026-09-30T22:57:57.899+0000] {dag.py:3427} INFO - Setting next_dagrun for example_sla_dag to 2026-09-30T22:54:00+00:00, run_after=2026-09-30T22:56:00+00:00
[2026-09-30T22:57:57.917+0000] {processor.py:175} INFO - Processing /home/airflow/.local/lib/python3.7/site-packages/airflow/example_dags/example_sla_dag.py took 0.110 seconds
[2026-09-30T22:58:28.601+0000] {processor.py:153} INFO - Started process (PID=4721) to work on /home/airflow/.local/lib/python3.7/site-packages/airflow/example_dags/example_sla_dag.py
[2026-09-30T22:58:28.603+0000] {processor.py:743} INFO - Processing file /home/airflow/.local/lib/python3.7/site-packages/airflow/example_dags/example_sla_dag.py for tasks to queue
[2026-09-30T22:58:28.604+0000] {logging_mixin.py:137} INFO - [2026-09-30T22:58:28.604+0000] {dagbag.py:538} INFO - Filling up the DagBag from /home/airflow/.local/lib/python3.7/site-packages/airflow/example_dags/example_sla_dag.py
[2026-09-30T22:58:28.654+0000] {processor.py:753} INFO - DAG(s) dict_keys(['example_sla_dag']) retrieved from /home/airflow/.local/lib/python3.7/site-packages/airflow/example_dags/example_sla_dag.py
[2026-09-30T22:58:28.718+0000] {logging_mixin.py:137} INFO - [2026-09-30T22:58:28.717+0000] {dag.py:2676} INFO - Sync 1 DAGs
[2026-09-30T22:58:28.761+0000] {logging_mixin.py:137} INFO - [2026-09-30T22:58:28.761+0000] {dag.py:3427} INFO - Setting next_dagrun for example_sla_dag to 2026-09-30T22:56:00+00:00, run_after=2026-09-30T22:58:00+00:00
[2026-09-30T22:58:28.785+0000] {processor.py:175} INFO - Processing /home/airflow/.local/lib/python3.7/site-packages/airflow/example_dags/example_sla_dag.py took 0.187 seconds
[2026-09-30T22:58:59.888+0000] {processor.py:153} INFO - Started process (PID=4800) to work on /home/airflow/.local/lib/python3.7/site-packages/airflow/example_dags/example_sla_dag.py
[2026-09-30T22:58:59.890+0000] {processor.py:743} INFO - Processing file /home/airflow/.local/lib/python3.7/site-packages/airflow/example_dags/example_sla_dag.py for tasks to queue
[2026-09-30T22:58:59.891+0000] {logging_mixin.py:137} INFO - [2026-09-30T22:58:59.891+0000] {dagbag.py:538} INFO - Filling up the DagBag from /home/airflow/.local/lib/python3.7/site-packages/airflow/example_dags/example_sla_dag.py
[2026-09-30T22:58:59.944+0000] {processor.py:753} INFO - DAG(s) dict_keys(['example_sla_dag']) retrieved from /home/airflow/.local/lib/python3.7/site-packages/airflow/example_dags/example_sla_dag.py
[2026-09-30T22:58:59.991+0000] {logging_mixin.py:137} INFO - [2026-09-30T22:58:59.991+0000] {dag.py:2676} INFO - Sync 1 DAGs
[2026-09-30T22:59:00.035+0000] {logging_mixin.py:137} INFO - [2026-09-30T22:59:00.035+0000] {dag.py:3427} INFO - Setting next_dagrun for example_sla_dag to 2026-09-30T22:56:00+00:00, run_after=2026-09-30T22:58:00+00:00
[2026-09-30T22:59:00.055+0000] {processor.py:175} INFO - Processing /home/airflow/.local/lib/python3.7/site-packages/airflow/example_dags/example_sla_dag.py took 0.172 seconds
[2026-09-30T22:59:30.777+0000] {processor.py:153} INFO - Started process (PID=4899) to work on /home/airflow/.local/lib/python3.7/site-packages/airflow/example_dags/example_sla_dag.py
[2026-09-30T22:59:30.779+0000] {processor.py:743} INFO - Processing file /home/airflow/.local/lib/python3.7/site-packages/airflow/example_dags/example_sla_dag.py for tasks to queue
[2026-09-30T22:59:30.779+0000] {logging_mixin.py:137} INFO - [2026-09-30T22:59:30.779+0000] {dagbag.py:538} INFO - Filling up the DagBag from /home/airflow/.local/lib/python3.7/site-packages/airflow/example_dags/example_sla_dag.py
[2026-09-30T22:59:30.801+0000] {processor.py:753} INFO - DAG(s) dict_keys(['example_sla_dag']) retrieved from /home/airflow/.local/lib/python3.7/site-packages/airflow/example_dags/example_sla_dag.py
[2026-09-30T22:59:30.837+0000] {logging_mixin.py:137} INFO - [2026-09-30T22:59:30.837+0000] {dag.py:2676} INFO - Sync 1 DAGs
[2026-09-30T22:59:30.863+0000] {logging_mixin.py:137} INFO - [2026-09-30T22:59:30.863+0000] {dag.py:3427} INFO - Setting next_dagrun for example_sla_dag to 2026-09-30T22:56:00+00:00, run_after=2026-09-30T22:58:00+00:00
[2026-09-30T22:59:30.878+0000] {processor.py:175} INFO - Processing /home/airflow/.local/lib/python3.7/site-packages/airflow/example_dags/example_sla_dag.py took 0.104 seconds
[2026-09-30T23:00:01.654+0000] {processor.py:153} INFO - Started process (PID=4978) to work on /home/airflow/.local/lib/python3.7/site-packages/airflow/example_dags/example_sla_dag.py
[2026-09-30T23:00:01.655+0000] {processor.py:743} INFO - Processing file /home/airflow/.local/lib/python3.7/site-packages/airflow/example_dags/example_sla_dag.py for tasks to queue
[2026-09-30T23:00:01.656+0000] {logging_mixin.py:137} INFO - [2026-09-30T23:00:01.656+0000] {dagbag.py:538} INFO - Filling up the DagBag from /home/airflow/.local/lib/python3.7/site-packages/airflow/example_dags/example_sla_dag.py
[2026-09-30T23:00:01.689+0000] {processor.py:753} INFO - DAG(s) dict_keys(['example_sla_dag']) retrieved from /home/airflow/.local/lib/python3.7/site-packages/airflow/example_dags/example_sla_dag.py
[2026-09-30T23:00:01.750+0000] {logging_mixin.py:137} INFO - [2026-09-30T23:00:01.750+0000] {dag.py:2676} INFO - Sync 1 DAGs
[2026-09-30T23:00:01.805+0000] {logging_mixin.py:137} INFO - [2026-09-30T23:00:01.805+0000] {dag.py:3427} INFO - Setting next_dagrun for example_sla_dag to 2026-09-30T22:58:00+00:00, run_after=2026-09-30T23:00:00+00:00
[2026-09-30T23:00:01.833+0000] {processor.py:175} INFO - Processing /home/airflow/.local/lib/python3.7/site-packages/airflow/example_dags/example_sla_dag.py took 0.182 seconds
[2026-09-30T23:00:32.044+0000] {processor.py:153} INFO - Started process (PID=5057) to work on /home/airflow/.local/lib/python3.7/site-packages/airflow/example_dags/example_sla_dag.py
[2026-09-30T23:00:32.044+0000] {processor.py:743} INFO - Processing file /home/airflow/.local/lib/python3.7/site-packages/airflow/example_dags/example_sla_dag.py for tasks to queue
[2026-09-30T23:00:32.045+0000] {logging_mixin.py:137} INFO - [2026-09-30T23:00:32.045+0000] {dagbag.py:538} INFO - Filling up the DagBag from /home/airflow/.local/lib/python3.7/site-packages/airflow/example_dags/example_sla_dag.py
[2026-09-30T23:00:32.068+0000] {processor.py:753} INFO - DAG(s) dict_keys(['example_sla_dag']) retrieved from /home/airflow/.local/lib/python3.7/site-packages/airflow/example_dags/example_sla_dag.py
[2026-09-30T23:00:32.103+0000] {logging_mixin.py:137} INFO - [2026-09-30T23:00:32.103+0000] {dag.py:2676} INFO - Sync 1 DAGs
[2026-09-30T23:00:32.131+0000] {logging_mixin.py:137} INFO - [2026-09-30T23:00:32.131+0000] {dag.py:3427} INFO - Setting next_dagrun for example_sla_dag to 2026-09-30T22:58:00+00:00, run_after=2026-09-30T23:00:00+00:00
[2026-09-30T23:00:32.149+0000] {processor.py:175} INFO - Processing /home/airflow/.local/lib/python3.7/site-packages/airflow/example_dags/example_sla_dag.py took 0.109 seconds
[2026-09-30T23:01:02.555+0000] {processor.py:153} INFO - Started process (PID=5145) to work on /home/airflow/.local/lib/python3.7/site-packages/airflow/example_dags/example_sla_dag.py
[2026-09-30T23:01:02.556+0000] {processor.py:743} INFO - Processing file /home/airflow/.local/lib/python3.7/site-packages/airflow/example_dags/example_sla_dag.py for tasks to queue
[2026-09-30T23:01:02.557+0000] {logging_mixin.py:137} INFO - [2026-09-30T23:01:02.557+0000] {dagbag.py:538} INFO - Filling up the DagBag from /home/airflow/.local/lib/python3.7/site-packages/airflow/example_dags/example_sla_dag.py
[2026-09-30T23:01:02.600+0000] {processor.py:753} INFO - DAG(s) dict_keys(['example_sla_dag']) retrieved from /home/airflow/.local/lib/python3.7/site-packages/airflow/example_dags/example_sla_dag.py
[2026-09-30T23:01:02.648+0000] {logging_mixin.py:137} INFO - [2026-09-30T23:01:02.648+0000] {dag.py:2676} INFO - Sync 1 DAGs
[2026-09-30T23:01:02.684+0000] {logging_mixin.py:137} INFO - [2026-09-30T23:01:02.684+0000] {dag.py:3427} INFO - Setting next_dagrun for example_sla_dag to 2026-09-30T22:58:00+00:00, run_after=2026-09-30T23:00:00+00:00
[2026-09-30T23:01:02.705+0000] {processor.py:175} INFO - Processing /home/airflow/.local/lib/python3.7/site-packages/airflow/example_dags/example_sla_dag.py took 0.153 seconds
[2026-09-30T23:01:33.809+0000] {processor.py:153} INFO - Started process (PID=5235) to work on /home/airflow/.local/lib/python3.7/site-packages/airflow/example_dags/example_sla_dag.py
[2026-09-30T23:01:33.811+0000] {processor.py:743} INFO - Processing file /home/airflow/.local/lib/python3.7/site-packages/airflow/example_dags/example_sla_dag.py for tasks to queue
[2026-09-30T23:01:33.811+0000] {logging_mixin.py:137} INFO - [2026-09-30T23:01:33.811+0000] {dagbag.py:538} INFO - Filling up the DagBag from /home/airflow/.local/lib/python3.7/site-packages/airflow/example_dags/example_sla_dag.py
[2026-09-30T23:01:33.844+0000] {processor.py:753} INFO - DAG(s) dict_keys(['example_sla_dag']) retrieved from /home/airflow/.local/lib/python3.7/site-packages/airflow/example_dags/example_sla_dag.py
[2026-09-30T23:01:33.902+0000] {logging_mixin.py:137} INFO - [2026-09-30T23:01:33.902+0000] {dag.py:2676} INFO - Sync 1 DAGs
[2026-09-30T23:01:33.939+0000] {logging_mixin.py:137} INFO - [2026-09-30T23:01:33.939+0000] {dag.py:3427} INFO - Setting next_dagrun for example_sla_dag to 2026-09-30T22:58:00+00:00, run_after=2026-09-30T23:00:00+00:00
[2026-09-30T23:01:33.959+0000] {processor.py:175} INFO - Processing /home/airflow/.local/lib/python3.7/site-packages/airflow/example_dags/example_sla_dag.py took 0.155 seconds
[2026-09-30T23:02:04.589+0000] {processor.py:153} INFO - Started process (PID=5314) to work on /home/airflow/.local/lib/python3.7/site-packages/airflow/example_dags/example_sla_dag.py
[2026-09-30T23:02:04.590+0000] {processor.py:743} INFO - Processing file /home/airflow/.local/lib/python3.7/site-packages/airflow/example_dags/example_sla_dag.py for tasks to queue
[2026-09-30T23:02:04.590+0000] {logging_mixin.py:137} INFO - [2026-09-30T23:02:04.590+0000] {dagbag.py:538} INFO - Filling up the DagBag from /home/airflow/.local/lib/python3.7/site-packages/airflow/example_dags/example_sla_dag.py
[2026-09-30T23:02:04.612+0000] {processor.py:753} INFO - DAG(s) dict_keys(['example_sla_dag']) retrieved from /home/airflow/.local/lib/python3.7/site-packages/airflow/example_dags/example_sla_dag.py
[2026-09-30T23:02:04.648+0000] {logging_mixin.py:137} INFO - [2026-09-30T23:02:04.648+0000] {dag.py:2676} INFO - Sync 1 DAGs
[2026-09-30T23:02:04.676+0000] {logging_mixin.py:137} INFO - [2026-09-30T23:02:04.676+0000] {dag.py:3427} INFO - Setting next_dagrun for example_sla_dag to 2026-09-30T23:00:00+00:00, run_after=2026-09-30T23:02:00+00:00
[2026-09-30T23:02:04.690+0000] {processor.py:175} INFO - Processing /home/airflow/.local/lib/python3.7/site-packages/airflow/example_dags/example_sla_dag.py took 0.105 seconds
[2026-09-30T23:02:35.328+0000] {processor.py:153} INFO - Started process (PID=5393) to work on /home/airflow/.local/lib/python3.7/site-packages/airflow/example_dags/example_sla_dag.py
[2026-09-30T23:02:35.330+0000] {processor.py:743} INFO - Processing file /home/airflow/.local/lib/python3.7/site-packages/airflow/example_dags/example_sla_dag.py for tasks to queue
[2026-09-30T23:02:35.331+0000] {logging_mixin.py:137} INFO - [2026-09-30T23:02:35.331+0000] {dagbag.py:538} INFO - Filling up the DagBag from /home/airflow/.local/lib/python3.7/site-packages/airflow/example_dags/example_sla_dag.py
[2026-09-30T23:02:35.379+0000] {processor.py:753} INFO - DAG(s) dict_keys(['example_sla_dag']) retrieved from /home/airflow/.local/lib/python3.7/site-packages/airflow/example_dags/example_sla_dag.py
[2026-09-30T23:02:35.443+0000] {logging_mixin.py:137} INFO - [2026-09-30T23:02:35.443+0000] {dag.py:2676} INFO - Sync 1 DAGs
[2026-09-30T23:02:35.477+0000] {logging_mixin.py:137} INFO - [2026-09-30T23:02:35.476+0000] {dag.py:3427} INFO - Setting next_dagrun for example_sla_dag to 2026-09-30T23:00:00+00:00, run_after=2026-09-30T23:02:00+00:00
[2026-09-30T23:02:35.498+0000] {processor.py:175} INFO - Processing /home/airflow/.local/lib/python3.7/site-packages/airflow/example_dags/example_sla_dag.py took 0.176 seconds
[2026-09-30T23:03:05.917+0000] {processor.py:153} INFO - Started process (PID=5492) to work on /home/airflow/.local/lib/python3.7/site-packages/airflow/example_dags/example_sla_dag.py
[2026-09-30T23:03:05.919+0000] {processor.py:743} INFO - Processing file /home/airflow/.local/lib/python3.7/site-packages/airflow/example_dags/example_sla_dag.py for tasks to queue
[2026-09-30T23:03:05.920+0000] {logging_mixin.py:137} INFO - [2026-09-30T23:03:05.919+0000] {dagbag.py:538} INFO - Filling up the DagBag from /home/airflow/.local/lib/python3.7/site-packages/airflow/example_dags/example_sla_dag.py
[2026-09-30T23:03:05.952+0000] {processor.py:753} INFO - DAG(s) dict_keys(['example_sla_dag']) retrieved from /home/airflow/.local/lib/python3.7/site-packages/airflow/example_dags/example_sla_dag.py
[2026-09-30T23:03:06.006+0000] {logging_mixin.py:137} INFO - [2026-09-30T23:03:06.005+0000] {dag.py:2676} INFO - Sync 1 DAGs
[2026-09-30T23:03:06.045+0000] {logging_mixin.py:137} INFO - [2026-09-30T23:03:06.045+0000] {dag.py:3427} INFO - Setting next_dagrun for example_sla_dag to 2026-09-30T23:00:00+00:00, run_after=2026-09-30T23:02:00+00:00
[2026-09-30T23:03:06.066+0000] {processor.py:175} INFO - Processing /home/airflow/.local/lib/python3.7/site-packages/airflow/example_dags/example_sla_dag.py took 0.152 seconds
[2026-09-30T23:03:36.560+0000] {processor.py:153} INFO - Started process (PID=5571) to work on /home/airflow/.local/lib/python3.7/site-packages/airflow/example_dags/example_sla_dag.py
[2026-09-30T23:03:36.562+0000] {processor.py:743} INFO - Processing file /home/airflow/.local/lib/python3.7/site-packages/airflow/example_dags/example_sla_dag.py for tasks to queue
[2026-09-30T23:03:36.563+0000] {logging_mixin.py:137} INFO - [2026-09-30T23:03:36.563+0000] {dagbag.py:538} INFO - Filling up the DagBag from /home/airflow/.local/lib/python3.7/site-packages/airflow/example_dags/example_sla_dag.py
[2026-09-30T23:03:36.610+0000] {processor.py:753} INFO - DAG(s) dict_keys(['example_sla_dag']) retrieved from /home/airflow/.local/lib/python3.7/site-packages/airflow/example_dags/example_sla_dag.py
[2026-09-30T23:03:36.673+0000] {logging_mixin.py:137} INFO - [2026-09-30T23:03:36.672+0000] {dag.py:2676} INFO - Sync 1 DAGs
[2026-09-30T23:03:36.715+0000] {logging_mixin.py:137} INFO - [2026-09-30T23:03:36.715+0000] {dag.py:3427} INFO - Setting next_dagrun for example_sla_dag to 2026-09-30T23:00:00+00:00, run_after=2026-09-30T23:02:00+00:00
[2026-09-30T23:03:36.778+0000] {processor.py:175} INFO - Processing /home/airflow/.local/lib/python3.7/site-packages/airflow/example_dags/example_sla_dag.py took 0.226 seconds
[2026-09-30T23:04:06.902+0000] {processor.py:153} INFO - Started process (PID=5650) to work on /home/airflow/.local/lib/python3.7/site-packages/airflow/example_dags/example_sla_dag.py
[2026-09-30T23:04:06.903+0000] {processor.py:743} INFO - Processing file /home/airflow/.local/lib/python3.7/site-packages/airflow/example_dags/example_sla_dag.py for tasks to queue
[2026-09-30T23:04:06.904+0000] {logging_mixin.py:137} INFO - [2026-09-30T23:04:06.904+0000] {dagbag.py:538} INFO - Filling up the DagBag from /home/airflow/.local/lib/python3.7/site-packages/airflow/example_dags/example_sla_dag.py
[2026-09-30T23:04:06.934+0000] {processor.py:753} INFO - DAG(s) dict_keys(['example_sla_dag']) retrieved from /home/airflow/.local/lib/python3.7/site-packages/airflow/example_dags/example_sla_dag.py
[2026-09-30T23:04:06.980+0000] {logging_mixin.py:137} INFO - [2026-09-30T23:04:06.980+0000] {dag.py:2676} INFO - Sync 1 DAGs
[2026-09-30T23:04:07.015+0000] {logging_mixin.py:137} INFO - [2026-09-30T23:04:07.015+0000] {dag.py:3427} INFO - Setting next_dagrun for example_sla_dag to 2026-09-30T23:02:00+00:00, run_after=2026-09-30T23:04:00+00:00
[2026-09-30T23:04:07.034+0000] {processor.py:175} INFO - Processing /home/airflow/.local/lib/python3.7/site-packages/airflow/example_dags/example_sla_dag.py took 0.137 seconds
[2026-09-30T23:04:37.231+0000] {processor.py:153} INFO - Started process (PID=5729) to work on /home/airflow/.local/lib/python3.7/site-packages/airflow/example_dags/example_sla_dag.py
[2026-09-30T23:04:37.232+0000] {processor.py:743} INFO - Processing file /home/airflow/.local/lib/python3.7/site-packages/airflow/example_dags/example_sla_dag.py for tasks to queue
[2026-09-30T23:04:37.233+0000] {logging_mixin.py:137} INFO - [2026-09-30T23:04:37.233+0000] {dagbag.py:538} INFO - Filling up the DagBag from /home/airflow/.local/lib/python3.7/site-packages/airflow/example_dags/example_sla_dag.py
[2026-09-30T23:04:37.264+0000] {processor.py:753} INFO - DAG(s) dict_keys(['example_sla_dag']) retrieved from /home/airflow/.local/lib/python3.7/site-packages/airflow/example_dags/example_sla_dag.py
[2026-09-30T23:04:37.310+0000] {logging_mixin.py:137} INFO - [2026-09-30T23:04:37.310+0000] {dag.py:2676} INFO - Sync 1 DAGs
[2026-09-30T23:04:37.346+0000] {logging_mixin.py:137} INFO - [2026-09-30T23:04:37.345+0000] {dag.py:3427} INFO - Setting next_dagrun for example_sla_dag to 2026-09-30T23:02:00+00:00, run_after=2026-09-30T23:04:00+00:00
[2026-09-30T23:04:37.369+0000] {processor.py:175} INFO - Processing /home/airflow/.local/lib/python3.7/site-packages/airflow/example_dags/example_sla_dag.py took 0.142 seconds
[2026-09-30T23:05:07.854+0000] {processor.py:153} INFO - Started process (PID=5817) to work on /home/airflow/.local/lib/python3.7/site-packages/airflow/example_dags/example_sla_dag.py
[2026-09-30T23:05:07.855+0000] {processor.py:743} INFO - Processing file /home/airflow/.local/lib/python3.7/site-packages/airflow/example_dags/example_sla_dag.py for tasks to queue
[2026-09-30T23:05:07.856+0000] {logging_mixin.py:137} INFO - [2026-09-30T23:05:07.856+0000] {dagbag.py:538} INFO - Filling up the DagBag from /home/airflow/.local/lib/python3.7/site-packages/airflow/example_dags/example_sla_dag.py
[2026-09-30T23:05:07.882+0000] {processor.py:753} INFO - DAG(s) dict_keys(['example_sla_dag']) retrieved from /home/airflow/.local/lib/python3.7/site-packages/airflow/example_dags/example_sla_dag.py
[2026-09-30T23:05:07.932+0000] {logging_mixin.py:137} INFO - [2026-09-30T23:05:07.932+0000] {dag.py:2676} INFO - Sync 1 DAGs
[2026-09-30T23:05:07.967+0000] {logging_mixin.py:137} INFO - [2026-09-30T23:05:07.967+0000] {dag.py:3427} INFO - Setting next_dagrun for example_sla_dag to 2026-09-30T23:02:00+00:00, run_after=2026-09-30T23:04:00+00:00
[2026-09-30T23:05:07.982+0000] {processor.py:175} INFO - Processing /home/airflow/.local/lib/python3.7/site-packages/airflow/example_dags/example_sla_dag.py took 0.132 seconds
[2026-09-30T23:05:38.851+0000] {processor.py:153} INFO - Started process (PID=5907) to work on /home/airflow/.local/lib/python3.7/site-packages/airflow/example_dags/example_sla_dag.py
[2026-09-30T23:05:38.852+0000] {processor.py:743} INFO - Processing file /home/airflow/.local/lib/python3.7/site-packages/airflow/example_dags/example_sla_dag.py for tasks to queue
[2026-09-30T23:05:38.853+0000] {logging_mixin.py:137} INFO - [2026-09-30T23:05:38.853+0000] {dagbag.py:538} INFO - Filling up the DagBag from /home/airflow/.local/lib/python3.7/site-packages/airflow/example_dags/example_sla_dag.py
[2026-09-30T23:05:38.886+0000] {processor.py:753} INFO - DAG(s) dict_keys(['example_sla_dag']) retrieved from /home/airflow/.local/lib/python3.7/site-packages/airflow/example_dags/example_sla_dag.py
[2026-09-30T23:05:38.943+0000] {logging_mixin.py:137} INFO - [2026-09-30T23:05:38.943+0000] {dag.py:2676} INFO - Sync 1 DAGs
[2026-09-30T23:05:38.980+0000] {logging_mixin.py:137} INFO - [2026-09-30T23:05:38.979+0000] {dag.py:3427} INFO - Setting next_dagrun for example_sla_dag to 2026-09-30T23:02:00+00:00, run_after=2026-09-30T23:04:00+00:00
[2026-09-30T23:05:39.001+0000] {processor.py:175} INFO - Processing /home/airflow/.local/lib/python3.7/site-packages/airflow/example_dags/example_sla_dag.py took 0.153 seconds
[2026-09-30T23:06:09.491+0000] {processor.py:153} INFO - Started process (PID=5986) to work on /home/airflow/.local/lib/python3.7/site-packages/airflow/example_dags/example_sla_dag.py
[2026-09-30T23:06:09.492+0000] {processor.py:743} INFO - Processing file /home/airflow/.local/lib/python3.7/site-packages/airflow/example_dags/example_sla_dag.py for tasks to queue
[2026-09-30T23:06:09.493+0000] {logging_mixin.py:137} INFO - [2026-09-30T23:06:09.493+0000] {dagbag.py:538} INFO - Filling up the DagBag from /home/airflow/.local/lib/python3.7/site-packages/airflow/example_dags/example_sla_dag.py
[2026-09-30T23:06:09.541+0000] {processor.py:753} INFO - DAG(s) dict_keys(['example_sla_dag']) retrieved from /home/airflow/.local/lib/python3.7/site-packages/airflow/example_dags/example_sla_dag.py
[2026-09-30T23:06:09.639+0000] {logging_mixin.py:137} INFO - [2026-09-30T23:06:09.638+0000] {dag.py:2676} INFO - Sync 1 DAGs
[2026-09-30T23:06:09.694+0000] {logging_mixin.py:137} INFO - [2026-09-30T23:06:09.693+0000] {dag.py:3427} INFO - Setting next_dagrun for example_sla_dag to 2026-09-30T23:04:00+00:00, run_after=2026-09-30T23:06:00+00:00
[2026-09-30T23:06:09.723+0000] {processor.py:175} INFO - Processing /home/airflow/.local/lib/python3.7/site-packages/airflow/example_dags/example_sla_dag.py took 0.239 seconds
[2026-09-30T23:06:40.056+0000] {processor.py:153} INFO - Started process (PID=6085) to work on /home/airflow/.local/lib/python3.7/site-packages/airflow/example_dags/example_sla_dag.py
[2026-09-30T23:06:40.057+0000] {processor.py:743} INFO - Processing file /home/airflow/.local/lib/python3.7/site-packages/airflow/example_dags/example_sla_dag.py for tasks to queue
[2026-09-30T23:06:40.058+0000] {logging_mixin.py:137} INFO - [2026-09-30T23:06:40.058+0000] {dagbag.py:538} INFO - Filling up the DagBag from /home/airflow/.local/lib/python3.7/site-packages/airflow/example_dags/example_sla_dag.py
[2026-09-30T23:06:40.088+0000] {processor.py:753} INFO - DAG(s) dict_keys(['example_sla_dag']) retrieved from /home/airflow/.local/lib/python3.7/site-packages/airflow/example_dags/example_sla_dag.py
[2026-09-30T23:06:40.137+0000] {logging_mixin.py:137} INFO - [2026-09-30T23:06:40.137+0000] {dag.py:2676} INFO - Sync 1 DAGs
[2026-09-30T23:06:40.173+0000] {logging_mixin.py:137} INFO - [2026-09-30T23:06:40.173+0000] {dag.py:3427} INFO - Setting next_dagrun for example_sla_dag to 2026-09-30T23:04:00+00:00, run_after=2026-09-30T23:06:00+00:00
[2026-09-30T23:06:40.195+0000] {processor.py:175} INFO - Processing /home/airflow/.local/lib/python3.7/site-packages/airflow/example_dags/example_sla_dag.py took 0.143 seconds
[2026-09-30T23:07:10.921+0000] {processor.py:153} INFO - Started process (PID=6164) to work on /home/airflow/.local/lib/python3.7/site-packages/airflow/example_dags/example_sla_dag.py
[2026-09-30T23:07:10.922+0000] {processor.py:743} INFO - Processing file /home/airflow/.local/lib/python3.7/site-packages/airflow/example_dags/example_sla_dag.py for tasks to queue
[2026-09-30T23:07:10.923+0000] {logging_mixin.py:137} INFO - [2026-09-30T23:07:10.923+0000] {dagbag.py:538} INFO - Filling up the DagBag from /home/airflow/.local/lib/python3.7/site-packages/airflow/example_dags/example_sla_dag.py
[2026-09-30T23:07:10.953+0000] {processor.py:753} INFO - DAG(s) dict_keys(['example_sla_dag']) retrieved from /home/airflow/.local/lib/python3.7/site-packages/airflow/example_dags/example_sla_dag.py
[2026-09-30T23:07:11.005+0000] {logging_mixin.py:137} INFO - [2026-09-30T23:07:11.005+0000] {dag.py:2676} INFO - Sync 1 DAGs
[2026-09-30T23:07:11.058+0000] {logging_mixin.py:137} INFO - [2026-09-30T23:07:11.057+0000] {dag.py:3427} INFO - Setting next_dagrun for example_sla_dag to 2026-09-30T23:04:00+00:00, run_after=2026-09-30T23:06:00+00:00
[2026-09-30T23:07:11.078+0000] {processor.py:175} INFO - Processing /home/airflow/.local/lib/python3.7/site-packages/airflow/example_dags/example_sla_dag.py took 0.161 seconds
[2026-09-30T23:07:41.582+0000] {processor.py:153} INFO - Started process (PID=6243) to work on /home/airflow/.local/lib/python3.7/site-packages/airflow/example_dags/example_sla_dag.py
[2026-09-30T23:07:41.583+0000] {processor.py:743} INFO - Processing file /home/airflow/.local/lib/python3.7/site-packages/airflow/example_dags/example_sla_dag.py for tasks to queue
[2026-09-30T23:07:41.584+0000] {logging_mixin.py:137} INFO - [2026-09-30T23:07:41.584+0000] {dagbag.py:538} INFO - Filling up the DagBag from /home/airflow/.local/lib/python3.7/site-packages/airflow/example_dags/example_sla_dag.py
[2026-09-30T23:07:41.614+0000] {processor.py:753} INFO - DAG(s) dict_keys(['example_sla_dag']) retrieved from /home/airflow/.local/lib/python3.7/site-packages/airflow/example_dags/example_sla_dag.py
[2026-09-30T23:07:41.662+0000] {logging_mixin.py:137} INFO - [2026-09-30T23:07:41.661+0000] {dag.py:2676} INFO - Sync 1 DAGs
[2026-09-30T23:07:41.698+0000] {logging_mixin.py:137} INFO - [2026-09-30T23:07:41.698+0000] {dag.py:3427} INFO - Setting next_dagrun for example_sla_dag to 2026-09-30T23:04:00+00:00, run_after=2026-09-30T23:06:00+00:00
[2026-09-30T23:07:41.717+0000] {processor.py:175} INFO - Processing /home/airflow/.local/lib/python3.7/site-packages/airflow/example_dags/example_sla_dag.py took 0.139 seconds
[2026-09-30T23:08:12.664+0000] {processor.py:153} INFO - Started process (PID=6342) to work on /home/airflow/.local/lib/python3.7/site-packages/airflow/example_dags/example_sla_dag.py
[2026-09-30T23:08:12.665+0000] {processor.py:743} INFO - Processing file /home/airflow/.local/lib/python3.7/site-packages/airflow/example_dags/example_sla_dag.py for tasks to queue
[2026-09-30T23:08:12.666+0000] {logging_mixin.py:137} INFO - [2026-09-30T23:08:12.666+0000] {dagbag.py:538} INFO - Filling up the DagBag from /home/airflow/.local/lib/python3.7/site-packages/airflow/example_dags/example_sla_dag.py
[2026-09-30T23:08:12.707+0000] {processor.py:753} INFO - DAG(s) dict_keys(['example_sla_dag']) retrieved from /home/airflow/.local/lib/python3.7/site-packages/airflow/example_dags/example_sla_dag.py
[2026-09-30T23:08:12.760+0000] {logging_mixin.py:137} INFO - [2026-09-30T23:08:12.760+0000] {dag.py:2676} INFO - Sync 1 DAGs
[2026-09-30T23:08:12.799+0000] {logging_mixin.py:137} INFO - [2026-09-30T23:08:12.799+0000] {dag.py:3427} INFO - Setting next_dagrun for example_sla_dag to 2026-09-30T23:06:00+00:00, run_after=2026-09-30T23:08:00+00:00
[2026-09-30T23:08:12.823+0000] {processor.py:175} INFO - Processing /home/airflow/.local/lib/python3.7/site-packages/airflow/example_dags/example_sla_dag.py took 0.165 seconds
[2026-09-30T23:08:43.257+0000] {processor.py:153} INFO - Started process (PID=6421) to work on /home/airflow/.local/lib/python3.7/site-packages/airflow/example_dags/example_sla_dag.py
[2026-09-30T23:08:43.259+0000] {processor.py:743} INFO - Processing file /home/airflow/.local/lib/python3.7/site-packages/airflow/example_dags/example_sla_dag.py for tasks to queue
[2026-09-30T23:08:43.259+0000] {logging_mixin.py:137} INFO - [2026-09-30T23:08:43.259+0000] {dagbag.py:538} INFO - Filling up the DagBag from /home/airflow/.local/lib/python3.7/site-packages/airflow/example_dags/example_sla_dag.py
[2026-09-30T23:08:43.289+0000] {processor.py:753} INFO - DAG(s) dict_keys(['example_sla_dag']) retrieved from /home/airflow/.local/lib/python3.7/site-packages/airflow/example_dags/example_sla_dag.py
[2026-09-30T23:08:43.338+0000] {logging_mixin.py:137} INFO - [2026-09-30T23:08:43.338+0000] {dag.py:2676} INFO - Sync 1 DAGs
[2026-09-30T23:08:43.385+0000] {logging_mixin.py:137} INFO - [2026-09-30T23:08:43.385+0000] {dag.py:3427} INFO - Setting next_dagrun for example_sla_dag to 2026-09-30T23:06:00+00:00, run_after=2026-09-30T23:08:00+00:00
[2026-09-30T23:08:43.419+0000] {processor.py:175} INFO - Processing /home/airflow/.local/lib/python3.7/site-packages/airflow/example_dags/example_sla_dag.py took 0.166 seconds
[2026-09-30T23:09:13.813+0000] {processor.py:153} INFO - Started process (PID=6500) to work on /home/airflow/.local/lib/python3.7/site-packages/airflow/example_dags/example_sla_dag.py
[2026-09-30T23:09:13.815+0000] {processor.py:743} INFO - Processing file /home/airflow/.local/lib/python3.7/site-packages/airflow/example_dags/example_sla_dag.py for tasks to queue
[2026-09-30T23:09:13.816+0000] {logging_mixin.py:137} INFO - [2026-09-30T23:09:13.815+0000] {dagbag.py:538} INFO - Filling up the DagBag from /home/airflow/.local/lib/python3.7/site-packages/airflow/example_dags/example_sla_dag.py
[2026-09-30T23:09:13.849+0000] {processor.py:753} INFO - DAG(s) dict_keys(['example_sla_dag']) retrieved from /home/airflow/.local/lib/python3.7/site-packages/airflow/example_dags/example_sla_dag.py
[2026-09-30T23:09:13.895+0000] {logging_mixin.py:137} INFO - [2026-09-30T23:09:13.895+0000] {dag.py:2676} INFO - Sync 1 DAGs
[2026-09-30T23:09:13.932+0000] {logging_mixin.py:137} INFO - [2026-09-30T23:09:13.932+0000] {dag.py:3427} INFO - Setting next_dagrun for example_sla_dag to 2026-09-30T23:06:00+00:00, run_after=2026-09-30T23:08:00+00:00
[2026-09-30T23:09:13.955+0000] {processor.py:175} INFO - Processing /home/airflow/.local/lib/python3.7/site-packages/airflow/example_dags/example_sla_dag.py took 0.147 seconds
[2026-09-30T23:09:44.139+0000] {processor.py:153} INFO - Started process (PID=6599) to work on /home/airflow/.local/lib/python3.7/site-packages/airflow/example_dags/example_sla_dag.py
[2026-09-30T23:09:44.140+0000] {processor.py:743} INFO - Processing file /home/airflow/.local/lib/python3.7/site-packages/airflow/example_dags/example_sla_dag.py for tasks to queue
[2026-09-30T23:09:44.141+0000] {logging_mixin.py:137} INFO - [2026-09-30T23:09:44.141+0000] {dagbag.py:538} INFO - Filling up the DagBag from /home/airflow/.local/lib/python3.7/site-packages/airflow/example_dags/example_sla_dag.py
[2026-09-30T23:09:44.170+0000] {processor.py:753} INFO - DAG(s) dict_keys(['example_sla_dag']) retrieved from /home/airflow/.local/lib/python3.7/site-packages/airflow/example_dags/example_sla_dag.py
[2026-09-30T23:09:44.220+0000] {logging_mixin.py:137} INFO - [2026-09-30T23:09:44.220+0000] {dag.py:2676} INFO - Sync 1 DAGs
[2026-09-30T23:09:44.255+0000] {logging_mixin.py:137} INFO - [2026-09-30T23:09:44.255+0000] {dag.py:3427} INFO - Setting next_dagrun for example_sla_dag to 2026-09-30T23:06:00+00:00, run_after=2026-09-30T23:08:00+00:00
[2026-09-30T23:09:44.278+0000] {processor.py:175} INFO - Processing /home/airflow/.local/lib/python3.7/site-packages/airflow/example_dags/example_sla_dag.py took 0.142 seconds
[2026-09-30T23:10:14.934+0000] {processor.py:153} INFO - Started process (PID=6678) to work on /home/airflow/.local/lib/python3.7/site-packages/airflow/example_dags/example_sla_dag.py
[2026-09-30T23:10:14.935+0000] {processor.py:743} INFO - Processing file /home/airflow/.local/lib/python3.7/site-packages/airflow/example_dags/example_sla_dag.py for tasks to queue
[2026-09-30T23:10:14.936+0000] {logging_mixin.py:137} INFO - [2026-09-30T23:10:14.936+0000] {dagbag.py:538} INFO - Filling up the DagBag from /home/airflow/.local/lib/python3.7/site-packages/airflow/example_dags/example_sla_dag.py
[2026-09-30T23:10:14.975+0000] {processor.py:753} INFO - DAG(s) dict_keys(['example_sla_dag']) retrieved from /home/airflow/.local/lib/python3.7/site-packages/airflow/example_dags/example_sla_dag.py
[2026-09-30T23:10:15.043+0000] {logging_mixin.py:137} INFO - [2026-09-30T23:10:15.043+0000] {dag.py:2676} INFO - Sync 1 DAGs
[2026-09-30T23:10:15.088+0000] {logging_mixin.py:137} INFO - [2026-09-30T23:10:15.087+0000] {dag.py:3427} INFO - Setting next_dagrun for example_sla_dag to 2026-09-30T23:08:00+00:00, run_after=2026-09-30T23:10:00+00:00
[2026-09-30T23:10:15.106+0000] {processor.py:175} INFO - Processing /home/airflow/.local/lib/python3.7/site-packages/airflow/example_dags/example_sla_dag.py took 0.176 seconds
[2026-09-30T23:10:46.210+0000] {processor.py:153} INFO - Started process (PID=6757) to work on /home/airflow/.local/lib/python3.7/site-packages/airflow/example_dags/example_sla_dag.py
[2026-09-30T23:10:46.212+0000] {processor.py:743} INFO - Processing file /home/airflow/.local/lib/python3.7/site-packages/airflow/example_dags/example_sla_dag.py for tasks to queue
[2026-09-30T23:10:46.214+0000] {logging_mixin.py:137} INFO - [2026-09-30T23:10:46.214+0000] {dagbag.py:538} INFO - Filling up the DagBag from /home/airflow/.local/lib/python3.7/site-packages/airflow/example_dags/example_sla_dag.py
[2026-09-30T23:10:46.261+0000] {processor.py:753} INFO - DAG(s) dict_keys(['example_sla_dag']) retrieved from /home/airflow/.local/lib/python3.7/site-packages/airflow/example_dags/example_sla_dag.py
[2026-09-30T23:10:46.318+0000] {logging_mixin.py:137} INFO - [2026-09-30T23:10:46.318+0000] {dag.py:2676} INFO - Sync 1 DAGs
[2026-09-30T23:10:46.362+0000] {logging_mixin.py:137} INFO - [2026-09-30T23:10:46.362+0000] {dag.py:3427} INFO - Setting next_dagrun for example_sla_dag to 2026-09-30T23:08:00+00:00, run_after=2026-09-30T23:10:00+00:00
[2026-09-30T23:10:46.385+0000] {processor.py:175} INFO - Processing /home/airflow/.local/lib/python3.7/site-packages/airflow/example_dags/example_sla_dag.py took 0.181 seconds
[2026-09-30T23:11:17.288+0000] {processor.py:153} INFO - Started process (PID=6845) to work on /home/airflow/.local/lib/python3.7/site-packages/airflow/example_dags/example_sla_dag.py
[2026-09-30T23:11:17.289+0000] {processor.py:743} INFO - Processing file /home/airflow/.local/lib/python3.7/site-packages/airflow/example_dags/example_sla_dag.py for tasks to queue
[2026-09-30T23:11:17.290+0000] {logging_mixin.py:137} INFO - [2026-09-30T23:11:17.290+0000] {dagbag.py:538} INFO - Filling up the DagBag from /home/airflow/.local/lib/python3.7/site-packages/airflow/example_dags/example_sla_dag.py
[2026-09-30T23:11:17.322+0000] {processor.py:753} INFO - DAG(s) dict_keys(['example_sla_dag']) retrieved from /home/airflow/.local/lib/python3.7/site-packages/airflow/example_dags/example_sla_dag.py
[2026-09-30T23:11:17.386+0000] {logging_mixin.py:137} INFO - [2026-09-30T23:11:17.386+0000] {dag.py:2676} INFO - Sync 1 DAGs
[2026-09-30T23:11:17.430+0000] {logging_mixin.py:137} INFO - [2026-09-30T23:11:17.429+0000] {dag.py:3427} INFO - Setting next_dagrun for example_sla_dag to 2026-09-30T23:08:00+00:00, run_after=2026-09-30T23:10:00+00:00
[2026-09-30T23:11:17.456+0000] {processor.py:175} INFO - Processing /home/airflow/.local/lib/python3.7/site-packages/airflow/example_dags/example_sla_dag.py took 0.173 seconds
[2026-09-30T23:11:47.501+0000] {processor.py:153} INFO - Started process (PID=6935) to work on /home/airflow/.local/lib/python3.7/site-packages/airflow/example_dags/example_sla_dag.py
[2026-09-30T23:11:47.502+0000] {processor.py:743} INFO - Processing file /home/airflow/.local/lib/python3.7/site-packages/airflow/example_dags/example_sla_dag.py for tasks to queue
[2026-09-30T23:11:47.502+0000] {logging_mixin.py:137} INFO - [2026-09-30T23:11:47.502+0000] {dagbag.py:538} INFO - Filling up the DagBag from /home/airflow/.local/lib/python3.7/site-packages/airflow/example_dags/example_sla_dag.py
[2026-09-30T23:11:47.526+0000] {processor.py:753} INFO - DAG(s) dict_keys(['example_sla_dag']) retrieved from /home/airflow/.local/lib/python3.7/site-packages/airflow/example_dags/example_sla_dag.py
[2026-09-30T23:11:47.563+0000] {logging_mixin.py:137} INFO - [2026-09-30T23:11:47.562+0000] {dag.py:2676} INFO - Sync 1 DAGs
[2026-09-30T23:11:47.591+0000] {logging_mixin.py:137} INFO - [2026-09-30T23:11:47.591+0000] {dag.py:3427} INFO - Setting next_dagrun for example_sla_dag to 2026-09-30T23:08:00+00:00, run_after=2026-09-30T23:10:00+00:00
[2026-09-30T23:11:47.608+0000] {processor.py:175} INFO - Processing /home/airflow/.local/lib/python3.7/site-packages/airflow/example_dags/example_sla_dag.py took 0.111 seconds
[2026-09-30T23:12:18.481+0000] {processor.py:153} INFO - Started process (PID=7014) to work on /home/airflow/.local/lib/python3.7/site-packages/airflow/example_dags/example_sla_dag.py
[2026-09-30T23:12:18.482+0000] {processor.py:743} INFO - Processing file /home/airflow/.local/lib/python3.7/site-packages/airflow/example_dags/example_sla_dag.py for tasks to queue
[2026-09-30T23:12:18.482+0000] {logging_mixin.py:137} INFO - [2026-09-30T23:12:18.482+0000] {dagbag.py:538} INFO - Filling up the DagBag from /home/airflow/.local/lib/python3.7/site-packages/airflow/example_dags/example_sla_dag.py
[2026-09-30T23:12:18.512+0000] {processor.py:753} INFO - DAG(s) dict_keys(['example_sla_dag']) retrieved from /home/airflow/.local/lib/python3.7/site-packages/airflow/example_dags/example_sla_dag.py
[2026-09-30T23:12:18.565+0000] {logging_mixin.py:137} INFO - [2026-09-30T23:12:18.565+0000] {dag.py:2676} INFO - Sync 1 DAGs
[2026-09-30T23:12:18.602+0000] {logging_mixin.py:137} INFO - [2026-09-30T23:12:18.602+0000] {dag.py:3427} INFO - Setting next_dagrun for example_sla_dag to 2026-09-30T23:10:00+00:00, run_after=2026-09-30T23:12:00+00:00
[2026-09-30T23:12:18.622+0000] {processor.py:175} INFO - Processing /home/airflow/.local/lib/python3.7/site-packages/airflow/example_dags/example_sla_dag.py took 0.146 seconds
[2026-09-30T23:12:49.434+0000] {processor.py:153} INFO - Started process (PID=7093) to work on /home/airflow/.local/lib/python3.7/site-packages/airflow/example_dags/example_sla_dag.py
[2026-09-30T23:12:49.435+0000] {processor.py:743} INFO - Processing file /home/airflow/.local/lib/python3.7/site-packages/airflow/example_dags/example_sla_dag.py for tasks to queue
[2026-09-30T23:12:49.436+0000] {logging_mixin.py:137} INFO - [2026-09-30T23:12:49.436+0000] {dagbag.py:538} INFO - Filling up the DagBag from /home/airflow/.local/lib/python3.7/site-packages/airflow/example_dags/example_sla_dag.py
[2026-09-30T23:12:49.472+0000] {processor.py:753} INFO - DAG(s) dict_keys(['example_sla_dag']) retrieved from /home/airflow/.local/lib/python3.7/site-packages/airflow/example_dags/example_sla_dag.py
[2026-09-30T23:12:49.532+0000] {logging_mixin.py:137} INFO - [2026-09-30T23:12:49.532+0000] {dag.py:2676} INFO - Sync 1 DAGs
[2026-09-30T23:12:49.576+0000] {logging_mixin.py:137} INFO - [2026-09-30T23:12:49.576+0000] {dag.py:3427} INFO - Setting next_dagrun for example_sla_dag to 2026-09-30T23:10:00+00:00, run_after=2026-09-30T23:12:00+00:00
[2026-09-30T23:12:49.598+0000] {processor.py:175} INFO - Processing /home/airflow/.local/lib/python3.7/site-packages/airflow/example_dags/example_sla_dag.py took 0.167 seconds
[2026-09-30T23:13:19.956+0000] {processor.py:153} INFO - Started process (PID=7192) to work on /home/airflow/.local/lib/python3.7/site-packages/airflow/example_dags/example_sla_dag.py
[2026-09-30T23:13:19.957+0000] {processor.py:743} INFO - Processing file /home/airflow/.local/lib/python3.7/site-packages/airflow/example_dags/example_sla_dag.py for tasks to queue
[2026-09-30T23:13:19.958+0000] {logging_mixin.py:137} INFO - [2026-09-30T23:13:19.957+0000] {dagbag.py:538} INFO - Filling up the DagBag from /home/airflow/.local/lib/python3.7/site-packages/airflow/example_dags/example_sla_dag.py
[2026-09-30T23:13:19.990+0000] {processor.py:753} INFO - DAG(s) dict_keys(['example_sla_dag']) retrieved from /home/airflow/.local/lib/python3.7/site-packages/airflow/example_dags/example_sla_dag.py
[2026-09-30T23:13:20.038+0000] {logging_mixin.py:137} INFO - [2026-09-30T23:13:20.038+0000] {dag.py:2676} INFO - Sync 1 DAGs
[2026-09-30T23:13:20.078+0000] {logging_mixin.py:137} INFO - [2026-09-30T23:13:20.078+0000] {dag.py:3427} INFO - Setting next_dagrun for example_sla_dag to 2026-09-30T23:10:00+00:00, run_after=2026-09-30T23:12:00+00:00
[2026-09-30T23:13:20.100+0000] {processor.py:175} INFO - Processing /home/airflow/.local/lib/python3.7/site-packages/airflow/example_dags/example_sla_dag.py took 0.149 seconds
[2026-09-30T23:13:50.996+0000] {processor.py:153} INFO - Started process (PID=7271) to work on /home/airflow/.local/lib/python3.7/site-packages/airflow/example_dags/example_sla_dag.py
[2026-09-30T23:13:50.997+0000] {processor.py:743} INFO - Processing file /home/airflow/.local/lib/python3.7/site-packages/airflow/example_dags/example_sla_dag.py for tasks to queue
[2026-09-30T23:13:50.998+0000] {logging_mixin.py:137} INFO - [2026-09-30T23:13:50.998+0000] {dagbag.py:538} INFO - Filling up the DagBag from /home/airflow/.local/lib/python3.7/site-packages/airflow/example_dags/example_sla_dag.py
[2026-09-30T23:13:51.031+0000] {processor.py:753} INFO - DAG(s) dict_keys(['example_sla_dag']) retrieved from /home/airflow/.local/lib/python3.7/site-packages/airflow/example_dags/example_sla_dag.py
[2026-09-30T23:13:51.082+0000] {logging_mixin.py:137} INFO - [2026-09-30T23:13:51.082+0000] {dag.py:2676} INFO - Sync 1 DAGs
[2026-09-30T23:13:51.123+0000] {logging_mixin.py:137} INFO - [2026-09-30T23:13:51.123+0000] {dag.py:3427} INFO - Setting next_dagrun for example_sla_dag to 2026-09-30T23:10:00+00:00, run_after=2026-09-30T23:12:00+00:00
[2026-09-30T23:13:51.145+0000] {processor.py:175} INFO - Processing /home/airflow/.local/lib/python3.7/site-packages/airflow/example_dags/example_sla_dag.py took 0.154 seconds
[2026-09-30T23:14:22.051+0000] {processor.py:153} INFO - Started process (PID=7350) to work on /home/airflow/.local/lib/python3.7/site-packages/airflow/example_dags/example_sla_dag.py
[2026-09-30T23:14:22.052+0000] {processor.py:743} INFO - Processing file /home/airflow/.local/lib/python3.7/site-packages/airflow/example_dags/example_sla_dag.py for tasks to queue
[2026-09-30T23:14:22.054+0000] {logging_mixin.py:137} INFO - [2026-09-30T23:14:22.054+0000] {dagbag.py:538} INFO - Filling up the DagBag from /home/airflow/.local/lib/python3.7/site-packages/airflow/example_dags/example_sla_dag.py
[2026-09-30T23:14:22.082+0000] {processor.py:753} INFO - DAG(s) dict_keys(['example_sla_dag']) retrieved from /home/airflow/.local/lib/python3.7/site-packages/airflow/example_dags/example_sla_dag.py
[2026-09-30T23:14:22.137+0000] {logging_mixin.py:137} INFO - [2026-09-30T23:14:22.137+0000] {dag.py:2676} INFO - Sync 1 DAGs
[2026-09-30T23:14:22.182+0000] {logging_mixin.py:137} INFO - [2026-09-30T23:14:22.182+0000] {dag.py:3427} INFO - Setting next_dagrun for example_sla_dag to 2026-09-30T23:12:00+00:00, run_after=2026-09-30T23:14:00+00:00
[2026-09-30T23:14:22.203+0000] {processor.py:175} INFO - Processing /home/airflow/.local/lib/python3.7/site-packages/airflow/example_dags/example_sla_dag.py took 0.156 seconds
[2026-09-30T23:14:52.242+0000] {processor.py:153} INFO - Started process (PID=7437) to work on /home/airflow/.local/lib/python3.7/site-packages/airflow/example_dags/example_sla_dag.py
[2026-09-30T23:14:52.244+0000] {processor.py:743} INFO - Processing file /home/airflow/.local/lib/python3.7/site-packages/airflow/example_dags/example_sla_dag.py for tasks to queue
[2026-09-30T23:14:52.245+0000] {logging_mixin.py:137} INFO - [2026-09-30T23:14:52.245+0000] {dagbag.py:538} INFO - Filling up the DagBag from /home/airflow/.local/lib/python3.7/site-packages/airflow/example_dags/example_sla_dag.py
[2026-09-30T23:14:52.291+0000] {processor.py:753} INFO - DAG(s) dict_keys(['example_sla_dag']) retrieved from /home/airflow/.local/lib/python3.7/site-packages/airflow/example_dags/example_sla_dag.py
[2026-09-30T23:14:52.343+0000] {logging_mixin.py:137} INFO - [2026-09-30T23:14:52.343+0000] {dag.py:2676} INFO - Sync 1 DAGs
[2026-09-30T23:14:52.386+0000] {logging_mixin.py:137} INFO - [2026-09-30T23:14:52.386+0000] {dag.py:3427} INFO - Setting next_dagrun for example_sla_dag to 2026-09-30T23:12:00+00:00, run_after=2026-09-30T23:14:00+00:00
[2026-09-30T23:14:52.410+0000] {processor.py:175} INFO - Processing /home/airflow/.local/lib/python3.7/site-packages/airflow/example_dags/example_sla_dag.py took 0.172 seconds
[2026-09-30T23:15:23.378+0000] {processor.py:153} INFO - Started process (PID=7528) to work on /home/airflow/.local/lib/python3.7/site-packages/airflow/example_dags/example_sla_dag.py
[2026-09-30T23:15:23.379+0000] {processor.py:743} INFO - Processing file /home/airflow/.local/lib/python3.7/site-packages/airflow/example_dags/example_sla_dag.py for tasks to queue
[2026-09-30T23:15:23.380+0000] {logging_mixin.py:137} INFO - [2026-09-30T23:15:23.379+0000] {dagbag.py:538} INFO - Filling up the DagBag from /home/airflow/.local/lib/python3.7/site-packages/airflow/example_dags/example_sla_dag.py
[2026-09-30T23:15:23.411+0000] {processor.py:753} INFO - DAG(s) dict_keys(['example_sla_dag']) retrieved from /home/airflow/.local/lib/python3.7/site-packages/airflow/example_dags/example_sla_dag.py
[2026-09-30T23:15:23.463+0000] {logging_mixin.py:137} INFO - [2026-09-30T23:15:23.463+0000] {dag.py:2676} INFO - Sync 1 DAGs
[2026-09-30T23:15:23.507+0000] {logging_mixin.py:137} INFO - [2026-09-30T23:15:23.506+0000] {dag.py:3427} INFO - Setting next_dagrun for example_sla_dag to 2026-09-30T23:12:00+00:00, run_after=2026-09-30T23:14:00+00:00
[2026-09-30T23:15:23.532+0000] {processor.py:175} INFO - Processing /home/airflow/.local/lib/python3.7/site-packages/airflow/example_dags/example_sla_dag.py took 0.159 seconds
[2026-09-30T23:15:54.061+0000] {processor.py:153} INFO - Started process (PID=7607) to work on /home/airflow/.local/lib/python3.7/site-packages/airflow/example_dags/example_sla_dag.py
[2026-09-30T23:15:54.063+0000] {processor.py:743} INFO - Processing file /home/airflow/.local/lib/python3.7/site-packages/airflow/example_dags/example_sla_dag.py for tasks to queue
[2026-09-30T23:15:54.064+0000] {logging_mixin.py:137} INFO - [2026-09-30T23:15:54.063+0000] {dagbag.py:538} INFO - Filling up the DagBag from /home/airflow/.local/lib/python3.7/site-packages/airflow/example_dags/example_sla_dag.py
[2026-09-30T23:15:54.104+0000] {processor.py:753} INFO - DAG(s) dict_keys(['example_sla_dag']) retrieved from /home/airflow/.local/lib/python3.7/site-packages/airflow/example_dags/example_sla_dag.py
[2026-09-30T23:15:54.153+0000] {logging_mixin.py:137} INFO - [2026-09-30T23:15:54.153+0000] {dag.py:2676} INFO - Sync 1 DAGs
[2026-09-30T23:15:54.193+0000] {logging_mixin.py:137} INFO - [2026-09-30T23:15:54.193+0000] {dag.py:3427} INFO - Setting next_dagrun for example_sla_dag to 2026-09-30T23:12:00+00:00, run_after=2026-09-30T23:14:00+00:00
[2026-09-30T23:15:54.214+0000] {processor.py:175} INFO - Processing /home/airflow/.local/lib/python3.7/site-packages/airflow/example_dags/example_sla_dag.py took 0.159 seconds
[2026-09-30T23:16:25.030+0000] {processor.py:153} INFO - Started process (PID=7686) to work on /home/airflow/.local/lib/python3.7/site-packages/airflow/example_dags/example_sla_dag.py
[2026-09-30T23:16:25.030+0000] {processor.py:743} INFO - Processing file /home/airflow/.local/lib/python3.7/site-packages/airflow/example_dags/example_sla_dag.py for tasks to queue
[2026-09-30T23:16:25.031+0000] {logging_mixin.py:137} INFO - [2026-09-30T23:16:25.031+0000] {dagbag.py:538} INFO - Filling up the DagBag from /home/airflow/.local/lib/python3.7/site-packages/airflow/example_dags/example_sla_dag.py
[2026-09-30T23:16:25.060+0000] {processor.py:753} INFO - DAG(s) dict_keys(['example_sla_dag']) retrieved from /home/airflow/.local/lib/python3.7/site-packages/airflow/example_dags/example_sla_dag.py
[2026-09-30T23:16:25.126+0000] {logging_mixin.py:137} INFO - [2026-09-30T23:16:25.126+0000] {dag.py:2676} INFO - Sync 1 DAGs
[2026-09-30T23:16:25.176+0000] {logging_mixin.py:137} INFO - [2026-09-30T23:16:25.175+0000] {dag.py:3427} INFO - Setting next_dagrun for example_sla_dag to 2026-09-30T23:14:00+00:00, run_after=2026-09-30T23:16:00+00:00
[2026-09-30T23:16:25.202+0000] {processor.py:175} INFO - Processing /home/airflow/.local/lib/python3.7/site-packages/airflow/example_dags/example_sla_dag.py took 0.179 seconds
[2026-09-30T23:16:55.779+0000] {processor.py:153} INFO - Started process (PID=7772) to work on /home/airflow/.local/lib/python3.7/site-packages/airflow/example_dags/example_sla_dag.py
[2026-09-30T23:16:55.780+0000] {processor.py:743} INFO - Processing file /home/airflow/.local/lib/python3.7/site-packages/airflow/example_dags/example_sla_dag.py for tasks to queue
[2026-09-30T23:16:55.781+0000] {logging_mixin.py:137} INFO - [2026-09-30T23:16:55.781+0000] {dagbag.py:538} INFO - Filling up the DagBag from /home/airflow/.local/lib/python3.7/site-packages/airflow/example_dags/example_sla_dag.py
[2026-09-30T23:16:55.829+0000] {processor.py:753} INFO - DAG(s) dict_keys(['example_sla_dag']) retrieved from /home/airflow/.local/lib/python3.7/site-packages/airflow/example_dags/example_sla_dag.py
[2026-09-30T23:16:55.891+0000] {logging_mixin.py:137} INFO - [2026-09-30T23:16:55.891+0000] {dag.py:2676} INFO - Sync 1 DAGs
[2026-09-30T23:16:55.938+0000] {logging_mixin.py:137} INFO - [2026-09-30T23:16:55.937+0000] {dag.py:3427} INFO - Setting next_dagrun for example_sla_dag to 2026-09-30T23:14:00+00:00, run_after=2026-09-30T23:16:00+00:00
[2026-09-30T23:16:55.963+0000] {processor.py:175} INFO - Processing /home/airflow/.local/lib/python3.7/site-packages/airflow/example_dags/example_sla_dag.py took 0.188 seconds
[2026-09-30T23:17:26.311+0000] {processor.py:153} INFO - Started process (PID=7864) to work on /home/airflow/.local/lib/python3.7/site-packages/airflow/example_dags/example_sla_dag.py
[2026-09-30T23:17:26.312+0000] {processor.py:743} INFO - Processing file /home/airflow/.local/lib/python3.7/site-packages/airflow/example_dags/example_sla_dag.py for tasks to queue
[2026-09-30T23:17:26.313+0000] {logging_mixin.py:137} INFO - [2026-09-30T23:17:26.313+0000] {dagbag.py:538} INFO - Filling up the DagBag from /home/airflow/.local/lib/python3.7/site-packages/airflow/example_dags/example_sla_dag.py
[2026-09-30T23:17:26.351+0000] {processor.py:753} INFO - DAG(s) dict_keys(['example_sla_dag']) retrieved from /home/airflow/.local/lib/python3.7/site-packages/airflow/example_dags/example_sla_dag.py
[2026-09-30T23:17:26.407+0000] {logging_mixin.py:137} INFO - [2026-09-30T23:17:26.407+0000] {dag.py:2676} INFO - Sync 1 DAGs
[2026-09-30T23:17:26.444+0000] {logging_mixin.py:137} INFO - [2026-09-30T23:17:26.443+0000] {dag.py:3427} INFO - Setting next_dagrun for example_sla_dag to 2026-09-30T23:14:00+00:00, run_after=2026-09-30T23:16:00+00:00
[2026-09-30T23:17:26.463+0000] {processor.py:175} INFO - Processing /home/airflow/.local/lib/python3.7/site-packages/airflow/example_dags/example_sla_dag.py took 0.156 seconds
[2026-09-30T23:17:56.827+0000] {processor.py:153} INFO - Started process (PID=7943) to work on /home/airflow/.local/lib/python3.7/site-packages/airflow/example_dags/example_sla_dag.py
[2026-09-30T23:17:56.828+0000] {processor.py:743} INFO - Processing file /home/airflow/.local/lib/python3.7/site-packages/airflow/example_dags/example_sla_dag.py for tasks to queue
[2026-09-30T23:17:56.829+0000] {logging_mixin.py:137} INFO - [2026-09-30T23:17:56.829+0000] {dagbag.py:538} INFO - Filling up the DagBag from /home/airflow/.local/lib/python3.7/site-packages/airflow/example_dags/example_sla_dag.py
[2026-09-30T23:17:56.860+0000] {processor.py:753} INFO - DAG(s) dict_keys(['example_sla_dag']) retrieved from /home/airflow/.local/lib/python3.7/site-packages/airflow/example_dags/example_sla_dag.py
[2026-09-30T23:17:56.909+0000] {logging_mixin.py:137} INFO - [2026-09-30T23:17:56.909+0000] {dag.py:2676} INFO - Sync 1 DAGs
[2026-09-30T23:17:56.949+0000] {logging_mixin.py:137} INFO - [2026-09-30T23:17:56.949+0000] {dag.py:3427} INFO - Setting next_dagrun for example_sla_dag to 2026-09-30T23:14:00+00:00, run_after=2026-09-30T23:16:00+00:00
[2026-09-30T23:17:56.972+0000] {processor.py:175} INFO - Processing /home/airflow/.local/lib/python3.7/site-packages/airflow/example_dags/example_sla_dag.py took 0.149 seconds
[2026-09-30T23:18:27.448+0000] {processor.py:153} INFO - Started process (PID=8022) to work on /home/airflow/.local/lib/python3.7/site-packages/airflow/example_dags/example_sla_dag.py
[2026-09-30T23:18:27.449+0000] {processor.py:743} INFO - Processing file /home/airflow/.local/lib/python3.7/site-packages/airflow/example_dags/example_sla_dag.py for tasks to queue
[2026-09-30T23:18:27.450+0000] {logging_mixin.py:137} INFO - [2026-09-30T23:18:27.449+0000] {dagbag.py:538} INFO - Filling up the DagBag from /home/airflow/.local/lib/python3.7/site-packages/airflow/example_dags/example_sla_dag.py
[2026-09-30T23:18:27.482+0000] {processor.py:753} INFO - DAG(s) dict_keys(['example_sla_dag']) retrieved from /home/airflow/.local/lib/python3.7/site-packages/airflow/example_dags/example_sla_dag.py
[2026-09-30T23:18:27.529+0000] {logging_mixin.py:137} INFO - [2026-09-30T23:18:27.528+0000] {dag.py:2676} INFO - Sync 1 DAGs
[2026-09-30T23:18:27.573+0000] {logging_mixin.py:137} INFO - [2026-09-30T23:18:27.572+0000] {dag.py:3427} INFO - Setting next_dagrun for example_sla_dag to 2026-09-30T23:16:00+00:00, run_after=2026-09-30T23:18:00+00:00
[2026-09-30T23:18:27.599+0000] {processor.py:175} INFO - Processing /home/airflow/.local/lib/python3.7/site-packages/airflow/example_dags/example_sla_dag.py took 0.156 seconds
[2026-09-30T23:18:57.670+0000] {processor.py:153} INFO - Started process (PID=8101) to work on /home/airflow/.local/lib/python3.7/site-packages/airflow/example_dags/example_sla_dag.py
[2026-09-30T23:18:57.672+0000] {processor.py:743} INFO - Processing file /home/airflow/.local/lib/python3.7/site-packages/airflow/example_dags/example_sla_dag.py for tasks to queue
[2026-09-30T23:18:57.673+0000] {logging_mixin.py:137} INFO - [2026-09-30T23:18:57.673+0000] {dagbag.py:538} INFO - Filling up the DagBag from /home/airflow/.local/lib/python3.7/site-packages/airflow/example_dags/example_sla_dag.py
[2026-09-30T23:18:57.722+0000] {processor.py:753} INFO - DAG(s) dict_keys(['example_sla_dag']) retrieved from /home/airflow/.local/lib/python3.7/site-packages/airflow/example_dags/example_sla_dag.py
[2026-09-30T23:18:57.781+0000] {logging_mixin.py:137} INFO - [2026-09-30T23:18:57.781+0000] {dag.py:2676} INFO - Sync 1 DAGs
[2026-09-30T23:18:57.821+0000] {logging_mixin.py:137} INFO - [2026-09-30T23:18:57.821+0000] {dag.py:3427} INFO - Setting next_dagrun for example_sla_dag to 2026-09-30T23:16:00+00:00, run_after=2026-09-30T23:18:00+00:00
[2026-09-30T23:18:57.840+0000] {processor.py:175} INFO - Processing /home/airflow/.local/lib/python3.7/site-packages/airflow/example_dags/example_sla_dag.py took 0.176 seconds
[2026-09-30T23:19:28.646+0000] {processor.py:153} INFO - Started process (PID=8200) to work on /home/airflow/.local/lib/python3.7/site-packages/airflow/example_dags/example_sla_dag.py
[2026-09-30T23:19:28.646+0000] {processor.py:743} INFO - Processing file /home/airflow/.local/lib/python3.7/site-packages/airflow/example_dags/example_sla_dag.py for tasks to queue
[2026-09-30T23:19:28.647+0000] {logging_mixin.py:137} INFO - [2026-09-30T23:19:28.647+0000] {dagbag.py:538} INFO - Filling up the DagBag from /home/airflow/.local/lib/python3.7/site-packages/airflow/example_dags/example_sla_dag.py
[2026-09-30T23:19:28.679+0000] {processor.py:753} INFO - DAG(s) dict_keys(['example_sla_dag']) retrieved from /home/airflow/.local/lib/python3.7/site-packages/airflow/example_dags/example_sla_dag.py
[2026-09-30T23:19:28.730+0000] {logging_mixin.py:137} INFO - [2026-09-30T23:19:28.730+0000] {dag.py:2676} INFO - Sync 1 DAGs
[2026-09-30T23:19:28.770+0000] {logging_mixin.py:137} INFO - [2026-09-30T23:19:28.770+0000] {dag.py:3427} INFO - Setting next_dagrun for example_sla_dag to 2026-09-30T23:16:00+00:00, run_after=2026-09-30T23:18:00+00:00
[2026-09-30T23:19:28.795+0000] {processor.py:175} INFO - Processing /home/airflow/.local/lib/python3.7/site-packages/airflow/example_dags/example_sla_dag.py took 0.154 seconds
[2026-09-30T23:19:59.167+0000] {processor.py:153} INFO - Started process (PID=8279) to work on /home/airflow/.local/lib/python3.7/site-packages/airflow/example_dags/example_sla_dag.py
[2026-09-30T23:19:59.169+0000] {processor.py:743} INFO - Processing file /home/airflow/.local/lib/python3.7/site-packages/airflow/example_dags/example_sla_dag.py for tasks to queue
[2026-09-30T23:19:59.169+0000] {logging_mixin.py:137} INFO - [2026-09-30T23:19:59.169+0000] {dagbag.py:538} INFO - Filling up the DagBag from /home/airflow/.local/lib/python3.7/site-packages/airflow/example_dags/example_sla_dag.py
[2026-09-30T23:19:59.203+0000] {processor.py:753} INFO - DAG(s) dict_keys(['example_sla_dag']) retrieved from /home/airflow/.local/lib/python3.7/site-packages/airflow/example_dags/example_sla_dag.py
[2026-09-30T23:19:59.250+0000] {logging_mixin.py:137} INFO - [2026-09-30T23:19:59.249+0000] {dag.py:2676} INFO - Sync 1 DAGs
[2026-09-30T23:19:59.291+0000] {logging_mixin.py:137} INFO - [2026-09-30T23:19:59.291+0000] {dag.py:3427} INFO - Setting next_dagrun for example_sla_dag to 2026-09-30T23:16:00+00:00, run_after=2026-09-30T23:18:00+00:00
[2026-09-30T23:19:59.322+0000] {processor.py:175} INFO - Processing /home/airflow/.local/lib/python3.7/site-packages/airflow/example_dags/example_sla_dag.py took 0.159 seconds
[2026-09-30T23:20:29.467+0000] {processor.py:153} INFO - Started process (PID=8358) to work on /home/airflow/.local/lib/python3.7/site-packages/airflow/example_dags/example_sla_dag.py
[2026-09-30T23:20:29.468+0000] {processor.py:743} INFO - Processing file /home/airflow/.local/lib/python3.7/site-packages/airflow/example_dags/example_sla_dag.py for tasks to queue
[2026-09-30T23:20:29.469+0000] {logging_mixin.py:137} INFO - [2026-09-30T23:20:29.469+0000] {dagbag.py:538} INFO - Filling up the DagBag from /home/airflow/.local/lib/python3.7/site-packages/airflow/example_dags/example_sla_dag.py
[2026-09-30T23:20:29.499+0000] {processor.py:753} INFO - DAG(s) dict_keys(['example_sla_dag']) retrieved from /home/airflow/.local/lib/python3.7/site-packages/airflow/example_dags/example_sla_dag.py
[2026-09-30T23:20:29.554+0000] {logging_mixin.py:137} INFO - [2026-09-30T23:20:29.554+0000] {dag.py:2676} INFO - Sync 1 DAGs
[2026-09-30T23:20:29.593+0000] {logging_mixin.py:137} INFO - [2026-09-30T23:20:29.592+0000] {dag.py:3427} INFO - Setting next_dagrun for example_sla_dag to 2026-09-30T23:18:00+00:00, run_after=2026-09-30T23:20:00+00:00
[2026-09-30T23:20:29.612+0000] {processor.py:175} INFO - Processing /home/airflow/.local/lib/python3.7/site-packages/airflow/example_dags/example_sla_dag.py took 0.150 seconds
[2026-09-30T23:20:59.984+0000] {processor.py:153} INFO - Started process (PID=8437) to work on /home/airflow/.local/lib/python3.7/site-packages/airflow/example_dags/example_sla_dag.py
[2026-09-30T23:20:59.985+0000] {processor.py:743} INFO - Processing file /home/airflow/.local/lib/python3.7/site-packages/airflow/example_dags/example_sla_dag.py for tasks to queue
[2026-09-30T23:20:59.986+0000] {logging_mixin.py:137} INFO - [2026-09-30T23:20:59.986+0000] {dagbag.py:538} INFO - Filling up the DagBag from /home/airflow/.local/lib/python3.7/site-packages/airflow/example_dags/example_sla_dag.py
[2026-09-30T23:21:00.018+0000] {processor.py:753} INFO - DAG(s) dict_keys(['example_sla_dag']) retrieved from /home/airflow/.local/lib/python3.7/site-packages/airflow/example_dags/example_sla_dag.py
[2026-09-30T23:21:00.085+0000] {logging_mixin.py:137} INFO - [2026-09-30T23:21:00.084+0000] {dag.py:2676} INFO - Sync 1 DAGs
[2026-09-30T23:21:00.131+0000] {logging_mixin.py:137} INFO - [2026-09-30T23:21:00.130+0000] {dag.py:3427} INFO - Setting next_dagrun for example_sla_dag to 2026-09-30T23:18:00+00:00, run_after=2026-09-30T23:20:00+00:00
[2026-09-30T23:21:00.153+0000] {processor.py:175} INFO - Processing /home/airflow/.local/lib/python3.7/site-packages/airflow/example_dags/example_sla_dag.py took 0.173 seconds
[2026-09-30T23:21:30.192+0000] {processor.py:153} INFO - Started process (PID=8536) to work on /home/airflow/.local/lib/python3.7/site-packages/airflow/example_dags/example_sla_dag.py
[2026-09-30T23:21:30.193+0000] {processor.py:743} INFO - Processing file /home/airflow/.local/lib/python3.7/site-packages/airflow/example_dags/example_sla_dag.py for tasks to queue
[2026-09-30T23:21:30.194+0000] {logging_mixin.py:137} INFO - [2026-09-30T23:21:30.193+0000] {dagbag.py:538} INFO - Filling up the DagBag from /home/airflow/.local/lib/python3.7/site-packages/airflow/example_dags/example_sla_dag.py
[2026-09-30T23:21:30.225+0000] {processor.py:753} INFO - DAG(s) dict_keys(['example_sla_dag']) retrieved from /home/airflow/.local/lib/python3.7/site-packages/airflow/example_dags/example_sla_dag.py
[2026-09-30T23:21:30.275+0000] {logging_mixin.py:137} INFO - [2026-09-30T23:21:30.275+0000] {dag.py:2676} INFO - Sync 1 DAGs
[2026-09-30T23:21:30.323+0000] {logging_mixin.py:137} INFO - [2026-09-30T23:21:30.323+0000] {dag.py:3427} INFO - Setting next_dagrun for example_sla_dag to 2026-09-30T23:18:00+00:00, run_after=2026-09-30T23:20:00+00:00
[2026-09-30T23:21:30.343+0000] {processor.py:175} INFO - Processing /home/airflow/.local/lib/python3.7/site-packages/airflow/example_dags/example_sla_dag.py took 0.156 seconds
[2026-09-30T23:22:00.466+0000] {processor.py:153} INFO - Started process (PID=8615) to work on /home/airflow/.local/lib/python3.7/site-packages/airflow/example_dags/example_sla_dag.py
[2026-09-30T23:22:00.468+0000] {processor.py:743} INFO - Processing file /home/airflow/.local/lib/python3.7/site-packages/airflow/example_dags/example_sla_dag.py for tasks to queue
[2026-09-30T23:22:00.468+0000] {logging_mixin.py:137} INFO - [2026-09-30T23:22:00.468+0000] {dagbag.py:538} INFO - Filling up the DagBag from /home/airflow/.local/lib/python3.7/site-packages/airflow/example_dags/example_sla_dag.py
[2026-09-30T23:22:00.498+0000] {processor.py:753} INFO - DAG(s) dict_keys(['example_sla_dag']) retrieved from /home/airflow/.local/lib/python3.7/site-packages/airflow/example_dags/example_sla_dag.py
[2026-09-30T23:22:00.545+0000] {logging_mixin.py:137} INFO - [2026-09-30T23:22:00.545+0000] {dag.py:2676} INFO - Sync 1 DAGs
[2026-09-30T23:22:00.585+0000] {logging_mixin.py:137} INFO - [2026-09-30T23:22:00.585+0000] {dag.py:3427} INFO - Setting next_dagrun for example_sla_dag to 2026-09-30T23:20:00+00:00, run_after=2026-09-30T23:22:00+00:00
[2026-09-30T23:22:00.647+0000] {processor.py:175} INFO - Processing /home/airflow/.local/lib/python3.7/site-packages/airflow/example_dags/example_sla_dag.py took 0.184 seconds
[2026-09-30T23:22:31.333+0000] {processor.py:153} INFO - Started process (PID=8694) to work on /home/airflow/.local/lib/python3.7/site-packages/airflow/example_dags/example_sla_dag.py
[2026-09-30T23:22:31.334+0000] {processor.py:743} INFO - Processing file /home/airflow/.local/lib/python3.7/site-packages/airflow/example_dags/example_sla_dag.py for tasks to queue
[2026-09-30T23:22:31.334+0000] {logging_mixin.py:137} INFO - [2026-09-30T23:22:31.334+0000] {dagbag.py:538} INFO - Filling up the DagBag from /home/airflow/.local/lib/python3.7/site-packages/airflow/example_dags/example_sla_dag.py
[2026-09-30T23:22:31.368+0000] {processor.py:753} INFO - DAG(s) dict_keys(['example_sla_dag']) retrieved from /home/airflow/.local/lib/python3.7/site-packages/airflow/example_dags/example_sla_dag.py
[2026-09-30T23:22:31.420+0000] {logging_mixin.py:137} INFO - [2026-09-30T23:22:31.420+0000] {dag.py:2676} INFO - Sync 1 DAGs
[2026-09-30T23:22:31.471+0000] {logging_mixin.py:137} INFO - [2026-09-30T23:22:31.471+0000] {dag.py:3427} INFO - Setting next_dagrun for example_sla_dag to 2026-09-30T23:20:00+00:00, run_after=2026-09-30T23:22:00+00:00
[2026-09-30T23:22:31.497+0000] {processor.py:175} INFO - Processing /home/airflow/.local/lib/python3.7/site-packages/airflow/example_dags/example_sla_dag.py took 0.168 seconds
[2026-09-30T23:23:02.293+0000] {processor.py:153} INFO - Started process (PID=8773) to work on /home/airflow/.local/lib/python3.7/site-packages/airflow/example_dags/example_sla_dag.py
[2026-09-30T23:23:02.294+0000] {processor.py:743} INFO - Processing file /home/airflow/.local/lib/python3.7/site-packages/airflow/example_dags/example_sla_dag.py for tasks to queue
[2026-09-30T23:23:02.295+0000] {logging_mixin.py:137} INFO - [2026-09-30T23:23:02.294+0000] {dagbag.py:538} INFO - Filling up the DagBag from /home/airflow/.local/lib/python3.7/site-packages/airflow/example_dags/example_sla_dag.py
[2026-09-30T23:23:02.325+0000] {processor.py:753} INFO - DAG(s) dict_keys(['example_sla_dag']) retrieved from /home/airflow/.local/lib/python3.7/site-packages/airflow/example_dags/example_sla_dag.py
[2026-09-30T23:23:02.380+0000] {logging_mixin.py:137} INFO - [2026-09-30T23:23:02.379+0000] {dag.py:2676} INFO - Sync 1 DAGs
[2026-09-30T23:23:02.438+0000] {logging_mixin.py:137} INFO - [2026-09-30T23:23:02.437+0000] {dag.py:3427} INFO - Setting next_dagrun for example_sla_dag to 2026-09-30T23:20:00+00:00, run_after=2026-09-30T23:22:00+00:00
[2026-09-30T23:23:02.471+0000] {processor.py:175} INFO - Processing /home/airflow/.local/lib/python3.7/site-packages/airflow/example_dags/example_sla_dag.py took 0.182 seconds
[2026-09-30T23:23:32.842+0000] {processor.py:153} INFO - Started process (PID=8872) to work on /home/airflow/.local/lib/python3.7/site-packages/airflow/example_dags/example_sla_dag.py
[2026-09-30T23:23:32.843+0000] {processor.py:743} INFO - Processing file /home/airflow/.local/lib/python3.7/site-packages/airflow/example_dags/example_sla_dag.py for tasks to queue
[2026-09-30T23:23:32.843+0000] {logging_mixin.py:137} INFO - [2026-09-30T23:23:32.843+0000] {dagbag.py:538} INFO - Filling up the DagBag from /home/airflow/.local/lib/python3.7/site-packages/airflow/example_dags/example_sla_dag.py
[2026-09-30T23:23:32.874+0000] {processor.py:753} INFO - DAG(s) dict_keys(['example_sla_dag']) retrieved from /home/airflow/.local/lib/python3.7/site-packages/airflow/example_dags/example_sla_dag.py
[2026-09-30T23:23:32.919+0000] {logging_mixin.py:137} INFO - [2026-09-30T23:23:32.919+0000] {dag.py:2676} INFO - Sync 1 DAGs
[2026-09-30T23:23:32.957+0000] {logging_mixin.py:137} INFO - [2026-09-30T23:23:32.957+0000] {dag.py:3427} INFO - Setting next_dagrun for example_sla_dag to 2026-09-30T23:20:00+00:00, run_after=2026-09-30T23:22:00+00:00
[2026-09-30T23:23:32.976+0000] {processor.py:175} INFO - Processing /home/airflow/.local/lib/python3.7/site-packages/airflow/example_dags/example_sla_dag.py took 0.138 seconds
[2026-09-30T23:24:03.578+0000] {processor.py:153} INFO - Started process (PID=8951) to work on /home/airflow/.local/lib/python3.7/site-packages/airflow/example_dags/example_sla_dag.py
[2026-09-30T23:24:03.579+0000] {processor.py:743} INFO - Processing file /home/airflow/.local/lib/python3.7/site-packages/airflow/example_dags/example_sla_dag.py for tasks to queue
[2026-09-30T23:24:03.580+0000] {logging_mixin.py:137} INFO - [2026-09-30T23:24:03.579+0000] {dagbag.py:538} INFO - Filling up the DagBag from /home/airflow/.local/lib/python3.7/site-packages/airflow/example_dags/example_sla_dag.py
[2026-09-30T23:24:03.609+0000] {processor.py:753} INFO - DAG(s) dict_keys(['example_sla_dag']) retrieved from /home/airflow/.local/lib/python3.7/site-packages/airflow/example_dags/example_sla_dag.py
[2026-09-30T23:24:03.665+0000] {logging_mixin.py:137} INFO - [2026-09-30T23:24:03.664+0000] {dag.py:2676} INFO - Sync 1 DAGs
[2026-09-30T23:24:03.700+0000] {logging_mixin.py:137} INFO - [2026-09-30T23:24:03.700+0000] {dag.py:3427} INFO - Setting next_dagrun for example_sla_dag to 2026-09-30T23:22:00+00:00, run_after=2026-09-30T23:24:00+00:00
[2026-09-30T23:24:03.723+0000] {processor.py:175} INFO - Processing /home/airflow/.local/lib/python3.7/site-packages/airflow/example_dags/example_sla_dag.py took 0.149 seconds
[2026-09-30T23:24:34.352+0000] {processor.py:153} INFO - Started process (PID=9030) to work on /home/airflow/.local/lib/python3.7/site-packages/airflow/example_dags/example_sla_dag.py
[2026-09-30T23:24:34.353+0000] {processor.py:743} INFO - Processing file /home/airflow/.local/lib/python3.7/site-packages/airflow/example_dags/example_sla_dag.py for tasks to queue
[2026-09-30T23:24:34.354+0000] {logging_mixin.py:137} INFO - [2026-09-30T23:24:34.354+0000] {dagbag.py:538} INFO - Filling up the DagBag from /home/airflow/.local/lib/python3.7/site-packages/airflow/example_dags/example_sla_dag.py
[2026-09-30T23:24:34.386+0000] {processor.py:753} INFO - DAG(s) dict_keys(['example_sla_dag']) retrieved from /home/airflow/.local/lib/python3.7/site-packages/airflow/example_dags/example_sla_dag.py
[2026-09-30T23:24:34.432+0000] {logging_mixin.py:137} INFO - [2026-09-30T23:24:34.432+0000] {dag.py:2676} INFO - Sync 1 DAGs
[2026-09-30T23:24:34.467+0000] {logging_mixin.py:137} INFO - [2026-09-30T23:24:34.467+0000] {dag.py:3427} INFO - Setting next_dagrun for example_sla_dag to 2026-09-30T23:22:00+00:00, run_after=2026-09-30T23:24:00+00:00
[2026-09-30T23:24:34.488+0000] {processor.py:175} INFO - Processing /home/airflow/.local/lib/python3.7/site-packages/airflow/example_dags/example_sla_dag.py took 0.140 seconds
[2026-09-30T23:25:05.067+0000] {processor.py:153} INFO - Started process (PID=9118) to work on /home/airflow/.local/lib/python3.7/site-packages/airflow/example_dags/example_sla_dag.py
[2026-09-30T23:25:05.069+0000] {processor.py:743} INFO - Processing file /home/airflow/.local/lib/python3.7/site-packages/airflow/example_dags/example_sla_dag.py for tasks to queue
[2026-09-30T23:25:05.070+0000] {logging_mixin.py:137} INFO - [2026-09-30T23:25:05.069+0000] {dagbag.py:538} INFO - Filling up the DagBag from /home/airflow/.local/lib/python3.7/site-packages/airflow/example_dags/example_sla_dag.py
[2026-09-30T23:25:05.099+0000] {processor.py:753} INFO - DAG(s) dict_keys(['example_sla_dag']) retrieved from /home/airflow/.local/lib/python3.7/site-packages/airflow/example_dags/example_sla_dag.py
[2026-09-30T23:25:05.145+0000] {logging_mixin.py:137} INFO - [2026-09-30T23:25:05.145+0000] {dag.py:2676} INFO - Sync 1 DAGs
[2026-09-30T23:25:05.186+0000] {logging_mixin.py:137} INFO - [2026-09-30T23:25:05.186+0000] {dag.py:3427} INFO - Setting next_dagrun for example_sla_dag to 2026-09-30T23:22:00+00:00, run_after=2026-09-30T23:24:00+00:00
[2026-09-30T23:25:05.212+0000] {processor.py:175} INFO - Processing /home/airflow/.local/lib/python3.7/site-packages/airflow/example_dags/example_sla_dag.py took 0.150 seconds
[2026-09-30T23:25:35.865+0000] {processor.py:153} INFO - Started process (PID=9208) to work on /home/airflow/.local/lib/python3.7/site-packages/airflow/example_dags/example_sla_dag.py
[2026-09-30T23:25:35.866+0000] {processor.py:743} INFO - Processing file /home/airflow/.local/lib/python3.7/site-packages/airflow/example_dags/example_sla_dag.py for tasks to queue
[2026-09-30T23:25:35.866+0000] {logging_mixin.py:137} INFO - [2026-09-30T23:25:35.866+0000] {dagbag.py:538} INFO - Filling up the DagBag from /home/airflow/.local/lib/python3.7/site-packages/airflow/example_dags/example_sla_dag.py
[2026-09-30T23:25:35.890+0000] {processor.py:753} INFO - DAG(s) dict_keys(['example_sla_dag']) retrieved from /home/airflow/.local/lib/python3.7/site-packages/airflow/example_dags/example_sla_dag.py
[2026-09-30T23:25:35.931+0000] {logging_mixin.py:137} INFO - [2026-09-30T23:25:35.930+0000] {dag.py:2676} INFO - Sync 1 DAGs
[2026-09-30T23:25:35.960+0000] {logging_mixin.py:137} INFO - [2026-09-30T23:25:35.960+0000] {dag.py:3427} INFO - Setting next_dagrun for example_sla_dag to 2026-09-30T23:22:00+00:00, run_after=2026-09-30T23:24:00+00:00
[2026-09-30T23:25:35.976+0000] {processor.py:175} INFO - Processing /home/airflow/.local/lib/python3.7/site-packages/airflow/example_dags/example_sla_dag.py took 0.114 seconds
[2026-09-30T23:26:06.122+0000] {processor.py:153} INFO - Started process (PID=9287) to work on /home/airflow/.local/lib/python3.7/site-packages/airflow/example_dags/example_sla_dag.py
[2026-09-30T23:26:06.123+0000] {processor.py:743} INFO - Processing file /home/airflow/.local/lib/python3.7/site-packages/airflow/example_dags/example_sla_dag.py for tasks to queue
[2026-09-30T23:26:06.124+0000] {logging_mixin.py:137} INFO - [2026-09-30T23:26:06.123+0000] {dagbag.py:538} INFO - Filling up the DagBag from /home/airflow/.local/lib/python3.7/site-packages/airflow/example_dags/example_sla_dag.py
[2026-09-30T23:26:06.161+0000] {processor.py:753} INFO - DAG(s) dict_keys(['example_sla_dag']) retrieved from /home/airflow/.local/lib/python3.7/site-packages/airflow/example_dags/example_sla_dag.py
[2026-09-30T23:26:06.229+0000] {logging_mixin.py:137} INFO - [2026-09-30T23:26:06.229+0000] {dag.py:2676} INFO - Sync 1 DAGs
[2026-09-30T23:26:06.268+0000] {logging_mixin.py:137} INFO - [2026-09-30T23:26:06.268+0000] {dag.py:3427} INFO - Setting next_dagrun for example_sla_dag to 2026-09-30T23:24:00+00:00, run_after=2026-09-30T23:26:00+00:00
[2026-09-30T23:26:06.288+0000] {processor.py:175} INFO - Processing /home/airflow/.local/lib/python3.7/site-packages/airflow/example_dags/example_sla_dag.py took 0.170 seconds
[2026-09-30T23:26:37.273+0000] {processor.py:153} INFO - Started process (PID=9366) to work on /home/airflow/.local/lib/python3.7/site-packages/airflow/example_dags/example_sla_dag.py
[2026-09-30T23:26:37.274+0000] {processor.py:743} INFO - Processing file /home/airflow/.local/lib/python3.7/site-packages/airflow/example_dags/example_sla_dag.py for tasks to queue
[2026-09-30T23:26:37.275+0000] {logging_mixin.py:137} INFO - [2026-09-30T23:26:37.275+0000] {dagbag.py:538} INFO - Filling up the DagBag from /home/airflow/.local/lib/python3.7/site-packages/airflow/example_dags/example_sla_dag.py
[2026-09-30T23:26:37.309+0000] {processor.py:753} INFO - DAG(s) dict_keys(['example_sla_dag']) retrieved from /home/airflow/.local/lib/python3.7/site-packages/airflow/example_dags/example_sla_dag.py
[2026-09-30T23:26:37.368+0000] {logging_mixin.py:137} INFO - [2026-09-30T23:26:37.368+0000] {dag.py:2676} INFO - Sync 1 DAGs
[2026-09-30T23:26:37.402+0000] {logging_mixin.py:137} INFO - [2026-09-30T23:26:37.402+0000] {dag.py:3427} INFO - Setting next_dagrun for example_sla_dag to 2026-09-30T23:24:00+00:00, run_after=2026-09-30T23:26:00+00:00
[2026-09-30T23:26:37.423+0000] {processor.py:175} INFO - Processing /home/airflow/.local/lib/python3.7/site-packages/airflow/example_dags/example_sla_dag.py took 0.154 seconds
[2026-09-30T23:27:08.492+0000] {processor.py:153} INFO - Started process (PID=9465) to work on /home/airflow/.local/lib/python3.7/site-packages/airflow/example_dags/example_sla_dag.py
[2026-09-30T23:27:08.494+0000] {processor.py:743} INFO - Processing file /home/airflow/.local/lib/python3.7/site-packages/airflow/example_dags/example_sla_dag.py for tasks to queue
[2026-09-30T23:27:08.494+0000] {logging_mixin.py:137} INFO - [2026-09-30T23:27:08.494+0000] {dagbag.py:538} INFO - Filling up the DagBag from /home/airflow/.local/lib/python3.7/site-packages/airflow/example_dags/example_sla_dag.py
[2026-09-30T23:27:08.525+0000] {processor.py:753} INFO - DAG(s) dict_keys(['example_sla_dag']) retrieved from /home/airflow/.local/lib/python3.7/site-packages/airflow/example_dags/example_sla_dag.py
[2026-09-30T23:27:08.571+0000] {logging_mixin.py:137} INFO - [2026-09-30T23:27:08.571+0000] {dag.py:2676} INFO - Sync 1 DAGs
[2026-09-30T23:27:08.611+0000] {logging_mixin.py:137} INFO - [2026-09-30T23:27:08.611+0000] {dag.py:3427} INFO - Setting next_dagrun for example_sla_dag to 2026-09-30T23:24:00+00:00, run_after=2026-09-30T23:26:00+00:00
[2026-09-30T23:27:08.636+0000] {processor.py:175} INFO - Processing /home/airflow/.local/lib/python3.7/site-packages/airflow/example_dags/example_sla_dag.py took 0.149 seconds
[2026-09-30T23:27:38.824+0000] {processor.py:153} INFO - Started process (PID=9544) to work on /home/airflow/.local/lib/python3.7/site-packages/airflow/example_dags/example_sla_dag.py
[2026-09-30T23:27:38.825+0000] {processor.py:743} INFO - Processing file /home/airflow/.local/lib/python3.7/site-packages/airflow/example_dags/example_sla_dag.py for tasks to queue
[2026-09-30T23:27:38.826+0000] {logging_mixin.py:137} INFO - [2026-09-30T23:27:38.826+0000] {dagbag.py:538} INFO - Filling up the DagBag from /home/airflow/.local/lib/python3.7/site-packages/airflow/example_dags/example_sla_dag.py
[2026-09-30T23:27:38.858+0000] {processor.py:753} INFO - DAG(s) dict_keys(['example_sla_dag']) retrieved from /home/airflow/.local/lib/python3.7/site-packages/airflow/example_dags/example_sla_dag.py
[2026-09-30T23:27:38.911+0000] {logging_mixin.py:137} INFO - [2026-09-30T23:27:38.911+0000] {dag.py:2676} INFO - Sync 1 DAGs
[2026-09-30T23:27:38.951+0000] {logging_mixin.py:137} INFO - [2026-09-30T23:27:38.950+0000] {dag.py:3427} INFO - Setting next_dagrun for example_sla_dag to 2026-09-30T23:24:00+00:00, run_after=2026-09-30T23:26:00+00:00
[2026-09-30T23:27:38.978+0000] {processor.py:175} INFO - Processing /home/airflow/.local/lib/python3.7/site-packages/airflow/example_dags/example_sla_dag.py took 0.158 seconds
[2026-09-30T23:28:09.094+0000] {processor.py:153} INFO - Started process (PID=9623) to work on /home/airflow/.local/lib/python3.7/site-packages/airflow/example_dags/example_sla_dag.py
[2026-09-30T23:28:09.095+0000] {processor.py:743} INFO - Processing file /home/airflow/.local/lib/python3.7/site-packages/airflow/example_dags/example_sla_dag.py for tasks to queue
[2026-09-30T23:28:09.096+0000] {logging_mixin.py:137} INFO - [2026-09-30T23:28:09.096+0000] {dagbag.py:538} INFO - Filling up the DagBag from /home/airflow/.local/lib/python3.7/site-packages/airflow/example_dags/example_sla_dag.py
[2026-09-30T23:28:09.129+0000] {processor.py:753} INFO - DAG(s) dict_keys(['example_sla_dag']) retrieved from /home/airflow/.local/lib/python3.7/site-packages/airflow/example_dags/example_sla_dag.py
[2026-09-30T23:28:09.177+0000] {logging_mixin.py:137} INFO - [2026-09-30T23:28:09.177+0000] {dag.py:2676} INFO - Sync 1 DAGs
[2026-09-30T23:28:09.217+0000] {logging_mixin.py:137} INFO - [2026-09-30T23:28:09.216+0000] {dag.py:3427} INFO - Setting next_dagrun for example_sla_dag to 2026-09-30T23:26:00+00:00, run_after=2026-09-30T23:28:00+00:00
[2026-09-30T23:28:09.240+0000] {processor.py:175} INFO - Processing /home/airflow/.local/lib/python3.7/site-packages/airflow/example_dags/example_sla_dag.py took 0.150 seconds
[2026-09-30T23:28:39.464+0000] {processor.py:153} INFO - Started process (PID=9711) to work on /home/airflow/.local/lib/python3.7/site-packages/airflow/example_dags/example_sla_dag.py
[2026-09-30T23:28:39.465+0000] {processor.py:743} INFO - Processing file /home/airflow/.local/lib/python3.7/site-packages/airflow/example_dags/example_sla_dag.py for tasks to queue
[2026-09-30T23:28:39.466+0000] {logging_mixin.py:137} INFO - [2026-09-30T23:28:39.466+0000] {dagbag.py:538} INFO - Filling up the DagBag from /home/airflow/.local/lib/python3.7/site-packages/airflow/example_dags/example_sla_dag.py
[2026-09-30T23:28:39.508+0000] {processor.py:753} INFO - DAG(s) dict_keys(['example_sla_dag']) retrieved from /home/airflow/.local/lib/python3.7/site-packages/airflow/example_dags/example_sla_dag.py
[2026-09-30T23:28:39.568+0000] {logging_mixin.py:137} INFO - [2026-09-30T23:28:39.567+0000] {dag.py:2676} INFO - Sync 1 DAGs
[2026-09-30T23:28:39.604+0000] {logging_mixin.py:137} INFO - [2026-09-30T23:28:39.604+0000] {dag.py:3427} INFO - Setting next_dagrun for example_sla_dag to 2026-09-30T23:26:00+00:00, run_after=2026-09-30T23:28:00+00:00
[2026-09-30T23:28:39.624+0000] {processor.py:175} INFO - Processing /home/airflow/.local/lib/python3.7/site-packages/airflow/example_dags/example_sla_dag.py took 0.163 seconds
[2026-09-30T23:29:09.710+0000] {processor.py:153} INFO - Started process (PID=9801) to work on /home/airflow/.local/lib/python3.7/site-packages/airflow/example_dags/example_sla_dag.py
[2026-09-30T23:29:09.711+0000] {processor.py:743} INFO - Processing file /home/airflow/.local/lib/python3.7/site-packages/airflow/example_dags/example_sla_dag.py for tasks to queue
[2026-09-30T23:29:09.712+0000] {logging_mixin.py:137} INFO - [2026-09-30T23:29:09.712+0000] {dagbag.py:538} INFO - Filling up the DagBag from /home/airflow/.local/lib/python3.7/site-packages/airflow/example_dags/example_sla_dag.py
[2026-09-30T23:29:09.744+0000] {processor.py:753} INFO - DAG(s) dict_keys(['example_sla_dag']) retrieved from /home/airflow/.local/lib/python3.7/site-packages/airflow/example_dags/example_sla_dag.py
[2026-09-30T23:29:09.791+0000] {logging_mixin.py:137} INFO - [2026-09-30T23:29:09.791+0000] {dag.py:2676} INFO - Sync 1 DAGs
[2026-09-30T23:29:09.827+0000] {logging_mixin.py:137} INFO - [2026-09-30T23:29:09.827+0000] {dag.py:3427} INFO - Setting next_dagrun for example_sla_dag to 2026-09-30T23:26:00+00:00, run_after=2026-09-30T23:28:00+00:00
[2026-09-30T23:29:09.847+0000] {processor.py:175} INFO - Processing /home/airflow/.local/lib/python3.7/site-packages/airflow/example_dags/example_sla_dag.py took 0.141 seconds
[2026-09-30T23:29:40.668+0000] {processor.py:153} INFO - Started process (PID=9880) to work on /home/airflow/.local/lib/python3.7/site-packages/airflow/example_dags/example_sla_dag.py
[2026-09-30T23:29:40.669+0000] {processor.py:743} INFO - Processing file /home/airflow/.local/lib/python3.7/site-packages/airflow/example_dags/example_sla_dag.py for tasks to queue
[2026-09-30T23:29:40.670+0000] {logging_mixin.py:137} INFO - [2026-09-30T23:29:40.670+0000] {dagbag.py:538} INFO - Filling up the DagBag from /home/airflow/.local/lib/python3.7/site-packages/airflow/example_dags/example_sla_dag.py
[2026-09-30T23:29:40.696+0000] {processor.py:753} INFO - DAG(s) dict_keys(['example_sla_dag']) retrieved from /home/airflow/.local/lib/python3.7/site-packages/airflow/example_dags/example_sla_dag.py
[2026-09-30T23:29:40.736+0000] {logging_mixin.py:137} INFO - [2026-09-30T23:29:40.736+0000] {dag.py:2676} INFO - Sync 1 DAGs
[2026-09-30T23:29:40.770+0000] {logging_mixin.py:137} INFO - [2026-09-30T23:29:40.770+0000] {dag.py:3427} INFO - Setting next_dagrun for example_sla_dag to 2026-09-30T23:26:00+00:00, run_after=2026-09-30T23:28:00+00:00
[2026-09-30T23:29:40.789+0000] {processor.py:175} INFO - Processing /home/airflow/.local/lib/python3.7/site-packages/airflow/example_dags/example_sla_dag.py took 0.124 seconds
[2026-09-30T23:30:11.676+0000] {processor.py:153} INFO - Started process (PID=9959) to work on /home/airflow/.local/lib/python3.7/site-packages/airflow/example_dags/example_sla_dag.py
[2026-09-30T23:30:11.678+0000] {processor.py:743} INFO - Processing file /home/airflow/.local/lib/python3.7/site-packages/airflow/example_dags/example_sla_dag.py for tasks to queue
[2026-09-30T23:30:11.679+0000] {logging_mixin.py:137} INFO - [2026-09-30T23:30:11.679+0000] {dagbag.py:538} INFO - Filling up the DagBag from /home/airflow/.local/lib/python3.7/site-packages/airflow/example_dags/example_sla_dag.py
[2026-09-30T23:30:11.726+0000] {processor.py:753} INFO - DAG(s) dict_keys(['example_sla_dag']) retrieved from /home/airflow/.local/lib/python3.7/site-packages/airflow/example_dags/example_sla_dag.py
[2026-09-30T23:30:11.788+0000] {logging_mixin.py:137} INFO - [2026-09-30T23:30:11.788+0000] {dag.py:2676} INFO - Sync 1 DAGs
[2026-09-30T23:30:11.831+0000] {logging_mixin.py:137} INFO - [2026-09-30T23:30:11.831+0000] {dag.py:3427} INFO - Setting next_dagrun for example_sla_dag to 2026-09-30T23:28:00+00:00, run_after=2026-09-30T23:30:00+00:00
[2026-09-30T23:30:11.853+0000] {processor.py:175} INFO - Processing /home/airflow/.local/lib/python3.7/site-packages/airflow/example_dags/example_sla_dag.py took 0.183 seconds
[2026-09-30T23:30:42.518+0000] {processor.py:153} INFO - Started process (PID=10057) to work on /home/airflow/.local/lib/python3.7/site-packages/airflow/example_dags/example_sla_dag.py
[2026-09-30T23:30:42.519+0000] {processor.py:743} INFO - Processing file /home/airflow/.local/lib/python3.7/site-packages/airflow/example_dags/example_sla_dag.py for tasks to queue
[2026-09-30T23:30:42.520+0000] {logging_mixin.py:137} INFO - [2026-09-30T23:30:42.520+0000] {dagbag.py:538} INFO - Filling up the DagBag from /home/airflow/.local/lib/python3.7/site-packages/airflow/example_dags/example_sla_dag.py
[2026-09-30T23:30:42.553+0000] {processor.py:753} INFO - DAG(s) dict_keys(['example_sla_dag']) retrieved from /home/airflow/.local/lib/python3.7/site-packages/airflow/example_dags/example_sla_dag.py
[2026-09-30T23:30:42.608+0000] {logging_mixin.py:137} INFO - [2026-09-30T23:30:42.608+0000] {dag.py:2676} INFO - Sync 1 DAGs
[2026-09-30T23:30:42.650+0000] {logging_mixin.py:137} INFO - [2026-09-30T23:30:42.650+0000] {dag.py:3427} INFO - Setting next_dagrun for example_sla_dag to 2026-09-30T23:28:00+00:00, run_after=2026-09-30T23:30:00+00:00
[2026-09-30T23:30:42.680+0000] {processor.py:175} INFO - Processing /home/airflow/.local/lib/python3.7/site-packages/airflow/example_dags/example_sla_dag.py took 0.166 seconds
[2026-09-30T23:31:12.948+0000] {processor.py:153} INFO - Started process (PID=10136) to work on /home/airflow/.local/lib/python3.7/site-packages/airflow/example_dags/example_sla_dag.py
[2026-09-30T23:31:12.949+0000] {processor.py:743} INFO - Processing file /home/airflow/.local/lib/python3.7/site-packages/airflow/example_dags/example_sla_dag.py for tasks to queue
[2026-09-30T23:31:12.950+0000] {logging_mixin.py:137} INFO - [2026-09-30T23:31:12.950+0000] {dagbag.py:538} INFO - Filling up the DagBag from /home/airflow/.local/lib/python3.7/site-packages/airflow/example_dags/example_sla_dag.py
[2026-09-30T23:31:12.991+0000] {processor.py:753} INFO - DAG(s) dict_keys(['example_sla_dag']) retrieved from /home/airflow/.local/lib/python3.7/site-packages/airflow/example_dags/example_sla_dag.py
[2026-09-30T23:31:13.053+0000] {logging_mixin.py:137} INFO - [2026-09-30T23:31:13.052+0000] {dag.py:2676} INFO - Sync 1 DAGs
[2026-09-30T23:31:13.098+0000] {logging_mixin.py:137} INFO - [2026-09-30T23:31:13.098+0000] {dag.py:3427} INFO - Setting next_dagrun for example_sla_dag to 2026-09-30T23:28:00+00:00, run_after=2026-09-30T23:30:00+00:00
[2026-09-30T23:31:13.120+0000] {processor.py:175} INFO - Processing /home/airflow/.local/lib/python3.7/site-packages/airflow/example_dags/example_sla_dag.py took 0.178 seconds
[2026-09-30T23:31:43.186+0000] {processor.py:153} INFO - Started process (PID=10216) to work on /home/airflow/.local/lib/python3.7/site-packages/airflow/example_dags/example_sla_dag.py
[2026-09-30T23:31:43.187+0000] {processor.py:743} INFO - Processing file /home/airflow/.local/lib/python3.7/site-packages/airflow/example_dags/example_sla_dag.py for tasks to queue
[2026-09-30T23:31:43.187+0000] {logging_mixin.py:137} INFO - [2026-09-30T23:31:43.187+0000] {dagbag.py:538} INFO - Filling up the DagBag from /home/airflow/.local/lib/python3.7/site-packages/airflow/example_dags/example_sla_dag.py
[2026-09-30T23:31:43.224+0000] {processor.py:753} INFO - DAG(s) dict_keys(['example_sla_dag']) retrieved from /home/airflow/.local/lib/python3.7/site-packages/airflow/example_dags/example_sla_dag.py
[2026-09-30T23:31:43.270+0000] {logging_mixin.py:137} INFO - [2026-09-30T23:31:43.270+0000] {dag.py:2676} INFO - Sync 1 DAGs
[2026-09-30T23:31:43.310+0000] {logging_mixin.py:137} INFO - [2026-09-30T23:31:43.310+0000] {dag.py:3427} INFO - Setting next_dagrun for example_sla_dag to 2026-09-30T23:28:00+00:00, run_after=2026-09-30T23:30:00+00:00
[2026-09-30T23:31:43.332+0000] {processor.py:175} INFO - Processing /home/airflow/.local/lib/python3.7/site-packages/airflow/example_dags/example_sla_dag.py took 0.150 seconds
[2026-09-30T23:32:13.615+0000] {processor.py:153} INFO - Started process (PID=10295) to work on /home/airflow/.local/lib/python3.7/site-packages/airflow/example_dags/example_sla_dag.py
[2026-09-30T23:32:13.616+0000] {processor.py:743} INFO - Processing file /home/airflow/.local/lib/python3.7/site-packages/airflow/example_dags/example_sla_dag.py for tasks to queue
[2026-09-30T23:32:13.617+0000] {logging_mixin.py:137} INFO - [2026-09-30T23:32:13.617+0000] {dagbag.py:538} INFO - Filling up the DagBag from /home/airflow/.local/lib/python3.7/site-packages/airflow/example_dags/example_sla_dag.py
[2026-09-30T23:32:13.647+0000] {processor.py:753} INFO - DAG(s) dict_keys(['example_sla_dag']) retrieved from /home/airflow/.local/lib/python3.7/site-packages/airflow/example_dags/example_sla_dag.py
[2026-09-30T23:32:13.696+0000] {logging_mixin.py:137} INFO - [2026-09-30T23:32:13.696+0000] {dag.py:2676} INFO - Sync 1 DAGs
[2026-09-30T23:32:13.735+0000] {logging_mixin.py:137} INFO - [2026-09-30T23:32:13.735+0000] {dag.py:3427} INFO - Setting next_dagrun for example_sla_dag to 2026-09-30T23:30:00+00:00, run_after=2026-09-30T23:32:00+00:00
[2026-09-30T23:32:13.756+0000] {processor.py:175} INFO - Processing /home/airflow/.local/lib/python3.7/site-packages/airflow/example_dags/example_sla_dag.py took 0.144 seconds
[2026-09-30T23:32:44.714+0000] {processor.py:153} INFO - Started process (PID=10393) to work on /home/airflow/.local/lib/python3.7/site-packages/airflow/example_dags/example_sla_dag.py
[2026-09-30T23:32:44.716+0000] {processor.py:743} INFO - Processing file /home/airflow/.local/lib/python3.7/site-packages/airflow/example_dags/example_sla_dag.py for tasks to queue
[2026-09-30T23:32:44.717+0000] {logging_mixin.py:137} INFO - [2026-09-30T23:32:44.716+0000] {dagbag.py:538} INFO - Filling up the DagBag from /home/airflow/.local/lib/python3.7/site-packages/airflow/example_dags/example_sla_dag.py
[2026-09-30T23:32:44.755+0000] {processor.py:753} INFO - DAG(s) dict_keys(['example_sla_dag']) retrieved from /home/airflow/.local/lib/python3.7/site-packages/airflow/example_dags/example_sla_dag.py
[2026-09-30T23:32:44.813+0000] {logging_mixin.py:137} INFO - [2026-09-30T23:32:44.813+0000] {dag.py:2676} INFO - Sync 1 DAGs
[2026-09-30T23:32:44.864+0000] {logging_mixin.py:137} INFO - [2026-09-30T23:32:44.864+0000] {dag.py:3427} INFO - Setting next_dagrun for example_sla_dag to 2026-09-30T23:30:00+00:00, run_after=2026-09-30T23:32:00+00:00
[2026-09-30T23:32:44.894+0000] {processor.py:175} INFO - Processing /home/airflow/.local/lib/python3.7/site-packages/airflow/example_dags/example_sla_dag.py took 0.185 seconds
[2026-09-30T23:33:14.971+0000] {processor.py:153} INFO - Started process (PID=10472) to work on /home/airflow/.local/lib/python3.7/site-packages/airflow/example_dags/example_sla_dag.py
[2026-09-30T23:33:14.972+0000] {processor.py:743} INFO - Processing file /home/airflow/.local/lib/python3.7/site-packages/airflow/example_dags/example_sla_dag.py for tasks to queue
[2026-09-30T23:33:14.973+0000] {logging_mixin.py:137} INFO - [2026-09-30T23:33:14.973+0000] {dagbag.py:538} INFO - Filling up the DagBag from /home/airflow/.local/lib/python3.7/site-packages/airflow/example_dags/example_sla_dag.py
[2026-09-30T23:33:15.008+0000] {processor.py:753} INFO - DAG(s) dict_keys(['example_sla_dag']) retrieved from /home/airflow/.local/lib/python3.7/site-packages/airflow/example_dags/example_sla_dag.py
[2026-09-30T23:33:15.058+0000] {logging_mixin.py:137} INFO - [2026-09-30T23:33:15.058+0000] {dag.py:2676} INFO - Sync 1 DAGs
[2026-09-30T23:33:15.096+0000] {logging_mixin.py:137} INFO - [2026-09-30T23:33:15.096+0000] {dag.py:3427} INFO - Setting next_dagrun for example_sla_dag to 2026-09-30T23:30:00+00:00, run_after=2026-09-30T23:32:00+00:00
[2026-09-30T23:33:15.117+0000] {processor.py:175} INFO - Processing /home/airflow/.local/lib/python3.7/site-packages/airflow/example_dags/example_sla_dag.py took 0.150 seconds
[2026-09-30T23:33:46.024+0000] {processor.py:153} INFO - Started process (PID=10551) to work on /home/airflow/.local/lib/python3.7/site-packages/airflow/example_dags/example_sla_dag.py
[2026-09-30T23:33:46.025+0000] {processor.py:743} INFO - Processing file /home/airflow/.local/lib/python3.7/site-packages/airflow/example_dags/example_sla_dag.py for tasks to queue
[2026-09-30T23:33:46.026+0000] {logging_mixin.py:137} INFO - [2026-09-30T23:33:46.025+0000] {dagbag.py:538} INFO - Filling up the DagBag from /home/airflow/.local/lib/python3.7/site-packages/airflow/example_dags/example_sla_dag.py
[2026-09-30T23:33:46.071+0000] {processor.py:753} INFO - DAG(s) dict_keys(['example_sla_dag']) retrieved from /home/airflow/.local/lib/python3.7/site-packages/airflow/example_dags/example_sla_dag.py
[2026-09-30T23:33:46.128+0000] {logging_mixin.py:137} INFO - [2026-09-30T23:33:46.128+0000] {dag.py:2676} INFO - Sync 1 DAGs
[2026-09-30T23:33:46.168+0000] {logging_mixin.py:137} INFO - [2026-09-30T23:33:46.167+0000] {dag.py:3427} INFO - Setting next_dagrun for example_sla_dag to 2026-09-30T23:30:00+00:00, run_after=2026-09-30T23:32:00+00:00
[2026-09-30T23:33:46.189+0000] {processor.py:175} INFO - Processing /home/airflow/.local/lib/python3.7/site-packages/airflow/example_dags/example_sla_dag.py took 0.170 seconds
[2026-09-30T23:34:16.277+0000] {processor.py:153} INFO - Started process (PID=10630) to work on /home/airflow/.local/lib/python3.7/site-packages/airflow/example_dags/example_sla_dag.py
[2026-09-30T23:34:16.278+0000] {processor.py:743} INFO - Processing file /home/airflow/.local/lib/python3.7/site-packages/airflow/example_dags/example_sla_dag.py for tasks to queue
[2026-09-30T23:34:16.279+0000] {logging_mixin.py:137} INFO - [2026-09-30T23:34:16.279+0000] {dagbag.py:538} INFO - Filling up the DagBag from /home/airflow/.local/lib/python3.7/site-packages/airflow/example_dags/example_sla_dag.py
[2026-09-30T23:34:16.310+0000] {processor.py:753} INFO - DAG(s) dict_keys(['example_sla_dag']) retrieved from /home/airflow/.local/lib/python3.7/site-packages/airflow/example_dags/example_sla_dag.py
[2026-09-30T23:34:16.359+0000] {logging_mixin.py:137} INFO - [2026-09-30T23:34:16.359+0000] {dag.py:2676} INFO - Sync 1 DAGs
[2026-09-30T23:34:16.396+0000] {logging_mixin.py:137} INFO - [2026-09-30T23:34:16.396+0000] {dag.py:3427} INFO - Setting next_dagrun for example_sla_dag to 2026-09-30T23:32:00+00:00, run_after=2026-09-30T23:34:00+00:00
[2026-09-30T23:34:16.419+0000] {processor.py:175} INFO - Processing /home/airflow/.local/lib/python3.7/site-packages/airflow/example_dags/example_sla_dag.py took 0.146 seconds
[2026-09-30T23:34:46.655+0000] {processor.py:153} INFO - Started process (PID=10729) to work on /home/airflow/.local/lib/python3.7/site-packages/airflow/example_dags/example_sla_dag.py
[2026-09-30T23:34:46.656+0000] {processor.py:743} INFO - Processing file /home/airflow/.local/lib/python3.7/site-packages/airflow/example_dags/example_sla_dag.py for tasks to queue
[2026-09-30T23:34:46.657+0000] {logging_mixin.py:137} INFO - [2026-09-30T23:34:46.657+0000] {dagbag.py:538} INFO - Filling up the DagBag from /home/airflow/.local/lib/python3.7/site-packages/airflow/example_dags/example_sla_dag.py
[2026-09-30T23:34:46.689+0000] {processor.py:753} INFO - DAG(s) dict_keys(['example_sla_dag']) retrieved from /home/airflow/.local/lib/python3.7/site-packages/airflow/example_dags/example_sla_dag.py
[2026-09-30T23:34:46.737+0000] {logging_mixin.py:137} INFO - [2026-09-30T23:34:46.737+0000] {dag.py:2676} INFO - Sync 1 DAGs
[2026-09-30T23:34:46.783+0000] {logging_mixin.py:137} INFO - [2026-09-30T23:34:46.783+0000] {dag.py:3427} INFO - Setting next_dagrun for example_sla_dag to 2026-09-30T23:32:00+00:00, run_after=2026-09-30T23:34:00+00:00
[2026-09-30T23:34:46.811+0000] {processor.py:175} INFO - Processing /home/airflow/.local/lib/python3.7/site-packages/airflow/example_dags/example_sla_dag.py took 0.160 seconds
[2026-09-30T23:35:17.284+0000] {processor.py:153} INFO - Started process (PID=10808) to work on /home/airflow/.local/lib/python3.7/site-packages/airflow/example_dags/example_sla_dag.py
[2026-09-30T23:35:17.285+0000] {processor.py:743} INFO - Processing file /home/airflow/.local/lib/python3.7/site-packages/airflow/example_dags/example_sla_dag.py for tasks to queue
[2026-09-30T23:35:17.286+0000] {logging_mixin.py:137} INFO - [2026-09-30T23:35:17.286+0000] {dagbag.py:538} INFO - Filling up the DagBag from /home/airflow/.local/lib/python3.7/site-packages/airflow/example_dags/example_sla_dag.py
[2026-09-30T23:35:17.315+0000] {processor.py:753} INFO - DAG(s) dict_keys(['example_sla_dag']) retrieved from /home/airflow/.local/lib/python3.7/site-packages/airflow/example_dags/example_sla_dag.py
[2026-09-30T23:35:17.373+0000] {logging_mixin.py:137} INFO - [2026-09-30T23:35:17.373+0000] {dag.py:2676} INFO - Sync 1 DAGs
[2026-09-30T23:35:17.411+0000] {logging_mixin.py:137} INFO - [2026-09-30T23:35:17.411+0000] {dag.py:3427} INFO - Setting next_dagrun for example_sla_dag to 2026-09-30T23:32:00+00:00, run_after=2026-09-30T23:34:00+00:00
[2026-09-30T23:35:17.430+0000] {processor.py:175} INFO - Processing /home/airflow/.local/lib/python3.7/site-packages/airflow/example_dags/example_sla_dag.py took 0.151 seconds
[2026-09-30T23:35:47.648+0000] {processor.py:153} INFO - Started process (PID=10887) to work on /home/airflow/.local/lib/python3.7/site-packages/airflow/example_dags/example_sla_dag.py
[2026-09-30T23:35:47.649+0000] {processor.py:743} INFO - Processing file /home/airflow/.local/lib/python3.7/site-packages/airflow/example_dags/example_sla_dag.py for tasks to queue
[2026-09-30T23:35:47.649+0000] {logging_mixin.py:137} INFO - [2026-09-30T23:35:47.649+0000] {dagbag.py:538} INFO - Filling up the DagBag from /home/airflow/.local/lib/python3.7/site-packages/airflow/example_dags/example_sla_dag.py
[2026-09-30T23:35:47.681+0000] {processor.py:753} INFO - DAG(s) dict_keys(['example_sla_dag']) retrieved from /home/airflow/.local/lib/python3.7/site-packages/airflow/example_dags/example_sla_dag.py
[2026-09-30T23:35:47.738+0000] {logging_mixin.py:137} INFO - [2026-09-30T23:35:47.737+0000] {dag.py:2676} INFO - Sync 1 DAGs
[2026-09-30T23:35:47.782+0000] {logging_mixin.py:137} INFO - [2026-09-30T23:35:47.781+0000] {dag.py:3427} INFO - Setting next_dagrun for example_sla_dag to 2026-09-30T23:32:00+00:00, run_after=2026-09-30T23:34:00+00:00
[2026-09-30T23:35:47.806+0000] {processor.py:175} INFO - Processing /home/airflow/.local/lib/python3.7/site-packages/airflow/example_dags/example_sla_dag.py took 0.162 seconds
[2026-09-30T23:36:18.710+0000] {processor.py:153} INFO - Started process (PID=10986) to work on /home/airflow/.local/lib/python3.7/site-packages/airflow/example_dags/example_sla_dag.py
[2026-09-30T23:36:18.711+0000] {processor.py:743} INFO - Processing file /home/airflow/.local/lib/python3.7/site-packages/airflow/example_dags/example_sla_dag.py for tasks to queue
[2026-09-30T23:36:18.711+0000] {logging_mixin.py:137} INFO - [2026-09-30T23:36:18.711+0000] {dagbag.py:538} INFO - Filling up the DagBag from /home/airflow/.local/lib/python3.7/site-packages/airflow/example_dags/example_sla_dag.py
[2026-09-30T23:36:18.742+0000] {processor.py:753} INFO - DAG(s) dict_keys(['example_sla_dag']) retrieved from /home/airflow/.local/lib/python3.7/site-packages/airflow/example_dags/example_sla_dag.py
[2026-09-30T23:36:18.801+0000] {logging_mixin.py:137} INFO - [2026-09-30T23:36:18.800+0000] {dag.py:2676} INFO - Sync 1 DAGs
[2026-09-30T23:36:18.849+0000] {logging_mixin.py:137} INFO - [2026-09-30T23:36:18.849+0000] {dag.py:3427} INFO - Setting next_dagrun for example_sla_dag to 2026-09-30T23:34:00+00:00, run_after=2026-09-30T23:36:00+00:00
[2026-09-30T23:36:18.880+0000] {processor.py:175} INFO - Processing /home/airflow/.local/lib/python3.7/site-packages/airflow/example_dags/example_sla_dag.py took 0.174 seconds
[2026-09-30T23:36:49.549+0000] {processor.py:153} INFO - Started process (PID=11066) to work on /home/airflow/.local/lib/python3.7/site-packages/airflow/example_dags/example_sla_dag.py
[2026-09-30T23:36:49.551+0000] {processor.py:743} INFO - Processing file /home/airflow/.local/lib/python3.7/site-packages/airflow/example_dags/example_sla_dag.py for tasks to queue
[2026-09-30T23:36:49.552+0000] {logging_mixin.py:137} INFO - [2026-09-30T23:36:49.552+0000] {dagbag.py:538} INFO - Filling up the DagBag from /home/airflow/.local/lib/python3.7/site-packages/airflow/example_dags/example_sla_dag.py
[2026-09-30T23:36:49.600+0000] {processor.py:753} INFO - DAG(s) dict_keys(['example_sla_dag']) retrieved from /home/airflow/.local/lib/python3.7/site-packages/airflow/example_dags/example_sla_dag.py
[2026-09-30T23:36:49.662+0000] {logging_mixin.py:137} INFO - [2026-09-30T23:36:49.662+0000] {dag.py:2676} INFO - Sync 1 DAGs
[2026-09-30T23:36:49.716+0000] {logging_mixin.py:137} INFO - [2026-09-30T23:36:49.715+0000] {dag.py:3427} INFO - Setting next_dagrun for example_sla_dag to 2026-09-30T23:34:00+00:00, run_after=2026-09-30T23:36:00+00:00
[2026-09-30T23:36:49.745+0000] {processor.py:175} INFO - Processing /home/airflow/.local/lib/python3.7/site-packages/airflow/example_dags/example_sla_dag.py took 0.201 seconds
[2026-09-30T23:37:19.966+0000] {processor.py:153} INFO - Started process (PID=11145) to work on /home/airflow/.local/lib/python3.7/site-packages/airflow/example_dags/example_sla_dag.py
[2026-09-30T23:37:19.967+0000] {processor.py:743} INFO - Processing file /home/airflow/.local/lib/python3.7/site-packages/airflow/example_dags/example_sla_dag.py for tasks to queue
[2026-09-30T23:37:19.968+0000] {logging_mixin.py:137} INFO - [2026-09-30T23:37:19.968+0000] {dagbag.py:538} INFO - Filling up the DagBag from /home/airflow/.local/lib/python3.7/site-packages/airflow/example_dags/example_sla_dag.py
[2026-09-30T23:37:19.998+0000] {processor.py:753} INFO - DAG(s) dict_keys(['example_sla_dag']) retrieved from /home/airflow/.local/lib/python3.7/site-packages/airflow/example_dags/example_sla_dag.py
[2026-09-30T23:37:20.047+0000] {logging_mixin.py:137} INFO - [2026-09-30T23:37:20.047+0000] {dag.py:2676} INFO - Sync 1 DAGs
[2026-09-30T23:37:20.101+0000] {logging_mixin.py:137} INFO - [2026-09-30T23:37:20.101+0000] {dag.py:3427} INFO - Setting next_dagrun for example_sla_dag to 2026-09-30T23:34:00+00:00, run_after=2026-09-30T23:36:00+00:00
[2026-09-30T23:37:20.129+0000] {processor.py:175} INFO - Processing /home/airflow/.local/lib/python3.7/site-packages/airflow/example_dags/example_sla_dag.py took 0.166 seconds
[2026-09-30T23:37:50.464+0000] {processor.py:153} INFO - Started process (PID=11224) to work on /home/airflow/.local/lib/python3.7/site-packages/airflow/example_dags/example_sla_dag.py
[2026-09-30T23:37:50.465+0000] {processor.py:743} INFO - Processing file /home/airflow/.local/lib/python3.7/site-packages/airflow/example_dags/example_sla_dag.py for tasks to queue
[2026-09-30T23:37:50.466+0000] {logging_mixin.py:137} INFO - [2026-09-30T23:37:50.466+0000] {dagbag.py:538} INFO - Filling up the DagBag from /home/airflow/.local/lib/python3.7/site-packages/airflow/example_dags/example_sla_dag.py
[2026-09-30T23:37:50.496+0000] {processor.py:753} INFO - DAG(s) dict_keys(['example_sla_dag']) retrieved from /home/airflow/.local/lib/python3.7/site-packages/airflow/example_dags/example_sla_dag.py
[2026-09-30T23:37:50.544+0000] {logging_mixin.py:137} INFO - [2026-09-30T23:37:50.544+0000] {dag.py:2676} INFO - Sync 1 DAGs
[2026-09-30T23:37:50.581+0000] {logging_mixin.py:137} INFO - [2026-09-30T23:37:50.581+0000] {dag.py:3427} INFO - Setting next_dagrun for example_sla_dag to 2026-09-30T23:34:00+00:00, run_after=2026-09-30T23:36:00+00:00
[2026-09-30T23:37:50.602+0000] {processor.py:175} INFO - Processing /home/airflow/.local/lib/python3.7/site-packages/airflow/example_dags/example_sla_dag.py took 0.143 seconds
[2026-09-30T23:38:20.750+0000] {processor.py:153} INFO - Started process (PID=11323) to work on /home/airflow/.local/lib/python3.7/site-packages/airflow/example_dags/example_sla_dag.py
[2026-09-30T23:38:20.751+0000] {processor.py:743} INFO - Processing file /home/airflow/.local/lib/python3.7/site-packages/airflow/example_dags/example_sla_dag.py for tasks to queue
[2026-09-30T23:38:20.751+0000] {logging_mixin.py:137} INFO - [2026-09-30T23:38:20.751+0000] {dagbag.py:538} INFO - Filling up the DagBag from /home/airflow/.local/lib/python3.7/site-packages/airflow/example_dags/example_sla_dag.py
[2026-09-30T23:38:20.777+0000] {processor.py:753} INFO - DAG(s) dict_keys(['example_sla_dag']) retrieved from /home/airflow/.local/lib/python3.7/site-packages/airflow/example_dags/example_sla_dag.py
[2026-09-30T23:38:20.812+0000] {logging_mixin.py:137} INFO - [2026-09-30T23:38:20.812+0000] {dag.py:2676} INFO - Sync 1 DAGs
[2026-09-30T23:38:20.836+0000] {logging_mixin.py:137} INFO - [2026-09-30T23:38:20.836+0000] {dag.py:3427} INFO - Setting next_dagrun for example_sla_dag to 2026-09-30T23:36:00+00:00, run_after=2026-09-30T23:38:00+00:00
[2026-09-30T23:38:20.853+0000] {processor.py:175} INFO - Processing /home/airflow/.local/lib/python3.7/site-packages/airflow/example_dags/example_sla_dag.py took 0.105 seconds
[2026-09-30T23:38:51.138+0000] {processor.py:153} INFO - Started process (PID=11402) to work on /home/airflow/.local/lib/python3.7/site-packages/airflow/example_dags/example_sla_dag.py
[2026-09-30T23:38:51.139+0000] {processor.py:743} INFO - Processing file /home/airflow/.local/lib/python3.7/site-packages/airflow/example_dags/example_sla_dag.py for tasks to queue
[2026-09-30T23:38:51.140+0000] {logging_mixin.py:137} INFO - [2026-09-30T23:38:51.140+0000] {dagbag.py:538} INFO - Filling up the DagBag from /home/airflow/.local/lib/python3.7/site-packages/airflow/example_dags/example_sla_dag.py
[2026-09-30T23:38:51.164+0000] {processor.py:753} INFO - DAG(s) dict_keys(['example_sla_dag']) retrieved from /home/airflow/.local/lib/python3.7/site-packages/airflow/example_dags/example_sla_dag.py
[2026-09-30T23:38:51.205+0000] {logging_mixin.py:137} INFO - [2026-09-30T23:38:51.204+0000] {dag.py:2676} INFO - Sync 1 DAGs
[2026-09-30T23:38:51.235+0000] {logging_mixin.py:137} INFO - [2026-09-30T23:38:51.235+0000] {dag.py:3427} INFO - Setting next_dagrun for example_sla_dag to 2026-09-30T23:36:00+00:00, run_after=2026-09-30T23:38:00+00:00
[2026-09-30T23:38:51.253+0000] {processor.py:175} INFO - Processing /home/airflow/.local/lib/python3.7/site-packages/airflow/example_dags/example_sla_dag.py took 0.118 seconds
[2026-09-30T23:39:21.860+0000] {processor.py:153} INFO - Started process (PID=11481) to work on /home/airflow/.local/lib/python3.7/site-packages/airflow/example_dags/example_sla_dag.py
[2026-09-30T23:39:21.861+0000] {processor.py:743} INFO - Processing file /home/airflow/.local/lib/python3.7/site-packages/airflow/example_dags/example_sla_dag.py for tasks to queue
[2026-09-30T23:39:21.861+0000] {logging_mixin.py:137} INFO - [2026-09-30T23:39:21.861+0000] {dagbag.py:538} INFO - Filling up the DagBag from /home/airflow/.local/lib/python3.7/site-packages/airflow/example_dags/example_sla_dag.py
[2026-09-30T23:39:21.904+0000] {processor.py:753} INFO - DAG(s) dict_keys(['example_sla_dag']) retrieved from /home/airflow/.local/lib/python3.7/site-packages/airflow/example_dags/example_sla_dag.py
[2026-09-30T23:39:21.959+0000] {logging_mixin.py:137} INFO - [2026-09-30T23:39:21.959+0000] {dag.py:2676} INFO - Sync 1 DAGs
[2026-09-30T23:39:21.995+0000] {logging_mixin.py:137} INFO - [2026-09-30T23:39:21.995+0000] {dag.py:3427} INFO - Setting next_dagrun for example_sla_dag to 2026-09-30T23:36:00+00:00, run_after=2026-09-30T23:38:00+00:00
[2026-09-30T23:39:22.014+0000] {processor.py:175} INFO - Processing /home/airflow/.local/lib/python3.7/site-packages/airflow/example_dags/example_sla_dag.py took 0.158 seconds
[2026-09-30T23:39:52.611+0000] {processor.py:153} INFO - Started process (PID=11569) to work on /home/airflow/.local/lib/python3.7/site-packages/airflow/example_dags/example_sla_dag.py
[2026-09-30T23:39:52.612+0000] {processor.py:743} INFO - Processing file /home/airflow/.local/lib/python3.7/site-packages/airflow/example_dags/example_sla_dag.py for tasks to queue
[2026-09-30T23:39:52.613+0000] {logging_mixin.py:137} INFO - [2026-09-30T23:39:52.613+0000] {dagbag.py:538} INFO - Filling up the DagBag from /home/airflow/.local/lib/python3.7/site-packages/airflow/example_dags/example_sla_dag.py
[2026-09-30T23:39:52.651+0000] {processor.py:753} INFO - DAG(s) dict_keys(['example_sla_dag']) retrieved from /home/airflow/.local/lib/python3.7/site-packages/airflow/example_dags/example_sla_dag.py
[2026-09-30T23:39:52.719+0000] {logging_mixin.py:137} INFO - [2026-09-30T23:39:52.719+0000] {dag.py:2676} INFO - Sync 1 DAGs
[2026-09-30T23:39:52.773+0000] {logging_mixin.py:137} INFO - [2026-09-30T23:39:52.773+0000] {dag.py:3427} INFO - Setting next_dagrun for example_sla_dag to 2026-09-30T23:36:00+00:00, run_after=2026-09-30T23:38:00+00:00
[2026-09-30T23:39:52.807+0000] {processor.py:175} INFO - Processing /home/airflow/.local/lib/python3.7/site-packages/airflow/example_dags/example_sla_dag.py took 0.201 seconds
[2026-09-30T23:40:23.284+0000] {processor.py:153} INFO - Started process (PID=11659) to work on /home/airflow/.local/lib/python3.7/site-packages/airflow/example_dags/example_sla_dag.py
[2026-09-30T23:40:23.285+0000] {processor.py:743} INFO - Processing file /home/airflow/.local/lib/python3.7/site-packages/airflow/example_dags/example_sla_dag.py for tasks to queue
[2026-09-30T23:40:23.285+0000] {logging_mixin.py:137} INFO - [2026-09-30T23:40:23.285+0000] {dagbag.py:538} INFO - Filling up the DagBag from /home/airflow/.local/lib/python3.7/site-packages/airflow/example_dags/example_sla_dag.py
[2026-09-30T23:40:23.308+0000] {processor.py:753} INFO - DAG(s) dict_keys(['example_sla_dag']) retrieved from /home/airflow/.local/lib/python3.7/site-packages/airflow/example_dags/example_sla_dag.py
[2026-09-30T23:40:23.344+0000] {logging_mixin.py:137} INFO - [2026-09-30T23:40:23.344+0000] {dag.py:2676} INFO - Sync 1 DAGs
[2026-09-30T23:40:23.370+0000] {logging_mixin.py:137} INFO - [2026-09-30T23:40:23.370+0000] {dag.py:3427} INFO - Setting next_dagrun for example_sla_dag to 2026-09-30T23:38:00+00:00, run_after=2026-09-30T23:40:00+00:00
[2026-09-30T23:40:23.388+0000] {processor.py:175} INFO - Processing /home/airflow/.local/lib/python3.7/site-packages/airflow/example_dags/example_sla_dag.py took 0.107 seconds
[2026-09-30T23:40:54.069+0000] {processor.py:153} INFO - Started process (PID=11738) to work on /home/airflow/.local/lib/python3.7/site-packages/airflow/example_dags/example_sla_dag.py
[2026-09-30T23:40:54.071+0000] {processor.py:743} INFO - Processing file /home/airflow/.local/lib/python3.7/site-packages/airflow/example_dags/example_sla_dag.py for tasks to queue
[2026-09-30T23:40:54.071+0000] {logging_mixin.py:137} INFO - [2026-09-30T23:40:54.071+0000] {dagbag.py:538} INFO - Filling up the DagBag from /home/airflow/.local/lib/python3.7/site-packages/airflow/example_dags/example_sla_dag.py
[2026-09-30T23:40:54.107+0000] {processor.py:753} INFO - DAG(s) dict_keys(['example_sla_dag']) retrieved from /home/airflow/.local/lib/python3.7/site-packages/airflow/example_dags/example_sla_dag.py
[2026-09-30T23:40:54.155+0000] {logging_mixin.py:137} INFO - [2026-09-30T23:40:54.155+0000] {dag.py:2676} INFO - Sync 1 DAGs
[2026-09-30T23:40:54.192+0000] {logging_mixin.py:137} INFO - [2026-09-30T23:40:54.192+0000] {dag.py:3427} INFO - Setting next_dagrun for example_sla_dag to 2026-09-30T23:38:00+00:00, run_after=2026-09-30T23:40:00+00:00
[2026-09-30T23:40:54.214+0000] {processor.py:175} INFO - Processing /home/airflow/.local/lib/python3.7/site-packages/airflow/example_dags/example_sla_dag.py took 0.149 seconds
[2026-09-30T23:41:24.460+0000] {processor.py:153} INFO - Started process (PID=11817) to work on /home/airflow/.local/lib/python3.7/site-packages/airflow/example_dags/example_sla_dag.py
[2026-09-30T23:41:24.461+0000] {processor.py:743} INFO - Processing file /home/airflow/.local/lib/python3.7/site-packages/airflow/example_dags/example_sla_dag.py for tasks to queue
[2026-09-30T23:41:24.462+0000] {logging_mixin.py:137} INFO - [2026-09-30T23:41:24.462+0000] {dagbag.py:538} INFO - Filling up the DagBag from /home/airflow/.local/lib/python3.7/site-packages/airflow/example_dags/example_sla_dag.py
[2026-09-30T23:41:24.509+0000] {processor.py:753} INFO - DAG(s) dict_keys(['example_sla_dag']) retrieved from /home/airflow/.local/lib/python3.7/site-packages/airflow/example_dags/example_sla_dag.py
[2026-09-30T23:41:24.568+0000] {logging_mixin.py:137} INFO - [2026-09-30T23:41:24.568+0000] {dag.py:2676} INFO - Sync 1 DAGs
[2026-09-30T23:41:24.605+0000] {logging_mixin.py:137} INFO - [2026-09-30T23:41:24.605+0000] {dag.py:3427} INFO - Setting next_dagrun for example_sla_dag to 2026-09-30T23:38:00+00:00, run_after=2026-09-30T23:40:00+00:00
[2026-09-30T23:41:24.626+0000] {processor.py:175} INFO - Processing /home/airflow/.local/lib/python3.7/site-packages/airflow/example_dags/example_sla_dag.py took 0.170 seconds
[2026-09-30T23:41:55.259+0000] {processor.py:153} INFO - Started process (PID=11916) to work on /home/airflow/.local/lib/python3.7/site-packages/airflow/example_dags/example_sla_dag.py
[2026-09-30T23:41:55.261+0000] {processor.py:743} INFO - Processing file /home/airflow/.local/lib/python3.7/site-packages/airflow/example_dags/example_sla_dag.py for tasks to queue
[2026-09-30T23:41:55.261+0000] {logging_mixin.py:137} INFO - [2026-09-30T23:41:55.261+0000] {dagbag.py:538} INFO - Filling up the DagBag from /home/airflow/.local/lib/python3.7/site-packages/airflow/example_dags/example_sla_dag.py
[2026-09-30T23:41:55.297+0000] {processor.py:753} INFO - DAG(s) dict_keys(['example_sla_dag']) retrieved from /home/airflow/.local/lib/python3.7/site-packages/airflow/example_dags/example_sla_dag.py
[2026-09-30T23:41:55.351+0000] {logging_mixin.py:137} INFO - [2026-09-30T23:41:55.350+0000] {dag.py:2676} INFO - Sync 1 DAGs
[2026-09-30T23:41:55.396+0000] {logging_mixin.py:137} INFO - [2026-09-30T23:41:55.395+0000] {dag.py:3427} INFO - Setting next_dagrun for example_sla_dag to 2026-09-30T23:38:00+00:00, run_after=2026-09-30T23:40:00+00:00
[2026-09-30T23:41:55.418+0000] {processor.py:175} INFO - Processing /home/airflow/.local/lib/python3.7/site-packages/airflow/example_dags/example_sla_dag.py took 0.162 seconds
[2026-09-30T23:42:25.990+0000] {processor.py:153} INFO - Started process (PID=11995) to work on /home/airflow/.local/lib/python3.7/site-packages/airflow/example_dags/example_sla_dag.py
[2026-09-30T23:42:25.991+0000] {processor.py:743} INFO - Processing file /home/airflow/.local/lib/python3.7/site-packages/airflow/example_dags/example_sla_dag.py for tasks to queue
[2026-09-30T23:42:25.992+0000] {logging_mixin.py:137} INFO - [2026-09-30T23:42:25.992+0000] {dagbag.py:538} INFO - Filling up the DagBag from /home/airflow/.local/lib/python3.7/site-packages/airflow/example_dags/example_sla_dag.py
[2026-09-30T23:42:26.023+0000] {processor.py:753} INFO - DAG(s) dict_keys(['example_sla_dag']) retrieved from /home/airflow/.local/lib/python3.7/site-packages/airflow/example_dags/example_sla_dag.py
[2026-09-30T23:42:26.077+0000] {logging_mixin.py:137} INFO - [2026-09-30T23:42:26.076+0000] {dag.py:2676} INFO - Sync 1 DAGs
[2026-09-30T23:42:26.113+0000] {logging_mixin.py:137} INFO - [2026-09-30T23:42:26.112+0000] {dag.py:3427} INFO - Setting next_dagrun for example_sla_dag to 2026-09-30T23:40:00+00:00, run_after=2026-09-30T23:42:00+00:00
[2026-09-30T23:42:26.132+0000] {processor.py:175} INFO - Processing /home/airflow/.local/lib/python3.7/site-packages/airflow/example_dags/example_sla_dag.py took 0.147 seconds
[2026-09-30T23:42:56.712+0000] {processor.py:153} INFO - Started process (PID=12074) to work on /home/airflow/.local/lib/python3.7/site-packages/airflow/example_dags/example_sla_dag.py
[2026-09-30T23:42:56.713+0000] {processor.py:743} INFO - Processing file /home/airflow/.local/lib/python3.7/site-packages/airflow/example_dags/example_sla_dag.py for tasks to queue
[2026-09-30T23:42:56.714+0000] {logging_mixin.py:137} INFO - [2026-09-30T23:42:56.714+0000] {dagbag.py:538} INFO - Filling up the DagBag from /home/airflow/.local/lib/python3.7/site-packages/airflow/example_dags/example_sla_dag.py
[2026-09-30T23:42:56.745+0000] {processor.py:753} INFO - DAG(s) dict_keys(['example_sla_dag']) retrieved from /home/airflow/.local/lib/python3.7/site-packages/airflow/example_dags/example_sla_dag.py
[2026-09-30T23:42:56.791+0000] {logging_mixin.py:137} INFO - [2026-09-30T23:42:56.791+0000] {dag.py:2676} INFO - Sync 1 DAGs
[2026-09-30T23:42:56.826+0000] {logging_mixin.py:137} INFO - [2026-09-30T23:42:56.826+0000] {dag.py:3427} INFO - Setting next_dagrun for example_sla_dag to 2026-09-30T23:40:00+00:00, run_after=2026-09-30T23:42:00+00:00
[2026-09-30T23:42:56.848+0000] {processor.py:175} INFO - Processing /home/airflow/.local/lib/python3.7/site-packages/airflow/example_dags/example_sla_dag.py took 0.140 seconds
[2026-09-30T23:43:27.035+0000] {processor.py:153} INFO - Started process (PID=12159) to work on /home/airflow/.local/lib/python3.7/site-packages/airflow/example_dags/example_sla_dag.py
[2026-09-30T23:43:27.036+0000] {processor.py:743} INFO - Processing file /home/airflow/.local/lib/python3.7/site-packages/airflow/example_dags/example_sla_dag.py for tasks to queue
[2026-09-30T23:43:27.036+0000] {logging_mixin.py:137} INFO - [2026-09-30T23:43:27.036+0000] {dagbag.py:538} INFO - Filling up the DagBag from /home/airflow/.local/lib/python3.7/site-packages/airflow/example_dags/example_sla_dag.py
[2026-09-30T23:43:27.074+0000] {processor.py:753} INFO - DAG(s) dict_keys(['example_sla_dag']) retrieved from /home/airflow/.local/lib/python3.7/site-packages/airflow/example_dags/example_sla_dag.py
[2026-09-30T23:43:27.131+0000] {logging_mixin.py:137} INFO - [2026-09-30T23:43:27.130+0000] {dag.py:2676} INFO - Sync 1 DAGs
[2026-09-30T23:43:27.171+0000] {logging_mixin.py:137} INFO - [2026-09-30T23:43:27.171+0000] {dag.py:3427} INFO - Setting next_dagrun for example_sla_dag to 2026-09-30T23:40:00+00:00, run_after=2026-09-30T23:42:00+00:00
[2026-09-30T23:43:27.196+0000] {processor.py:175} INFO - Processing /home/airflow/.local/lib/python3.7/site-packages/airflow/example_dags/example_sla_dag.py took 0.165 seconds
[2026-09-30T23:43:57.439+0000] {processor.py:153} INFO - Started process (PID=12251) to work on /home/airflow/.local/lib/python3.7/site-packages/airflow/example_dags/example_sla_dag.py
[2026-09-30T23:43:57.440+0000] {processor.py:743} INFO - Processing file /home/airflow/.local/lib/python3.7/site-packages/airflow/example_dags/example_sla_dag.py for tasks to queue
[2026-09-30T23:43:57.441+0000] {logging_mixin.py:137} INFO - [2026-09-30T23:43:57.441+0000] {dagbag.py:538} INFO - Filling up the DagBag from /home/airflow/.local/lib/python3.7/site-packages/airflow/example_dags/example_sla_dag.py
[2026-09-30T23:43:57.470+0000] {processor.py:753} INFO - DAG(s) dict_keys(['example_sla_dag']) retrieved from /home/airflow/.local/lib/python3.7/site-packages/airflow/example_dags/example_sla_dag.py
[2026-09-30T23:43:57.521+0000] {logging_mixin.py:137} INFO - [2026-09-30T23:43:57.521+0000] {dag.py:2676} INFO - Sync 1 DAGs
[2026-09-30T23:43:57.557+0000] {logging_mixin.py:137} INFO - [2026-09-30T23:43:57.557+0000] {dag.py:3427} INFO - Setting next_dagrun for example_sla_dag to 2026-09-30T23:40:00+00:00, run_after=2026-09-30T23:42:00+00:00
[2026-09-30T23:43:57.578+0000] {processor.py:175} INFO - Processing /home/airflow/.local/lib/python3.7/site-packages/airflow/example_dags/example_sla_dag.py took 0.143 seconds
[2026-09-30T23:44:27.771+0000] {processor.py:153} INFO - Started process (PID=12330) to work on /home/airflow/.local/lib/python3.7/site-packages/airflow/example_dags/example_sla_dag.py
[2026-09-30T23:44:27.772+0000] {processor.py:743} INFO - Processing file /home/airflow/.local/lib/python3.7/site-packages/airflow/example_dags/example_sla_dag.py for tasks to queue
[2026-09-30T23:44:27.772+0000] {logging_mixin.py:137} INFO - [2026-09-30T23:44:27.772+0000] {dagbag.py:538} INFO - Filling up the DagBag from /home/airflow/.local/lib/python3.7/site-packages/airflow/example_dags/example_sla_dag.py
[2026-09-30T23:44:27.807+0000] {processor.py:753} INFO - DAG(s) dict_keys(['example_sla_dag']) retrieved from /home/airflow/.local/lib/python3.7/site-packages/airflow/example_dags/example_sla_dag.py
[2026-09-30T23:44:27.858+0000] {logging_mixin.py:137} INFO - [2026-09-30T23:44:27.857+0000] {dag.py:2676} INFO - Sync 1 DAGs
[2026-09-30T23:44:27.898+0000] {logging_mixin.py:137} INFO - [2026-09-30T23:44:27.897+0000] {dag.py:3427} INFO - Setting next_dagrun for example_sla_dag to 2026-09-30T23:42:00+00:00, run_after=2026-09-30T23:44:00+00:00
[2026-09-30T23:44:27.930+0000] {processor.py:175} INFO - Processing /home/airflow/.local/lib/python3.7/site-packages/airflow/example_dags/example_sla_dag.py took 0.163 seconds
[2026-09-30T23:44:58.119+0000] {processor.py:153} INFO - Started process (PID=12409) to work on /home/airflow/.local/lib/python3.7/site-packages/airflow/example_dags/example_sla_dag.py
[2026-09-30T23:44:58.120+0000] {processor.py:743} INFO - Processing file /home/airflow/.local/lib/python3.7/site-packages/airflow/example_dags/example_sla_dag.py for tasks to queue
[2026-09-30T23:44:58.121+0000] {logging_mixin.py:137} INFO - [2026-09-30T23:44:58.121+0000] {dagbag.py:538} INFO - Filling up the DagBag from /home/airflow/.local/lib/python3.7/site-packages/airflow/example_dags/example_sla_dag.py
[2026-09-30T23:44:58.158+0000] {processor.py:753} INFO - DAG(s) dict_keys(['example_sla_dag']) retrieved from /home/airflow/.local/lib/python3.7/site-packages/airflow/example_dags/example_sla_dag.py
[2026-09-30T23:44:58.208+0000] {logging_mixin.py:137} INFO - [2026-09-30T23:44:58.208+0000] {dag.py:2676} INFO - Sync 1 DAGs
[2026-09-30T23:44:58.247+0000] {logging_mixin.py:137} INFO - [2026-09-30T23:44:58.247+0000] {dag.py:3427} INFO - Setting next_dagrun for example_sla_dag to 2026-09-30T23:42:00+00:00, run_after=2026-09-30T23:44:00+00:00
[2026-09-30T23:44:58.267+0000] {processor.py:175} INFO - Processing /home/airflow/.local/lib/python3.7/site-packages/airflow/example_dags/example_sla_dag.py took 0.153 seconds
[2026-09-30T23:45:29.320+0000] {processor.py:153} INFO - Started process (PID=12508) to work on /home/airflow/.local/lib/python3.7/site-packages/airflow/example_dags/example_sla_dag.py
[2026-09-30T23:45:29.322+0000] {processor.py:743} INFO - Processing file /home/airflow/.local/lib/python3.7/site-packages/airflow/example_dags/example_sla_dag.py for tasks to queue
[2026-09-30T23:45:29.323+0000] {logging_mixin.py:137} INFO - [2026-09-30T23:45:29.322+0000] {dagbag.py:538} INFO - Filling up the DagBag from /home/airflow/.local/lib/python3.7/site-packages/airflow/example_dags/example_sla_dag.py
[2026-09-30T23:45:29.376+0000] {processor.py:753} INFO - DAG(s) dict_keys(['example_sla_dag']) retrieved from /home/airflow/.local/lib/python3.7/site-packages/airflow/example_dags/example_sla_dag.py
[2026-09-30T23:45:29.429+0000] {logging_mixin.py:137} INFO - [2026-09-30T23:45:29.428+0000] {dag.py:2676} INFO - Sync 1 DAGs
[2026-09-30T23:45:29.475+0000] {logging_mixin.py:137} INFO - [2026-09-30T23:45:29.474+0000] {dag.py:3427} INFO - Setting next_dagrun for example_sla_dag to 2026-09-30T23:42:00+00:00, run_after=2026-09-30T23:44:00+00:00
[2026-09-30T23:45:29.503+0000] {processor.py:175} INFO - Processing /home/airflow/.local/lib/python3.7/site-packages/airflow/example_dags/example_sla_dag.py took 0.188 seconds
[2026-09-30T23:45:59.622+0000] {processor.py:153} INFO - Started process (PID=12587) to work on /home/airflow/.local/lib/python3.7/site-packages/airflow/example_dags/example_sla_dag.py
[2026-09-30T23:45:59.623+0000] {processor.py:743} INFO - Processing file /home/airflow/.local/lib/python3.7/site-packages/airflow/example_dags/example_sla_dag.py for tasks to queue
[2026-09-30T23:45:59.624+0000] {logging_mixin.py:137} INFO - [2026-09-30T23:45:59.624+0000] {dagbag.py:538} INFO - Filling up the DagBag from /home/airflow/.local/lib/python3.7/site-packages/airflow/example_dags/example_sla_dag.py
[2026-09-30T23:45:59.654+0000] {processor.py:753} INFO - DAG(s) dict_keys(['example_sla_dag']) retrieved from /home/airflow/.local/lib/python3.7/site-packages/airflow/example_dags/example_sla_dag.py
[2026-09-30T23:45:59.703+0000] {logging_mixin.py:137} INFO - [2026-09-30T23:45:59.703+0000] {dag.py:2676} INFO - Sync 1 DAGs
[2026-09-30T23:45:59.740+0000] {logging_mixin.py:137} INFO - [2026-09-30T23:45:59.740+0000] {dag.py:3427} INFO - Setting next_dagrun for example_sla_dag to 2026-09-30T23:42:00+00:00, run_after=2026-09-30T23:44:00+00:00
[2026-09-30T23:45:59.764+0000] {processor.py:175} INFO - Processing /home/airflow/.local/lib/python3.7/site-packages/airflow/example_dags/example_sla_dag.py took 0.148 seconds
[2026-09-30T23:46:30.072+0000] {processor.py:153} INFO - Started process (PID=12666) to work on /home/airflow/.local/lib/python3.7/site-packages/airflow/example_dags/example_sla_dag.py
[2026-09-30T23:46:30.073+0000] {processor.py:743} INFO - Processing file /home/airflow/.local/lib/python3.7/site-packages/airflow/example_dags/example_sla_dag.py for tasks to queue
[2026-09-30T23:46:30.074+0000] {logging_mixin.py:137} INFO - [2026-09-30T23:46:30.074+0000] {dagbag.py:538} INFO - Filling up the DagBag from /home/airflow/.local/lib/python3.7/site-packages/airflow/example_dags/example_sla_dag.py
[2026-09-30T23:46:30.109+0000] {processor.py:753} INFO - DAG(s) dict_keys(['example_sla_dag']) retrieved from /home/airflow/.local/lib/python3.7/site-packages/airflow/example_dags/example_sla_dag.py
[2026-09-30T23:46:30.155+0000] {logging_mixin.py:137} INFO - [2026-09-30T23:46:30.155+0000] {dag.py:2676} INFO - Sync 1 DAGs
[2026-09-30T23:46:30.200+0000] {logging_mixin.py:137} INFO - [2026-09-30T23:46:30.200+0000] {dag.py:3427} INFO - Setting next_dagrun for example_sla_dag to 2026-09-30T23:44:00+00:00, run_after=2026-09-30T23:46:00+00:00
[2026-09-30T23:46:30.220+0000] {processor.py:175} INFO - Processing /home/airflow/.local/lib/python3.7/site-packages/airflow/example_dags/example_sla_dag.py took 0.154 seconds
[2026-09-30T23:47:00.663+0000] {processor.py:153} INFO - Started process (PID=12745) to work on /home/airflow/.local/lib/python3.7/site-packages/airflow/example_dags/example_sla_dag.py
[2026-09-30T23:47:00.664+0000] {processor.py:743} INFO - Processing file /home/airflow/.local/lib/python3.7/site-packages/airflow/example_dags/example_sla_dag.py for tasks to queue
[2026-09-30T23:47:00.666+0000] {logging_mixin.py:137} INFO - [2026-09-30T23:47:00.665+0000] {dagbag.py:538} INFO - Filling up the DagBag from /home/airflow/.local/lib/python3.7/site-packages/airflow/example_dags/example_sla_dag.py
[2026-09-30T23:47:00.712+0000] {processor.py:753} INFO - DAG(s) dict_keys(['example_sla_dag']) retrieved from /home/airflow/.local/lib/python3.7/site-packages/airflow/example_dags/example_sla_dag.py
[2026-09-30T23:47:00.764+0000] {logging_mixin.py:137} INFO - [2026-09-30T23:47:00.764+0000] {dag.py:2676} INFO - Sync 1 DAGs
[2026-09-30T23:47:00.798+0000] {logging_mixin.py:137} INFO - [2026-09-30T23:47:00.798+0000] {dag.py:3427} INFO - Setting next_dagrun for example_sla_dag to 2026-09-30T23:44:00+00:00, run_after=2026-09-30T23:46:00+00:00
[2026-09-30T23:47:00.818+0000] {processor.py:175} INFO - Processing /home/airflow/.local/lib/python3.7/site-packages/airflow/example_dags/example_sla_dag.py took 0.161 seconds
[2026-09-30T23:47:31.478+0000] {processor.py:153} INFO - Started process (PID=12844) to work on /home/airflow/.local/lib/python3.7/site-packages/airflow/example_dags/example_sla_dag.py
[2026-09-30T23:47:31.479+0000] {processor.py:743} INFO - Processing file /home/airflow/.local/lib/python3.7/site-packages/airflow/example_dags/example_sla_dag.py for tasks to queue
[2026-09-30T23:47:31.480+0000] {logging_mixin.py:137} INFO - [2026-09-30T23:47:31.480+0000] {dagbag.py:538} INFO - Filling up the DagBag from /home/airflow/.local/lib/python3.7/site-packages/airflow/example_dags/example_sla_dag.py
[2026-09-30T23:47:31.514+0000] {processor.py:753} INFO - DAG(s) dict_keys(['example_sla_dag']) retrieved from /home/airflow/.local/lib/python3.7/site-packages/airflow/example_dags/example_sla_dag.py
[2026-09-30T23:47:31.569+0000] {logging_mixin.py:137} INFO - [2026-09-30T23:47:31.568+0000] {dag.py:2676} INFO - Sync 1 DAGs
[2026-09-30T23:47:31.606+0000] {logging_mixin.py:137} INFO - [2026-09-30T23:47:31.605+0000] {dag.py:3427} INFO - Setting next_dagrun for example_sla_dag to 2026-09-30T23:44:00+00:00, run_after=2026-09-30T23:46:00+00:00
[2026-09-30T23:47:31.624+0000] {processor.py:175} INFO - Processing /home/airflow/.local/lib/python3.7/site-packages/airflow/example_dags/example_sla_dag.py took 0.151 seconds
[2026-09-30T23:48:02.229+0000] {processor.py:153} INFO - Started process (PID=12923) to work on /home/airflow/.local/lib/python3.7/site-packages/airflow/example_dags/example_sla_dag.py
[2026-09-30T23:48:02.231+0000] {processor.py:743} INFO - Processing file /home/airflow/.local/lib/python3.7/site-packages/airflow/example_dags/example_sla_dag.py for tasks to queue
[2026-09-30T23:48:02.232+0000] {logging_mixin.py:137} INFO - [2026-09-30T23:48:02.232+0000] {dagbag.py:538} INFO - Filling up the DagBag from /home/airflow/.local/lib/python3.7/site-packages/airflow/example_dags/example_sla_dag.py
[2026-09-30T23:48:02.262+0000] {processor.py:753} INFO - DAG(s) dict_keys(['example_sla_dag']) retrieved from /home/airflow/.local/lib/python3.7/site-packages/airflow/example_dags/example_sla_dag.py
[2026-09-30T23:48:02.308+0000] {logging_mixin.py:137} INFO - [2026-09-30T23:48:02.308+0000] {dag.py:2676} INFO - Sync 1 DAGs
[2026-09-30T23:48:02.341+0000] {logging_mixin.py:137} INFO - [2026-09-30T23:48:02.341+0000] {dag.py:3427} INFO - Setting next_dagrun for example_sla_dag to 2026-09-30T23:46:00+00:00, run_after=2026-09-30T23:48:00+00:00
[2026-09-30T23:48:02.362+0000] {processor.py:175} INFO - Processing /home/airflow/.local/lib/python3.7/site-packages/airflow/example_dags/example_sla_dag.py took 0.138 seconds
[2026-09-30T23:48:32.875+0000] {processor.py:153} INFO - Started process (PID=13002) to work on /home/airflow/.local/lib/python3.7/site-packages/airflow/example_dags/example_sla_dag.py
[2026-09-30T23:48:32.876+0000] {processor.py:743} INFO - Processing file /home/airflow/.local/lib/python3.7/site-packages/airflow/example_dags/example_sla_dag.py for tasks to queue
[2026-09-30T23:48:32.877+0000] {logging_mixin.py:137} INFO - [2026-09-30T23:48:32.877+0000] {dagbag.py:538} INFO - Filling up the DagBag from /home/airflow/.local/lib/python3.7/site-packages/airflow/example_dags/example_sla_dag.py
[2026-09-30T23:48:32.911+0000] {processor.py:753} INFO - DAG(s) dict_keys(['example_sla_dag']) retrieved from /home/airflow/.local/lib/python3.7/site-packages/airflow/example_dags/example_sla_dag.py
[2026-09-30T23:48:32.965+0000] {logging_mixin.py:137} INFO - [2026-09-30T23:48:32.965+0000] {dag.py:2676} INFO - Sync 1 DAGs
[2026-09-30T23:48:33.009+0000] {logging_mixin.py:137} INFO - [2026-09-30T23:48:33.009+0000] {dag.py:3427} INFO - Setting next_dagrun for example_sla_dag to 2026-09-30T23:46:00+00:00, run_after=2026-09-30T23:48:00+00:00
[2026-09-30T23:48:33.038+0000] {processor.py:175} INFO - Processing /home/airflow/.local/lib/python3.7/site-packages/airflow/example_dags/example_sla_dag.py took 0.168 seconds
[2026-09-30T23:49:03.730+0000] {processor.py:153} INFO - Started process (PID=13090) to work on /home/airflow/.local/lib/python3.7/site-packages/airflow/example_dags/example_sla_dag.py
[2026-09-30T23:49:03.731+0000] {processor.py:743} INFO - Processing file /home/airflow/.local/lib/python3.7/site-packages/airflow/example_dags/example_sla_dag.py for tasks to queue
[2026-09-30T23:49:03.732+0000] {logging_mixin.py:137} INFO - [2026-09-30T23:49:03.732+0000] {dagbag.py:538} INFO - Filling up the DagBag from /home/airflow/.local/lib/python3.7/site-packages/airflow/example_dags/example_sla_dag.py
[2026-09-30T23:49:03.768+0000] {processor.py:753} INFO - DAG(s) dict_keys(['example_sla_dag']) retrieved from /home/airflow/.local/lib/python3.7/site-packages/airflow/example_dags/example_sla_dag.py
[2026-09-30T23:49:03.817+0000] {logging_mixin.py:137} INFO - [2026-09-30T23:49:03.817+0000] {dag.py:2676} INFO - Sync 1 DAGs
[2026-09-30T23:49:03.853+0000] {logging_mixin.py:137} INFO - [2026-09-30T23:49:03.853+0000] {dag.py:3427} INFO - Setting next_dagrun for example_sla_dag to 2026-09-30T23:46:00+00:00, run_after=2026-09-30T23:48:00+00:00
[2026-09-30T23:49:03.873+0000] {processor.py:175} INFO - Processing /home/airflow/.local/lib/python3.7/site-packages/airflow/example_dags/example_sla_dag.py took 0.147 seconds
[2026-09-30T23:49:34.353+0000] {processor.py:153} INFO - Started process (PID=13180) to work on /home/airflow/.local/lib/python3.7/site-packages/airflow/example_dags/example_sla_dag.py
[2026-09-30T23:49:34.354+0000] {processor.py:743} INFO - Processing file /home/airflow/.local/lib/python3.7/site-packages/airflow/example_dags/example_sla_dag.py for tasks to queue
[2026-09-30T23:49:34.355+0000] {logging_mixin.py:137} INFO - [2026-09-30T23:49:34.354+0000] {dagbag.py:538} INFO - Filling up the DagBag from /home/airflow/.local/lib/python3.7/site-packages/airflow/example_dags/example_sla_dag.py
[2026-09-30T23:49:34.385+0000] {processor.py:753} INFO - DAG(s) dict_keys(['example_sla_dag']) retrieved from /home/airflow/.local/lib/python3.7/site-packages/airflow/example_dags/example_sla_dag.py
[2026-09-30T23:49:34.442+0000] {logging_mixin.py:137} INFO - [2026-09-30T23:49:34.441+0000] {dag.py:2676} INFO - Sync 1 DAGs
[2026-09-30T23:49:34.487+0000] {logging_mixin.py:137} INFO - [2026-09-30T23:49:34.487+0000] {dag.py:3427} INFO - Setting next_dagrun for example_sla_dag to 2026-09-30T23:46:00+00:00, run_after=2026-09-30T23:48:00+00:00
[2026-09-30T23:49:34.507+0000] {processor.py:175} INFO - Processing /home/airflow/.local/lib/python3.7/site-packages/airflow/example_dags/example_sla_dag.py took 0.159 seconds
[2026-09-30T23:50:04.723+0000] {processor.py:153} INFO - Started process (PID=13259) to work on /home/airflow/.local/lib/python3.7/site-packages/airflow/example_dags/example_sla_dag.py
[2026-09-30T23:50:04.725+0000] {processor.py:743} INFO - Processing file /home/airflow/.local/lib/python3.7/site-packages/airflow/example_dags/example_sla_dag.py for tasks to queue
[2026-09-30T23:50:04.725+0000] {logging_mixin.py:137} INFO - [2026-09-30T23:50:04.725+0000] {dagbag.py:538} INFO - Filling up the DagBag from /home/airflow/.local/lib/python3.7/site-packages/airflow/example_dags/example_sla_dag.py
[2026-09-30T23:50:04.756+0000] {processor.py:753} INFO - DAG(s) dict_keys(['example_sla_dag']) retrieved from /home/airflow/.local/lib/python3.7/site-packages/airflow/example_dags/example_sla_dag.py
[2026-09-30T23:50:04.812+0000] {logging_mixin.py:137} INFO - [2026-09-30T23:50:04.812+0000] {dag.py:2676} INFO - Sync 1 DAGs
[2026-09-30T23:50:04.865+0000] {logging_mixin.py:137} INFO - [2026-09-30T23:50:04.865+0000] {dag.py:3427} INFO - Setting next_dagrun for example_sla_dag to 2026-09-30T23:48:00+00:00, run_after=2026-09-30T23:50:00+00:00
[2026-09-30T23:50:04.889+0000] {processor.py:175} INFO - Processing /home/airflow/.local/lib/python3.7/site-packages/airflow/example_dags/example_sla_dag.py took 0.169 seconds
[2026-09-30T23:50:35.868+0000] {processor.py:153} INFO - Started process (PID=13338) to work on /home/airflow/.local/lib/python3.7/site-packages/airflow/example_dags/example_sla_dag.py
[2026-09-30T23:50:35.869+0000] {processor.py:743} INFO - Processing file /home/airflow/.local/lib/python3.7/site-packages/airflow/example_dags/example_sla_dag.py for tasks to queue
[2026-09-30T23:50:35.870+0000] {logging_mixin.py:137} INFO - [2026-09-30T23:50:35.869+0000] {dagbag.py:538} INFO - Filling up the DagBag from /home/airflow/.local/lib/python3.7/site-packages/airflow/example_dags/example_sla_dag.py
[2026-09-30T23:50:35.899+0000] {processor.py:753} INFO - DAG(s) dict_keys(['example_sla_dag']) retrieved from /home/airflow/.local/lib/python3.7/site-packages/airflow/example_dags/example_sla_dag.py
[2026-09-30T23:50:35.949+0000] {logging_mixin.py:137} INFO - [2026-09-30T23:50:35.948+0000] {dag.py:2676} INFO - Sync 1 DAGs
[2026-09-30T23:50:35.989+0000] {logging_mixin.py:137} INFO - [2026-09-30T23:50:35.989+0000] {dag.py:3427} INFO - Setting next_dagrun for example_sla_dag to 2026-09-30T23:48:00+00:00, run_after=2026-09-30T23:50:00+00:00
[2026-09-30T23:50:36.009+0000] {processor.py:175} INFO - Processing /home/airflow/.local/lib/python3.7/site-packages/airflow/example_dags/example_sla_dag.py took 0.144 seconds
[2026-09-30T23:51:06.208+0000] {processor.py:153} INFO - Started process (PID=13437) to work on /home/airflow/.local/lib/python3.7/site-packages/airflow/example_dags/example_sla_dag.py
[2026-09-30T23:51:06.209+0000] {processor.py:743} INFO - Processing file /home/airflow/.local/lib/python3.7/site-packages/airflow/example_dags/example_sla_dag.py for tasks to queue
[2026-09-30T23:51:06.210+0000] {logging_mixin.py:137} INFO - [2026-09-30T23:51:06.210+0000] {dagbag.py:538} INFO - Filling up the DagBag from /home/airflow/.local/lib/python3.7/site-packages/airflow/example_dags/example_sla_dag.py
[2026-09-30T23:51:06.241+0000] {processor.py:753} INFO - DAG(s) dict_keys(['example_sla_dag']) retrieved from /home/airflow/.local/lib/python3.7/site-packages/airflow/example_dags/example_sla_dag.py
[2026-09-30T23:51:06.289+0000] {logging_mixin.py:137} INFO - [2026-09-30T23:51:06.289+0000] {dag.py:2676} INFO - Sync 1 DAGs
[2026-09-30T23:51:06.331+0000] {logging_mixin.py:137} INFO - [2026-09-30T23:51:06.331+0000] {dag.py:3427} INFO - Setting next_dagrun for example_sla_dag to 2026-09-30T23:48:00+00:00, run_after=2026-09-30T23:50:00+00:00
[2026-09-30T23:51:06.358+0000] {processor.py:175} INFO - Processing /home/airflow/.local/lib/python3.7/site-packages/airflow/example_dags/example_sla_dag.py took 0.153 seconds
[2026-09-30T23:51:36.652+0000] {processor.py:153} INFO - Started process (PID=13516) to work on /home/airflow/.local/lib/python3.7/site-packages/airflow/example_dags/example_sla_dag.py
[2026-09-30T23:51:36.653+0000] {processor.py:743} INFO - Processing file /home/airflow/.local/lib/python3.7/site-packages/airflow/example_dags/example_sla_dag.py for tasks to queue
[2026-09-30T23:51:36.654+0000] {logging_mixin.py:137} INFO - [2026-09-30T23:51:36.654+0000] {dagbag.py:538} INFO - Filling up the DagBag from /home/airflow/.local/lib/python3.7/site-packages/airflow/example_dags/example_sla_dag.py
[2026-09-30T23:51:36.685+0000] {processor.py:753} INFO - DAG(s) dict_keys(['example_sla_dag']) retrieved from /home/airflow/.local/lib/python3.7/site-packages/airflow/example_dags/example_sla_dag.py
[2026-09-30T23:51:36.735+0000] {logging_mixin.py:137} INFO - [2026-09-30T23:51:36.735+0000] {dag.py:2676} INFO - Sync 1 DAGs
[2026-09-30T23:51:36.777+0000] {logging_mixin.py:137} INFO - [2026-09-30T23:51:36.777+0000] {dag.py:3427} INFO - Setting next_dagrun for example_sla_dag to 2026-09-30T23:48:00+00:00, run_after=2026-09-30T23:50:00+00:00
[2026-09-30T23:51:36.807+0000] {processor.py:175} INFO - Processing /home/airflow/.local/lib/python3.7/site-packages/airflow/example_dags/example_sla_dag.py took 0.160 seconds
[2026-09-30T23:52:07.708+0000] {processor.py:153} INFO - Started process (PID=13596) to work on /home/airflow/.local/lib/python3.7/site-packages/airflow/example_dags/example_sla_dag.py
[2026-09-30T23:52:07.710+0000] {processor.py:743} INFO - Processing file /home/airflow/.local/lib/python3.7/site-packages/airflow/example_dags/example_sla_dag.py for tasks to queue
[2026-09-30T23:52:07.710+0000] {logging_mixin.py:137} INFO - [2026-09-30T23:52:07.710+0000] {dagbag.py:538} INFO - Filling up the DagBag from /home/airflow/.local/lib/python3.7/site-packages/airflow/example_dags/example_sla_dag.py
[2026-09-30T23:52:07.744+0000] {processor.py:753} INFO - DAG(s) dict_keys(['example_sla_dag']) retrieved from /home/airflow/.local/lib/python3.7/site-packages/airflow/example_dags/example_sla_dag.py
[2026-09-30T23:52:07.795+0000] {logging_mixin.py:137} INFO - [2026-09-30T23:52:07.794+0000] {dag.py:2676} INFO - Sync 1 DAGs
[2026-09-30T23:52:07.833+0000] {logging_mixin.py:137} INFO - [2026-09-30T23:52:07.833+0000] {dag.py:3427} INFO - Setting next_dagrun for example_sla_dag to 2026-09-30T23:50:00+00:00, run_after=2026-09-30T23:52:00+00:00
[2026-09-30T23:52:07.858+0000] {processor.py:175} INFO - Processing /home/airflow/.local/lib/python3.7/site-packages/airflow/example_dags/example_sla_dag.py took 0.153 seconds
[2026-09-30T23:52:38.356+0000] {processor.py:153} INFO - Started process (PID=13695) to work on /home/airflow/.local/lib/python3.7/site-packages/airflow/example_dags/example_sla_dag.py
[2026-09-30T23:52:38.357+0000] {processor.py:743} INFO - Processing file /home/airflow/.local/lib/python3.7/site-packages/airflow/example_dags/example_sla_dag.py for tasks to queue
[2026-09-30T23:52:38.358+0000] {logging_mixin.py:137} INFO - [2026-09-30T23:52:38.358+0000] {dagbag.py:538} INFO - Filling up the DagBag from /home/airflow/.local/lib/python3.7/site-packages/airflow/example_dags/example_sla_dag.py
[2026-09-30T23:52:38.395+0000] {processor.py:753} INFO - DAG(s) dict_keys(['example_sla_dag']) retrieved from /home/airflow/.local/lib/python3.7/site-packages/airflow/example_dags/example_sla_dag.py
[2026-09-30T23:52:38.447+0000] {logging_mixin.py:137} INFO - [2026-09-30T23:52:38.447+0000] {dag.py:2676} INFO - Sync 1 DAGs
[2026-09-30T23:52:38.495+0000] {logging_mixin.py:137} INFO - [2026-09-30T23:52:38.495+0000] {dag.py:3427} INFO - Setting next_dagrun for example_sla_dag to 2026-09-30T23:50:00+00:00, run_after=2026-09-30T23:52:00+00:00
[2026-09-30T23:52:38.517+0000] {processor.py:175} INFO - Processing /home/airflow/.local/lib/python3.7/site-packages/airflow/example_dags/example_sla_dag.py took 0.167 seconds
[2026-09-30T23:53:09.350+0000] {processor.py:153} INFO - Started process (PID=13774) to work on /home/airflow/.local/lib/python3.7/site-packages/airflow/example_dags/example_sla_dag.py
[2026-09-30T23:53:09.351+0000] {processor.py:743} INFO - Processing file /home/airflow/.local/lib/python3.7/site-packages/airflow/example_dags/example_sla_dag.py for tasks to queue
[2026-09-30T23:53:09.352+0000] {logging_mixin.py:137} INFO - [2026-09-30T23:53:09.352+0000] {dagbag.py:538} INFO - Filling up the DagBag from /home/airflow/.local/lib/python3.7/site-packages/airflow/example_dags/example_sla_dag.py
[2026-09-30T23:53:09.388+0000] {processor.py:753} INFO - DAG(s) dict_keys(['example_sla_dag']) retrieved from /home/airflow/.local/lib/python3.7/site-packages/airflow/example_dags/example_sla_dag.py
[2026-09-30T23:53:09.453+0000] {logging_mixin.py:137} INFO - [2026-09-30T23:53:09.453+0000] {dag.py:2676} INFO - Sync 1 DAGs
[2026-09-30T23:53:09.507+0000] {logging_mixin.py:137} INFO - [2026-09-30T23:53:09.507+0000] {dag.py:3427} INFO - Setting next_dagrun for example_sla_dag to 2026-09-30T23:50:00+00:00, run_after=2026-09-30T23:52:00+00:00
[2026-09-30T23:53:09.531+0000] {processor.py:175} INFO - Processing /home/airflow/.local/lib/python3.7/site-packages/airflow/example_dags/example_sla_dag.py took 0.187 seconds
[2026-09-30T23:53:39.965+0000] {processor.py:153} INFO - Started process (PID=13853) to work on /home/airflow/.local/lib/python3.7/site-packages/airflow/example_dags/example_sla_dag.py
[2026-09-30T23:53:39.967+0000] {processor.py:743} INFO - Processing file /home/airflow/.local/lib/python3.7/site-packages/airflow/example_dags/example_sla_dag.py for tasks to queue
[2026-09-30T23:53:39.967+0000] {logging_mixin.py:137} INFO - [2026-09-30T23:53:39.967+0000] {dagbag.py:538} INFO - Filling up the DagBag from /home/airflow/.local/lib/python3.7/site-packages/airflow/example_dags/example_sla_dag.py
[2026-09-30T23:53:40.001+0000] {processor.py:753} INFO - DAG(s) dict_keys(['example_sla_dag']) retrieved from /home/airflow/.local/lib/python3.7/site-packages/airflow/example_dags/example_sla_dag.py
[2026-09-30T23:53:40.069+0000] {logging_mixin.py:137} INFO - [2026-09-30T23:53:40.069+0000] {dag.py:2676} INFO - Sync 1 DAGs
[2026-09-30T23:53:40.116+0000] {logging_mixin.py:137} INFO - [2026-09-30T23:53:40.115+0000] {dag.py:3427} INFO - Setting next_dagrun for example_sla_dag to 2026-09-30T23:50:00+00:00, run_after=2026-09-30T23:52:00+00:00
[2026-09-30T23:53:40.136+0000] {processor.py:175} INFO - Processing /home/airflow/.local/lib/python3.7/site-packages/airflow/example_dags/example_sla_dag.py took 0.175 seconds
[2026-09-30T23:54:11.167+0000] {processor.py:153} INFO - Started process (PID=13941) to work on /home/airflow/.local/lib/python3.7/site-packages/airflow/example_dags/example_sla_dag.py
[2026-09-30T23:54:11.168+0000] {processor.py:743} INFO - Processing file /home/airflow/.local/lib/python3.7/site-packages/airflow/example_dags/example_sla_dag.py for tasks to queue
[2026-09-30T23:54:11.169+0000] {logging_mixin.py:137} INFO - [2026-09-30T23:54:11.169+0000] {dagbag.py:538} INFO - Filling up the DagBag from /home/airflow/.local/lib/python3.7/site-packages/airflow/example_dags/example_sla_dag.py
[2026-09-30T23:54:11.200+0000] {processor.py:753} INFO - DAG(s) dict_keys(['example_sla_dag']) retrieved from /home/airflow/.local/lib/python3.7/site-packages/airflow/example_dags/example_sla_dag.py
[2026-09-30T23:54:11.249+0000] {logging_mixin.py:137} INFO - [2026-09-30T23:54:11.248+0000] {dag.py:2676} INFO - Sync 1 DAGs
[2026-09-30T23:54:11.284+0000] {logging_mixin.py:137} INFO - [2026-09-30T23:54:11.284+0000] {dag.py:3427} INFO - Setting next_dagrun for example_sla_dag to 2026-09-30T23:52:00+00:00, run_after=2026-09-30T23:54:00+00:00
[2026-09-30T23:54:11.310+0000] {processor.py:175} INFO - Processing /home/airflow/.local/lib/python3.7/site-packages/airflow/example_dags/example_sla_dag.py took 0.146 seconds
[2026-09-30T23:54:41.524+0000] {processor.py:153} INFO - Started process (PID=14031) to work on /home/airflow/.local/lib/python3.7/site-packages/airflow/example_dags/example_sla_dag.py
[2026-09-30T23:54:41.525+0000] {processor.py:743} INFO - Processing file /home/airflow/.local/lib/python3.7/site-packages/airflow/example_dags/example_sla_dag.py for tasks to queue
[2026-09-30T23:54:41.526+0000] {logging_mixin.py:137} INFO - [2026-09-30T23:54:41.526+0000] {dagbag.py:538} INFO - Filling up the DagBag from /home/airflow/.local/lib/python3.7/site-packages/airflow/example_dags/example_sla_dag.py
[2026-09-30T23:54:41.557+0000] {processor.py:753} INFO - DAG(s) dict_keys(['example_sla_dag']) retrieved from /home/airflow/.local/lib/python3.7/site-packages/airflow/example_dags/example_sla_dag.py
[2026-09-30T23:54:41.620+0000] {logging_mixin.py:137} INFO - [2026-09-30T23:54:41.620+0000] {dag.py:2676} INFO - Sync 1 DAGs
[2026-09-30T23:54:41.668+0000] {logging_mixin.py:137} INFO - [2026-09-30T23:54:41.668+0000] {dag.py:3427} INFO - Setting next_dagrun for example_sla_dag to 2026-09-30T23:52:00+00:00, run_after=2026-09-30T23:54:00+00:00
[2026-09-30T23:54:41.687+0000] {processor.py:175} INFO - Processing /home/airflow/.local/lib/python3.7/site-packages/airflow/example_dags/example_sla_dag.py took 0.168 seconds
[2026-09-30T23:55:11.781+0000] {processor.py:153} INFO - Started process (PID=14110) to work on /home/airflow/.local/lib/python3.7/site-packages/airflow/example_dags/example_sla_dag.py
[2026-09-30T23:55:11.782+0000] {processor.py:743} INFO - Processing file /home/airflow/.local/lib/python3.7/site-packages/airflow/example_dags/example_sla_dag.py for tasks to queue
[2026-09-30T23:55:11.783+0000] {logging_mixin.py:137} INFO - [2026-09-30T23:55:11.782+0000] {dagbag.py:538} INFO - Filling up the DagBag from /home/airflow/.local/lib/python3.7/site-packages/airflow/example_dags/example_sla_dag.py
[2026-09-30T23:55:11.811+0000] {processor.py:753} INFO - DAG(s) dict_keys(['example_sla_dag']) retrieved from /home/airflow/.local/lib/python3.7/site-packages/airflow/example_dags/example_sla_dag.py
[2026-09-30T23:55:11.859+0000] {logging_mixin.py:137} INFO - [2026-09-30T23:55:11.859+0000] {dag.py:2676} INFO - Sync 1 DAGs
[2026-09-30T23:55:11.900+0000] {logging_mixin.py:137} INFO - [2026-09-30T23:55:11.899+0000] {dag.py:3427} INFO - Setting next_dagrun for example_sla_dag to 2026-09-30T23:52:00+00:00, run_after=2026-09-30T23:54:00+00:00
[2026-09-30T23:55:11.926+0000] {processor.py:175} INFO - Processing /home/airflow/.local/lib/python3.7/site-packages/airflow/example_dags/example_sla_dag.py took 0.149 seconds
[2026-09-30T23:55:42.089+0000] {processor.py:153} INFO - Started process (PID=14188) to work on /home/airflow/.local/lib/python3.7/site-packages/airflow/example_dags/example_sla_dag.py
[2026-09-30T23:55:42.090+0000] {processor.py:743} INFO - Processing file /home/airflow/.local/lib/python3.7/site-packages/airflow/example_dags/example_sla_dag.py for tasks to queue
[2026-09-30T23:55:42.091+0000] {logging_mixin.py:137} INFO - [2026-09-30T23:55:42.091+0000] {dagbag.py:538} INFO - Filling up the DagBag from /home/airflow/.local/lib/python3.7/site-packages/airflow/example_dags/example_sla_dag.py
[2026-09-30T23:55:42.122+0000] {processor.py:753} INFO - DAG(s) dict_keys(['example_sla_dag']) retrieved from /home/airflow/.local/lib/python3.7/site-packages/airflow/example_dags/example_sla_dag.py
[2026-09-30T23:55:42.171+0000] {logging_mixin.py:137} INFO - [2026-09-30T23:55:42.171+0000] {dag.py:2676} INFO - Sync 1 DAGs
[2026-09-30T23:55:42.207+0000] {logging_mixin.py:137} INFO - [2026-09-30T23:55:42.207+0000] {dag.py:3427} INFO - Setting next_dagrun for example_sla_dag to 2026-09-30T23:52:00+00:00, run_after=2026-09-30T23:54:00+00:00
[2026-09-30T23:55:42.227+0000] {processor.py:175} INFO - Processing /home/airflow/.local/lib/python3.7/site-packages/airflow/example_dags/example_sla_dag.py took 0.142 seconds
[2026-09-30T23:56:12.403+0000] {processor.py:153} INFO - Started process (PID=14274) to work on /home/airflow/.local/lib/python3.7/site-packages/airflow/example_dags/example_sla_dag.py
[2026-09-30T23:56:12.404+0000] {processor.py:743} INFO - Processing file /home/airflow/.local/lib/python3.7/site-packages/airflow/example_dags/example_sla_dag.py for tasks to queue
[2026-09-30T23:56:12.405+0000] {logging_mixin.py:137} INFO - [2026-09-30T23:56:12.405+0000] {dagbag.py:538} INFO - Filling up the DagBag from /home/airflow/.local/lib/python3.7/site-packages/airflow/example_dags/example_sla_dag.py
[2026-09-30T23:56:12.439+0000] {processor.py:753} INFO - DAG(s) dict_keys(['example_sla_dag']) retrieved from /home/airflow/.local/lib/python3.7/site-packages/airflow/example_dags/example_sla_dag.py
[2026-09-30T23:56:12.503+0000] {logging_mixin.py:137} INFO - [2026-09-30T23:56:12.503+0000] {dag.py:2676} INFO - Sync 1 DAGs
[2026-09-30T23:56:12.551+0000] {logging_mixin.py:137} INFO - [2026-09-30T23:56:12.551+0000] {dag.py:3427} INFO - Setting next_dagrun for example_sla_dag to 2026-09-30T23:54:00+00:00, run_after=2026-09-30T23:56:00+00:00
[2026-09-30T23:56:12.573+0000] {processor.py:175} INFO - Processing /home/airflow/.local/lib/python3.7/site-packages/airflow/example_dags/example_sla_dag.py took 0.174 seconds
[2026-09-30T23:56:42.702+0000] {processor.py:153} INFO - Started process (PID=14366) to work on /home/airflow/.local/lib/python3.7/site-packages/airflow/example_dags/example_sla_dag.py
[2026-09-30T23:56:42.703+0000] {processor.py:743} INFO - Processing file /home/airflow/.local/lib/python3.7/site-packages/airflow/example_dags/example_sla_dag.py for tasks to queue
[2026-09-30T23:56:42.704+0000] {logging_mixin.py:137} INFO - [2026-09-30T23:56:42.704+0000] {dagbag.py:538} INFO - Filling up the DagBag from /home/airflow/.local/lib/python3.7/site-packages/airflow/example_dags/example_sla_dag.py
[2026-09-30T23:56:42.737+0000] {processor.py:753} INFO - DAG(s) dict_keys(['example_sla_dag']) retrieved from /home/airflow/.local/lib/python3.7/site-packages/airflow/example_dags/example_sla_dag.py
[2026-09-30T23:56:42.795+0000] {logging_mixin.py:137} INFO - [2026-09-30T23:56:42.795+0000] {dag.py:2676} INFO - Sync 1 DAGs
[2026-09-30T23:56:42.830+0000] {logging_mixin.py:137} INFO - [2026-09-30T23:56:42.830+0000] {dag.py:3427} INFO - Setting next_dagrun for example_sla_dag to 2026-09-30T23:54:00+00:00, run_after=2026-09-30T23:56:00+00:00
[2026-09-30T23:56:42.852+0000] {processor.py:175} INFO - Processing /home/airflow/.local/lib/python3.7/site-packages/airflow/example_dags/example_sla_dag.py took 0.154 seconds
[2026-09-30T23:57:12.947+0000] {processor.py:153} INFO - Started process (PID=14445) to work on /home/airflow/.local/lib/python3.7/site-packages/airflow/example_dags/example_sla_dag.py
[2026-09-30T23:57:12.949+0000] {processor.py:743} INFO - Processing file /home/airflow/.local/lib/python3.7/site-packages/airflow/example_dags/example_sla_dag.py for tasks to queue
[2026-09-30T23:57:12.950+0000] {logging_mixin.py:137} INFO - [2026-09-30T23:57:12.949+0000] {dagbag.py:538} INFO - Filling up the DagBag from /home/airflow/.local/lib/python3.7/site-packages/airflow/example_dags/example_sla_dag.py
[2026-09-30T23:57:12.998+0000] {processor.py:753} INFO - DAG(s) dict_keys(['example_sla_dag']) retrieved from /home/airflow/.local/lib/python3.7/site-packages/airflow/example_dags/example_sla_dag.py
[2026-09-30T23:57:13.056+0000] {logging_mixin.py:137} INFO - [2026-09-30T23:57:13.055+0000] {dag.py:2676} INFO - Sync 1 DAGs
[2026-09-30T23:57:13.092+0000] {logging_mixin.py:137} INFO - [2026-09-30T23:57:13.091+0000] {dag.py:3427} INFO - Setting next_dagrun for example_sla_dag to 2026-09-30T23:54:00+00:00, run_after=2026-09-30T23:56:00+00:00
[2026-09-30T23:57:13.111+0000] {processor.py:175} INFO - Processing /home/airflow/.local/lib/python3.7/site-packages/airflow/example_dags/example_sla_dag.py took 0.170 seconds
[2026-09-30T23:57:43.318+0000] {processor.py:153} INFO - Started process (PID=14524) to work on /home/airflow/.local/lib/python3.7/site-packages/airflow/example_dags/example_sla_dag.py
[2026-09-30T23:57:43.319+0000] {processor.py:743} INFO - Processing file /home/airflow/.local/lib/python3.7/site-packages/airflow/example_dags/example_sla_dag.py for tasks to queue
[2026-09-30T23:57:43.321+0000] {logging_mixin.py:137} INFO - [2026-09-30T23:57:43.321+0000] {dagbag.py:538} INFO - Filling up the DagBag from /home/airflow/.local/lib/python3.7/site-packages/airflow/example_dags/example_sla_dag.py
[2026-09-30T23:57:43.352+0000] {processor.py:753} INFO - DAG(s) dict_keys(['example_sla_dag']) retrieved from /home/airflow/.local/lib/python3.7/site-packages/airflow/example_dags/example_sla_dag.py
[2026-09-30T23:57:43.399+0000] {logging_mixin.py:137} INFO - [2026-09-30T23:57:43.399+0000] {dag.py:2676} INFO - Sync 1 DAGs
[2026-09-30T23:57:43.448+0000] {logging_mixin.py:137} INFO - [2026-09-30T23:57:43.448+0000] {dag.py:3427} INFO - Setting next_dagrun for example_sla_dag to 2026-09-30T23:54:00+00:00, run_after=2026-09-30T23:56:00+00:00
[2026-09-30T23:57:43.477+0000] {processor.py:175} INFO - Processing /home/airflow/.local/lib/python3.7/site-packages/airflow/example_dags/example_sla_dag.py took 0.165 seconds
[2026-09-30T23:58:13.776+0000] {processor.py:153} INFO - Started process (PID=14612) to work on /home/airflow/.local/lib/python3.7/site-packages/airflow/example_dags/example_sla_dag.py
[2026-09-30T23:58:13.777+0000] {processor.py:743} INFO - Processing file /home/airflow/.local/lib/python3.7/site-packages/airflow/example_dags/example_sla_dag.py for tasks to queue
[2026-09-30T23:58:13.778+0000] {logging_mixin.py:137} INFO - [2026-09-30T23:58:13.778+0000] {dagbag.py:538} INFO - Filling up the DagBag from /home/airflow/.local/lib/python3.7/site-packages/airflow/example_dags/example_sla_dag.py
[2026-09-30T23:58:13.811+0000] {processor.py:753} INFO - DAG(s) dict_keys(['example_sla_dag']) retrieved from /home/airflow/.local/lib/python3.7/site-packages/airflow/example_dags/example_sla_dag.py
[2026-09-30T23:58:13.861+0000] {logging_mixin.py:137} INFO - [2026-09-30T23:58:13.861+0000] {dag.py:2676} INFO - Sync 1 DAGs
[2026-09-30T23:58:13.932+0000] {logging_mixin.py:137} INFO - [2026-09-30T23:58:13.931+0000] {dag.py:3427} INFO - Setting next_dagrun for example_sla_dag to 2026-09-30T23:56:00+00:00, run_after=2026-09-30T23:58:00+00:00
[2026-09-30T23:58:13.971+0000] {processor.py:175} INFO - Processing /home/airflow/.local/lib/python3.7/site-packages/airflow/example_dags/example_sla_dag.py took 0.199 seconds
[2026-09-30T23:58:44.591+0000] {processor.py:153} INFO - Started process (PID=14702) to work on /home/airflow/.local/lib/python3.7/site-packages/airflow/example_dags/example_sla_dag.py
[2026-09-30T23:58:44.592+0000] {processor.py:743} INFO - Processing file /home/airflow/.local/lib/python3.7/site-packages/airflow/example_dags/example_sla_dag.py for tasks to queue
[2026-09-30T23:58:44.592+0000] {logging_mixin.py:137} INFO - [2026-09-30T23:58:44.592+0000] {dagbag.py:538} INFO - Filling up the DagBag from /home/airflow/.local/lib/python3.7/site-packages/airflow/example_dags/example_sla_dag.py
[2026-09-30T23:58:44.624+0000] {processor.py:753} INFO - DAG(s) dict_keys(['example_sla_dag']) retrieved from /home/airflow/.local/lib/python3.7/site-packages/airflow/example_dags/example_sla_dag.py
[2026-09-30T23:58:44.671+0000] {logging_mixin.py:137} INFO - [2026-09-30T23:58:44.671+0000] {dag.py:2676} INFO - Sync 1 DAGs
[2026-09-30T23:58:44.705+0000] {logging_mixin.py:137} INFO - [2026-09-30T23:58:44.705+0000] {dag.py:3427} INFO - Setting next_dagrun for example_sla_dag to 2026-09-30T23:56:00+00:00, run_after=2026-09-30T23:58:00+00:00
[2026-09-30T23:58:44.726+0000] {processor.py:175} INFO - Processing /home/airflow/.local/lib/python3.7/site-packages/airflow/example_dags/example_sla_dag.py took 0.139 seconds
[2026-09-30T23:59:15.177+0000] {processor.py:153} INFO - Started process (PID=14781) to work on /home/airflow/.local/lib/python3.7/site-packages/airflow/example_dags/example_sla_dag.py
[2026-09-30T23:59:15.178+0000] {processor.py:743} INFO - Processing file /home/airflow/.local/lib/python3.7/site-packages/airflow/example_dags/example_sla_dag.py for tasks to queue
[2026-09-30T23:59:15.179+0000] {logging_mixin.py:137} INFO - [2026-09-30T23:59:15.179+0000] {dagbag.py:538} INFO - Filling up the DagBag from /home/airflow/.local/lib/python3.7/site-packages/airflow/example_dags/example_sla_dag.py
[2026-09-30T23:59:15.209+0000] {processor.py:753} INFO - DAG(s) dict_keys(['example_sla_dag']) retrieved from /home/airflow/.local/lib/python3.7/site-packages/airflow/example_dags/example_sla_dag.py
[2026-09-30T23:59:15.263+0000] {logging_mixin.py:137} INFO - [2026-09-30T23:59:15.263+0000] {dag.py:2676} INFO - Sync 1 DAGs
[2026-09-30T23:59:15.311+0000] {logging_mixin.py:137} INFO - [2026-09-30T23:59:15.311+0000] {dag.py:3427} INFO - Setting next_dagrun for example_sla_dag to 2026-09-30T23:56:00+00:00, run_after=2026-09-30T23:58:00+00:00
[2026-09-30T23:59:15.333+0000] {processor.py:175} INFO - Processing /home/airflow/.local/lib/python3.7/site-packages/airflow/example_dags/example_sla_dag.py took 0.160 seconds
[2026-09-30T23:59:45.872+0000] {processor.py:153} INFO - Started process (PID=14867) to work on /home/airflow/.local/lib/python3.7/site-packages/airflow/example_dags/example_sla_dag.py
[2026-09-30T23:59:45.873+0000] {processor.py:743} INFO - Processing file /home/airflow/.local/lib/python3.7/site-packages/airflow/example_dags/example_sla_dag.py for tasks to queue
[2026-09-30T23:59:45.874+0000] {logging_mixin.py:137} INFO - [2026-09-30T23:59:45.873+0000] {dagbag.py:538} INFO - Filling up the DagBag from /home/airflow/.local/lib/python3.7/site-packages/airflow/example_dags/example_sla_dag.py
[2026-09-30T23:59:45.908+0000] {processor.py:753} INFO - DAG(s) dict_keys(['example_sla_dag']) retrieved from /home/airflow/.local/lib/python3.7/site-packages/airflow/example_dags/example_sla_dag.py
[2026-09-30T23:59:45.968+0000] {logging_mixin.py:137} INFO - [2026-09-30T23:59:45.968+0000] {dag.py:2676} INFO - Sync 1 DAGs
[2026-09-30T23:59:46.017+0000] {logging_mixin.py:137} INFO - [2026-09-30T23:59:46.016+0000] {dag.py:3427} INFO - Setting next_dagrun for example_sla_dag to 2026-09-30T23:56:00+00:00, run_after=2026-09-30T23:58:00+00:00
[2026-09-30T23:59:46.044+0000] {processor.py:175} INFO - Processing /home/airflow/.local/lib/python3.7/site-packages/airflow/example_dags/example_sla_dag.py took 0.176 seconds
