[2026-09-30T19:10:08.337+0000] {processor.py:153} INFO - Started process (PID=75) to work on /home/airflow/.local/lib/python3.7/site-packages/airflow/example_dags/example_kubernetes_executor.py
[2026-09-30T19:10:08.338+0000] {processor.py:743} INFO - Processing file /home/airflow/.local/lib/python3.7/site-packages/airflow/example_dags/example_kubernetes_executor.py for tasks to queue
[2026-09-30T19:10:08.339+0000] {logging_mixin.py:137} INFO - [2026-09-30T19:10:08.339+0000] {dagbag.py:538} INFO - Filling up the DagBag from /home/airflow/.local/lib/python3.7/site-packages/airflow/example_dags/example_kubernetes_executor.py
[2026-09-30T19:10:08.383+0000] {processor.py:753} INFO - DAG(s) dict_keys(['example_kubernetes_executor']) retrieved from /home/airflow/.local/lib/python3.7/site-packages/airflow/example_dags/example_kubernetes_executor.py
[2026-09-30T19:10:08.409+0000] {logging_mixin.py:137} INFO - [2026-09-30T19:10:08.409+0000] {dag.py:2676} INFO - Sync 1 DAGs
[2026-09-30T19:10:08.447+0000] {logging_mixin.py:137} INFO - [2026-09-30T19:10:08.447+0000] {dag.py:3427} INFO - Setting next_dagrun for example_kubernetes_executor to None, run_after=None
[2026-09-30T19:10:08.471+0000] {processor.py:175} INFO - Processing /home/airflow/.local/lib/python3.7/site-packages/airflow/example_dags/example_kubernetes_executor.py took 0.138 seconds
[2026-09-30T19:10:39.580+0000] {processor.py:153} INFO - Started process (PID=164) to work on /home/airflow/.local/lib/python3.7/site-packages/airflow/example_dags/example_kubernetes_executor.py
[2026-09-30T19:10:39.581+0000] {processor.py:743} INFO - Processing file /home/airflow/.local/lib/python3.7/site-packages/airflow/example_dags/example_kubernetes_executor.py for tasks to queue
[2026-09-30T19:10:39.582+0000] {logging_mixin.py:137} INFO - [2026-09-30T19:10:39.582+0000] {dagbag.py:538} INFO - Filling up the DagBag from /home/airflow/.local/lib/python3.7/site-packages/airflow/example_dags/example_kubernetes_executor.py
[2026-09-30T19:10:39.626+0000] {processor.py:753} INFO - DAG(s) dict_keys(['example_kubernetes_executor']) retrieved from /home/airflow/.local/lib/python3.7/site-packages/airflow/example_dags/example_kubernetes_executor.py
[2026-09-30T19:10:39.678+0000] {logging_mixin.py:137} INFO - [2026-09-30T19:10:39.678+0000] {dag.py:2676} INFO - Sync 1 DAGs
[2026-09-30T19:10:39.712+0000] {logging_mixin.py:137} INFO - [2026-09-30T19:10:39.712+0000] {dag.py:3427} INFO - Setting next_dagrun for example_kubernetes_executor to None, run_after=None
[2026-09-30T19:10:39.732+0000] {processor.py:175} INFO - Processing /home/airflow/.local/lib/python3.7/site-packages/airflow/example_dags/example_kubernetes_executor.py took 0.156 seconds
[2026-09-30T19:11:10.022+0000] {processor.py:153} INFO - Started process (PID=242) to work on /home/airflow/.local/lib/python3.7/site-packages/airflow/example_dags/example_kubernetes_executor.py
[2026-09-30T19:11:10.023+0000] {processor.py:743} INFO - Processing file /home/airflow/.local/lib/python3.7/site-packages/airflow/example_dags/example_kubernetes_executor.py for tasks to queue
[2026-09-30T19:11:10.024+0000] {logging_mixin.py:137} INFO - [2026-09-30T19:11:10.024+0000] {dagbag.py:538} INFO - Filling up the DagBag from /home/airflow/.local/lib/python3.7/site-packages/airflow/example_dags/example_kubernetes_executor.py
[2026-09-30T19:11:10.060+0000] {processor.py:753} INFO - DAG(s) dict_keys(['example_kubernetes_executor']) retrieved from /home/airflow/.local/lib/python3.7/site-packages/airflow/example_dags/example_kubernetes_executor.py
[2026-09-30T19:11:10.114+0000] {logging_mixin.py:137} INFO - [2026-09-30T19:11:10.113+0000] {dag.py:2676} INFO - Sync 1 DAGs
[2026-09-30T19:11:10.151+0000] {logging_mixin.py:137} INFO - [2026-09-30T19:11:10.151+0000] {dag.py:3427} INFO - Setting next_dagrun for example_kubernetes_executor to None, run_after=None
[2026-09-30T19:11:10.174+0000] {processor.py:175} INFO - Processing /home/airflow/.local/lib/python3.7/site-packages/airflow/example_dags/example_kubernetes_executor.py took 0.156 seconds
[2026-09-30T19:11:40.872+0000] {processor.py:153} INFO - Started process (PID=320) to work on /home/airflow/.local/lib/python3.7/site-packages/airflow/example_dags/example_kubernetes_executor.py
[2026-09-30T19:11:40.873+0000] {processor.py:743} INFO - Processing file /home/airflow/.local/lib/python3.7/site-packages/airflow/example_dags/example_kubernetes_executor.py for tasks to queue
[2026-09-30T19:11:40.874+0000] {logging_mixin.py:137} INFO - [2026-09-30T19:11:40.873+0000] {dagbag.py:538} INFO - Filling up the DagBag from /home/airflow/.local/lib/python3.7/site-packages/airflow/example_dags/example_kubernetes_executor.py
[2026-09-30T19:11:40.913+0000] {processor.py:753} INFO - DAG(s) dict_keys(['example_kubernetes_executor']) retrieved from /home/airflow/.local/lib/python3.7/site-packages/airflow/example_dags/example_kubernetes_executor.py
[2026-09-30T19:11:40.968+0000] {logging_mixin.py:137} INFO - [2026-09-30T19:11:40.968+0000] {dag.py:2676} INFO - Sync 1 DAGs
[2026-09-30T19:11:41.002+0000] {logging_mixin.py:137} INFO - [2026-09-30T19:11:41.002+0000] {dag.py:3427} INFO - Setting next_dagrun for example_kubernetes_executor to None, run_after=None
[2026-09-30T19:11:41.025+0000] {processor.py:175} INFO - Processing /home/airflow/.local/lib/python3.7/site-packages/airflow/example_dags/example_kubernetes_executor.py took 0.157 seconds
[2026-09-30T19:12:12.006+0000] {processor.py:153} INFO - Started process (PID=418) to work on /home/airflow/.local/lib/python3.7/site-packages/airflow/example_dags/example_kubernetes_executor.py
[2026-09-30T19:12:12.008+0000] {processor.py:743} INFO - Processing file /home/airflow/.local/lib/python3.7/site-packages/airflow/example_dags/example_kubernetes_executor.py for tasks to queue
[2026-09-30T19:12:12.009+0000] {logging_mixin.py:137} INFO - [2026-09-30T19:12:12.008+0000] {dagbag.py:538} INFO - Filling up the DagBag from /home/airflow/.local/lib/python3.7/site-packages/airflow/example_dags/example_kubernetes_executor.py
[2026-09-30T19:12:12.053+0000] {processor.py:753} INFO - DAG(s) dict_keys(['example_kubernetes_executor']) retrieved from /home/airflow/.local/lib/python3.7/site-packages/airflow/example_dags/example_kubernetes_executor.py
[2026-09-30T19:12:12.106+0000] {logging_mixin.py:137} INFO - [2026-09-30T19:12:12.106+0000] {dag.py:2676} INFO - Sync 1 DAGs
[2026-09-30T19:12:12.148+0000] {logging_mixin.py:137} INFO - [2026-09-30T19:12:12.147+0000] {dag.py:3427} INFO - Setting next_dagrun for example_kubernetes_executor to None, run_after=None
[2026-09-30T19:12:12.177+0000] {processor.py:175} INFO - Processing /home/airflow/.local/lib/python3.7/site-packages/airflow/example_dags/example_kubernetes_executor.py took 0.177 seconds
[2026-09-30T19:12:42.295+0000] {processor.py:153} INFO - Started process (PID=496) to work on /home/airflow/.local/lib/python3.7/site-packages/airflow/example_dags/example_kubernetes_executor.py
[2026-09-30T19:12:42.296+0000] {processor.py:743} INFO - Processing file /home/airflow/.local/lib/python3.7/site-packages/airflow/example_dags/example_kubernetes_executor.py for tasks to queue
[2026-09-30T19:12:42.297+0000] {logging_mixin.py:137} INFO - [2026-09-30T19:12:42.297+0000] {dagbag.py:538} INFO - Filling up the DagBag from /home/airflow/.local/lib/python3.7/site-packages/airflow/example_dags/example_kubernetes_executor.py
[2026-09-30T19:12:42.335+0000] {processor.py:753} INFO - DAG(s) dict_keys(['example_kubernetes_executor']) retrieved from /home/airflow/.local/lib/python3.7/site-packages/airflow/example_dags/example_kubernetes_executor.py
[2026-09-30T19:12:42.391+0000] {logging_mixin.py:137} INFO - [2026-09-30T19:12:42.390+0000] {dag.py:2676} INFO - Sync 1 DAGs
[2026-09-30T19:12:42.431+0000] {logging_mixin.py:137} INFO - [2026-09-30T19:12:42.431+0000] {dag.py:3427} INFO - Setting next_dagrun for example_kubernetes_executor to None, run_after=None
[2026-09-30T19:12:42.453+0000] {processor.py:175} INFO - Processing /home/airflow/.local/lib/python3.7/site-packages/airflow/example_dags/example_kubernetes_executor.py took 0.162 seconds
[2026-09-30T19:13:12.923+0000] {processor.py:153} INFO - Started process (PID=574) to work on /home/airflow/.local/lib/python3.7/site-packages/airflow/example_dags/example_kubernetes_executor.py
[2026-09-30T19:13:12.924+0000] {processor.py:743} INFO - Processing file /home/airflow/.local/lib/python3.7/site-packages/airflow/example_dags/example_kubernetes_executor.py for tasks to queue
[2026-09-30T19:13:12.924+0000] {logging_mixin.py:137} INFO - [2026-09-30T19:13:12.924+0000] {dagbag.py:538} INFO - Filling up the DagBag from /home/airflow/.local/lib/python3.7/site-packages/airflow/example_dags/example_kubernetes_executor.py
[2026-09-30T19:13:12.968+0000] {processor.py:753} INFO - DAG(s) dict_keys(['example_kubernetes_executor']) retrieved from /home/airflow/.local/lib/python3.7/site-packages/airflow/example_dags/example_kubernetes_executor.py
[2026-09-30T19:13:13.025+0000] {logging_mixin.py:137} INFO - [2026-09-30T19:13:13.025+0000] {dag.py:2676} INFO - Sync 1 DAGs
[2026-09-30T19:13:13.061+0000] {logging_mixin.py:137} INFO - [2026-09-30T19:13:13.060+0000] {dag.py:3427} INFO - Setting next_dagrun for example_kubernetes_executor to None, run_after=None
[2026-09-30T19:13:13.084+0000] {processor.py:175} INFO - Processing /home/airflow/.local/lib/python3.7/site-packages/airflow/example_dags/example_kubernetes_executor.py took 0.165 seconds
[2026-09-30T19:13:43.973+0000] {processor.py:153} INFO - Started process (PID=659) to work on /home/airflow/.local/lib/python3.7/site-packages/airflow/example_dags/example_kubernetes_executor.py
[2026-09-30T19:13:43.974+0000] {processor.py:743} INFO - Processing file /home/airflow/.local/lib/python3.7/site-packages/airflow/example_dags/example_kubernetes_executor.py for tasks to queue
[2026-09-30T19:13:43.975+0000] {logging_mixin.py:137} INFO - [2026-09-30T19:13:43.975+0000] {dagbag.py:538} INFO - Filling up the DagBag from /home/airflow/.local/lib/python3.7/site-packages/airflow/example_dags/example_kubernetes_executor.py
[2026-09-30T19:13:44.022+0000] {processor.py:753} INFO - DAG(s) dict_keys(['example_kubernetes_executor']) retrieved from /home/airflow/.local/lib/python3.7/site-packages/airflow/example_dags/example_kubernetes_executor.py
[2026-09-30T19:13:44.092+0000] {logging_mixin.py:137} INFO - [2026-09-30T19:13:44.092+0000] {dag.py:2676} INFO - Sync 1 DAGs
[2026-09-30T19:13:44.134+0000] {logging_mixin.py:137} INFO - [2026-09-30T19:13:44.134+0000] {dag.py:3427} INFO - Setting next_dagrun for example_kubernetes_executor to None, run_after=None
[2026-09-30T19:13:44.160+0000] {processor.py:175} INFO - Processing /home/airflow/.local/lib/python3.7/site-packages/airflow/example_dags/example_kubernetes_executor.py took 0.190 seconds
[2026-09-30T19:14:14.496+0000] {processor.py:153} INFO - Started process (PID=750) to work on /home/airflow/.local/lib/python3.7/site-packages/airflow/example_dags/example_kubernetes_executor.py
[2026-09-30T19:14:14.497+0000] {processor.py:743} INFO - Processing file /home/airflow/.local/lib/python3.7/site-packages/airflow/example_dags/example_kubernetes_executor.py for tasks to queue
[2026-09-30T19:14:14.497+0000] {logging_mixin.py:137} INFO - [2026-09-30T19:14:14.497+0000] {dagbag.py:538} INFO - Filling up the DagBag from /home/airflow/.local/lib/python3.7/site-packages/airflow/example_dags/example_kubernetes_executor.py
[2026-09-30T19:14:14.545+0000] {processor.py:753} INFO - DAG(s) dict_keys(['example_kubernetes_executor']) retrieved from /home/airflow/.local/lib/python3.7/site-packages/airflow/example_dags/example_kubernetes_executor.py
[2026-09-30T19:14:14.624+0000] {logging_mixin.py:137} INFO - [2026-09-30T19:14:14.624+0000] {dag.py:2676} INFO - Sync 1 DAGs
[2026-09-30T19:14:14.673+0000] {logging_mixin.py:137} INFO - [2026-09-30T19:14:14.672+0000] {dag.py:3427} INFO - Setting next_dagrun for example_kubernetes_executor to None, run_after=None
[2026-09-30T19:14:14.701+0000] {processor.py:175} INFO - Processing /home/airflow/.local/lib/python3.7/site-packages/airflow/example_dags/example_kubernetes_executor.py took 0.209 seconds
[2026-09-30T19:14:44.856+0000] {processor.py:153} INFO - Started process (PID=828) to work on /home/airflow/.local/lib/python3.7/site-packages/airflow/example_dags/example_kubernetes_executor.py
[2026-09-30T19:14:44.857+0000] {processor.py:743} INFO - Processing file /home/airflow/.local/lib/python3.7/site-packages/airflow/example_dags/example_kubernetes_executor.py for tasks to queue
[2026-09-30T19:14:44.858+0000] {logging_mixin.py:137} INFO - [2026-09-30T19:14:44.858+0000] {dagbag.py:538} INFO - Filling up the DagBag from /home/airflow/.local/lib/python3.7/site-packages/airflow/example_dags/example_kubernetes_executor.py
[2026-09-30T19:14:44.895+0000] {processor.py:753} INFO - DAG(s) dict_keys(['example_kubernetes_executor']) retrieved from /home/airflow/.local/lib/python3.7/site-packages/airflow/example_dags/example_kubernetes_executor.py
[2026-09-30T19:14:44.947+0000] {logging_mixin.py:137} INFO - [2026-09-30T19:14:44.947+0000] {dag.py:2676} INFO - Sync 1 DAGs
[2026-09-30T19:14:44.981+0000] {logging_mixin.py:137} INFO - [2026-09-30T19:14:44.980+0000] {dag.py:3427} INFO - Setting next_dagrun for example_kubernetes_executor to None, run_after=None
[2026-09-30T19:14:45.001+0000] {processor.py:175} INFO - Processing /home/airflow/.local/lib/python3.7/site-packages/airflow/example_dags/example_kubernetes_executor.py took 0.150 seconds
[2026-09-30T19:15:15.177+0000] {processor.py:153} INFO - Started process (PID=906) to work on /home/airflow/.local/lib/python3.7/site-packages/airflow/example_dags/example_kubernetes_executor.py
[2026-09-30T19:15:15.178+0000] {processor.py:743} INFO - Processing file /home/airflow/.local/lib/python3.7/site-packages/airflow/example_dags/example_kubernetes_executor.py for tasks to queue
[2026-09-30T19:15:15.179+0000] {logging_mixin.py:137} INFO - [2026-09-30T19:15:15.179+0000] {dagbag.py:538} INFO - Filling up the DagBag from /home/airflow/.local/lib/python3.7/site-packages/airflow/example_dags/example_kubernetes_executor.py
[2026-09-30T19:15:15.223+0000] {processor.py:753} INFO - DAG(s) dict_keys(['example_kubernetes_executor']) retrieved from /home/airflow/.local/lib/python3.7/site-packages/airflow/example_dags/example_kubernetes_executor.py
[2026-09-30T19:15:15.284+0000] {logging_mixin.py:137} INFO - [2026-09-30T19:15:15.284+0000] {dag.py:2676} INFO - Sync 1 DAGs
[2026-09-30T19:15:15.323+0000] {logging_mixin.py:137} INFO - [2026-09-30T19:15:15.323+0000] {dag.py:3427} INFO - Setting next_dagrun for example_kubernetes_executor to None, run_after=None
[2026-09-30T19:15:15.346+0000] {processor.py:175} INFO - Processing /home/airflow/.local/lib/python3.7/site-packages/airflow/example_dags/example_kubernetes_executor.py took 0.173 seconds
[2026-09-30T19:15:45.556+0000] {processor.py:153} INFO - Started process (PID=984) to work on /home/airflow/.local/lib/python3.7/site-packages/airflow/example_dags/example_kubernetes_executor.py
[2026-09-30T19:15:45.557+0000] {processor.py:743} INFO - Processing file /home/airflow/.local/lib/python3.7/site-packages/airflow/example_dags/example_kubernetes_executor.py for tasks to queue
[2026-09-30T19:15:45.558+0000] {logging_mixin.py:137} INFO - [2026-09-30T19:15:45.557+0000] {dagbag.py:538} INFO - Filling up the DagBag from /home/airflow/.local/lib/python3.7/site-packages/airflow/example_dags/example_kubernetes_executor.py
[2026-09-30T19:15:45.602+0000] {processor.py:753} INFO - DAG(s) dict_keys(['example_kubernetes_executor']) retrieved from /home/airflow/.local/lib/python3.7/site-packages/airflow/example_dags/example_kubernetes_executor.py
[2026-09-30T19:15:45.672+0000] {logging_mixin.py:137} INFO - [2026-09-30T19:15:45.672+0000] {dag.py:2676} INFO - Sync 1 DAGs
[2026-09-30T19:15:45.710+0000] {logging_mixin.py:137} INFO - [2026-09-30T19:15:45.710+0000] {dag.py:3427} INFO - Setting next_dagrun for example_kubernetes_executor to None, run_after=None
[2026-09-30T19:15:45.738+0000] {processor.py:175} INFO - Processing /home/airflow/.local/lib/python3.7/site-packages/airflow/example_dags/example_kubernetes_executor.py took 0.187 seconds
[2026-09-30T19:16:15.963+0000] {processor.py:153} INFO - Started process (PID=1082) to work on /home/airflow/.local/lib/python3.7/site-packages/airflow/example_dags/example_kubernetes_executor.py
[2026-09-30T19:16:15.964+0000] {processor.py:743} INFO - Processing file /home/airflow/.local/lib/python3.7/site-packages/airflow/example_dags/example_kubernetes_executor.py for tasks to queue
[2026-09-30T19:16:15.965+0000] {logging_mixin.py:137} INFO - [2026-09-30T19:16:15.965+0000] {dagbag.py:538} INFO - Filling up the DagBag from /home/airflow/.local/lib/python3.7/site-packages/airflow/example_dags/example_kubernetes_executor.py
[2026-09-30T19:16:16.022+0000] {processor.py:753} INFO - DAG(s) dict_keys(['example_kubernetes_executor']) retrieved from /home/airflow/.local/lib/python3.7/site-packages/airflow/example_dags/example_kubernetes_executor.py
[2026-09-30T19:16:16.084+0000] {logging_mixin.py:137} INFO - [2026-09-30T19:16:16.084+0000] {dag.py:2676} INFO - Sync 1 DAGs
[2026-09-30T19:16:16.122+0000] {logging_mixin.py:137} INFO - [2026-09-30T19:16:16.122+0000] {dag.py:3427} INFO - Setting next_dagrun for example_kubernetes_executor to None, run_after=None
[2026-09-30T19:16:16.146+0000] {processor.py:175} INFO - Processing /home/airflow/.local/lib/python3.7/site-packages/airflow/example_dags/example_kubernetes_executor.py took 0.187 seconds
[2026-09-30T19:16:46.974+0000] {processor.py:153} INFO - Started process (PID=1160) to work on /home/airflow/.local/lib/python3.7/site-packages/airflow/example_dags/example_kubernetes_executor.py
[2026-09-30T19:16:46.975+0000] {processor.py:743} INFO - Processing file /home/airflow/.local/lib/python3.7/site-packages/airflow/example_dags/example_kubernetes_executor.py for tasks to queue
[2026-09-30T19:16:46.976+0000] {logging_mixin.py:137} INFO - [2026-09-30T19:16:46.976+0000] {dagbag.py:538} INFO - Filling up the DagBag from /home/airflow/.local/lib/python3.7/site-packages/airflow/example_dags/example_kubernetes_executor.py
[2026-09-30T19:16:47.019+0000] {processor.py:753} INFO - DAG(s) dict_keys(['example_kubernetes_executor']) retrieved from /home/airflow/.local/lib/python3.7/site-packages/airflow/example_dags/example_kubernetes_executor.py
[2026-09-30T19:16:47.075+0000] {logging_mixin.py:137} INFO - [2026-09-30T19:16:47.075+0000] {dag.py:2676} INFO - Sync 1 DAGs
[2026-09-30T19:16:47.123+0000] {logging_mixin.py:137} INFO - [2026-09-30T19:16:47.123+0000] {dag.py:3427} INFO - Setting next_dagrun for example_kubernetes_executor to None, run_after=None
[2026-09-30T19:16:47.153+0000] {processor.py:175} INFO - Processing /home/airflow/.local/lib/python3.7/site-packages/airflow/example_dags/example_kubernetes_executor.py took 0.183 seconds
[2026-09-30T19:17:17.909+0000] {processor.py:153} INFO - Started process (PID=1238) to work on /home/airflow/.local/lib/python3.7/site-packages/airflow/example_dags/example_kubernetes_executor.py
[2026-09-30T19:17:17.911+0000] {processor.py:743} INFO - Processing file /home/airflow/.local/lib/python3.7/site-packages/airflow/example_dags/example_kubernetes_executor.py for tasks to queue
[2026-09-30T19:17:17.912+0000] {logging_mixin.py:137} INFO - [2026-09-30T19:17:17.912+0000] {dagbag.py:538} INFO - Filling up the DagBag from /home/airflow/.local/lib/python3.7/site-packages/airflow/example_dags/example_kubernetes_executor.py
[2026-09-30T19:17:17.970+0000] {processor.py:753} INFO - DAG(s) dict_keys(['example_kubernetes_executor']) retrieved from /home/airflow/.local/lib/python3.7/site-packages/airflow/example_dags/example_kubernetes_executor.py
[2026-09-30T19:17:18.037+0000] {logging_mixin.py:137} INFO - [2026-09-30T19:17:18.037+0000] {dag.py:2676} INFO - Sync 1 DAGs
[2026-09-30T19:17:18.081+0000] {logging_mixin.py:137} INFO - [2026-09-30T19:17:18.081+0000] {dag.py:3427} INFO - Setting next_dagrun for example_kubernetes_executor to None, run_after=None
[2026-09-30T19:17:18.107+0000] {processor.py:175} INFO - Processing /home/airflow/.local/lib/python3.7/site-packages/airflow/example_dags/example_kubernetes_executor.py took 0.204 seconds
[2026-09-30T19:17:48.607+0000] {processor.py:153} INFO - Started process (PID=1325) to work on /home/airflow/.local/lib/python3.7/site-packages/airflow/example_dags/example_kubernetes_executor.py
[2026-09-30T19:17:48.608+0000] {processor.py:743} INFO - Processing file /home/airflow/.local/lib/python3.7/site-packages/airflow/example_dags/example_kubernetes_executor.py for tasks to queue
[2026-09-30T19:17:48.610+0000] {logging_mixin.py:137} INFO - [2026-09-30T19:17:48.610+0000] {dagbag.py:538} INFO - Filling up the DagBag from /home/airflow/.local/lib/python3.7/site-packages/airflow/example_dags/example_kubernetes_executor.py
[2026-09-30T19:17:48.647+0000] {processor.py:753} INFO - DAG(s) dict_keys(['example_kubernetes_executor']) retrieved from /home/airflow/.local/lib/python3.7/site-packages/airflow/example_dags/example_kubernetes_executor.py
[2026-09-30T19:17:48.706+0000] {logging_mixin.py:137} INFO - [2026-09-30T19:17:48.706+0000] {dag.py:2676} INFO - Sync 1 DAGs
[2026-09-30T19:17:48.737+0000] {logging_mixin.py:137} INFO - [2026-09-30T19:17:48.737+0000] {dag.py:3427} INFO - Setting next_dagrun for example_kubernetes_executor to None, run_after=None
[2026-09-30T19:17:48.763+0000] {processor.py:175} INFO - Processing /home/airflow/.local/lib/python3.7/site-packages/airflow/example_dags/example_kubernetes_executor.py took 0.160 seconds
[2026-09-30T19:18:19.163+0000] {processor.py:153} INFO - Started process (PID=1414) to work on /home/airflow/.local/lib/python3.7/site-packages/airflow/example_dags/example_kubernetes_executor.py
[2026-09-30T19:18:19.164+0000] {processor.py:743} INFO - Processing file /home/airflow/.local/lib/python3.7/site-packages/airflow/example_dags/example_kubernetes_executor.py for tasks to queue
[2026-09-30T19:18:19.164+0000] {logging_mixin.py:137} INFO - [2026-09-30T19:18:19.164+0000] {dagbag.py:538} INFO - Filling up the DagBag from /home/airflow/.local/lib/python3.7/site-packages/airflow/example_dags/example_kubernetes_executor.py
[2026-09-30T19:18:19.190+0000] {processor.py:753} INFO - DAG(s) dict_keys(['example_kubernetes_executor']) retrieved from /home/airflow/.local/lib/python3.7/site-packages/airflow/example_dags/example_kubernetes_executor.py
[2026-09-30T19:18:19.226+0000] {logging_mixin.py:137} INFO - [2026-09-30T19:18:19.225+0000] {dag.py:2676} INFO - Sync 1 DAGs
[2026-09-30T19:18:19.250+0000] {logging_mixin.py:137} INFO - [2026-09-30T19:18:19.249+0000] {dag.py:3427} INFO - Setting next_dagrun for example_kubernetes_executor to None, run_after=None
[2026-09-30T19:18:19.264+0000] {processor.py:175} INFO - Processing /home/airflow/.local/lib/python3.7/site-packages/airflow/example_dags/example_kubernetes_executor.py took 0.104 seconds
[2026-09-30T19:18:49.983+0000] {processor.py:153} INFO - Started process (PID=1492) to work on /home/airflow/.local/lib/python3.7/site-packages/airflow/example_dags/example_kubernetes_executor.py
[2026-09-30T19:18:49.985+0000] {processor.py:743} INFO - Processing file /home/airflow/.local/lib/python3.7/site-packages/airflow/example_dags/example_kubernetes_executor.py for tasks to queue
[2026-09-30T19:18:49.986+0000] {logging_mixin.py:137} INFO - [2026-09-30T19:18:49.986+0000] {dagbag.py:538} INFO - Filling up the DagBag from /home/airflow/.local/lib/python3.7/site-packages/airflow/example_dags/example_kubernetes_executor.py
[2026-09-30T19:18:50.042+0000] {processor.py:753} INFO - DAG(s) dict_keys(['example_kubernetes_executor']) retrieved from /home/airflow/.local/lib/python3.7/site-packages/airflow/example_dags/example_kubernetes_executor.py
[2026-09-30T19:18:50.121+0000] {logging_mixin.py:137} INFO - [2026-09-30T19:18:50.120+0000] {dag.py:2676} INFO - Sync 1 DAGs
[2026-09-30T19:18:50.168+0000] {logging_mixin.py:137} INFO - [2026-09-30T19:18:50.168+0000] {dag.py:3427} INFO - Setting next_dagrun for example_kubernetes_executor to None, run_after=None
[2026-09-30T19:18:50.201+0000] {processor.py:175} INFO - Processing /home/airflow/.local/lib/python3.7/site-packages/airflow/example_dags/example_kubernetes_executor.py took 0.223 seconds
[2026-09-30T19:19:21.021+0000] {processor.py:153} INFO - Started process (PID=1570) to work on /home/airflow/.local/lib/python3.7/site-packages/airflow/example_dags/example_kubernetes_executor.py
[2026-09-30T19:19:21.022+0000] {processor.py:743} INFO - Processing file /home/airflow/.local/lib/python3.7/site-packages/airflow/example_dags/example_kubernetes_executor.py for tasks to queue
[2026-09-30T19:19:21.023+0000] {logging_mixin.py:137} INFO - [2026-09-30T19:19:21.023+0000] {dagbag.py:538} INFO - Filling up the DagBag from /home/airflow/.local/lib/python3.7/site-packages/airflow/example_dags/example_kubernetes_executor.py
[2026-09-30T19:19:21.080+0000] {processor.py:753} INFO - DAG(s) dict_keys(['example_kubernetes_executor']) retrieved from /home/airflow/.local/lib/python3.7/site-packages/airflow/example_dags/example_kubernetes_executor.py
[2026-09-30T19:19:21.152+0000] {logging_mixin.py:137} INFO - [2026-09-30T19:19:21.152+0000] {dag.py:2676} INFO - Sync 1 DAGs
[2026-09-30T19:19:21.192+0000] {logging_mixin.py:137} INFO - [2026-09-30T19:19:21.192+0000] {dag.py:3427} INFO - Setting next_dagrun for example_kubernetes_executor to None, run_after=None
[2026-09-30T19:19:21.212+0000] {processor.py:175} INFO - Processing /home/airflow/.local/lib/python3.7/site-packages/airflow/example_dags/example_kubernetes_executor.py took 0.197 seconds
[2026-09-30T19:19:52.023+0000] {processor.py:153} INFO - Started process (PID=1668) to work on /home/airflow/.local/lib/python3.7/site-packages/airflow/example_dags/example_kubernetes_executor.py
[2026-09-30T19:19:52.025+0000] {processor.py:743} INFO - Processing file /home/airflow/.local/lib/python3.7/site-packages/airflow/example_dags/example_kubernetes_executor.py for tasks to queue
[2026-09-30T19:19:52.026+0000] {logging_mixin.py:137} INFO - [2026-09-30T19:19:52.026+0000] {dagbag.py:538} INFO - Filling up the DagBag from /home/airflow/.local/lib/python3.7/site-packages/airflow/example_dags/example_kubernetes_executor.py
[2026-09-30T19:19:52.065+0000] {processor.py:753} INFO - DAG(s) dict_keys(['example_kubernetes_executor']) retrieved from /home/airflow/.local/lib/python3.7/site-packages/airflow/example_dags/example_kubernetes_executor.py
[2026-09-30T19:19:52.120+0000] {logging_mixin.py:137} INFO - [2026-09-30T19:19:52.120+0000] {dag.py:2676} INFO - Sync 1 DAGs
[2026-09-30T19:19:52.168+0000] {logging_mixin.py:137} INFO - [2026-09-30T19:19:52.168+0000] {dag.py:3427} INFO - Setting next_dagrun for example_kubernetes_executor to None, run_after=None
[2026-09-30T19:19:52.199+0000] {processor.py:175} INFO - Processing /home/airflow/.local/lib/python3.7/site-packages/airflow/example_dags/example_kubernetes_executor.py took 0.180 seconds
[2026-09-30T19:20:22.588+0000] {processor.py:153} INFO - Started process (PID=1747) to work on /home/airflow/.local/lib/python3.7/site-packages/airflow/example_dags/example_kubernetes_executor.py
[2026-09-30T19:20:22.589+0000] {processor.py:743} INFO - Processing file /home/airflow/.local/lib/python3.7/site-packages/airflow/example_dags/example_kubernetes_executor.py for tasks to queue
[2026-09-30T19:20:22.590+0000] {logging_mixin.py:137} INFO - [2026-09-30T19:20:22.590+0000] {dagbag.py:538} INFO - Filling up the DagBag from /home/airflow/.local/lib/python3.7/site-packages/airflow/example_dags/example_kubernetes_executor.py
[2026-09-30T19:20:22.646+0000] {processor.py:753} INFO - DAG(s) dict_keys(['example_kubernetes_executor']) retrieved from /home/airflow/.local/lib/python3.7/site-packages/airflow/example_dags/example_kubernetes_executor.py
[2026-09-30T19:20:22.721+0000] {logging_mixin.py:137} INFO - [2026-09-30T19:20:22.721+0000] {dag.py:2676} INFO - Sync 1 DAGs
[2026-09-30T19:20:22.753+0000] {logging_mixin.py:137} INFO - [2026-09-30T19:20:22.753+0000] {dag.py:3427} INFO - Setting next_dagrun for example_kubernetes_executor to None, run_after=None
[2026-09-30T19:20:22.778+0000] {processor.py:175} INFO - Processing /home/airflow/.local/lib/python3.7/site-packages/airflow/example_dags/example_kubernetes_executor.py took 0.198 seconds
[2026-09-30T19:20:53.407+0000] {processor.py:153} INFO - Started process (PID=1826) to work on /home/airflow/.local/lib/python3.7/site-packages/airflow/example_dags/example_kubernetes_executor.py
[2026-09-30T19:20:53.408+0000] {processor.py:743} INFO - Processing file /home/airflow/.local/lib/python3.7/site-packages/airflow/example_dags/example_kubernetes_executor.py for tasks to queue
[2026-09-30T19:20:53.409+0000] {logging_mixin.py:137} INFO - [2026-09-30T19:20:53.408+0000] {dagbag.py:538} INFO - Filling up the DagBag from /home/airflow/.local/lib/python3.7/site-packages/airflow/example_dags/example_kubernetes_executor.py
[2026-09-30T19:20:53.443+0000] {processor.py:753} INFO - DAG(s) dict_keys(['example_kubernetes_executor']) retrieved from /home/airflow/.local/lib/python3.7/site-packages/airflow/example_dags/example_kubernetes_executor.py
[2026-09-30T19:20:53.494+0000] {logging_mixin.py:137} INFO - [2026-09-30T19:20:53.494+0000] {dag.py:2676} INFO - Sync 1 DAGs
[2026-09-30T19:20:53.524+0000] {logging_mixin.py:137} INFO - [2026-09-30T19:20:53.524+0000] {dag.py:3427} INFO - Setting next_dagrun for example_kubernetes_executor to None, run_after=None
[2026-09-30T19:20:53.545+0000] {processor.py:175} INFO - Processing /home/airflow/.local/lib/python3.7/site-packages/airflow/example_dags/example_kubernetes_executor.py took 0.143 seconds
[2026-09-30T19:21:23.998+0000] {processor.py:153} INFO - Started process (PID=1914) to work on /home/airflow/.local/lib/python3.7/site-packages/airflow/example_dags/example_kubernetes_executor.py
[2026-09-30T19:21:24.000+0000] {processor.py:743} INFO - Processing file /home/airflow/.local/lib/python3.7/site-packages/airflow/example_dags/example_kubernetes_executor.py for tasks to queue
[2026-09-30T19:21:24.001+0000] {logging_mixin.py:137} INFO - [2026-09-30T19:21:24.000+0000] {dagbag.py:538} INFO - Filling up the DagBag from /home/airflow/.local/lib/python3.7/site-packages/airflow/example_dags/example_kubernetes_executor.py
[2026-09-30T19:21:24.056+0000] {processor.py:753} INFO - DAG(s) dict_keys(['example_kubernetes_executor']) retrieved from /home/airflow/.local/lib/python3.7/site-packages/airflow/example_dags/example_kubernetes_executor.py
[2026-09-30T19:21:24.122+0000] {logging_mixin.py:137} INFO - [2026-09-30T19:21:24.122+0000] {dag.py:2676} INFO - Sync 1 DAGs
[2026-09-30T19:21:24.155+0000] {logging_mixin.py:137} INFO - [2026-09-30T19:21:24.154+0000] {dag.py:3427} INFO - Setting next_dagrun for example_kubernetes_executor to None, run_after=None
[2026-09-30T19:21:24.189+0000] {processor.py:175} INFO - Processing /home/airflow/.local/lib/python3.7/site-packages/airflow/example_dags/example_kubernetes_executor.py took 0.198 seconds
[2026-09-30T19:21:54.242+0000] {processor.py:153} INFO - Started process (PID=2004) to work on /home/airflow/.local/lib/python3.7/site-packages/airflow/example_dags/example_kubernetes_executor.py
[2026-09-30T19:21:54.244+0000] {processor.py:743} INFO - Processing file /home/airflow/.local/lib/python3.7/site-packages/airflow/example_dags/example_kubernetes_executor.py for tasks to queue
[2026-09-30T19:21:54.245+0000] {logging_mixin.py:137} INFO - [2026-09-30T19:21:54.245+0000] {dagbag.py:538} INFO - Filling up the DagBag from /home/airflow/.local/lib/python3.7/site-packages/airflow/example_dags/example_kubernetes_executor.py
[2026-09-30T19:21:54.298+0000] {processor.py:753} INFO - DAG(s) dict_keys(['example_kubernetes_executor']) retrieved from /home/airflow/.local/lib/python3.7/site-packages/airflow/example_dags/example_kubernetes_executor.py
[2026-09-30T19:21:54.361+0000] {logging_mixin.py:137} INFO - [2026-09-30T19:21:54.361+0000] {dag.py:2676} INFO - Sync 1 DAGs
[2026-09-30T19:21:54.393+0000] {logging_mixin.py:137} INFO - [2026-09-30T19:21:54.392+0000] {dag.py:3427} INFO - Setting next_dagrun for example_kubernetes_executor to None, run_after=None
[2026-09-30T19:21:54.417+0000] {processor.py:175} INFO - Processing /home/airflow/.local/lib/python3.7/site-packages/airflow/example_dags/example_kubernetes_executor.py took 0.182 seconds
[2026-09-30T19:22:25.085+0000] {processor.py:153} INFO - Started process (PID=2083) to work on /home/airflow/.local/lib/python3.7/site-packages/airflow/example_dags/example_kubernetes_executor.py
[2026-09-30T19:22:25.086+0000] {processor.py:743} INFO - Processing file /home/airflow/.local/lib/python3.7/site-packages/airflow/example_dags/example_kubernetes_executor.py for tasks to queue
[2026-09-30T19:22:25.087+0000] {logging_mixin.py:137} INFO - [2026-09-30T19:22:25.087+0000] {dagbag.py:538} INFO - Filling up the DagBag from /home/airflow/.local/lib/python3.7/site-packages/airflow/example_dags/example_kubernetes_executor.py
[2026-09-30T19:22:25.118+0000] {processor.py:753} INFO - DAG(s) dict_keys(['example_kubernetes_executor']) retrieved from /home/airflow/.local/lib/python3.7/site-packages/airflow/example_dags/example_kubernetes_executor.py
[2026-09-30T19:22:25.161+0000] {logging_mixin.py:137} INFO - [2026-09-30T19:22:25.161+0000] {dag.py:2676} INFO - Sync 1 DAGs
[2026-09-30T19:22:25.190+0000] {logging_mixin.py:137} INFO - [2026-09-30T19:22:25.190+0000] {dag.py:3427} INFO - Setting next_dagrun for example_kubernetes_executor to None, run_after=None
[2026-09-30T19:22:25.207+0000] {processor.py:175} INFO - Processing /home/airflow/.local/lib/python3.7/site-packages/airflow/example_dags/example_kubernetes_executor.py took 0.126 seconds
[2026-09-30T19:22:55.300+0000] {processor.py:153} INFO - Started process (PID=2166) to work on /home/airflow/.local/lib/python3.7/site-packages/airflow/example_dags/example_kubernetes_executor.py
[2026-09-30T19:22:55.302+0000] {processor.py:743} INFO - Processing file /home/airflow/.local/lib/python3.7/site-packages/airflow/example_dags/example_kubernetes_executor.py for tasks to queue
[2026-09-30T19:22:55.303+0000] {logging_mixin.py:137} INFO - [2026-09-30T19:22:55.303+0000] {dagbag.py:538} INFO - Filling up the DagBag from /home/airflow/.local/lib/python3.7/site-packages/airflow/example_dags/example_kubernetes_executor.py
[2026-09-30T19:22:55.345+0000] {processor.py:753} INFO - DAG(s) dict_keys(['example_kubernetes_executor']) retrieved from /home/airflow/.local/lib/python3.7/site-packages/airflow/example_dags/example_kubernetes_executor.py
[2026-09-30T19:22:55.396+0000] {logging_mixin.py:137} INFO - [2026-09-30T19:22:55.396+0000] {dag.py:2676} INFO - Sync 1 DAGs
[2026-09-30T19:22:55.427+0000] {logging_mixin.py:137} INFO - [2026-09-30T19:22:55.426+0000] {dag.py:3427} INFO - Setting next_dagrun for example_kubernetes_executor to None, run_after=None
[2026-09-30T19:22:55.447+0000] {processor.py:175} INFO - Processing /home/airflow/.local/lib/python3.7/site-packages/airflow/example_dags/example_kubernetes_executor.py took 0.153 seconds
[2026-09-30T19:23:26.157+0000] {processor.py:153} INFO - Started process (PID=2245) to work on /home/airflow/.local/lib/python3.7/site-packages/airflow/example_dags/example_kubernetes_executor.py
[2026-09-30T19:23:26.159+0000] {processor.py:743} INFO - Processing file /home/airflow/.local/lib/python3.7/site-packages/airflow/example_dags/example_kubernetes_executor.py for tasks to queue
[2026-09-30T19:23:26.161+0000] {logging_mixin.py:137} INFO - [2026-09-30T19:23:26.160+0000] {dagbag.py:538} INFO - Filling up the DagBag from /home/airflow/.local/lib/python3.7/site-packages/airflow/example_dags/example_kubernetes_executor.py
[2026-09-30T19:23:26.201+0000] {processor.py:753} INFO - DAG(s) dict_keys(['example_kubernetes_executor']) retrieved from /home/airflow/.local/lib/python3.7/site-packages/airflow/example_dags/example_kubernetes_executor.py
[2026-09-30T19:23:26.260+0000] {logging_mixin.py:137} INFO - [2026-09-30T19:23:26.260+0000] {dag.py:2676} INFO - Sync 1 DAGs
[2026-09-30T19:23:26.299+0000] {logging_mixin.py:137} INFO - [2026-09-30T19:23:26.299+0000] {dag.py:3427} INFO - Setting next_dagrun for example_kubernetes_executor to None, run_after=None
[2026-09-30T19:23:26.329+0000] {processor.py:175} INFO - Processing /home/airflow/.local/lib/python3.7/site-packages/airflow/example_dags/example_kubernetes_executor.py took 0.177 seconds
[2026-09-30T19:23:56.647+0000] {processor.py:153} INFO - Started process (PID=2348) to work on /home/airflow/.local/lib/python3.7/site-packages/airflow/example_dags/example_kubernetes_executor.py
[2026-09-30T19:23:56.649+0000] {processor.py:743} INFO - Processing file /home/airflow/.local/lib/python3.7/site-packages/airflow/example_dags/example_kubernetes_executor.py for tasks to queue
[2026-09-30T19:23:56.651+0000] {logging_mixin.py:137} INFO - [2026-09-30T19:23:56.650+0000] {dagbag.py:538} INFO - Filling up the DagBag from /home/airflow/.local/lib/python3.7/site-packages/airflow/example_dags/example_kubernetes_executor.py
[2026-09-30T19:23:56.738+0000] {processor.py:753} INFO - DAG(s) dict_keys(['example_kubernetes_executor']) retrieved from /home/airflow/.local/lib/python3.7/site-packages/airflow/example_dags/example_kubernetes_executor.py
[2026-09-30T19:23:56.813+0000] {logging_mixin.py:137} INFO - [2026-09-30T19:23:56.813+0000] {dag.py:2676} INFO - Sync 1 DAGs
[2026-09-30T19:23:56.847+0000] {logging_mixin.py:137} INFO - [2026-09-30T19:23:56.846+0000] {dag.py:3427} INFO - Setting next_dagrun for example_kubernetes_executor to None, run_after=None
[2026-09-30T19:23:56.872+0000] {processor.py:175} INFO - Processing /home/airflow/.local/lib/python3.7/site-packages/airflow/example_dags/example_kubernetes_executor.py took 0.228 seconds
[2026-09-30T19:24:27.227+0000] {processor.py:153} INFO - Started process (PID=2432) to work on /home/airflow/.local/lib/python3.7/site-packages/airflow/example_dags/example_kubernetes_executor.py
[2026-09-30T19:24:27.228+0000] {processor.py:743} INFO - Processing file /home/airflow/.local/lib/python3.7/site-packages/airflow/example_dags/example_kubernetes_executor.py for tasks to queue
[2026-09-30T19:24:27.229+0000] {logging_mixin.py:137} INFO - [2026-09-30T19:24:27.229+0000] {dagbag.py:538} INFO - Filling up the DagBag from /home/airflow/.local/lib/python3.7/site-packages/airflow/example_dags/example_kubernetes_executor.py
[2026-09-30T19:24:27.270+0000] {processor.py:753} INFO - DAG(s) dict_keys(['example_kubernetes_executor']) retrieved from /home/airflow/.local/lib/python3.7/site-packages/airflow/example_dags/example_kubernetes_executor.py
[2026-09-30T19:24:27.327+0000] {logging_mixin.py:137} INFO - [2026-09-30T19:24:27.326+0000] {dag.py:2676} INFO - Sync 1 DAGs
[2026-09-30T19:24:27.374+0000] {logging_mixin.py:137} INFO - [2026-09-30T19:24:27.374+0000] {dag.py:3427} INFO - Setting next_dagrun for example_kubernetes_executor to None, run_after=None
[2026-09-30T19:24:27.398+0000] {processor.py:175} INFO - Processing /home/airflow/.local/lib/python3.7/site-packages/airflow/example_dags/example_kubernetes_executor.py took 0.175 seconds
[2026-09-30T19:24:57.964+0000] {processor.py:153} INFO - Started process (PID=2511) to work on /home/airflow/.local/lib/python3.7/site-packages/airflow/example_dags/example_kubernetes_executor.py
[2026-09-30T19:24:57.965+0000] {processor.py:743} INFO - Processing file /home/airflow/.local/lib/python3.7/site-packages/airflow/example_dags/example_kubernetes_executor.py for tasks to queue
[2026-09-30T19:24:57.966+0000] {logging_mixin.py:137} INFO - [2026-09-30T19:24:57.966+0000] {dagbag.py:538} INFO - Filling up the DagBag from /home/airflow/.local/lib/python3.7/site-packages/airflow/example_dags/example_kubernetes_executor.py
[2026-09-30T19:24:58.023+0000] {processor.py:753} INFO - DAG(s) dict_keys(['example_kubernetes_executor']) retrieved from /home/airflow/.local/lib/python3.7/site-packages/airflow/example_dags/example_kubernetes_executor.py
[2026-09-30T19:24:58.085+0000] {logging_mixin.py:137} INFO - [2026-09-30T19:24:58.084+0000] {dag.py:2676} INFO - Sync 1 DAGs
[2026-09-30T19:24:58.118+0000] {logging_mixin.py:137} INFO - [2026-09-30T19:24:58.118+0000] {dag.py:3427} INFO - Setting next_dagrun for example_kubernetes_executor to None, run_after=None
[2026-09-30T19:24:58.137+0000] {processor.py:175} INFO - Processing /home/airflow/.local/lib/python3.7/site-packages/airflow/example_dags/example_kubernetes_executor.py took 0.180 seconds
[2026-09-30T19:25:28.206+0000] {processor.py:153} INFO - Started process (PID=2594) to work on /home/airflow/.local/lib/python3.7/site-packages/airflow/example_dags/example_kubernetes_executor.py
[2026-09-30T19:25:28.207+0000] {processor.py:743} INFO - Processing file /home/airflow/.local/lib/python3.7/site-packages/airflow/example_dags/example_kubernetes_executor.py for tasks to queue
[2026-09-30T19:25:28.208+0000] {logging_mixin.py:137} INFO - [2026-09-30T19:25:28.208+0000] {dagbag.py:538} INFO - Filling up the DagBag from /home/airflow/.local/lib/python3.7/site-packages/airflow/example_dags/example_kubernetes_executor.py
[2026-09-30T19:25:28.243+0000] {processor.py:753} INFO - DAG(s) dict_keys(['example_kubernetes_executor']) retrieved from /home/airflow/.local/lib/python3.7/site-packages/airflow/example_dags/example_kubernetes_executor.py
[2026-09-30T19:25:28.306+0000] {logging_mixin.py:137} INFO - [2026-09-30T19:25:28.305+0000] {dag.py:2676} INFO - Sync 1 DAGs
[2026-09-30T19:25:28.339+0000] {logging_mixin.py:137} INFO - [2026-09-30T19:25:28.339+0000] {dag.py:3427} INFO - Setting next_dagrun for example_kubernetes_executor to None, run_after=None
[2026-09-30T19:25:28.358+0000] {processor.py:175} INFO - Processing /home/airflow/.local/lib/python3.7/site-packages/airflow/example_dags/example_kubernetes_executor.py took 0.156 seconds
[2026-09-30T19:25:58.490+0000] {processor.py:153} INFO - Started process (PID=2692) to work on /home/airflow/.local/lib/python3.7/site-packages/airflow/example_dags/example_kubernetes_executor.py
[2026-09-30T19:25:58.491+0000] {processor.py:743} INFO - Processing file /home/airflow/.local/lib/python3.7/site-packages/airflow/example_dags/example_kubernetes_executor.py for tasks to queue
[2026-09-30T19:25:58.492+0000] {logging_mixin.py:137} INFO - [2026-09-30T19:25:58.492+0000] {dagbag.py:538} INFO - Filling up the DagBag from /home/airflow/.local/lib/python3.7/site-packages/airflow/example_dags/example_kubernetes_executor.py
[2026-09-30T19:25:58.537+0000] {processor.py:753} INFO - DAG(s) dict_keys(['example_kubernetes_executor']) retrieved from /home/airflow/.local/lib/python3.7/site-packages/airflow/example_dags/example_kubernetes_executor.py
[2026-09-30T19:25:58.594+0000] {logging_mixin.py:137} INFO - [2026-09-30T19:25:58.594+0000] {dag.py:2676} INFO - Sync 1 DAGs
[2026-09-30T19:25:58.629+0000] {logging_mixin.py:137} INFO - [2026-09-30T19:25:58.628+0000] {dag.py:3427} INFO - Setting next_dagrun for example_kubernetes_executor to None, run_after=None
[2026-09-30T19:25:58.651+0000] {processor.py:175} INFO - Processing /home/airflow/.local/lib/python3.7/site-packages/airflow/example_dags/example_kubernetes_executor.py took 0.164 seconds
[2026-09-30T19:26:29.268+0000] {processor.py:153} INFO - Started process (PID=2771) to work on /home/airflow/.local/lib/python3.7/site-packages/airflow/example_dags/example_kubernetes_executor.py
[2026-09-30T19:26:29.269+0000] {processor.py:743} INFO - Processing file /home/airflow/.local/lib/python3.7/site-packages/airflow/example_dags/example_kubernetes_executor.py for tasks to queue
[2026-09-30T19:26:29.270+0000] {logging_mixin.py:137} INFO - [2026-09-30T19:26:29.270+0000] {dagbag.py:538} INFO - Filling up the DagBag from /home/airflow/.local/lib/python3.7/site-packages/airflow/example_dags/example_kubernetes_executor.py
[2026-09-30T19:26:29.310+0000] {processor.py:753} INFO - DAG(s) dict_keys(['example_kubernetes_executor']) retrieved from /home/airflow/.local/lib/python3.7/site-packages/airflow/example_dags/example_kubernetes_executor.py
[2026-09-30T19:26:29.378+0000] {logging_mixin.py:137} INFO - [2026-09-30T19:26:29.378+0000] {dag.py:2676} INFO - Sync 1 DAGs
[2026-09-30T19:26:29.421+0000] {logging_mixin.py:137} INFO - [2026-09-30T19:26:29.421+0000] {dag.py:3427} INFO - Setting next_dagrun for example_kubernetes_executor to None, run_after=None
[2026-09-30T19:26:29.444+0000] {processor.py:175} INFO - Processing /home/airflow/.local/lib/python3.7/site-packages/airflow/example_dags/example_kubernetes_executor.py took 0.181 seconds
[2026-09-30T19:27:00.740+0000] {processor.py:153} INFO - Started process (PID=2850) to work on /home/airflow/.local/lib/python3.7/site-packages/airflow/example_dags/example_kubernetes_executor.py
[2026-09-30T19:27:00.742+0000] {processor.py:743} INFO - Processing file /home/airflow/.local/lib/python3.7/site-packages/airflow/example_dags/example_kubernetes_executor.py for tasks to queue
[2026-09-30T19:27:00.742+0000] {logging_mixin.py:137} INFO - [2026-09-30T19:27:00.742+0000] {dagbag.py:538} INFO - Filling up the DagBag from /home/airflow/.local/lib/python3.7/site-packages/airflow/example_dags/example_kubernetes_executor.py
[2026-09-30T19:27:00.794+0000] {processor.py:753} INFO - DAG(s) dict_keys(['example_kubernetes_executor']) retrieved from /home/airflow/.local/lib/python3.7/site-packages/airflow/example_dags/example_kubernetes_executor.py
[2026-09-30T19:27:00.870+0000] {logging_mixin.py:137} INFO - [2026-09-30T19:27:00.869+0000] {dag.py:2676} INFO - Sync 1 DAGs
[2026-09-30T19:27:00.922+0000] {logging_mixin.py:137} INFO - [2026-09-30T19:27:00.921+0000] {dag.py:3427} INFO - Setting next_dagrun for example_kubernetes_executor to None, run_after=None
[2026-09-30T19:27:00.942+0000] {processor.py:175} INFO - Processing /home/airflow/.local/lib/python3.7/site-packages/airflow/example_dags/example_kubernetes_executor.py took 0.205 seconds
[2026-09-30T19:27:31.003+0000] {processor.py:153} INFO - Started process (PID=2938) to work on /home/airflow/.local/lib/python3.7/site-packages/airflow/example_dags/example_kubernetes_executor.py
[2026-09-30T19:27:31.004+0000] {processor.py:743} INFO - Processing file /home/airflow/.local/lib/python3.7/site-packages/airflow/example_dags/example_kubernetes_executor.py for tasks to queue
[2026-09-30T19:27:31.005+0000] {logging_mixin.py:137} INFO - [2026-09-30T19:27:31.005+0000] {dagbag.py:538} INFO - Filling up the DagBag from /home/airflow/.local/lib/python3.7/site-packages/airflow/example_dags/example_kubernetes_executor.py
[2026-09-30T19:27:31.044+0000] {processor.py:753} INFO - DAG(s) dict_keys(['example_kubernetes_executor']) retrieved from /home/airflow/.local/lib/python3.7/site-packages/airflow/example_dags/example_kubernetes_executor.py
[2026-09-30T19:27:31.104+0000] {logging_mixin.py:137} INFO - [2026-09-30T19:27:31.104+0000] {dag.py:2676} INFO - Sync 1 DAGs
[2026-09-30T19:27:31.164+0000] {logging_mixin.py:137} INFO - [2026-09-30T19:27:31.163+0000] {dag.py:3427} INFO - Setting next_dagrun for example_kubernetes_executor to None, run_after=None
[2026-09-30T19:27:31.196+0000] {processor.py:175} INFO - Processing /home/airflow/.local/lib/python3.7/site-packages/airflow/example_dags/example_kubernetes_executor.py took 0.200 seconds
[2026-09-30T19:28:01.786+0000] {processor.py:153} INFO - Started process (PID=3028) to work on /home/airflow/.local/lib/python3.7/site-packages/airflow/example_dags/example_kubernetes_executor.py
[2026-09-30T19:28:01.787+0000] {processor.py:743} INFO - Processing file /home/airflow/.local/lib/python3.7/site-packages/airflow/example_dags/example_kubernetes_executor.py for tasks to queue
[2026-09-30T19:28:01.788+0000] {logging_mixin.py:137} INFO - [2026-09-30T19:28:01.788+0000] {dagbag.py:538} INFO - Filling up the DagBag from /home/airflow/.local/lib/python3.7/site-packages/airflow/example_dags/example_kubernetes_executor.py
[2026-09-30T19:28:01.829+0000] {processor.py:753} INFO - DAG(s) dict_keys(['example_kubernetes_executor']) retrieved from /home/airflow/.local/lib/python3.7/site-packages/airflow/example_dags/example_kubernetes_executor.py
[2026-09-30T19:28:01.901+0000] {logging_mixin.py:137} INFO - [2026-09-30T19:28:01.900+0000] {dag.py:2676} INFO - Sync 1 DAGs
[2026-09-30T19:28:01.936+0000] {logging_mixin.py:137} INFO - [2026-09-30T19:28:01.936+0000] {dag.py:3427} INFO - Setting next_dagrun for example_kubernetes_executor to None, run_after=None
[2026-09-30T19:28:01.958+0000] {processor.py:175} INFO - Processing /home/airflow/.local/lib/python3.7/site-packages/airflow/example_dags/example_kubernetes_executor.py took 0.176 seconds
[2026-09-30T19:28:32.158+0000] {processor.py:153} INFO - Started process (PID=3107) to work on /home/airflow/.local/lib/python3.7/site-packages/airflow/example_dags/example_kubernetes_executor.py
[2026-09-30T19:28:32.160+0000] {processor.py:743} INFO - Processing file /home/airflow/.local/lib/python3.7/site-packages/airflow/example_dags/example_kubernetes_executor.py for tasks to queue
[2026-09-30T19:28:32.161+0000] {logging_mixin.py:137} INFO - [2026-09-30T19:28:32.160+0000] {dagbag.py:538} INFO - Filling up the DagBag from /home/airflow/.local/lib/python3.7/site-packages/airflow/example_dags/example_kubernetes_executor.py
[2026-09-30T19:28:32.195+0000] {processor.py:753} INFO - DAG(s) dict_keys(['example_kubernetes_executor']) retrieved from /home/airflow/.local/lib/python3.7/site-packages/airflow/example_dags/example_kubernetes_executor.py
[2026-09-30T19:28:32.245+0000] {logging_mixin.py:137} INFO - [2026-09-30T19:28:32.245+0000] {dag.py:2676} INFO - Sync 1 DAGs
[2026-09-30T19:28:32.276+0000] {logging_mixin.py:137} INFO - [2026-09-30T19:28:32.276+0000] {dag.py:3427} INFO - Setting next_dagrun for example_kubernetes_executor to None, run_after=None
[2026-09-30T19:28:32.299+0000] {processor.py:175} INFO - Processing /home/airflow/.local/lib/python3.7/site-packages/airflow/example_dags/example_kubernetes_executor.py took 0.144 seconds
[2026-09-30T19:29:02.792+0000] {processor.py:153} INFO - Started process (PID=3186) to work on /home/airflow/.local/lib/python3.7/site-packages/airflow/example_dags/example_kubernetes_executor.py
[2026-09-30T19:29:02.793+0000] {processor.py:743} INFO - Processing file /home/airflow/.local/lib/python3.7/site-packages/airflow/example_dags/example_kubernetes_executor.py for tasks to queue
[2026-09-30T19:29:02.793+0000] {logging_mixin.py:137} INFO - [2026-09-30T19:29:02.793+0000] {dagbag.py:538} INFO - Filling up the DagBag from /home/airflow/.local/lib/python3.7/site-packages/airflow/example_dags/example_kubernetes_executor.py
[2026-09-30T19:29:02.829+0000] {processor.py:753} INFO - DAG(s) dict_keys(['example_kubernetes_executor']) retrieved from /home/airflow/.local/lib/python3.7/site-packages/airflow/example_dags/example_kubernetes_executor.py
[2026-09-30T19:29:02.883+0000] {logging_mixin.py:137} INFO - [2026-09-30T19:29:02.883+0000] {dag.py:2676} INFO - Sync 1 DAGs
[2026-09-30T19:29:02.926+0000] {logging_mixin.py:137} INFO - [2026-09-30T19:29:02.926+0000] {dag.py:3427} INFO - Setting next_dagrun for example_kubernetes_executor to None, run_after=None
[2026-09-30T19:29:02.944+0000] {processor.py:175} INFO - Processing /home/airflow/.local/lib/python3.7/site-packages/airflow/example_dags/example_kubernetes_executor.py took 0.158 seconds
[2026-09-30T19:29:34.007+0000] {processor.py:153} INFO - Started process (PID=3265) to work on /home/airflow/.local/lib/python3.7/site-packages/airflow/example_dags/example_kubernetes_executor.py
[2026-09-30T19:29:34.008+0000] {processor.py:743} INFO - Processing file /home/airflow/.local/lib/python3.7/site-packages/airflow/example_dags/example_kubernetes_executor.py for tasks to queue
[2026-09-30T19:29:34.009+0000] {logging_mixin.py:137} INFO - [2026-09-30T19:29:34.009+0000] {dagbag.py:538} INFO - Filling up the DagBag from /home/airflow/.local/lib/python3.7/site-packages/airflow/example_dags/example_kubernetes_executor.py
[2026-09-30T19:29:34.051+0000] {processor.py:753} INFO - DAG(s) dict_keys(['example_kubernetes_executor']) retrieved from /home/airflow/.local/lib/python3.7/site-packages/airflow/example_dags/example_kubernetes_executor.py
[2026-09-30T19:29:34.117+0000] {logging_mixin.py:137} INFO - [2026-09-30T19:29:34.117+0000] {dag.py:2676} INFO - Sync 1 DAGs
[2026-09-30T19:29:34.158+0000] {logging_mixin.py:137} INFO - [2026-09-30T19:29:34.157+0000] {dag.py:3427} INFO - Setting next_dagrun for example_kubernetes_executor to None, run_after=None
[2026-09-30T19:29:34.184+0000] {processor.py:175} INFO - Processing /home/airflow/.local/lib/python3.7/site-packages/airflow/example_dags/example_kubernetes_executor.py took 0.181 seconds
[2026-09-30T19:30:04.689+0000] {processor.py:153} INFO - Started process (PID=3364) to work on /home/airflow/.local/lib/python3.7/site-packages/airflow/example_dags/example_kubernetes_executor.py
[2026-09-30T19:30:04.690+0000] {processor.py:743} INFO - Processing file /home/airflow/.local/lib/python3.7/site-packages/airflow/example_dags/example_kubernetes_executor.py for tasks to queue
[2026-09-30T19:30:04.690+0000] {logging_mixin.py:137} INFO - [2026-09-30T19:30:04.690+0000] {dagbag.py:538} INFO - Filling up the DagBag from /home/airflow/.local/lib/python3.7/site-packages/airflow/example_dags/example_kubernetes_executor.py
[2026-09-30T19:30:04.727+0000] {processor.py:753} INFO - DAG(s) dict_keys(['example_kubernetes_executor']) retrieved from /home/airflow/.local/lib/python3.7/site-packages/airflow/example_dags/example_kubernetes_executor.py
[2026-09-30T19:30:04.789+0000] {logging_mixin.py:137} INFO - [2026-09-30T19:30:04.789+0000] {dag.py:2676} INFO - Sync 1 DAGs
[2026-09-30T19:30:04.825+0000] {logging_mixin.py:137} INFO - [2026-09-30T19:30:04.825+0000] {dag.py:3427} INFO - Setting next_dagrun for example_kubernetes_executor to None, run_after=None
[2026-09-30T19:30:04.849+0000] {processor.py:175} INFO - Processing /home/airflow/.local/lib/python3.7/site-packages/airflow/example_dags/example_kubernetes_executor.py took 0.165 seconds
[2026-09-30T19:30:35.087+0000] {processor.py:153} INFO - Started process (PID=3443) to work on /home/airflow/.local/lib/python3.7/site-packages/airflow/example_dags/example_kubernetes_executor.py
[2026-09-30T19:30:35.088+0000] {processor.py:743} INFO - Processing file /home/airflow/.local/lib/python3.7/site-packages/airflow/example_dags/example_kubernetes_executor.py for tasks to queue
[2026-09-30T19:30:35.089+0000] {logging_mixin.py:137} INFO - [2026-09-30T19:30:35.088+0000] {dagbag.py:538} INFO - Filling up the DagBag from /home/airflow/.local/lib/python3.7/site-packages/airflow/example_dags/example_kubernetes_executor.py
[2026-09-30T19:30:35.128+0000] {processor.py:753} INFO - DAG(s) dict_keys(['example_kubernetes_executor']) retrieved from /home/airflow/.local/lib/python3.7/site-packages/airflow/example_dags/example_kubernetes_executor.py
[2026-09-30T19:30:35.182+0000] {logging_mixin.py:137} INFO - [2026-09-30T19:30:35.182+0000] {dag.py:2676} INFO - Sync 1 DAGs
[2026-09-30T19:30:35.216+0000] {logging_mixin.py:137} INFO - [2026-09-30T19:30:35.215+0000] {dag.py:3427} INFO - Setting next_dagrun for example_kubernetes_executor to None, run_after=None
[2026-09-30T19:30:35.238+0000] {processor.py:175} INFO - Processing /home/airflow/.local/lib/python3.7/site-packages/airflow/example_dags/example_kubernetes_executor.py took 0.155 seconds
[2026-09-30T19:31:05.708+0000] {processor.py:153} INFO - Started process (PID=3522) to work on /home/airflow/.local/lib/python3.7/site-packages/airflow/example_dags/example_kubernetes_executor.py
[2026-09-30T19:31:05.709+0000] {processor.py:743} INFO - Processing file /home/airflow/.local/lib/python3.7/site-packages/airflow/example_dags/example_kubernetes_executor.py for tasks to queue
[2026-09-30T19:31:05.710+0000] {logging_mixin.py:137} INFO - [2026-09-30T19:31:05.709+0000] {dagbag.py:538} INFO - Filling up the DagBag from /home/airflow/.local/lib/python3.7/site-packages/airflow/example_dags/example_kubernetes_executor.py
[2026-09-30T19:31:05.749+0000] {processor.py:753} INFO - DAG(s) dict_keys(['example_kubernetes_executor']) retrieved from /home/airflow/.local/lib/python3.7/site-packages/airflow/example_dags/example_kubernetes_executor.py
[2026-09-30T19:31:05.810+0000] {logging_mixin.py:137} INFO - [2026-09-30T19:31:05.810+0000] {dag.py:2676} INFO - Sync 1 DAGs
[2026-09-30T19:31:05.846+0000] {logging_mixin.py:137} INFO - [2026-09-30T19:31:05.846+0000] {dag.py:3427} INFO - Setting next_dagrun for example_kubernetes_executor to None, run_after=None
[2026-09-30T19:31:05.870+0000] {processor.py:175} INFO - Processing /home/airflow/.local/lib/python3.7/site-packages/airflow/example_dags/example_kubernetes_executor.py took 0.166 seconds
[2026-09-30T19:31:36.708+0000] {processor.py:153} INFO - Started process (PID=3610) to work on /home/airflow/.local/lib/python3.7/site-packages/airflow/example_dags/example_kubernetes_executor.py
[2026-09-30T19:31:36.710+0000] {processor.py:743} INFO - Processing file /home/airflow/.local/lib/python3.7/site-packages/airflow/example_dags/example_kubernetes_executor.py for tasks to queue
[2026-09-30T19:31:36.710+0000] {logging_mixin.py:137} INFO - [2026-09-30T19:31:36.710+0000] {dagbag.py:538} INFO - Filling up the DagBag from /home/airflow/.local/lib/python3.7/site-packages/airflow/example_dags/example_kubernetes_executor.py
[2026-09-30T19:31:36.751+0000] {processor.py:753} INFO - DAG(s) dict_keys(['example_kubernetes_executor']) retrieved from /home/airflow/.local/lib/python3.7/site-packages/airflow/example_dags/example_kubernetes_executor.py
[2026-09-30T19:31:36.807+0000] {logging_mixin.py:137} INFO - [2026-09-30T19:31:36.807+0000] {dag.py:2676} INFO - Sync 1 DAGs
[2026-09-30T19:31:36.839+0000] {logging_mixin.py:137} INFO - [2026-09-30T19:31:36.839+0000] {dag.py:3427} INFO - Setting next_dagrun for example_kubernetes_executor to None, run_after=None
[2026-09-30T19:31:36.862+0000] {processor.py:175} INFO - Processing /home/airflow/.local/lib/python3.7/site-packages/airflow/example_dags/example_kubernetes_executor.py took 0.158 seconds
[2026-09-30T19:32:07.030+0000] {processor.py:153} INFO - Started process (PID=3700) to work on /home/airflow/.local/lib/python3.7/site-packages/airflow/example_dags/example_kubernetes_executor.py
[2026-09-30T19:32:07.031+0000] {processor.py:743} INFO - Processing file /home/airflow/.local/lib/python3.7/site-packages/airflow/example_dags/example_kubernetes_executor.py for tasks to queue
[2026-09-30T19:32:07.032+0000] {logging_mixin.py:137} INFO - [2026-09-30T19:32:07.032+0000] {dagbag.py:538} INFO - Filling up the DagBag from /home/airflow/.local/lib/python3.7/site-packages/airflow/example_dags/example_kubernetes_executor.py
[2026-09-30T19:32:07.067+0000] {processor.py:753} INFO - DAG(s) dict_keys(['example_kubernetes_executor']) retrieved from /home/airflow/.local/lib/python3.7/site-packages/airflow/example_dags/example_kubernetes_executor.py
[2026-09-30T19:32:07.115+0000] {logging_mixin.py:137} INFO - [2026-09-30T19:32:07.115+0000] {dag.py:2676} INFO - Sync 1 DAGs
[2026-09-30T19:32:07.144+0000] {logging_mixin.py:137} INFO - [2026-09-30T19:32:07.144+0000] {dag.py:3427} INFO - Setting next_dagrun for example_kubernetes_executor to None, run_after=None
[2026-09-30T19:32:07.166+0000] {processor.py:175} INFO - Processing /home/airflow/.local/lib/python3.7/site-packages/airflow/example_dags/example_kubernetes_executor.py took 0.140 seconds
[2026-09-30T19:32:38.020+0000] {processor.py:153} INFO - Started process (PID=3779) to work on /home/airflow/.local/lib/python3.7/site-packages/airflow/example_dags/example_kubernetes_executor.py
[2026-09-30T19:32:38.021+0000] {processor.py:743} INFO - Processing file /home/airflow/.local/lib/python3.7/site-packages/airflow/example_dags/example_kubernetes_executor.py for tasks to queue
[2026-09-30T19:32:38.022+0000] {logging_mixin.py:137} INFO - [2026-09-30T19:32:38.022+0000] {dagbag.py:538} INFO - Filling up the DagBag from /home/airflow/.local/lib/python3.7/site-packages/airflow/example_dags/example_kubernetes_executor.py
[2026-09-30T19:32:38.058+0000] {processor.py:753} INFO - DAG(s) dict_keys(['example_kubernetes_executor']) retrieved from /home/airflow/.local/lib/python3.7/site-packages/airflow/example_dags/example_kubernetes_executor.py
[2026-09-30T19:32:38.112+0000] {logging_mixin.py:137} INFO - [2026-09-30T19:32:38.112+0000] {dag.py:2676} INFO - Sync 1 DAGs
[2026-09-30T19:32:38.151+0000] {logging_mixin.py:137} INFO - [2026-09-30T19:32:38.151+0000] {dag.py:3427} INFO - Setting next_dagrun for example_kubernetes_executor to None, run_after=None
[2026-09-30T19:32:38.187+0000] {processor.py:175} INFO - Processing /home/airflow/.local/lib/python3.7/site-packages/airflow/example_dags/example_kubernetes_executor.py took 0.172 seconds
[2026-09-30T19:33:08.431+0000] {processor.py:153} INFO - Started process (PID=3858) to work on /home/airflow/.local/lib/python3.7/site-packages/airflow/example_dags/example_kubernetes_executor.py
[2026-09-30T19:33:08.432+0000] {processor.py:743} INFO - Processing file /home/airflow/.local/lib/python3.7/site-packages/airflow/example_dags/example_kubernetes_executor.py for tasks to queue
[2026-09-30T19:33:08.433+0000] {logging_mixin.py:137} INFO - [2026-09-30T19:33:08.433+0000] {dagbag.py:538} INFO - Filling up the DagBag from /home/airflow/.local/lib/python3.7/site-packages/airflow/example_dags/example_kubernetes_executor.py
[2026-09-30T19:33:08.475+0000] {processor.py:753} INFO - DAG(s) dict_keys(['example_kubernetes_executor']) retrieved from /home/airflow/.local/lib/python3.7/site-packages/airflow/example_dags/example_kubernetes_executor.py
[2026-09-30T19:33:08.527+0000] {logging_mixin.py:137} INFO - [2026-09-30T19:33:08.527+0000] {dag.py:2676} INFO - Sync 1 DAGs
[2026-09-30T19:33:08.559+0000] {logging_mixin.py:137} INFO - [2026-09-30T19:33:08.559+0000] {dag.py:3427} INFO - Setting next_dagrun for example_kubernetes_executor to None, run_after=None
[2026-09-30T19:33:08.583+0000] {processor.py:175} INFO - Processing /home/airflow/.local/lib/python3.7/site-packages/airflow/example_dags/example_kubernetes_executor.py took 0.156 seconds
[2026-09-30T19:33:39.586+0000] {processor.py:153} INFO - Started process (PID=3957) to work on /home/airflow/.local/lib/python3.7/site-packages/airflow/example_dags/example_kubernetes_executor.py
[2026-09-30T19:33:39.588+0000] {processor.py:743} INFO - Processing file /home/airflow/.local/lib/python3.7/site-packages/airflow/example_dags/example_kubernetes_executor.py for tasks to queue
[2026-09-30T19:33:39.588+0000] {logging_mixin.py:137} INFO - [2026-09-30T19:33:39.588+0000] {dagbag.py:538} INFO - Filling up the DagBag from /home/airflow/.local/lib/python3.7/site-packages/airflow/example_dags/example_kubernetes_executor.py
[2026-09-30T19:33:39.625+0000] {processor.py:753} INFO - DAG(s) dict_keys(['example_kubernetes_executor']) retrieved from /home/airflow/.local/lib/python3.7/site-packages/airflow/example_dags/example_kubernetes_executor.py
[2026-09-30T19:33:39.706+0000] {logging_mixin.py:137} INFO - [2026-09-30T19:33:39.706+0000] {dag.py:2676} INFO - Sync 1 DAGs
[2026-09-30T19:33:39.752+0000] {logging_mixin.py:137} INFO - [2026-09-30T19:33:39.752+0000] {dag.py:3427} INFO - Setting next_dagrun for example_kubernetes_executor to None, run_after=None
[2026-09-30T19:33:39.780+0000] {processor.py:175} INFO - Processing /home/airflow/.local/lib/python3.7/site-packages/airflow/example_dags/example_kubernetes_executor.py took 0.198 seconds
[2026-09-30T19:34:10.648+0000] {processor.py:153} INFO - Started process (PID=4036) to work on /home/airflow/.local/lib/python3.7/site-packages/airflow/example_dags/example_kubernetes_executor.py
[2026-09-30T19:34:10.649+0000] {processor.py:743} INFO - Processing file /home/airflow/.local/lib/python3.7/site-packages/airflow/example_dags/example_kubernetes_executor.py for tasks to queue
[2026-09-30T19:34:10.650+0000] {logging_mixin.py:137} INFO - [2026-09-30T19:34:10.650+0000] {dagbag.py:538} INFO - Filling up the DagBag from /home/airflow/.local/lib/python3.7/site-packages/airflow/example_dags/example_kubernetes_executor.py
[2026-09-30T19:34:10.695+0000] {processor.py:753} INFO - DAG(s) dict_keys(['example_kubernetes_executor']) retrieved from /home/airflow/.local/lib/python3.7/site-packages/airflow/example_dags/example_kubernetes_executor.py
[2026-09-30T19:34:10.761+0000] {logging_mixin.py:137} INFO - [2026-09-30T19:34:10.760+0000] {dag.py:2676} INFO - Sync 1 DAGs
[2026-09-30T19:34:10.798+0000] {logging_mixin.py:137} INFO - [2026-09-30T19:34:10.798+0000] {dag.py:3427} INFO - Setting next_dagrun for example_kubernetes_executor to None, run_after=None
[2026-09-30T19:34:10.822+0000] {processor.py:175} INFO - Processing /home/airflow/.local/lib/python3.7/site-packages/airflow/example_dags/example_kubernetes_executor.py took 0.178 seconds
[2026-09-30T19:34:41.611+0000] {processor.py:153} INFO - Started process (PID=4115) to work on /home/airflow/.local/lib/python3.7/site-packages/airflow/example_dags/example_kubernetes_executor.py
[2026-09-30T19:34:41.613+0000] {processor.py:743} INFO - Processing file /home/airflow/.local/lib/python3.7/site-packages/airflow/example_dags/example_kubernetes_executor.py for tasks to queue
[2026-09-30T19:34:41.614+0000] {logging_mixin.py:137} INFO - [2026-09-30T19:34:41.614+0000] {dagbag.py:538} INFO - Filling up the DagBag from /home/airflow/.local/lib/python3.7/site-packages/airflow/example_dags/example_kubernetes_executor.py
[2026-09-30T19:34:41.672+0000] {processor.py:753} INFO - DAG(s) dict_keys(['example_kubernetes_executor']) retrieved from /home/airflow/.local/lib/python3.7/site-packages/airflow/example_dags/example_kubernetes_executor.py
[2026-09-30T19:34:41.735+0000] {logging_mixin.py:137} INFO - [2026-09-30T19:34:41.735+0000] {dag.py:2676} INFO - Sync 1 DAGs
[2026-09-30T19:34:41.768+0000] {logging_mixin.py:137} INFO - [2026-09-30T19:34:41.768+0000] {dag.py:3427} INFO - Setting next_dagrun for example_kubernetes_executor to None, run_after=None
[2026-09-30T19:34:41.793+0000] {processor.py:175} INFO - Processing /home/airflow/.local/lib/python3.7/site-packages/airflow/example_dags/example_kubernetes_executor.py took 0.187 seconds
[2026-09-30T19:35:12.305+0000] {processor.py:153} INFO - Started process (PID=4194) to work on /home/airflow/.local/lib/python3.7/site-packages/airflow/example_dags/example_kubernetes_executor.py
[2026-09-30T19:35:12.307+0000] {processor.py:743} INFO - Processing file /home/airflow/.local/lib/python3.7/site-packages/airflow/example_dags/example_kubernetes_executor.py for tasks to queue
[2026-09-30T19:35:12.307+0000] {logging_mixin.py:137} INFO - [2026-09-30T19:35:12.307+0000] {dagbag.py:538} INFO - Filling up the DagBag from /home/airflow/.local/lib/python3.7/site-packages/airflow/example_dags/example_kubernetes_executor.py
[2026-09-30T19:35:12.368+0000] {processor.py:753} INFO - DAG(s) dict_keys(['example_kubernetes_executor']) retrieved from /home/airflow/.local/lib/python3.7/site-packages/airflow/example_dags/example_kubernetes_executor.py
[2026-09-30T19:35:12.444+0000] {logging_mixin.py:137} INFO - [2026-09-30T19:35:12.444+0000] {dag.py:2676} INFO - Sync 1 DAGs
[2026-09-30T19:35:12.484+0000] {logging_mixin.py:137} INFO - [2026-09-30T19:35:12.484+0000] {dag.py:3427} INFO - Setting next_dagrun for example_kubernetes_executor to None, run_after=None
[2026-09-30T19:35:12.509+0000] {processor.py:175} INFO - Processing /home/airflow/.local/lib/python3.7/site-packages/airflow/example_dags/example_kubernetes_executor.py took 0.209 seconds
[2026-09-30T19:35:43.146+0000] {processor.py:153} INFO - Started process (PID=4282) to work on /home/airflow/.local/lib/python3.7/site-packages/airflow/example_dags/example_kubernetes_executor.py
[2026-09-30T19:35:43.147+0000] {processor.py:743} INFO - Processing file /home/airflow/.local/lib/python3.7/site-packages/airflow/example_dags/example_kubernetes_executor.py for tasks to queue
[2026-09-30T19:35:43.148+0000] {logging_mixin.py:137} INFO - [2026-09-30T19:35:43.148+0000] {dagbag.py:538} INFO - Filling up the DagBag from /home/airflow/.local/lib/python3.7/site-packages/airflow/example_dags/example_kubernetes_executor.py
[2026-09-30T19:35:43.193+0000] {processor.py:753} INFO - DAG(s) dict_keys(['example_kubernetes_executor']) retrieved from /home/airflow/.local/lib/python3.7/site-packages/airflow/example_dags/example_kubernetes_executor.py
[2026-09-30T19:35:43.249+0000] {logging_mixin.py:137} INFO - [2026-09-30T19:35:43.249+0000] {dag.py:2676} INFO - Sync 1 DAGs
[2026-09-30T19:35:43.279+0000] {logging_mixin.py:137} INFO - [2026-09-30T19:35:43.279+0000] {dag.py:3427} INFO - Setting next_dagrun for example_kubernetes_executor to None, run_after=None
[2026-09-30T19:35:43.299+0000] {processor.py:175} INFO - Processing /home/airflow/.local/lib/python3.7/site-packages/airflow/example_dags/example_kubernetes_executor.py took 0.159 seconds
[2026-09-30T19:36:13.657+0000] {processor.py:153} INFO - Started process (PID=4372) to work on /home/airflow/.local/lib/python3.7/site-packages/airflow/example_dags/example_kubernetes_executor.py
[2026-09-30T19:36:13.659+0000] {processor.py:743} INFO - Processing file /home/airflow/.local/lib/python3.7/site-packages/airflow/example_dags/example_kubernetes_executor.py for tasks to queue
[2026-09-30T19:36:13.660+0000] {logging_mixin.py:137} INFO - [2026-09-30T19:36:13.660+0000] {dagbag.py:538} INFO - Filling up the DagBag from /home/airflow/.local/lib/python3.7/site-packages/airflow/example_dags/example_kubernetes_executor.py
[2026-09-30T19:36:13.698+0000] {processor.py:753} INFO - DAG(s) dict_keys(['example_kubernetes_executor']) retrieved from /home/airflow/.local/lib/python3.7/site-packages/airflow/example_dags/example_kubernetes_executor.py
[2026-09-30T19:36:13.753+0000] {logging_mixin.py:137} INFO - [2026-09-30T19:36:13.753+0000] {dag.py:2676} INFO - Sync 1 DAGs
[2026-09-30T19:36:13.789+0000] {logging_mixin.py:137} INFO - [2026-09-30T19:36:13.788+0000] {dag.py:3427} INFO - Setting next_dagrun for example_kubernetes_executor to None, run_after=None
[2026-09-30T19:36:13.815+0000] {processor.py:175} INFO - Processing /home/airflow/.local/lib/python3.7/site-packages/airflow/example_dags/example_kubernetes_executor.py took 0.163 seconds
[2026-09-30T19:36:43.871+0000] {processor.py:153} INFO - Started process (PID=4451) to work on /home/airflow/.local/lib/python3.7/site-packages/airflow/example_dags/example_kubernetes_executor.py
[2026-09-30T19:36:43.872+0000] {processor.py:743} INFO - Processing file /home/airflow/.local/lib/python3.7/site-packages/airflow/example_dags/example_kubernetes_executor.py for tasks to queue
[2026-09-30T19:36:43.873+0000] {logging_mixin.py:137} INFO - [2026-09-30T19:36:43.873+0000] {dagbag.py:538} INFO - Filling up the DagBag from /home/airflow/.local/lib/python3.7/site-packages/airflow/example_dags/example_kubernetes_executor.py
[2026-09-30T19:36:43.911+0000] {processor.py:753} INFO - DAG(s) dict_keys(['example_kubernetes_executor']) retrieved from /home/airflow/.local/lib/python3.7/site-packages/airflow/example_dags/example_kubernetes_executor.py
[2026-09-30T19:36:43.965+0000] {logging_mixin.py:137} INFO - [2026-09-30T19:36:43.965+0000] {dag.py:2676} INFO - Sync 1 DAGs
[2026-09-30T19:36:43.997+0000] {logging_mixin.py:137} INFO - [2026-09-30T19:36:43.997+0000] {dag.py:3427} INFO - Setting next_dagrun for example_kubernetes_executor to None, run_after=None
[2026-09-30T19:36:44.018+0000] {processor.py:175} INFO - Processing /home/airflow/.local/lib/python3.7/site-packages/airflow/example_dags/example_kubernetes_executor.py took 0.152 seconds
[2026-09-30T19:37:14.187+0000] {processor.py:153} INFO - Started process (PID=4530) to work on /home/airflow/.local/lib/python3.7/site-packages/airflow/example_dags/example_kubernetes_executor.py
[2026-09-30T19:37:14.188+0000] {processor.py:743} INFO - Processing file /home/airflow/.local/lib/python3.7/site-packages/airflow/example_dags/example_kubernetes_executor.py for tasks to queue
[2026-09-30T19:37:14.188+0000] {logging_mixin.py:137} INFO - [2026-09-30T19:37:14.188+0000] {dagbag.py:538} INFO - Filling up the DagBag from /home/airflow/.local/lib/python3.7/site-packages/airflow/example_dags/example_kubernetes_executor.py
[2026-09-30T19:37:14.222+0000] {processor.py:753} INFO - DAG(s) dict_keys(['example_kubernetes_executor']) retrieved from /home/airflow/.local/lib/python3.7/site-packages/airflow/example_dags/example_kubernetes_executor.py
[2026-09-30T19:37:14.276+0000] {logging_mixin.py:137} INFO - [2026-09-30T19:37:14.276+0000] {dag.py:2676} INFO - Sync 1 DAGs
[2026-09-30T19:37:14.313+0000] {logging_mixin.py:137} INFO - [2026-09-30T19:37:14.312+0000] {dag.py:3427} INFO - Setting next_dagrun for example_kubernetes_executor to None, run_after=None
[2026-09-30T19:37:14.335+0000] {processor.py:175} INFO - Processing /home/airflow/.local/lib/python3.7/site-packages/airflow/example_dags/example_kubernetes_executor.py took 0.153 seconds
[2026-09-30T19:37:44.658+0000] {processor.py:153} INFO - Started process (PID=4618) to work on /home/airflow/.local/lib/python3.7/site-packages/airflow/example_dags/example_kubernetes_executor.py
[2026-09-30T19:37:44.658+0000] {processor.py:743} INFO - Processing file /home/airflow/.local/lib/python3.7/site-packages/airflow/example_dags/example_kubernetes_executor.py for tasks to queue
[2026-09-30T19:37:44.659+0000] {logging_mixin.py:137} INFO - [2026-09-30T19:37:44.659+0000] {dagbag.py:538} INFO - Filling up the DagBag from /home/airflow/.local/lib/python3.7/site-packages/airflow/example_dags/example_kubernetes_executor.py
[2026-09-30T19:37:44.694+0000] {processor.py:753} INFO - DAG(s) dict_keys(['example_kubernetes_executor']) retrieved from /home/airflow/.local/lib/python3.7/site-packages/airflow/example_dags/example_kubernetes_executor.py
[2026-09-30T19:37:44.746+0000] {logging_mixin.py:137} INFO - [2026-09-30T19:37:44.745+0000] {dag.py:2676} INFO - Sync 1 DAGs
[2026-09-30T19:37:44.776+0000] {logging_mixin.py:137} INFO - [2026-09-30T19:37:44.776+0000] {dag.py:3427} INFO - Setting next_dagrun for example_kubernetes_executor to None, run_after=None
[2026-09-30T19:37:44.798+0000] {processor.py:175} INFO - Processing /home/airflow/.local/lib/python3.7/site-packages/airflow/example_dags/example_kubernetes_executor.py took 0.145 seconds
[2026-09-30T19:38:15.891+0000] {processor.py:153} INFO - Started process (PID=4711) to work on /home/airflow/.local/lib/python3.7/site-packages/airflow/example_dags/example_kubernetes_executor.py
[2026-09-30T19:38:15.892+0000] {processor.py:743} INFO - Processing file /home/airflow/.local/lib/python3.7/site-packages/airflow/example_dags/example_kubernetes_executor.py for tasks to queue
[2026-09-30T19:38:15.892+0000] {logging_mixin.py:137} INFO - [2026-09-30T19:38:15.892+0000] {dagbag.py:538} INFO - Filling up the DagBag from /home/airflow/.local/lib/python3.7/site-packages/airflow/example_dags/example_kubernetes_executor.py
[2026-09-30T19:38:15.938+0000] {processor.py:753} INFO - DAG(s) dict_keys(['example_kubernetes_executor']) retrieved from /home/airflow/.local/lib/python3.7/site-packages/airflow/example_dags/example_kubernetes_executor.py
[2026-09-30T19:38:15.996+0000] {logging_mixin.py:137} INFO - [2026-09-30T19:38:15.996+0000] {dag.py:2676} INFO - Sync 1 DAGs
[2026-09-30T19:38:16.034+0000] {logging_mixin.py:137} INFO - [2026-09-30T19:38:16.034+0000] {dag.py:3427} INFO - Setting next_dagrun for example_kubernetes_executor to None, run_after=None
[2026-09-30T19:38:16.057+0000] {processor.py:175} INFO - Processing /home/airflow/.local/lib/python3.7/site-packages/airflow/example_dags/example_kubernetes_executor.py took 0.170 seconds
[2026-09-30T19:38:46.640+0000] {processor.py:153} INFO - Started process (PID=4793) to work on /home/airflow/.local/lib/python3.7/site-packages/airflow/example_dags/example_kubernetes_executor.py
[2026-09-30T19:38:46.642+0000] {processor.py:743} INFO - Processing file /home/airflow/.local/lib/python3.7/site-packages/airflow/example_dags/example_kubernetes_executor.py for tasks to queue
[2026-09-30T19:38:46.643+0000] {logging_mixin.py:137} INFO - [2026-09-30T19:38:46.643+0000] {dagbag.py:538} INFO - Filling up the DagBag from /home/airflow/.local/lib/python3.7/site-packages/airflow/example_dags/example_kubernetes_executor.py
[2026-09-30T19:38:46.691+0000] {processor.py:753} INFO - DAG(s) dict_keys(['example_kubernetes_executor']) retrieved from /home/airflow/.local/lib/python3.7/site-packages/airflow/example_dags/example_kubernetes_executor.py
[2026-09-30T19:38:46.756+0000] {logging_mixin.py:137} INFO - [2026-09-30T19:38:46.756+0000] {dag.py:2676} INFO - Sync 1 DAGs
[2026-09-30T19:38:46.804+0000] {logging_mixin.py:137} INFO - [2026-09-30T19:38:46.804+0000] {dag.py:3427} INFO - Setting next_dagrun for example_kubernetes_executor to None, run_after=None
[2026-09-30T19:38:46.834+0000] {processor.py:175} INFO - Processing /home/airflow/.local/lib/python3.7/site-packages/airflow/example_dags/example_kubernetes_executor.py took 0.200 seconds
[2026-09-30T19:39:17.628+0000] {processor.py:153} INFO - Started process (PID=4877) to work on /home/airflow/.local/lib/python3.7/site-packages/airflow/example_dags/example_kubernetes_executor.py
[2026-09-30T19:39:17.630+0000] {processor.py:743} INFO - Processing file /home/airflow/.local/lib/python3.7/site-packages/airflow/example_dags/example_kubernetes_executor.py for tasks to queue
[2026-09-30T19:39:17.631+0000] {logging_mixin.py:137} INFO - [2026-09-30T19:39:17.631+0000] {dagbag.py:538} INFO - Filling up the DagBag from /home/airflow/.local/lib/python3.7/site-packages/airflow/example_dags/example_kubernetes_executor.py
[2026-09-30T19:39:17.687+0000] {processor.py:753} INFO - DAG(s) dict_keys(['example_kubernetes_executor']) retrieved from /home/airflow/.local/lib/python3.7/site-packages/airflow/example_dags/example_kubernetes_executor.py
[2026-09-30T19:39:17.753+0000] {logging_mixin.py:137} INFO - [2026-09-30T19:39:17.753+0000] {dag.py:2676} INFO - Sync 1 DAGs
[2026-09-30T19:39:17.790+0000] {logging_mixin.py:137} INFO - [2026-09-30T19:39:17.789+0000] {dag.py:3427} INFO - Setting next_dagrun for example_kubernetes_executor to None, run_after=None
[2026-09-30T19:39:17.810+0000] {processor.py:175} INFO - Processing /home/airflow/.local/lib/python3.7/site-packages/airflow/example_dags/example_kubernetes_executor.py took 0.187 seconds
[2026-09-30T19:39:48.119+0000] {processor.py:153} INFO - Started process (PID=4981) to work on /home/airflow/.local/lib/python3.7/site-packages/airflow/example_dags/example_kubernetes_executor.py
[2026-09-30T19:39:48.120+0000] {processor.py:743} INFO - Processing file /home/airflow/.local/lib/python3.7/site-packages/airflow/example_dags/example_kubernetes_executor.py for tasks to queue
[2026-09-30T19:39:48.121+0000] {logging_mixin.py:137} INFO - [2026-09-30T19:39:48.121+0000] {dagbag.py:538} INFO - Filling up the DagBag from /home/airflow/.local/lib/python3.7/site-packages/airflow/example_dags/example_kubernetes_executor.py
[2026-09-30T19:39:48.167+0000] {processor.py:753} INFO - DAG(s) dict_keys(['example_kubernetes_executor']) retrieved from /home/airflow/.local/lib/python3.7/site-packages/airflow/example_dags/example_kubernetes_executor.py
[2026-09-30T19:39:48.221+0000] {logging_mixin.py:137} INFO - [2026-09-30T19:39:48.221+0000] {dag.py:2676} INFO - Sync 1 DAGs
[2026-09-30T19:39:48.256+0000] {logging_mixin.py:137} INFO - [2026-09-30T19:39:48.255+0000] {dag.py:3427} INFO - Setting next_dagrun for example_kubernetes_executor to None, run_after=None
[2026-09-30T19:39:48.282+0000] {processor.py:175} INFO - Processing /home/airflow/.local/lib/python3.7/site-packages/airflow/example_dags/example_kubernetes_executor.py took 0.167 seconds
[2026-09-30T19:40:18.757+0000] {processor.py:153} INFO - Started process (PID=5065) to work on /home/airflow/.local/lib/python3.7/site-packages/airflow/example_dags/example_kubernetes_executor.py
[2026-09-30T19:40:18.758+0000] {processor.py:743} INFO - Processing file /home/airflow/.local/lib/python3.7/site-packages/airflow/example_dags/example_kubernetes_executor.py for tasks to queue
[2026-09-30T19:40:18.759+0000] {logging_mixin.py:137} INFO - [2026-09-30T19:40:18.759+0000] {dagbag.py:538} INFO - Filling up the DagBag from /home/airflow/.local/lib/python3.7/site-packages/airflow/example_dags/example_kubernetes_executor.py
[2026-09-30T19:40:18.800+0000] {processor.py:753} INFO - DAG(s) dict_keys(['example_kubernetes_executor']) retrieved from /home/airflow/.local/lib/python3.7/site-packages/airflow/example_dags/example_kubernetes_executor.py
[2026-09-30T19:40:18.854+0000] {logging_mixin.py:137} INFO - [2026-09-30T19:40:18.853+0000] {dag.py:2676} INFO - Sync 1 DAGs
[2026-09-30T19:40:18.893+0000] {logging_mixin.py:137} INFO - [2026-09-30T19:40:18.893+0000] {dag.py:3427} INFO - Setting next_dagrun for example_kubernetes_executor to None, run_after=None
[2026-09-30T19:40:18.913+0000] {processor.py:175} INFO - Processing /home/airflow/.local/lib/python3.7/site-packages/airflow/example_dags/example_kubernetes_executor.py took 0.160 seconds
[2026-09-30T19:40:49.548+0000] {processor.py:153} INFO - Started process (PID=5151) to work on /home/airflow/.local/lib/python3.7/site-packages/airflow/example_dags/example_kubernetes_executor.py
[2026-09-30T19:40:49.549+0000] {processor.py:743} INFO - Processing file /home/airflow/.local/lib/python3.7/site-packages/airflow/example_dags/example_kubernetes_executor.py for tasks to queue
[2026-09-30T19:40:49.549+0000] {logging_mixin.py:137} INFO - [2026-09-30T19:40:49.549+0000] {dagbag.py:538} INFO - Filling up the DagBag from /home/airflow/.local/lib/python3.7/site-packages/airflow/example_dags/example_kubernetes_executor.py
[2026-09-30T19:40:49.585+0000] {processor.py:753} INFO - DAG(s) dict_keys(['example_kubernetes_executor']) retrieved from /home/airflow/.local/lib/python3.7/site-packages/airflow/example_dags/example_kubernetes_executor.py
[2026-09-30T19:40:49.635+0000] {logging_mixin.py:137} INFO - [2026-09-30T19:40:49.635+0000] {dag.py:2676} INFO - Sync 1 DAGs
[2026-09-30T19:40:49.669+0000] {logging_mixin.py:137} INFO - [2026-09-30T19:40:49.668+0000] {dag.py:3427} INFO - Setting next_dagrun for example_kubernetes_executor to None, run_after=None
[2026-09-30T19:40:49.689+0000] {processor.py:175} INFO - Processing /home/airflow/.local/lib/python3.7/site-packages/airflow/example_dags/example_kubernetes_executor.py took 0.146 seconds
[2026-09-30T19:41:20.034+0000] {processor.py:153} INFO - Started process (PID=5256) to work on /home/airflow/.local/lib/python3.7/site-packages/airflow/example_dags/example_kubernetes_executor.py
[2026-09-30T19:41:20.035+0000] {processor.py:743} INFO - Processing file /home/airflow/.local/lib/python3.7/site-packages/airflow/example_dags/example_kubernetes_executor.py for tasks to queue
[2026-09-30T19:41:20.036+0000] {logging_mixin.py:137} INFO - [2026-09-30T19:41:20.036+0000] {dagbag.py:538} INFO - Filling up the DagBag from /home/airflow/.local/lib/python3.7/site-packages/airflow/example_dags/example_kubernetes_executor.py
[2026-09-30T19:41:20.074+0000] {processor.py:753} INFO - DAG(s) dict_keys(['example_kubernetes_executor']) retrieved from /home/airflow/.local/lib/python3.7/site-packages/airflow/example_dags/example_kubernetes_executor.py
[2026-09-30T19:41:20.130+0000] {logging_mixin.py:137} INFO - [2026-09-30T19:41:20.130+0000] {dag.py:2676} INFO - Sync 1 DAGs
[2026-09-30T19:41:20.160+0000] {logging_mixin.py:137} INFO - [2026-09-30T19:41:20.160+0000] {dag.py:3427} INFO - Setting next_dagrun for example_kubernetes_executor to None, run_after=None
[2026-09-30T19:41:20.178+0000] {processor.py:175} INFO - Processing /home/airflow/.local/lib/python3.7/site-packages/airflow/example_dags/example_kubernetes_executor.py took 0.148 seconds
[2026-09-30T19:41:50.526+0000] {processor.py:153} INFO - Started process (PID=5343) to work on /home/airflow/.local/lib/python3.7/site-packages/airflow/example_dags/example_kubernetes_executor.py
[2026-09-30T19:41:50.527+0000] {processor.py:743} INFO - Processing file /home/airflow/.local/lib/python3.7/site-packages/airflow/example_dags/example_kubernetes_executor.py for tasks to queue
[2026-09-30T19:41:50.528+0000] {logging_mixin.py:137} INFO - [2026-09-30T19:41:50.528+0000] {dagbag.py:538} INFO - Filling up the DagBag from /home/airflow/.local/lib/python3.7/site-packages/airflow/example_dags/example_kubernetes_executor.py
[2026-09-30T19:41:50.576+0000] {processor.py:753} INFO - DAG(s) dict_keys(['example_kubernetes_executor']) retrieved from /home/airflow/.local/lib/python3.7/site-packages/airflow/example_dags/example_kubernetes_executor.py
[2026-09-30T19:41:50.645+0000] {logging_mixin.py:137} INFO - [2026-09-30T19:41:50.644+0000] {dag.py:2676} INFO - Sync 1 DAGs
[2026-09-30T19:41:50.694+0000] {logging_mixin.py:137} INFO - [2026-09-30T19:41:50.693+0000] {dag.py:3427} INFO - Setting next_dagrun for example_kubernetes_executor to None, run_after=None
[2026-09-30T19:41:50.726+0000] {processor.py:175} INFO - Processing /home/airflow/.local/lib/python3.7/site-packages/airflow/example_dags/example_kubernetes_executor.py took 0.206 seconds
[2026-09-30T19:42:21.333+0000] {processor.py:153} INFO - Started process (PID=5429) to work on /home/airflow/.local/lib/python3.7/site-packages/airflow/example_dags/example_kubernetes_executor.py
[2026-09-30T19:42:21.334+0000] {processor.py:743} INFO - Processing file /home/airflow/.local/lib/python3.7/site-packages/airflow/example_dags/example_kubernetes_executor.py for tasks to queue
[2026-09-30T19:42:21.335+0000] {logging_mixin.py:137} INFO - [2026-09-30T19:42:21.335+0000] {dagbag.py:538} INFO - Filling up the DagBag from /home/airflow/.local/lib/python3.7/site-packages/airflow/example_dags/example_kubernetes_executor.py
[2026-09-30T19:42:21.377+0000] {processor.py:753} INFO - DAG(s) dict_keys(['example_kubernetes_executor']) retrieved from /home/airflow/.local/lib/python3.7/site-packages/airflow/example_dags/example_kubernetes_executor.py
[2026-09-30T19:42:21.438+0000] {logging_mixin.py:137} INFO - [2026-09-30T19:42:21.438+0000] {dag.py:2676} INFO - Sync 1 DAGs
[2026-09-30T19:42:21.487+0000] {logging_mixin.py:137} INFO - [2026-09-30T19:42:21.486+0000] {dag.py:3427} INFO - Setting next_dagrun for example_kubernetes_executor to None, run_after=None
[2026-09-30T19:42:21.525+0000] {processor.py:175} INFO - Processing /home/airflow/.local/lib/python3.7/site-packages/airflow/example_dags/example_kubernetes_executor.py took 0.197 seconds
[2026-09-30T19:42:52.329+0000] {processor.py:153} INFO - Started process (PID=5532) to work on /home/airflow/.local/lib/python3.7/site-packages/airflow/example_dags/example_kubernetes_executor.py
[2026-09-30T19:42:52.330+0000] {processor.py:743} INFO - Processing file /home/airflow/.local/lib/python3.7/site-packages/airflow/example_dags/example_kubernetes_executor.py for tasks to queue
[2026-09-30T19:42:52.331+0000] {logging_mixin.py:137} INFO - [2026-09-30T19:42:52.331+0000] {dagbag.py:538} INFO - Filling up the DagBag from /home/airflow/.local/lib/python3.7/site-packages/airflow/example_dags/example_kubernetes_executor.py
[2026-09-30T19:42:52.369+0000] {processor.py:753} INFO - DAG(s) dict_keys(['example_kubernetes_executor']) retrieved from /home/airflow/.local/lib/python3.7/site-packages/airflow/example_dags/example_kubernetes_executor.py
[2026-09-30T19:42:52.444+0000] {logging_mixin.py:137} INFO - [2026-09-30T19:42:52.443+0000] {dag.py:2676} INFO - Sync 1 DAGs
[2026-09-30T19:42:52.491+0000] {logging_mixin.py:137} INFO - [2026-09-30T19:42:52.490+0000] {dag.py:3427} INFO - Setting next_dagrun for example_kubernetes_executor to None, run_after=None
[2026-09-30T19:42:52.520+0000] {processor.py:175} INFO - Processing /home/airflow/.local/lib/python3.7/site-packages/airflow/example_dags/example_kubernetes_executor.py took 0.195 seconds
[2026-09-30T19:43:22.974+0000] {processor.py:153} INFO - Started process (PID=5612) to work on /home/airflow/.local/lib/python3.7/site-packages/airflow/example_dags/example_kubernetes_executor.py
[2026-09-30T19:43:22.975+0000] {processor.py:743} INFO - Processing file /home/airflow/.local/lib/python3.7/site-packages/airflow/example_dags/example_kubernetes_executor.py for tasks to queue
[2026-09-30T19:43:22.976+0000] {logging_mixin.py:137} INFO - [2026-09-30T19:43:22.976+0000] {dagbag.py:538} INFO - Filling up the DagBag from /home/airflow/.local/lib/python3.7/site-packages/airflow/example_dags/example_kubernetes_executor.py
[2026-09-30T19:43:23.008+0000] {processor.py:753} INFO - DAG(s) dict_keys(['example_kubernetes_executor']) retrieved from /home/airflow/.local/lib/python3.7/site-packages/airflow/example_dags/example_kubernetes_executor.py
[2026-09-30T19:43:23.060+0000] {logging_mixin.py:137} INFO - [2026-09-30T19:43:23.059+0000] {dag.py:2676} INFO - Sync 1 DAGs
[2026-09-30T19:43:23.086+0000] {logging_mixin.py:137} INFO - [2026-09-30T19:43:23.086+0000] {dag.py:3427} INFO - Setting next_dagrun for example_kubernetes_executor to None, run_after=None
[2026-09-30T19:43:23.103+0000] {processor.py:175} INFO - Processing /home/airflow/.local/lib/python3.7/site-packages/airflow/example_dags/example_kubernetes_executor.py took 0.132 seconds
[2026-09-30T19:43:53.606+0000] {processor.py:153} INFO - Started process (PID=5691) to work on /home/airflow/.local/lib/python3.7/site-packages/airflow/example_dags/example_kubernetes_executor.py
[2026-09-30T19:43:53.607+0000] {processor.py:743} INFO - Processing file /home/airflow/.local/lib/python3.7/site-packages/airflow/example_dags/example_kubernetes_executor.py for tasks to queue
[2026-09-30T19:43:53.608+0000] {logging_mixin.py:137} INFO - [2026-09-30T19:43:53.608+0000] {dagbag.py:538} INFO - Filling up the DagBag from /home/airflow/.local/lib/python3.7/site-packages/airflow/example_dags/example_kubernetes_executor.py
[2026-09-30T19:43:53.656+0000] {processor.py:753} INFO - DAG(s) dict_keys(['example_kubernetes_executor']) retrieved from /home/airflow/.local/lib/python3.7/site-packages/airflow/example_dags/example_kubernetes_executor.py
[2026-09-30T19:43:53.728+0000] {logging_mixin.py:137} INFO - [2026-09-30T19:43:53.728+0000] {dag.py:2676} INFO - Sync 1 DAGs
[2026-09-30T19:43:53.765+0000] {logging_mixin.py:137} INFO - [2026-09-30T19:43:53.765+0000] {dag.py:3427} INFO - Setting next_dagrun for example_kubernetes_executor to None, run_after=None
[2026-09-30T19:43:53.786+0000] {processor.py:175} INFO - Processing /home/airflow/.local/lib/python3.7/site-packages/airflow/example_dags/example_kubernetes_executor.py took 0.185 seconds
[2026-09-30T19:44:24.090+0000] {processor.py:153} INFO - Started process (PID=5771) to work on /home/airflow/.local/lib/python3.7/site-packages/airflow/example_dags/example_kubernetes_executor.py
[2026-09-30T19:44:24.091+0000] {processor.py:743} INFO - Processing file /home/airflow/.local/lib/python3.7/site-packages/airflow/example_dags/example_kubernetes_executor.py for tasks to queue
[2026-09-30T19:44:24.092+0000] {logging_mixin.py:137} INFO - [2026-09-30T19:44:24.092+0000] {dagbag.py:538} INFO - Filling up the DagBag from /home/airflow/.local/lib/python3.7/site-packages/airflow/example_dags/example_kubernetes_executor.py
[2026-09-30T19:44:24.134+0000] {processor.py:753} INFO - DAG(s) dict_keys(['example_kubernetes_executor']) retrieved from /home/airflow/.local/lib/python3.7/site-packages/airflow/example_dags/example_kubernetes_executor.py
[2026-09-30T19:44:24.188+0000] {logging_mixin.py:137} INFO - [2026-09-30T19:44:24.188+0000] {dag.py:2676} INFO - Sync 1 DAGs
[2026-09-30T19:44:24.220+0000] {logging_mixin.py:137} INFO - [2026-09-30T19:44:24.220+0000] {dag.py:3427} INFO - Setting next_dagrun for example_kubernetes_executor to None, run_after=None
[2026-09-30T19:44:24.240+0000] {processor.py:175} INFO - Processing /home/airflow/.local/lib/python3.7/site-packages/airflow/example_dags/example_kubernetes_executor.py took 0.156 seconds
[2026-09-30T19:44:54.696+0000] {processor.py:153} INFO - Started process (PID=5876) to work on /home/airflow/.local/lib/python3.7/site-packages/airflow/example_dags/example_kubernetes_executor.py
[2026-09-30T19:44:54.696+0000] {processor.py:743} INFO - Processing file /home/airflow/.local/lib/python3.7/site-packages/airflow/example_dags/example_kubernetes_executor.py for tasks to queue
[2026-09-30T19:44:54.697+0000] {logging_mixin.py:137} INFO - [2026-09-30T19:44:54.697+0000] {dagbag.py:538} INFO - Filling up the DagBag from /home/airflow/.local/lib/python3.7/site-packages/airflow/example_dags/example_kubernetes_executor.py
[2026-09-30T19:44:54.737+0000] {processor.py:753} INFO - DAG(s) dict_keys(['example_kubernetes_executor']) retrieved from /home/airflow/.local/lib/python3.7/site-packages/airflow/example_dags/example_kubernetes_executor.py
[2026-09-30T19:44:54.794+0000] {logging_mixin.py:137} INFO - [2026-09-30T19:44:54.794+0000] {dag.py:2676} INFO - Sync 1 DAGs
[2026-09-30T19:44:54.828+0000] {logging_mixin.py:137} INFO - [2026-09-30T19:44:54.828+0000] {dag.py:3427} INFO - Setting next_dagrun for example_kubernetes_executor to None, run_after=None
[2026-09-30T19:44:54.850+0000] {processor.py:175} INFO - Processing /home/airflow/.local/lib/python3.7/site-packages/airflow/example_dags/example_kubernetes_executor.py took 0.158 seconds
[2026-09-30T19:45:25.119+0000] {processor.py:153} INFO - Started process (PID=5959) to work on /home/airflow/.local/lib/python3.7/site-packages/airflow/example_dags/example_kubernetes_executor.py
[2026-09-30T19:45:25.120+0000] {processor.py:743} INFO - Processing file /home/airflow/.local/lib/python3.7/site-packages/airflow/example_dags/example_kubernetes_executor.py for tasks to queue
[2026-09-30T19:45:25.121+0000] {logging_mixin.py:137} INFO - [2026-09-30T19:45:25.121+0000] {dagbag.py:538} INFO - Filling up the DagBag from /home/airflow/.local/lib/python3.7/site-packages/airflow/example_dags/example_kubernetes_executor.py
[2026-09-30T19:45:25.168+0000] {processor.py:753} INFO - DAG(s) dict_keys(['example_kubernetes_executor']) retrieved from /home/airflow/.local/lib/python3.7/site-packages/airflow/example_dags/example_kubernetes_executor.py
[2026-09-30T19:45:25.232+0000] {logging_mixin.py:137} INFO - [2026-09-30T19:45:25.231+0000] {dag.py:2676} INFO - Sync 1 DAGs
[2026-09-30T19:45:25.267+0000] {logging_mixin.py:137} INFO - [2026-09-30T19:45:25.267+0000] {dag.py:3427} INFO - Setting next_dagrun for example_kubernetes_executor to None, run_after=None
[2026-09-30T19:45:25.291+0000] {processor.py:175} INFO - Processing /home/airflow/.local/lib/python3.7/site-packages/airflow/example_dags/example_kubernetes_executor.py took 0.179 seconds
[2026-09-30T19:45:55.406+0000] {processor.py:153} INFO - Started process (PID=6039) to work on /home/airflow/.local/lib/python3.7/site-packages/airflow/example_dags/example_kubernetes_executor.py
[2026-09-30T19:45:55.406+0000] {processor.py:743} INFO - Processing file /home/airflow/.local/lib/python3.7/site-packages/airflow/example_dags/example_kubernetes_executor.py for tasks to queue
[2026-09-30T19:45:55.407+0000] {logging_mixin.py:137} INFO - [2026-09-30T19:45:55.407+0000] {dagbag.py:538} INFO - Filling up the DagBag from /home/airflow/.local/lib/python3.7/site-packages/airflow/example_dags/example_kubernetes_executor.py
[2026-09-30T19:45:55.443+0000] {processor.py:753} INFO - DAG(s) dict_keys(['example_kubernetes_executor']) retrieved from /home/airflow/.local/lib/python3.7/site-packages/airflow/example_dags/example_kubernetes_executor.py
[2026-09-30T19:45:55.495+0000] {logging_mixin.py:137} INFO - [2026-09-30T19:45:55.495+0000] {dag.py:2676} INFO - Sync 1 DAGs
[2026-09-30T19:45:55.528+0000] {logging_mixin.py:137} INFO - [2026-09-30T19:45:55.528+0000] {dag.py:3427} INFO - Setting next_dagrun for example_kubernetes_executor to None, run_after=None
[2026-09-30T19:45:55.551+0000] {processor.py:175} INFO - Processing /home/airflow/.local/lib/python3.7/site-packages/airflow/example_dags/example_kubernetes_executor.py took 0.152 seconds
[2026-09-30T19:46:26.303+0000] {processor.py:153} INFO - Started process (PID=6124) to work on /home/airflow/.local/lib/python3.7/site-packages/airflow/example_dags/example_kubernetes_executor.py
[2026-09-30T19:46:26.304+0000] {processor.py:743} INFO - Processing file /home/airflow/.local/lib/python3.7/site-packages/airflow/example_dags/example_kubernetes_executor.py for tasks to queue
[2026-09-30T19:46:26.305+0000] {logging_mixin.py:137} INFO - [2026-09-30T19:46:26.305+0000] {dagbag.py:538} INFO - Filling up the DagBag from /home/airflow/.local/lib/python3.7/site-packages/airflow/example_dags/example_kubernetes_executor.py
[2026-09-30T19:46:26.356+0000] {processor.py:753} INFO - DAG(s) dict_keys(['example_kubernetes_executor']) retrieved from /home/airflow/.local/lib/python3.7/site-packages/airflow/example_dags/example_kubernetes_executor.py
[2026-09-30T19:46:26.436+0000] {logging_mixin.py:137} INFO - [2026-09-30T19:46:26.436+0000] {dag.py:2676} INFO - Sync 1 DAGs
[2026-09-30T19:46:26.486+0000] {logging_mixin.py:137} INFO - [2026-09-30T19:46:26.485+0000] {dag.py:3427} INFO - Setting next_dagrun for example_kubernetes_executor to None, run_after=None
[2026-09-30T19:46:26.518+0000] {processor.py:175} INFO - Processing /home/airflow/.local/lib/python3.7/site-packages/airflow/example_dags/example_kubernetes_executor.py took 0.219 seconds
[2026-09-30T19:46:57.299+0000] {processor.py:153} INFO - Started process (PID=6216) to work on /home/airflow/.local/lib/python3.7/site-packages/airflow/example_dags/example_kubernetes_executor.py
[2026-09-30T19:46:57.300+0000] {processor.py:743} INFO - Processing file /home/airflow/.local/lib/python3.7/site-packages/airflow/example_dags/example_kubernetes_executor.py for tasks to queue
[2026-09-30T19:46:57.301+0000] {logging_mixin.py:137} INFO - [2026-09-30T19:46:57.301+0000] {dagbag.py:538} INFO - Filling up the DagBag from /home/airflow/.local/lib/python3.7/site-packages/airflow/example_dags/example_kubernetes_executor.py
[2026-09-30T19:46:57.352+0000] {processor.py:753} INFO - DAG(s) dict_keys(['example_kubernetes_executor']) retrieved from /home/airflow/.local/lib/python3.7/site-packages/airflow/example_dags/example_kubernetes_executor.py
[2026-09-30T19:46:57.426+0000] {logging_mixin.py:137} INFO - [2026-09-30T19:46:57.426+0000] {dag.py:2676} INFO - Sync 1 DAGs
[2026-09-30T19:46:57.471+0000] {logging_mixin.py:137} INFO - [2026-09-30T19:46:57.470+0000] {dag.py:3427} INFO - Setting next_dagrun for example_kubernetes_executor to None, run_after=None
[2026-09-30T19:46:57.490+0000] {processor.py:175} INFO - Processing /home/airflow/.local/lib/python3.7/site-packages/airflow/example_dags/example_kubernetes_executor.py took 0.197 seconds
[2026-09-30T19:47:27.940+0000] {processor.py:153} INFO - Started process (PID=6295) to work on /home/airflow/.local/lib/python3.7/site-packages/airflow/example_dags/example_kubernetes_executor.py
[2026-09-30T19:47:27.941+0000] {processor.py:743} INFO - Processing file /home/airflow/.local/lib/python3.7/site-packages/airflow/example_dags/example_kubernetes_executor.py for tasks to queue
[2026-09-30T19:47:27.942+0000] {logging_mixin.py:137} INFO - [2026-09-30T19:47:27.942+0000] {dagbag.py:538} INFO - Filling up the DagBag from /home/airflow/.local/lib/python3.7/site-packages/airflow/example_dags/example_kubernetes_executor.py
[2026-09-30T19:47:27.978+0000] {processor.py:753} INFO - DAG(s) dict_keys(['example_kubernetes_executor']) retrieved from /home/airflow/.local/lib/python3.7/site-packages/airflow/example_dags/example_kubernetes_executor.py
[2026-09-30T19:47:28.027+0000] {logging_mixin.py:137} INFO - [2026-09-30T19:47:28.026+0000] {dag.py:2676} INFO - Sync 1 DAGs
[2026-09-30T19:47:28.056+0000] {logging_mixin.py:137} INFO - [2026-09-30T19:47:28.056+0000] {dag.py:3427} INFO - Setting next_dagrun for example_kubernetes_executor to None, run_after=None
[2026-09-30T19:47:28.081+0000] {processor.py:175} INFO - Processing /home/airflow/.local/lib/python3.7/site-packages/airflow/example_dags/example_kubernetes_executor.py took 0.144 seconds
[2026-09-30T19:47:58.578+0000] {processor.py:153} INFO - Started process (PID=6374) to work on /home/airflow/.local/lib/python3.7/site-packages/airflow/example_dags/example_kubernetes_executor.py
[2026-09-30T19:47:58.579+0000] {processor.py:743} INFO - Processing file /home/airflow/.local/lib/python3.7/site-packages/airflow/example_dags/example_kubernetes_executor.py for tasks to queue
[2026-09-30T19:47:58.580+0000] {logging_mixin.py:137} INFO - [2026-09-30T19:47:58.580+0000] {dagbag.py:538} INFO - Filling up the DagBag from /home/airflow/.local/lib/python3.7/site-packages/airflow/example_dags/example_kubernetes_executor.py
[2026-09-30T19:47:58.632+0000] {processor.py:753} INFO - DAG(s) dict_keys(['example_kubernetes_executor']) retrieved from /home/airflow/.local/lib/python3.7/site-packages/airflow/example_dags/example_kubernetes_executor.py
[2026-09-30T19:47:58.684+0000] {logging_mixin.py:137} INFO - [2026-09-30T19:47:58.683+0000] {dag.py:2676} INFO - Sync 1 DAGs
[2026-09-30T19:47:58.716+0000] {logging_mixin.py:137} INFO - [2026-09-30T19:47:58.716+0000] {dag.py:3427} INFO - Setting next_dagrun for example_kubernetes_executor to None, run_after=None
[2026-09-30T19:47:58.735+0000] {processor.py:175} INFO - Processing /home/airflow/.local/lib/python3.7/site-packages/airflow/example_dags/example_kubernetes_executor.py took 0.162 seconds
[2026-09-30T19:48:29.479+0000] {processor.py:153} INFO - Started process (PID=6474) to work on /home/airflow/.local/lib/python3.7/site-packages/airflow/example_dags/example_kubernetes_executor.py
[2026-09-30T19:48:29.480+0000] {processor.py:743} INFO - Processing file /home/airflow/.local/lib/python3.7/site-packages/airflow/example_dags/example_kubernetes_executor.py for tasks to queue
[2026-09-30T19:48:29.481+0000] {logging_mixin.py:137} INFO - [2026-09-30T19:48:29.481+0000] {dagbag.py:538} INFO - Filling up the DagBag from /home/airflow/.local/lib/python3.7/site-packages/airflow/example_dags/example_kubernetes_executor.py
[2026-09-30T19:48:29.517+0000] {processor.py:753} INFO - DAG(s) dict_keys(['example_kubernetes_executor']) retrieved from /home/airflow/.local/lib/python3.7/site-packages/airflow/example_dags/example_kubernetes_executor.py
[2026-09-30T19:48:29.575+0000] {logging_mixin.py:137} INFO - [2026-09-30T19:48:29.575+0000] {dag.py:2676} INFO - Sync 1 DAGs
[2026-09-30T19:48:29.617+0000] {logging_mixin.py:137} INFO - [2026-09-30T19:48:29.617+0000] {dag.py:3427} INFO - Setting next_dagrun for example_kubernetes_executor to None, run_after=None
[2026-09-30T19:48:29.638+0000] {processor.py:175} INFO - Processing /home/airflow/.local/lib/python3.7/site-packages/airflow/example_dags/example_kubernetes_executor.py took 0.163 seconds
[2026-09-30T19:49:00.378+0000] {processor.py:153} INFO - Started process (PID=6553) to work on /home/airflow/.local/lib/python3.7/site-packages/airflow/example_dags/example_kubernetes_executor.py
[2026-09-30T19:49:00.379+0000] {processor.py:743} INFO - Processing file /home/airflow/.local/lib/python3.7/site-packages/airflow/example_dags/example_kubernetes_executor.py for tasks to queue
[2026-09-30T19:49:00.380+0000] {logging_mixin.py:137} INFO - [2026-09-30T19:49:00.380+0000] {dagbag.py:538} INFO - Filling up the DagBag from /home/airflow/.local/lib/python3.7/site-packages/airflow/example_dags/example_kubernetes_executor.py
[2026-09-30T19:49:00.415+0000] {processor.py:753} INFO - DAG(s) dict_keys(['example_kubernetes_executor']) retrieved from /home/airflow/.local/lib/python3.7/site-packages/airflow/example_dags/example_kubernetes_executor.py
[2026-09-30T19:49:00.469+0000] {logging_mixin.py:137} INFO - [2026-09-30T19:49:00.469+0000] {dag.py:2676} INFO - Sync 1 DAGs
[2026-09-30T19:49:00.500+0000] {logging_mixin.py:137} INFO - [2026-09-30T19:49:00.500+0000] {dag.py:3427} INFO - Setting next_dagrun for example_kubernetes_executor to None, run_after=None
[2026-09-30T19:49:00.521+0000] {processor.py:175} INFO - Processing /home/airflow/.local/lib/python3.7/site-packages/airflow/example_dags/example_kubernetes_executor.py took 0.147 seconds
[2026-09-30T19:49:31.114+0000] {processor.py:153} INFO - Started process (PID=6632) to work on /home/airflow/.local/lib/python3.7/site-packages/airflow/example_dags/example_kubernetes_executor.py
[2026-09-30T19:49:31.116+0000] {processor.py:743} INFO - Processing file /home/airflow/.local/lib/python3.7/site-packages/airflow/example_dags/example_kubernetes_executor.py for tasks to queue
[2026-09-30T19:49:31.116+0000] {logging_mixin.py:137} INFO - [2026-09-30T19:49:31.116+0000] {dagbag.py:538} INFO - Filling up the DagBag from /home/airflow/.local/lib/python3.7/site-packages/airflow/example_dags/example_kubernetes_executor.py
[2026-09-30T19:49:31.173+0000] {processor.py:753} INFO - DAG(s) dict_keys(['example_kubernetes_executor']) retrieved from /home/airflow/.local/lib/python3.7/site-packages/airflow/example_dags/example_kubernetes_executor.py
[2026-09-30T19:49:31.231+0000] {logging_mixin.py:137} INFO - [2026-09-30T19:49:31.230+0000] {dag.py:2676} INFO - Sync 1 DAGs
[2026-09-30T19:49:31.263+0000] {logging_mixin.py:137} INFO - [2026-09-30T19:49:31.263+0000] {dag.py:3427} INFO - Setting next_dagrun for example_kubernetes_executor to None, run_after=None
[2026-09-30T19:49:31.282+0000] {processor.py:175} INFO - Processing /home/airflow/.local/lib/python3.7/site-packages/airflow/example_dags/example_kubernetes_executor.py took 0.173 seconds
[2026-09-30T19:50:01.773+0000] {processor.py:153} INFO - Started process (PID=6719) to work on /home/airflow/.local/lib/python3.7/site-packages/airflow/example_dags/example_kubernetes_executor.py
[2026-09-30T19:50:01.774+0000] {processor.py:743} INFO - Processing file /home/airflow/.local/lib/python3.7/site-packages/airflow/example_dags/example_kubernetes_executor.py for tasks to queue
[2026-09-30T19:50:01.776+0000] {logging_mixin.py:137} INFO - [2026-09-30T19:50:01.775+0000] {dagbag.py:538} INFO - Filling up the DagBag from /home/airflow/.local/lib/python3.7/site-packages/airflow/example_dags/example_kubernetes_executor.py
[2026-09-30T19:50:01.832+0000] {processor.py:753} INFO - DAG(s) dict_keys(['example_kubernetes_executor']) retrieved from /home/airflow/.local/lib/python3.7/site-packages/airflow/example_dags/example_kubernetes_executor.py
[2026-09-30T19:50:01.899+0000] {logging_mixin.py:137} INFO - [2026-09-30T19:50:01.899+0000] {dag.py:2676} INFO - Sync 1 DAGs
[2026-09-30T19:50:01.930+0000] {logging_mixin.py:137} INFO - [2026-09-30T19:50:01.930+0000] {dag.py:3427} INFO - Setting next_dagrun for example_kubernetes_executor to None, run_after=None
[2026-09-30T19:50:01.951+0000] {processor.py:175} INFO - Processing /home/airflow/.local/lib/python3.7/site-packages/airflow/example_dags/example_kubernetes_executor.py took 0.182 seconds
[2026-09-30T19:50:32.670+0000] {processor.py:153} INFO - Started process (PID=6809) to work on /home/airflow/.local/lib/python3.7/site-packages/airflow/example_dags/example_kubernetes_executor.py
[2026-09-30T19:50:32.672+0000] {processor.py:743} INFO - Processing file /home/airflow/.local/lib/python3.7/site-packages/airflow/example_dags/example_kubernetes_executor.py for tasks to queue
[2026-09-30T19:50:32.673+0000] {logging_mixin.py:137} INFO - [2026-09-30T19:50:32.672+0000] {dagbag.py:538} INFO - Filling up the DagBag from /home/airflow/.local/lib/python3.7/site-packages/airflow/example_dags/example_kubernetes_executor.py
[2026-09-30T19:50:32.716+0000] {processor.py:753} INFO - DAG(s) dict_keys(['example_kubernetes_executor']) retrieved from /home/airflow/.local/lib/python3.7/site-packages/airflow/example_dags/example_kubernetes_executor.py
[2026-09-30T19:50:32.775+0000] {logging_mixin.py:137} INFO - [2026-09-30T19:50:32.775+0000] {dag.py:2676} INFO - Sync 1 DAGs
[2026-09-30T19:50:32.810+0000] {logging_mixin.py:137} INFO - [2026-09-30T19:50:32.810+0000] {dag.py:3427} INFO - Setting next_dagrun for example_kubernetes_executor to None, run_after=None
[2026-09-30T19:50:32.834+0000] {processor.py:175} INFO - Processing /home/airflow/.local/lib/python3.7/site-packages/airflow/example_dags/example_kubernetes_executor.py took 0.170 seconds
[2026-09-30T19:51:03.539+0000] {processor.py:153} INFO - Started process (PID=6888) to work on /home/airflow/.local/lib/python3.7/site-packages/airflow/example_dags/example_kubernetes_executor.py
[2026-09-30T19:51:03.540+0000] {processor.py:743} INFO - Processing file /home/airflow/.local/lib/python3.7/site-packages/airflow/example_dags/example_kubernetes_executor.py for tasks to queue
[2026-09-30T19:51:03.540+0000] {logging_mixin.py:137} INFO - [2026-09-30T19:51:03.540+0000] {dagbag.py:538} INFO - Filling up the DagBag from /home/airflow/.local/lib/python3.7/site-packages/airflow/example_dags/example_kubernetes_executor.py
[2026-09-30T19:51:03.584+0000] {processor.py:753} INFO - DAG(s) dict_keys(['example_kubernetes_executor']) retrieved from /home/airflow/.local/lib/python3.7/site-packages/airflow/example_dags/example_kubernetes_executor.py
[2026-09-30T19:51:03.653+0000] {logging_mixin.py:137} INFO - [2026-09-30T19:51:03.652+0000] {dag.py:2676} INFO - Sync 1 DAGs
[2026-09-30T19:51:03.687+0000] {logging_mixin.py:137} INFO - [2026-09-30T19:51:03.687+0000] {dag.py:3427} INFO - Setting next_dagrun for example_kubernetes_executor to None, run_after=None
[2026-09-30T19:51:03.708+0000] {processor.py:175} INFO - Processing /home/airflow/.local/lib/python3.7/site-packages/airflow/example_dags/example_kubernetes_executor.py took 0.173 seconds
[2026-09-30T19:51:34.485+0000] {processor.py:153} INFO - Started process (PID=6967) to work on /home/airflow/.local/lib/python3.7/site-packages/airflow/example_dags/example_kubernetes_executor.py
[2026-09-30T19:51:34.486+0000] {processor.py:743} INFO - Processing file /home/airflow/.local/lib/python3.7/site-packages/airflow/example_dags/example_kubernetes_executor.py for tasks to queue
[2026-09-30T19:51:34.487+0000] {logging_mixin.py:137} INFO - [2026-09-30T19:51:34.486+0000] {dagbag.py:538} INFO - Filling up the DagBag from /home/airflow/.local/lib/python3.7/site-packages/airflow/example_dags/example_kubernetes_executor.py
[2026-09-30T19:51:34.528+0000] {processor.py:753} INFO - DAG(s) dict_keys(['example_kubernetes_executor']) retrieved from /home/airflow/.local/lib/python3.7/site-packages/airflow/example_dags/example_kubernetes_executor.py
[2026-09-30T19:51:34.606+0000] {logging_mixin.py:137} INFO - [2026-09-30T19:51:34.606+0000] {dag.py:2676} INFO - Sync 1 DAGs
[2026-09-30T19:51:34.654+0000] {logging_mixin.py:137} INFO - [2026-09-30T19:51:34.653+0000] {dag.py:3427} INFO - Setting next_dagrun for example_kubernetes_executor to None, run_after=None
[2026-09-30T19:51:34.690+0000] {processor.py:175} INFO - Processing /home/airflow/.local/lib/python3.7/site-packages/airflow/example_dags/example_kubernetes_executor.py took 0.209 seconds
[2026-09-30T19:52:05.145+0000] {processor.py:153} INFO - Started process (PID=7066) to work on /home/airflow/.local/lib/python3.7/site-packages/airflow/example_dags/example_kubernetes_executor.py
[2026-09-30T19:52:05.147+0000] {processor.py:743} INFO - Processing file /home/airflow/.local/lib/python3.7/site-packages/airflow/example_dags/example_kubernetes_executor.py for tasks to queue
[2026-09-30T19:52:05.148+0000] {logging_mixin.py:137} INFO - [2026-09-30T19:52:05.148+0000] {dagbag.py:538} INFO - Filling up the DagBag from /home/airflow/.local/lib/python3.7/site-packages/airflow/example_dags/example_kubernetes_executor.py
[2026-09-30T19:52:05.205+0000] {processor.py:753} INFO - DAG(s) dict_keys(['example_kubernetes_executor']) retrieved from /home/airflow/.local/lib/python3.7/site-packages/airflow/example_dags/example_kubernetes_executor.py
[2026-09-30T19:52:05.274+0000] {logging_mixin.py:137} INFO - [2026-09-30T19:52:05.274+0000] {dag.py:2676} INFO - Sync 1 DAGs
[2026-09-30T19:52:05.313+0000] {logging_mixin.py:137} INFO - [2026-09-30T19:52:05.313+0000] {dag.py:3427} INFO - Setting next_dagrun for example_kubernetes_executor to None, run_after=None
[2026-09-30T19:52:05.336+0000] {processor.py:175} INFO - Processing /home/airflow/.local/lib/python3.7/site-packages/airflow/example_dags/example_kubernetes_executor.py took 0.196 seconds
[2026-09-30T19:52:35.544+0000] {processor.py:153} INFO - Started process (PID=7145) to work on /home/airflow/.local/lib/python3.7/site-packages/airflow/example_dags/example_kubernetes_executor.py
[2026-09-30T19:52:35.545+0000] {processor.py:743} INFO - Processing file /home/airflow/.local/lib/python3.7/site-packages/airflow/example_dags/example_kubernetes_executor.py for tasks to queue
[2026-09-30T19:52:35.546+0000] {logging_mixin.py:137} INFO - [2026-09-30T19:52:35.546+0000] {dagbag.py:538} INFO - Filling up the DagBag from /home/airflow/.local/lib/python3.7/site-packages/airflow/example_dags/example_kubernetes_executor.py
[2026-09-30T19:52:35.589+0000] {processor.py:753} INFO - DAG(s) dict_keys(['example_kubernetes_executor']) retrieved from /home/airflow/.local/lib/python3.7/site-packages/airflow/example_dags/example_kubernetes_executor.py
[2026-09-30T19:52:35.644+0000] {logging_mixin.py:137} INFO - [2026-09-30T19:52:35.644+0000] {dag.py:2676} INFO - Sync 1 DAGs
[2026-09-30T19:52:35.681+0000] {logging_mixin.py:137} INFO - [2026-09-30T19:52:35.681+0000] {dag.py:3427} INFO - Setting next_dagrun for example_kubernetes_executor to None, run_after=None
[2026-09-30T19:52:35.705+0000] {processor.py:175} INFO - Processing /home/airflow/.local/lib/python3.7/site-packages/airflow/example_dags/example_kubernetes_executor.py took 0.165 seconds
[2026-09-30T19:53:06.539+0000] {processor.py:153} INFO - Started process (PID=7224) to work on /home/airflow/.local/lib/python3.7/site-packages/airflow/example_dags/example_kubernetes_executor.py
[2026-09-30T19:53:06.540+0000] {processor.py:743} INFO - Processing file /home/airflow/.local/lib/python3.7/site-packages/airflow/example_dags/example_kubernetes_executor.py for tasks to queue
[2026-09-30T19:53:06.541+0000] {logging_mixin.py:137} INFO - [2026-09-30T19:53:06.540+0000] {dagbag.py:538} INFO - Filling up the DagBag from /home/airflow/.local/lib/python3.7/site-packages/airflow/example_dags/example_kubernetes_executor.py
[2026-09-30T19:53:06.589+0000] {processor.py:753} INFO - DAG(s) dict_keys(['example_kubernetes_executor']) retrieved from /home/airflow/.local/lib/python3.7/site-packages/airflow/example_dags/example_kubernetes_executor.py
[2026-09-30T19:53:06.657+0000] {logging_mixin.py:137} INFO - [2026-09-30T19:53:06.657+0000] {dag.py:2676} INFO - Sync 1 DAGs
[2026-09-30T19:53:06.688+0000] {logging_mixin.py:137} INFO - [2026-09-30T19:53:06.688+0000] {dag.py:3427} INFO - Setting next_dagrun for example_kubernetes_executor to None, run_after=None
[2026-09-30T19:53:06.710+0000] {processor.py:175} INFO - Processing /home/airflow/.local/lib/python3.7/site-packages/airflow/example_dags/example_kubernetes_executor.py took 0.175 seconds
[2026-09-30T19:53:37.347+0000] {processor.py:153} INFO - Started process (PID=7303) to work on /home/airflow/.local/lib/python3.7/site-packages/airflow/example_dags/example_kubernetes_executor.py
[2026-09-30T19:53:37.348+0000] {processor.py:743} INFO - Processing file /home/airflow/.local/lib/python3.7/site-packages/airflow/example_dags/example_kubernetes_executor.py for tasks to queue
[2026-09-30T19:53:37.349+0000] {logging_mixin.py:137} INFO - [2026-09-30T19:53:37.349+0000] {dagbag.py:538} INFO - Filling up the DagBag from /home/airflow/.local/lib/python3.7/site-packages/airflow/example_dags/example_kubernetes_executor.py
[2026-09-30T19:53:37.385+0000] {processor.py:753} INFO - DAG(s) dict_keys(['example_kubernetes_executor']) retrieved from /home/airflow/.local/lib/python3.7/site-packages/airflow/example_dags/example_kubernetes_executor.py
[2026-09-30T19:53:37.442+0000] {logging_mixin.py:137} INFO - [2026-09-30T19:53:37.441+0000] {dag.py:2676} INFO - Sync 1 DAGs
[2026-09-30T19:53:37.473+0000] {logging_mixin.py:137} INFO - [2026-09-30T19:53:37.473+0000] {dag.py:3427} INFO - Setting next_dagrun for example_kubernetes_executor to None, run_after=None
[2026-09-30T19:53:37.494+0000] {processor.py:175} INFO - Processing /home/airflow/.local/lib/python3.7/site-packages/airflow/example_dags/example_kubernetes_executor.py took 0.151 seconds
[2026-09-30T19:54:07.754+0000] {processor.py:153} INFO - Started process (PID=7404) to work on /home/airflow/.local/lib/python3.7/site-packages/airflow/example_dags/example_kubernetes_executor.py
[2026-09-30T19:54:07.755+0000] {processor.py:743} INFO - Processing file /home/airflow/.local/lib/python3.7/site-packages/airflow/example_dags/example_kubernetes_executor.py for tasks to queue
[2026-09-30T19:54:07.755+0000] {logging_mixin.py:137} INFO - [2026-09-30T19:54:07.755+0000] {dagbag.py:538} INFO - Filling up the DagBag from /home/airflow/.local/lib/python3.7/site-packages/airflow/example_dags/example_kubernetes_executor.py
[2026-09-30T19:54:07.781+0000] {processor.py:753} INFO - DAG(s) dict_keys(['example_kubernetes_executor']) retrieved from /home/airflow/.local/lib/python3.7/site-packages/airflow/example_dags/example_kubernetes_executor.py
[2026-09-30T19:54:07.821+0000] {logging_mixin.py:137} INFO - [2026-09-30T19:54:07.820+0000] {dag.py:2676} INFO - Sync 1 DAGs
[2026-09-30T19:54:07.845+0000] {logging_mixin.py:137} INFO - [2026-09-30T19:54:07.844+0000] {dag.py:3427} INFO - Setting next_dagrun for example_kubernetes_executor to None, run_after=None
[2026-09-30T19:54:07.859+0000] {processor.py:175} INFO - Processing /home/airflow/.local/lib/python3.7/site-packages/airflow/example_dags/example_kubernetes_executor.py took 0.108 seconds
[2026-09-30T19:54:38.454+0000] {processor.py:153} INFO - Started process (PID=7484) to work on /home/airflow/.local/lib/python3.7/site-packages/airflow/example_dags/example_kubernetes_executor.py
[2026-09-30T19:54:38.455+0000] {processor.py:743} INFO - Processing file /home/airflow/.local/lib/python3.7/site-packages/airflow/example_dags/example_kubernetes_executor.py for tasks to queue
[2026-09-30T19:54:38.456+0000] {logging_mixin.py:137} INFO - [2026-09-30T19:54:38.456+0000] {dagbag.py:538} INFO - Filling up the DagBag from /home/airflow/.local/lib/python3.7/site-packages/airflow/example_dags/example_kubernetes_executor.py
[2026-09-30T19:54:38.499+0000] {processor.py:753} INFO - DAG(s) dict_keys(['example_kubernetes_executor']) retrieved from /home/airflow/.local/lib/python3.7/site-packages/airflow/example_dags/example_kubernetes_executor.py
[2026-09-30T19:54:38.566+0000] {logging_mixin.py:137} INFO - [2026-09-30T19:54:38.566+0000] {dag.py:2676} INFO - Sync 1 DAGs
[2026-09-30T19:54:38.602+0000] {logging_mixin.py:137} INFO - [2026-09-30T19:54:38.602+0000] {dag.py:3427} INFO - Setting next_dagrun for example_kubernetes_executor to None, run_after=None
[2026-09-30T19:54:38.625+0000] {processor.py:175} INFO - Processing /home/airflow/.local/lib/python3.7/site-packages/airflow/example_dags/example_kubernetes_executor.py took 0.174 seconds
[2026-09-30T19:55:09.164+0000] {processor.py:153} INFO - Started process (PID=7563) to work on /home/airflow/.local/lib/python3.7/site-packages/airflow/example_dags/example_kubernetes_executor.py
[2026-09-30T19:55:09.166+0000] {processor.py:743} INFO - Processing file /home/airflow/.local/lib/python3.7/site-packages/airflow/example_dags/example_kubernetes_executor.py for tasks to queue
[2026-09-30T19:55:09.167+0000] {logging_mixin.py:137} INFO - [2026-09-30T19:55:09.167+0000] {dagbag.py:538} INFO - Filling up the DagBag from /home/airflow/.local/lib/python3.7/site-packages/airflow/example_dags/example_kubernetes_executor.py
[2026-09-30T19:55:09.224+0000] {processor.py:753} INFO - DAG(s) dict_keys(['example_kubernetes_executor']) retrieved from /home/airflow/.local/lib/python3.7/site-packages/airflow/example_dags/example_kubernetes_executor.py
[2026-09-30T19:55:09.297+0000] {logging_mixin.py:137} INFO - [2026-09-30T19:55:09.296+0000] {dag.py:2676} INFO - Sync 1 DAGs
[2026-09-30T19:55:09.335+0000] {logging_mixin.py:137} INFO - [2026-09-30T19:55:09.335+0000] {dag.py:3427} INFO - Setting next_dagrun for example_kubernetes_executor to None, run_after=None
[2026-09-30T19:55:09.361+0000] {processor.py:175} INFO - Processing /home/airflow/.local/lib/python3.7/site-packages/airflow/example_dags/example_kubernetes_executor.py took 0.203 seconds
[2026-09-30T19:55:39.764+0000] {processor.py:153} INFO - Started process (PID=7649) to work on /home/airflow/.local/lib/python3.7/site-packages/airflow/example_dags/example_kubernetes_executor.py
[2026-09-30T19:55:39.765+0000] {processor.py:743} INFO - Processing file /home/airflow/.local/lib/python3.7/site-packages/airflow/example_dags/example_kubernetes_executor.py for tasks to queue
[2026-09-30T19:55:39.766+0000] {logging_mixin.py:137} INFO - [2026-09-30T19:55:39.766+0000] {dagbag.py:538} INFO - Filling up the DagBag from /home/airflow/.local/lib/python3.7/site-packages/airflow/example_dags/example_kubernetes_executor.py
[2026-09-30T19:55:39.812+0000] {processor.py:753} INFO - DAG(s) dict_keys(['example_kubernetes_executor']) retrieved from /home/airflow/.local/lib/python3.7/site-packages/airflow/example_dags/example_kubernetes_executor.py
[2026-09-30T19:55:39.880+0000] {logging_mixin.py:137} INFO - [2026-09-30T19:55:39.880+0000] {dag.py:2676} INFO - Sync 1 DAGs
[2026-09-30T19:55:39.921+0000] {logging_mixin.py:137} INFO - [2026-09-30T19:55:39.920+0000] {dag.py:3427} INFO - Setting next_dagrun for example_kubernetes_executor to None, run_after=None
[2026-09-30T19:55:39.953+0000] {processor.py:175} INFO - Processing /home/airflow/.local/lib/python3.7/site-packages/airflow/example_dags/example_kubernetes_executor.py took 0.192 seconds
[2026-09-30T19:56:10.109+0000] {processor.py:153} INFO - Started process (PID=7741) to work on /home/airflow/.local/lib/python3.7/site-packages/airflow/example_dags/example_kubernetes_executor.py
[2026-09-30T19:56:10.111+0000] {processor.py:743} INFO - Processing file /home/airflow/.local/lib/python3.7/site-packages/airflow/example_dags/example_kubernetes_executor.py for tasks to queue
[2026-09-30T19:56:10.112+0000] {logging_mixin.py:137} INFO - [2026-09-30T19:56:10.112+0000] {dagbag.py:538} INFO - Filling up the DagBag from /home/airflow/.local/lib/python3.7/site-packages/airflow/example_dags/example_kubernetes_executor.py
[2026-09-30T19:56:10.167+0000] {processor.py:753} INFO - DAG(s) dict_keys(['example_kubernetes_executor']) retrieved from /home/airflow/.local/lib/python3.7/site-packages/airflow/example_dags/example_kubernetes_executor.py
[2026-09-30T19:56:10.233+0000] {logging_mixin.py:137} INFO - [2026-09-30T19:56:10.232+0000] {dag.py:2676} INFO - Sync 1 DAGs
[2026-09-30T19:56:10.271+0000] {logging_mixin.py:137} INFO - [2026-09-30T19:56:10.271+0000] {dag.py:3427} INFO - Setting next_dagrun for example_kubernetes_executor to None, run_after=None
[2026-09-30T19:56:10.299+0000] {processor.py:175} INFO - Processing /home/airflow/.local/lib/python3.7/site-packages/airflow/example_dags/example_kubernetes_executor.py took 0.196 seconds
[2026-09-30T19:56:40.383+0000] {processor.py:153} INFO - Started process (PID=7820) to work on /home/airflow/.local/lib/python3.7/site-packages/airflow/example_dags/example_kubernetes_executor.py
[2026-09-30T19:56:40.384+0000] {processor.py:743} INFO - Processing file /home/airflow/.local/lib/python3.7/site-packages/airflow/example_dags/example_kubernetes_executor.py for tasks to queue
[2026-09-30T19:56:40.385+0000] {logging_mixin.py:137} INFO - [2026-09-30T19:56:40.385+0000] {dagbag.py:538} INFO - Filling up the DagBag from /home/airflow/.local/lib/python3.7/site-packages/airflow/example_dags/example_kubernetes_executor.py
[2026-09-30T19:56:40.429+0000] {processor.py:753} INFO - DAG(s) dict_keys(['example_kubernetes_executor']) retrieved from /home/airflow/.local/lib/python3.7/site-packages/airflow/example_dags/example_kubernetes_executor.py
[2026-09-30T19:56:40.488+0000] {logging_mixin.py:137} INFO - [2026-09-30T19:56:40.488+0000] {dag.py:2676} INFO - Sync 1 DAGs
[2026-09-30T19:56:40.534+0000] {logging_mixin.py:137} INFO - [2026-09-30T19:56:40.533+0000] {dag.py:3427} INFO - Setting next_dagrun for example_kubernetes_executor to None, run_after=None
[2026-09-30T19:56:40.559+0000] {processor.py:175} INFO - Processing /home/airflow/.local/lib/python3.7/site-packages/airflow/example_dags/example_kubernetes_executor.py took 0.179 seconds
[2026-09-30T19:57:10.749+0000] {processor.py:153} INFO - Started process (PID=7899) to work on /home/airflow/.local/lib/python3.7/site-packages/airflow/example_dags/example_kubernetes_executor.py
[2026-09-30T19:57:10.751+0000] {processor.py:743} INFO - Processing file /home/airflow/.local/lib/python3.7/site-packages/airflow/example_dags/example_kubernetes_executor.py for tasks to queue
[2026-09-30T19:57:10.752+0000] {logging_mixin.py:137} INFO - [2026-09-30T19:57:10.752+0000] {dagbag.py:538} INFO - Filling up the DagBag from /home/airflow/.local/lib/python3.7/site-packages/airflow/example_dags/example_kubernetes_executor.py
[2026-09-30T19:57:10.809+0000] {processor.py:753} INFO - DAG(s) dict_keys(['example_kubernetes_executor']) retrieved from /home/airflow/.local/lib/python3.7/site-packages/airflow/example_dags/example_kubernetes_executor.py
[2026-09-30T19:57:10.892+0000] {logging_mixin.py:137} INFO - [2026-09-30T19:57:10.892+0000] {dag.py:2676} INFO - Sync 1 DAGs
[2026-09-30T19:57:10.940+0000] {logging_mixin.py:137} INFO - [2026-09-30T19:57:10.940+0000] {dag.py:3427} INFO - Setting next_dagrun for example_kubernetes_executor to None, run_after=None
[2026-09-30T19:57:10.973+0000] {processor.py:175} INFO - Processing /home/airflow/.local/lib/python3.7/site-packages/airflow/example_dags/example_kubernetes_executor.py took 0.230 seconds
[2026-09-30T19:57:41.133+0000] {processor.py:153} INFO - Started process (PID=7978) to work on /home/airflow/.local/lib/python3.7/site-packages/airflow/example_dags/example_kubernetes_executor.py
[2026-09-30T19:57:41.134+0000] {processor.py:743} INFO - Processing file /home/airflow/.local/lib/python3.7/site-packages/airflow/example_dags/example_kubernetes_executor.py for tasks to queue
[2026-09-30T19:57:41.135+0000] {logging_mixin.py:137} INFO - [2026-09-30T19:57:41.135+0000] {dagbag.py:538} INFO - Filling up the DagBag from /home/airflow/.local/lib/python3.7/site-packages/airflow/example_dags/example_kubernetes_executor.py
[2026-09-30T19:57:41.201+0000] {processor.py:753} INFO - DAG(s) dict_keys(['example_kubernetes_executor']) retrieved from /home/airflow/.local/lib/python3.7/site-packages/airflow/example_dags/example_kubernetes_executor.py
[2026-09-30T19:57:41.275+0000] {logging_mixin.py:137} INFO - [2026-09-30T19:57:41.275+0000] {dag.py:2676} INFO - Sync 1 DAGs
[2026-09-30T19:57:41.318+0000] {logging_mixin.py:137} INFO - [2026-09-30T19:57:41.317+0000] {dag.py:3427} INFO - Setting next_dagrun for example_kubernetes_executor to None, run_after=None
[2026-09-30T19:57:41.340+0000] {processor.py:175} INFO - Processing /home/airflow/.local/lib/python3.7/site-packages/airflow/example_dags/example_kubernetes_executor.py took 0.213 seconds
[2026-09-30T19:58:11.651+0000] {processor.py:153} INFO - Started process (PID=8057) to work on /home/airflow/.local/lib/python3.7/site-packages/airflow/example_dags/example_kubernetes_executor.py
[2026-09-30T19:58:11.653+0000] {processor.py:743} INFO - Processing file /home/airflow/.local/lib/python3.7/site-packages/airflow/example_dags/example_kubernetes_executor.py for tasks to queue
[2026-09-30T19:58:11.653+0000] {logging_mixin.py:137} INFO - [2026-09-30T19:58:11.653+0000] {dagbag.py:538} INFO - Filling up the DagBag from /home/airflow/.local/lib/python3.7/site-packages/airflow/example_dags/example_kubernetes_executor.py
[2026-09-30T19:58:11.690+0000] {processor.py:753} INFO - DAG(s) dict_keys(['example_kubernetes_executor']) retrieved from /home/airflow/.local/lib/python3.7/site-packages/airflow/example_dags/example_kubernetes_executor.py
[2026-09-30T19:58:11.746+0000] {logging_mixin.py:137} INFO - [2026-09-30T19:58:11.746+0000] {dag.py:2676} INFO - Sync 1 DAGs
[2026-09-30T19:58:11.794+0000] {logging_mixin.py:137} INFO - [2026-09-30T19:58:11.794+0000] {dag.py:3427} INFO - Setting next_dagrun for example_kubernetes_executor to None, run_after=None
[2026-09-30T19:58:11.822+0000] {processor.py:175} INFO - Processing /home/airflow/.local/lib/python3.7/site-packages/airflow/example_dags/example_kubernetes_executor.py took 0.177 seconds
[2026-09-30T19:58:41.913+0000] {processor.py:153} INFO - Started process (PID=8156) to work on /home/airflow/.local/lib/python3.7/site-packages/airflow/example_dags/example_kubernetes_executor.py
[2026-09-30T19:58:41.914+0000] {processor.py:743} INFO - Processing file /home/airflow/.local/lib/python3.7/site-packages/airflow/example_dags/example_kubernetes_executor.py for tasks to queue
[2026-09-30T19:58:41.915+0000] {logging_mixin.py:137} INFO - [2026-09-30T19:58:41.915+0000] {dagbag.py:538} INFO - Filling up the DagBag from /home/airflow/.local/lib/python3.7/site-packages/airflow/example_dags/example_kubernetes_executor.py
[2026-09-30T19:58:41.954+0000] {processor.py:753} INFO - DAG(s) dict_keys(['example_kubernetes_executor']) retrieved from /home/airflow/.local/lib/python3.7/site-packages/airflow/example_dags/example_kubernetes_executor.py
[2026-09-30T19:58:42.025+0000] {logging_mixin.py:137} INFO - [2026-09-30T19:58:42.025+0000] {dag.py:2676} INFO - Sync 1 DAGs
[2026-09-30T19:58:42.074+0000] {logging_mixin.py:137} INFO - [2026-09-30T19:58:42.074+0000] {dag.py:3427} INFO - Setting next_dagrun for example_kubernetes_executor to None, run_after=None
[2026-09-30T19:58:42.128+0000] {processor.py:175} INFO - Processing /home/airflow/.local/lib/python3.7/site-packages/airflow/example_dags/example_kubernetes_executor.py took 0.218 seconds
[2026-09-30T19:59:12.269+0000] {processor.py:153} INFO - Started process (PID=8235) to work on /home/airflow/.local/lib/python3.7/site-packages/airflow/example_dags/example_kubernetes_executor.py
[2026-09-30T19:59:12.270+0000] {processor.py:743} INFO - Processing file /home/airflow/.local/lib/python3.7/site-packages/airflow/example_dags/example_kubernetes_executor.py for tasks to queue
[2026-09-30T19:59:12.271+0000] {logging_mixin.py:137} INFO - [2026-09-30T19:59:12.271+0000] {dagbag.py:538} INFO - Filling up the DagBag from /home/airflow/.local/lib/python3.7/site-packages/airflow/example_dags/example_kubernetes_executor.py
[2026-09-30T19:59:12.314+0000] {processor.py:753} INFO - DAG(s) dict_keys(['example_kubernetes_executor']) retrieved from /home/airflow/.local/lib/python3.7/site-packages/airflow/example_dags/example_kubernetes_executor.py
[2026-09-30T19:59:12.392+0000] {logging_mixin.py:137} INFO - [2026-09-30T19:59:12.392+0000] {dag.py:2676} INFO - Sync 1 DAGs
[2026-09-30T19:59:12.435+0000] {logging_mixin.py:137} INFO - [2026-09-30T19:59:12.435+0000] {dag.py:3427} INFO - Setting next_dagrun for example_kubernetes_executor to None, run_after=None
[2026-09-30T19:59:12.460+0000] {processor.py:175} INFO - Processing /home/airflow/.local/lib/python3.7/site-packages/airflow/example_dags/example_kubernetes_executor.py took 0.197 seconds
[2026-09-30T19:59:42.757+0000] {processor.py:153} INFO - Started process (PID=8314) to work on /home/airflow/.local/lib/python3.7/site-packages/airflow/example_dags/example_kubernetes_executor.py
[2026-09-30T19:59:42.759+0000] {processor.py:743} INFO - Processing file /home/airflow/.local/lib/python3.7/site-packages/airflow/example_dags/example_kubernetes_executor.py for tasks to queue
[2026-09-30T19:59:42.760+0000] {logging_mixin.py:137} INFO - [2026-09-30T19:59:42.760+0000] {dagbag.py:538} INFO - Filling up the DagBag from /home/airflow/.local/lib/python3.7/site-packages/airflow/example_dags/example_kubernetes_executor.py
[2026-09-30T19:59:42.817+0000] {processor.py:753} INFO - DAG(s) dict_keys(['example_kubernetes_executor']) retrieved from /home/airflow/.local/lib/python3.7/site-packages/airflow/example_dags/example_kubernetes_executor.py
[2026-09-30T19:59:42.899+0000] {logging_mixin.py:137} INFO - [2026-09-30T19:59:42.899+0000] {dag.py:2676} INFO - Sync 1 DAGs
[2026-09-30T19:59:42.939+0000] {logging_mixin.py:137} INFO - [2026-09-30T19:59:42.939+0000] {dag.py:3427} INFO - Setting next_dagrun for example_kubernetes_executor to None, run_after=None
[2026-09-30T19:59:42.961+0000] {processor.py:175} INFO - Processing /home/airflow/.local/lib/python3.7/site-packages/airflow/example_dags/example_kubernetes_executor.py took 0.210 seconds
[2026-09-30T20:00:13.117+0000] {processor.py:153} INFO - Started process (PID=8393) to work on /home/airflow/.local/lib/python3.7/site-packages/airflow/example_dags/example_kubernetes_executor.py
[2026-09-30T20:00:13.118+0000] {processor.py:743} INFO - Processing file /home/airflow/.local/lib/python3.7/site-packages/airflow/example_dags/example_kubernetes_executor.py for tasks to queue
[2026-09-30T20:00:13.119+0000] {logging_mixin.py:137} INFO - [2026-09-30T20:00:13.119+0000] {dagbag.py:538} INFO - Filling up the DagBag from /home/airflow/.local/lib/python3.7/site-packages/airflow/example_dags/example_kubernetes_executor.py
[2026-09-30T20:00:13.156+0000] {processor.py:753} INFO - DAG(s) dict_keys(['example_kubernetes_executor']) retrieved from /home/airflow/.local/lib/python3.7/site-packages/airflow/example_dags/example_kubernetes_executor.py
[2026-09-30T20:00:13.212+0000] {logging_mixin.py:137} INFO - [2026-09-30T20:00:13.212+0000] {dag.py:2676} INFO - Sync 1 DAGs
[2026-09-30T20:00:13.252+0000] {logging_mixin.py:137} INFO - [2026-09-30T20:00:13.252+0000] {dag.py:3427} INFO - Setting next_dagrun for example_kubernetes_executor to None, run_after=None
[2026-09-30T20:00:13.278+0000] {processor.py:175} INFO - Processing /home/airflow/.local/lib/python3.7/site-packages/airflow/example_dags/example_kubernetes_executor.py took 0.166 seconds
[2026-09-30T20:00:43.571+0000] {processor.py:153} INFO - Started process (PID=8481) to work on /home/airflow/.local/lib/python3.7/site-packages/airflow/example_dags/example_kubernetes_executor.py
[2026-09-30T20:00:43.573+0000] {processor.py:743} INFO - Processing file /home/airflow/.local/lib/python3.7/site-packages/airflow/example_dags/example_kubernetes_executor.py for tasks to queue
[2026-09-30T20:00:43.574+0000] {logging_mixin.py:137} INFO - [2026-09-30T20:00:43.573+0000] {dagbag.py:538} INFO - Filling up the DagBag from /home/airflow/.local/lib/python3.7/site-packages/airflow/example_dags/example_kubernetes_executor.py
[2026-09-30T20:00:43.631+0000] {processor.py:753} INFO - DAG(s) dict_keys(['example_kubernetes_executor']) retrieved from /home/airflow/.local/lib/python3.7/site-packages/airflow/example_dags/example_kubernetes_executor.py
[2026-09-30T20:00:43.693+0000] {logging_mixin.py:137} INFO - [2026-09-30T20:00:43.692+0000] {dag.py:2676} INFO - Sync 1 DAGs
[2026-09-30T20:00:43.726+0000] {logging_mixin.py:137} INFO - [2026-09-30T20:00:43.726+0000] {dag.py:3427} INFO - Setting next_dagrun for example_kubernetes_executor to None, run_after=None
[2026-09-30T20:00:43.747+0000] {processor.py:175} INFO - Processing /home/airflow/.local/lib/python3.7/site-packages/airflow/example_dags/example_kubernetes_executor.py took 0.181 seconds
[2026-09-30T20:01:13.910+0000] {processor.py:153} INFO - Started process (PID=8571) to work on /home/airflow/.local/lib/python3.7/site-packages/airflow/example_dags/example_kubernetes_executor.py
[2026-09-30T20:01:13.912+0000] {processor.py:743} INFO - Processing file /home/airflow/.local/lib/python3.7/site-packages/airflow/example_dags/example_kubernetes_executor.py for tasks to queue
[2026-09-30T20:01:13.912+0000] {logging_mixin.py:137} INFO - [2026-09-30T20:01:13.912+0000] {dagbag.py:538} INFO - Filling up the DagBag from /home/airflow/.local/lib/python3.7/site-packages/airflow/example_dags/example_kubernetes_executor.py
[2026-09-30T20:01:13.958+0000] {processor.py:753} INFO - DAG(s) dict_keys(['example_kubernetes_executor']) retrieved from /home/airflow/.local/lib/python3.7/site-packages/airflow/example_dags/example_kubernetes_executor.py
[2026-09-30T20:01:14.035+0000] {logging_mixin.py:137} INFO - [2026-09-30T20:01:14.035+0000] {dag.py:2676} INFO - Sync 1 DAGs
[2026-09-30T20:01:14.090+0000] {logging_mixin.py:137} INFO - [2026-09-30T20:01:14.090+0000] {dag.py:3427} INFO - Setting next_dagrun for example_kubernetes_executor to None, run_after=None
[2026-09-30T20:01:14.119+0000] {processor.py:175} INFO - Processing /home/airflow/.local/lib/python3.7/site-packages/airflow/example_dags/example_kubernetes_executor.py took 0.212 seconds
[2026-09-30T20:01:44.411+0000] {processor.py:153} INFO - Started process (PID=8650) to work on /home/airflow/.local/lib/python3.7/site-packages/airflow/example_dags/example_kubernetes_executor.py
[2026-09-30T20:01:44.412+0000] {processor.py:743} INFO - Processing file /home/airflow/.local/lib/python3.7/site-packages/airflow/example_dags/example_kubernetes_executor.py for tasks to queue
[2026-09-30T20:01:44.413+0000] {logging_mixin.py:137} INFO - [2026-09-30T20:01:44.413+0000] {dagbag.py:538} INFO - Filling up the DagBag from /home/airflow/.local/lib/python3.7/site-packages/airflow/example_dags/example_kubernetes_executor.py
[2026-09-30T20:01:44.467+0000] {processor.py:753} INFO - DAG(s) dict_keys(['example_kubernetes_executor']) retrieved from /home/airflow/.local/lib/python3.7/site-packages/airflow/example_dags/example_kubernetes_executor.py
[2026-09-30T20:01:44.535+0000] {logging_mixin.py:137} INFO - [2026-09-30T20:01:44.535+0000] {dag.py:2676} INFO - Sync 1 DAGs
[2026-09-30T20:01:44.574+0000] {logging_mixin.py:137} INFO - [2026-09-30T20:01:44.574+0000] {dag.py:3427} INFO - Setting next_dagrun for example_kubernetes_executor to None, run_after=None
[2026-09-30T20:01:44.600+0000] {processor.py:175} INFO - Processing /home/airflow/.local/lib/python3.7/site-packages/airflow/example_dags/example_kubernetes_executor.py took 0.196 seconds
[2026-09-30T20:02:14.876+0000] {processor.py:153} INFO - Started process (PID=8729) to work on /home/airflow/.local/lib/python3.7/site-packages/airflow/example_dags/example_kubernetes_executor.py
[2026-09-30T20:02:14.877+0000] {processor.py:743} INFO - Processing file /home/airflow/.local/lib/python3.7/site-packages/airflow/example_dags/example_kubernetes_executor.py for tasks to queue
[2026-09-30T20:02:14.878+0000] {logging_mixin.py:137} INFO - [2026-09-30T20:02:14.878+0000] {dagbag.py:538} INFO - Filling up the DagBag from /home/airflow/.local/lib/python3.7/site-packages/airflow/example_dags/example_kubernetes_executor.py
[2026-09-30T20:02:14.914+0000] {processor.py:753} INFO - DAG(s) dict_keys(['example_kubernetes_executor']) retrieved from /home/airflow/.local/lib/python3.7/site-packages/airflow/example_dags/example_kubernetes_executor.py
[2026-09-30T20:02:14.975+0000] {logging_mixin.py:137} INFO - [2026-09-30T20:02:14.975+0000] {dag.py:2676} INFO - Sync 1 DAGs
[2026-09-30T20:02:15.023+0000] {logging_mixin.py:137} INFO - [2026-09-30T20:02:15.023+0000] {dag.py:3427} INFO - Setting next_dagrun for example_kubernetes_executor to None, run_after=None
[2026-09-30T20:02:15.047+0000] {processor.py:175} INFO - Processing /home/airflow/.local/lib/python3.7/site-packages/airflow/example_dags/example_kubernetes_executor.py took 0.177 seconds
[2026-09-30T20:02:45.208+0000] {processor.py:153} INFO - Started process (PID=8808) to work on /home/airflow/.local/lib/python3.7/site-packages/airflow/example_dags/example_kubernetes_executor.py
[2026-09-30T20:02:45.210+0000] {processor.py:743} INFO - Processing file /home/airflow/.local/lib/python3.7/site-packages/airflow/example_dags/example_kubernetes_executor.py for tasks to queue
[2026-09-30T20:02:45.211+0000] {logging_mixin.py:137} INFO - [2026-09-30T20:02:45.211+0000] {dagbag.py:538} INFO - Filling up the DagBag from /home/airflow/.local/lib/python3.7/site-packages/airflow/example_dags/example_kubernetes_executor.py
[2026-09-30T20:02:45.268+0000] {processor.py:753} INFO - DAG(s) dict_keys(['example_kubernetes_executor']) retrieved from /home/airflow/.local/lib/python3.7/site-packages/airflow/example_dags/example_kubernetes_executor.py
[2026-09-30T20:02:45.338+0000] {logging_mixin.py:137} INFO - [2026-09-30T20:02:45.338+0000] {dag.py:2676} INFO - Sync 1 DAGs
[2026-09-30T20:02:45.379+0000] {logging_mixin.py:137} INFO - [2026-09-30T20:02:45.378+0000] {dag.py:3427} INFO - Setting next_dagrun for example_kubernetes_executor to None, run_after=None
[2026-09-30T20:02:45.412+0000] {processor.py:175} INFO - Processing /home/airflow/.local/lib/python3.7/site-packages/airflow/example_dags/example_kubernetes_executor.py took 0.211 seconds
[2026-09-30T20:03:15.714+0000] {processor.py:153} INFO - Started process (PID=8896) to work on /home/airflow/.local/lib/python3.7/site-packages/airflow/example_dags/example_kubernetes_executor.py
[2026-09-30T20:03:15.716+0000] {processor.py:743} INFO - Processing file /home/airflow/.local/lib/python3.7/site-packages/airflow/example_dags/example_kubernetes_executor.py for tasks to queue
[2026-09-30T20:03:15.717+0000] {logging_mixin.py:137} INFO - [2026-09-30T20:03:15.717+0000] {dagbag.py:538} INFO - Filling up the DagBag from /home/airflow/.local/lib/python3.7/site-packages/airflow/example_dags/example_kubernetes_executor.py
[2026-09-30T20:03:15.768+0000] {processor.py:753} INFO - DAG(s) dict_keys(['example_kubernetes_executor']) retrieved from /home/airflow/.local/lib/python3.7/site-packages/airflow/example_dags/example_kubernetes_executor.py
[2026-09-30T20:03:15.841+0000] {logging_mixin.py:137} INFO - [2026-09-30T20:03:15.841+0000] {dag.py:2676} INFO - Sync 1 DAGs
[2026-09-30T20:03:15.896+0000] {logging_mixin.py:137} INFO - [2026-09-30T20:03:15.896+0000] {dag.py:3427} INFO - Setting next_dagrun for example_kubernetes_executor to None, run_after=None
[2026-09-30T20:03:15.922+0000] {processor.py:175} INFO - Processing /home/airflow/.local/lib/python3.7/site-packages/airflow/example_dags/example_kubernetes_executor.py took 0.212 seconds
[2026-09-30T20:03:46.033+0000] {processor.py:153} INFO - Started process (PID=8986) to work on /home/airflow/.local/lib/python3.7/site-packages/airflow/example_dags/example_kubernetes_executor.py
[2026-09-30T20:03:46.034+0000] {processor.py:743} INFO - Processing file /home/airflow/.local/lib/python3.7/site-packages/airflow/example_dags/example_kubernetes_executor.py for tasks to queue
[2026-09-30T20:03:46.034+0000] {logging_mixin.py:137} INFO - [2026-09-30T20:03:46.034+0000] {dagbag.py:538} INFO - Filling up the DagBag from /home/airflow/.local/lib/python3.7/site-packages/airflow/example_dags/example_kubernetes_executor.py
[2026-09-30T20:03:46.074+0000] {processor.py:753} INFO - DAG(s) dict_keys(['example_kubernetes_executor']) retrieved from /home/airflow/.local/lib/python3.7/site-packages/airflow/example_dags/example_kubernetes_executor.py
[2026-09-30T20:03:46.145+0000] {logging_mixin.py:137} INFO - [2026-09-30T20:03:46.144+0000] {dag.py:2676} INFO - Sync 1 DAGs
[2026-09-30T20:03:46.183+0000] {logging_mixin.py:137} INFO - [2026-09-30T20:03:46.182+0000] {dag.py:3427} INFO - Setting next_dagrun for example_kubernetes_executor to None, run_after=None
[2026-09-30T20:03:46.205+0000] {processor.py:175} INFO - Processing /home/airflow/.local/lib/python3.7/site-packages/airflow/example_dags/example_kubernetes_executor.py took 0.176 seconds
[2026-09-30T20:04:16.371+0000] {processor.py:153} INFO - Started process (PID=9065) to work on /home/airflow/.local/lib/python3.7/site-packages/airflow/example_dags/example_kubernetes_executor.py
[2026-09-30T20:04:16.372+0000] {processor.py:743} INFO - Processing file /home/airflow/.local/lib/python3.7/site-packages/airflow/example_dags/example_kubernetes_executor.py for tasks to queue
[2026-09-30T20:04:16.373+0000] {logging_mixin.py:137} INFO - [2026-09-30T20:04:16.372+0000] {dagbag.py:538} INFO - Filling up the DagBag from /home/airflow/.local/lib/python3.7/site-packages/airflow/example_dags/example_kubernetes_executor.py
[2026-09-30T20:04:16.407+0000] {processor.py:753} INFO - DAG(s) dict_keys(['example_kubernetes_executor']) retrieved from /home/airflow/.local/lib/python3.7/site-packages/airflow/example_dags/example_kubernetes_executor.py
[2026-09-30T20:04:16.464+0000] {logging_mixin.py:137} INFO - [2026-09-30T20:04:16.464+0000] {dag.py:2676} INFO - Sync 1 DAGs
[2026-09-30T20:04:16.509+0000] {logging_mixin.py:137} INFO - [2026-09-30T20:04:16.508+0000] {dag.py:3427} INFO - Setting next_dagrun for example_kubernetes_executor to None, run_after=None
[2026-09-30T20:04:16.540+0000] {processor.py:175} INFO - Processing /home/airflow/.local/lib/python3.7/site-packages/airflow/example_dags/example_kubernetes_executor.py took 0.173 seconds
[2026-09-30T20:04:46.654+0000] {processor.py:153} INFO - Started process (PID=9144) to work on /home/airflow/.local/lib/python3.7/site-packages/airflow/example_dags/example_kubernetes_executor.py
[2026-09-30T20:04:46.655+0000] {processor.py:743} INFO - Processing file /home/airflow/.local/lib/python3.7/site-packages/airflow/example_dags/example_kubernetes_executor.py for tasks to queue
[2026-09-30T20:04:46.655+0000] {logging_mixin.py:137} INFO - [2026-09-30T20:04:46.655+0000] {dagbag.py:538} INFO - Filling up the DagBag from /home/airflow/.local/lib/python3.7/site-packages/airflow/example_dags/example_kubernetes_executor.py
[2026-09-30T20:04:46.682+0000] {processor.py:753} INFO - DAG(s) dict_keys(['example_kubernetes_executor']) retrieved from /home/airflow/.local/lib/python3.7/site-packages/airflow/example_dags/example_kubernetes_executor.py
[2026-09-30T20:04:46.721+0000] {logging_mixin.py:137} INFO - [2026-09-30T20:04:46.721+0000] {dag.py:2676} INFO - Sync 1 DAGs
[2026-09-30T20:04:46.743+0000] {logging_mixin.py:137} INFO - [2026-09-30T20:04:46.743+0000] {dag.py:3427} INFO - Setting next_dagrun for example_kubernetes_executor to None, run_after=None
[2026-09-30T20:04:46.757+0000] {processor.py:175} INFO - Processing /home/airflow/.local/lib/python3.7/site-packages/airflow/example_dags/example_kubernetes_executor.py took 0.106 seconds
[2026-09-30T20:05:17.401+0000] {processor.py:153} INFO - Started process (PID=9223) to work on /home/airflow/.local/lib/python3.7/site-packages/airflow/example_dags/example_kubernetes_executor.py
[2026-09-30T20:05:17.403+0000] {processor.py:743} INFO - Processing file /home/airflow/.local/lib/python3.7/site-packages/airflow/example_dags/example_kubernetes_executor.py for tasks to queue
[2026-09-30T20:05:17.404+0000] {logging_mixin.py:137} INFO - [2026-09-30T20:05:17.404+0000] {dagbag.py:538} INFO - Filling up the DagBag from /home/airflow/.local/lib/python3.7/site-packages/airflow/example_dags/example_kubernetes_executor.py
[2026-09-30T20:05:17.438+0000] {processor.py:753} INFO - DAG(s) dict_keys(['example_kubernetes_executor']) retrieved from /home/airflow/.local/lib/python3.7/site-packages/airflow/example_dags/example_kubernetes_executor.py
[2026-09-30T20:05:17.505+0000] {logging_mixin.py:137} INFO - [2026-09-30T20:05:17.505+0000] {dag.py:2676} INFO - Sync 1 DAGs
[2026-09-30T20:05:17.553+0000] {logging_mixin.py:137} INFO - [2026-09-30T20:05:17.553+0000] {dag.py:3427} INFO - Setting next_dagrun for example_kubernetes_executor to None, run_after=None
[2026-09-30T20:05:17.580+0000] {processor.py:175} INFO - Processing /home/airflow/.local/lib/python3.7/site-packages/airflow/example_dags/example_kubernetes_executor.py took 0.182 seconds
[2026-09-30T20:05:48.180+0000] {processor.py:153} INFO - Started process (PID=9322) to work on /home/airflow/.local/lib/python3.7/site-packages/airflow/example_dags/example_kubernetes_executor.py
[2026-09-30T20:05:48.181+0000] {processor.py:743} INFO - Processing file /home/airflow/.local/lib/python3.7/site-packages/airflow/example_dags/example_kubernetes_executor.py for tasks to queue
[2026-09-30T20:05:48.182+0000] {logging_mixin.py:137} INFO - [2026-09-30T20:05:48.181+0000] {dagbag.py:538} INFO - Filling up the DagBag from /home/airflow/.local/lib/python3.7/site-packages/airflow/example_dags/example_kubernetes_executor.py
[2026-09-30T20:05:48.218+0000] {processor.py:753} INFO - DAG(s) dict_keys(['example_kubernetes_executor']) retrieved from /home/airflow/.local/lib/python3.7/site-packages/airflow/example_dags/example_kubernetes_executor.py
[2026-09-30T20:05:48.275+0000] {logging_mixin.py:137} INFO - [2026-09-30T20:05:48.275+0000] {dag.py:2676} INFO - Sync 1 DAGs
[2026-09-30T20:05:48.310+0000] {logging_mixin.py:137} INFO - [2026-09-30T20:05:48.310+0000] {dag.py:3427} INFO - Setting next_dagrun for example_kubernetes_executor to None, run_after=None
[2026-09-30T20:05:48.330+0000] {processor.py:175} INFO - Processing /home/airflow/.local/lib/python3.7/site-packages/airflow/example_dags/example_kubernetes_executor.py took 0.153 seconds
[2026-09-30T20:06:19.082+0000] {processor.py:153} INFO - Started process (PID=9401) to work on /home/airflow/.local/lib/python3.7/site-packages/airflow/example_dags/example_kubernetes_executor.py
[2026-09-30T20:06:19.084+0000] {processor.py:743} INFO - Processing file /home/airflow/.local/lib/python3.7/site-packages/airflow/example_dags/example_kubernetes_executor.py for tasks to queue
[2026-09-30T20:06:19.085+0000] {logging_mixin.py:137} INFO - [2026-09-30T20:06:19.085+0000] {dagbag.py:538} INFO - Filling up the DagBag from /home/airflow/.local/lib/python3.7/site-packages/airflow/example_dags/example_kubernetes_executor.py
[2026-09-30T20:06:19.130+0000] {processor.py:753} INFO - DAG(s) dict_keys(['example_kubernetes_executor']) retrieved from /home/airflow/.local/lib/python3.7/site-packages/airflow/example_dags/example_kubernetes_executor.py
[2026-09-30T20:06:19.188+0000] {logging_mixin.py:137} INFO - [2026-09-30T20:06:19.188+0000] {dag.py:2676} INFO - Sync 1 DAGs
[2026-09-30T20:06:19.228+0000] {logging_mixin.py:137} INFO - [2026-09-30T20:06:19.228+0000] {dag.py:3427} INFO - Setting next_dagrun for example_kubernetes_executor to None, run_after=None
[2026-09-30T20:06:19.252+0000] {processor.py:175} INFO - Processing /home/airflow/.local/lib/python3.7/site-packages/airflow/example_dags/example_kubernetes_executor.py took 0.176 seconds
[2026-09-30T20:06:50.032+0000] {processor.py:153} INFO - Started process (PID=9480) to work on /home/airflow/.local/lib/python3.7/site-packages/airflow/example_dags/example_kubernetes_executor.py
[2026-09-30T20:06:50.032+0000] {processor.py:743} INFO - Processing file /home/airflow/.local/lib/python3.7/site-packages/airflow/example_dags/example_kubernetes_executor.py for tasks to queue
[2026-09-30T20:06:50.033+0000] {logging_mixin.py:137} INFO - [2026-09-30T20:06:50.033+0000] {dagbag.py:538} INFO - Filling up the DagBag from /home/airflow/.local/lib/python3.7/site-packages/airflow/example_dags/example_kubernetes_executor.py
[2026-09-30T20:06:50.068+0000] {processor.py:753} INFO - DAG(s) dict_keys(['example_kubernetes_executor']) retrieved from /home/airflow/.local/lib/python3.7/site-packages/airflow/example_dags/example_kubernetes_executor.py
[2026-09-30T20:06:50.124+0000] {logging_mixin.py:137} INFO - [2026-09-30T20:06:50.124+0000] {dag.py:2676} INFO - Sync 1 DAGs
[2026-09-30T20:06:50.165+0000] {logging_mixin.py:137} INFO - [2026-09-30T20:06:50.164+0000] {dag.py:3427} INFO - Setting next_dagrun for example_kubernetes_executor to None, run_after=None
[2026-09-30T20:06:50.192+0000] {processor.py:175} INFO - Processing /home/airflow/.local/lib/python3.7/site-packages/airflow/example_dags/example_kubernetes_executor.py took 0.166 seconds
[2026-09-30T20:07:20.373+0000] {processor.py:153} INFO - Started process (PID=9559) to work on /home/airflow/.local/lib/python3.7/site-packages/airflow/example_dags/example_kubernetes_executor.py
[2026-09-30T20:07:20.374+0000] {processor.py:743} INFO - Processing file /home/airflow/.local/lib/python3.7/site-packages/airflow/example_dags/example_kubernetes_executor.py for tasks to queue
[2026-09-30T20:07:20.375+0000] {logging_mixin.py:137} INFO - [2026-09-30T20:07:20.374+0000] {dagbag.py:538} INFO - Filling up the DagBag from /home/airflow/.local/lib/python3.7/site-packages/airflow/example_dags/example_kubernetes_executor.py
[2026-09-30T20:07:20.409+0000] {processor.py:753} INFO - DAG(s) dict_keys(['example_kubernetes_executor']) retrieved from /home/airflow/.local/lib/python3.7/site-packages/airflow/example_dags/example_kubernetes_executor.py
[2026-09-30T20:07:20.477+0000] {logging_mixin.py:137} INFO - [2026-09-30T20:07:20.476+0000] {dag.py:2676} INFO - Sync 1 DAGs
[2026-09-30T20:07:20.525+0000] {logging_mixin.py:137} INFO - [2026-09-30T20:07:20.525+0000] {dag.py:3427} INFO - Setting next_dagrun for example_kubernetes_executor to None, run_after=None
[2026-09-30T20:07:20.553+0000] {processor.py:175} INFO - Processing /home/airflow/.local/lib/python3.7/site-packages/airflow/example_dags/example_kubernetes_executor.py took 0.184 seconds
[2026-09-30T20:07:50.992+0000] {processor.py:153} INFO - Started process (PID=9645) to work on /home/airflow/.local/lib/python3.7/site-packages/airflow/example_dags/example_kubernetes_executor.py
[2026-09-30T20:07:50.993+0000] {processor.py:743} INFO - Processing file /home/airflow/.local/lib/python3.7/site-packages/airflow/example_dags/example_kubernetes_executor.py for tasks to queue
[2026-09-30T20:07:50.993+0000] {logging_mixin.py:137} INFO - [2026-09-30T20:07:50.993+0000] {dagbag.py:538} INFO - Filling up the DagBag from /home/airflow/.local/lib/python3.7/site-packages/airflow/example_dags/example_kubernetes_executor.py
[2026-09-30T20:07:51.035+0000] {processor.py:753} INFO - DAG(s) dict_keys(['example_kubernetes_executor']) retrieved from /home/airflow/.local/lib/python3.7/site-packages/airflow/example_dags/example_kubernetes_executor.py
[2026-09-30T20:07:51.100+0000] {logging_mixin.py:137} INFO - [2026-09-30T20:07:51.100+0000] {dag.py:2676} INFO - Sync 1 DAGs
[2026-09-30T20:07:51.155+0000] {logging_mixin.py:137} INFO - [2026-09-30T20:07:51.155+0000] {dag.py:3427} INFO - Setting next_dagrun for example_kubernetes_executor to None, run_after=None
[2026-09-30T20:07:51.184+0000] {processor.py:175} INFO - Processing /home/airflow/.local/lib/python3.7/site-packages/airflow/example_dags/example_kubernetes_executor.py took 0.196 seconds
[2026-09-30T20:08:21.317+0000] {processor.py:153} INFO - Started process (PID=9737) to work on /home/airflow/.local/lib/python3.7/site-packages/airflow/example_dags/example_kubernetes_executor.py
[2026-09-30T20:08:21.319+0000] {processor.py:743} INFO - Processing file /home/airflow/.local/lib/python3.7/site-packages/airflow/example_dags/example_kubernetes_executor.py for tasks to queue
[2026-09-30T20:08:21.320+0000] {logging_mixin.py:137} INFO - [2026-09-30T20:08:21.320+0000] {dagbag.py:538} INFO - Filling up the DagBag from /home/airflow/.local/lib/python3.7/site-packages/airflow/example_dags/example_kubernetes_executor.py
[2026-09-30T20:08:21.377+0000] {processor.py:753} INFO - DAG(s) dict_keys(['example_kubernetes_executor']) retrieved from /home/airflow/.local/lib/python3.7/site-packages/airflow/example_dags/example_kubernetes_executor.py
[2026-09-30T20:08:21.459+0000] {logging_mixin.py:137} INFO - [2026-09-30T20:08:21.459+0000] {dag.py:2676} INFO - Sync 1 DAGs
[2026-09-30T20:08:21.507+0000] {logging_mixin.py:137} INFO - [2026-09-30T20:08:21.507+0000] {dag.py:3427} INFO - Setting next_dagrun for example_kubernetes_executor to None, run_after=None
[2026-09-30T20:08:21.540+0000] {processor.py:175} INFO - Processing /home/airflow/.local/lib/python3.7/site-packages/airflow/example_dags/example_kubernetes_executor.py took 0.228 seconds
[2026-09-30T20:08:51.655+0000] {processor.py:153} INFO - Started process (PID=9816) to work on /home/airflow/.local/lib/python3.7/site-packages/airflow/example_dags/example_kubernetes_executor.py
[2026-09-30T20:08:51.657+0000] {processor.py:743} INFO - Processing file /home/airflow/.local/lib/python3.7/site-packages/airflow/example_dags/example_kubernetes_executor.py for tasks to queue
[2026-09-30T20:08:51.658+0000] {logging_mixin.py:137} INFO - [2026-09-30T20:08:51.658+0000] {dagbag.py:538} INFO - Filling up the DagBag from /home/airflow/.local/lib/python3.7/site-packages/airflow/example_dags/example_kubernetes_executor.py
[2026-09-30T20:08:51.715+0000] {processor.py:753} INFO - DAG(s) dict_keys(['example_kubernetes_executor']) retrieved from /home/airflow/.local/lib/python3.7/site-packages/airflow/example_dags/example_kubernetes_executor.py
[2026-09-30T20:08:51.789+0000] {logging_mixin.py:137} INFO - [2026-09-30T20:08:51.789+0000] {dag.py:2676} INFO - Sync 1 DAGs
[2026-09-30T20:08:51.823+0000] {logging_mixin.py:137} INFO - [2026-09-30T20:08:51.823+0000] {dag.py:3427} INFO - Setting next_dagrun for example_kubernetes_executor to None, run_after=None
[2026-09-30T20:08:51.854+0000] {processor.py:175} INFO - Processing /home/airflow/.local/lib/python3.7/site-packages/airflow/example_dags/example_kubernetes_executor.py took 0.204 seconds
[2026-09-30T20:09:22.197+0000] {processor.py:153} INFO - Started process (PID=9895) to work on /home/airflow/.local/lib/python3.7/site-packages/airflow/example_dags/example_kubernetes_executor.py
[2026-09-30T20:09:22.198+0000] {processor.py:743} INFO - Processing file /home/airflow/.local/lib/python3.7/site-packages/airflow/example_dags/example_kubernetes_executor.py for tasks to queue
[2026-09-30T20:09:22.198+0000] {logging_mixin.py:137} INFO - [2026-09-30T20:09:22.198+0000] {dagbag.py:538} INFO - Filling up the DagBag from /home/airflow/.local/lib/python3.7/site-packages/airflow/example_dags/example_kubernetes_executor.py
[2026-09-30T20:09:22.248+0000] {processor.py:753} INFO - DAG(s) dict_keys(['example_kubernetes_executor']) retrieved from /home/airflow/.local/lib/python3.7/site-packages/airflow/example_dags/example_kubernetes_executor.py
[2026-09-30T20:09:22.329+0000] {logging_mixin.py:137} INFO - [2026-09-30T20:09:22.329+0000] {dag.py:2676} INFO - Sync 1 DAGs
[2026-09-30T20:09:22.375+0000] {logging_mixin.py:137} INFO - [2026-09-30T20:09:22.375+0000] {dag.py:3427} INFO - Setting next_dagrun for example_kubernetes_executor to None, run_after=None
[2026-09-30T20:09:22.408+0000] {processor.py:175} INFO - Processing /home/airflow/.local/lib/python3.7/site-packages/airflow/example_dags/example_kubernetes_executor.py took 0.216 seconds
[2026-09-30T20:09:52.526+0000] {processor.py:153} INFO - Started process (PID=9974) to work on /home/airflow/.local/lib/python3.7/site-packages/airflow/example_dags/example_kubernetes_executor.py
[2026-09-30T20:09:52.528+0000] {processor.py:743} INFO - Processing file /home/airflow/.local/lib/python3.7/site-packages/airflow/example_dags/example_kubernetes_executor.py for tasks to queue
[2026-09-30T20:09:52.529+0000] {logging_mixin.py:137} INFO - [2026-09-30T20:09:52.529+0000] {dagbag.py:538} INFO - Filling up the DagBag from /home/airflow/.local/lib/python3.7/site-packages/airflow/example_dags/example_kubernetes_executor.py
[2026-09-30T20:09:52.586+0000] {processor.py:753} INFO - DAG(s) dict_keys(['example_kubernetes_executor']) retrieved from /home/airflow/.local/lib/python3.7/site-packages/airflow/example_dags/example_kubernetes_executor.py
[2026-09-30T20:09:52.649+0000] {logging_mixin.py:137} INFO - [2026-09-30T20:09:52.649+0000] {dag.py:2676} INFO - Sync 1 DAGs
[2026-09-30T20:09:52.690+0000] {logging_mixin.py:137} INFO - [2026-09-30T20:09:52.689+0000] {dag.py:3427} INFO - Setting next_dagrun for example_kubernetes_executor to None, run_after=None
[2026-09-30T20:09:52.719+0000] {processor.py:175} INFO - Processing /home/airflow/.local/lib/python3.7/site-packages/airflow/example_dags/example_kubernetes_executor.py took 0.199 seconds
[2026-09-30T20:10:22.986+0000] {processor.py:153} INFO - Started process (PID=10062) to work on /home/airflow/.local/lib/python3.7/site-packages/airflow/example_dags/example_kubernetes_executor.py
[2026-09-30T20:10:22.987+0000] {processor.py:743} INFO - Processing file /home/airflow/.local/lib/python3.7/site-packages/airflow/example_dags/example_kubernetes_executor.py for tasks to queue
[2026-09-30T20:10:22.987+0000] {logging_mixin.py:137} INFO - [2026-09-30T20:10:22.987+0000] {dagbag.py:538} INFO - Filling up the DagBag from /home/airflow/.local/lib/python3.7/site-packages/airflow/example_dags/example_kubernetes_executor.py
[2026-09-30T20:10:23.022+0000] {processor.py:753} INFO - DAG(s) dict_keys(['example_kubernetes_executor']) retrieved from /home/airflow/.local/lib/python3.7/site-packages/airflow/example_dags/example_kubernetes_executor.py
[2026-09-30T20:10:23.088+0000] {logging_mixin.py:137} INFO - [2026-09-30T20:10:23.087+0000] {dag.py:2676} INFO - Sync 1 DAGs
[2026-09-30T20:10:23.130+0000] {logging_mixin.py:137} INFO - [2026-09-30T20:10:23.130+0000] {dag.py:3427} INFO - Setting next_dagrun for example_kubernetes_executor to None, run_after=None
[2026-09-30T20:10:23.164+0000] {processor.py:175} INFO - Processing /home/airflow/.local/lib/python3.7/site-packages/airflow/example_dags/example_kubernetes_executor.py took 0.182 seconds
[2026-09-30T20:10:53.333+0000] {processor.py:153} INFO - Started process (PID=10152) to work on /home/airflow/.local/lib/python3.7/site-packages/airflow/example_dags/example_kubernetes_executor.py
[2026-09-30T20:10:53.334+0000] {processor.py:743} INFO - Processing file /home/airflow/.local/lib/python3.7/site-packages/airflow/example_dags/example_kubernetes_executor.py for tasks to queue
[2026-09-30T20:10:53.336+0000] {logging_mixin.py:137} INFO - [2026-09-30T20:10:53.335+0000] {dagbag.py:538} INFO - Filling up the DagBag from /home/airflow/.local/lib/python3.7/site-packages/airflow/example_dags/example_kubernetes_executor.py
[2026-09-30T20:10:53.381+0000] {processor.py:753} INFO - DAG(s) dict_keys(['example_kubernetes_executor']) retrieved from /home/airflow/.local/lib/python3.7/site-packages/airflow/example_dags/example_kubernetes_executor.py
[2026-09-30T20:10:53.459+0000] {logging_mixin.py:137} INFO - [2026-09-30T20:10:53.459+0000] {dag.py:2676} INFO - Sync 1 DAGs
[2026-09-30T20:10:53.500+0000] {logging_mixin.py:137} INFO - [2026-09-30T20:10:53.500+0000] {dag.py:3427} INFO - Setting next_dagrun for example_kubernetes_executor to None, run_after=None
[2026-09-30T20:10:53.529+0000] {processor.py:175} INFO - Processing /home/airflow/.local/lib/python3.7/site-packages/airflow/example_dags/example_kubernetes_executor.py took 0.202 seconds
[2026-09-30T20:11:23.596+0000] {processor.py:153} INFO - Started process (PID=10231) to work on /home/airflow/.local/lib/python3.7/site-packages/airflow/example_dags/example_kubernetes_executor.py
[2026-09-30T20:11:23.598+0000] {processor.py:743} INFO - Processing file /home/airflow/.local/lib/python3.7/site-packages/airflow/example_dags/example_kubernetes_executor.py for tasks to queue
[2026-09-30T20:11:23.598+0000] {logging_mixin.py:137} INFO - [2026-09-30T20:11:23.598+0000] {dagbag.py:538} INFO - Filling up the DagBag from /home/airflow/.local/lib/python3.7/site-packages/airflow/example_dags/example_kubernetes_executor.py
[2026-09-30T20:11:23.626+0000] {processor.py:753} INFO - DAG(s) dict_keys(['example_kubernetes_executor']) retrieved from /home/airflow/.local/lib/python3.7/site-packages/airflow/example_dags/example_kubernetes_executor.py
[2026-09-30T20:11:23.670+0000] {logging_mixin.py:137} INFO - [2026-09-30T20:11:23.670+0000] {dag.py:2676} INFO - Sync 1 DAGs
[2026-09-30T20:11:23.693+0000] {logging_mixin.py:137} INFO - [2026-09-30T20:11:23.693+0000] {dag.py:3427} INFO - Setting next_dagrun for example_kubernetes_executor to None, run_after=None
[2026-09-30T20:11:23.709+0000] {processor.py:175} INFO - Processing /home/airflow/.local/lib/python3.7/site-packages/airflow/example_dags/example_kubernetes_executor.py took 0.115 seconds
[2026-09-30T20:11:54.537+0000] {processor.py:153} INFO - Started process (PID=10310) to work on /home/airflow/.local/lib/python3.7/site-packages/airflow/example_dags/example_kubernetes_executor.py
[2026-09-30T20:11:54.538+0000] {processor.py:743} INFO - Processing file /home/airflow/.local/lib/python3.7/site-packages/airflow/example_dags/example_kubernetes_executor.py for tasks to queue
[2026-09-30T20:11:54.539+0000] {logging_mixin.py:137} INFO - [2026-09-30T20:11:54.539+0000] {dagbag.py:538} INFO - Filling up the DagBag from /home/airflow/.local/lib/python3.7/site-packages/airflow/example_dags/example_kubernetes_executor.py
[2026-09-30T20:11:54.574+0000] {processor.py:753} INFO - DAG(s) dict_keys(['example_kubernetes_executor']) retrieved from /home/airflow/.local/lib/python3.7/site-packages/airflow/example_dags/example_kubernetes_executor.py
[2026-09-30T20:11:54.635+0000] {logging_mixin.py:137} INFO - [2026-09-30T20:11:54.635+0000] {dag.py:2676} INFO - Sync 1 DAGs
[2026-09-30T20:11:54.686+0000] {logging_mixin.py:137} INFO - [2026-09-30T20:11:54.685+0000] {dag.py:3427} INFO - Setting next_dagrun for example_kubernetes_executor to None, run_after=None
[2026-09-30T20:11:54.706+0000] {processor.py:175} INFO - Processing /home/airflow/.local/lib/python3.7/site-packages/airflow/example_dags/example_kubernetes_executor.py took 0.172 seconds
[2026-09-30T20:12:25.142+0000] {processor.py:153} INFO - Started process (PID=10389) to work on /home/airflow/.local/lib/python3.7/site-packages/airflow/example_dags/example_kubernetes_executor.py
[2026-09-30T20:12:25.144+0000] {processor.py:743} INFO - Processing file /home/airflow/.local/lib/python3.7/site-packages/airflow/example_dags/example_kubernetes_executor.py for tasks to queue
[2026-09-30T20:12:25.144+0000] {logging_mixin.py:137} INFO - [2026-09-30T20:12:25.144+0000] {dagbag.py:538} INFO - Filling up the DagBag from /home/airflow/.local/lib/python3.7/site-packages/airflow/example_dags/example_kubernetes_executor.py
[2026-09-30T20:12:25.190+0000] {processor.py:753} INFO - DAG(s) dict_keys(['example_kubernetes_executor']) retrieved from /home/airflow/.local/lib/python3.7/site-packages/airflow/example_dags/example_kubernetes_executor.py
[2026-09-30T20:12:25.245+0000] {logging_mixin.py:137} INFO - [2026-09-30T20:12:25.245+0000] {dag.py:2676} INFO - Sync 1 DAGs
[2026-09-30T20:12:25.282+0000] {logging_mixin.py:137} INFO - [2026-09-30T20:12:25.282+0000] {dag.py:3427} INFO - Setting next_dagrun for example_kubernetes_executor to None, run_after=None
[2026-09-30T20:12:25.305+0000] {processor.py:175} INFO - Processing /home/airflow/.local/lib/python3.7/site-packages/airflow/example_dags/example_kubernetes_executor.py took 0.167 seconds
[2026-09-30T20:12:56.116+0000] {processor.py:153} INFO - Started process (PID=10488) to work on /home/airflow/.local/lib/python3.7/site-packages/airflow/example_dags/example_kubernetes_executor.py
[2026-09-30T20:12:56.116+0000] {processor.py:743} INFO - Processing file /home/airflow/.local/lib/python3.7/site-packages/airflow/example_dags/example_kubernetes_executor.py for tasks to queue
[2026-09-30T20:12:56.117+0000] {logging_mixin.py:137} INFO - [2026-09-30T20:12:56.117+0000] {dagbag.py:538} INFO - Filling up the DagBag from /home/airflow/.local/lib/python3.7/site-packages/airflow/example_dags/example_kubernetes_executor.py
[2026-09-30T20:12:56.161+0000] {processor.py:753} INFO - DAG(s) dict_keys(['example_kubernetes_executor']) retrieved from /home/airflow/.local/lib/python3.7/site-packages/airflow/example_dags/example_kubernetes_executor.py
[2026-09-30T20:12:56.215+0000] {logging_mixin.py:137} INFO - [2026-09-30T20:12:56.215+0000] {dag.py:2676} INFO - Sync 1 DAGs
[2026-09-30T20:12:56.250+0000] {logging_mixin.py:137} INFO - [2026-09-30T20:12:56.250+0000] {dag.py:3427} INFO - Setting next_dagrun for example_kubernetes_executor to None, run_after=None
[2026-09-30T20:12:56.269+0000] {processor.py:175} INFO - Processing /home/airflow/.local/lib/python3.7/site-packages/airflow/example_dags/example_kubernetes_executor.py took 0.157 seconds
[2026-09-30T20:13:26.617+0000] {processor.py:153} INFO - Started process (PID=10567) to work on /home/airflow/.local/lib/python3.7/site-packages/airflow/example_dags/example_kubernetes_executor.py
[2026-09-30T20:13:26.619+0000] {processor.py:743} INFO - Processing file /home/airflow/.local/lib/python3.7/site-packages/airflow/example_dags/example_kubernetes_executor.py for tasks to queue
[2026-09-30T20:13:26.620+0000] {logging_mixin.py:137} INFO - [2026-09-30T20:13:26.620+0000] {dagbag.py:538} INFO - Filling up the DagBag from /home/airflow/.local/lib/python3.7/site-packages/airflow/example_dags/example_kubernetes_executor.py
[2026-09-30T20:13:26.675+0000] {processor.py:753} INFO - DAG(s) dict_keys(['example_kubernetes_executor']) retrieved from /home/airflow/.local/lib/python3.7/site-packages/airflow/example_dags/example_kubernetes_executor.py
[2026-09-30T20:13:26.747+0000] {logging_mixin.py:137} INFO - [2026-09-30T20:13:26.747+0000] {dag.py:2676} INFO - Sync 1 DAGs
[2026-09-30T20:13:26.779+0000] {logging_mixin.py:137} INFO - [2026-09-30T20:13:26.779+0000] {dag.py:3427} INFO - Setting next_dagrun for example_kubernetes_executor to None, run_after=None
[2026-09-30T20:13:26.804+0000] {processor.py:175} INFO - Processing /home/airflow/.local/lib/python3.7/site-packages/airflow/example_dags/example_kubernetes_executor.py took 0.193 seconds
[2026-09-30T20:13:56.923+0000] {processor.py:153} INFO - Started process (PID=10646) to work on /home/airflow/.local/lib/python3.7/site-packages/airflow/example_dags/example_kubernetes_executor.py
[2026-09-30T20:13:56.924+0000] {processor.py:743} INFO - Processing file /home/airflow/.local/lib/python3.7/site-packages/airflow/example_dags/example_kubernetes_executor.py for tasks to queue
[2026-09-30T20:13:56.925+0000] {logging_mixin.py:137} INFO - [2026-09-30T20:13:56.925+0000] {dagbag.py:538} INFO - Filling up the DagBag from /home/airflow/.local/lib/python3.7/site-packages/airflow/example_dags/example_kubernetes_executor.py
[2026-09-30T20:13:56.964+0000] {processor.py:753} INFO - DAG(s) dict_keys(['example_kubernetes_executor']) retrieved from /home/airflow/.local/lib/python3.7/site-packages/airflow/example_dags/example_kubernetes_executor.py
[2026-09-30T20:13:57.021+0000] {logging_mixin.py:137} INFO - [2026-09-30T20:13:57.021+0000] {dag.py:2676} INFO - Sync 1 DAGs
[2026-09-30T20:13:57.053+0000] {logging_mixin.py:137} INFO - [2026-09-30T20:13:57.053+0000] {dag.py:3427} INFO - Setting next_dagrun for example_kubernetes_executor to None, run_after=None
[2026-09-30T20:13:57.076+0000] {processor.py:175} INFO - Processing /home/airflow/.local/lib/python3.7/site-packages/airflow/example_dags/example_kubernetes_executor.py took 0.156 seconds
[2026-09-30T20:14:27.247+0000] {processor.py:153} INFO - Started process (PID=10725) to work on /home/airflow/.local/lib/python3.7/site-packages/airflow/example_dags/example_kubernetes_executor.py
[2026-09-30T20:14:27.248+0000] {processor.py:743} INFO - Processing file /home/airflow/.local/lib/python3.7/site-packages/airflow/example_dags/example_kubernetes_executor.py for tasks to queue
[2026-09-30T20:14:27.250+0000] {logging_mixin.py:137} INFO - [2026-09-30T20:14:27.249+0000] {dagbag.py:538} INFO - Filling up the DagBag from /home/airflow/.local/lib/python3.7/site-packages/airflow/example_dags/example_kubernetes_executor.py
[2026-09-30T20:14:27.309+0000] {processor.py:753} INFO - DAG(s) dict_keys(['example_kubernetes_executor']) retrieved from /home/airflow/.local/lib/python3.7/site-packages/airflow/example_dags/example_kubernetes_executor.py
[2026-09-30T20:14:27.391+0000] {logging_mixin.py:137} INFO - [2026-09-30T20:14:27.391+0000] {dag.py:2676} INFO - Sync 1 DAGs
[2026-09-30T20:14:27.424+0000] {logging_mixin.py:137} INFO - [2026-09-30T20:14:27.424+0000] {dag.py:3427} INFO - Setting next_dagrun for example_kubernetes_executor to None, run_after=None
[2026-09-30T20:14:27.444+0000] {processor.py:175} INFO - Processing /home/airflow/.local/lib/python3.7/site-packages/airflow/example_dags/example_kubernetes_executor.py took 0.203 seconds
[2026-09-30T20:14:58.054+0000] {processor.py:153} INFO - Started process (PID=10824) to work on /home/airflow/.local/lib/python3.7/site-packages/airflow/example_dags/example_kubernetes_executor.py
[2026-09-30T20:14:58.055+0000] {processor.py:743} INFO - Processing file /home/airflow/.local/lib/python3.7/site-packages/airflow/example_dags/example_kubernetes_executor.py for tasks to queue
[2026-09-30T20:14:58.055+0000] {logging_mixin.py:137} INFO - [2026-09-30T20:14:58.055+0000] {dagbag.py:538} INFO - Filling up the DagBag from /home/airflow/.local/lib/python3.7/site-packages/airflow/example_dags/example_kubernetes_executor.py
[2026-09-30T20:14:58.081+0000] {processor.py:753} INFO - DAG(s) dict_keys(['example_kubernetes_executor']) retrieved from /home/airflow/.local/lib/python3.7/site-packages/airflow/example_dags/example_kubernetes_executor.py
[2026-09-30T20:14:58.121+0000] {logging_mixin.py:137} INFO - [2026-09-30T20:14:58.121+0000] {dag.py:2676} INFO - Sync 1 DAGs
[2026-09-30T20:14:58.144+0000] {logging_mixin.py:137} INFO - [2026-09-30T20:14:58.144+0000] {dag.py:3427} INFO - Setting next_dagrun for example_kubernetes_executor to None, run_after=None
[2026-09-30T20:14:58.160+0000] {processor.py:175} INFO - Processing /home/airflow/.local/lib/python3.7/site-packages/airflow/example_dags/example_kubernetes_executor.py took 0.109 seconds
[2026-09-30T20:15:28.512+0000] {processor.py:153} INFO - Started process (PID=10903) to work on /home/airflow/.local/lib/python3.7/site-packages/airflow/example_dags/example_kubernetes_executor.py
[2026-09-30T20:15:28.514+0000] {processor.py:743} INFO - Processing file /home/airflow/.local/lib/python3.7/site-packages/airflow/example_dags/example_kubernetes_executor.py for tasks to queue
[2026-09-30T20:15:28.514+0000] {logging_mixin.py:137} INFO - [2026-09-30T20:15:28.514+0000] {dagbag.py:538} INFO - Filling up the DagBag from /home/airflow/.local/lib/python3.7/site-packages/airflow/example_dags/example_kubernetes_executor.py
[2026-09-30T20:15:28.549+0000] {processor.py:753} INFO - DAG(s) dict_keys(['example_kubernetes_executor']) retrieved from /home/airflow/.local/lib/python3.7/site-packages/airflow/example_dags/example_kubernetes_executor.py
[2026-09-30T20:15:28.599+0000] {logging_mixin.py:137} INFO - [2026-09-30T20:15:28.599+0000] {dag.py:2676} INFO - Sync 1 DAGs
[2026-09-30T20:15:28.630+0000] {logging_mixin.py:137} INFO - [2026-09-30T20:15:28.630+0000] {dag.py:3427} INFO - Setting next_dagrun for example_kubernetes_executor to None, run_after=None
[2026-09-30T20:15:28.652+0000] {processor.py:175} INFO - Processing /home/airflow/.local/lib/python3.7/site-packages/airflow/example_dags/example_kubernetes_executor.py took 0.145 seconds
[2026-09-30T20:15:58.874+0000] {processor.py:153} INFO - Started process (PID=10983) to work on /home/airflow/.local/lib/python3.7/site-packages/airflow/example_dags/example_kubernetes_executor.py
[2026-09-30T20:15:58.876+0000] {processor.py:743} INFO - Processing file /home/airflow/.local/lib/python3.7/site-packages/airflow/example_dags/example_kubernetes_executor.py for tasks to queue
[2026-09-30T20:15:58.877+0000] {logging_mixin.py:137} INFO - [2026-09-30T20:15:58.877+0000] {dagbag.py:538} INFO - Filling up the DagBag from /home/airflow/.local/lib/python3.7/site-packages/airflow/example_dags/example_kubernetes_executor.py
[2026-09-30T20:15:58.927+0000] {processor.py:753} INFO - DAG(s) dict_keys(['example_kubernetes_executor']) retrieved from /home/airflow/.local/lib/python3.7/site-packages/airflow/example_dags/example_kubernetes_executor.py
[2026-09-30T20:15:59.003+0000] {logging_mixin.py:137} INFO - [2026-09-30T20:15:59.003+0000] {dag.py:2676} INFO - Sync 1 DAGs
[2026-09-30T20:15:59.047+0000] {logging_mixin.py:137} INFO - [2026-09-30T20:15:59.047+0000] {dag.py:3427} INFO - Setting next_dagrun for example_kubernetes_executor to None, run_after=None
[2026-09-30T20:15:59.079+0000] {processor.py:175} INFO - Processing /home/airflow/.local/lib/python3.7/site-packages/airflow/example_dags/example_kubernetes_executor.py took 0.211 seconds
[2026-09-30T20:16:29.740+0000] {processor.py:153} INFO - Started process (PID=11071) to work on /home/airflow/.local/lib/python3.7/site-packages/airflow/example_dags/example_kubernetes_executor.py
[2026-09-30T20:16:29.742+0000] {processor.py:743} INFO - Processing file /home/airflow/.local/lib/python3.7/site-packages/airflow/example_dags/example_kubernetes_executor.py for tasks to queue
[2026-09-30T20:16:29.742+0000] {logging_mixin.py:137} INFO - [2026-09-30T20:16:29.742+0000] {dagbag.py:538} INFO - Filling up the DagBag from /home/airflow/.local/lib/python3.7/site-packages/airflow/example_dags/example_kubernetes_executor.py
[2026-09-30T20:16:29.781+0000] {processor.py:753} INFO - DAG(s) dict_keys(['example_kubernetes_executor']) retrieved from /home/airflow/.local/lib/python3.7/site-packages/airflow/example_dags/example_kubernetes_executor.py
[2026-09-30T20:16:29.837+0000] {logging_mixin.py:137} INFO - [2026-09-30T20:16:29.836+0000] {dag.py:2676} INFO - Sync 1 DAGs
[2026-09-30T20:16:29.889+0000] {logging_mixin.py:137} INFO - [2026-09-30T20:16:29.888+0000] {dag.py:3427} INFO - Setting next_dagrun for example_kubernetes_executor to None, run_after=None
[2026-09-30T20:16:29.913+0000] {processor.py:175} INFO - Processing /home/airflow/.local/lib/python3.7/site-packages/airflow/example_dags/example_kubernetes_executor.py took 0.176 seconds
[2026-09-30T20:17:00.208+0000] {processor.py:153} INFO - Started process (PID=11160) to work on /home/airflow/.local/lib/python3.7/site-packages/airflow/example_dags/example_kubernetes_executor.py
[2026-09-30T20:17:00.210+0000] {processor.py:743} INFO - Processing file /home/airflow/.local/lib/python3.7/site-packages/airflow/example_dags/example_kubernetes_executor.py for tasks to queue
[2026-09-30T20:17:00.211+0000] {logging_mixin.py:137} INFO - [2026-09-30T20:17:00.211+0000] {dagbag.py:538} INFO - Filling up the DagBag from /home/airflow/.local/lib/python3.7/site-packages/airflow/example_dags/example_kubernetes_executor.py
[2026-09-30T20:17:00.253+0000] {processor.py:753} INFO - DAG(s) dict_keys(['example_kubernetes_executor']) retrieved from /home/airflow/.local/lib/python3.7/site-packages/airflow/example_dags/example_kubernetes_executor.py
[2026-09-30T20:17:00.311+0000] {logging_mixin.py:137} INFO - [2026-09-30T20:17:00.311+0000] {dag.py:2676} INFO - Sync 1 DAGs
[2026-09-30T20:17:00.353+0000] {logging_mixin.py:137} INFO - [2026-09-30T20:17:00.353+0000] {dag.py:3427} INFO - Setting next_dagrun for example_kubernetes_executor to None, run_after=None
[2026-09-30T20:17:00.383+0000] {processor.py:175} INFO - Processing /home/airflow/.local/lib/python3.7/site-packages/airflow/example_dags/example_kubernetes_executor.py took 0.181 seconds
[2026-09-30T20:17:30.624+0000] {processor.py:153} INFO - Started process (PID=11239) to work on /home/airflow/.local/lib/python3.7/site-packages/airflow/example_dags/example_kubernetes_executor.py
[2026-09-30T20:17:30.625+0000] {processor.py:743} INFO - Processing file /home/airflow/.local/lib/python3.7/site-packages/airflow/example_dags/example_kubernetes_executor.py for tasks to queue
[2026-09-30T20:17:30.625+0000] {logging_mixin.py:137} INFO - [2026-09-30T20:17:30.625+0000] {dagbag.py:538} INFO - Filling up the DagBag from /home/airflow/.local/lib/python3.7/site-packages/airflow/example_dags/example_kubernetes_executor.py
[2026-09-30T20:17:30.663+0000] {processor.py:753} INFO - DAG(s) dict_keys(['example_kubernetes_executor']) retrieved from /home/airflow/.local/lib/python3.7/site-packages/airflow/example_dags/example_kubernetes_executor.py
[2026-09-30T20:17:30.721+0000] {logging_mixin.py:137} INFO - [2026-09-30T20:17:30.720+0000] {dag.py:2676} INFO - Sync 1 DAGs
[2026-09-30T20:17:30.763+0000] {logging_mixin.py:137} INFO - [2026-09-30T20:17:30.763+0000] {dag.py:3427} INFO - Setting next_dagrun for example_kubernetes_executor to None, run_after=None
[2026-09-30T20:17:30.794+0000] {processor.py:175} INFO - Processing /home/airflow/.local/lib/python3.7/site-packages/airflow/example_dags/example_kubernetes_executor.py took 0.176 seconds
[2026-09-30T20:18:01.445+0000] {processor.py:153} INFO - Started process (PID=11318) to work on /home/airflow/.local/lib/python3.7/site-packages/airflow/example_dags/example_kubernetes_executor.py
[2026-09-30T20:18:01.446+0000] {processor.py:743} INFO - Processing file /home/airflow/.local/lib/python3.7/site-packages/airflow/example_dags/example_kubernetes_executor.py for tasks to queue
[2026-09-30T20:18:01.447+0000] {logging_mixin.py:137} INFO - [2026-09-30T20:18:01.446+0000] {dagbag.py:538} INFO - Filling up the DagBag from /home/airflow/.local/lib/python3.7/site-packages/airflow/example_dags/example_kubernetes_executor.py
[2026-09-30T20:18:01.480+0000] {processor.py:753} INFO - DAG(s) dict_keys(['example_kubernetes_executor']) retrieved from /home/airflow/.local/lib/python3.7/site-packages/airflow/example_dags/example_kubernetes_executor.py
[2026-09-30T20:18:01.531+0000] {logging_mixin.py:137} INFO - [2026-09-30T20:18:01.531+0000] {dag.py:2676} INFO - Sync 1 DAGs
[2026-09-30T20:18:01.565+0000] {logging_mixin.py:137} INFO - [2026-09-30T20:18:01.565+0000] {dag.py:3427} INFO - Setting next_dagrun for example_kubernetes_executor to None, run_after=None
[2026-09-30T20:18:01.590+0000] {processor.py:175} INFO - Processing /home/airflow/.local/lib/python3.7/site-packages/airflow/example_dags/example_kubernetes_executor.py took 0.149 seconds
[2026-09-30T20:18:32.385+0000] {processor.py:153} INFO - Started process (PID=11406) to work on /home/airflow/.local/lib/python3.7/site-packages/airflow/example_dags/example_kubernetes_executor.py
[2026-09-30T20:18:32.387+0000] {processor.py:743} INFO - Processing file /home/airflow/.local/lib/python3.7/site-packages/airflow/example_dags/example_kubernetes_executor.py for tasks to queue
[2026-09-30T20:18:32.388+0000] {logging_mixin.py:137} INFO - [2026-09-30T20:18:32.387+0000] {dagbag.py:538} INFO - Filling up the DagBag from /home/airflow/.local/lib/python3.7/site-packages/airflow/example_dags/example_kubernetes_executor.py
[2026-09-30T20:18:32.426+0000] {processor.py:753} INFO - DAG(s) dict_keys(['example_kubernetes_executor']) retrieved from /home/airflow/.local/lib/python3.7/site-packages/airflow/example_dags/example_kubernetes_executor.py
[2026-09-30T20:18:32.485+0000] {logging_mixin.py:137} INFO - [2026-09-30T20:18:32.485+0000] {dag.py:2676} INFO - Sync 1 DAGs
[2026-09-30T20:18:32.517+0000] {logging_mixin.py:137} INFO - [2026-09-30T20:18:32.517+0000] {dag.py:3427} INFO - Setting next_dagrun for example_kubernetes_executor to None, run_after=None
[2026-09-30T20:18:32.536+0000] {processor.py:175} INFO - Processing /home/airflow/.local/lib/python3.7/site-packages/airflow/example_dags/example_kubernetes_executor.py took 0.158 seconds
[2026-09-30T20:19:02.949+0000] {processor.py:153} INFO - Started process (PID=11496) to work on /home/airflow/.local/lib/python3.7/site-packages/airflow/example_dags/example_kubernetes_executor.py
[2026-09-30T20:19:02.950+0000] {processor.py:743} INFO - Processing file /home/airflow/.local/lib/python3.7/site-packages/airflow/example_dags/example_kubernetes_executor.py for tasks to queue
[2026-09-30T20:19:02.951+0000] {logging_mixin.py:137} INFO - [2026-09-30T20:19:02.951+0000] {dagbag.py:538} INFO - Filling up the DagBag from /home/airflow/.local/lib/python3.7/site-packages/airflow/example_dags/example_kubernetes_executor.py
[2026-09-30T20:19:02.980+0000] {processor.py:753} INFO - DAG(s) dict_keys(['example_kubernetes_executor']) retrieved from /home/airflow/.local/lib/python3.7/site-packages/airflow/example_dags/example_kubernetes_executor.py
[2026-09-30T20:19:03.026+0000] {logging_mixin.py:137} INFO - [2026-09-30T20:19:03.026+0000] {dag.py:2676} INFO - Sync 1 DAGs
[2026-09-30T20:19:03.052+0000] {logging_mixin.py:137} INFO - [2026-09-30T20:19:03.051+0000] {dag.py:3427} INFO - Setting next_dagrun for example_kubernetes_executor to None, run_after=None
[2026-09-30T20:19:03.068+0000] {processor.py:175} INFO - Processing /home/airflow/.local/lib/python3.7/site-packages/airflow/example_dags/example_kubernetes_executor.py took 0.122 seconds
[2026-09-30T20:19:33.382+0000] {processor.py:153} INFO - Started process (PID=11575) to work on /home/airflow/.local/lib/python3.7/site-packages/airflow/example_dags/example_kubernetes_executor.py
[2026-09-30T20:19:33.383+0000] {processor.py:743} INFO - Processing file /home/airflow/.local/lib/python3.7/site-packages/airflow/example_dags/example_kubernetes_executor.py for tasks to queue
[2026-09-30T20:19:33.384+0000] {logging_mixin.py:137} INFO - [2026-09-30T20:19:33.383+0000] {dagbag.py:538} INFO - Filling up the DagBag from /home/airflow/.local/lib/python3.7/site-packages/airflow/example_dags/example_kubernetes_executor.py
[2026-09-30T20:19:33.431+0000] {processor.py:753} INFO - DAG(s) dict_keys(['example_kubernetes_executor']) retrieved from /home/airflow/.local/lib/python3.7/site-packages/airflow/example_dags/example_kubernetes_executor.py
[2026-09-30T20:19:33.487+0000] {logging_mixin.py:137} INFO - [2026-09-30T20:19:33.487+0000] {dag.py:2676} INFO - Sync 1 DAGs
[2026-09-30T20:19:33.519+0000] {logging_mixin.py:137} INFO - [2026-09-30T20:19:33.519+0000] {dag.py:3427} INFO - Setting next_dagrun for example_kubernetes_executor to None, run_after=None
[2026-09-30T20:19:33.541+0000] {processor.py:175} INFO - Processing /home/airflow/.local/lib/python3.7/site-packages/airflow/example_dags/example_kubernetes_executor.py took 0.163 seconds
[2026-09-30T20:20:03.952+0000] {processor.py:153} INFO - Started process (PID=11654) to work on /home/airflow/.local/lib/python3.7/site-packages/airflow/example_dags/example_kubernetes_executor.py
[2026-09-30T20:20:03.953+0000] {processor.py:743} INFO - Processing file /home/airflow/.local/lib/python3.7/site-packages/airflow/example_dags/example_kubernetes_executor.py for tasks to queue
[2026-09-30T20:20:03.954+0000] {logging_mixin.py:137} INFO - [2026-09-30T20:20:03.954+0000] {dagbag.py:538} INFO - Filling up the DagBag from /home/airflow/.local/lib/python3.7/site-packages/airflow/example_dags/example_kubernetes_executor.py
[2026-09-30T20:20:03.999+0000] {processor.py:753} INFO - DAG(s) dict_keys(['example_kubernetes_executor']) retrieved from /home/airflow/.local/lib/python3.7/site-packages/airflow/example_dags/example_kubernetes_executor.py
[2026-09-30T20:20:04.058+0000] {logging_mixin.py:137} INFO - [2026-09-30T20:20:04.058+0000] {dag.py:2676} INFO - Sync 1 DAGs
[2026-09-30T20:20:04.095+0000] {logging_mixin.py:137} INFO - [2026-09-30T20:20:04.094+0000] {dag.py:3427} INFO - Setting next_dagrun for example_kubernetes_executor to None, run_after=None
[2026-09-30T20:20:04.116+0000] {processor.py:175} INFO - Processing /home/airflow/.local/lib/python3.7/site-packages/airflow/example_dags/example_kubernetes_executor.py took 0.167 seconds
[2026-09-30T20:20:34.369+0000] {processor.py:153} INFO - Started process (PID=11753) to work on /home/airflow/.local/lib/python3.7/site-packages/airflow/example_dags/example_kubernetes_executor.py
[2026-09-30T20:20:34.370+0000] {processor.py:743} INFO - Processing file /home/airflow/.local/lib/python3.7/site-packages/airflow/example_dags/example_kubernetes_executor.py for tasks to queue
[2026-09-30T20:20:34.371+0000] {logging_mixin.py:137} INFO - [2026-09-30T20:20:34.371+0000] {dagbag.py:538} INFO - Filling up the DagBag from /home/airflow/.local/lib/python3.7/site-packages/airflow/example_dags/example_kubernetes_executor.py
[2026-09-30T20:20:34.410+0000] {processor.py:753} INFO - DAG(s) dict_keys(['example_kubernetes_executor']) retrieved from /home/airflow/.local/lib/python3.7/site-packages/airflow/example_dags/example_kubernetes_executor.py
[2026-09-30T20:20:34.467+0000] {logging_mixin.py:137} INFO - [2026-09-30T20:20:34.467+0000] {dag.py:2676} INFO - Sync 1 DAGs
[2026-09-30T20:20:34.500+0000] {logging_mixin.py:137} INFO - [2026-09-30T20:20:34.500+0000] {dag.py:3427} INFO - Setting next_dagrun for example_kubernetes_executor to None, run_after=None
[2026-09-30T20:20:34.526+0000] {processor.py:175} INFO - Processing /home/airflow/.local/lib/python3.7/site-packages/airflow/example_dags/example_kubernetes_executor.py took 0.161 seconds
[2026-09-30T20:21:04.624+0000] {processor.py:153} INFO - Started process (PID=11832) to work on /home/airflow/.local/lib/python3.7/site-packages/airflow/example_dags/example_kubernetes_executor.py
[2026-09-30T20:21:04.625+0000] {processor.py:743} INFO - Processing file /home/airflow/.local/lib/python3.7/site-packages/airflow/example_dags/example_kubernetes_executor.py for tasks to queue
[2026-09-30T20:21:04.626+0000] {logging_mixin.py:137} INFO - [2026-09-30T20:21:04.626+0000] {dagbag.py:538} INFO - Filling up the DagBag from /home/airflow/.local/lib/python3.7/site-packages/airflow/example_dags/example_kubernetes_executor.py
[2026-09-30T20:21:04.680+0000] {processor.py:753} INFO - DAG(s) dict_keys(['example_kubernetes_executor']) retrieved from /home/airflow/.local/lib/python3.7/site-packages/airflow/example_dags/example_kubernetes_executor.py
[2026-09-30T20:21:04.746+0000] {logging_mixin.py:137} INFO - [2026-09-30T20:21:04.746+0000] {dag.py:2676} INFO - Sync 1 DAGs
[2026-09-30T20:21:04.777+0000] {logging_mixin.py:137} INFO - [2026-09-30T20:21:04.777+0000] {dag.py:3427} INFO - Setting next_dagrun for example_kubernetes_executor to None, run_after=None
[2026-09-30T20:21:04.799+0000] {processor.py:175} INFO - Processing /home/airflow/.local/lib/python3.7/site-packages/airflow/example_dags/example_kubernetes_executor.py took 0.181 seconds
[2026-09-30T20:21:35.892+0000] {processor.py:153} INFO - Started process (PID=11911) to work on /home/airflow/.local/lib/python3.7/site-packages/airflow/example_dags/example_kubernetes_executor.py
[2026-09-30T20:21:35.893+0000] {processor.py:743} INFO - Processing file /home/airflow/.local/lib/python3.7/site-packages/airflow/example_dags/example_kubernetes_executor.py for tasks to queue
[2026-09-30T20:21:35.893+0000] {logging_mixin.py:137} INFO - [2026-09-30T20:21:35.893+0000] {dagbag.py:538} INFO - Filling up the DagBag from /home/airflow/.local/lib/python3.7/site-packages/airflow/example_dags/example_kubernetes_executor.py
[2026-09-30T20:21:35.932+0000] {processor.py:753} INFO - DAG(s) dict_keys(['example_kubernetes_executor']) retrieved from /home/airflow/.local/lib/python3.7/site-packages/airflow/example_dags/example_kubernetes_executor.py
[2026-09-30T20:21:35.985+0000] {logging_mixin.py:137} INFO - [2026-09-30T20:21:35.985+0000] {dag.py:2676} INFO - Sync 1 DAGs
[2026-09-30T20:21:36.019+0000] {logging_mixin.py:137} INFO - [2026-09-30T20:21:36.019+0000] {dag.py:3427} INFO - Setting next_dagrun for example_kubernetes_executor to None, run_after=None
[2026-09-30T20:21:36.044+0000] {processor.py:175} INFO - Processing /home/airflow/.local/lib/python3.7/site-packages/airflow/example_dags/example_kubernetes_executor.py took 0.156 seconds
[2026-09-30T20:22:06.248+0000] {processor.py:153} INFO - Started process (PID=11990) to work on /home/airflow/.local/lib/python3.7/site-packages/airflow/example_dags/example_kubernetes_executor.py
[2026-09-30T20:22:06.249+0000] {processor.py:743} INFO - Processing file /home/airflow/.local/lib/python3.7/site-packages/airflow/example_dags/example_kubernetes_executor.py for tasks to queue
[2026-09-30T20:22:06.250+0000] {logging_mixin.py:137} INFO - [2026-09-30T20:22:06.250+0000] {dagbag.py:538} INFO - Filling up the DagBag from /home/airflow/.local/lib/python3.7/site-packages/airflow/example_dags/example_kubernetes_executor.py
[2026-09-30T20:22:06.296+0000] {processor.py:753} INFO - DAG(s) dict_keys(['example_kubernetes_executor']) retrieved from /home/airflow/.local/lib/python3.7/site-packages/airflow/example_dags/example_kubernetes_executor.py
[2026-09-30T20:22:06.347+0000] {logging_mixin.py:137} INFO - [2026-09-30T20:22:06.347+0000] {dag.py:2676} INFO - Sync 1 DAGs
[2026-09-30T20:22:06.380+0000] {logging_mixin.py:137} INFO - [2026-09-30T20:22:06.380+0000] {dag.py:3427} INFO - Setting next_dagrun for example_kubernetes_executor to None, run_after=None
[2026-09-30T20:22:06.401+0000] {processor.py:175} INFO - Processing /home/airflow/.local/lib/python3.7/site-packages/airflow/example_dags/example_kubernetes_executor.py took 0.157 seconds
[2026-09-30T20:22:37.224+0000] {processor.py:153} INFO - Started process (PID=12089) to work on /home/airflow/.local/lib/python3.7/site-packages/airflow/example_dags/example_kubernetes_executor.py
[2026-09-30T20:22:37.225+0000] {processor.py:743} INFO - Processing file /home/airflow/.local/lib/python3.7/site-packages/airflow/example_dags/example_kubernetes_executor.py for tasks to queue
[2026-09-30T20:22:37.225+0000] {logging_mixin.py:137} INFO - [2026-09-30T20:22:37.225+0000] {dagbag.py:538} INFO - Filling up the DagBag from /home/airflow/.local/lib/python3.7/site-packages/airflow/example_dags/example_kubernetes_executor.py
[2026-09-30T20:22:37.263+0000] {processor.py:753} INFO - DAG(s) dict_keys(['example_kubernetes_executor']) retrieved from /home/airflow/.local/lib/python3.7/site-packages/airflow/example_dags/example_kubernetes_executor.py
[2026-09-30T20:22:37.316+0000] {logging_mixin.py:137} INFO - [2026-09-30T20:22:37.316+0000] {dag.py:2676} INFO - Sync 1 DAGs
[2026-09-30T20:22:37.358+0000] {logging_mixin.py:137} INFO - [2026-09-30T20:22:37.358+0000] {dag.py:3427} INFO - Setting next_dagrun for example_kubernetes_executor to None, run_after=None
[2026-09-30T20:22:37.381+0000] {processor.py:175} INFO - Processing /home/airflow/.local/lib/python3.7/site-packages/airflow/example_dags/example_kubernetes_executor.py took 0.162 seconds
[2026-09-30T20:23:07.913+0000] {processor.py:153} INFO - Started process (PID=12168) to work on /home/airflow/.local/lib/python3.7/site-packages/airflow/example_dags/example_kubernetes_executor.py
[2026-09-30T20:23:07.914+0000] {processor.py:743} INFO - Processing file /home/airflow/.local/lib/python3.7/site-packages/airflow/example_dags/example_kubernetes_executor.py for tasks to queue
[2026-09-30T20:23:07.915+0000] {logging_mixin.py:137} INFO - [2026-09-30T20:23:07.915+0000] {dagbag.py:538} INFO - Filling up the DagBag from /home/airflow/.local/lib/python3.7/site-packages/airflow/example_dags/example_kubernetes_executor.py
[2026-09-30T20:23:07.964+0000] {processor.py:753} INFO - DAG(s) dict_keys(['example_kubernetes_executor']) retrieved from /home/airflow/.local/lib/python3.7/site-packages/airflow/example_dags/example_kubernetes_executor.py
[2026-09-30T20:23:08.028+0000] {logging_mixin.py:137} INFO - [2026-09-30T20:23:08.027+0000] {dag.py:2676} INFO - Sync 1 DAGs
[2026-09-30T20:23:08.063+0000] {logging_mixin.py:137} INFO - [2026-09-30T20:23:08.063+0000] {dag.py:3427} INFO - Setting next_dagrun for example_kubernetes_executor to None, run_after=None
[2026-09-30T20:23:08.084+0000] {processor.py:175} INFO - Processing /home/airflow/.local/lib/python3.7/site-packages/airflow/example_dags/example_kubernetes_executor.py took 0.176 seconds
[2026-09-30T20:23:38.789+0000] {processor.py:153} INFO - Started process (PID=12247) to work on /home/airflow/.local/lib/python3.7/site-packages/airflow/example_dags/example_kubernetes_executor.py
[2026-09-30T20:23:38.790+0000] {processor.py:743} INFO - Processing file /home/airflow/.local/lib/python3.7/site-packages/airflow/example_dags/example_kubernetes_executor.py for tasks to queue
[2026-09-30T20:23:38.791+0000] {logging_mixin.py:137} INFO - [2026-09-30T20:23:38.791+0000] {dagbag.py:538} INFO - Filling up the DagBag from /home/airflow/.local/lib/python3.7/site-packages/airflow/example_dags/example_kubernetes_executor.py
[2026-09-30T20:23:38.829+0000] {processor.py:753} INFO - DAG(s) dict_keys(['example_kubernetes_executor']) retrieved from /home/airflow/.local/lib/python3.7/site-packages/airflow/example_dags/example_kubernetes_executor.py
[2026-09-30T20:23:38.884+0000] {logging_mixin.py:137} INFO - [2026-09-30T20:23:38.883+0000] {dag.py:2676} INFO - Sync 1 DAGs
[2026-09-30T20:23:38.917+0000] {logging_mixin.py:137} INFO - [2026-09-30T20:23:38.916+0000] {dag.py:3427} INFO - Setting next_dagrun for example_kubernetes_executor to None, run_after=None
[2026-09-30T20:23:38.939+0000] {processor.py:175} INFO - Processing /home/airflow/.local/lib/python3.7/site-packages/airflow/example_dags/example_kubernetes_executor.py took 0.155 seconds
[2026-09-30T20:24:09.571+0000] {processor.py:153} INFO - Started process (PID=12346) to work on /home/airflow/.local/lib/python3.7/site-packages/airflow/example_dags/example_kubernetes_executor.py
[2026-09-30T20:24:09.572+0000] {processor.py:743} INFO - Processing file /home/airflow/.local/lib/python3.7/site-packages/airflow/example_dags/example_kubernetes_executor.py for tasks to queue
[2026-09-30T20:24:09.572+0000] {logging_mixin.py:137} INFO - [2026-09-30T20:24:09.572+0000] {dagbag.py:538} INFO - Filling up the DagBag from /home/airflow/.local/lib/python3.7/site-packages/airflow/example_dags/example_kubernetes_executor.py
[2026-09-30T20:24:09.610+0000] {processor.py:753} INFO - DAG(s) dict_keys(['example_kubernetes_executor']) retrieved from /home/airflow/.local/lib/python3.7/site-packages/airflow/example_dags/example_kubernetes_executor.py
[2026-09-30T20:24:09.668+0000] {logging_mixin.py:137} INFO - [2026-09-30T20:24:09.668+0000] {dag.py:2676} INFO - Sync 1 DAGs
[2026-09-30T20:24:09.704+0000] {logging_mixin.py:137} INFO - [2026-09-30T20:24:09.704+0000] {dag.py:3427} INFO - Setting next_dagrun for example_kubernetes_executor to None, run_after=None
[2026-09-30T20:24:09.734+0000] {processor.py:175} INFO - Processing /home/airflow/.local/lib/python3.7/site-packages/airflow/example_dags/example_kubernetes_executor.py took 0.167 seconds
[2026-09-30T20:24:39.873+0000] {processor.py:153} INFO - Started process (PID=12425) to work on /home/airflow/.local/lib/python3.7/site-packages/airflow/example_dags/example_kubernetes_executor.py
[2026-09-30T20:24:39.874+0000] {processor.py:743} INFO - Processing file /home/airflow/.local/lib/python3.7/site-packages/airflow/example_dags/example_kubernetes_executor.py for tasks to queue
[2026-09-30T20:24:39.874+0000] {logging_mixin.py:137} INFO - [2026-09-30T20:24:39.874+0000] {dagbag.py:538} INFO - Filling up the DagBag from /home/airflow/.local/lib/python3.7/site-packages/airflow/example_dags/example_kubernetes_executor.py
[2026-09-30T20:24:39.909+0000] {processor.py:753} INFO - DAG(s) dict_keys(['example_kubernetes_executor']) retrieved from /home/airflow/.local/lib/python3.7/site-packages/airflow/example_dags/example_kubernetes_executor.py
[2026-09-30T20:24:39.969+0000] {logging_mixin.py:137} INFO - [2026-09-30T20:24:39.968+0000] {dag.py:2676} INFO - Sync 1 DAGs
[2026-09-30T20:24:40.000+0000] {logging_mixin.py:137} INFO - [2026-09-30T20:24:40.000+0000] {dag.py:3427} INFO - Setting next_dagrun for example_kubernetes_executor to None, run_after=None
[2026-09-30T20:24:40.020+0000] {processor.py:175} INFO - Processing /home/airflow/.local/lib/python3.7/site-packages/airflow/example_dags/example_kubernetes_executor.py took 0.152 seconds
[2026-09-30T20:25:10.580+0000] {processor.py:153} INFO - Started process (PID=12504) to work on /home/airflow/.local/lib/python3.7/site-packages/airflow/example_dags/example_kubernetes_executor.py
[2026-09-30T20:25:10.582+0000] {processor.py:743} INFO - Processing file /home/airflow/.local/lib/python3.7/site-packages/airflow/example_dags/example_kubernetes_executor.py for tasks to queue
[2026-09-30T20:25:10.582+0000] {logging_mixin.py:137} INFO - [2026-09-30T20:25:10.582+0000] {dagbag.py:538} INFO - Filling up the DagBag from /home/airflow/.local/lib/python3.7/site-packages/airflow/example_dags/example_kubernetes_executor.py
[2026-09-30T20:25:10.621+0000] {processor.py:753} INFO - DAG(s) dict_keys(['example_kubernetes_executor']) retrieved from /home/airflow/.local/lib/python3.7/site-packages/airflow/example_dags/example_kubernetes_executor.py
[2026-09-30T20:25:10.702+0000] {logging_mixin.py:137} INFO - [2026-09-30T20:25:10.701+0000] {dag.py:2676} INFO - Sync 1 DAGs
[2026-09-30T20:25:10.747+0000] {logging_mixin.py:137} INFO - [2026-09-30T20:25:10.747+0000] {dag.py:3427} INFO - Setting next_dagrun for example_kubernetes_executor to None, run_after=None
[2026-09-30T20:25:10.780+0000] {processor.py:175} INFO - Processing /home/airflow/.local/lib/python3.7/site-packages/airflow/example_dags/example_kubernetes_executor.py took 0.203 seconds
[2026-09-30T20:25:41.176+0000] {processor.py:153} INFO - Started process (PID=12583) to work on /home/airflow/.local/lib/python3.7/site-packages/airflow/example_dags/example_kubernetes_executor.py
[2026-09-30T20:25:41.177+0000] {processor.py:743} INFO - Processing file /home/airflow/.local/lib/python3.7/site-packages/airflow/example_dags/example_kubernetes_executor.py for tasks to queue
[2026-09-30T20:25:41.178+0000] {logging_mixin.py:137} INFO - [2026-09-30T20:25:41.178+0000] {dagbag.py:538} INFO - Filling up the DagBag from /home/airflow/.local/lib/python3.7/site-packages/airflow/example_dags/example_kubernetes_executor.py
[2026-09-30T20:25:41.216+0000] {processor.py:753} INFO - DAG(s) dict_keys(['example_kubernetes_executor']) retrieved from /home/airflow/.local/lib/python3.7/site-packages/airflow/example_dags/example_kubernetes_executor.py
[2026-09-30T20:25:41.277+0000] {logging_mixin.py:137} INFO - [2026-09-30T20:25:41.277+0000] {dag.py:2676} INFO - Sync 1 DAGs
[2026-09-30T20:25:41.310+0000] {logging_mixin.py:137} INFO - [2026-09-30T20:25:41.310+0000] {dag.py:3427} INFO - Setting next_dagrun for example_kubernetes_executor to None, run_after=None
[2026-09-30T20:25:41.339+0000] {processor.py:175} INFO - Processing /home/airflow/.local/lib/python3.7/site-packages/airflow/example_dags/example_kubernetes_executor.py took 0.167 seconds
[2026-09-30T20:26:11.917+0000] {processor.py:153} INFO - Started process (PID=12671) to work on /home/airflow/.local/lib/python3.7/site-packages/airflow/example_dags/example_kubernetes_executor.py
[2026-09-30T20:26:11.918+0000] {processor.py:743} INFO - Processing file /home/airflow/.local/lib/python3.7/site-packages/airflow/example_dags/example_kubernetes_executor.py for tasks to queue
[2026-09-30T20:26:11.919+0000] {logging_mixin.py:137} INFO - [2026-09-30T20:26:11.919+0000] {dagbag.py:538} INFO - Filling up the DagBag from /home/airflow/.local/lib/python3.7/site-packages/airflow/example_dags/example_kubernetes_executor.py
[2026-09-30T20:26:11.956+0000] {processor.py:753} INFO - DAG(s) dict_keys(['example_kubernetes_executor']) retrieved from /home/airflow/.local/lib/python3.7/site-packages/airflow/example_dags/example_kubernetes_executor.py
[2026-09-30T20:26:12.007+0000] {logging_mixin.py:137} INFO - [2026-09-30T20:26:12.007+0000] {dag.py:2676} INFO - Sync 1 DAGs
[2026-09-30T20:26:12.041+0000] {logging_mixin.py:137} INFO - [2026-09-30T20:26:12.041+0000] {dag.py:3427} INFO - Setting next_dagrun for example_kubernetes_executor to None, run_after=None
[2026-09-30T20:26:12.064+0000] {processor.py:175} INFO - Processing /home/airflow/.local/lib/python3.7/site-packages/airflow/example_dags/example_kubernetes_executor.py took 0.152 seconds
[2026-09-30T20:26:42.193+0000] {processor.py:153} INFO - Started process (PID=12761) to work on /home/airflow/.local/lib/python3.7/site-packages/airflow/example_dags/example_kubernetes_executor.py
[2026-09-30T20:26:42.194+0000] {processor.py:743} INFO - Processing file /home/airflow/.local/lib/python3.7/site-packages/airflow/example_dags/example_kubernetes_executor.py for tasks to queue
[2026-09-30T20:26:42.195+0000] {logging_mixin.py:137} INFO - [2026-09-30T20:26:42.195+0000] {dagbag.py:538} INFO - Filling up the DagBag from /home/airflow/.local/lib/python3.7/site-packages/airflow/example_dags/example_kubernetes_executor.py
[2026-09-30T20:26:42.235+0000] {processor.py:753} INFO - DAG(s) dict_keys(['example_kubernetes_executor']) retrieved from /home/airflow/.local/lib/python3.7/site-packages/airflow/example_dags/example_kubernetes_executor.py
[2026-09-30T20:26:42.288+0000] {logging_mixin.py:137} INFO - [2026-09-30T20:26:42.287+0000] {dag.py:2676} INFO - Sync 1 DAGs
[2026-09-30T20:26:42.319+0000] {logging_mixin.py:137} INFO - [2026-09-30T20:26:42.319+0000] {dag.py:3427} INFO - Setting next_dagrun for example_kubernetes_executor to None, run_after=None
[2026-09-30T20:26:42.341+0000] {processor.py:175} INFO - Processing /home/airflow/.local/lib/python3.7/site-packages/airflow/example_dags/example_kubernetes_executor.py took 0.152 seconds
[2026-09-30T20:27:13.274+0000] {processor.py:153} INFO - Started process (PID=12840) to work on /home/airflow/.local/lib/python3.7/site-packages/airflow/example_dags/example_kubernetes_executor.py
[2026-09-30T20:27:13.276+0000] {processor.py:743} INFO - Processing file /home/airflow/.local/lib/python3.7/site-packages/airflow/example_dags/example_kubernetes_executor.py for tasks to queue
[2026-09-30T20:27:13.277+0000] {logging_mixin.py:137} INFO - [2026-09-30T20:27:13.277+0000] {dagbag.py:538} INFO - Filling up the DagBag from /home/airflow/.local/lib/python3.7/site-packages/airflow/example_dags/example_kubernetes_executor.py
[2026-09-30T20:27:13.334+0000] {processor.py:753} INFO - DAG(s) dict_keys(['example_kubernetes_executor']) retrieved from /home/airflow/.local/lib/python3.7/site-packages/airflow/example_dags/example_kubernetes_executor.py
[2026-09-30T20:27:13.407+0000] {logging_mixin.py:137} INFO - [2026-09-30T20:27:13.407+0000] {dag.py:2676} INFO - Sync 1 DAGs
[2026-09-30T20:27:13.454+0000] {logging_mixin.py:137} INFO - [2026-09-30T20:27:13.454+0000] {dag.py:3427} INFO - Setting next_dagrun for example_kubernetes_executor to None, run_after=None
[2026-09-30T20:27:13.491+0000] {processor.py:175} INFO - Processing /home/airflow/.local/lib/python3.7/site-packages/airflow/example_dags/example_kubernetes_executor.py took 0.225 seconds
[2026-09-30T20:27:43.539+0000] {processor.py:153} INFO - Started process (PID=12919) to work on /home/airflow/.local/lib/python3.7/site-packages/airflow/example_dags/example_kubernetes_executor.py
[2026-09-30T20:27:43.540+0000] {processor.py:743} INFO - Processing file /home/airflow/.local/lib/python3.7/site-packages/airflow/example_dags/example_kubernetes_executor.py for tasks to queue
[2026-09-30T20:27:43.540+0000] {logging_mixin.py:137} INFO - [2026-09-30T20:27:43.540+0000] {dagbag.py:538} INFO - Filling up the DagBag from /home/airflow/.local/lib/python3.7/site-packages/airflow/example_dags/example_kubernetes_executor.py
[2026-09-30T20:27:43.578+0000] {processor.py:753} INFO - DAG(s) dict_keys(['example_kubernetes_executor']) retrieved from /home/airflow/.local/lib/python3.7/site-packages/airflow/example_dags/example_kubernetes_executor.py
[2026-09-30T20:27:43.636+0000] {logging_mixin.py:137} INFO - [2026-09-30T20:27:43.636+0000] {dag.py:2676} INFO - Sync 1 DAGs
[2026-09-30T20:27:43.670+0000] {logging_mixin.py:137} INFO - [2026-09-30T20:27:43.670+0000] {dag.py:3427} INFO - Setting next_dagrun for example_kubernetes_executor to None, run_after=None
[2026-09-30T20:27:43.692+0000] {processor.py:175} INFO - Processing /home/airflow/.local/lib/python3.7/site-packages/airflow/example_dags/example_kubernetes_executor.py took 0.158 seconds
[2026-09-30T20:28:13.951+0000] {processor.py:153} INFO - Started process (PID=13018) to work on /home/airflow/.local/lib/python3.7/site-packages/airflow/example_dags/example_kubernetes_executor.py
[2026-09-30T20:28:13.952+0000] {processor.py:743} INFO - Processing file /home/airflow/.local/lib/python3.7/site-packages/airflow/example_dags/example_kubernetes_executor.py for tasks to queue
[2026-09-30T20:28:13.953+0000] {logging_mixin.py:137} INFO - [2026-09-30T20:28:13.953+0000] {dagbag.py:538} INFO - Filling up the DagBag from /home/airflow/.local/lib/python3.7/site-packages/airflow/example_dags/example_kubernetes_executor.py
[2026-09-30T20:28:13.998+0000] {processor.py:753} INFO - DAG(s) dict_keys(['example_kubernetes_executor']) retrieved from /home/airflow/.local/lib/python3.7/site-packages/airflow/example_dags/example_kubernetes_executor.py
[2026-09-30T20:28:14.058+0000] {logging_mixin.py:137} INFO - [2026-09-30T20:28:14.058+0000] {dag.py:2676} INFO - Sync 1 DAGs
[2026-09-30T20:28:14.108+0000] {logging_mixin.py:137} INFO - [2026-09-30T20:28:14.107+0000] {dag.py:3427} INFO - Setting next_dagrun for example_kubernetes_executor to None, run_after=None
[2026-09-30T20:28:14.141+0000] {processor.py:175} INFO - Processing /home/airflow/.local/lib/python3.7/site-packages/airflow/example_dags/example_kubernetes_executor.py took 0.196 seconds
[2026-09-30T20:28:44.216+0000] {processor.py:153} INFO - Started process (PID=13097) to work on /home/airflow/.local/lib/python3.7/site-packages/airflow/example_dags/example_kubernetes_executor.py
[2026-09-30T20:28:44.217+0000] {processor.py:743} INFO - Processing file /home/airflow/.local/lib/python3.7/site-packages/airflow/example_dags/example_kubernetes_executor.py for tasks to queue
[2026-09-30T20:28:44.217+0000] {logging_mixin.py:137} INFO - [2026-09-30T20:28:44.217+0000] {dagbag.py:538} INFO - Filling up the DagBag from /home/airflow/.local/lib/python3.7/site-packages/airflow/example_dags/example_kubernetes_executor.py
[2026-09-30T20:28:44.249+0000] {processor.py:753} INFO - DAG(s) dict_keys(['example_kubernetes_executor']) retrieved from /home/airflow/.local/lib/python3.7/site-packages/airflow/example_dags/example_kubernetes_executor.py
[2026-09-30T20:28:44.301+0000] {logging_mixin.py:137} INFO - [2026-09-30T20:28:44.300+0000] {dag.py:2676} INFO - Sync 1 DAGs
[2026-09-30T20:28:44.328+0000] {logging_mixin.py:137} INFO - [2026-09-30T20:28:44.328+0000] {dag.py:3427} INFO - Setting next_dagrun for example_kubernetes_executor to None, run_after=None
[2026-09-30T20:28:44.350+0000] {processor.py:175} INFO - Processing /home/airflow/.local/lib/python3.7/site-packages/airflow/example_dags/example_kubernetes_executor.py took 0.138 seconds
[2026-09-30T20:29:15.431+0000] {processor.py:153} INFO - Started process (PID=13176) to work on /home/airflow/.local/lib/python3.7/site-packages/airflow/example_dags/example_kubernetes_executor.py
[2026-09-30T20:29:15.432+0000] {processor.py:743} INFO - Processing file /home/airflow/.local/lib/python3.7/site-packages/airflow/example_dags/example_kubernetes_executor.py for tasks to queue
[2026-09-30T20:29:15.432+0000] {logging_mixin.py:137} INFO - [2026-09-30T20:29:15.432+0000] {dagbag.py:538} INFO - Filling up the DagBag from /home/airflow/.local/lib/python3.7/site-packages/airflow/example_dags/example_kubernetes_executor.py
[2026-09-30T20:29:15.471+0000] {processor.py:753} INFO - DAG(s) dict_keys(['example_kubernetes_executor']) retrieved from /home/airflow/.local/lib/python3.7/site-packages/airflow/example_dags/example_kubernetes_executor.py
[2026-09-30T20:29:15.522+0000] {logging_mixin.py:137} INFO - [2026-09-30T20:29:15.522+0000] {dag.py:2676} INFO - Sync 1 DAGs
[2026-09-30T20:29:15.554+0000] {logging_mixin.py:137} INFO - [2026-09-30T20:29:15.553+0000] {dag.py:3427} INFO - Setting next_dagrun for example_kubernetes_executor to None, run_after=None
[2026-09-30T20:29:15.584+0000] {processor.py:175} INFO - Processing /home/airflow/.local/lib/python3.7/site-packages/airflow/example_dags/example_kubernetes_executor.py took 0.157 seconds
[2026-09-30T20:29:46.263+0000] {processor.py:153} INFO - Started process (PID=13255) to work on /home/airflow/.local/lib/python3.7/site-packages/airflow/example_dags/example_kubernetes_executor.py
[2026-09-30T20:29:46.265+0000] {processor.py:743} INFO - Processing file /home/airflow/.local/lib/python3.7/site-packages/airflow/example_dags/example_kubernetes_executor.py for tasks to queue
[2026-09-30T20:29:46.266+0000] {logging_mixin.py:137} INFO - [2026-09-30T20:29:46.265+0000] {dagbag.py:538} INFO - Filling up the DagBag from /home/airflow/.local/lib/python3.7/site-packages/airflow/example_dags/example_kubernetes_executor.py
[2026-09-30T20:29:46.323+0000] {processor.py:753} INFO - DAG(s) dict_keys(['example_kubernetes_executor']) retrieved from /home/airflow/.local/lib/python3.7/site-packages/airflow/example_dags/example_kubernetes_executor.py
[2026-09-30T20:29:46.392+0000] {logging_mixin.py:137} INFO - [2026-09-30T20:29:46.392+0000] {dag.py:2676} INFO - Sync 1 DAGs
[2026-09-30T20:29:46.441+0000] {logging_mixin.py:137} INFO - [2026-09-30T20:29:46.441+0000] {dag.py:3427} INFO - Setting next_dagrun for example_kubernetes_executor to None, run_after=None
[2026-09-30T20:29:46.475+0000] {processor.py:175} INFO - Processing /home/airflow/.local/lib/python3.7/site-packages/airflow/example_dags/example_kubernetes_executor.py took 0.218 seconds
[2026-09-30T20:30:16.765+0000] {processor.py:153} INFO - Started process (PID=13343) to work on /home/airflow/.local/lib/python3.7/site-packages/airflow/example_dags/example_kubernetes_executor.py
[2026-09-30T20:30:16.767+0000] {processor.py:743} INFO - Processing file /home/airflow/.local/lib/python3.7/site-packages/airflow/example_dags/example_kubernetes_executor.py for tasks to queue
[2026-09-30T20:30:16.768+0000] {logging_mixin.py:137} INFO - [2026-09-30T20:30:16.767+0000] {dagbag.py:538} INFO - Filling up the DagBag from /home/airflow/.local/lib/python3.7/site-packages/airflow/example_dags/example_kubernetes_executor.py
[2026-09-30T20:30:16.825+0000] {processor.py:753} INFO - DAG(s) dict_keys(['example_kubernetes_executor']) retrieved from /home/airflow/.local/lib/python3.7/site-packages/airflow/example_dags/example_kubernetes_executor.py
[2026-09-30T20:30:16.882+0000] {logging_mixin.py:137} INFO - [2026-09-30T20:30:16.882+0000] {dag.py:2676} INFO - Sync 1 DAGs
[2026-09-30T20:30:16.921+0000] {logging_mixin.py:137} INFO - [2026-09-30T20:30:16.920+0000] {dag.py:3427} INFO - Setting next_dagrun for example_kubernetes_executor to None, run_after=None
[2026-09-30T20:30:16.947+0000] {processor.py:175} INFO - Processing /home/airflow/.local/lib/python3.7/site-packages/airflow/example_dags/example_kubernetes_executor.py took 0.188 seconds
[2026-09-30T20:30:46.977+0000] {processor.py:153} INFO - Started process (PID=13433) to work on /home/airflow/.local/lib/python3.7/site-packages/airflow/example_dags/example_kubernetes_executor.py
[2026-09-30T20:30:46.978+0000] {processor.py:743} INFO - Processing file /home/airflow/.local/lib/python3.7/site-packages/airflow/example_dags/example_kubernetes_executor.py for tasks to queue
[2026-09-30T20:30:46.978+0000] {logging_mixin.py:137} INFO - [2026-09-30T20:30:46.978+0000] {dagbag.py:538} INFO - Filling up the DagBag from /home/airflow/.local/lib/python3.7/site-packages/airflow/example_dags/example_kubernetes_executor.py
[2026-09-30T20:30:47.006+0000] {processor.py:753} INFO - DAG(s) dict_keys(['example_kubernetes_executor']) retrieved from /home/airflow/.local/lib/python3.7/site-packages/airflow/example_dags/example_kubernetes_executor.py
[2026-09-30T20:30:47.047+0000] {logging_mixin.py:137} INFO - [2026-09-30T20:30:47.047+0000] {dag.py:2676} INFO - Sync 1 DAGs
[2026-09-30T20:30:47.070+0000] {logging_mixin.py:137} INFO - [2026-09-30T20:30:47.070+0000] {dag.py:3427} INFO - Setting next_dagrun for example_kubernetes_executor to None, run_after=None
[2026-09-30T20:30:47.087+0000] {processor.py:175} INFO - Processing /home/airflow/.local/lib/python3.7/site-packages/airflow/example_dags/example_kubernetes_executor.py took 0.112 seconds
[2026-09-30T20:31:17.570+0000] {processor.py:153} INFO - Started process (PID=13512) to work on /home/airflow/.local/lib/python3.7/site-packages/airflow/example_dags/example_kubernetes_executor.py
[2026-09-30T20:31:17.572+0000] {processor.py:743} INFO - Processing file /home/airflow/.local/lib/python3.7/site-packages/airflow/example_dags/example_kubernetes_executor.py for tasks to queue
[2026-09-30T20:31:17.573+0000] {logging_mixin.py:137} INFO - [2026-09-30T20:31:17.572+0000] {dagbag.py:538} INFO - Filling up the DagBag from /home/airflow/.local/lib/python3.7/site-packages/airflow/example_dags/example_kubernetes_executor.py
[2026-09-30T20:31:17.615+0000] {processor.py:753} INFO - DAG(s) dict_keys(['example_kubernetes_executor']) retrieved from /home/airflow/.local/lib/python3.7/site-packages/airflow/example_dags/example_kubernetes_executor.py
[2026-09-30T20:31:17.669+0000] {logging_mixin.py:137} INFO - [2026-09-30T20:31:17.668+0000] {dag.py:2676} INFO - Sync 1 DAGs
[2026-09-30T20:31:17.699+0000] {logging_mixin.py:137} INFO - [2026-09-30T20:31:17.699+0000] {dag.py:3427} INFO - Setting next_dagrun for example_kubernetes_executor to None, run_after=None
[2026-09-30T20:31:17.723+0000] {processor.py:175} INFO - Processing /home/airflow/.local/lib/python3.7/site-packages/airflow/example_dags/example_kubernetes_executor.py took 0.158 seconds
[2026-09-30T20:31:48.459+0000] {processor.py:153} INFO - Started process (PID=13591) to work on /home/airflow/.local/lib/python3.7/site-packages/airflow/example_dags/example_kubernetes_executor.py
[2026-09-30T20:31:48.461+0000] {processor.py:743} INFO - Processing file /home/airflow/.local/lib/python3.7/site-packages/airflow/example_dags/example_kubernetes_executor.py for tasks to queue
[2026-09-30T20:31:48.462+0000] {logging_mixin.py:137} INFO - [2026-09-30T20:31:48.462+0000] {dagbag.py:538} INFO - Filling up the DagBag from /home/airflow/.local/lib/python3.7/site-packages/airflow/example_dags/example_kubernetes_executor.py
[2026-09-30T20:31:48.519+0000] {processor.py:753} INFO - DAG(s) dict_keys(['example_kubernetes_executor']) retrieved from /home/airflow/.local/lib/python3.7/site-packages/airflow/example_dags/example_kubernetes_executor.py
[2026-09-30T20:31:48.576+0000] {logging_mixin.py:137} INFO - [2026-09-30T20:31:48.575+0000] {dag.py:2676} INFO - Sync 1 DAGs
[2026-09-30T20:31:48.616+0000] {logging_mixin.py:137} INFO - [2026-09-30T20:31:48.616+0000] {dag.py:3427} INFO - Setting next_dagrun for example_kubernetes_executor to None, run_after=None
[2026-09-30T20:31:48.646+0000] {processor.py:175} INFO - Processing /home/airflow/.local/lib/python3.7/site-packages/airflow/example_dags/example_kubernetes_executor.py took 0.191 seconds
[2026-09-30T20:32:19.582+0000] {processor.py:153} INFO - Started process (PID=13679) to work on /home/airflow/.local/lib/python3.7/site-packages/airflow/example_dags/example_kubernetes_executor.py
[2026-09-30T20:32:19.584+0000] {processor.py:743} INFO - Processing file /home/airflow/.local/lib/python3.7/site-packages/airflow/example_dags/example_kubernetes_executor.py for tasks to queue
[2026-09-30T20:32:19.585+0000] {logging_mixin.py:137} INFO - [2026-09-30T20:32:19.585+0000] {dagbag.py:538} INFO - Filling up the DagBag from /home/airflow/.local/lib/python3.7/site-packages/airflow/example_dags/example_kubernetes_executor.py
[2026-09-30T20:32:19.633+0000] {processor.py:753} INFO - DAG(s) dict_keys(['example_kubernetes_executor']) retrieved from /home/airflow/.local/lib/python3.7/site-packages/airflow/example_dags/example_kubernetes_executor.py
[2026-09-30T20:32:19.691+0000] {logging_mixin.py:137} INFO - [2026-09-30T20:32:19.691+0000] {dag.py:2676} INFO - Sync 1 DAGs
[2026-09-30T20:32:19.724+0000] {logging_mixin.py:137} INFO - [2026-09-30T20:32:19.724+0000] {dag.py:3427} INFO - Setting next_dagrun for example_kubernetes_executor to None, run_after=None
[2026-09-30T20:32:19.764+0000] {processor.py:175} INFO - Processing /home/airflow/.local/lib/python3.7/site-packages/airflow/example_dags/example_kubernetes_executor.py took 0.187 seconds
[2026-09-30T20:32:50.781+0000] {processor.py:153} INFO - Started process (PID=13769) to work on /home/airflow/.local/lib/python3.7/site-packages/airflow/example_dags/example_kubernetes_executor.py
[2026-09-30T20:32:50.782+0000] {processor.py:743} INFO - Processing file /home/airflow/.local/lib/python3.7/site-packages/airflow/example_dags/example_kubernetes_executor.py for tasks to queue
[2026-09-30T20:32:50.783+0000] {logging_mixin.py:137} INFO - [2026-09-30T20:32:50.783+0000] {dagbag.py:538} INFO - Filling up the DagBag from /home/airflow/.local/lib/python3.7/site-packages/airflow/example_dags/example_kubernetes_executor.py
[2026-09-30T20:32:50.819+0000] {processor.py:753} INFO - DAG(s) dict_keys(['example_kubernetes_executor']) retrieved from /home/airflow/.local/lib/python3.7/site-packages/airflow/example_dags/example_kubernetes_executor.py
[2026-09-30T20:32:50.875+0000] {logging_mixin.py:137} INFO - [2026-09-30T20:32:50.875+0000] {dag.py:2676} INFO - Sync 1 DAGs
[2026-09-30T20:32:50.909+0000] {logging_mixin.py:137} INFO - [2026-09-30T20:32:50.909+0000] {dag.py:3427} INFO - Setting next_dagrun for example_kubernetes_executor to None, run_after=None
[2026-09-30T20:32:50.929+0000] {processor.py:175} INFO - Processing /home/airflow/.local/lib/python3.7/site-packages/airflow/example_dags/example_kubernetes_executor.py took 0.152 seconds
[2026-09-30T20:33:21.030+0000] {processor.py:153} INFO - Started process (PID=13848) to work on /home/airflow/.local/lib/python3.7/site-packages/airflow/example_dags/example_kubernetes_executor.py
[2026-09-30T20:33:21.032+0000] {processor.py:743} INFO - Processing file /home/airflow/.local/lib/python3.7/site-packages/airflow/example_dags/example_kubernetes_executor.py for tasks to queue
[2026-09-30T20:33:21.032+0000] {logging_mixin.py:137} INFO - [2026-09-30T20:33:21.032+0000] {dagbag.py:538} INFO - Filling up the DagBag from /home/airflow/.local/lib/python3.7/site-packages/airflow/example_dags/example_kubernetes_executor.py
[2026-09-30T20:33:21.073+0000] {processor.py:753} INFO - DAG(s) dict_keys(['example_kubernetes_executor']) retrieved from /home/airflow/.local/lib/python3.7/site-packages/airflow/example_dags/example_kubernetes_executor.py
[2026-09-30T20:33:21.144+0000] {logging_mixin.py:137} INFO - [2026-09-30T20:33:21.144+0000] {dag.py:2676} INFO - Sync 1 DAGs
[2026-09-30T20:33:21.184+0000] {logging_mixin.py:137} INFO - [2026-09-30T20:33:21.183+0000] {dag.py:3427} INFO - Setting next_dagrun for example_kubernetes_executor to None, run_after=None
[2026-09-30T20:33:21.208+0000] {processor.py:175} INFO - Processing /home/airflow/.local/lib/python3.7/site-packages/airflow/example_dags/example_kubernetes_executor.py took 0.181 seconds
[2026-09-30T20:33:51.427+0000] {processor.py:153} INFO - Started process (PID=13933) to work on /home/airflow/.local/lib/python3.7/site-packages/airflow/example_dags/example_kubernetes_executor.py
[2026-09-30T20:33:51.428+0000] {processor.py:743} INFO - Processing file /home/airflow/.local/lib/python3.7/site-packages/airflow/example_dags/example_kubernetes_executor.py for tasks to queue
[2026-09-30T20:33:51.429+0000] {logging_mixin.py:137} INFO - [2026-09-30T20:33:51.429+0000] {dagbag.py:538} INFO - Filling up the DagBag from /home/airflow/.local/lib/python3.7/site-packages/airflow/example_dags/example_kubernetes_executor.py
[2026-09-30T20:33:51.466+0000] {processor.py:753} INFO - DAG(s) dict_keys(['example_kubernetes_executor']) retrieved from /home/airflow/.local/lib/python3.7/site-packages/airflow/example_dags/example_kubernetes_executor.py
[2026-09-30T20:33:51.515+0000] {logging_mixin.py:137} INFO - [2026-09-30T20:33:51.515+0000] {dag.py:2676} INFO - Sync 1 DAGs
[2026-09-30T20:33:51.546+0000] {logging_mixin.py:137} INFO - [2026-09-30T20:33:51.546+0000] {dag.py:3427} INFO - Setting next_dagrun for example_kubernetes_executor to None, run_after=None
[2026-09-30T20:33:51.566+0000] {processor.py:175} INFO - Processing /home/airflow/.local/lib/python3.7/site-packages/airflow/example_dags/example_kubernetes_executor.py took 0.143 seconds
[2026-09-30T20:34:21.677+0000] {processor.py:153} INFO - Started process (PID=14026) to work on /home/airflow/.local/lib/python3.7/site-packages/airflow/example_dags/example_kubernetes_executor.py
[2026-09-30T20:34:21.678+0000] {processor.py:743} INFO - Processing file /home/airflow/.local/lib/python3.7/site-packages/airflow/example_dags/example_kubernetes_executor.py for tasks to queue
[2026-09-30T20:34:21.679+0000] {logging_mixin.py:137} INFO - [2026-09-30T20:34:21.679+0000] {dagbag.py:538} INFO - Filling up the DagBag from /home/airflow/.local/lib/python3.7/site-packages/airflow/example_dags/example_kubernetes_executor.py
[2026-09-30T20:34:21.715+0000] {processor.py:753} INFO - DAG(s) dict_keys(['example_kubernetes_executor']) retrieved from /home/airflow/.local/lib/python3.7/site-packages/airflow/example_dags/example_kubernetes_executor.py
[2026-09-30T20:34:21.765+0000] {logging_mixin.py:137} INFO - [2026-09-30T20:34:21.765+0000] {dag.py:2676} INFO - Sync 1 DAGs
[2026-09-30T20:34:21.795+0000] {logging_mixin.py:137} INFO - [2026-09-30T20:34:21.794+0000] {dag.py:3427} INFO - Setting next_dagrun for example_kubernetes_executor to None, run_after=None
[2026-09-30T20:34:21.816+0000] {processor.py:175} INFO - Processing /home/airflow/.local/lib/python3.7/site-packages/airflow/example_dags/example_kubernetes_executor.py took 0.143 seconds
[2026-09-30T20:34:52.660+0000] {processor.py:153} INFO - Started process (PID=14105) to work on /home/airflow/.local/lib/python3.7/site-packages/airflow/example_dags/example_kubernetes_executor.py
[2026-09-30T20:34:52.661+0000] {processor.py:743} INFO - Processing file /home/airflow/.local/lib/python3.7/site-packages/airflow/example_dags/example_kubernetes_executor.py for tasks to queue
[2026-09-30T20:34:52.661+0000] {logging_mixin.py:137} INFO - [2026-09-30T20:34:52.661+0000] {dagbag.py:538} INFO - Filling up the DagBag from /home/airflow/.local/lib/python3.7/site-packages/airflow/example_dags/example_kubernetes_executor.py
[2026-09-30T20:34:52.697+0000] {processor.py:753} INFO - DAG(s) dict_keys(['example_kubernetes_executor']) retrieved from /home/airflow/.local/lib/python3.7/site-packages/airflow/example_dags/example_kubernetes_executor.py
[2026-09-30T20:34:52.764+0000] {logging_mixin.py:137} INFO - [2026-09-30T20:34:52.763+0000] {dag.py:2676} INFO - Sync 1 DAGs
[2026-09-30T20:34:52.793+0000] {logging_mixin.py:137} INFO - [2026-09-30T20:34:52.793+0000] {dag.py:3427} INFO - Setting next_dagrun for example_kubernetes_executor to None, run_after=None
[2026-09-30T20:34:52.813+0000] {processor.py:175} INFO - Processing /home/airflow/.local/lib/python3.7/site-packages/airflow/example_dags/example_kubernetes_executor.py took 0.158 seconds
[2026-09-30T20:35:23.481+0000] {processor.py:153} INFO - Started process (PID=14184) to work on /home/airflow/.local/lib/python3.7/site-packages/airflow/example_dags/example_kubernetes_executor.py
[2026-09-30T20:35:23.482+0000] {processor.py:743} INFO - Processing file /home/airflow/.local/lib/python3.7/site-packages/airflow/example_dags/example_kubernetes_executor.py for tasks to queue
[2026-09-30T20:35:23.483+0000] {logging_mixin.py:137} INFO - [2026-09-30T20:35:23.482+0000] {dagbag.py:538} INFO - Filling up the DagBag from /home/airflow/.local/lib/python3.7/site-packages/airflow/example_dags/example_kubernetes_executor.py
[2026-09-30T20:35:23.520+0000] {processor.py:753} INFO - DAG(s) dict_keys(['example_kubernetes_executor']) retrieved from /home/airflow/.local/lib/python3.7/site-packages/airflow/example_dags/example_kubernetes_executor.py
[2026-09-30T20:35:23.575+0000] {logging_mixin.py:137} INFO - [2026-09-30T20:35:23.575+0000] {dag.py:2676} INFO - Sync 1 DAGs
[2026-09-30T20:35:23.610+0000] {logging_mixin.py:137} INFO - [2026-09-30T20:35:23.610+0000] {dag.py:3427} INFO - Setting next_dagrun for example_kubernetes_executor to None, run_after=None
[2026-09-30T20:35:23.639+0000] {processor.py:175} INFO - Processing /home/airflow/.local/lib/python3.7/site-packages/airflow/example_dags/example_kubernetes_executor.py took 0.162 seconds
[2026-09-30T20:35:54.047+0000] {processor.py:153} INFO - Started process (PID=14283) to work on /home/airflow/.local/lib/python3.7/site-packages/airflow/example_dags/example_kubernetes_executor.py
[2026-09-30T20:35:54.048+0000] {processor.py:743} INFO - Processing file /home/airflow/.local/lib/python3.7/site-packages/airflow/example_dags/example_kubernetes_executor.py for tasks to queue
[2026-09-30T20:35:54.049+0000] {logging_mixin.py:137} INFO - [2026-09-30T20:35:54.049+0000] {dagbag.py:538} INFO - Filling up the DagBag from /home/airflow/.local/lib/python3.7/site-packages/airflow/example_dags/example_kubernetes_executor.py
[2026-09-30T20:35:54.095+0000] {processor.py:753} INFO - DAG(s) dict_keys(['example_kubernetes_executor']) retrieved from /home/airflow/.local/lib/python3.7/site-packages/airflow/example_dags/example_kubernetes_executor.py
[2026-09-30T20:35:54.151+0000] {logging_mixin.py:137} INFO - [2026-09-30T20:35:54.150+0000] {dag.py:2676} INFO - Sync 1 DAGs
[2026-09-30T20:35:54.187+0000] {logging_mixin.py:137} INFO - [2026-09-30T20:35:54.187+0000] {dag.py:3427} INFO - Setting next_dagrun for example_kubernetes_executor to None, run_after=None
[2026-09-30T20:35:54.211+0000] {processor.py:175} INFO - Processing /home/airflow/.local/lib/python3.7/site-packages/airflow/example_dags/example_kubernetes_executor.py took 0.168 seconds
[2026-09-30T20:36:24.907+0000] {processor.py:153} INFO - Started process (PID=14362) to work on /home/airflow/.local/lib/python3.7/site-packages/airflow/example_dags/example_kubernetes_executor.py
[2026-09-30T20:36:24.908+0000] {processor.py:743} INFO - Processing file /home/airflow/.local/lib/python3.7/site-packages/airflow/example_dags/example_kubernetes_executor.py for tasks to queue
[2026-09-30T20:36:24.909+0000] {logging_mixin.py:137} INFO - [2026-09-30T20:36:24.909+0000] {dagbag.py:538} INFO - Filling up the DagBag from /home/airflow/.local/lib/python3.7/site-packages/airflow/example_dags/example_kubernetes_executor.py
[2026-09-30T20:36:24.952+0000] {processor.py:753} INFO - DAG(s) dict_keys(['example_kubernetes_executor']) retrieved from /home/airflow/.local/lib/python3.7/site-packages/airflow/example_dags/example_kubernetes_executor.py
[2026-09-30T20:36:25.012+0000] {logging_mixin.py:137} INFO - [2026-09-30T20:36:25.012+0000] {dag.py:2676} INFO - Sync 1 DAGs
[2026-09-30T20:36:25.048+0000] {logging_mixin.py:137} INFO - [2026-09-30T20:36:25.048+0000] {dag.py:3427} INFO - Setting next_dagrun for example_kubernetes_executor to None, run_after=None
[2026-09-30T20:36:25.072+0000] {processor.py:175} INFO - Processing /home/airflow/.local/lib/python3.7/site-packages/airflow/example_dags/example_kubernetes_executor.py took 0.169 seconds
[2026-09-30T20:36:55.808+0000] {processor.py:153} INFO - Started process (PID=14441) to work on /home/airflow/.local/lib/python3.7/site-packages/airflow/example_dags/example_kubernetes_executor.py
[2026-09-30T20:36:55.809+0000] {processor.py:743} INFO - Processing file /home/airflow/.local/lib/python3.7/site-packages/airflow/example_dags/example_kubernetes_executor.py for tasks to queue
[2026-09-30T20:36:55.810+0000] {logging_mixin.py:137} INFO - [2026-09-30T20:36:55.809+0000] {dagbag.py:538} INFO - Filling up the DagBag from /home/airflow/.local/lib/python3.7/site-packages/airflow/example_dags/example_kubernetes_executor.py
[2026-09-30T20:36:55.846+0000] {processor.py:753} INFO - DAG(s) dict_keys(['example_kubernetes_executor']) retrieved from /home/airflow/.local/lib/python3.7/site-packages/airflow/example_dags/example_kubernetes_executor.py
[2026-09-30T20:36:55.900+0000] {logging_mixin.py:137} INFO - [2026-09-30T20:36:55.900+0000] {dag.py:2676} INFO - Sync 1 DAGs
[2026-09-30T20:36:55.932+0000] {logging_mixin.py:137} INFO - [2026-09-30T20:36:55.932+0000] {dag.py:3427} INFO - Setting next_dagrun for example_kubernetes_executor to None, run_after=None
[2026-09-30T20:36:55.953+0000] {processor.py:175} INFO - Processing /home/airflow/.local/lib/python3.7/site-packages/airflow/example_dags/example_kubernetes_executor.py took 0.149 seconds
[2026-09-30T20:37:26.067+0000] {processor.py:153} INFO - Started process (PID=14527) to work on /home/airflow/.local/lib/python3.7/site-packages/airflow/example_dags/example_kubernetes_executor.py
[2026-09-30T20:37:26.068+0000] {processor.py:743} INFO - Processing file /home/airflow/.local/lib/python3.7/site-packages/airflow/example_dags/example_kubernetes_executor.py for tasks to queue
[2026-09-30T20:37:26.069+0000] {logging_mixin.py:137} INFO - [2026-09-30T20:37:26.068+0000] {dagbag.py:538} INFO - Filling up the DagBag from /home/airflow/.local/lib/python3.7/site-packages/airflow/example_dags/example_kubernetes_executor.py
[2026-09-30T20:37:26.104+0000] {processor.py:753} INFO - DAG(s) dict_keys(['example_kubernetes_executor']) retrieved from /home/airflow/.local/lib/python3.7/site-packages/airflow/example_dags/example_kubernetes_executor.py
[2026-09-30T20:37:26.165+0000] {logging_mixin.py:137} INFO - [2026-09-30T20:37:26.165+0000] {dag.py:2676} INFO - Sync 1 DAGs
[2026-09-30T20:37:26.197+0000] {logging_mixin.py:137} INFO - [2026-09-30T20:37:26.197+0000] {dag.py:3427} INFO - Setting next_dagrun for example_kubernetes_executor to None, run_after=None
[2026-09-30T20:37:26.221+0000] {processor.py:175} INFO - Processing /home/airflow/.local/lib/python3.7/site-packages/airflow/example_dags/example_kubernetes_executor.py took 0.159 seconds
[2026-09-30T20:37:57.048+0000] {processor.py:153} INFO - Started process (PID=14619) to work on /home/airflow/.local/lib/python3.7/site-packages/airflow/example_dags/example_kubernetes_executor.py
[2026-09-30T20:37:57.050+0000] {processor.py:743} INFO - Processing file /home/airflow/.local/lib/python3.7/site-packages/airflow/example_dags/example_kubernetes_executor.py for tasks to queue
[2026-09-30T20:37:57.050+0000] {logging_mixin.py:137} INFO - [2026-09-30T20:37:57.050+0000] {dagbag.py:538} INFO - Filling up the DagBag from /home/airflow/.local/lib/python3.7/site-packages/airflow/example_dags/example_kubernetes_executor.py
[2026-09-30T20:37:57.121+0000] {processor.py:753} INFO - DAG(s) dict_keys(['example_kubernetes_executor']) retrieved from /home/airflow/.local/lib/python3.7/site-packages/airflow/example_dags/example_kubernetes_executor.py
[2026-09-30T20:37:57.199+0000] {logging_mixin.py:137} INFO - [2026-09-30T20:37:57.199+0000] {dag.py:2676} INFO - Sync 1 DAGs
[2026-09-30T20:37:57.251+0000] {logging_mixin.py:137} INFO - [2026-09-30T20:37:57.251+0000] {dag.py:3427} INFO - Setting next_dagrun for example_kubernetes_executor to None, run_after=None
[2026-09-30T20:37:57.281+0000] {processor.py:175} INFO - Processing /home/airflow/.local/lib/python3.7/site-packages/airflow/example_dags/example_kubernetes_executor.py took 0.237 seconds
[2026-09-30T20:38:27.420+0000] {processor.py:153} INFO - Started process (PID=14698) to work on /home/airflow/.local/lib/python3.7/site-packages/airflow/example_dags/example_kubernetes_executor.py
[2026-09-30T20:38:27.421+0000] {processor.py:743} INFO - Processing file /home/airflow/.local/lib/python3.7/site-packages/airflow/example_dags/example_kubernetes_executor.py for tasks to queue
[2026-09-30T20:38:27.422+0000] {logging_mixin.py:137} INFO - [2026-09-30T20:38:27.422+0000] {dagbag.py:538} INFO - Filling up the DagBag from /home/airflow/.local/lib/python3.7/site-packages/airflow/example_dags/example_kubernetes_executor.py
[2026-09-30T20:38:27.455+0000] {processor.py:753} INFO - DAG(s) dict_keys(['example_kubernetes_executor']) retrieved from /home/airflow/.local/lib/python3.7/site-packages/airflow/example_dags/example_kubernetes_executor.py
[2026-09-30T20:38:27.504+0000] {logging_mixin.py:137} INFO - [2026-09-30T20:38:27.504+0000] {dag.py:2676} INFO - Sync 1 DAGs
[2026-09-30T20:38:27.532+0000] {logging_mixin.py:137} INFO - [2026-09-30T20:38:27.532+0000] {dag.py:3427} INFO - Setting next_dagrun for example_kubernetes_executor to None, run_after=None
[2026-09-30T20:38:27.554+0000] {processor.py:175} INFO - Processing /home/airflow/.local/lib/python3.7/site-packages/airflow/example_dags/example_kubernetes_executor.py took 0.137 seconds
[2026-09-30T20:38:58.004+0000] {processor.py:153} INFO - Started process (PID=14777) to work on /home/airflow/.local/lib/python3.7/site-packages/airflow/example_dags/example_kubernetes_executor.py
[2026-09-30T20:38:58.006+0000] {processor.py:743} INFO - Processing file /home/airflow/.local/lib/python3.7/site-packages/airflow/example_dags/example_kubernetes_executor.py for tasks to queue
[2026-09-30T20:38:58.007+0000] {logging_mixin.py:137} INFO - [2026-09-30T20:38:58.007+0000] {dagbag.py:538} INFO - Filling up the DagBag from /home/airflow/.local/lib/python3.7/site-packages/airflow/example_dags/example_kubernetes_executor.py
[2026-09-30T20:38:58.063+0000] {processor.py:753} INFO - DAG(s) dict_keys(['example_kubernetes_executor']) retrieved from /home/airflow/.local/lib/python3.7/site-packages/airflow/example_dags/example_kubernetes_executor.py
[2026-09-30T20:38:58.141+0000] {logging_mixin.py:137} INFO - [2026-09-30T20:38:58.141+0000] {dag.py:2676} INFO - Sync 1 DAGs
[2026-09-30T20:38:58.175+0000] {logging_mixin.py:137} INFO - [2026-09-30T20:38:58.175+0000] {dag.py:3427} INFO - Setting next_dagrun for example_kubernetes_executor to None, run_after=None
[2026-09-30T20:38:58.207+0000] {processor.py:175} INFO - Processing /home/airflow/.local/lib/python3.7/site-packages/airflow/example_dags/example_kubernetes_executor.py took 0.209 seconds
[2026-09-30T20:39:28.279+0000] {processor.py:153} INFO - Started process (PID=14856) to work on /home/airflow/.local/lib/python3.7/site-packages/airflow/example_dags/example_kubernetes_executor.py
[2026-09-30T20:39:28.281+0000] {processor.py:743} INFO - Processing file /home/airflow/.local/lib/python3.7/site-packages/airflow/example_dags/example_kubernetes_executor.py for tasks to queue
[2026-09-30T20:39:28.282+0000] {logging_mixin.py:137} INFO - [2026-09-30T20:39:28.282+0000] {dagbag.py:538} INFO - Filling up the DagBag from /home/airflow/.local/lib/python3.7/site-packages/airflow/example_dags/example_kubernetes_executor.py
[2026-09-30T20:39:28.339+0000] {processor.py:753} INFO - DAG(s) dict_keys(['example_kubernetes_executor']) retrieved from /home/airflow/.local/lib/python3.7/site-packages/airflow/example_dags/example_kubernetes_executor.py
[2026-09-30T20:39:28.422+0000] {logging_mixin.py:137} INFO - [2026-09-30T20:39:28.421+0000] {dag.py:2676} INFO - Sync 1 DAGs
[2026-09-30T20:39:28.462+0000] {logging_mixin.py:137} INFO - [2026-09-30T20:39:28.462+0000] {dag.py:3427} INFO - Setting next_dagrun for example_kubernetes_executor to None, run_after=None
[2026-09-30T20:39:28.483+0000] {processor.py:175} INFO - Processing /home/airflow/.local/lib/python3.7/site-packages/airflow/example_dags/example_kubernetes_executor.py took 0.210 seconds
[2026-09-30T20:39:58.528+0000] {processor.py:153} INFO - Started process (PID=14944) to work on /home/airflow/.local/lib/python3.7/site-packages/airflow/example_dags/example_kubernetes_executor.py
[2026-09-30T20:39:58.529+0000] {processor.py:743} INFO - Processing file /home/airflow/.local/lib/python3.7/site-packages/airflow/example_dags/example_kubernetes_executor.py for tasks to queue
[2026-09-30T20:39:58.530+0000] {logging_mixin.py:137} INFO - [2026-09-30T20:39:58.530+0000] {dagbag.py:538} INFO - Filling up the DagBag from /home/airflow/.local/lib/python3.7/site-packages/airflow/example_dags/example_kubernetes_executor.py
[2026-09-30T20:39:58.605+0000] {processor.py:753} INFO - DAG(s) dict_keys(['example_kubernetes_executor']) retrieved from /home/airflow/.local/lib/python3.7/site-packages/airflow/example_dags/example_kubernetes_executor.py
[2026-09-30T20:39:58.689+0000] {logging_mixin.py:137} INFO - [2026-09-30T20:39:58.689+0000] {dag.py:2676} INFO - Sync 1 DAGs
[2026-09-30T20:39:58.734+0000] {logging_mixin.py:137} INFO - [2026-09-30T20:39:58.734+0000] {dag.py:3427} INFO - Setting next_dagrun for example_kubernetes_executor to None, run_after=None
[2026-09-30T20:39:58.763+0000] {processor.py:175} INFO - Processing /home/airflow/.local/lib/python3.7/site-packages/airflow/example_dags/example_kubernetes_executor.py took 0.241 seconds
[2026-09-30T20:40:28.963+0000] {processor.py:153} INFO - Started process (PID=15034) to work on /home/airflow/.local/lib/python3.7/site-packages/airflow/example_dags/example_kubernetes_executor.py
[2026-09-30T20:40:28.964+0000] {processor.py:743} INFO - Processing file /home/airflow/.local/lib/python3.7/site-packages/airflow/example_dags/example_kubernetes_executor.py for tasks to queue
[2026-09-30T20:40:28.965+0000] {logging_mixin.py:137} INFO - [2026-09-30T20:40:28.965+0000] {dagbag.py:538} INFO - Filling up the DagBag from /home/airflow/.local/lib/python3.7/site-packages/airflow/example_dags/example_kubernetes_executor.py
[2026-09-30T20:40:28.999+0000] {processor.py:753} INFO - DAG(s) dict_keys(['example_kubernetes_executor']) retrieved from /home/airflow/.local/lib/python3.7/site-packages/airflow/example_dags/example_kubernetes_executor.py
[2026-09-30T20:40:29.049+0000] {logging_mixin.py:137} INFO - [2026-09-30T20:40:29.048+0000] {dag.py:2676} INFO - Sync 1 DAGs
[2026-09-30T20:40:29.078+0000] {logging_mixin.py:137} INFO - [2026-09-30T20:40:29.078+0000] {dag.py:3427} INFO - Setting next_dagrun for example_kubernetes_executor to None, run_after=None
[2026-09-30T20:40:29.098+0000] {processor.py:175} INFO - Processing /home/airflow/.local/lib/python3.7/site-packages/airflow/example_dags/example_kubernetes_executor.py took 0.139 seconds
[2026-09-30T20:40:59.655+0000] {processor.py:153} INFO - Started process (PID=15114) to work on /home/airflow/.local/lib/python3.7/site-packages/airflow/example_dags/example_kubernetes_executor.py
[2026-09-30T20:40:59.657+0000] {processor.py:743} INFO - Processing file /home/airflow/.local/lib/python3.7/site-packages/airflow/example_dags/example_kubernetes_executor.py for tasks to queue
[2026-09-30T20:40:59.659+0000] {logging_mixin.py:137} INFO - [2026-09-30T20:40:59.658+0000] {dagbag.py:538} INFO - Filling up the DagBag from /home/airflow/.local/lib/python3.7/site-packages/airflow/example_dags/example_kubernetes_executor.py
[2026-09-30T20:40:59.706+0000] {processor.py:753} INFO - DAG(s) dict_keys(['example_kubernetes_executor']) retrieved from /home/airflow/.local/lib/python3.7/site-packages/airflow/example_dags/example_kubernetes_executor.py
[2026-09-30T20:40:59.781+0000] {logging_mixin.py:137} INFO - [2026-09-30T20:40:59.781+0000] {dag.py:2676} INFO - Sync 1 DAGs
[2026-09-30T20:40:59.828+0000] {logging_mixin.py:137} INFO - [2026-09-30T20:40:59.828+0000] {dag.py:3427} INFO - Setting next_dagrun for example_kubernetes_executor to None, run_after=None
[2026-09-30T20:40:59.849+0000] {processor.py:175} INFO - Processing /home/airflow/.local/lib/python3.7/site-packages/airflow/example_dags/example_kubernetes_executor.py took 0.199 seconds
[2026-09-30T20:41:30.152+0000] {processor.py:153} INFO - Started process (PID=15193) to work on /home/airflow/.local/lib/python3.7/site-packages/airflow/example_dags/example_kubernetes_executor.py
[2026-09-30T20:41:30.153+0000] {processor.py:743} INFO - Processing file /home/airflow/.local/lib/python3.7/site-packages/airflow/example_dags/example_kubernetes_executor.py for tasks to queue
[2026-09-30T20:41:30.155+0000] {logging_mixin.py:137} INFO - [2026-09-30T20:41:30.155+0000] {dagbag.py:538} INFO - Filling up the DagBag from /home/airflow/.local/lib/python3.7/site-packages/airflow/example_dags/example_kubernetes_executor.py
[2026-09-30T20:41:30.236+0000] {processor.py:753} INFO - DAG(s) dict_keys(['example_kubernetes_executor']) retrieved from /home/airflow/.local/lib/python3.7/site-packages/airflow/example_dags/example_kubernetes_executor.py
[2026-09-30T20:41:30.308+0000] {logging_mixin.py:137} INFO - [2026-09-30T20:41:30.308+0000] {dag.py:2676} INFO - Sync 1 DAGs
[2026-09-30T20:41:30.353+0000] {logging_mixin.py:137} INFO - [2026-09-30T20:41:30.353+0000] {dag.py:3427} INFO - Setting next_dagrun for example_kubernetes_executor to None, run_after=None
[2026-09-30T20:41:30.382+0000] {processor.py:175} INFO - Processing /home/airflow/.local/lib/python3.7/site-packages/airflow/example_dags/example_kubernetes_executor.py took 0.234 seconds
[2026-09-30T20:42:00.879+0000] {processor.py:153} INFO - Started process (PID=15272) to work on /home/airflow/.local/lib/python3.7/site-packages/airflow/example_dags/example_kubernetes_executor.py
[2026-09-30T20:42:00.880+0000] {processor.py:743} INFO - Processing file /home/airflow/.local/lib/python3.7/site-packages/airflow/example_dags/example_kubernetes_executor.py for tasks to queue
[2026-09-30T20:42:00.881+0000] {logging_mixin.py:137} INFO - [2026-09-30T20:42:00.881+0000] {dagbag.py:538} INFO - Filling up the DagBag from /home/airflow/.local/lib/python3.7/site-packages/airflow/example_dags/example_kubernetes_executor.py
[2026-09-30T20:42:00.925+0000] {processor.py:753} INFO - DAG(s) dict_keys(['example_kubernetes_executor']) retrieved from /home/airflow/.local/lib/python3.7/site-packages/airflow/example_dags/example_kubernetes_executor.py
[2026-09-30T20:42:00.988+0000] {logging_mixin.py:137} INFO - [2026-09-30T20:42:00.988+0000] {dag.py:2676} INFO - Sync 1 DAGs
[2026-09-30T20:42:01.022+0000] {logging_mixin.py:137} INFO - [2026-09-30T20:42:01.022+0000] {dag.py:3427} INFO - Setting next_dagrun for example_kubernetes_executor to None, run_after=None
[2026-09-30T20:42:01.049+0000] {processor.py:175} INFO - Processing /home/airflow/.local/lib/python3.7/site-packages/airflow/example_dags/example_kubernetes_executor.py took 0.175 seconds
[2026-09-30T20:42:31.506+0000] {processor.py:153} INFO - Started process (PID=15371) to work on /home/airflow/.local/lib/python3.7/site-packages/airflow/example_dags/example_kubernetes_executor.py
[2026-09-30T20:42:31.507+0000] {processor.py:743} INFO - Processing file /home/airflow/.local/lib/python3.7/site-packages/airflow/example_dags/example_kubernetes_executor.py for tasks to queue
[2026-09-30T20:42:31.508+0000] {logging_mixin.py:137} INFO - [2026-09-30T20:42:31.507+0000] {dagbag.py:538} INFO - Filling up the DagBag from /home/airflow/.local/lib/python3.7/site-packages/airflow/example_dags/example_kubernetes_executor.py
[2026-09-30T20:42:31.554+0000] {processor.py:753} INFO - DAG(s) dict_keys(['example_kubernetes_executor']) retrieved from /home/airflow/.local/lib/python3.7/site-packages/airflow/example_dags/example_kubernetes_executor.py
[2026-09-30T20:42:31.617+0000] {logging_mixin.py:137} INFO - [2026-09-30T20:42:31.617+0000] {dag.py:2676} INFO - Sync 1 DAGs
[2026-09-30T20:42:31.660+0000] {logging_mixin.py:137} INFO - [2026-09-30T20:42:31.659+0000] {dag.py:3427} INFO - Setting next_dagrun for example_kubernetes_executor to None, run_after=None
[2026-09-30T20:42:31.688+0000] {processor.py:175} INFO - Processing /home/airflow/.local/lib/python3.7/site-packages/airflow/example_dags/example_kubernetes_executor.py took 0.187 seconds
[2026-09-30T20:43:02.400+0000] {processor.py:153} INFO - Started process (PID=15450) to work on /home/airflow/.local/lib/python3.7/site-packages/airflow/example_dags/example_kubernetes_executor.py
[2026-09-30T20:43:02.402+0000] {processor.py:743} INFO - Processing file /home/airflow/.local/lib/python3.7/site-packages/airflow/example_dags/example_kubernetes_executor.py for tasks to queue
[2026-09-30T20:43:02.403+0000] {logging_mixin.py:137} INFO - [2026-09-30T20:43:02.403+0000] {dagbag.py:538} INFO - Filling up the DagBag from /home/airflow/.local/lib/python3.7/site-packages/airflow/example_dags/example_kubernetes_executor.py
[2026-09-30T20:43:02.460+0000] {processor.py:753} INFO - DAG(s) dict_keys(['example_kubernetes_executor']) retrieved from /home/airflow/.local/lib/python3.7/site-packages/airflow/example_dags/example_kubernetes_executor.py
[2026-09-30T20:43:02.529+0000] {logging_mixin.py:137} INFO - [2026-09-30T20:43:02.529+0000] {dag.py:2676} INFO - Sync 1 DAGs
[2026-09-30T20:43:02.567+0000] {logging_mixin.py:137} INFO - [2026-09-30T20:43:02.567+0000] {dag.py:3427} INFO - Setting next_dagrun for example_kubernetes_executor to None, run_after=None
[2026-09-30T20:43:02.590+0000] {processor.py:175} INFO - Processing /home/airflow/.local/lib/python3.7/site-packages/airflow/example_dags/example_kubernetes_executor.py took 0.197 seconds
[2026-09-30T20:43:33.711+0000] {processor.py:153} INFO - Started process (PID=15529) to work on /home/airflow/.local/lib/python3.7/site-packages/airflow/example_dags/example_kubernetes_executor.py
[2026-09-30T20:43:33.712+0000] {processor.py:743} INFO - Processing file /home/airflow/.local/lib/python3.7/site-packages/airflow/example_dags/example_kubernetes_executor.py for tasks to queue
[2026-09-30T20:43:33.712+0000] {logging_mixin.py:137} INFO - [2026-09-30T20:43:33.712+0000] {dagbag.py:538} INFO - Filling up the DagBag from /home/airflow/.local/lib/python3.7/site-packages/airflow/example_dags/example_kubernetes_executor.py
[2026-09-30T20:43:33.754+0000] {processor.py:753} INFO - DAG(s) dict_keys(['example_kubernetes_executor']) retrieved from /home/airflow/.local/lib/python3.7/site-packages/airflow/example_dags/example_kubernetes_executor.py
[2026-09-30T20:43:33.817+0000] {logging_mixin.py:137} INFO - [2026-09-30T20:43:33.816+0000] {dag.py:2676} INFO - Sync 1 DAGs
[2026-09-30T20:43:33.860+0000] {logging_mixin.py:137} INFO - [2026-09-30T20:43:33.860+0000] {dag.py:3427} INFO - Setting next_dagrun for example_kubernetes_executor to None, run_after=None
[2026-09-30T20:43:33.890+0000] {processor.py:175} INFO - Processing /home/airflow/.local/lib/python3.7/site-packages/airflow/example_dags/example_kubernetes_executor.py took 0.184 seconds
[2026-09-30T20:44:04.198+0000] {processor.py:153} INFO - Started process (PID=15617) to work on /home/airflow/.local/lib/python3.7/site-packages/airflow/example_dags/example_kubernetes_executor.py
[2026-09-30T20:44:04.199+0000] {processor.py:743} INFO - Processing file /home/airflow/.local/lib/python3.7/site-packages/airflow/example_dags/example_kubernetes_executor.py for tasks to queue
[2026-09-30T20:44:04.200+0000] {logging_mixin.py:137} INFO - [2026-09-30T20:44:04.200+0000] {dagbag.py:538} INFO - Filling up the DagBag from /home/airflow/.local/lib/python3.7/site-packages/airflow/example_dags/example_kubernetes_executor.py
[2026-09-30T20:44:04.236+0000] {processor.py:753} INFO - DAG(s) dict_keys(['example_kubernetes_executor']) retrieved from /home/airflow/.local/lib/python3.7/site-packages/airflow/example_dags/example_kubernetes_executor.py
[2026-09-30T20:44:04.306+0000] {logging_mixin.py:137} INFO - [2026-09-30T20:44:04.306+0000] {dag.py:2676} INFO - Sync 1 DAGs
[2026-09-30T20:44:04.346+0000] {logging_mixin.py:137} INFO - [2026-09-30T20:44:04.346+0000] {dag.py:3427} INFO - Setting next_dagrun for example_kubernetes_executor to None, run_after=None
[2026-09-30T20:44:04.380+0000] {processor.py:175} INFO - Processing /home/airflow/.local/lib/python3.7/site-packages/airflow/example_dags/example_kubernetes_executor.py took 0.187 seconds
[2026-09-30T20:44:34.635+0000] {processor.py:153} INFO - Started process (PID=15707) to work on /home/airflow/.local/lib/python3.7/site-packages/airflow/example_dags/example_kubernetes_executor.py
[2026-09-30T20:44:34.636+0000] {processor.py:743} INFO - Processing file /home/airflow/.local/lib/python3.7/site-packages/airflow/example_dags/example_kubernetes_executor.py for tasks to queue
[2026-09-30T20:44:34.637+0000] {logging_mixin.py:137} INFO - [2026-09-30T20:44:34.637+0000] {dagbag.py:538} INFO - Filling up the DagBag from /home/airflow/.local/lib/python3.7/site-packages/airflow/example_dags/example_kubernetes_executor.py
[2026-09-30T20:44:34.693+0000] {processor.py:753} INFO - DAG(s) dict_keys(['example_kubernetes_executor']) retrieved from /home/airflow/.local/lib/python3.7/site-packages/airflow/example_dags/example_kubernetes_executor.py
[2026-09-30T20:44:34.767+0000] {logging_mixin.py:137} INFO - [2026-09-30T20:44:34.767+0000] {dag.py:2676} INFO - Sync 1 DAGs
[2026-09-30T20:44:34.805+0000] {logging_mixin.py:137} INFO - [2026-09-30T20:44:34.805+0000] {dag.py:3427} INFO - Setting next_dagrun for example_kubernetes_executor to None, run_after=None
[2026-09-30T20:44:34.835+0000] {processor.py:175} INFO - Processing /home/airflow/.local/lib/python3.7/site-packages/airflow/example_dags/example_kubernetes_executor.py took 0.206 seconds
[2026-09-30T20:45:04.910+0000] {processor.py:153} INFO - Started process (PID=15786) to work on /home/airflow/.local/lib/python3.7/site-packages/airflow/example_dags/example_kubernetes_executor.py
[2026-09-30T20:45:04.911+0000] {processor.py:743} INFO - Processing file /home/airflow/.local/lib/python3.7/site-packages/airflow/example_dags/example_kubernetes_executor.py for tasks to queue
[2026-09-30T20:45:04.912+0000] {logging_mixin.py:137} INFO - [2026-09-30T20:45:04.912+0000] {dagbag.py:538} INFO - Filling up the DagBag from /home/airflow/.local/lib/python3.7/site-packages/airflow/example_dags/example_kubernetes_executor.py
[2026-09-30T20:45:04.969+0000] {processor.py:753} INFO - DAG(s) dict_keys(['example_kubernetes_executor']) retrieved from /home/airflow/.local/lib/python3.7/site-packages/airflow/example_dags/example_kubernetes_executor.py
[2026-09-30T20:45:05.048+0000] {logging_mixin.py:137} INFO - [2026-09-30T20:45:05.048+0000] {dag.py:2676} INFO - Sync 1 DAGs
[2026-09-30T20:45:05.087+0000] {logging_mixin.py:137} INFO - [2026-09-30T20:45:05.087+0000] {dag.py:3427} INFO - Setting next_dagrun for example_kubernetes_executor to None, run_after=None
[2026-09-30T20:45:05.114+0000] {processor.py:175} INFO - Processing /home/airflow/.local/lib/python3.7/site-packages/airflow/example_dags/example_kubernetes_executor.py took 0.210 seconds
[2026-09-30T20:45:35.355+0000] {processor.py:153} INFO - Started process (PID=15865) to work on /home/airflow/.local/lib/python3.7/site-packages/airflow/example_dags/example_kubernetes_executor.py
[2026-09-30T20:45:35.357+0000] {processor.py:743} INFO - Processing file /home/airflow/.local/lib/python3.7/site-packages/airflow/example_dags/example_kubernetes_executor.py for tasks to queue
[2026-09-30T20:45:35.358+0000] {logging_mixin.py:137} INFO - [2026-09-30T20:45:35.358+0000] {dagbag.py:538} INFO - Filling up the DagBag from /home/airflow/.local/lib/python3.7/site-packages/airflow/example_dags/example_kubernetes_executor.py
[2026-09-30T20:45:35.403+0000] {processor.py:753} INFO - DAG(s) dict_keys(['example_kubernetes_executor']) retrieved from /home/airflow/.local/lib/python3.7/site-packages/airflow/example_dags/example_kubernetes_executor.py
[2026-09-30T20:45:35.468+0000] {logging_mixin.py:137} INFO - [2026-09-30T20:45:35.468+0000] {dag.py:2676} INFO - Sync 1 DAGs
[2026-09-30T20:45:35.514+0000] {logging_mixin.py:137} INFO - [2026-09-30T20:45:35.513+0000] {dag.py:3427} INFO - Setting next_dagrun for example_kubernetes_executor to None, run_after=None
[2026-09-30T20:45:35.547+0000] {processor.py:175} INFO - Processing /home/airflow/.local/lib/python3.7/site-packages/airflow/example_dags/example_kubernetes_executor.py took 0.198 seconds
[2026-09-30T20:46:06.116+0000] {processor.py:153} INFO - Started process (PID=15944) to work on /home/airflow/.local/lib/python3.7/site-packages/airflow/example_dags/example_kubernetes_executor.py
[2026-09-30T20:46:06.117+0000] {processor.py:743} INFO - Processing file /home/airflow/.local/lib/python3.7/site-packages/airflow/example_dags/example_kubernetes_executor.py for tasks to queue
[2026-09-30T20:46:06.118+0000] {logging_mixin.py:137} INFO - [2026-09-30T20:46:06.118+0000] {dagbag.py:538} INFO - Filling up the DagBag from /home/airflow/.local/lib/python3.7/site-packages/airflow/example_dags/example_kubernetes_executor.py
[2026-09-30T20:46:06.170+0000] {processor.py:753} INFO - DAG(s) dict_keys(['example_kubernetes_executor']) retrieved from /home/airflow/.local/lib/python3.7/site-packages/airflow/example_dags/example_kubernetes_executor.py
[2026-09-30T20:46:06.235+0000] {logging_mixin.py:137} INFO - [2026-09-30T20:46:06.235+0000] {dag.py:2676} INFO - Sync 1 DAGs
[2026-09-30T20:46:06.291+0000] {logging_mixin.py:137} INFO - [2026-09-30T20:46:06.291+0000] {dag.py:3427} INFO - Setting next_dagrun for example_kubernetes_executor to None, run_after=None
[2026-09-30T20:46:06.326+0000] {processor.py:175} INFO - Processing /home/airflow/.local/lib/python3.7/site-packages/airflow/example_dags/example_kubernetes_executor.py took 0.216 seconds
[2026-09-30T20:46:36.857+0000] {processor.py:153} INFO - Started process (PID=16043) to work on /home/airflow/.local/lib/python3.7/site-packages/airflow/example_dags/example_kubernetes_executor.py
[2026-09-30T20:46:36.858+0000] {processor.py:743} INFO - Processing file /home/airflow/.local/lib/python3.7/site-packages/airflow/example_dags/example_kubernetes_executor.py for tasks to queue
[2026-09-30T20:46:36.859+0000] {logging_mixin.py:137} INFO - [2026-09-30T20:46:36.859+0000] {dagbag.py:538} INFO - Filling up the DagBag from /home/airflow/.local/lib/python3.7/site-packages/airflow/example_dags/example_kubernetes_executor.py
[2026-09-30T20:46:36.900+0000] {processor.py:753} INFO - DAG(s) dict_keys(['example_kubernetes_executor']) retrieved from /home/airflow/.local/lib/python3.7/site-packages/airflow/example_dags/example_kubernetes_executor.py
[2026-09-30T20:46:36.957+0000] {logging_mixin.py:137} INFO - [2026-09-30T20:46:36.957+0000] {dag.py:2676} INFO - Sync 1 DAGs
[2026-09-30T20:46:37.004+0000] {logging_mixin.py:137} INFO - [2026-09-30T20:46:37.004+0000] {dag.py:3427} INFO - Setting next_dagrun for example_kubernetes_executor to None, run_after=None
[2026-09-30T20:46:37.024+0000] {processor.py:175} INFO - Processing /home/airflow/.local/lib/python3.7/site-packages/airflow/example_dags/example_kubernetes_executor.py took 0.170 seconds
[2026-09-30T20:47:07.771+0000] {processor.py:153} INFO - Started process (PID=16122) to work on /home/airflow/.local/lib/python3.7/site-packages/airflow/example_dags/example_kubernetes_executor.py
[2026-09-30T20:47:07.772+0000] {processor.py:743} INFO - Processing file /home/airflow/.local/lib/python3.7/site-packages/airflow/example_dags/example_kubernetes_executor.py for tasks to queue
[2026-09-30T20:47:07.773+0000] {logging_mixin.py:137} INFO - [2026-09-30T20:47:07.772+0000] {dagbag.py:538} INFO - Filling up the DagBag from /home/airflow/.local/lib/python3.7/site-packages/airflow/example_dags/example_kubernetes_executor.py
[2026-09-30T20:47:07.812+0000] {processor.py:753} INFO - DAG(s) dict_keys(['example_kubernetes_executor']) retrieved from /home/airflow/.local/lib/python3.7/site-packages/airflow/example_dags/example_kubernetes_executor.py
[2026-09-30T20:47:07.868+0000] {logging_mixin.py:137} INFO - [2026-09-30T20:47:07.868+0000] {dag.py:2676} INFO - Sync 1 DAGs
[2026-09-30T20:47:07.916+0000] {logging_mixin.py:137} INFO - [2026-09-30T20:47:07.915+0000] {dag.py:3427} INFO - Setting next_dagrun for example_kubernetes_executor to None, run_after=None
[2026-09-30T20:47:07.944+0000] {processor.py:175} INFO - Processing /home/airflow/.local/lib/python3.7/site-packages/airflow/example_dags/example_kubernetes_executor.py took 0.177 seconds
[2026-09-30T20:47:38.603+0000] {processor.py:153} INFO - Started process (PID=16202) to work on /home/airflow/.local/lib/python3.7/site-packages/airflow/example_dags/example_kubernetes_executor.py
[2026-09-30T20:47:38.604+0000] {processor.py:743} INFO - Processing file /home/airflow/.local/lib/python3.7/site-packages/airflow/example_dags/example_kubernetes_executor.py for tasks to queue
[2026-09-30T20:47:38.605+0000] {logging_mixin.py:137} INFO - [2026-09-30T20:47:38.605+0000] {dagbag.py:538} INFO - Filling up the DagBag from /home/airflow/.local/lib/python3.7/site-packages/airflow/example_dags/example_kubernetes_executor.py
[2026-09-30T20:47:38.643+0000] {processor.py:753} INFO - DAG(s) dict_keys(['example_kubernetes_executor']) retrieved from /home/airflow/.local/lib/python3.7/site-packages/airflow/example_dags/example_kubernetes_executor.py
[2026-09-30T20:47:38.698+0000] {logging_mixin.py:137} INFO - [2026-09-30T20:47:38.697+0000] {dag.py:2676} INFO - Sync 1 DAGs
[2026-09-30T20:47:38.744+0000] {logging_mixin.py:137} INFO - [2026-09-30T20:47:38.744+0000] {dag.py:3427} INFO - Setting next_dagrun for example_kubernetes_executor to None, run_after=None
[2026-09-30T20:47:38.782+0000] {processor.py:175} INFO - Processing /home/airflow/.local/lib/python3.7/site-packages/airflow/example_dags/example_kubernetes_executor.py took 0.183 seconds
[2026-09-30T20:48:09.427+0000] {processor.py:153} INFO - Started process (PID=16301) to work on /home/airflow/.local/lib/python3.7/site-packages/airflow/example_dags/example_kubernetes_executor.py
[2026-09-30T20:48:09.428+0000] {processor.py:743} INFO - Processing file /home/airflow/.local/lib/python3.7/site-packages/airflow/example_dags/example_kubernetes_executor.py for tasks to queue
[2026-09-30T20:48:09.429+0000] {logging_mixin.py:137} INFO - [2026-09-30T20:48:09.429+0000] {dagbag.py:538} INFO - Filling up the DagBag from /home/airflow/.local/lib/python3.7/site-packages/airflow/example_dags/example_kubernetes_executor.py
[2026-09-30T20:48:09.459+0000] {processor.py:753} INFO - DAG(s) dict_keys(['example_kubernetes_executor']) retrieved from /home/airflow/.local/lib/python3.7/site-packages/airflow/example_dags/example_kubernetes_executor.py
[2026-09-30T20:48:09.504+0000] {logging_mixin.py:137} INFO - [2026-09-30T20:48:09.504+0000] {dag.py:2676} INFO - Sync 1 DAGs
[2026-09-30T20:48:09.531+0000] {logging_mixin.py:137} INFO - [2026-09-30T20:48:09.531+0000] {dag.py:3427} INFO - Setting next_dagrun for example_kubernetes_executor to None, run_after=None
[2026-09-30T20:48:09.548+0000] {processor.py:175} INFO - Processing /home/airflow/.local/lib/python3.7/site-packages/airflow/example_dags/example_kubernetes_executor.py took 0.125 seconds
[2026-09-30T20:48:39.839+0000] {processor.py:153} INFO - Started process (PID=16380) to work on /home/airflow/.local/lib/python3.7/site-packages/airflow/example_dags/example_kubernetes_executor.py
[2026-09-30T20:48:39.840+0000] {processor.py:743} INFO - Processing file /home/airflow/.local/lib/python3.7/site-packages/airflow/example_dags/example_kubernetes_executor.py for tasks to queue
[2026-09-30T20:48:39.841+0000] {logging_mixin.py:137} INFO - [2026-09-30T20:48:39.841+0000] {dagbag.py:538} INFO - Filling up the DagBag from /home/airflow/.local/lib/python3.7/site-packages/airflow/example_dags/example_kubernetes_executor.py
[2026-09-30T20:48:39.883+0000] {processor.py:753} INFO - DAG(s) dict_keys(['example_kubernetes_executor']) retrieved from /home/airflow/.local/lib/python3.7/site-packages/airflow/example_dags/example_kubernetes_executor.py
[2026-09-30T20:48:39.944+0000] {logging_mixin.py:137} INFO - [2026-09-30T20:48:39.944+0000] {dag.py:2676} INFO - Sync 1 DAGs
[2026-09-30T20:48:39.976+0000] {logging_mixin.py:137} INFO - [2026-09-30T20:48:39.975+0000] {dag.py:3427} INFO - Setting next_dagrun for example_kubernetes_executor to None, run_after=None
[2026-09-30T20:48:39.996+0000] {processor.py:175} INFO - Processing /home/airflow/.local/lib/python3.7/site-packages/airflow/example_dags/example_kubernetes_executor.py took 0.161 seconds
[2026-09-30T20:49:10.611+0000] {processor.py:153} INFO - Started process (PID=16459) to work on /home/airflow/.local/lib/python3.7/site-packages/airflow/example_dags/example_kubernetes_executor.py
[2026-09-30T20:49:10.613+0000] {processor.py:743} INFO - Processing file /home/airflow/.local/lib/python3.7/site-packages/airflow/example_dags/example_kubernetes_executor.py for tasks to queue
[2026-09-30T20:49:10.613+0000] {logging_mixin.py:137} INFO - [2026-09-30T20:49:10.613+0000] {dagbag.py:538} INFO - Filling up the DagBag from /home/airflow/.local/lib/python3.7/site-packages/airflow/example_dags/example_kubernetes_executor.py
[2026-09-30T20:49:10.656+0000] {processor.py:753} INFO - DAG(s) dict_keys(['example_kubernetes_executor']) retrieved from /home/airflow/.local/lib/python3.7/site-packages/airflow/example_dags/example_kubernetes_executor.py
[2026-09-30T20:49:10.722+0000] {logging_mixin.py:137} INFO - [2026-09-30T20:49:10.722+0000] {dag.py:2676} INFO - Sync 1 DAGs
[2026-09-30T20:49:10.753+0000] {logging_mixin.py:137} INFO - [2026-09-30T20:49:10.753+0000] {dag.py:3427} INFO - Setting next_dagrun for example_kubernetes_executor to None, run_after=None
[2026-09-30T20:49:10.774+0000] {processor.py:175} INFO - Processing /home/airflow/.local/lib/python3.7/site-packages/airflow/example_dags/example_kubernetes_executor.py took 0.166 seconds
[2026-09-30T20:49:41.683+0000] {processor.py:153} INFO - Started process (PID=16547) to work on /home/airflow/.local/lib/python3.7/site-packages/airflow/example_dags/example_kubernetes_executor.py
[2026-09-30T20:49:41.685+0000] {processor.py:743} INFO - Processing file /home/airflow/.local/lib/python3.7/site-packages/airflow/example_dags/example_kubernetes_executor.py for tasks to queue
[2026-09-30T20:49:41.685+0000] {logging_mixin.py:137} INFO - [2026-09-30T20:49:41.685+0000] {dagbag.py:538} INFO - Filling up the DagBag from /home/airflow/.local/lib/python3.7/site-packages/airflow/example_dags/example_kubernetes_executor.py
[2026-09-30T20:49:41.730+0000] {processor.py:753} INFO - DAG(s) dict_keys(['example_kubernetes_executor']) retrieved from /home/airflow/.local/lib/python3.7/site-packages/airflow/example_dags/example_kubernetes_executor.py
[2026-09-30T20:49:41.811+0000] {logging_mixin.py:137} INFO - [2026-09-30T20:49:41.811+0000] {dag.py:2676} INFO - Sync 1 DAGs
[2026-09-30T20:49:41.849+0000] {logging_mixin.py:137} INFO - [2026-09-30T20:49:41.849+0000] {dag.py:3427} INFO - Setting next_dagrun for example_kubernetes_executor to None, run_after=None
[2026-09-30T20:49:41.871+0000] {processor.py:175} INFO - Processing /home/airflow/.local/lib/python3.7/site-packages/airflow/example_dags/example_kubernetes_executor.py took 0.191 seconds
[2026-09-30T20:50:12.140+0000] {processor.py:153} INFO - Started process (PID=16637) to work on /home/airflow/.local/lib/python3.7/site-packages/airflow/example_dags/example_kubernetes_executor.py
[2026-09-30T20:50:12.141+0000] {processor.py:743} INFO - Processing file /home/airflow/.local/lib/python3.7/site-packages/airflow/example_dags/example_kubernetes_executor.py for tasks to queue
[2026-09-30T20:50:12.141+0000] {logging_mixin.py:137} INFO - [2026-09-30T20:50:12.141+0000] {dagbag.py:538} INFO - Filling up the DagBag from /home/airflow/.local/lib/python3.7/site-packages/airflow/example_dags/example_kubernetes_executor.py
[2026-09-30T20:50:12.179+0000] {processor.py:753} INFO - DAG(s) dict_keys(['example_kubernetes_executor']) retrieved from /home/airflow/.local/lib/python3.7/site-packages/airflow/example_dags/example_kubernetes_executor.py
[2026-09-30T20:50:12.239+0000] {logging_mixin.py:137} INFO - [2026-09-30T20:50:12.239+0000] {dag.py:2676} INFO - Sync 1 DAGs
[2026-09-30T20:50:12.276+0000] {logging_mixin.py:137} INFO - [2026-09-30T20:50:12.276+0000] {dag.py:3427} INFO - Setting next_dagrun for example_kubernetes_executor to None, run_after=None
[2026-09-30T20:50:12.296+0000] {processor.py:175} INFO - Processing /home/airflow/.local/lib/python3.7/site-packages/airflow/example_dags/example_kubernetes_executor.py took 0.160 seconds
[2026-09-30T20:50:42.712+0000] {processor.py:153} INFO - Started process (PID=16716) to work on /home/airflow/.local/lib/python3.7/site-packages/airflow/example_dags/example_kubernetes_executor.py
[2026-09-30T20:50:42.713+0000] {processor.py:743} INFO - Processing file /home/airflow/.local/lib/python3.7/site-packages/airflow/example_dags/example_kubernetes_executor.py for tasks to queue
[2026-09-30T20:50:42.714+0000] {logging_mixin.py:137} INFO - [2026-09-30T20:50:42.714+0000] {dagbag.py:538} INFO - Filling up the DagBag from /home/airflow/.local/lib/python3.7/site-packages/airflow/example_dags/example_kubernetes_executor.py
[2026-09-30T20:50:42.771+0000] {processor.py:753} INFO - DAG(s) dict_keys(['example_kubernetes_executor']) retrieved from /home/airflow/.local/lib/python3.7/site-packages/airflow/example_dags/example_kubernetes_executor.py
[2026-09-30T20:50:42.832+0000] {logging_mixin.py:137} INFO - [2026-09-30T20:50:42.832+0000] {dag.py:2676} INFO - Sync 1 DAGs
[2026-09-30T20:50:42.864+0000] {logging_mixin.py:137} INFO - [2026-09-30T20:50:42.864+0000] {dag.py:3427} INFO - Setting next_dagrun for example_kubernetes_executor to None, run_after=None
[2026-09-30T20:50:42.889+0000] {processor.py:175} INFO - Processing /home/airflow/.local/lib/python3.7/site-packages/airflow/example_dags/example_kubernetes_executor.py took 0.181 seconds
[2026-09-30T20:51:13.570+0000] {processor.py:153} INFO - Started process (PID=16795) to work on /home/airflow/.local/lib/python3.7/site-packages/airflow/example_dags/example_kubernetes_executor.py
[2026-09-30T20:51:13.571+0000] {processor.py:743} INFO - Processing file /home/airflow/.local/lib/python3.7/site-packages/airflow/example_dags/example_kubernetes_executor.py for tasks to queue
[2026-09-30T20:51:13.572+0000] {logging_mixin.py:137} INFO - [2026-09-30T20:51:13.572+0000] {dagbag.py:538} INFO - Filling up the DagBag from /home/airflow/.local/lib/python3.7/site-packages/airflow/example_dags/example_kubernetes_executor.py
[2026-09-30T20:51:13.628+0000] {processor.py:753} INFO - DAG(s) dict_keys(['example_kubernetes_executor']) retrieved from /home/airflow/.local/lib/python3.7/site-packages/airflow/example_dags/example_kubernetes_executor.py
[2026-09-30T20:51:13.707+0000] {logging_mixin.py:137} INFO - [2026-09-30T20:51:13.707+0000] {dag.py:2676} INFO - Sync 1 DAGs
[2026-09-30T20:51:13.753+0000] {logging_mixin.py:137} INFO - [2026-09-30T20:51:13.753+0000] {dag.py:3427} INFO - Setting next_dagrun for example_kubernetes_executor to None, run_after=None
[2026-09-30T20:51:13.784+0000] {processor.py:175} INFO - Processing /home/airflow/.local/lib/python3.7/site-packages/airflow/example_dags/example_kubernetes_executor.py took 0.221 seconds
[2026-09-30T20:51:44.279+0000] {processor.py:153} INFO - Started process (PID=16883) to work on /home/airflow/.local/lib/python3.7/site-packages/airflow/example_dags/example_kubernetes_executor.py
[2026-09-30T20:51:44.280+0000] {processor.py:743} INFO - Processing file /home/airflow/.local/lib/python3.7/site-packages/airflow/example_dags/example_kubernetes_executor.py for tasks to queue
[2026-09-30T20:51:44.281+0000] {logging_mixin.py:137} INFO - [2026-09-30T20:51:44.281+0000] {dagbag.py:538} INFO - Filling up the DagBag from /home/airflow/.local/lib/python3.7/site-packages/airflow/example_dags/example_kubernetes_executor.py
[2026-09-30T20:51:44.317+0000] {processor.py:753} INFO - DAG(s) dict_keys(['example_kubernetes_executor']) retrieved from /home/airflow/.local/lib/python3.7/site-packages/airflow/example_dags/example_kubernetes_executor.py
[2026-09-30T20:51:44.370+0000] {logging_mixin.py:137} INFO - [2026-09-30T20:51:44.370+0000] {dag.py:2676} INFO - Sync 1 DAGs
[2026-09-30T20:51:44.408+0000] {logging_mixin.py:137} INFO - [2026-09-30T20:51:44.408+0000] {dag.py:3427} INFO - Setting next_dagrun for example_kubernetes_executor to None, run_after=None
[2026-09-30T20:51:44.428+0000] {processor.py:175} INFO - Processing /home/airflow/.local/lib/python3.7/site-packages/airflow/example_dags/example_kubernetes_executor.py took 0.155 seconds
[2026-09-30T20:52:14.637+0000] {processor.py:153} INFO - Started process (PID=16973) to work on /home/airflow/.local/lib/python3.7/site-packages/airflow/example_dags/example_kubernetes_executor.py
[2026-09-30T20:52:14.639+0000] {processor.py:743} INFO - Processing file /home/airflow/.local/lib/python3.7/site-packages/airflow/example_dags/example_kubernetes_executor.py for tasks to queue
[2026-09-30T20:52:14.640+0000] {logging_mixin.py:137} INFO - [2026-09-30T20:52:14.640+0000] {dagbag.py:538} INFO - Filling up the DagBag from /home/airflow/.local/lib/python3.7/site-packages/airflow/example_dags/example_kubernetes_executor.py
[2026-09-30T20:52:14.696+0000] {processor.py:753} INFO - DAG(s) dict_keys(['example_kubernetes_executor']) retrieved from /home/airflow/.local/lib/python3.7/site-packages/airflow/example_dags/example_kubernetes_executor.py
[2026-09-30T20:52:14.774+0000] {logging_mixin.py:137} INFO - [2026-09-30T20:52:14.774+0000] {dag.py:2676} INFO - Sync 1 DAGs
[2026-09-30T20:52:14.822+0000] {logging_mixin.py:137} INFO - [2026-09-30T20:52:14.822+0000] {dag.py:3427} INFO - Setting next_dagrun for example_kubernetes_executor to None, run_after=None
[2026-09-30T20:52:14.857+0000] {processor.py:175} INFO - Processing /home/airflow/.local/lib/python3.7/site-packages/airflow/example_dags/example_kubernetes_executor.py took 0.226 seconds
[2026-09-30T20:52:45.173+0000] {processor.py:153} INFO - Started process (PID=17052) to work on /home/airflow/.local/lib/python3.7/site-packages/airflow/example_dags/example_kubernetes_executor.py
[2026-09-30T20:52:45.175+0000] {processor.py:743} INFO - Processing file /home/airflow/.local/lib/python3.7/site-packages/airflow/example_dags/example_kubernetes_executor.py for tasks to queue
[2026-09-30T20:52:45.176+0000] {logging_mixin.py:137} INFO - [2026-09-30T20:52:45.176+0000] {dagbag.py:538} INFO - Filling up the DagBag from /home/airflow/.local/lib/python3.7/site-packages/airflow/example_dags/example_kubernetes_executor.py
[2026-09-30T20:52:45.218+0000] {processor.py:753} INFO - DAG(s) dict_keys(['example_kubernetes_executor']) retrieved from /home/airflow/.local/lib/python3.7/site-packages/airflow/example_dags/example_kubernetes_executor.py
[2026-09-30T20:52:45.272+0000] {logging_mixin.py:137} INFO - [2026-09-30T20:52:45.272+0000] {dag.py:2676} INFO - Sync 1 DAGs
[2026-09-30T20:52:45.310+0000] {logging_mixin.py:137} INFO - [2026-09-30T20:52:45.310+0000] {dag.py:3427} INFO - Setting next_dagrun for example_kubernetes_executor to None, run_after=None
[2026-09-30T20:52:45.335+0000] {processor.py:175} INFO - Processing /home/airflow/.local/lib/python3.7/site-packages/airflow/example_dags/example_kubernetes_executor.py took 0.168 seconds
[2026-09-30T20:53:15.603+0000] {processor.py:153} INFO - Started process (PID=17131) to work on /home/airflow/.local/lib/python3.7/site-packages/airflow/example_dags/example_kubernetes_executor.py
[2026-09-30T20:53:15.604+0000] {processor.py:743} INFO - Processing file /home/airflow/.local/lib/python3.7/site-packages/airflow/example_dags/example_kubernetes_executor.py for tasks to queue
[2026-09-30T20:53:15.604+0000] {logging_mixin.py:137} INFO - [2026-09-30T20:53:15.604+0000] {dagbag.py:538} INFO - Filling up the DagBag from /home/airflow/.local/lib/python3.7/site-packages/airflow/example_dags/example_kubernetes_executor.py
[2026-09-30T20:53:15.643+0000] {processor.py:753} INFO - DAG(s) dict_keys(['example_kubernetes_executor']) retrieved from /home/airflow/.local/lib/python3.7/site-packages/airflow/example_dags/example_kubernetes_executor.py
[2026-09-30T20:53:15.699+0000] {logging_mixin.py:137} INFO - [2026-09-30T20:53:15.699+0000] {dag.py:2676} INFO - Sync 1 DAGs
[2026-09-30T20:53:15.735+0000] {logging_mixin.py:137} INFO - [2026-09-30T20:53:15.735+0000] {dag.py:3427} INFO - Setting next_dagrun for example_kubernetes_executor to None, run_after=None
[2026-09-30T20:53:15.758+0000] {processor.py:175} INFO - Processing /home/airflow/.local/lib/python3.7/site-packages/airflow/example_dags/example_kubernetes_executor.py took 0.159 seconds
[2026-09-30T20:53:46.011+0000] {processor.py:153} INFO - Started process (PID=17219) to work on /home/airflow/.local/lib/python3.7/site-packages/airflow/example_dags/example_kubernetes_executor.py
[2026-09-30T20:53:46.012+0000] {processor.py:743} INFO - Processing file /home/airflow/.local/lib/python3.7/site-packages/airflow/example_dags/example_kubernetes_executor.py for tasks to queue
[2026-09-30T20:53:46.013+0000] {logging_mixin.py:137} INFO - [2026-09-30T20:53:46.013+0000] {dagbag.py:538} INFO - Filling up the DagBag from /home/airflow/.local/lib/python3.7/site-packages/airflow/example_dags/example_kubernetes_executor.py
[2026-09-30T20:53:46.049+0000] {processor.py:753} INFO - DAG(s) dict_keys(['example_kubernetes_executor']) retrieved from /home/airflow/.local/lib/python3.7/site-packages/airflow/example_dags/example_kubernetes_executor.py
[2026-09-30T20:53:46.114+0000] {logging_mixin.py:137} INFO - [2026-09-30T20:53:46.114+0000] {dag.py:2676} INFO - Sync 1 DAGs
[2026-09-30T20:53:46.167+0000] {logging_mixin.py:137} INFO - [2026-09-30T20:53:46.167+0000] {dag.py:3427} INFO - Setting next_dagrun for example_kubernetes_executor to None, run_after=None
[2026-09-30T20:53:46.194+0000] {processor.py:175} INFO - Processing /home/airflow/.local/lib/python3.7/site-packages/airflow/example_dags/example_kubernetes_executor.py took 0.190 seconds
[2026-09-30T20:54:16.488+0000] {processor.py:153} INFO - Started process (PID=17309) to work on /home/airflow/.local/lib/python3.7/site-packages/airflow/example_dags/example_kubernetes_executor.py
[2026-09-30T20:54:16.489+0000] {processor.py:743} INFO - Processing file /home/airflow/.local/lib/python3.7/site-packages/airflow/example_dags/example_kubernetes_executor.py for tasks to queue
[2026-09-30T20:54:16.489+0000] {logging_mixin.py:137} INFO - [2026-09-30T20:54:16.489+0000] {dagbag.py:538} INFO - Filling up the DagBag from /home/airflow/.local/lib/python3.7/site-packages/airflow/example_dags/example_kubernetes_executor.py
[2026-09-30T20:54:16.531+0000] {processor.py:753} INFO - DAG(s) dict_keys(['example_kubernetes_executor']) retrieved from /home/airflow/.local/lib/python3.7/site-packages/airflow/example_dags/example_kubernetes_executor.py
[2026-09-30T20:54:16.592+0000] {logging_mixin.py:137} INFO - [2026-09-30T20:54:16.592+0000] {dag.py:2676} INFO - Sync 1 DAGs
[2026-09-30T20:54:16.641+0000] {logging_mixin.py:137} INFO - [2026-09-30T20:54:16.641+0000] {dag.py:3427} INFO - Setting next_dagrun for example_kubernetes_executor to None, run_after=None
[2026-09-30T20:54:16.662+0000] {processor.py:175} INFO - Processing /home/airflow/.local/lib/python3.7/site-packages/airflow/example_dags/example_kubernetes_executor.py took 0.178 seconds
[2026-09-30T20:54:46.805+0000] {processor.py:153} INFO - Started process (PID=17387) to work on /home/airflow/.local/lib/python3.7/site-packages/airflow/example_dags/example_kubernetes_executor.py
[2026-09-30T20:54:46.806+0000] {processor.py:743} INFO - Processing file /home/airflow/.local/lib/python3.7/site-packages/airflow/example_dags/example_kubernetes_executor.py for tasks to queue
[2026-09-30T20:54:46.807+0000] {logging_mixin.py:137} INFO - [2026-09-30T20:54:46.807+0000] {dagbag.py:538} INFO - Filling up the DagBag from /home/airflow/.local/lib/python3.7/site-packages/airflow/example_dags/example_kubernetes_executor.py
[2026-09-30T20:54:46.841+0000] {processor.py:753} INFO - DAG(s) dict_keys(['example_kubernetes_executor']) retrieved from /home/airflow/.local/lib/python3.7/site-packages/airflow/example_dags/example_kubernetes_executor.py
[2026-09-30T20:54:46.894+0000] {logging_mixin.py:137} INFO - [2026-09-30T20:54:46.894+0000] {dag.py:2676} INFO - Sync 1 DAGs
[2026-09-30T20:54:46.933+0000] {logging_mixin.py:137} INFO - [2026-09-30T20:54:46.933+0000] {dag.py:3427} INFO - Setting next_dagrun for example_kubernetes_executor to None, run_after=None
[2026-09-30T20:54:46.954+0000] {processor.py:175} INFO - Processing /home/airflow/.local/lib/python3.7/site-packages/airflow/example_dags/example_kubernetes_executor.py took 0.152 seconds
[2026-09-30T20:55:17.244+0000] {processor.py:153} INFO - Started process (PID=17466) to work on /home/airflow/.local/lib/python3.7/site-packages/airflow/example_dags/example_kubernetes_executor.py
[2026-09-30T20:55:17.245+0000] {processor.py:743} INFO - Processing file /home/airflow/.local/lib/python3.7/site-packages/airflow/example_dags/example_kubernetes_executor.py for tasks to queue
[2026-09-30T20:55:17.246+0000] {logging_mixin.py:137} INFO - [2026-09-30T20:55:17.246+0000] {dagbag.py:538} INFO - Filling up the DagBag from /home/airflow/.local/lib/python3.7/site-packages/airflow/example_dags/example_kubernetes_executor.py
[2026-09-30T20:55:17.304+0000] {processor.py:753} INFO - DAG(s) dict_keys(['example_kubernetes_executor']) retrieved from /home/airflow/.local/lib/python3.7/site-packages/airflow/example_dags/example_kubernetes_executor.py
[2026-09-30T20:55:17.375+0000] {logging_mixin.py:137} INFO - [2026-09-30T20:55:17.375+0000] {dag.py:2676} INFO - Sync 1 DAGs
[2026-09-30T20:55:17.421+0000] {logging_mixin.py:137} INFO - [2026-09-30T20:55:17.420+0000] {dag.py:3427} INFO - Setting next_dagrun for example_kubernetes_executor to None, run_after=None
[2026-09-30T20:55:17.447+0000] {processor.py:175} INFO - Processing /home/airflow/.local/lib/python3.7/site-packages/airflow/example_dags/example_kubernetes_executor.py took 0.209 seconds
[2026-09-30T20:55:47.521+0000] {processor.py:153} INFO - Started process (PID=17545) to work on /home/airflow/.local/lib/python3.7/site-packages/airflow/example_dags/example_kubernetes_executor.py
[2026-09-30T20:55:47.523+0000] {processor.py:743} INFO - Processing file /home/airflow/.local/lib/python3.7/site-packages/airflow/example_dags/example_kubernetes_executor.py for tasks to queue
[2026-09-30T20:55:47.524+0000] {logging_mixin.py:137} INFO - [2026-09-30T20:55:47.524+0000] {dagbag.py:538} INFO - Filling up the DagBag from /home/airflow/.local/lib/python3.7/site-packages/airflow/example_dags/example_kubernetes_executor.py
[2026-09-30T20:55:47.582+0000] {processor.py:753} INFO - DAG(s) dict_keys(['example_kubernetes_executor']) retrieved from /home/airflow/.local/lib/python3.7/site-packages/airflow/example_dags/example_kubernetes_executor.py
[2026-09-30T20:55:47.661+0000] {logging_mixin.py:137} INFO - [2026-09-30T20:55:47.661+0000] {dag.py:2676} INFO - Sync 1 DAGs
[2026-09-30T20:55:47.702+0000] {logging_mixin.py:137} INFO - [2026-09-30T20:55:47.702+0000] {dag.py:3427} INFO - Setting next_dagrun for example_kubernetes_executor to None, run_after=None
[2026-09-30T20:55:47.724+0000] {processor.py:175} INFO - Processing /home/airflow/.local/lib/python3.7/site-packages/airflow/example_dags/example_kubernetes_executor.py took 0.209 seconds
[2026-09-30T20:56:18.001+0000] {processor.py:153} INFO - Started process (PID=17644) to work on /home/airflow/.local/lib/python3.7/site-packages/airflow/example_dags/example_kubernetes_executor.py
[2026-09-30T20:56:18.002+0000] {processor.py:743} INFO - Processing file /home/airflow/.local/lib/python3.7/site-packages/airflow/example_dags/example_kubernetes_executor.py for tasks to queue
[2026-09-30T20:56:18.002+0000] {logging_mixin.py:137} INFO - [2026-09-30T20:56:18.002+0000] {dagbag.py:538} INFO - Filling up the DagBag from /home/airflow/.local/lib/python3.7/site-packages/airflow/example_dags/example_kubernetes_executor.py
[2026-09-30T20:56:18.041+0000] {processor.py:753} INFO - DAG(s) dict_keys(['example_kubernetes_executor']) retrieved from /home/airflow/.local/lib/python3.7/site-packages/airflow/example_dags/example_kubernetes_executor.py
[2026-09-30T20:56:18.085+0000] {logging_mixin.py:137} INFO - [2026-09-30T20:56:18.084+0000] {dag.py:2676} INFO - Sync 1 DAGs
[2026-09-30T20:56:18.116+0000] {logging_mixin.py:137} INFO - [2026-09-30T20:56:18.116+0000] {dag.py:3427} INFO - Setting next_dagrun for example_kubernetes_executor to None, run_after=None
[2026-09-30T20:56:18.135+0000] {processor.py:175} INFO - Processing /home/airflow/.local/lib/python3.7/site-packages/airflow/example_dags/example_kubernetes_executor.py took 0.138 seconds
[2026-09-30T20:56:48.378+0000] {processor.py:153} INFO - Started process (PID=17723) to work on /home/airflow/.local/lib/python3.7/site-packages/airflow/example_dags/example_kubernetes_executor.py
[2026-09-30T20:56:48.380+0000] {processor.py:743} INFO - Processing file /home/airflow/.local/lib/python3.7/site-packages/airflow/example_dags/example_kubernetes_executor.py for tasks to queue
[2026-09-30T20:56:48.381+0000] {logging_mixin.py:137} INFO - [2026-09-30T20:56:48.381+0000] {dagbag.py:538} INFO - Filling up the DagBag from /home/airflow/.local/lib/python3.7/site-packages/airflow/example_dags/example_kubernetes_executor.py
[2026-09-30T20:56:48.418+0000] {processor.py:753} INFO - DAG(s) dict_keys(['example_kubernetes_executor']) retrieved from /home/airflow/.local/lib/python3.7/site-packages/airflow/example_dags/example_kubernetes_executor.py
[2026-09-30T20:56:48.475+0000] {logging_mixin.py:137} INFO - [2026-09-30T20:56:48.474+0000] {dag.py:2676} INFO - Sync 1 DAGs
[2026-09-30T20:56:48.508+0000] {logging_mixin.py:137} INFO - [2026-09-30T20:56:48.508+0000] {dag.py:3427} INFO - Setting next_dagrun for example_kubernetes_executor to None, run_after=None
[2026-09-30T20:56:48.532+0000] {processor.py:175} INFO - Processing /home/airflow/.local/lib/python3.7/site-packages/airflow/example_dags/example_kubernetes_executor.py took 0.160 seconds
[2026-09-30T20:57:18.981+0000] {processor.py:153} INFO - Started process (PID=17802) to work on /home/airflow/.local/lib/python3.7/site-packages/airflow/example_dags/example_kubernetes_executor.py
[2026-09-30T20:57:18.981+0000] {processor.py:743} INFO - Processing file /home/airflow/.local/lib/python3.7/site-packages/airflow/example_dags/example_kubernetes_executor.py for tasks to queue
[2026-09-30T20:57:18.982+0000] {logging_mixin.py:137} INFO - [2026-09-30T20:57:18.982+0000] {dagbag.py:538} INFO - Filling up the DagBag from /home/airflow/.local/lib/python3.7/site-packages/airflow/example_dags/example_kubernetes_executor.py
[2026-09-30T20:57:19.024+0000] {processor.py:753} INFO - DAG(s) dict_keys(['example_kubernetes_executor']) retrieved from /home/airflow/.local/lib/python3.7/site-packages/airflow/example_dags/example_kubernetes_executor.py
[2026-09-30T20:57:19.076+0000] {logging_mixin.py:137} INFO - [2026-09-30T20:57:19.075+0000] {dag.py:2676} INFO - Sync 1 DAGs
[2026-09-30T20:57:19.110+0000] {logging_mixin.py:137} INFO - [2026-09-30T20:57:19.110+0000] {dag.py:3427} INFO - Setting next_dagrun for example_kubernetes_executor to None, run_after=None
[2026-09-30T20:57:19.131+0000] {processor.py:175} INFO - Processing /home/airflow/.local/lib/python3.7/site-packages/airflow/example_dags/example_kubernetes_executor.py took 0.155 seconds
[2026-09-30T20:57:49.673+0000] {processor.py:153} INFO - Started process (PID=17901) to work on /home/airflow/.local/lib/python3.7/site-packages/airflow/example_dags/example_kubernetes_executor.py
[2026-09-30T20:57:49.675+0000] {processor.py:743} INFO - Processing file /home/airflow/.local/lib/python3.7/site-packages/airflow/example_dags/example_kubernetes_executor.py for tasks to queue
[2026-09-30T20:57:49.676+0000] {logging_mixin.py:137} INFO - [2026-09-30T20:57:49.676+0000] {dagbag.py:538} INFO - Filling up the DagBag from /home/airflow/.local/lib/python3.7/site-packages/airflow/example_dags/example_kubernetes_executor.py
[2026-09-30T20:57:49.722+0000] {processor.py:753} INFO - DAG(s) dict_keys(['example_kubernetes_executor']) retrieved from /home/airflow/.local/lib/python3.7/site-packages/airflow/example_dags/example_kubernetes_executor.py
[2026-09-30T20:57:49.791+0000] {logging_mixin.py:137} INFO - [2026-09-30T20:57:49.791+0000] {dag.py:2676} INFO - Sync 1 DAGs
[2026-09-30T20:57:49.832+0000] {logging_mixin.py:137} INFO - [2026-09-30T20:57:49.832+0000] {dag.py:3427} INFO - Setting next_dagrun for example_kubernetes_executor to None, run_after=None
[2026-09-30T20:57:49.853+0000] {processor.py:175} INFO - Processing /home/airflow/.local/lib/python3.7/site-packages/airflow/example_dags/example_kubernetes_executor.py took 0.185 seconds
[2026-09-30T20:58:19.935+0000] {processor.py:153} INFO - Started process (PID=17980) to work on /home/airflow/.local/lib/python3.7/site-packages/airflow/example_dags/example_kubernetes_executor.py
[2026-09-30T20:58:19.936+0000] {processor.py:743} INFO - Processing file /home/airflow/.local/lib/python3.7/site-packages/airflow/example_dags/example_kubernetes_executor.py for tasks to queue
[2026-09-30T20:58:19.937+0000] {logging_mixin.py:137} INFO - [2026-09-30T20:58:19.936+0000] {dagbag.py:538} INFO - Filling up the DagBag from /home/airflow/.local/lib/python3.7/site-packages/airflow/example_dags/example_kubernetes_executor.py
[2026-09-30T20:58:19.972+0000] {processor.py:753} INFO - DAG(s) dict_keys(['example_kubernetes_executor']) retrieved from /home/airflow/.local/lib/python3.7/site-packages/airflow/example_dags/example_kubernetes_executor.py
[2026-09-30T20:58:20.029+0000] {logging_mixin.py:137} INFO - [2026-09-30T20:58:20.029+0000] {dag.py:2676} INFO - Sync 1 DAGs
[2026-09-30T20:58:20.075+0000] {logging_mixin.py:137} INFO - [2026-09-30T20:58:20.075+0000] {dag.py:3427} INFO - Setting next_dagrun for example_kubernetes_executor to None, run_after=None
[2026-09-30T20:58:20.109+0000] {processor.py:175} INFO - Processing /home/airflow/.local/lib/python3.7/site-packages/airflow/example_dags/example_kubernetes_executor.py took 0.177 seconds
[2026-09-30T20:58:50.827+0000] {processor.py:153} INFO - Started process (PID=18059) to work on /home/airflow/.local/lib/python3.7/site-packages/airflow/example_dags/example_kubernetes_executor.py
[2026-09-30T20:58:50.828+0000] {processor.py:743} INFO - Processing file /home/airflow/.local/lib/python3.7/site-packages/airflow/example_dags/example_kubernetes_executor.py for tasks to queue
[2026-09-30T20:58:50.829+0000] {logging_mixin.py:137} INFO - [2026-09-30T20:58:50.829+0000] {dagbag.py:538} INFO - Filling up the DagBag from /home/airflow/.local/lib/python3.7/site-packages/airflow/example_dags/example_kubernetes_executor.py
[2026-09-30T20:58:50.868+0000] {processor.py:753} INFO - DAG(s) dict_keys(['example_kubernetes_executor']) retrieved from /home/airflow/.local/lib/python3.7/site-packages/airflow/example_dags/example_kubernetes_executor.py
[2026-09-30T20:58:50.927+0000] {logging_mixin.py:137} INFO - [2026-09-30T20:58:50.926+0000] {dag.py:2676} INFO - Sync 1 DAGs
[2026-09-30T20:58:50.963+0000] {logging_mixin.py:137} INFO - [2026-09-30T20:58:50.963+0000] {dag.py:3427} INFO - Setting next_dagrun for example_kubernetes_executor to None, run_after=None
[2026-09-30T20:58:50.985+0000] {processor.py:175} INFO - Processing /home/airflow/.local/lib/python3.7/site-packages/airflow/example_dags/example_kubernetes_executor.py took 0.162 seconds
[2026-09-30T20:59:21.881+0000] {processor.py:153} INFO - Started process (PID=18138) to work on /home/airflow/.local/lib/python3.7/site-packages/airflow/example_dags/example_kubernetes_executor.py
[2026-09-30T20:59:21.882+0000] {processor.py:743} INFO - Processing file /home/airflow/.local/lib/python3.7/site-packages/airflow/example_dags/example_kubernetes_executor.py for tasks to queue
[2026-09-30T20:59:21.883+0000] {logging_mixin.py:137} INFO - [2026-09-30T20:59:21.883+0000] {dagbag.py:538} INFO - Filling up the DagBag from /home/airflow/.local/lib/python3.7/site-packages/airflow/example_dags/example_kubernetes_executor.py
[2026-09-30T20:59:21.921+0000] {processor.py:753} INFO - DAG(s) dict_keys(['example_kubernetes_executor']) retrieved from /home/airflow/.local/lib/python3.7/site-packages/airflow/example_dags/example_kubernetes_executor.py
[2026-09-30T20:59:21.976+0000] {logging_mixin.py:137} INFO - [2026-09-30T20:59:21.975+0000] {dag.py:2676} INFO - Sync 1 DAGs
[2026-09-30T20:59:22.020+0000] {logging_mixin.py:137} INFO - [2026-09-30T20:59:22.019+0000] {dag.py:3427} INFO - Setting next_dagrun for example_kubernetes_executor to None, run_after=None
[2026-09-30T20:59:22.047+0000] {processor.py:175} INFO - Processing /home/airflow/.local/lib/python3.7/site-packages/airflow/example_dags/example_kubernetes_executor.py took 0.169 seconds
[2026-09-30T20:59:52.546+0000] {processor.py:153} INFO - Started process (PID=18237) to work on /home/airflow/.local/lib/python3.7/site-packages/airflow/example_dags/example_kubernetes_executor.py
[2026-09-30T20:59:52.547+0000] {processor.py:743} INFO - Processing file /home/airflow/.local/lib/python3.7/site-packages/airflow/example_dags/example_kubernetes_executor.py for tasks to queue
[2026-09-30T20:59:52.548+0000] {logging_mixin.py:137} INFO - [2026-09-30T20:59:52.548+0000] {dagbag.py:538} INFO - Filling up the DagBag from /home/airflow/.local/lib/python3.7/site-packages/airflow/example_dags/example_kubernetes_executor.py
[2026-09-30T20:59:52.591+0000] {processor.py:753} INFO - DAG(s) dict_keys(['example_kubernetes_executor']) retrieved from /home/airflow/.local/lib/python3.7/site-packages/airflow/example_dags/example_kubernetes_executor.py
[2026-09-30T20:59:52.649+0000] {logging_mixin.py:137} INFO - [2026-09-30T20:59:52.649+0000] {dag.py:2676} INFO - Sync 1 DAGs
[2026-09-30T20:59:52.683+0000] {logging_mixin.py:137} INFO - [2026-09-30T20:59:52.683+0000] {dag.py:3427} INFO - Setting next_dagrun for example_kubernetes_executor to None, run_after=None
[2026-09-30T20:59:52.706+0000] {processor.py:175} INFO - Processing /home/airflow/.local/lib/python3.7/site-packages/airflow/example_dags/example_kubernetes_executor.py took 0.165 seconds
[2026-09-30T21:00:23.065+0000] {processor.py:153} INFO - Started process (PID=18316) to work on /home/airflow/.local/lib/python3.7/site-packages/airflow/example_dags/example_kubernetes_executor.py
[2026-09-30T21:00:23.066+0000] {processor.py:743} INFO - Processing file /home/airflow/.local/lib/python3.7/site-packages/airflow/example_dags/example_kubernetes_executor.py for tasks to queue
[2026-09-30T21:00:23.067+0000] {logging_mixin.py:137} INFO - [2026-09-30T21:00:23.067+0000] {dagbag.py:538} INFO - Filling up the DagBag from /home/airflow/.local/lib/python3.7/site-packages/airflow/example_dags/example_kubernetes_executor.py
[2026-09-30T21:00:23.108+0000] {processor.py:753} INFO - DAG(s) dict_keys(['example_kubernetes_executor']) retrieved from /home/airflow/.local/lib/python3.7/site-packages/airflow/example_dags/example_kubernetes_executor.py
[2026-09-30T21:00:23.178+0000] {logging_mixin.py:137} INFO - [2026-09-30T21:00:23.178+0000] {dag.py:2676} INFO - Sync 1 DAGs
[2026-09-30T21:00:23.218+0000] {logging_mixin.py:137} INFO - [2026-09-30T21:00:23.218+0000] {dag.py:3427} INFO - Setting next_dagrun for example_kubernetes_executor to None, run_after=None
[2026-09-30T21:00:23.245+0000] {processor.py:175} INFO - Processing /home/airflow/.local/lib/python3.7/site-packages/airflow/example_dags/example_kubernetes_executor.py took 0.185 seconds
[2026-09-30T21:00:53.586+0000] {processor.py:153} INFO - Started process (PID=18395) to work on /home/airflow/.local/lib/python3.7/site-packages/airflow/example_dags/example_kubernetes_executor.py
[2026-09-30T21:00:53.588+0000] {processor.py:743} INFO - Processing file /home/airflow/.local/lib/python3.7/site-packages/airflow/example_dags/example_kubernetes_executor.py for tasks to queue
[2026-09-30T21:00:53.589+0000] {logging_mixin.py:137} INFO - [2026-09-30T21:00:53.589+0000] {dagbag.py:538} INFO - Filling up the DagBag from /home/airflow/.local/lib/python3.7/site-packages/airflow/example_dags/example_kubernetes_executor.py
[2026-09-30T21:00:53.646+0000] {processor.py:753} INFO - DAG(s) dict_keys(['example_kubernetes_executor']) retrieved from /home/airflow/.local/lib/python3.7/site-packages/airflow/example_dags/example_kubernetes_executor.py
[2026-09-30T21:00:53.706+0000] {logging_mixin.py:137} INFO - [2026-09-30T21:00:53.706+0000] {dag.py:2676} INFO - Sync 1 DAGs
[2026-09-30T21:00:53.747+0000] {logging_mixin.py:137} INFO - [2026-09-30T21:00:53.746+0000] {dag.py:3427} INFO - Setting next_dagrun for example_kubernetes_executor to None, run_after=None
[2026-09-30T21:00:53.781+0000] {processor.py:175} INFO - Processing /home/airflow/.local/lib/python3.7/site-packages/airflow/example_dags/example_kubernetes_executor.py took 0.201 seconds
[2026-09-30T21:01:24.344+0000] {processor.py:153} INFO - Started process (PID=18474) to work on /home/airflow/.local/lib/python3.7/site-packages/airflow/example_dags/example_kubernetes_executor.py
[2026-09-30T21:01:24.345+0000] {processor.py:743} INFO - Processing file /home/airflow/.local/lib/python3.7/site-packages/airflow/example_dags/example_kubernetes_executor.py for tasks to queue
[2026-09-30T21:01:24.346+0000] {logging_mixin.py:137} INFO - [2026-09-30T21:01:24.346+0000] {dagbag.py:538} INFO - Filling up the DagBag from /home/airflow/.local/lib/python3.7/site-packages/airflow/example_dags/example_kubernetes_executor.py
[2026-09-30T21:01:24.385+0000] {processor.py:753} INFO - DAG(s) dict_keys(['example_kubernetes_executor']) retrieved from /home/airflow/.local/lib/python3.7/site-packages/airflow/example_dags/example_kubernetes_executor.py
[2026-09-30T21:01:24.447+0000] {logging_mixin.py:137} INFO - [2026-09-30T21:01:24.446+0000] {dag.py:2676} INFO - Sync 1 DAGs
[2026-09-30T21:01:24.481+0000] {logging_mixin.py:137} INFO - [2026-09-30T21:01:24.481+0000] {dag.py:3427} INFO - Setting next_dagrun for example_kubernetes_executor to None, run_after=None
[2026-09-30T21:01:24.508+0000] {processor.py:175} INFO - Processing /home/airflow/.local/lib/python3.7/site-packages/airflow/example_dags/example_kubernetes_executor.py took 0.170 seconds
[2026-09-30T21:01:55.013+0000] {processor.py:153} INFO - Started process (PID=18562) to work on /home/airflow/.local/lib/python3.7/site-packages/airflow/example_dags/example_kubernetes_executor.py
[2026-09-30T21:01:55.015+0000] {processor.py:743} INFO - Processing file /home/airflow/.local/lib/python3.7/site-packages/airflow/example_dags/example_kubernetes_executor.py for tasks to queue
[2026-09-30T21:01:55.016+0000] {logging_mixin.py:137} INFO - [2026-09-30T21:01:55.016+0000] {dagbag.py:538} INFO - Filling up the DagBag from /home/airflow/.local/lib/python3.7/site-packages/airflow/example_dags/example_kubernetes_executor.py
[2026-09-30T21:01:55.069+0000] {processor.py:753} INFO - DAG(s) dict_keys(['example_kubernetes_executor']) retrieved from /home/airflow/.local/lib/python3.7/site-packages/airflow/example_dags/example_kubernetes_executor.py
[2026-09-30T21:01:55.136+0000] {logging_mixin.py:137} INFO - [2026-09-30T21:01:55.135+0000] {dag.py:2676} INFO - Sync 1 DAGs
[2026-09-30T21:01:55.170+0000] {logging_mixin.py:137} INFO - [2026-09-30T21:01:55.170+0000] {dag.py:3427} INFO - Setting next_dagrun for example_kubernetes_executor to None, run_after=None
[2026-09-30T21:01:55.195+0000] {processor.py:175} INFO - Processing /home/airflow/.local/lib/python3.7/site-packages/airflow/example_dags/example_kubernetes_executor.py took 0.189 seconds
[2026-09-30T21:02:25.821+0000] {processor.py:153} INFO - Started process (PID=18652) to work on /home/airflow/.local/lib/python3.7/site-packages/airflow/example_dags/example_kubernetes_executor.py
[2026-09-30T21:02:25.822+0000] {processor.py:743} INFO - Processing file /home/airflow/.local/lib/python3.7/site-packages/airflow/example_dags/example_kubernetes_executor.py for tasks to queue
[2026-09-30T21:02:25.822+0000] {logging_mixin.py:137} INFO - [2026-09-30T21:02:25.822+0000] {dagbag.py:538} INFO - Filling up the DagBag from /home/airflow/.local/lib/python3.7/site-packages/airflow/example_dags/example_kubernetes_executor.py
[2026-09-30T21:02:25.858+0000] {processor.py:753} INFO - DAG(s) dict_keys(['example_kubernetes_executor']) retrieved from /home/airflow/.local/lib/python3.7/site-packages/airflow/example_dags/example_kubernetes_executor.py
[2026-09-30T21:02:25.910+0000] {logging_mixin.py:137} INFO - [2026-09-30T21:02:25.909+0000] {dag.py:2676} INFO - Sync 1 DAGs
[2026-09-30T21:02:25.941+0000] {logging_mixin.py:137} INFO - [2026-09-30T21:02:25.941+0000] {dag.py:3427} INFO - Setting next_dagrun for example_kubernetes_executor to None, run_after=None
[2026-09-30T21:02:25.962+0000] {processor.py:175} INFO - Processing /home/airflow/.local/lib/python3.7/site-packages/airflow/example_dags/example_kubernetes_executor.py took 0.145 seconds
[2026-09-30T21:02:56.103+0000] {processor.py:153} INFO - Started process (PID=18731) to work on /home/airflow/.local/lib/python3.7/site-packages/airflow/example_dags/example_kubernetes_executor.py
[2026-09-30T21:02:56.104+0000] {processor.py:743} INFO - Processing file /home/airflow/.local/lib/python3.7/site-packages/airflow/example_dags/example_kubernetes_executor.py for tasks to queue
[2026-09-30T21:02:56.105+0000] {logging_mixin.py:137} INFO - [2026-09-30T21:02:56.105+0000] {dagbag.py:538} INFO - Filling up the DagBag from /home/airflow/.local/lib/python3.7/site-packages/airflow/example_dags/example_kubernetes_executor.py
[2026-09-30T21:02:56.160+0000] {processor.py:753} INFO - DAG(s) dict_keys(['example_kubernetes_executor']) retrieved from /home/airflow/.local/lib/python3.7/site-packages/airflow/example_dags/example_kubernetes_executor.py
[2026-09-30T21:02:56.239+0000] {logging_mixin.py:137} INFO - [2026-09-30T21:02:56.238+0000] {dag.py:2676} INFO - Sync 1 DAGs
[2026-09-30T21:02:56.285+0000] {logging_mixin.py:137} INFO - [2026-09-30T21:02:56.285+0000] {dag.py:3427} INFO - Setting next_dagrun for example_kubernetes_executor to None, run_after=None
[2026-09-30T21:02:56.318+0000] {processor.py:175} INFO - Processing /home/airflow/.local/lib/python3.7/site-packages/airflow/example_dags/example_kubernetes_executor.py took 0.219 seconds
[2026-09-30T21:03:27.125+0000] {processor.py:153} INFO - Started process (PID=18810) to work on /home/airflow/.local/lib/python3.7/site-packages/airflow/example_dags/example_kubernetes_executor.py
[2026-09-30T21:03:27.126+0000] {processor.py:743} INFO - Processing file /home/airflow/.local/lib/python3.7/site-packages/airflow/example_dags/example_kubernetes_executor.py for tasks to queue
[2026-09-30T21:03:27.127+0000] {logging_mixin.py:137} INFO - [2026-09-30T21:03:27.127+0000] {dagbag.py:538} INFO - Filling up the DagBag from /home/airflow/.local/lib/python3.7/site-packages/airflow/example_dags/example_kubernetes_executor.py
[2026-09-30T21:03:27.176+0000] {processor.py:753} INFO - DAG(s) dict_keys(['example_kubernetes_executor']) retrieved from /home/airflow/.local/lib/python3.7/site-packages/airflow/example_dags/example_kubernetes_executor.py
[2026-09-30T21:03:27.252+0000] {logging_mixin.py:137} INFO - [2026-09-30T21:03:27.252+0000] {dag.py:2676} INFO - Sync 1 DAGs
[2026-09-30T21:03:27.302+0000] {logging_mixin.py:137} INFO - [2026-09-30T21:03:27.301+0000] {dag.py:3427} INFO - Setting next_dagrun for example_kubernetes_executor to None, run_after=None
[2026-09-30T21:03:27.334+0000] {processor.py:175} INFO - Processing /home/airflow/.local/lib/python3.7/site-packages/airflow/example_dags/example_kubernetes_executor.py took 0.212 seconds
[2026-09-30T21:03:57.925+0000] {processor.py:153} INFO - Started process (PID=18909) to work on /home/airflow/.local/lib/python3.7/site-packages/airflow/example_dags/example_kubernetes_executor.py
[2026-09-30T21:03:57.926+0000] {processor.py:743} INFO - Processing file /home/airflow/.local/lib/python3.7/site-packages/airflow/example_dags/example_kubernetes_executor.py for tasks to queue
[2026-09-30T21:03:57.927+0000] {logging_mixin.py:137} INFO - [2026-09-30T21:03:57.927+0000] {dagbag.py:538} INFO - Filling up the DagBag from /home/airflow/.local/lib/python3.7/site-packages/airflow/example_dags/example_kubernetes_executor.py
[2026-09-30T21:03:57.973+0000] {processor.py:753} INFO - DAG(s) dict_keys(['example_kubernetes_executor']) retrieved from /home/airflow/.local/lib/python3.7/site-packages/airflow/example_dags/example_kubernetes_executor.py
[2026-09-30T21:03:58.037+0000] {logging_mixin.py:137} INFO - [2026-09-30T21:03:58.037+0000] {dag.py:2676} INFO - Sync 1 DAGs
[2026-09-30T21:03:58.079+0000] {logging_mixin.py:137} INFO - [2026-09-30T21:03:58.079+0000] {dag.py:3427} INFO - Setting next_dagrun for example_kubernetes_executor to None, run_after=None
[2026-09-30T21:03:58.105+0000] {processor.py:175} INFO - Processing /home/airflow/.local/lib/python3.7/site-packages/airflow/example_dags/example_kubernetes_executor.py took 0.185 seconds
[2026-09-30T21:04:28.269+0000] {processor.py:153} INFO - Started process (PID=18989) to work on /home/airflow/.local/lib/python3.7/site-packages/airflow/example_dags/example_kubernetes_executor.py
[2026-09-30T21:04:28.270+0000] {processor.py:743} INFO - Processing file /home/airflow/.local/lib/python3.7/site-packages/airflow/example_dags/example_kubernetes_executor.py for tasks to queue
[2026-09-30T21:04:28.271+0000] {logging_mixin.py:137} INFO - [2026-09-30T21:04:28.271+0000] {dagbag.py:538} INFO - Filling up the DagBag from /home/airflow/.local/lib/python3.7/site-packages/airflow/example_dags/example_kubernetes_executor.py
[2026-09-30T21:04:28.328+0000] {processor.py:753} INFO - DAG(s) dict_keys(['example_kubernetes_executor']) retrieved from /home/airflow/.local/lib/python3.7/site-packages/airflow/example_dags/example_kubernetes_executor.py
[2026-09-30T21:04:28.410+0000] {logging_mixin.py:137} INFO - [2026-09-30T21:04:28.410+0000] {dag.py:2676} INFO - Sync 1 DAGs
[2026-09-30T21:04:28.449+0000] {logging_mixin.py:137} INFO - [2026-09-30T21:04:28.449+0000] {dag.py:3427} INFO - Setting next_dagrun for example_kubernetes_executor to None, run_after=None
[2026-09-30T21:04:28.474+0000] {processor.py:175} INFO - Processing /home/airflow/.local/lib/python3.7/site-packages/airflow/example_dags/example_kubernetes_executor.py took 0.211 seconds
[2026-09-30T21:04:58.589+0000] {processor.py:153} INFO - Started process (PID=19068) to work on /home/airflow/.local/lib/python3.7/site-packages/airflow/example_dags/example_kubernetes_executor.py
[2026-09-30T21:04:58.591+0000] {processor.py:743} INFO - Processing file /home/airflow/.local/lib/python3.7/site-packages/airflow/example_dags/example_kubernetes_executor.py for tasks to queue
[2026-09-30T21:04:58.592+0000] {logging_mixin.py:137} INFO - [2026-09-30T21:04:58.592+0000] {dagbag.py:538} INFO - Filling up the DagBag from /home/airflow/.local/lib/python3.7/site-packages/airflow/example_dags/example_kubernetes_executor.py
[2026-09-30T21:04:58.650+0000] {processor.py:753} INFO - DAG(s) dict_keys(['example_kubernetes_executor']) retrieved from /home/airflow/.local/lib/python3.7/site-packages/airflow/example_dags/example_kubernetes_executor.py
[2026-09-30T21:04:58.731+0000] {logging_mixin.py:137} INFO - [2026-09-30T21:04:58.731+0000] {dag.py:2676} INFO - Sync 1 DAGs
[2026-09-30T21:04:58.778+0000] {logging_mixin.py:137} INFO - [2026-09-30T21:04:58.777+0000] {dag.py:3427} INFO - Setting next_dagrun for example_kubernetes_executor to None, run_after=None
[2026-09-30T21:04:58.808+0000] {processor.py:175} INFO - Processing /home/airflow/.local/lib/python3.7/site-packages/airflow/example_dags/example_kubernetes_executor.py took 0.224 seconds
[2026-09-30T21:05:28.970+0000] {processor.py:153} INFO - Started process (PID=19156) to work on /home/airflow/.local/lib/python3.7/site-packages/airflow/example_dags/example_kubernetes_executor.py
[2026-09-30T21:05:28.971+0000] {processor.py:743} INFO - Processing file /home/airflow/.local/lib/python3.7/site-packages/airflow/example_dags/example_kubernetes_executor.py for tasks to queue
[2026-09-30T21:05:28.972+0000] {logging_mixin.py:137} INFO - [2026-09-30T21:05:28.971+0000] {dagbag.py:538} INFO - Filling up the DagBag from /home/airflow/.local/lib/python3.7/site-packages/airflow/example_dags/example_kubernetes_executor.py
[2026-09-30T21:05:29.009+0000] {processor.py:753} INFO - DAG(s) dict_keys(['example_kubernetes_executor']) retrieved from /home/airflow/.local/lib/python3.7/site-packages/airflow/example_dags/example_kubernetes_executor.py
[2026-09-30T21:05:29.062+0000] {logging_mixin.py:137} INFO - [2026-09-30T21:05:29.061+0000] {dag.py:2676} INFO - Sync 1 DAGs
[2026-09-30T21:05:29.096+0000] {logging_mixin.py:137} INFO - [2026-09-30T21:05:29.096+0000] {dag.py:3427} INFO - Setting next_dagrun for example_kubernetes_executor to None, run_after=None
[2026-09-30T21:05:29.129+0000] {processor.py:175} INFO - Processing /home/airflow/.local/lib/python3.7/site-packages/airflow/example_dags/example_kubernetes_executor.py took 0.163 seconds
[2026-09-30T21:05:59.540+0000] {processor.py:153} INFO - Started process (PID=19246) to work on /home/airflow/.local/lib/python3.7/site-packages/airflow/example_dags/example_kubernetes_executor.py
[2026-09-30T21:05:59.541+0000] {processor.py:743} INFO - Processing file /home/airflow/.local/lib/python3.7/site-packages/airflow/example_dags/example_kubernetes_executor.py for tasks to queue
[2026-09-30T21:05:59.542+0000] {logging_mixin.py:137} INFO - [2026-09-30T21:05:59.542+0000] {dagbag.py:538} INFO - Filling up the DagBag from /home/airflow/.local/lib/python3.7/site-packages/airflow/example_dags/example_kubernetes_executor.py
[2026-09-30T21:05:59.580+0000] {processor.py:753} INFO - DAG(s) dict_keys(['example_kubernetes_executor']) retrieved from /home/airflow/.local/lib/python3.7/site-packages/airflow/example_dags/example_kubernetes_executor.py
[2026-09-30T21:05:59.632+0000] {logging_mixin.py:137} INFO - [2026-09-30T21:05:59.632+0000] {dag.py:2676} INFO - Sync 1 DAGs
[2026-09-30T21:05:59.665+0000] {logging_mixin.py:137} INFO - [2026-09-30T21:05:59.665+0000] {dag.py:3427} INFO - Setting next_dagrun for example_kubernetes_executor to None, run_after=None
[2026-09-30T21:05:59.689+0000] {processor.py:175} INFO - Processing /home/airflow/.local/lib/python3.7/site-packages/airflow/example_dags/example_kubernetes_executor.py took 0.153 seconds
[2026-09-30T21:06:30.511+0000] {processor.py:153} INFO - Started process (PID=19325) to work on /home/airflow/.local/lib/python3.7/site-packages/airflow/example_dags/example_kubernetes_executor.py
[2026-09-30T21:06:30.513+0000] {processor.py:743} INFO - Processing file /home/airflow/.local/lib/python3.7/site-packages/airflow/example_dags/example_kubernetes_executor.py for tasks to queue
[2026-09-30T21:06:30.513+0000] {logging_mixin.py:137} INFO - [2026-09-30T21:06:30.513+0000] {dagbag.py:538} INFO - Filling up the DagBag from /home/airflow/.local/lib/python3.7/site-packages/airflow/example_dags/example_kubernetes_executor.py
[2026-09-30T21:06:30.569+0000] {processor.py:753} INFO - DAG(s) dict_keys(['example_kubernetes_executor']) retrieved from /home/airflow/.local/lib/python3.7/site-packages/airflow/example_dags/example_kubernetes_executor.py
[2026-09-30T21:06:30.640+0000] {logging_mixin.py:137} INFO - [2026-09-30T21:06:30.639+0000] {dag.py:2676} INFO - Sync 1 DAGs
[2026-09-30T21:06:30.684+0000] {logging_mixin.py:137} INFO - [2026-09-30T21:06:30.684+0000] {dag.py:3427} INFO - Setting next_dagrun for example_kubernetes_executor to None, run_after=None
[2026-09-30T21:06:30.713+0000] {processor.py:175} INFO - Processing /home/airflow/.local/lib/python3.7/site-packages/airflow/example_dags/example_kubernetes_executor.py took 0.208 seconds
[2026-09-30T21:07:00.880+0000] {processor.py:153} INFO - Started process (PID=19404) to work on /home/airflow/.local/lib/python3.7/site-packages/airflow/example_dags/example_kubernetes_executor.py
[2026-09-30T21:07:00.881+0000] {processor.py:743} INFO - Processing file /home/airflow/.local/lib/python3.7/site-packages/airflow/example_dags/example_kubernetes_executor.py for tasks to queue
[2026-09-30T21:07:00.882+0000] {logging_mixin.py:137} INFO - [2026-09-30T21:07:00.882+0000] {dagbag.py:538} INFO - Filling up the DagBag from /home/airflow/.local/lib/python3.7/site-packages/airflow/example_dags/example_kubernetes_executor.py
[2026-09-30T21:07:00.934+0000] {processor.py:753} INFO - DAG(s) dict_keys(['example_kubernetes_executor']) retrieved from /home/airflow/.local/lib/python3.7/site-packages/airflow/example_dags/example_kubernetes_executor.py
[2026-09-30T21:07:00.996+0000] {logging_mixin.py:137} INFO - [2026-09-30T21:07:00.996+0000] {dag.py:2676} INFO - Sync 1 DAGs
[2026-09-30T21:07:01.032+0000] {logging_mixin.py:137} INFO - [2026-09-30T21:07:01.032+0000] {dag.py:3427} INFO - Setting next_dagrun for example_kubernetes_executor to None, run_after=None
[2026-09-30T21:07:01.057+0000] {processor.py:175} INFO - Processing /home/airflow/.local/lib/python3.7/site-packages/airflow/example_dags/example_kubernetes_executor.py took 0.181 seconds
[2026-09-30T21:07:31.546+0000] {processor.py:153} INFO - Started process (PID=19503) to work on /home/airflow/.local/lib/python3.7/site-packages/airflow/example_dags/example_kubernetes_executor.py
[2026-09-30T21:07:31.548+0000] {processor.py:743} INFO - Processing file /home/airflow/.local/lib/python3.7/site-packages/airflow/example_dags/example_kubernetes_executor.py for tasks to queue
[2026-09-30T21:07:31.548+0000] {logging_mixin.py:137} INFO - [2026-09-30T21:07:31.548+0000] {dagbag.py:538} INFO - Filling up the DagBag from /home/airflow/.local/lib/python3.7/site-packages/airflow/example_dags/example_kubernetes_executor.py
[2026-09-30T21:07:31.591+0000] {processor.py:753} INFO - DAG(s) dict_keys(['example_kubernetes_executor']) retrieved from /home/airflow/.local/lib/python3.7/site-packages/airflow/example_dags/example_kubernetes_executor.py
[2026-09-30T21:07:31.666+0000] {logging_mixin.py:137} INFO - [2026-09-30T21:07:31.665+0000] {dag.py:2676} INFO - Sync 1 DAGs
[2026-09-30T21:07:31.696+0000] {logging_mixin.py:137} INFO - [2026-09-30T21:07:31.696+0000] {dag.py:3427} INFO - Setting next_dagrun for example_kubernetes_executor to None, run_after=None
[2026-09-30T21:07:31.720+0000] {processor.py:175} INFO - Processing /home/airflow/.local/lib/python3.7/site-packages/airflow/example_dags/example_kubernetes_executor.py took 0.177 seconds
[2026-09-30T21:08:02.419+0000] {processor.py:153} INFO - Started process (PID=19582) to work on /home/airflow/.local/lib/python3.7/site-packages/airflow/example_dags/example_kubernetes_executor.py
[2026-09-30T21:08:02.421+0000] {processor.py:743} INFO - Processing file /home/airflow/.local/lib/python3.7/site-packages/airflow/example_dags/example_kubernetes_executor.py for tasks to queue
[2026-09-30T21:08:02.422+0000] {logging_mixin.py:137} INFO - [2026-09-30T21:08:02.422+0000] {dagbag.py:538} INFO - Filling up the DagBag from /home/airflow/.local/lib/python3.7/site-packages/airflow/example_dags/example_kubernetes_executor.py
[2026-09-30T21:08:02.481+0000] {processor.py:753} INFO - DAG(s) dict_keys(['example_kubernetes_executor']) retrieved from /home/airflow/.local/lib/python3.7/site-packages/airflow/example_dags/example_kubernetes_executor.py
[2026-09-30T21:08:02.537+0000] {logging_mixin.py:137} INFO - [2026-09-30T21:08:02.536+0000] {dag.py:2676} INFO - Sync 1 DAGs
[2026-09-30T21:08:02.573+0000] {logging_mixin.py:137} INFO - [2026-09-30T21:08:02.573+0000] {dag.py:3427} INFO - Setting next_dagrun for example_kubernetes_executor to None, run_after=None
[2026-09-30T21:08:02.597+0000] {processor.py:175} INFO - Processing /home/airflow/.local/lib/python3.7/site-packages/airflow/example_dags/example_kubernetes_executor.py took 0.183 seconds
[2026-09-30T21:08:33.337+0000] {processor.py:153} INFO - Started process (PID=19661) to work on /home/airflow/.local/lib/python3.7/site-packages/airflow/example_dags/example_kubernetes_executor.py
[2026-09-30T21:08:33.339+0000] {processor.py:743} INFO - Processing file /home/airflow/.local/lib/python3.7/site-packages/airflow/example_dags/example_kubernetes_executor.py for tasks to queue
[2026-09-30T21:08:33.339+0000] {logging_mixin.py:137} INFO - [2026-09-30T21:08:33.339+0000] {dagbag.py:538} INFO - Filling up the DagBag from /home/airflow/.local/lib/python3.7/site-packages/airflow/example_dags/example_kubernetes_executor.py
[2026-09-30T21:08:33.379+0000] {processor.py:753} INFO - DAG(s) dict_keys(['example_kubernetes_executor']) retrieved from /home/airflow/.local/lib/python3.7/site-packages/airflow/example_dags/example_kubernetes_executor.py
[2026-09-30T21:08:33.437+0000] {logging_mixin.py:137} INFO - [2026-09-30T21:08:33.437+0000] {dag.py:2676} INFO - Sync 1 DAGs
[2026-09-30T21:08:33.468+0000] {logging_mixin.py:137} INFO - [2026-09-30T21:08:33.468+0000] {dag.py:3427} INFO - Setting next_dagrun for example_kubernetes_executor to None, run_after=None
[2026-09-30T21:08:33.490+0000] {processor.py:175} INFO - Processing /home/airflow/.local/lib/python3.7/site-packages/airflow/example_dags/example_kubernetes_executor.py took 0.160 seconds
[2026-09-30T21:09:03.664+0000] {processor.py:153} INFO - Started process (PID=19740) to work on /home/airflow/.local/lib/python3.7/site-packages/airflow/example_dags/example_kubernetes_executor.py
[2026-09-30T21:09:03.665+0000] {processor.py:743} INFO - Processing file /home/airflow/.local/lib/python3.7/site-packages/airflow/example_dags/example_kubernetes_executor.py for tasks to queue
[2026-09-30T21:09:03.667+0000] {logging_mixin.py:137} INFO - [2026-09-30T21:09:03.667+0000] {dagbag.py:538} INFO - Filling up the DagBag from /home/airflow/.local/lib/python3.7/site-packages/airflow/example_dags/example_kubernetes_executor.py
[2026-09-30T21:09:03.727+0000] {processor.py:753} INFO - DAG(s) dict_keys(['example_kubernetes_executor']) retrieved from /home/airflow/.local/lib/python3.7/site-packages/airflow/example_dags/example_kubernetes_executor.py
[2026-09-30T21:09:03.789+0000] {logging_mixin.py:137} INFO - [2026-09-30T21:09:03.789+0000] {dag.py:2676} INFO - Sync 1 DAGs
[2026-09-30T21:09:03.819+0000] {logging_mixin.py:137} INFO - [2026-09-30T21:09:03.819+0000] {dag.py:3427} INFO - Setting next_dagrun for example_kubernetes_executor to None, run_after=None
[2026-09-30T21:09:03.841+0000] {processor.py:175} INFO - Processing /home/airflow/.local/lib/python3.7/site-packages/airflow/example_dags/example_kubernetes_executor.py took 0.184 seconds
[2026-09-30T21:09:34.111+0000] {processor.py:153} INFO - Started process (PID=19839) to work on /home/airflow/.local/lib/python3.7/site-packages/airflow/example_dags/example_kubernetes_executor.py
[2026-09-30T21:09:34.113+0000] {processor.py:743} INFO - Processing file /home/airflow/.local/lib/python3.7/site-packages/airflow/example_dags/example_kubernetes_executor.py for tasks to queue
[2026-09-30T21:09:34.114+0000] {logging_mixin.py:137} INFO - [2026-09-30T21:09:34.114+0000] {dagbag.py:538} INFO - Filling up the DagBag from /home/airflow/.local/lib/python3.7/site-packages/airflow/example_dags/example_kubernetes_executor.py
[2026-09-30T21:09:34.179+0000] {processor.py:753} INFO - DAG(s) dict_keys(['example_kubernetes_executor']) retrieved from /home/airflow/.local/lib/python3.7/site-packages/airflow/example_dags/example_kubernetes_executor.py
[2026-09-30T21:09:34.241+0000] {logging_mixin.py:137} INFO - [2026-09-30T21:09:34.241+0000] {dag.py:2676} INFO - Sync 1 DAGs
[2026-09-30T21:09:34.275+0000] {logging_mixin.py:137} INFO - [2026-09-30T21:09:34.275+0000] {dag.py:3427} INFO - Setting next_dagrun for example_kubernetes_executor to None, run_after=None
[2026-09-30T21:09:34.297+0000] {processor.py:175} INFO - Processing /home/airflow/.local/lib/python3.7/site-packages/airflow/example_dags/example_kubernetes_executor.py took 0.194 seconds
[2026-09-30T21:10:05.159+0000] {processor.py:153} INFO - Started process (PID=19918) to work on /home/airflow/.local/lib/python3.7/site-packages/airflow/example_dags/example_kubernetes_executor.py
[2026-09-30T21:10:05.160+0000] {processor.py:743} INFO - Processing file /home/airflow/.local/lib/python3.7/site-packages/airflow/example_dags/example_kubernetes_executor.py for tasks to queue
[2026-09-30T21:10:05.161+0000] {logging_mixin.py:137} INFO - [2026-09-30T21:10:05.161+0000] {dagbag.py:538} INFO - Filling up the DagBag from /home/airflow/.local/lib/python3.7/site-packages/airflow/example_dags/example_kubernetes_executor.py
[2026-09-30T21:10:05.199+0000] {processor.py:753} INFO - DAG(s) dict_keys(['example_kubernetes_executor']) retrieved from /home/airflow/.local/lib/python3.7/site-packages/airflow/example_dags/example_kubernetes_executor.py
[2026-09-30T21:10:05.250+0000] {logging_mixin.py:137} INFO - [2026-09-30T21:10:05.250+0000] {dag.py:2676} INFO - Sync 1 DAGs
[2026-09-30T21:10:05.282+0000] {logging_mixin.py:137} INFO - [2026-09-30T21:10:05.282+0000] {dag.py:3427} INFO - Setting next_dagrun for example_kubernetes_executor to None, run_after=None
[2026-09-30T21:10:05.302+0000] {processor.py:175} INFO - Processing /home/airflow/.local/lib/python3.7/site-packages/airflow/example_dags/example_kubernetes_executor.py took 0.147 seconds
[2026-09-30T21:10:35.408+0000] {processor.py:153} INFO - Started process (PID=19997) to work on /home/airflow/.local/lib/python3.7/site-packages/airflow/example_dags/example_kubernetes_executor.py
[2026-09-30T21:10:35.410+0000] {processor.py:743} INFO - Processing file /home/airflow/.local/lib/python3.7/site-packages/airflow/example_dags/example_kubernetes_executor.py for tasks to queue
[2026-09-30T21:10:35.411+0000] {logging_mixin.py:137} INFO - [2026-09-30T21:10:35.411+0000] {dagbag.py:538} INFO - Filling up the DagBag from /home/airflow/.local/lib/python3.7/site-packages/airflow/example_dags/example_kubernetes_executor.py
[2026-09-30T21:10:35.470+0000] {processor.py:753} INFO - DAG(s) dict_keys(['example_kubernetes_executor']) retrieved from /home/airflow/.local/lib/python3.7/site-packages/airflow/example_dags/example_kubernetes_executor.py
[2026-09-30T21:10:35.544+0000] {logging_mixin.py:137} INFO - [2026-09-30T21:10:35.544+0000] {dag.py:2676} INFO - Sync 1 DAGs
[2026-09-30T21:10:35.579+0000] {logging_mixin.py:137} INFO - [2026-09-30T21:10:35.579+0000] {dag.py:3427} INFO - Setting next_dagrun for example_kubernetes_executor to None, run_after=None
[2026-09-30T21:10:35.599+0000] {processor.py:175} INFO - Processing /home/airflow/.local/lib/python3.7/site-packages/airflow/example_dags/example_kubernetes_executor.py took 0.197 seconds
[2026-09-30T21:11:05.745+0000] {processor.py:153} INFO - Started process (PID=20076) to work on /home/airflow/.local/lib/python3.7/site-packages/airflow/example_dags/example_kubernetes_executor.py
[2026-09-30T21:11:05.746+0000] {processor.py:743} INFO - Processing file /home/airflow/.local/lib/python3.7/site-packages/airflow/example_dags/example_kubernetes_executor.py for tasks to queue
[2026-09-30T21:11:05.747+0000] {logging_mixin.py:137} INFO - [2026-09-30T21:11:05.747+0000] {dagbag.py:538} INFO - Filling up the DagBag from /home/airflow/.local/lib/python3.7/site-packages/airflow/example_dags/example_kubernetes_executor.py
[2026-09-30T21:11:05.803+0000] {processor.py:753} INFO - DAG(s) dict_keys(['example_kubernetes_executor']) retrieved from /home/airflow/.local/lib/python3.7/site-packages/airflow/example_dags/example_kubernetes_executor.py
[2026-09-30T21:11:05.886+0000] {logging_mixin.py:137} INFO - [2026-09-30T21:11:05.885+0000] {dag.py:2676} INFO - Sync 1 DAGs
[2026-09-30T21:11:05.930+0000] {logging_mixin.py:137} INFO - [2026-09-30T21:11:05.929+0000] {dag.py:3427} INFO - Setting next_dagrun for example_kubernetes_executor to None, run_after=None
[2026-09-30T21:11:05.957+0000] {processor.py:175} INFO - Processing /home/airflow/.local/lib/python3.7/site-packages/airflow/example_dags/example_kubernetes_executor.py took 0.218 seconds
[2026-09-30T21:11:36.049+0000] {processor.py:153} INFO - Started process (PID=20176) to work on /home/airflow/.local/lib/python3.7/site-packages/airflow/example_dags/example_kubernetes_executor.py
[2026-09-30T21:11:36.050+0000] {processor.py:743} INFO - Processing file /home/airflow/.local/lib/python3.7/site-packages/airflow/example_dags/example_kubernetes_executor.py for tasks to queue
[2026-09-30T21:11:36.050+0000] {logging_mixin.py:137} INFO - [2026-09-30T21:11:36.050+0000] {dagbag.py:538} INFO - Filling up the DagBag from /home/airflow/.local/lib/python3.7/site-packages/airflow/example_dags/example_kubernetes_executor.py
[2026-09-30T21:11:36.077+0000] {processor.py:753} INFO - DAG(s) dict_keys(['example_kubernetes_executor']) retrieved from /home/airflow/.local/lib/python3.7/site-packages/airflow/example_dags/example_kubernetes_executor.py
[2026-09-30T21:11:36.119+0000] {logging_mixin.py:137} INFO - [2026-09-30T21:11:36.119+0000] {dag.py:2676} INFO - Sync 1 DAGs
[2026-09-30T21:11:36.143+0000] {logging_mixin.py:137} INFO - [2026-09-30T21:11:36.143+0000] {dag.py:3427} INFO - Setting next_dagrun for example_kubernetes_executor to None, run_after=None
[2026-09-30T21:11:36.163+0000] {processor.py:175} INFO - Processing /home/airflow/.local/lib/python3.7/site-packages/airflow/example_dags/example_kubernetes_executor.py took 0.117 seconds
[2026-09-30T21:12:06.397+0000] {processor.py:153} INFO - Started process (PID=20254) to work on /home/airflow/.local/lib/python3.7/site-packages/airflow/example_dags/example_kubernetes_executor.py
[2026-09-30T21:12:06.398+0000] {processor.py:743} INFO - Processing file /home/airflow/.local/lib/python3.7/site-packages/airflow/example_dags/example_kubernetes_executor.py for tasks to queue
[2026-09-30T21:12:06.398+0000] {logging_mixin.py:137} INFO - [2026-09-30T21:12:06.398+0000] {dagbag.py:538} INFO - Filling up the DagBag from /home/airflow/.local/lib/python3.7/site-packages/airflow/example_dags/example_kubernetes_executor.py
[2026-09-30T21:12:06.444+0000] {processor.py:753} INFO - DAG(s) dict_keys(['example_kubernetes_executor']) retrieved from /home/airflow/.local/lib/python3.7/site-packages/airflow/example_dags/example_kubernetes_executor.py
[2026-09-30T21:12:06.511+0000] {logging_mixin.py:137} INFO - [2026-09-30T21:12:06.511+0000] {dag.py:2676} INFO - Sync 1 DAGs
[2026-09-30T21:12:06.553+0000] {logging_mixin.py:137} INFO - [2026-09-30T21:12:06.552+0000] {dag.py:3427} INFO - Setting next_dagrun for example_kubernetes_executor to None, run_after=None
[2026-09-30T21:12:06.578+0000] {processor.py:175} INFO - Processing /home/airflow/.local/lib/python3.7/site-packages/airflow/example_dags/example_kubernetes_executor.py took 0.185 seconds
[2026-09-30T21:12:37.433+0000] {processor.py:153} INFO - Started process (PID=20333) to work on /home/airflow/.local/lib/python3.7/site-packages/airflow/example_dags/example_kubernetes_executor.py
[2026-09-30T21:12:37.434+0000] {processor.py:743} INFO - Processing file /home/airflow/.local/lib/python3.7/site-packages/airflow/example_dags/example_kubernetes_executor.py for tasks to queue
[2026-09-30T21:12:37.435+0000] {logging_mixin.py:137} INFO - [2026-09-30T21:12:37.435+0000] {dagbag.py:538} INFO - Filling up the DagBag from /home/airflow/.local/lib/python3.7/site-packages/airflow/example_dags/example_kubernetes_executor.py
[2026-09-30T21:12:37.474+0000] {processor.py:753} INFO - DAG(s) dict_keys(['example_kubernetes_executor']) retrieved from /home/airflow/.local/lib/python3.7/site-packages/airflow/example_dags/example_kubernetes_executor.py
[2026-09-30T21:12:37.531+0000] {logging_mixin.py:137} INFO - [2026-09-30T21:12:37.531+0000] {dag.py:2676} INFO - Sync 1 DAGs
[2026-09-30T21:12:37.566+0000] {logging_mixin.py:137} INFO - [2026-09-30T21:12:37.566+0000] {dag.py:3427} INFO - Setting next_dagrun for example_kubernetes_executor to None, run_after=None
[2026-09-30T21:12:37.591+0000] {processor.py:175} INFO - Processing /home/airflow/.local/lib/python3.7/site-packages/airflow/example_dags/example_kubernetes_executor.py took 0.163 seconds
[2026-09-30T21:13:07.684+0000] {processor.py:153} INFO - Started process (PID=20412) to work on /home/airflow/.local/lib/python3.7/site-packages/airflow/example_dags/example_kubernetes_executor.py
[2026-09-30T21:13:07.685+0000] {processor.py:743} INFO - Processing file /home/airflow/.local/lib/python3.7/site-packages/airflow/example_dags/example_kubernetes_executor.py for tasks to queue
[2026-09-30T21:13:07.686+0000] {logging_mixin.py:137} INFO - [2026-09-30T21:13:07.686+0000] {dagbag.py:538} INFO - Filling up the DagBag from /home/airflow/.local/lib/python3.7/site-packages/airflow/example_dags/example_kubernetes_executor.py
[2026-09-30T21:13:07.734+0000] {processor.py:753} INFO - DAG(s) dict_keys(['example_kubernetes_executor']) retrieved from /home/airflow/.local/lib/python3.7/site-packages/airflow/example_dags/example_kubernetes_executor.py
[2026-09-30T21:13:07.786+0000] {logging_mixin.py:137} INFO - [2026-09-30T21:13:07.785+0000] {dag.py:2676} INFO - Sync 1 DAGs
[2026-09-30T21:13:07.827+0000] {logging_mixin.py:137} INFO - [2026-09-30T21:13:07.827+0000] {dag.py:3427} INFO - Setting next_dagrun for example_kubernetes_executor to None, run_after=None
[2026-09-30T21:13:07.846+0000] {processor.py:175} INFO - Processing /home/airflow/.local/lib/python3.7/site-packages/airflow/example_dags/example_kubernetes_executor.py took 0.165 seconds
[2026-09-30T21:13:38.377+0000] {processor.py:153} INFO - Started process (PID=20511) to work on /home/airflow/.local/lib/python3.7/site-packages/airflow/example_dags/example_kubernetes_executor.py
[2026-09-30T21:13:38.378+0000] {processor.py:743} INFO - Processing file /home/airflow/.local/lib/python3.7/site-packages/airflow/example_dags/example_kubernetes_executor.py for tasks to queue
[2026-09-30T21:13:38.379+0000] {logging_mixin.py:137} INFO - [2026-09-30T21:13:38.379+0000] {dagbag.py:538} INFO - Filling up the DagBag from /home/airflow/.local/lib/python3.7/site-packages/airflow/example_dags/example_kubernetes_executor.py
[2026-09-30T21:13:38.420+0000] {processor.py:753} INFO - DAG(s) dict_keys(['example_kubernetes_executor']) retrieved from /home/airflow/.local/lib/python3.7/site-packages/airflow/example_dags/example_kubernetes_executor.py
[2026-09-30T21:13:38.484+0000] {logging_mixin.py:137} INFO - [2026-09-30T21:13:38.484+0000] {dag.py:2676} INFO - Sync 1 DAGs
[2026-09-30T21:13:38.526+0000] {logging_mixin.py:137} INFO - [2026-09-30T21:13:38.526+0000] {dag.py:3427} INFO - Setting next_dagrun for example_kubernetes_executor to None, run_after=None
[2026-09-30T21:13:38.558+0000] {processor.py:175} INFO - Processing /home/airflow/.local/lib/python3.7/site-packages/airflow/example_dags/example_kubernetes_executor.py took 0.185 seconds
[2026-09-30T21:14:08.923+0000] {processor.py:153} INFO - Started process (PID=20590) to work on /home/airflow/.local/lib/python3.7/site-packages/airflow/example_dags/example_kubernetes_executor.py
[2026-09-30T21:14:08.924+0000] {processor.py:743} INFO - Processing file /home/airflow/.local/lib/python3.7/site-packages/airflow/example_dags/example_kubernetes_executor.py for tasks to queue
[2026-09-30T21:14:08.925+0000] {logging_mixin.py:137} INFO - [2026-09-30T21:14:08.925+0000] {dagbag.py:538} INFO - Filling up the DagBag from /home/airflow/.local/lib/python3.7/site-packages/airflow/example_dags/example_kubernetes_executor.py
[2026-09-30T21:14:08.972+0000] {processor.py:753} INFO - DAG(s) dict_keys(['example_kubernetes_executor']) retrieved from /home/airflow/.local/lib/python3.7/site-packages/airflow/example_dags/example_kubernetes_executor.py
[2026-09-30T21:14:09.031+0000] {logging_mixin.py:137} INFO - [2026-09-30T21:14:09.031+0000] {dag.py:2676} INFO - Sync 1 DAGs
[2026-09-30T21:14:09.068+0000] {logging_mixin.py:137} INFO - [2026-09-30T21:14:09.067+0000] {dag.py:3427} INFO - Setting next_dagrun for example_kubernetes_executor to None, run_after=None
[2026-09-30T21:14:09.094+0000] {processor.py:175} INFO - Processing /home/airflow/.local/lib/python3.7/site-packages/airflow/example_dags/example_kubernetes_executor.py took 0.177 seconds
[2026-09-30T21:14:39.544+0000] {processor.py:153} INFO - Started process (PID=20669) to work on /home/airflow/.local/lib/python3.7/site-packages/airflow/example_dags/example_kubernetes_executor.py
[2026-09-30T21:14:39.545+0000] {processor.py:743} INFO - Processing file /home/airflow/.local/lib/python3.7/site-packages/airflow/example_dags/example_kubernetes_executor.py for tasks to queue
[2026-09-30T21:14:39.545+0000] {logging_mixin.py:137} INFO - [2026-09-30T21:14:39.545+0000] {dagbag.py:538} INFO - Filling up the DagBag from /home/airflow/.local/lib/python3.7/site-packages/airflow/example_dags/example_kubernetes_executor.py
[2026-09-30T21:14:39.591+0000] {processor.py:753} INFO - DAG(s) dict_keys(['example_kubernetes_executor']) retrieved from /home/airflow/.local/lib/python3.7/site-packages/airflow/example_dags/example_kubernetes_executor.py
[2026-09-30T21:14:39.654+0000] {logging_mixin.py:137} INFO - [2026-09-30T21:14:39.654+0000] {dag.py:2676} INFO - Sync 1 DAGs
[2026-09-30T21:14:39.686+0000] {logging_mixin.py:137} INFO - [2026-09-30T21:14:39.686+0000] {dag.py:3427} INFO - Setting next_dagrun for example_kubernetes_executor to None, run_after=None
[2026-09-30T21:14:39.706+0000] {processor.py:175} INFO - Processing /home/airflow/.local/lib/python3.7/site-packages/airflow/example_dags/example_kubernetes_executor.py took 0.166 seconds
[2026-09-30T21:15:10.348+0000] {processor.py:153} INFO - Started process (PID=20748) to work on /home/airflow/.local/lib/python3.7/site-packages/airflow/example_dags/example_kubernetes_executor.py
[2026-09-30T21:15:10.349+0000] {processor.py:743} INFO - Processing file /home/airflow/.local/lib/python3.7/site-packages/airflow/example_dags/example_kubernetes_executor.py for tasks to queue
[2026-09-30T21:15:10.350+0000] {logging_mixin.py:137} INFO - [2026-09-30T21:15:10.350+0000] {dagbag.py:538} INFO - Filling up the DagBag from /home/airflow/.local/lib/python3.7/site-packages/airflow/example_dags/example_kubernetes_executor.py
[2026-09-30T21:15:10.396+0000] {processor.py:753} INFO - DAG(s) dict_keys(['example_kubernetes_executor']) retrieved from /home/airflow/.local/lib/python3.7/site-packages/airflow/example_dags/example_kubernetes_executor.py
[2026-09-30T21:15:10.450+0000] {logging_mixin.py:137} INFO - [2026-09-30T21:15:10.450+0000] {dag.py:2676} INFO - Sync 1 DAGs
[2026-09-30T21:15:10.502+0000] {logging_mixin.py:137} INFO - [2026-09-30T21:15:10.502+0000] {dag.py:3427} INFO - Setting next_dagrun for example_kubernetes_executor to None, run_after=None
[2026-09-30T21:15:10.533+0000] {processor.py:175} INFO - Processing /home/airflow/.local/lib/python3.7/site-packages/airflow/example_dags/example_kubernetes_executor.py took 0.189 seconds
[2026-09-30T21:15:41.184+0000] {processor.py:153} INFO - Started process (PID=20847) to work on /home/airflow/.local/lib/python3.7/site-packages/airflow/example_dags/example_kubernetes_executor.py
[2026-09-30T21:15:41.185+0000] {processor.py:743} INFO - Processing file /home/airflow/.local/lib/python3.7/site-packages/airflow/example_dags/example_kubernetes_executor.py for tasks to queue
[2026-09-30T21:15:41.186+0000] {logging_mixin.py:137} INFO - [2026-09-30T21:15:41.186+0000] {dagbag.py:538} INFO - Filling up the DagBag from /home/airflow/.local/lib/python3.7/site-packages/airflow/example_dags/example_kubernetes_executor.py
[2026-09-30T21:15:41.230+0000] {processor.py:753} INFO - DAG(s) dict_keys(['example_kubernetes_executor']) retrieved from /home/airflow/.local/lib/python3.7/site-packages/airflow/example_dags/example_kubernetes_executor.py
[2026-09-30T21:15:41.305+0000] {logging_mixin.py:137} INFO - [2026-09-30T21:15:41.304+0000] {dag.py:2676} INFO - Sync 1 DAGs
[2026-09-30T21:15:41.343+0000] {logging_mixin.py:137} INFO - [2026-09-30T21:15:41.343+0000] {dag.py:3427} INFO - Setting next_dagrun for example_kubernetes_executor to None, run_after=None
[2026-09-30T21:15:41.374+0000] {processor.py:175} INFO - Processing /home/airflow/.local/lib/python3.7/site-packages/airflow/example_dags/example_kubernetes_executor.py took 0.194 seconds
[2026-09-30T21:16:11.604+0000] {processor.py:153} INFO - Started process (PID=20926) to work on /home/airflow/.local/lib/python3.7/site-packages/airflow/example_dags/example_kubernetes_executor.py
[2026-09-30T21:16:11.605+0000] {processor.py:743} INFO - Processing file /home/airflow/.local/lib/python3.7/site-packages/airflow/example_dags/example_kubernetes_executor.py for tasks to queue
[2026-09-30T21:16:11.605+0000] {logging_mixin.py:137} INFO - [2026-09-30T21:16:11.605+0000] {dagbag.py:538} INFO - Filling up the DagBag from /home/airflow/.local/lib/python3.7/site-packages/airflow/example_dags/example_kubernetes_executor.py
[2026-09-30T21:16:11.641+0000] {processor.py:753} INFO - DAG(s) dict_keys(['example_kubernetes_executor']) retrieved from /home/airflow/.local/lib/python3.7/site-packages/airflow/example_dags/example_kubernetes_executor.py
[2026-09-30T21:16:11.701+0000] {logging_mixin.py:137} INFO - [2026-09-30T21:16:11.701+0000] {dag.py:2676} INFO - Sync 1 DAGs
[2026-09-30T21:16:11.734+0000] {logging_mixin.py:137} INFO - [2026-09-30T21:16:11.734+0000] {dag.py:3427} INFO - Setting next_dagrun for example_kubernetes_executor to None, run_after=None
[2026-09-30T21:16:11.753+0000] {processor.py:175} INFO - Processing /home/airflow/.local/lib/python3.7/site-packages/airflow/example_dags/example_kubernetes_executor.py took 0.154 seconds
[2026-09-30T21:16:41.939+0000] {processor.py:153} INFO - Started process (PID=21005) to work on /home/airflow/.local/lib/python3.7/site-packages/airflow/example_dags/example_kubernetes_executor.py
[2026-09-30T21:16:41.940+0000] {processor.py:743} INFO - Processing file /home/airflow/.local/lib/python3.7/site-packages/airflow/example_dags/example_kubernetes_executor.py for tasks to queue
[2026-09-30T21:16:41.941+0000] {logging_mixin.py:137} INFO - [2026-09-30T21:16:41.941+0000] {dagbag.py:538} INFO - Filling up the DagBag from /home/airflow/.local/lib/python3.7/site-packages/airflow/example_dags/example_kubernetes_executor.py
[2026-09-30T21:16:41.981+0000] {processor.py:753} INFO - DAG(s) dict_keys(['example_kubernetes_executor']) retrieved from /home/airflow/.local/lib/python3.7/site-packages/airflow/example_dags/example_kubernetes_executor.py
[2026-09-30T21:16:42.051+0000] {logging_mixin.py:137} INFO - [2026-09-30T21:16:42.050+0000] {dag.py:2676} INFO - Sync 1 DAGs
[2026-09-30T21:16:42.084+0000] {logging_mixin.py:137} INFO - [2026-09-30T21:16:42.083+0000] {dag.py:3427} INFO - Setting next_dagrun for example_kubernetes_executor to None, run_after=None
[2026-09-30T21:16:42.108+0000] {processor.py:175} INFO - Processing /home/airflow/.local/lib/python3.7/site-packages/airflow/example_dags/example_kubernetes_executor.py took 0.173 seconds
[2026-09-30T21:17:12.745+0000] {processor.py:153} INFO - Started process (PID=21084) to work on /home/airflow/.local/lib/python3.7/site-packages/airflow/example_dags/example_kubernetes_executor.py
[2026-09-30T21:17:12.746+0000] {processor.py:743} INFO - Processing file /home/airflow/.local/lib/python3.7/site-packages/airflow/example_dags/example_kubernetes_executor.py for tasks to queue
[2026-09-30T21:17:12.747+0000] {logging_mixin.py:137} INFO - [2026-09-30T21:17:12.747+0000] {dagbag.py:538} INFO - Filling up the DagBag from /home/airflow/.local/lib/python3.7/site-packages/airflow/example_dags/example_kubernetes_executor.py
[2026-09-30T21:17:12.804+0000] {processor.py:753} INFO - DAG(s) dict_keys(['example_kubernetes_executor']) retrieved from /home/airflow/.local/lib/python3.7/site-packages/airflow/example_dags/example_kubernetes_executor.py
[2026-09-30T21:17:12.868+0000] {logging_mixin.py:137} INFO - [2026-09-30T21:17:12.868+0000] {dag.py:2676} INFO - Sync 1 DAGs
[2026-09-30T21:17:12.898+0000] {logging_mixin.py:137} INFO - [2026-09-30T21:17:12.898+0000] {dag.py:3427} INFO - Setting next_dagrun for example_kubernetes_executor to None, run_after=None
[2026-09-30T21:17:12.921+0000] {processor.py:175} INFO - Processing /home/airflow/.local/lib/python3.7/site-packages/airflow/example_dags/example_kubernetes_executor.py took 0.180 seconds
[2026-09-30T21:17:43.501+0000] {processor.py:153} INFO - Started process (PID=21183) to work on /home/airflow/.local/lib/python3.7/site-packages/airflow/example_dags/example_kubernetes_executor.py
[2026-09-30T21:17:43.502+0000] {processor.py:743} INFO - Processing file /home/airflow/.local/lib/python3.7/site-packages/airflow/example_dags/example_kubernetes_executor.py for tasks to queue
[2026-09-30T21:17:43.503+0000] {logging_mixin.py:137} INFO - [2026-09-30T21:17:43.503+0000] {dagbag.py:538} INFO - Filling up the DagBag from /home/airflow/.local/lib/python3.7/site-packages/airflow/example_dags/example_kubernetes_executor.py
[2026-09-30T21:17:43.540+0000] {processor.py:753} INFO - DAG(s) dict_keys(['example_kubernetes_executor']) retrieved from /home/airflow/.local/lib/python3.7/site-packages/airflow/example_dags/example_kubernetes_executor.py
[2026-09-30T21:17:43.591+0000] {logging_mixin.py:137} INFO - [2026-09-30T21:17:43.591+0000] {dag.py:2676} INFO - Sync 1 DAGs
[2026-09-30T21:17:43.625+0000] {logging_mixin.py:137} INFO - [2026-09-30T21:17:43.625+0000] {dag.py:3427} INFO - Setting next_dagrun for example_kubernetes_executor to None, run_after=None
[2026-09-30T21:17:43.648+0000] {processor.py:175} INFO - Processing /home/airflow/.local/lib/python3.7/site-packages/airflow/example_dags/example_kubernetes_executor.py took 0.151 seconds
[2026-09-30T21:18:14.092+0000] {processor.py:153} INFO - Started process (PID=21262) to work on /home/airflow/.local/lib/python3.7/site-packages/airflow/example_dags/example_kubernetes_executor.py
[2026-09-30T21:18:14.093+0000] {processor.py:743} INFO - Processing file /home/airflow/.local/lib/python3.7/site-packages/airflow/example_dags/example_kubernetes_executor.py for tasks to queue
[2026-09-30T21:18:14.094+0000] {logging_mixin.py:137} INFO - [2026-09-30T21:18:14.094+0000] {dagbag.py:538} INFO - Filling up the DagBag from /home/airflow/.local/lib/python3.7/site-packages/airflow/example_dags/example_kubernetes_executor.py
[2026-09-30T21:18:14.130+0000] {processor.py:753} INFO - DAG(s) dict_keys(['example_kubernetes_executor']) retrieved from /home/airflow/.local/lib/python3.7/site-packages/airflow/example_dags/example_kubernetes_executor.py
[2026-09-30T21:18:14.190+0000] {logging_mixin.py:137} INFO - [2026-09-30T21:18:14.190+0000] {dag.py:2676} INFO - Sync 1 DAGs
[2026-09-30T21:18:14.230+0000] {logging_mixin.py:137} INFO - [2026-09-30T21:18:14.230+0000] {dag.py:3427} INFO - Setting next_dagrun for example_kubernetes_executor to None, run_after=None
[2026-09-30T21:18:14.250+0000] {processor.py:175} INFO - Processing /home/airflow/.local/lib/python3.7/site-packages/airflow/example_dags/example_kubernetes_executor.py took 0.162 seconds
[2026-09-30T21:18:45.057+0000] {processor.py:153} INFO - Started process (PID=21341) to work on /home/airflow/.local/lib/python3.7/site-packages/airflow/example_dags/example_kubernetes_executor.py
[2026-09-30T21:18:45.059+0000] {processor.py:743} INFO - Processing file /home/airflow/.local/lib/python3.7/site-packages/airflow/example_dags/example_kubernetes_executor.py for tasks to queue
[2026-09-30T21:18:45.060+0000] {logging_mixin.py:137} INFO - [2026-09-30T21:18:45.060+0000] {dagbag.py:538} INFO - Filling up the DagBag from /home/airflow/.local/lib/python3.7/site-packages/airflow/example_dags/example_kubernetes_executor.py
[2026-09-30T21:18:45.104+0000] {processor.py:753} INFO - DAG(s) dict_keys(['example_kubernetes_executor']) retrieved from /home/airflow/.local/lib/python3.7/site-packages/airflow/example_dags/example_kubernetes_executor.py
[2026-09-30T21:18:45.162+0000] {logging_mixin.py:137} INFO - [2026-09-30T21:18:45.162+0000] {dag.py:2676} INFO - Sync 1 DAGs
[2026-09-30T21:18:45.199+0000] {logging_mixin.py:137} INFO - [2026-09-30T21:18:45.198+0000] {dag.py:3427} INFO - Setting next_dagrun for example_kubernetes_executor to None, run_after=None
[2026-09-30T21:18:45.229+0000] {processor.py:175} INFO - Processing /home/airflow/.local/lib/python3.7/site-packages/airflow/example_dags/example_kubernetes_executor.py took 0.177 seconds
[2026-09-30T21:19:16.072+0000] {processor.py:153} INFO - Started process (PID=21440) to work on /home/airflow/.local/lib/python3.7/site-packages/airflow/example_dags/example_kubernetes_executor.py
[2026-09-30T21:19:16.073+0000] {processor.py:743} INFO - Processing file /home/airflow/.local/lib/python3.7/site-packages/airflow/example_dags/example_kubernetes_executor.py for tasks to queue
[2026-09-30T21:19:16.074+0000] {logging_mixin.py:137} INFO - [2026-09-30T21:19:16.074+0000] {dagbag.py:538} INFO - Filling up the DagBag from /home/airflow/.local/lib/python3.7/site-packages/airflow/example_dags/example_kubernetes_executor.py
[2026-09-30T21:19:16.117+0000] {processor.py:753} INFO - DAG(s) dict_keys(['example_kubernetes_executor']) retrieved from /home/airflow/.local/lib/python3.7/site-packages/airflow/example_dags/example_kubernetes_executor.py
[2026-09-30T21:19:16.174+0000] {logging_mixin.py:137} INFO - [2026-09-30T21:19:16.174+0000] {dag.py:2676} INFO - Sync 1 DAGs
[2026-09-30T21:19:16.205+0000] {logging_mixin.py:137} INFO - [2026-09-30T21:19:16.205+0000] {dag.py:3427} INFO - Setting next_dagrun for example_kubernetes_executor to None, run_after=None
[2026-09-30T21:19:16.226+0000] {processor.py:175} INFO - Processing /home/airflow/.local/lib/python3.7/site-packages/airflow/example_dags/example_kubernetes_executor.py took 0.160 seconds
[2026-09-30T21:19:46.915+0000] {processor.py:153} INFO - Started process (PID=21519) to work on /home/airflow/.local/lib/python3.7/site-packages/airflow/example_dags/example_kubernetes_executor.py
[2026-09-30T21:19:46.916+0000] {processor.py:743} INFO - Processing file /home/airflow/.local/lib/python3.7/site-packages/airflow/example_dags/example_kubernetes_executor.py for tasks to queue
[2026-09-30T21:19:46.917+0000] {logging_mixin.py:137} INFO - [2026-09-30T21:19:46.917+0000] {dagbag.py:538} INFO - Filling up the DagBag from /home/airflow/.local/lib/python3.7/site-packages/airflow/example_dags/example_kubernetes_executor.py
[2026-09-30T21:19:46.963+0000] {processor.py:753} INFO - DAG(s) dict_keys(['example_kubernetes_executor']) retrieved from /home/airflow/.local/lib/python3.7/site-packages/airflow/example_dags/example_kubernetes_executor.py
[2026-09-30T21:19:47.021+0000] {logging_mixin.py:137} INFO - [2026-09-30T21:19:47.021+0000] {dag.py:2676} INFO - Sync 1 DAGs
[2026-09-30T21:19:47.067+0000] {logging_mixin.py:137} INFO - [2026-09-30T21:19:47.067+0000] {dag.py:3427} INFO - Setting next_dagrun for example_kubernetes_executor to None, run_after=None
[2026-09-30T21:19:47.095+0000] {processor.py:175} INFO - Processing /home/airflow/.local/lib/python3.7/site-packages/airflow/example_dags/example_kubernetes_executor.py took 0.183 seconds
[2026-09-30T21:20:17.767+0000] {processor.py:153} INFO - Started process (PID=21598) to work on /home/airflow/.local/lib/python3.7/site-packages/airflow/example_dags/example_kubernetes_executor.py
[2026-09-30T21:20:17.768+0000] {processor.py:743} INFO - Processing file /home/airflow/.local/lib/python3.7/site-packages/airflow/example_dags/example_kubernetes_executor.py for tasks to queue
[2026-09-30T21:20:17.769+0000] {logging_mixin.py:137} INFO - [2026-09-30T21:20:17.768+0000] {dagbag.py:538} INFO - Filling up the DagBag from /home/airflow/.local/lib/python3.7/site-packages/airflow/example_dags/example_kubernetes_executor.py
[2026-09-30T21:20:17.809+0000] {processor.py:753} INFO - DAG(s) dict_keys(['example_kubernetes_executor']) retrieved from /home/airflow/.local/lib/python3.7/site-packages/airflow/example_dags/example_kubernetes_executor.py
[2026-09-30T21:20:17.867+0000] {logging_mixin.py:137} INFO - [2026-09-30T21:20:17.867+0000] {dag.py:2676} INFO - Sync 1 DAGs
[2026-09-30T21:20:17.912+0000] {logging_mixin.py:137} INFO - [2026-09-30T21:20:17.912+0000] {dag.py:3427} INFO - Setting next_dagrun for example_kubernetes_executor to None, run_after=None
[2026-09-30T21:20:17.933+0000] {processor.py:175} INFO - Processing /home/airflow/.local/lib/python3.7/site-packages/airflow/example_dags/example_kubernetes_executor.py took 0.170 seconds
[2026-09-30T21:20:48.092+0000] {processor.py:153} INFO - Started process (PID=21686) to work on /home/airflow/.local/lib/python3.7/site-packages/airflow/example_dags/example_kubernetes_executor.py
[2026-09-30T21:20:48.093+0000] {processor.py:743} INFO - Processing file /home/airflow/.local/lib/python3.7/site-packages/airflow/example_dags/example_kubernetes_executor.py for tasks to queue
[2026-09-30T21:20:48.094+0000] {logging_mixin.py:137} INFO - [2026-09-30T21:20:48.094+0000] {dagbag.py:538} INFO - Filling up the DagBag from /home/airflow/.local/lib/python3.7/site-packages/airflow/example_dags/example_kubernetes_executor.py
[2026-09-30T21:20:48.136+0000] {processor.py:753} INFO - DAG(s) dict_keys(['example_kubernetes_executor']) retrieved from /home/airflow/.local/lib/python3.7/site-packages/airflow/example_dags/example_kubernetes_executor.py
[2026-09-30T21:20:48.196+0000] {logging_mixin.py:137} INFO - [2026-09-30T21:20:48.195+0000] {dag.py:2676} INFO - Sync 1 DAGs
[2026-09-30T21:20:48.230+0000] {logging_mixin.py:137} INFO - [2026-09-30T21:20:48.230+0000] {dag.py:3427} INFO - Setting next_dagrun for example_kubernetes_executor to None, run_after=None
[2026-09-30T21:20:48.262+0000] {processor.py:175} INFO - Processing /home/airflow/.local/lib/python3.7/site-packages/airflow/example_dags/example_kubernetes_executor.py took 0.176 seconds
[2026-09-30T21:21:18.346+0000] {processor.py:153} INFO - Started process (PID=21776) to work on /home/airflow/.local/lib/python3.7/site-packages/airflow/example_dags/example_kubernetes_executor.py
[2026-09-30T21:21:18.347+0000] {processor.py:743} INFO - Processing file /home/airflow/.local/lib/python3.7/site-packages/airflow/example_dags/example_kubernetes_executor.py for tasks to queue
[2026-09-30T21:21:18.348+0000] {logging_mixin.py:137} INFO - [2026-09-30T21:21:18.347+0000] {dagbag.py:538} INFO - Filling up the DagBag from /home/airflow/.local/lib/python3.7/site-packages/airflow/example_dags/example_kubernetes_executor.py
[2026-09-30T21:21:18.383+0000] {processor.py:753} INFO - DAG(s) dict_keys(['example_kubernetes_executor']) retrieved from /home/airflow/.local/lib/python3.7/site-packages/airflow/example_dags/example_kubernetes_executor.py
[2026-09-30T21:21:18.436+0000] {logging_mixin.py:137} INFO - [2026-09-30T21:21:18.435+0000] {dag.py:2676} INFO - Sync 1 DAGs
[2026-09-30T21:21:18.472+0000] {logging_mixin.py:137} INFO - [2026-09-30T21:21:18.472+0000] {dag.py:3427} INFO - Setting next_dagrun for example_kubernetes_executor to None, run_after=None
[2026-09-30T21:21:18.494+0000] {processor.py:175} INFO - Processing /home/airflow/.local/lib/python3.7/site-packages/airflow/example_dags/example_kubernetes_executor.py took 0.152 seconds
[2026-09-30T21:21:48.656+0000] {processor.py:153} INFO - Started process (PID=21855) to work on /home/airflow/.local/lib/python3.7/site-packages/airflow/example_dags/example_kubernetes_executor.py
[2026-09-30T21:21:48.657+0000] {processor.py:743} INFO - Processing file /home/airflow/.local/lib/python3.7/site-packages/airflow/example_dags/example_kubernetes_executor.py for tasks to queue
[2026-09-30T21:21:48.658+0000] {logging_mixin.py:137} INFO - [2026-09-30T21:21:48.657+0000] {dagbag.py:538} INFO - Filling up the DagBag from /home/airflow/.local/lib/python3.7/site-packages/airflow/example_dags/example_kubernetes_executor.py
[2026-09-30T21:21:48.696+0000] {processor.py:753} INFO - DAG(s) dict_keys(['example_kubernetes_executor']) retrieved from /home/airflow/.local/lib/python3.7/site-packages/airflow/example_dags/example_kubernetes_executor.py
[2026-09-30T21:21:48.749+0000] {logging_mixin.py:137} INFO - [2026-09-30T21:21:48.749+0000] {dag.py:2676} INFO - Sync 1 DAGs
[2026-09-30T21:21:48.782+0000] {logging_mixin.py:137} INFO - [2026-09-30T21:21:48.782+0000] {dag.py:3427} INFO - Setting next_dagrun for example_kubernetes_executor to None, run_after=None
[2026-09-30T21:21:48.805+0000] {processor.py:175} INFO - Processing /home/airflow/.local/lib/python3.7/site-packages/airflow/example_dags/example_kubernetes_executor.py took 0.154 seconds
[2026-09-30T21:22:19.417+0000] {processor.py:153} INFO - Started process (PID=21934) to work on /home/airflow/.local/lib/python3.7/site-packages/airflow/example_dags/example_kubernetes_executor.py
[2026-09-30T21:22:19.418+0000] {processor.py:743} INFO - Processing file /home/airflow/.local/lib/python3.7/site-packages/airflow/example_dags/example_kubernetes_executor.py for tasks to queue
[2026-09-30T21:22:19.419+0000] {logging_mixin.py:137} INFO - [2026-09-30T21:22:19.419+0000] {dagbag.py:538} INFO - Filling up the DagBag from /home/airflow/.local/lib/python3.7/site-packages/airflow/example_dags/example_kubernetes_executor.py
[2026-09-30T21:22:19.463+0000] {processor.py:753} INFO - DAG(s) dict_keys(['example_kubernetes_executor']) retrieved from /home/airflow/.local/lib/python3.7/site-packages/airflow/example_dags/example_kubernetes_executor.py
[2026-09-30T21:22:19.525+0000] {logging_mixin.py:137} INFO - [2026-09-30T21:22:19.524+0000] {dag.py:2676} INFO - Sync 1 DAGs
[2026-09-30T21:22:19.568+0000] {logging_mixin.py:137} INFO - [2026-09-30T21:22:19.568+0000] {dag.py:3427} INFO - Setting next_dagrun for example_kubernetes_executor to None, run_after=None
[2026-09-30T21:22:19.604+0000] {processor.py:175} INFO - Processing /home/airflow/.local/lib/python3.7/site-packages/airflow/example_dags/example_kubernetes_executor.py took 0.193 seconds
[2026-09-30T21:22:50.058+0000] {processor.py:153} INFO - Started process (PID=22022) to work on /home/airflow/.local/lib/python3.7/site-packages/airflow/example_dags/example_kubernetes_executor.py
[2026-09-30T21:22:50.059+0000] {processor.py:743} INFO - Processing file /home/airflow/.local/lib/python3.7/site-packages/airflow/example_dags/example_kubernetes_executor.py for tasks to queue
[2026-09-30T21:22:50.060+0000] {logging_mixin.py:137} INFO - [2026-09-30T21:22:50.060+0000] {dagbag.py:538} INFO - Filling up the DagBag from /home/airflow/.local/lib/python3.7/site-packages/airflow/example_dags/example_kubernetes_executor.py
[2026-09-30T21:22:50.116+0000] {processor.py:753} INFO - DAG(s) dict_keys(['example_kubernetes_executor']) retrieved from /home/airflow/.local/lib/python3.7/site-packages/airflow/example_dags/example_kubernetes_executor.py
[2026-09-30T21:22:50.195+0000] {logging_mixin.py:137} INFO - [2026-09-30T21:22:50.194+0000] {dag.py:2676} INFO - Sync 1 DAGs
[2026-09-30T21:22:50.240+0000] {logging_mixin.py:137} INFO - [2026-09-30T21:22:50.239+0000] {dag.py:3427} INFO - Setting next_dagrun for example_kubernetes_executor to None, run_after=None
[2026-09-30T21:22:50.269+0000] {processor.py:175} INFO - Processing /home/airflow/.local/lib/python3.7/site-packages/airflow/example_dags/example_kubernetes_executor.py took 0.214 seconds
[2026-09-30T21:23:20.684+0000] {processor.py:153} INFO - Started process (PID=22112) to work on /home/airflow/.local/lib/python3.7/site-packages/airflow/example_dags/example_kubernetes_executor.py
[2026-09-30T21:23:20.685+0000] {processor.py:743} INFO - Processing file /home/airflow/.local/lib/python3.7/site-packages/airflow/example_dags/example_kubernetes_executor.py for tasks to queue
[2026-09-30T21:23:20.685+0000] {logging_mixin.py:137} INFO - [2026-09-30T21:23:20.685+0000] {dagbag.py:538} INFO - Filling up the DagBag from /home/airflow/.local/lib/python3.7/site-packages/airflow/example_dags/example_kubernetes_executor.py
[2026-09-30T21:23:20.721+0000] {processor.py:753} INFO - DAG(s) dict_keys(['example_kubernetes_executor']) retrieved from /home/airflow/.local/lib/python3.7/site-packages/airflow/example_dags/example_kubernetes_executor.py
[2026-09-30T21:23:20.772+0000] {logging_mixin.py:137} INFO - [2026-09-30T21:23:20.771+0000] {dag.py:2676} INFO - Sync 1 DAGs
[2026-09-30T21:23:20.799+0000] {logging_mixin.py:137} INFO - [2026-09-30T21:23:20.799+0000] {dag.py:3427} INFO - Setting next_dagrun for example_kubernetes_executor to None, run_after=None
[2026-09-30T21:23:20.820+0000] {processor.py:175} INFO - Processing /home/airflow/.local/lib/python3.7/site-packages/airflow/example_dags/example_kubernetes_executor.py took 0.140 seconds
[2026-09-30T21:23:51.350+0000] {processor.py:153} INFO - Started process (PID=22191) to work on /home/airflow/.local/lib/python3.7/site-packages/airflow/example_dags/example_kubernetes_executor.py
[2026-09-30T21:23:51.352+0000] {processor.py:743} INFO - Processing file /home/airflow/.local/lib/python3.7/site-packages/airflow/example_dags/example_kubernetes_executor.py for tasks to queue
[2026-09-30T21:23:51.354+0000] {logging_mixin.py:137} INFO - [2026-09-30T21:23:51.353+0000] {dagbag.py:538} INFO - Filling up the DagBag from /home/airflow/.local/lib/python3.7/site-packages/airflow/example_dags/example_kubernetes_executor.py
[2026-09-30T21:23:51.412+0000] {processor.py:753} INFO - DAG(s) dict_keys(['example_kubernetes_executor']) retrieved from /home/airflow/.local/lib/python3.7/site-packages/airflow/example_dags/example_kubernetes_executor.py
[2026-09-30T21:23:51.490+0000] {logging_mixin.py:137} INFO - [2026-09-30T21:23:51.490+0000] {dag.py:2676} INFO - Sync 1 DAGs
[2026-09-30T21:23:51.523+0000] {logging_mixin.py:137} INFO - [2026-09-30T21:23:51.523+0000] {dag.py:3427} INFO - Setting next_dagrun for example_kubernetes_executor to None, run_after=None
[2026-09-30T21:23:51.545+0000] {processor.py:175} INFO - Processing /home/airflow/.local/lib/python3.7/site-packages/airflow/example_dags/example_kubernetes_executor.py took 0.201 seconds
[2026-09-30T21:24:21.602+0000] {processor.py:153} INFO - Started process (PID=22273) to work on /home/airflow/.local/lib/python3.7/site-packages/airflow/example_dags/example_kubernetes_executor.py
[2026-09-30T21:24:21.603+0000] {processor.py:743} INFO - Processing file /home/airflow/.local/lib/python3.7/site-packages/airflow/example_dags/example_kubernetes_executor.py for tasks to queue
[2026-09-30T21:24:21.604+0000] {logging_mixin.py:137} INFO - [2026-09-30T21:24:21.604+0000] {dagbag.py:538} INFO - Filling up the DagBag from /home/airflow/.local/lib/python3.7/site-packages/airflow/example_dags/example_kubernetes_executor.py
[2026-09-30T21:24:21.641+0000] {processor.py:753} INFO - DAG(s) dict_keys(['example_kubernetes_executor']) retrieved from /home/airflow/.local/lib/python3.7/site-packages/airflow/example_dags/example_kubernetes_executor.py
[2026-09-30T21:24:21.711+0000] {logging_mixin.py:137} INFO - [2026-09-30T21:24:21.710+0000] {dag.py:2676} INFO - Sync 1 DAGs
[2026-09-30T21:24:21.760+0000] {logging_mixin.py:137} INFO - [2026-09-30T21:24:21.760+0000] {dag.py:3427} INFO - Setting next_dagrun for example_kubernetes_executor to None, run_after=None
[2026-09-30T21:24:21.789+0000] {processor.py:175} INFO - Processing /home/airflow/.local/lib/python3.7/site-packages/airflow/example_dags/example_kubernetes_executor.py took 0.194 seconds
[2026-09-30T21:24:51.856+0000] {processor.py:153} INFO - Started process (PID=22364) to work on /home/airflow/.local/lib/python3.7/site-packages/airflow/example_dags/example_kubernetes_executor.py
[2026-09-30T21:24:51.857+0000] {processor.py:743} INFO - Processing file /home/airflow/.local/lib/python3.7/site-packages/airflow/example_dags/example_kubernetes_executor.py for tasks to queue
[2026-09-30T21:24:51.858+0000] {logging_mixin.py:137} INFO - [2026-09-30T21:24:51.858+0000] {dagbag.py:538} INFO - Filling up the DagBag from /home/airflow/.local/lib/python3.7/site-packages/airflow/example_dags/example_kubernetes_executor.py
[2026-09-30T21:24:51.898+0000] {processor.py:753} INFO - DAG(s) dict_keys(['example_kubernetes_executor']) retrieved from /home/airflow/.local/lib/python3.7/site-packages/airflow/example_dags/example_kubernetes_executor.py
[2026-09-30T21:24:51.971+0000] {logging_mixin.py:137} INFO - [2026-09-30T21:24:51.971+0000] {dag.py:2676} INFO - Sync 1 DAGs
[2026-09-30T21:24:52.027+0000] {logging_mixin.py:137} INFO - [2026-09-30T21:24:52.026+0000] {dag.py:3427} INFO - Setting next_dagrun for example_kubernetes_executor to None, run_after=None
[2026-09-30T21:24:52.058+0000] {processor.py:175} INFO - Processing /home/airflow/.local/lib/python3.7/site-packages/airflow/example_dags/example_kubernetes_executor.py took 0.207 seconds
[2026-09-30T21:25:22.287+0000] {processor.py:153} INFO - Started process (PID=22460) to work on /home/airflow/.local/lib/python3.7/site-packages/airflow/example_dags/example_kubernetes_executor.py
[2026-09-30T21:25:22.288+0000] {processor.py:743} INFO - Processing file /home/airflow/.local/lib/python3.7/site-packages/airflow/example_dags/example_kubernetes_executor.py for tasks to queue
[2026-09-30T21:25:22.289+0000] {logging_mixin.py:137} INFO - [2026-09-30T21:25:22.289+0000] {dagbag.py:538} INFO - Filling up the DagBag from /home/airflow/.local/lib/python3.7/site-packages/airflow/example_dags/example_kubernetes_executor.py
[2026-09-30T21:25:22.327+0000] {processor.py:753} INFO - DAG(s) dict_keys(['example_kubernetes_executor']) retrieved from /home/airflow/.local/lib/python3.7/site-packages/airflow/example_dags/example_kubernetes_executor.py
[2026-09-30T21:25:22.381+0000] {logging_mixin.py:137} INFO - [2026-09-30T21:25:22.381+0000] {dag.py:2676} INFO - Sync 1 DAGs
[2026-09-30T21:25:22.416+0000] {logging_mixin.py:137} INFO - [2026-09-30T21:25:22.415+0000] {dag.py:3427} INFO - Setting next_dagrun for example_kubernetes_executor to None, run_after=None
[2026-09-30T21:25:22.440+0000] {processor.py:175} INFO - Processing /home/airflow/.local/lib/python3.7/site-packages/airflow/example_dags/example_kubernetes_executor.py took 0.157 seconds
[2026-09-30T21:25:52.684+0000] {processor.py:153} INFO - Started process (PID=22538) to work on /home/airflow/.local/lib/python3.7/site-packages/airflow/example_dags/example_kubernetes_executor.py
[2026-09-30T21:25:52.686+0000] {processor.py:743} INFO - Processing file /home/airflow/.local/lib/python3.7/site-packages/airflow/example_dags/example_kubernetes_executor.py for tasks to queue
[2026-09-30T21:25:52.687+0000] {logging_mixin.py:137} INFO - [2026-09-30T21:25:52.687+0000] {dagbag.py:538} INFO - Filling up the DagBag from /home/airflow/.local/lib/python3.7/site-packages/airflow/example_dags/example_kubernetes_executor.py
[2026-09-30T21:25:52.744+0000] {processor.py:753} INFO - DAG(s) dict_keys(['example_kubernetes_executor']) retrieved from /home/airflow/.local/lib/python3.7/site-packages/airflow/example_dags/example_kubernetes_executor.py
[2026-09-30T21:25:52.823+0000] {logging_mixin.py:137} INFO - [2026-09-30T21:25:52.823+0000] {dag.py:2676} INFO - Sync 1 DAGs
[2026-09-30T21:25:52.869+0000] {logging_mixin.py:137} INFO - [2026-09-30T21:25:52.869+0000] {dag.py:3427} INFO - Setting next_dagrun for example_kubernetes_executor to None, run_after=None
[2026-09-30T21:25:52.894+0000] {processor.py:175} INFO - Processing /home/airflow/.local/lib/python3.7/site-packages/airflow/example_dags/example_kubernetes_executor.py took 0.215 seconds
[2026-09-30T21:26:23.204+0000] {processor.py:153} INFO - Started process (PID=22617) to work on /home/airflow/.local/lib/python3.7/site-packages/airflow/example_dags/example_kubernetes_executor.py
[2026-09-30T21:26:23.205+0000] {processor.py:743} INFO - Processing file /home/airflow/.local/lib/python3.7/site-packages/airflow/example_dags/example_kubernetes_executor.py for tasks to queue
[2026-09-30T21:26:23.206+0000] {logging_mixin.py:137} INFO - [2026-09-30T21:26:23.206+0000] {dagbag.py:538} INFO - Filling up the DagBag from /home/airflow/.local/lib/python3.7/site-packages/airflow/example_dags/example_kubernetes_executor.py
[2026-09-30T21:26:23.248+0000] {processor.py:753} INFO - DAG(s) dict_keys(['example_kubernetes_executor']) retrieved from /home/airflow/.local/lib/python3.7/site-packages/airflow/example_dags/example_kubernetes_executor.py
[2026-09-30T21:26:23.304+0000] {logging_mixin.py:137} INFO - [2026-09-30T21:26:23.303+0000] {dag.py:2676} INFO - Sync 1 DAGs
[2026-09-30T21:26:23.353+0000] {logging_mixin.py:137} INFO - [2026-09-30T21:26:23.353+0000] {dag.py:3427} INFO - Setting next_dagrun for example_kubernetes_executor to None, run_after=None
[2026-09-30T21:26:23.381+0000] {processor.py:175} INFO - Processing /home/airflow/.local/lib/python3.7/site-packages/airflow/example_dags/example_kubernetes_executor.py took 0.181 seconds
[2026-09-30T21:26:53.713+0000] {processor.py:153} INFO - Started process (PID=22705) to work on /home/airflow/.local/lib/python3.7/site-packages/airflow/example_dags/example_kubernetes_executor.py
[2026-09-30T21:26:53.714+0000] {processor.py:743} INFO - Processing file /home/airflow/.local/lib/python3.7/site-packages/airflow/example_dags/example_kubernetes_executor.py for tasks to queue
[2026-09-30T21:26:53.714+0000] {logging_mixin.py:137} INFO - [2026-09-30T21:26:53.714+0000] {dagbag.py:538} INFO - Filling up the DagBag from /home/airflow/.local/lib/python3.7/site-packages/airflow/example_dags/example_kubernetes_executor.py
[2026-09-30T21:26:53.751+0000] {processor.py:753} INFO - DAG(s) dict_keys(['example_kubernetes_executor']) retrieved from /home/airflow/.local/lib/python3.7/site-packages/airflow/example_dags/example_kubernetes_executor.py
[2026-09-30T21:26:53.803+0000] {logging_mixin.py:137} INFO - [2026-09-30T21:26:53.802+0000] {dag.py:2676} INFO - Sync 1 DAGs
[2026-09-30T21:26:53.831+0000] {logging_mixin.py:137} INFO - [2026-09-30T21:26:53.830+0000] {dag.py:3427} INFO - Setting next_dagrun for example_kubernetes_executor to None, run_after=None
[2026-09-30T21:26:53.851+0000] {processor.py:175} INFO - Processing /home/airflow/.local/lib/python3.7/site-packages/airflow/example_dags/example_kubernetes_executor.py took 0.141 seconds
[2026-09-30T21:27:24.517+0000] {processor.py:153} INFO - Started process (PID=22800) to work on /home/airflow/.local/lib/python3.7/site-packages/airflow/example_dags/example_kubernetes_executor.py
[2026-09-30T21:27:24.518+0000] {processor.py:743} INFO - Processing file /home/airflow/.local/lib/python3.7/site-packages/airflow/example_dags/example_kubernetes_executor.py for tasks to queue
[2026-09-30T21:27:24.519+0000] {logging_mixin.py:137} INFO - [2026-09-30T21:27:24.519+0000] {dagbag.py:538} INFO - Filling up the DagBag from /home/airflow/.local/lib/python3.7/site-packages/airflow/example_dags/example_kubernetes_executor.py
[2026-09-30T21:27:24.558+0000] {processor.py:753} INFO - DAG(s) dict_keys(['example_kubernetes_executor']) retrieved from /home/airflow/.local/lib/python3.7/site-packages/airflow/example_dags/example_kubernetes_executor.py
[2026-09-30T21:27:24.622+0000] {logging_mixin.py:137} INFO - [2026-09-30T21:27:24.622+0000] {dag.py:2676} INFO - Sync 1 DAGs
[2026-09-30T21:27:24.659+0000] {logging_mixin.py:137} INFO - [2026-09-30T21:27:24.659+0000] {dag.py:3427} INFO - Setting next_dagrun for example_kubernetes_executor to None, run_after=None
[2026-09-30T21:27:24.681+0000] {processor.py:175} INFO - Processing /home/airflow/.local/lib/python3.7/site-packages/airflow/example_dags/example_kubernetes_executor.py took 0.168 seconds
[2026-09-30T21:27:55.137+0000] {processor.py:153} INFO - Started process (PID=22882) to work on /home/airflow/.local/lib/python3.7/site-packages/airflow/example_dags/example_kubernetes_executor.py
[2026-09-30T21:27:55.138+0000] {processor.py:743} INFO - Processing file /home/airflow/.local/lib/python3.7/site-packages/airflow/example_dags/example_kubernetes_executor.py for tasks to queue
[2026-09-30T21:27:55.138+0000] {logging_mixin.py:137} INFO - [2026-09-30T21:27:55.138+0000] {dagbag.py:538} INFO - Filling up the DagBag from /home/airflow/.local/lib/python3.7/site-packages/airflow/example_dags/example_kubernetes_executor.py
[2026-09-30T21:27:55.178+0000] {processor.py:753} INFO - DAG(s) dict_keys(['example_kubernetes_executor']) retrieved from /home/airflow/.local/lib/python3.7/site-packages/airflow/example_dags/example_kubernetes_executor.py
[2026-09-30T21:27:55.239+0000] {logging_mixin.py:137} INFO - [2026-09-30T21:27:55.239+0000] {dag.py:2676} INFO - Sync 1 DAGs
[2026-09-30T21:27:55.278+0000] {logging_mixin.py:137} INFO - [2026-09-30T21:27:55.278+0000] {dag.py:3427} INFO - Setting next_dagrun for example_kubernetes_executor to None, run_after=None
[2026-09-30T21:27:55.301+0000] {processor.py:175} INFO - Processing /home/airflow/.local/lib/python3.7/site-packages/airflow/example_dags/example_kubernetes_executor.py took 0.168 seconds
[2026-09-30T21:28:25.647+0000] {processor.py:153} INFO - Started process (PID=22986) to work on /home/airflow/.local/lib/python3.7/site-packages/airflow/example_dags/example_kubernetes_executor.py
[2026-09-30T21:28:25.649+0000] {processor.py:743} INFO - Processing file /home/airflow/.local/lib/python3.7/site-packages/airflow/example_dags/example_kubernetes_executor.py for tasks to queue
[2026-09-30T21:28:25.650+0000] {logging_mixin.py:137} INFO - [2026-09-30T21:28:25.650+0000] {dagbag.py:538} INFO - Filling up the DagBag from /home/airflow/.local/lib/python3.7/site-packages/airflow/example_dags/example_kubernetes_executor.py
[2026-09-30T21:28:25.709+0000] {processor.py:753} INFO - DAG(s) dict_keys(['example_kubernetes_executor']) retrieved from /home/airflow/.local/lib/python3.7/site-packages/airflow/example_dags/example_kubernetes_executor.py
[2026-09-30T21:28:25.779+0000] {logging_mixin.py:137} INFO - [2026-09-30T21:28:25.779+0000] {dag.py:2676} INFO - Sync 1 DAGs
[2026-09-30T21:28:25.830+0000] {logging_mixin.py:137} INFO - [2026-09-30T21:28:25.829+0000] {dag.py:3427} INFO - Setting next_dagrun for example_kubernetes_executor to None, run_after=None
[2026-09-30T21:28:25.857+0000] {processor.py:175} INFO - Processing /home/airflow/.local/lib/python3.7/site-packages/airflow/example_dags/example_kubernetes_executor.py took 0.215 seconds
[2026-09-30T21:28:56.425+0000] {processor.py:153} INFO - Started process (PID=23068) to work on /home/airflow/.local/lib/python3.7/site-packages/airflow/example_dags/example_kubernetes_executor.py
[2026-09-30T21:28:56.426+0000] {processor.py:743} INFO - Processing file /home/airflow/.local/lib/python3.7/site-packages/airflow/example_dags/example_kubernetes_executor.py for tasks to queue
[2026-09-30T21:28:56.427+0000] {logging_mixin.py:137} INFO - [2026-09-30T21:28:56.427+0000] {dagbag.py:538} INFO - Filling up the DagBag from /home/airflow/.local/lib/python3.7/site-packages/airflow/example_dags/example_kubernetes_executor.py
[2026-09-30T21:28:56.462+0000] {processor.py:753} INFO - DAG(s) dict_keys(['example_kubernetes_executor']) retrieved from /home/airflow/.local/lib/python3.7/site-packages/airflow/example_dags/example_kubernetes_executor.py
[2026-09-30T21:28:56.527+0000] {logging_mixin.py:137} INFO - [2026-09-30T21:28:56.526+0000] {dag.py:2676} INFO - Sync 1 DAGs
[2026-09-30T21:28:56.561+0000] {logging_mixin.py:137} INFO - [2026-09-30T21:28:56.561+0000] {dag.py:3427} INFO - Setting next_dagrun for example_kubernetes_executor to None, run_after=None
[2026-09-30T21:28:56.579+0000] {processor.py:175} INFO - Processing /home/airflow/.local/lib/python3.7/site-packages/airflow/example_dags/example_kubernetes_executor.py took 0.160 seconds
[2026-09-30T21:29:26.854+0000] {processor.py:153} INFO - Started process (PID=23162) to work on /home/airflow/.local/lib/python3.7/site-packages/airflow/example_dags/example_kubernetes_executor.py
[2026-09-30T21:29:26.856+0000] {processor.py:743} INFO - Processing file /home/airflow/.local/lib/python3.7/site-packages/airflow/example_dags/example_kubernetes_executor.py for tasks to queue
[2026-09-30T21:29:26.857+0000] {logging_mixin.py:137} INFO - [2026-09-30T21:29:26.857+0000] {dagbag.py:538} INFO - Filling up the DagBag from /home/airflow/.local/lib/python3.7/site-packages/airflow/example_dags/example_kubernetes_executor.py
[2026-09-30T21:29:26.897+0000] {processor.py:753} INFO - DAG(s) dict_keys(['example_kubernetes_executor']) retrieved from /home/airflow/.local/lib/python3.7/site-packages/airflow/example_dags/example_kubernetes_executor.py
[2026-09-30T21:29:26.953+0000] {logging_mixin.py:137} INFO - [2026-09-30T21:29:26.953+0000] {dag.py:2676} INFO - Sync 1 DAGs
[2026-09-30T21:29:26.987+0000] {logging_mixin.py:137} INFO - [2026-09-30T21:29:26.987+0000] {dag.py:3427} INFO - Setting next_dagrun for example_kubernetes_executor to None, run_after=None
[2026-09-30T21:29:27.011+0000] {processor.py:175} INFO - Processing /home/airflow/.local/lib/python3.7/site-packages/airflow/example_dags/example_kubernetes_executor.py took 0.161 seconds
[2026-09-30T21:29:57.157+0000] {processor.py:153} INFO - Started process (PID=23254) to work on /home/airflow/.local/lib/python3.7/site-packages/airflow/example_dags/example_kubernetes_executor.py
[2026-09-30T21:29:57.158+0000] {processor.py:743} INFO - Processing file /home/airflow/.local/lib/python3.7/site-packages/airflow/example_dags/example_kubernetes_executor.py for tasks to queue
[2026-09-30T21:29:57.159+0000] {logging_mixin.py:137} INFO - [2026-09-30T21:29:57.159+0000] {dagbag.py:538} INFO - Filling up the DagBag from /home/airflow/.local/lib/python3.7/site-packages/airflow/example_dags/example_kubernetes_executor.py
[2026-09-30T21:29:57.198+0000] {processor.py:753} INFO - DAG(s) dict_keys(['example_kubernetes_executor']) retrieved from /home/airflow/.local/lib/python3.7/site-packages/airflow/example_dags/example_kubernetes_executor.py
[2026-09-30T21:29:57.251+0000] {logging_mixin.py:137} INFO - [2026-09-30T21:29:57.251+0000] {dag.py:2676} INFO - Sync 1 DAGs
[2026-09-30T21:29:57.282+0000] {logging_mixin.py:137} INFO - [2026-09-30T21:29:57.282+0000] {dag.py:3427} INFO - Setting next_dagrun for example_kubernetes_executor to None, run_after=None
[2026-09-30T21:29:57.302+0000] {processor.py:175} INFO - Processing /home/airflow/.local/lib/python3.7/site-packages/airflow/example_dags/example_kubernetes_executor.py took 0.149 seconds
[2026-09-30T21:30:27.822+0000] {processor.py:153} INFO - Started process (PID=23335) to work on /home/airflow/.local/lib/python3.7/site-packages/airflow/example_dags/example_kubernetes_executor.py
[2026-09-30T21:30:27.823+0000] {processor.py:743} INFO - Processing file /home/airflow/.local/lib/python3.7/site-packages/airflow/example_dags/example_kubernetes_executor.py for tasks to queue
[2026-09-30T21:30:27.824+0000] {logging_mixin.py:137} INFO - [2026-09-30T21:30:27.824+0000] {dagbag.py:538} INFO - Filling up the DagBag from /home/airflow/.local/lib/python3.7/site-packages/airflow/example_dags/example_kubernetes_executor.py
[2026-09-30T21:30:27.861+0000] {processor.py:753} INFO - DAG(s) dict_keys(['example_kubernetes_executor']) retrieved from /home/airflow/.local/lib/python3.7/site-packages/airflow/example_dags/example_kubernetes_executor.py
[2026-09-30T21:30:27.917+0000] {logging_mixin.py:137} INFO - [2026-09-30T21:30:27.917+0000] {dag.py:2676} INFO - Sync 1 DAGs
[2026-09-30T21:30:27.956+0000] {logging_mixin.py:137} INFO - [2026-09-30T21:30:27.956+0000] {dag.py:3427} INFO - Setting next_dagrun for example_kubernetes_executor to None, run_after=None
[2026-09-30T21:30:27.982+0000] {processor.py:175} INFO - Processing /home/airflow/.local/lib/python3.7/site-packages/airflow/example_dags/example_kubernetes_executor.py took 0.165 seconds
[2026-09-30T21:30:58.191+0000] {processor.py:153} INFO - Started process (PID=23417) to work on /home/airflow/.local/lib/python3.7/site-packages/airflow/example_dags/example_kubernetes_executor.py
[2026-09-30T21:30:58.192+0000] {processor.py:743} INFO - Processing file /home/airflow/.local/lib/python3.7/site-packages/airflow/example_dags/example_kubernetes_executor.py for tasks to queue
[2026-09-30T21:30:58.193+0000] {logging_mixin.py:137} INFO - [2026-09-30T21:30:58.193+0000] {dagbag.py:538} INFO - Filling up the DagBag from /home/airflow/.local/lib/python3.7/site-packages/airflow/example_dags/example_kubernetes_executor.py
[2026-09-30T21:30:58.254+0000] {processor.py:753} INFO - DAG(s) dict_keys(['example_kubernetes_executor']) retrieved from /home/airflow/.local/lib/python3.7/site-packages/airflow/example_dags/example_kubernetes_executor.py
[2026-09-30T21:30:58.324+0000] {logging_mixin.py:137} INFO - [2026-09-30T21:30:58.324+0000] {dag.py:2676} INFO - Sync 1 DAGs
[2026-09-30T21:30:58.358+0000] {logging_mixin.py:137} INFO - [2026-09-30T21:30:58.358+0000] {dag.py:3427} INFO - Setting next_dagrun for example_kubernetes_executor to None, run_after=None
[2026-09-30T21:30:58.382+0000] {processor.py:175} INFO - Processing /home/airflow/.local/lib/python3.7/site-packages/airflow/example_dags/example_kubernetes_executor.py took 0.197 seconds
[2026-09-30T21:31:28.820+0000] {processor.py:153} INFO - Started process (PID=23516) to work on /home/airflow/.local/lib/python3.7/site-packages/airflow/example_dags/example_kubernetes_executor.py
[2026-09-30T21:31:28.821+0000] {processor.py:743} INFO - Processing file /home/airflow/.local/lib/python3.7/site-packages/airflow/example_dags/example_kubernetes_executor.py for tasks to queue
[2026-09-30T21:31:28.822+0000] {logging_mixin.py:137} INFO - [2026-09-30T21:31:28.822+0000] {dagbag.py:538} INFO - Filling up the DagBag from /home/airflow/.local/lib/python3.7/site-packages/airflow/example_dags/example_kubernetes_executor.py
[2026-09-30T21:31:28.854+0000] {processor.py:753} INFO - DAG(s) dict_keys(['example_kubernetes_executor']) retrieved from /home/airflow/.local/lib/python3.7/site-packages/airflow/example_dags/example_kubernetes_executor.py
[2026-09-30T21:31:28.899+0000] {logging_mixin.py:137} INFO - [2026-09-30T21:31:28.899+0000] {dag.py:2676} INFO - Sync 1 DAGs
[2026-09-30T21:31:28.926+0000] {logging_mixin.py:137} INFO - [2026-09-30T21:31:28.926+0000] {dag.py:3427} INFO - Setting next_dagrun for example_kubernetes_executor to None, run_after=None
[2026-09-30T21:31:28.946+0000] {processor.py:175} INFO - Processing /home/airflow/.local/lib/python3.7/site-packages/airflow/example_dags/example_kubernetes_executor.py took 0.129 seconds
[2026-09-30T21:31:59.542+0000] {processor.py:153} INFO - Started process (PID=23597) to work on /home/airflow/.local/lib/python3.7/site-packages/airflow/example_dags/example_kubernetes_executor.py
[2026-09-30T21:31:59.543+0000] {processor.py:743} INFO - Processing file /home/airflow/.local/lib/python3.7/site-packages/airflow/example_dags/example_kubernetes_executor.py for tasks to queue
[2026-09-30T21:31:59.544+0000] {logging_mixin.py:137} INFO - [2026-09-30T21:31:59.544+0000] {dagbag.py:538} INFO - Filling up the DagBag from /home/airflow/.local/lib/python3.7/site-packages/airflow/example_dags/example_kubernetes_executor.py
[2026-09-30T21:31:59.602+0000] {processor.py:753} INFO - DAG(s) dict_keys(['example_kubernetes_executor']) retrieved from /home/airflow/.local/lib/python3.7/site-packages/airflow/example_dags/example_kubernetes_executor.py
[2026-09-30T21:31:59.685+0000] {logging_mixin.py:137} INFO - [2026-09-30T21:31:59.685+0000] {dag.py:2676} INFO - Sync 1 DAGs
[2026-09-30T21:31:59.734+0000] {logging_mixin.py:137} INFO - [2026-09-30T21:31:59.734+0000] {dag.py:3427} INFO - Setting next_dagrun for example_kubernetes_executor to None, run_after=None
[2026-09-30T21:31:59.766+0000] {processor.py:175} INFO - Processing /home/airflow/.local/lib/python3.7/site-packages/airflow/example_dags/example_kubernetes_executor.py took 0.231 seconds
[2026-09-30T21:32:29.836+0000] {processor.py:153} INFO - Started process (PID=23676) to work on /home/airflow/.local/lib/python3.7/site-packages/airflow/example_dags/example_kubernetes_executor.py
[2026-09-30T21:32:29.837+0000] {processor.py:743} INFO - Processing file /home/airflow/.local/lib/python3.7/site-packages/airflow/example_dags/example_kubernetes_executor.py for tasks to queue
[2026-09-30T21:32:29.838+0000] {logging_mixin.py:137} INFO - [2026-09-30T21:32:29.838+0000] {dagbag.py:538} INFO - Filling up the DagBag from /home/airflow/.local/lib/python3.7/site-packages/airflow/example_dags/example_kubernetes_executor.py
[2026-09-30T21:32:29.887+0000] {processor.py:753} INFO - DAG(s) dict_keys(['example_kubernetes_executor']) retrieved from /home/airflow/.local/lib/python3.7/site-packages/airflow/example_dags/example_kubernetes_executor.py
[2026-09-30T21:32:29.959+0000] {logging_mixin.py:137} INFO - [2026-09-30T21:32:29.959+0000] {dag.py:2676} INFO - Sync 1 DAGs
[2026-09-30T21:32:30.006+0000] {logging_mixin.py:137} INFO - [2026-09-30T21:32:30.006+0000] {dag.py:3427} INFO - Setting next_dagrun for example_kubernetes_executor to None, run_after=None
[2026-09-30T21:32:30.036+0000] {processor.py:175} INFO - Processing /home/airflow/.local/lib/python3.7/site-packages/airflow/example_dags/example_kubernetes_executor.py took 0.207 seconds
[2026-09-30T21:33:00.558+0000] {processor.py:153} INFO - Started process (PID=23780) to work on /home/airflow/.local/lib/python3.7/site-packages/airflow/example_dags/example_kubernetes_executor.py
[2026-09-30T21:33:00.558+0000] {processor.py:743} INFO - Processing file /home/airflow/.local/lib/python3.7/site-packages/airflow/example_dags/example_kubernetes_executor.py for tasks to queue
[2026-09-30T21:33:00.559+0000] {logging_mixin.py:137} INFO - [2026-09-30T21:33:00.559+0000] {dagbag.py:538} INFO - Filling up the DagBag from /home/airflow/.local/lib/python3.7/site-packages/airflow/example_dags/example_kubernetes_executor.py
[2026-09-30T21:33:00.598+0000] {processor.py:753} INFO - DAG(s) dict_keys(['example_kubernetes_executor']) retrieved from /home/airflow/.local/lib/python3.7/site-packages/airflow/example_dags/example_kubernetes_executor.py
[2026-09-30T21:33:00.659+0000] {logging_mixin.py:137} INFO - [2026-09-30T21:33:00.658+0000] {dag.py:2676} INFO - Sync 1 DAGs
[2026-09-30T21:33:00.692+0000] {logging_mixin.py:137} INFO - [2026-09-30T21:33:00.692+0000] {dag.py:3427} INFO - Setting next_dagrun for example_kubernetes_executor to None, run_after=None
[2026-09-30T21:33:00.719+0000] {processor.py:175} INFO - Processing /home/airflow/.local/lib/python3.7/site-packages/airflow/example_dags/example_kubernetes_executor.py took 0.165 seconds
[2026-09-30T21:33:31.017+0000] {processor.py:153} INFO - Started process (PID=23865) to work on /home/airflow/.local/lib/python3.7/site-packages/airflow/example_dags/example_kubernetes_executor.py
[2026-09-30T21:33:31.018+0000] {processor.py:743} INFO - Processing file /home/airflow/.local/lib/python3.7/site-packages/airflow/example_dags/example_kubernetes_executor.py for tasks to queue
[2026-09-30T21:33:31.018+0000] {logging_mixin.py:137} INFO - [2026-09-30T21:33:31.018+0000] {dagbag.py:538} INFO - Filling up the DagBag from /home/airflow/.local/lib/python3.7/site-packages/airflow/example_dags/example_kubernetes_executor.py
[2026-09-30T21:33:31.063+0000] {processor.py:753} INFO - DAG(s) dict_keys(['example_kubernetes_executor']) retrieved from /home/airflow/.local/lib/python3.7/site-packages/airflow/example_dags/example_kubernetes_executor.py
[2026-09-30T21:33:31.126+0000] {logging_mixin.py:137} INFO - [2026-09-30T21:33:31.125+0000] {dag.py:2676} INFO - Sync 1 DAGs
[2026-09-30T21:33:31.161+0000] {logging_mixin.py:137} INFO - [2026-09-30T21:33:31.161+0000] {dag.py:3427} INFO - Setting next_dagrun for example_kubernetes_executor to None, run_after=None
[2026-09-30T21:33:31.188+0000] {processor.py:175} INFO - Processing /home/airflow/.local/lib/python3.7/site-packages/airflow/example_dags/example_kubernetes_executor.py took 0.176 seconds
[2026-09-30T21:34:02.035+0000] {processor.py:153} INFO - Started process (PID=23949) to work on /home/airflow/.local/lib/python3.7/site-packages/airflow/example_dags/example_kubernetes_executor.py
[2026-09-30T21:34:02.036+0000] {processor.py:743} INFO - Processing file /home/airflow/.local/lib/python3.7/site-packages/airflow/example_dags/example_kubernetes_executor.py for tasks to queue
[2026-09-30T21:34:02.037+0000] {logging_mixin.py:137} INFO - [2026-09-30T21:34:02.037+0000] {dagbag.py:538} INFO - Filling up the DagBag from /home/airflow/.local/lib/python3.7/site-packages/airflow/example_dags/example_kubernetes_executor.py
[2026-09-30T21:34:02.080+0000] {processor.py:753} INFO - DAG(s) dict_keys(['example_kubernetes_executor']) retrieved from /home/airflow/.local/lib/python3.7/site-packages/airflow/example_dags/example_kubernetes_executor.py
[2026-09-30T21:34:02.134+0000] {logging_mixin.py:137} INFO - [2026-09-30T21:34:02.134+0000] {dag.py:2676} INFO - Sync 1 DAGs
[2026-09-30T21:34:02.173+0000] {logging_mixin.py:137} INFO - [2026-09-30T21:34:02.173+0000] {dag.py:3427} INFO - Setting next_dagrun for example_kubernetes_executor to None, run_after=None
[2026-09-30T21:34:02.198+0000] {processor.py:175} INFO - Processing /home/airflow/.local/lib/python3.7/site-packages/airflow/example_dags/example_kubernetes_executor.py took 0.167 seconds
[2026-09-30T21:34:32.358+0000] {processor.py:153} INFO - Started process (PID=24055) to work on /home/airflow/.local/lib/python3.7/site-packages/airflow/example_dags/example_kubernetes_executor.py
[2026-09-30T21:34:32.360+0000] {processor.py:743} INFO - Processing file /home/airflow/.local/lib/python3.7/site-packages/airflow/example_dags/example_kubernetes_executor.py for tasks to queue
[2026-09-30T21:34:32.361+0000] {logging_mixin.py:137} INFO - [2026-09-30T21:34:32.361+0000] {dagbag.py:538} INFO - Filling up the DagBag from /home/airflow/.local/lib/python3.7/site-packages/airflow/example_dags/example_kubernetes_executor.py
[2026-09-30T21:34:32.424+0000] {processor.py:753} INFO - DAG(s) dict_keys(['example_kubernetes_executor']) retrieved from /home/airflow/.local/lib/python3.7/site-packages/airflow/example_dags/example_kubernetes_executor.py
[2026-09-30T21:34:32.499+0000] {logging_mixin.py:137} INFO - [2026-09-30T21:34:32.499+0000] {dag.py:2676} INFO - Sync 1 DAGs
[2026-09-30T21:34:32.530+0000] {logging_mixin.py:137} INFO - [2026-09-30T21:34:32.530+0000] {dag.py:3427} INFO - Setting next_dagrun for example_kubernetes_executor to None, run_after=None
[2026-09-30T21:34:32.553+0000] {processor.py:175} INFO - Processing /home/airflow/.local/lib/python3.7/site-packages/airflow/example_dags/example_kubernetes_executor.py took 0.199 seconds
[2026-09-30T21:35:02.643+0000] {processor.py:153} INFO - Started process (PID=24139) to work on /home/airflow/.local/lib/python3.7/site-packages/airflow/example_dags/example_kubernetes_executor.py
[2026-09-30T21:35:02.644+0000] {processor.py:743} INFO - Processing file /home/airflow/.local/lib/python3.7/site-packages/airflow/example_dags/example_kubernetes_executor.py for tasks to queue
[2026-09-30T21:35:02.644+0000] {logging_mixin.py:137} INFO - [2026-09-30T21:35:02.644+0000] {dagbag.py:538} INFO - Filling up the DagBag from /home/airflow/.local/lib/python3.7/site-packages/airflow/example_dags/example_kubernetes_executor.py
[2026-09-30T21:35:02.671+0000] {processor.py:753} INFO - DAG(s) dict_keys(['example_kubernetes_executor']) retrieved from /home/airflow/.local/lib/python3.7/site-packages/airflow/example_dags/example_kubernetes_executor.py
[2026-09-30T21:35:02.713+0000] {logging_mixin.py:137} INFO - [2026-09-30T21:35:02.713+0000] {dag.py:2676} INFO - Sync 1 DAGs
[2026-09-30T21:35:02.736+0000] {logging_mixin.py:137} INFO - [2026-09-30T21:35:02.736+0000] {dag.py:3427} INFO - Setting next_dagrun for example_kubernetes_executor to None, run_after=None
[2026-09-30T21:35:02.753+0000] {processor.py:175} INFO - Processing /home/airflow/.local/lib/python3.7/site-packages/airflow/example_dags/example_kubernetes_executor.py took 0.113 seconds
[2026-09-30T21:35:34.487+0000] {processor.py:153} INFO - Started process (PID=24225) to work on /home/airflow/.local/lib/python3.7/site-packages/airflow/example_dags/example_kubernetes_executor.py
[2026-09-30T21:35:34.488+0000] {processor.py:743} INFO - Processing file /home/airflow/.local/lib/python3.7/site-packages/airflow/example_dags/example_kubernetes_executor.py for tasks to queue
[2026-09-30T21:35:34.490+0000] {logging_mixin.py:137} INFO - [2026-09-30T21:35:34.489+0000] {dagbag.py:538} INFO - Filling up the DagBag from /home/airflow/.local/lib/python3.7/site-packages/airflow/example_dags/example_kubernetes_executor.py
[2026-09-30T21:35:34.552+0000] {processor.py:753} INFO - DAG(s) dict_keys(['example_kubernetes_executor']) retrieved from /home/airflow/.local/lib/python3.7/site-packages/airflow/example_dags/example_kubernetes_executor.py
[2026-09-30T21:35:34.615+0000] {logging_mixin.py:137} INFO - [2026-09-30T21:35:34.614+0000] {dag.py:2676} INFO - Sync 1 DAGs
[2026-09-30T21:35:34.659+0000] {logging_mixin.py:137} INFO - [2026-09-30T21:35:34.659+0000] {dag.py:3427} INFO - Setting next_dagrun for example_kubernetes_executor to None, run_after=None
[2026-09-30T21:35:34.680+0000] {processor.py:175} INFO - Processing /home/airflow/.local/lib/python3.7/site-packages/airflow/example_dags/example_kubernetes_executor.py took 0.200 seconds
[2026-09-30T21:36:04.755+0000] {processor.py:153} INFO - Started process (PID=24319) to work on /home/airflow/.local/lib/python3.7/site-packages/airflow/example_dags/example_kubernetes_executor.py
[2026-09-30T21:36:04.756+0000] {processor.py:743} INFO - Processing file /home/airflow/.local/lib/python3.7/site-packages/airflow/example_dags/example_kubernetes_executor.py for tasks to queue
[2026-09-30T21:36:04.758+0000] {logging_mixin.py:137} INFO - [2026-09-30T21:36:04.758+0000] {dagbag.py:538} INFO - Filling up the DagBag from /home/airflow/.local/lib/python3.7/site-packages/airflow/example_dags/example_kubernetes_executor.py
[2026-09-30T21:36:04.798+0000] {processor.py:753} INFO - DAG(s) dict_keys(['example_kubernetes_executor']) retrieved from /home/airflow/.local/lib/python3.7/site-packages/airflow/example_dags/example_kubernetes_executor.py
[2026-09-30T21:36:04.857+0000] {logging_mixin.py:137} INFO - [2026-09-30T21:36:04.857+0000] {dag.py:2676} INFO - Sync 1 DAGs
[2026-09-30T21:36:04.888+0000] {logging_mixin.py:137} INFO - [2026-09-30T21:36:04.888+0000] {dag.py:3427} INFO - Setting next_dagrun for example_kubernetes_executor to None, run_after=None
[2026-09-30T21:36:04.917+0000] {processor.py:175} INFO - Processing /home/airflow/.local/lib/python3.7/site-packages/airflow/example_dags/example_kubernetes_executor.py took 0.166 seconds
[2026-09-30T21:36:35.407+0000] {processor.py:153} INFO - Started process (PID=24397) to work on /home/airflow/.local/lib/python3.7/site-packages/airflow/example_dags/example_kubernetes_executor.py
[2026-09-30T21:36:35.408+0000] {processor.py:743} INFO - Processing file /home/airflow/.local/lib/python3.7/site-packages/airflow/example_dags/example_kubernetes_executor.py for tasks to queue
[2026-09-30T21:36:35.409+0000] {logging_mixin.py:137} INFO - [2026-09-30T21:36:35.408+0000] {dagbag.py:538} INFO - Filling up the DagBag from /home/airflow/.local/lib/python3.7/site-packages/airflow/example_dags/example_kubernetes_executor.py
[2026-09-30T21:36:35.452+0000] {processor.py:753} INFO - DAG(s) dict_keys(['example_kubernetes_executor']) retrieved from /home/airflow/.local/lib/python3.7/site-packages/airflow/example_dags/example_kubernetes_executor.py
[2026-09-30T21:36:35.515+0000] {logging_mixin.py:137} INFO - [2026-09-30T21:36:35.515+0000] {dag.py:2676} INFO - Sync 1 DAGs
[2026-09-30T21:36:35.552+0000] {logging_mixin.py:137} INFO - [2026-09-30T21:36:35.552+0000] {dag.py:3427} INFO - Setting next_dagrun for example_kubernetes_executor to None, run_after=None
[2026-09-30T21:36:35.576+0000] {processor.py:175} INFO - Processing /home/airflow/.local/lib/python3.7/site-packages/airflow/example_dags/example_kubernetes_executor.py took 0.175 seconds
[2026-09-30T21:37:05.827+0000] {processor.py:153} INFO - Started process (PID=24476) to work on /home/airflow/.local/lib/python3.7/site-packages/airflow/example_dags/example_kubernetes_executor.py
[2026-09-30T21:37:05.828+0000] {processor.py:743} INFO - Processing file /home/airflow/.local/lib/python3.7/site-packages/airflow/example_dags/example_kubernetes_executor.py for tasks to queue
[2026-09-30T21:37:05.829+0000] {logging_mixin.py:137} INFO - [2026-09-30T21:37:05.829+0000] {dagbag.py:538} INFO - Filling up the DagBag from /home/airflow/.local/lib/python3.7/site-packages/airflow/example_dags/example_kubernetes_executor.py
[2026-09-30T21:37:05.867+0000] {processor.py:753} INFO - DAG(s) dict_keys(['example_kubernetes_executor']) retrieved from /home/airflow/.local/lib/python3.7/site-packages/airflow/example_dags/example_kubernetes_executor.py
[2026-09-30T21:37:05.937+0000] {logging_mixin.py:137} INFO - [2026-09-30T21:37:05.937+0000] {dag.py:2676} INFO - Sync 1 DAGs
[2026-09-30T21:37:05.966+0000] {logging_mixin.py:137} INFO - [2026-09-30T21:37:05.966+0000] {dag.py:3427} INFO - Setting next_dagrun for example_kubernetes_executor to None, run_after=None
[2026-09-30T21:37:05.988+0000] {processor.py:175} INFO - Processing /home/airflow/.local/lib/python3.7/site-packages/airflow/example_dags/example_kubernetes_executor.py took 0.166 seconds
[2026-09-30T21:37:36.035+0000] {processor.py:153} INFO - Started process (PID=24564) to work on /home/airflow/.local/lib/python3.7/site-packages/airflow/example_dags/example_kubernetes_executor.py
[2026-09-30T21:37:36.037+0000] {processor.py:743} INFO - Processing file /home/airflow/.local/lib/python3.7/site-packages/airflow/example_dags/example_kubernetes_executor.py for tasks to queue
[2026-09-30T21:37:36.038+0000] {logging_mixin.py:137} INFO - [2026-09-30T21:37:36.037+0000] {dagbag.py:538} INFO - Filling up the DagBag from /home/airflow/.local/lib/python3.7/site-packages/airflow/example_dags/example_kubernetes_executor.py
[2026-09-30T21:37:36.088+0000] {processor.py:753} INFO - DAG(s) dict_keys(['example_kubernetes_executor']) retrieved from /home/airflow/.local/lib/python3.7/site-packages/airflow/example_dags/example_kubernetes_executor.py
[2026-09-30T21:37:36.156+0000] {logging_mixin.py:137} INFO - [2026-09-30T21:37:36.155+0000] {dag.py:2676} INFO - Sync 1 DAGs
[2026-09-30T21:37:36.201+0000] {logging_mixin.py:137} INFO - [2026-09-30T21:37:36.201+0000] {dag.py:3427} INFO - Setting next_dagrun for example_kubernetes_executor to None, run_after=None
[2026-09-30T21:37:36.244+0000] {processor.py:175} INFO - Processing /home/airflow/.local/lib/python3.7/site-packages/airflow/example_dags/example_kubernetes_executor.py took 0.214 seconds
[2026-09-30T21:38:07.112+0000] {processor.py:153} INFO - Started process (PID=24654) to work on /home/airflow/.local/lib/python3.7/site-packages/airflow/example_dags/example_kubernetes_executor.py
[2026-09-30T21:38:07.114+0000] {processor.py:743} INFO - Processing file /home/airflow/.local/lib/python3.7/site-packages/airflow/example_dags/example_kubernetes_executor.py for tasks to queue
[2026-09-30T21:38:07.114+0000] {logging_mixin.py:137} INFO - [2026-09-30T21:38:07.114+0000] {dagbag.py:538} INFO - Filling up the DagBag from /home/airflow/.local/lib/python3.7/site-packages/airflow/example_dags/example_kubernetes_executor.py
[2026-09-30T21:38:07.151+0000] {processor.py:753} INFO - DAG(s) dict_keys(['example_kubernetes_executor']) retrieved from /home/airflow/.local/lib/python3.7/site-packages/airflow/example_dags/example_kubernetes_executor.py
[2026-09-30T21:38:07.209+0000] {logging_mixin.py:137} INFO - [2026-09-30T21:38:07.209+0000] {dag.py:2676} INFO - Sync 1 DAGs
[2026-09-30T21:38:07.243+0000] {logging_mixin.py:137} INFO - [2026-09-30T21:38:07.243+0000] {dag.py:3427} INFO - Setting next_dagrun for example_kubernetes_executor to None, run_after=None
[2026-09-30T21:38:07.266+0000] {processor.py:175} INFO - Processing /home/airflow/.local/lib/python3.7/site-packages/airflow/example_dags/example_kubernetes_executor.py took 0.158 seconds
[2026-09-30T21:38:38.037+0000] {processor.py:153} INFO - Started process (PID=24733) to work on /home/airflow/.local/lib/python3.7/site-packages/airflow/example_dags/example_kubernetes_executor.py
[2026-09-30T21:38:38.038+0000] {processor.py:743} INFO - Processing file /home/airflow/.local/lib/python3.7/site-packages/airflow/example_dags/example_kubernetes_executor.py for tasks to queue
[2026-09-30T21:38:38.039+0000] {logging_mixin.py:137} INFO - [2026-09-30T21:38:38.039+0000] {dagbag.py:538} INFO - Filling up the DagBag from /home/airflow/.local/lib/python3.7/site-packages/airflow/example_dags/example_kubernetes_executor.py
[2026-09-30T21:38:38.096+0000] {processor.py:753} INFO - DAG(s) dict_keys(['example_kubernetes_executor']) retrieved from /home/airflow/.local/lib/python3.7/site-packages/airflow/example_dags/example_kubernetes_executor.py
[2026-09-30T21:38:38.162+0000] {logging_mixin.py:137} INFO - [2026-09-30T21:38:38.162+0000] {dag.py:2676} INFO - Sync 1 DAGs
[2026-09-30T21:38:38.198+0000] {logging_mixin.py:137} INFO - [2026-09-30T21:38:38.198+0000] {dag.py:3427} INFO - Setting next_dagrun for example_kubernetes_executor to None, run_after=None
[2026-09-30T21:38:38.220+0000] {processor.py:175} INFO - Processing /home/airflow/.local/lib/python3.7/site-packages/airflow/example_dags/example_kubernetes_executor.py took 0.186 seconds
[2026-09-30T21:39:08.616+0000] {processor.py:153} INFO - Started process (PID=24812) to work on /home/airflow/.local/lib/python3.7/site-packages/airflow/example_dags/example_kubernetes_executor.py
[2026-09-30T21:39:08.618+0000] {processor.py:743} INFO - Processing file /home/airflow/.local/lib/python3.7/site-packages/airflow/example_dags/example_kubernetes_executor.py for tasks to queue
[2026-09-30T21:39:08.619+0000] {logging_mixin.py:137} INFO - [2026-09-30T21:39:08.619+0000] {dagbag.py:538} INFO - Filling up the DagBag from /home/airflow/.local/lib/python3.7/site-packages/airflow/example_dags/example_kubernetes_executor.py
[2026-09-30T21:39:08.677+0000] {processor.py:753} INFO - DAG(s) dict_keys(['example_kubernetes_executor']) retrieved from /home/airflow/.local/lib/python3.7/site-packages/airflow/example_dags/example_kubernetes_executor.py
[2026-09-30T21:39:08.757+0000] {logging_mixin.py:137} INFO - [2026-09-30T21:39:08.757+0000] {dag.py:2676} INFO - Sync 1 DAGs
[2026-09-30T21:39:08.786+0000] {logging_mixin.py:137} INFO - [2026-09-30T21:39:08.786+0000] {dag.py:3427} INFO - Setting next_dagrun for example_kubernetes_executor to None, run_after=None
[2026-09-30T21:39:08.808+0000] {processor.py:175} INFO - Processing /home/airflow/.local/lib/python3.7/site-packages/airflow/example_dags/example_kubernetes_executor.py took 0.198 seconds
[2026-09-30T21:39:39.623+0000] {processor.py:153} INFO - Started process (PID=24911) to work on /home/airflow/.local/lib/python3.7/site-packages/airflow/example_dags/example_kubernetes_executor.py
[2026-09-30T21:39:39.624+0000] {processor.py:743} INFO - Processing file /home/airflow/.local/lib/python3.7/site-packages/airflow/example_dags/example_kubernetes_executor.py for tasks to queue
[2026-09-30T21:39:39.624+0000] {logging_mixin.py:137} INFO - [2026-09-30T21:39:39.624+0000] {dagbag.py:538} INFO - Filling up the DagBag from /home/airflow/.local/lib/python3.7/site-packages/airflow/example_dags/example_kubernetes_executor.py
[2026-09-30T21:39:39.664+0000] {processor.py:753} INFO - DAG(s) dict_keys(['example_kubernetes_executor']) retrieved from /home/airflow/.local/lib/python3.7/site-packages/airflow/example_dags/example_kubernetes_executor.py
[2026-09-30T21:39:39.720+0000] {logging_mixin.py:137} INFO - [2026-09-30T21:39:39.720+0000] {dag.py:2676} INFO - Sync 1 DAGs
[2026-09-30T21:39:39.756+0000] {logging_mixin.py:137} INFO - [2026-09-30T21:39:39.755+0000] {dag.py:3427} INFO - Setting next_dagrun for example_kubernetes_executor to None, run_after=None
[2026-09-30T21:39:39.778+0000] {processor.py:175} INFO - Processing /home/airflow/.local/lib/python3.7/site-packages/airflow/example_dags/example_kubernetes_executor.py took 0.159 seconds
[2026-09-30T21:40:10.446+0000] {processor.py:153} INFO - Started process (PID=24991) to work on /home/airflow/.local/lib/python3.7/site-packages/airflow/example_dags/example_kubernetes_executor.py
[2026-09-30T21:40:10.447+0000] {processor.py:743} INFO - Processing file /home/airflow/.local/lib/python3.7/site-packages/airflow/example_dags/example_kubernetes_executor.py for tasks to queue
[2026-09-30T21:40:10.448+0000] {logging_mixin.py:137} INFO - [2026-09-30T21:40:10.448+0000] {dagbag.py:538} INFO - Filling up the DagBag from /home/airflow/.local/lib/python3.7/site-packages/airflow/example_dags/example_kubernetes_executor.py
[2026-09-30T21:40:10.485+0000] {processor.py:753} INFO - DAG(s) dict_keys(['example_kubernetes_executor']) retrieved from /home/airflow/.local/lib/python3.7/site-packages/airflow/example_dags/example_kubernetes_executor.py
[2026-09-30T21:40:10.542+0000] {logging_mixin.py:137} INFO - [2026-09-30T21:40:10.542+0000] {dag.py:2676} INFO - Sync 1 DAGs
[2026-09-30T21:40:10.581+0000] {logging_mixin.py:137} INFO - [2026-09-30T21:40:10.581+0000] {dag.py:3427} INFO - Setting next_dagrun for example_kubernetes_executor to None, run_after=None
[2026-09-30T21:40:10.607+0000] {processor.py:175} INFO - Processing /home/airflow/.local/lib/python3.7/site-packages/airflow/example_dags/example_kubernetes_executor.py took 0.167 seconds
[2026-09-30T21:40:41.530+0000] {processor.py:153} INFO - Started process (PID=25070) to work on /home/airflow/.local/lib/python3.7/site-packages/airflow/example_dags/example_kubernetes_executor.py
[2026-09-30T21:40:41.531+0000] {processor.py:743} INFO - Processing file /home/airflow/.local/lib/python3.7/site-packages/airflow/example_dags/example_kubernetes_executor.py for tasks to queue
[2026-09-30T21:40:41.531+0000] {logging_mixin.py:137} INFO - [2026-09-30T21:40:41.531+0000] {dagbag.py:538} INFO - Filling up the DagBag from /home/airflow/.local/lib/python3.7/site-packages/airflow/example_dags/example_kubernetes_executor.py
[2026-09-30T21:40:41.574+0000] {processor.py:753} INFO - DAG(s) dict_keys(['example_kubernetes_executor']) retrieved from /home/airflow/.local/lib/python3.7/site-packages/airflow/example_dags/example_kubernetes_executor.py
[2026-09-30T21:40:41.629+0000] {logging_mixin.py:137} INFO - [2026-09-30T21:40:41.629+0000] {dag.py:2676} INFO - Sync 1 DAGs
[2026-09-30T21:40:41.671+0000] {logging_mixin.py:137} INFO - [2026-09-30T21:40:41.671+0000] {dag.py:3427} INFO - Setting next_dagrun for example_kubernetes_executor to None, run_after=None
[2026-09-30T21:40:41.705+0000] {processor.py:175} INFO - Processing /home/airflow/.local/lib/python3.7/site-packages/airflow/example_dags/example_kubernetes_executor.py took 0.180 seconds
[2026-09-30T21:41:12.019+0000] {processor.py:153} INFO - Started process (PID=25158) to work on /home/airflow/.local/lib/python3.7/site-packages/airflow/example_dags/example_kubernetes_executor.py
[2026-09-30T21:41:12.021+0000] {processor.py:743} INFO - Processing file /home/airflow/.local/lib/python3.7/site-packages/airflow/example_dags/example_kubernetes_executor.py for tasks to queue
[2026-09-30T21:41:12.022+0000] {logging_mixin.py:137} INFO - [2026-09-30T21:41:12.022+0000] {dagbag.py:538} INFO - Filling up the DagBag from /home/airflow/.local/lib/python3.7/site-packages/airflow/example_dags/example_kubernetes_executor.py
[2026-09-30T21:41:12.077+0000] {processor.py:753} INFO - DAG(s) dict_keys(['example_kubernetes_executor']) retrieved from /home/airflow/.local/lib/python3.7/site-packages/airflow/example_dags/example_kubernetes_executor.py
[2026-09-30T21:41:12.160+0000] {logging_mixin.py:137} INFO - [2026-09-30T21:41:12.159+0000] {dag.py:2676} INFO - Sync 1 DAGs
[2026-09-30T21:41:12.203+0000] {logging_mixin.py:137} INFO - [2026-09-30T21:41:12.203+0000] {dag.py:3427} INFO - Setting next_dagrun for example_kubernetes_executor to None, run_after=None
[2026-09-30T21:41:12.230+0000] {processor.py:175} INFO - Processing /home/airflow/.local/lib/python3.7/site-packages/airflow/example_dags/example_kubernetes_executor.py took 0.215 seconds
[2026-09-30T21:41:42.724+0000] {processor.py:153} INFO - Started process (PID=25251) to work on /home/airflow/.local/lib/python3.7/site-packages/airflow/example_dags/example_kubernetes_executor.py
[2026-09-30T21:41:42.725+0000] {processor.py:743} INFO - Processing file /home/airflow/.local/lib/python3.7/site-packages/airflow/example_dags/example_kubernetes_executor.py for tasks to queue
[2026-09-30T21:41:42.725+0000] {logging_mixin.py:137} INFO - [2026-09-30T21:41:42.725+0000] {dagbag.py:538} INFO - Filling up the DagBag from /home/airflow/.local/lib/python3.7/site-packages/airflow/example_dags/example_kubernetes_executor.py
[2026-09-30T21:41:42.763+0000] {processor.py:753} INFO - DAG(s) dict_keys(['example_kubernetes_executor']) retrieved from /home/airflow/.local/lib/python3.7/site-packages/airflow/example_dags/example_kubernetes_executor.py
[2026-09-30T21:41:42.814+0000] {logging_mixin.py:137} INFO - [2026-09-30T21:41:42.813+0000] {dag.py:2676} INFO - Sync 1 DAGs
[2026-09-30T21:41:42.846+0000] {logging_mixin.py:137} INFO - [2026-09-30T21:41:42.846+0000] {dag.py:3427} INFO - Setting next_dagrun for example_kubernetes_executor to None, run_after=None
[2026-09-30T21:41:42.865+0000] {processor.py:175} INFO - Processing /home/airflow/.local/lib/python3.7/site-packages/airflow/example_dags/example_kubernetes_executor.py took 0.148 seconds
[2026-09-30T21:42:12.983+0000] {processor.py:153} INFO - Started process (PID=25330) to work on /home/airflow/.local/lib/python3.7/site-packages/airflow/example_dags/example_kubernetes_executor.py
[2026-09-30T21:42:12.984+0000] {processor.py:743} INFO - Processing file /home/airflow/.local/lib/python3.7/site-packages/airflow/example_dags/example_kubernetes_executor.py for tasks to queue
[2026-09-30T21:42:12.985+0000] {logging_mixin.py:137} INFO - [2026-09-30T21:42:12.985+0000] {dagbag.py:538} INFO - Filling up the DagBag from /home/airflow/.local/lib/python3.7/site-packages/airflow/example_dags/example_kubernetes_executor.py
[2026-09-30T21:42:13.026+0000] {processor.py:753} INFO - DAG(s) dict_keys(['example_kubernetes_executor']) retrieved from /home/airflow/.local/lib/python3.7/site-packages/airflow/example_dags/example_kubernetes_executor.py
[2026-09-30T21:42:13.089+0000] {logging_mixin.py:137} INFO - [2026-09-30T21:42:13.089+0000] {dag.py:2676} INFO - Sync 1 DAGs
[2026-09-30T21:42:13.130+0000] {logging_mixin.py:137} INFO - [2026-09-30T21:42:13.130+0000] {dag.py:3427} INFO - Setting next_dagrun for example_kubernetes_executor to None, run_after=None
[2026-09-30T21:42:13.156+0000] {processor.py:175} INFO - Processing /home/airflow/.local/lib/python3.7/site-packages/airflow/example_dags/example_kubernetes_executor.py took 0.177 seconds
[2026-09-30T21:42:43.412+0000] {processor.py:153} INFO - Started process (PID=25414) to work on /home/airflow/.local/lib/python3.7/site-packages/airflow/example_dags/example_kubernetes_executor.py
[2026-09-30T21:42:43.413+0000] {processor.py:743} INFO - Processing file /home/airflow/.local/lib/python3.7/site-packages/airflow/example_dags/example_kubernetes_executor.py for tasks to queue
[2026-09-30T21:42:43.414+0000] {logging_mixin.py:137} INFO - [2026-09-30T21:42:43.414+0000] {dagbag.py:538} INFO - Filling up the DagBag from /home/airflow/.local/lib/python3.7/site-packages/airflow/example_dags/example_kubernetes_executor.py
[2026-09-30T21:42:43.454+0000] {processor.py:753} INFO - DAG(s) dict_keys(['example_kubernetes_executor']) retrieved from /home/airflow/.local/lib/python3.7/site-packages/airflow/example_dags/example_kubernetes_executor.py
[2026-09-30T21:42:43.509+0000] {logging_mixin.py:137} INFO - [2026-09-30T21:42:43.509+0000] {dag.py:2676} INFO - Sync 1 DAGs
[2026-09-30T21:42:43.540+0000] {logging_mixin.py:137} INFO - [2026-09-30T21:42:43.540+0000] {dag.py:3427} INFO - Setting next_dagrun for example_kubernetes_executor to None, run_after=None
[2026-09-30T21:42:43.559+0000] {processor.py:175} INFO - Processing /home/airflow/.local/lib/python3.7/site-packages/airflow/example_dags/example_kubernetes_executor.py took 0.152 seconds
[2026-09-30T21:43:13.657+0000] {processor.py:153} INFO - Started process (PID=25513) to work on /home/airflow/.local/lib/python3.7/site-packages/airflow/example_dags/example_kubernetes_executor.py
[2026-09-30T21:43:13.659+0000] {processor.py:743} INFO - Processing file /home/airflow/.local/lib/python3.7/site-packages/airflow/example_dags/example_kubernetes_executor.py for tasks to queue
[2026-09-30T21:43:13.660+0000] {logging_mixin.py:137} INFO - [2026-09-30T21:43:13.659+0000] {dagbag.py:538} INFO - Filling up the DagBag from /home/airflow/.local/lib/python3.7/site-packages/airflow/example_dags/example_kubernetes_executor.py
[2026-09-30T21:43:13.718+0000] {processor.py:753} INFO - DAG(s) dict_keys(['example_kubernetes_executor']) retrieved from /home/airflow/.local/lib/python3.7/site-packages/airflow/example_dags/example_kubernetes_executor.py
[2026-09-30T21:43:13.791+0000] {logging_mixin.py:137} INFO - [2026-09-30T21:43:13.791+0000] {dag.py:2676} INFO - Sync 1 DAGs
[2026-09-30T21:43:13.821+0000] {logging_mixin.py:137} INFO - [2026-09-30T21:43:13.821+0000] {dag.py:3427} INFO - Setting next_dagrun for example_kubernetes_executor to None, run_after=None
[2026-09-30T21:43:13.845+0000] {processor.py:175} INFO - Processing /home/airflow/.local/lib/python3.7/site-packages/airflow/example_dags/example_kubernetes_executor.py took 0.194 seconds
[2026-09-30T21:43:44.094+0000] {processor.py:153} INFO - Started process (PID=25593) to work on /home/airflow/.local/lib/python3.7/site-packages/airflow/example_dags/example_kubernetes_executor.py
[2026-09-30T21:43:44.096+0000] {processor.py:743} INFO - Processing file /home/airflow/.local/lib/python3.7/site-packages/airflow/example_dags/example_kubernetes_executor.py for tasks to queue
[2026-09-30T21:43:44.096+0000] {logging_mixin.py:137} INFO - [2026-09-30T21:43:44.096+0000] {dagbag.py:538} INFO - Filling up the DagBag from /home/airflow/.local/lib/python3.7/site-packages/airflow/example_dags/example_kubernetes_executor.py
[2026-09-30T21:43:44.139+0000] {processor.py:753} INFO - DAG(s) dict_keys(['example_kubernetes_executor']) retrieved from /home/airflow/.local/lib/python3.7/site-packages/airflow/example_dags/example_kubernetes_executor.py
[2026-09-30T21:43:44.192+0000] {logging_mixin.py:137} INFO - [2026-09-30T21:43:44.192+0000] {dag.py:2676} INFO - Sync 1 DAGs
[2026-09-30T21:43:44.225+0000] {logging_mixin.py:137} INFO - [2026-09-30T21:43:44.225+0000] {dag.py:3427} INFO - Setting next_dagrun for example_kubernetes_executor to None, run_after=None
[2026-09-30T21:43:44.248+0000] {processor.py:175} INFO - Processing /home/airflow/.local/lib/python3.7/site-packages/airflow/example_dags/example_kubernetes_executor.py took 0.157 seconds
[2026-09-30T21:44:14.504+0000] {processor.py:153} INFO - Started process (PID=25677) to work on /home/airflow/.local/lib/python3.7/site-packages/airflow/example_dags/example_kubernetes_executor.py
[2026-09-30T21:44:14.505+0000] {processor.py:743} INFO - Processing file /home/airflow/.local/lib/python3.7/site-packages/airflow/example_dags/example_kubernetes_executor.py for tasks to queue
[2026-09-30T21:44:14.506+0000] {logging_mixin.py:137} INFO - [2026-09-30T21:44:14.506+0000] {dagbag.py:538} INFO - Filling up the DagBag from /home/airflow/.local/lib/python3.7/site-packages/airflow/example_dags/example_kubernetes_executor.py
[2026-09-30T21:44:14.545+0000] {processor.py:753} INFO - DAG(s) dict_keys(['example_kubernetes_executor']) retrieved from /home/airflow/.local/lib/python3.7/site-packages/airflow/example_dags/example_kubernetes_executor.py
[2026-09-30T21:44:14.605+0000] {logging_mixin.py:137} INFO - [2026-09-30T21:44:14.604+0000] {dag.py:2676} INFO - Sync 1 DAGs
[2026-09-30T21:44:14.636+0000] {logging_mixin.py:137} INFO - [2026-09-30T21:44:14.636+0000] {dag.py:3427} INFO - Setting next_dagrun for example_kubernetes_executor to None, run_after=None
[2026-09-30T21:44:14.656+0000] {processor.py:175} INFO - Processing /home/airflow/.local/lib/python3.7/site-packages/airflow/example_dags/example_kubernetes_executor.py took 0.156 seconds
[2026-09-30T21:44:45.002+0000] {processor.py:153} INFO - Started process (PID=25764) to work on /home/airflow/.local/lib/python3.7/site-packages/airflow/example_dags/example_kubernetes_executor.py
[2026-09-30T21:44:45.003+0000] {processor.py:743} INFO - Processing file /home/airflow/.local/lib/python3.7/site-packages/airflow/example_dags/example_kubernetes_executor.py for tasks to queue
[2026-09-30T21:44:45.004+0000] {logging_mixin.py:137} INFO - [2026-09-30T21:44:45.004+0000] {dagbag.py:538} INFO - Filling up the DagBag from /home/airflow/.local/lib/python3.7/site-packages/airflow/example_dags/example_kubernetes_executor.py
[2026-09-30T21:44:45.045+0000] {processor.py:753} INFO - DAG(s) dict_keys(['example_kubernetes_executor']) retrieved from /home/airflow/.local/lib/python3.7/site-packages/airflow/example_dags/example_kubernetes_executor.py
[2026-09-30T21:44:45.110+0000] {logging_mixin.py:137} INFO - [2026-09-30T21:44:45.110+0000] {dag.py:2676} INFO - Sync 1 DAGs
[2026-09-30T21:44:45.174+0000] {logging_mixin.py:137} INFO - [2026-09-30T21:44:45.173+0000] {dag.py:3427} INFO - Setting next_dagrun for example_kubernetes_executor to None, run_after=None
[2026-09-30T21:44:45.202+0000] {processor.py:175} INFO - Processing /home/airflow/.local/lib/python3.7/site-packages/airflow/example_dags/example_kubernetes_executor.py took 0.204 seconds
[2026-09-30T21:45:16.159+0000] {processor.py:153} INFO - Started process (PID=25857) to work on /home/airflow/.local/lib/python3.7/site-packages/airflow/example_dags/example_kubernetes_executor.py
[2026-09-30T21:45:16.160+0000] {processor.py:743} INFO - Processing file /home/airflow/.local/lib/python3.7/site-packages/airflow/example_dags/example_kubernetes_executor.py for tasks to queue
[2026-09-30T21:45:16.161+0000] {logging_mixin.py:137} INFO - [2026-09-30T21:45:16.161+0000] {dagbag.py:538} INFO - Filling up the DagBag from /home/airflow/.local/lib/python3.7/site-packages/airflow/example_dags/example_kubernetes_executor.py
[2026-09-30T21:45:16.198+0000] {processor.py:753} INFO - DAG(s) dict_keys(['example_kubernetes_executor']) retrieved from /home/airflow/.local/lib/python3.7/site-packages/airflow/example_dags/example_kubernetes_executor.py
[2026-09-30T21:45:16.262+0000] {logging_mixin.py:137} INFO - [2026-09-30T21:45:16.261+0000] {dag.py:2676} INFO - Sync 1 DAGs
[2026-09-30T21:45:16.307+0000] {logging_mixin.py:137} INFO - [2026-09-30T21:45:16.307+0000] {dag.py:3427} INFO - Setting next_dagrun for example_kubernetes_executor to None, run_after=None
[2026-09-30T21:45:16.331+0000] {processor.py:175} INFO - Processing /home/airflow/.local/lib/python3.7/site-packages/airflow/example_dags/example_kubernetes_executor.py took 0.176 seconds
[2026-09-30T21:45:46.442+0000] {processor.py:153} INFO - Started process (PID=25937) to work on /home/airflow/.local/lib/python3.7/site-packages/airflow/example_dags/example_kubernetes_executor.py
[2026-09-30T21:45:46.443+0000] {processor.py:743} INFO - Processing file /home/airflow/.local/lib/python3.7/site-packages/airflow/example_dags/example_kubernetes_executor.py for tasks to queue
[2026-09-30T21:45:46.444+0000] {logging_mixin.py:137} INFO - [2026-09-30T21:45:46.444+0000] {dagbag.py:538} INFO - Filling up the DagBag from /home/airflow/.local/lib/python3.7/site-packages/airflow/example_dags/example_kubernetes_executor.py
[2026-09-30T21:45:46.489+0000] {processor.py:753} INFO - DAG(s) dict_keys(['example_kubernetes_executor']) retrieved from /home/airflow/.local/lib/python3.7/site-packages/airflow/example_dags/example_kubernetes_executor.py
[2026-09-30T21:45:46.552+0000] {logging_mixin.py:137} INFO - [2026-09-30T21:45:46.552+0000] {dag.py:2676} INFO - Sync 1 DAGs
[2026-09-30T21:45:46.601+0000] {logging_mixin.py:137} INFO - [2026-09-30T21:45:46.601+0000] {dag.py:3427} INFO - Setting next_dagrun for example_kubernetes_executor to None, run_after=None
[2026-09-30T21:45:46.626+0000] {processor.py:175} INFO - Processing /home/airflow/.local/lib/python3.7/site-packages/airflow/example_dags/example_kubernetes_executor.py took 0.188 seconds
[2026-09-30T21:46:16.671+0000] {processor.py:153} INFO - Started process (PID=26016) to work on /home/airflow/.local/lib/python3.7/site-packages/airflow/example_dags/example_kubernetes_executor.py
[2026-09-30T21:46:16.672+0000] {processor.py:743} INFO - Processing file /home/airflow/.local/lib/python3.7/site-packages/airflow/example_dags/example_kubernetes_executor.py for tasks to queue
[2026-09-30T21:46:16.673+0000] {logging_mixin.py:137} INFO - [2026-09-30T21:46:16.673+0000] {dagbag.py:538} INFO - Filling up the DagBag from /home/airflow/.local/lib/python3.7/site-packages/airflow/example_dags/example_kubernetes_executor.py
[2026-09-30T21:46:16.714+0000] {processor.py:753} INFO - DAG(s) dict_keys(['example_kubernetes_executor']) retrieved from /home/airflow/.local/lib/python3.7/site-packages/airflow/example_dags/example_kubernetes_executor.py
[2026-09-30T21:46:16.774+0000] {logging_mixin.py:137} INFO - [2026-09-30T21:46:16.774+0000] {dag.py:2676} INFO - Sync 1 DAGs
[2026-09-30T21:46:16.822+0000] {logging_mixin.py:137} INFO - [2026-09-30T21:46:16.822+0000] {dag.py:3427} INFO - Setting next_dagrun for example_kubernetes_executor to None, run_after=None
[2026-09-30T21:46:16.856+0000] {processor.py:175} INFO - Processing /home/airflow/.local/lib/python3.7/site-packages/airflow/example_dags/example_kubernetes_executor.py took 0.189 seconds
[2026-09-30T21:46:47.040+0000] {processor.py:153} INFO - Started process (PID=26117) to work on /home/airflow/.local/lib/python3.7/site-packages/airflow/example_dags/example_kubernetes_executor.py
[2026-09-30T21:46:47.041+0000] {processor.py:743} INFO - Processing file /home/airflow/.local/lib/python3.7/site-packages/airflow/example_dags/example_kubernetes_executor.py for tasks to queue
[2026-09-30T21:46:47.042+0000] {logging_mixin.py:137} INFO - [2026-09-30T21:46:47.042+0000] {dagbag.py:538} INFO - Filling up the DagBag from /home/airflow/.local/lib/python3.7/site-packages/airflow/example_dags/example_kubernetes_executor.py
[2026-09-30T21:46:47.089+0000] {processor.py:753} INFO - DAG(s) dict_keys(['example_kubernetes_executor']) retrieved from /home/airflow/.local/lib/python3.7/site-packages/airflow/example_dags/example_kubernetes_executor.py
[2026-09-30T21:46:47.152+0000] {logging_mixin.py:137} INFO - [2026-09-30T21:46:47.152+0000] {dag.py:2676} INFO - Sync 1 DAGs
[2026-09-30T21:46:47.183+0000] {logging_mixin.py:137} INFO - [2026-09-30T21:46:47.183+0000] {dag.py:3427} INFO - Setting next_dagrun for example_kubernetes_executor to None, run_after=None
[2026-09-30T21:46:47.203+0000] {processor.py:175} INFO - Processing /home/airflow/.local/lib/python3.7/site-packages/airflow/example_dags/example_kubernetes_executor.py took 0.167 seconds
[2026-09-30T21:47:17.422+0000] {processor.py:153} INFO - Started process (PID=26202) to work on /home/airflow/.local/lib/python3.7/site-packages/airflow/example_dags/example_kubernetes_executor.py
[2026-09-30T21:47:17.423+0000] {processor.py:743} INFO - Processing file /home/airflow/.local/lib/python3.7/site-packages/airflow/example_dags/example_kubernetes_executor.py for tasks to queue
[2026-09-30T21:47:17.424+0000] {logging_mixin.py:137} INFO - [2026-09-30T21:47:17.424+0000] {dagbag.py:538} INFO - Filling up the DagBag from /home/airflow/.local/lib/python3.7/site-packages/airflow/example_dags/example_kubernetes_executor.py
[2026-09-30T21:47:17.467+0000] {processor.py:753} INFO - DAG(s) dict_keys(['example_kubernetes_executor']) retrieved from /home/airflow/.local/lib/python3.7/site-packages/airflow/example_dags/example_kubernetes_executor.py
[2026-09-30T21:47:17.526+0000] {logging_mixin.py:137} INFO - [2026-09-30T21:47:17.525+0000] {dag.py:2676} INFO - Sync 1 DAGs
[2026-09-30T21:47:17.576+0000] {logging_mixin.py:137} INFO - [2026-09-30T21:47:17.576+0000] {dag.py:3427} INFO - Setting next_dagrun for example_kubernetes_executor to None, run_after=None
[2026-09-30T21:47:17.598+0000] {processor.py:175} INFO - Processing /home/airflow/.local/lib/python3.7/site-packages/airflow/example_dags/example_kubernetes_executor.py took 0.180 seconds
[2026-09-30T21:47:47.909+0000] {processor.py:153} INFO - Started process (PID=26288) to work on /home/airflow/.local/lib/python3.7/site-packages/airflow/example_dags/example_kubernetes_executor.py
[2026-09-30T21:47:47.910+0000] {processor.py:743} INFO - Processing file /home/airflow/.local/lib/python3.7/site-packages/airflow/example_dags/example_kubernetes_executor.py for tasks to queue
[2026-09-30T21:47:47.911+0000] {logging_mixin.py:137} INFO - [2026-09-30T21:47:47.911+0000] {dagbag.py:538} INFO - Filling up the DagBag from /home/airflow/.local/lib/python3.7/site-packages/airflow/example_dags/example_kubernetes_executor.py
[2026-09-30T21:47:47.956+0000] {processor.py:753} INFO - DAG(s) dict_keys(['example_kubernetes_executor']) retrieved from /home/airflow/.local/lib/python3.7/site-packages/airflow/example_dags/example_kubernetes_executor.py
[2026-09-30T21:47:48.023+0000] {logging_mixin.py:137} INFO - [2026-09-30T21:47:48.022+0000] {dag.py:2676} INFO - Sync 1 DAGs
[2026-09-30T21:47:48.054+0000] {logging_mixin.py:137} INFO - [2026-09-30T21:47:48.053+0000] {dag.py:3427} INFO - Setting next_dagrun for example_kubernetes_executor to None, run_after=None
[2026-09-30T21:47:48.073+0000] {processor.py:175} INFO - Processing /home/airflow/.local/lib/python3.7/site-packages/airflow/example_dags/example_kubernetes_executor.py took 0.171 seconds
[2026-09-30T21:48:18.482+0000] {processor.py:153} INFO - Started process (PID=26376) to work on /home/airflow/.local/lib/python3.7/site-packages/airflow/example_dags/example_kubernetes_executor.py
[2026-09-30T21:48:18.484+0000] {processor.py:743} INFO - Processing file /home/airflow/.local/lib/python3.7/site-packages/airflow/example_dags/example_kubernetes_executor.py for tasks to queue
[2026-09-30T21:48:18.484+0000] {logging_mixin.py:137} INFO - [2026-09-30T21:48:18.484+0000] {dagbag.py:538} INFO - Filling up the DagBag from /home/airflow/.local/lib/python3.7/site-packages/airflow/example_dags/example_kubernetes_executor.py
[2026-09-30T21:48:18.532+0000] {processor.py:753} INFO - DAG(s) dict_keys(['example_kubernetes_executor']) retrieved from /home/airflow/.local/lib/python3.7/site-packages/airflow/example_dags/example_kubernetes_executor.py
[2026-09-30T21:48:18.604+0000] {logging_mixin.py:137} INFO - [2026-09-30T21:48:18.604+0000] {dag.py:2676} INFO - Sync 1 DAGs
[2026-09-30T21:48:18.651+0000] {logging_mixin.py:137} INFO - [2026-09-30T21:48:18.651+0000] {dag.py:3427} INFO - Setting next_dagrun for example_kubernetes_executor to None, run_after=None
[2026-09-30T21:48:18.675+0000] {processor.py:175} INFO - Processing /home/airflow/.local/lib/python3.7/site-packages/airflow/example_dags/example_kubernetes_executor.py took 0.197 seconds
[2026-09-30T21:48:49.423+0000] {processor.py:153} INFO - Started process (PID=26475) to work on /home/airflow/.local/lib/python3.7/site-packages/airflow/example_dags/example_kubernetes_executor.py
[2026-09-30T21:48:49.424+0000] {processor.py:743} INFO - Processing file /home/airflow/.local/lib/python3.7/site-packages/airflow/example_dags/example_kubernetes_executor.py for tasks to queue
[2026-09-30T21:48:49.424+0000] {logging_mixin.py:137} INFO - [2026-09-30T21:48:49.424+0000] {dagbag.py:538} INFO - Filling up the DagBag from /home/airflow/.local/lib/python3.7/site-packages/airflow/example_dags/example_kubernetes_executor.py
[2026-09-30T21:48:49.455+0000] {processor.py:753} INFO - DAG(s) dict_keys(['example_kubernetes_executor']) retrieved from /home/airflow/.local/lib/python3.7/site-packages/airflow/example_dags/example_kubernetes_executor.py
[2026-09-30T21:48:49.498+0000] {logging_mixin.py:137} INFO - [2026-09-30T21:48:49.498+0000] {dag.py:2676} INFO - Sync 1 DAGs
[2026-09-30T21:48:49.522+0000] {logging_mixin.py:137} INFO - [2026-09-30T21:48:49.522+0000] {dag.py:3427} INFO - Setting next_dagrun for example_kubernetes_executor to None, run_after=None
[2026-09-30T21:48:49.539+0000] {processor.py:175} INFO - Processing /home/airflow/.local/lib/python3.7/site-packages/airflow/example_dags/example_kubernetes_executor.py took 0.120 seconds
[2026-09-30T21:49:20.254+0000] {processor.py:153} INFO - Started process (PID=26559) to work on /home/airflow/.local/lib/python3.7/site-packages/airflow/example_dags/example_kubernetes_executor.py
[2026-09-30T21:49:20.256+0000] {processor.py:743} INFO - Processing file /home/airflow/.local/lib/python3.7/site-packages/airflow/example_dags/example_kubernetes_executor.py for tasks to queue
[2026-09-30T21:49:20.258+0000] {logging_mixin.py:137} INFO - [2026-09-30T21:49:20.258+0000] {dagbag.py:538} INFO - Filling up the DagBag from /home/airflow/.local/lib/python3.7/site-packages/airflow/example_dags/example_kubernetes_executor.py
[2026-09-30T21:49:20.331+0000] {processor.py:753} INFO - DAG(s) dict_keys(['example_kubernetes_executor']) retrieved from /home/airflow/.local/lib/python3.7/site-packages/airflow/example_dags/example_kubernetes_executor.py
[2026-09-30T21:49:20.456+0000] {logging_mixin.py:137} INFO - [2026-09-30T21:49:20.455+0000] {dag.py:2676} INFO - Sync 1 DAGs
[2026-09-30T21:49:20.549+0000] {logging_mixin.py:137} INFO - [2026-09-30T21:49:20.549+0000] {dag.py:3427} INFO - Setting next_dagrun for example_kubernetes_executor to None, run_after=None
[2026-09-30T21:49:20.604+0000] {processor.py:175} INFO - Processing /home/airflow/.local/lib/python3.7/site-packages/airflow/example_dags/example_kubernetes_executor.py took 0.356 seconds
[2026-09-30T21:49:51.411+0000] {processor.py:153} INFO - Started process (PID=26658) to work on /home/airflow/.local/lib/python3.7/site-packages/airflow/example_dags/example_kubernetes_executor.py
[2026-09-30T21:49:51.412+0000] {processor.py:743} INFO - Processing file /home/airflow/.local/lib/python3.7/site-packages/airflow/example_dags/example_kubernetes_executor.py for tasks to queue
[2026-09-30T21:49:51.412+0000] {logging_mixin.py:137} INFO - [2026-09-30T21:49:51.412+0000] {dagbag.py:538} INFO - Filling up the DagBag from /home/airflow/.local/lib/python3.7/site-packages/airflow/example_dags/example_kubernetes_executor.py
[2026-09-30T21:49:51.443+0000] {processor.py:753} INFO - DAG(s) dict_keys(['example_kubernetes_executor']) retrieved from /home/airflow/.local/lib/python3.7/site-packages/airflow/example_dags/example_kubernetes_executor.py
[2026-09-30T21:49:51.484+0000] {logging_mixin.py:137} INFO - [2026-09-30T21:49:51.484+0000] {dag.py:2676} INFO - Sync 1 DAGs
[2026-09-30T21:49:51.510+0000] {logging_mixin.py:137} INFO - [2026-09-30T21:49:51.510+0000] {dag.py:3427} INFO - Setting next_dagrun for example_kubernetes_executor to None, run_after=None
[2026-09-30T21:49:51.526+0000] {processor.py:175} INFO - Processing /home/airflow/.local/lib/python3.7/site-packages/airflow/example_dags/example_kubernetes_executor.py took 0.118 seconds
[2026-09-30T21:50:22.258+0000] {processor.py:153} INFO - Started process (PID=26737) to work on /home/airflow/.local/lib/python3.7/site-packages/airflow/example_dags/example_kubernetes_executor.py
[2026-09-30T21:50:22.259+0000] {processor.py:743} INFO - Processing file /home/airflow/.local/lib/python3.7/site-packages/airflow/example_dags/example_kubernetes_executor.py for tasks to queue
[2026-09-30T21:50:22.259+0000] {logging_mixin.py:137} INFO - [2026-09-30T21:50:22.259+0000] {dagbag.py:538} INFO - Filling up the DagBag from /home/airflow/.local/lib/python3.7/site-packages/airflow/example_dags/example_kubernetes_executor.py
[2026-09-30T21:50:22.299+0000] {processor.py:753} INFO - DAG(s) dict_keys(['example_kubernetes_executor']) retrieved from /home/airflow/.local/lib/python3.7/site-packages/airflow/example_dags/example_kubernetes_executor.py
[2026-09-30T21:50:22.356+0000] {logging_mixin.py:137} INFO - [2026-09-30T21:50:22.355+0000] {dag.py:2676} INFO - Sync 1 DAGs
[2026-09-30T21:50:22.387+0000] {logging_mixin.py:137} INFO - [2026-09-30T21:50:22.387+0000] {dag.py:3427} INFO - Setting next_dagrun for example_kubernetes_executor to None, run_after=None
[2026-09-30T21:50:22.410+0000] {processor.py:175} INFO - Processing /home/airflow/.local/lib/python3.7/site-packages/airflow/example_dags/example_kubernetes_executor.py took 0.156 seconds
[2026-09-30T21:50:53.137+0000] {processor.py:153} INFO - Started process (PID=26816) to work on /home/airflow/.local/lib/python3.7/site-packages/airflow/example_dags/example_kubernetes_executor.py
[2026-09-30T21:50:53.138+0000] {processor.py:743} INFO - Processing file /home/airflow/.local/lib/python3.7/site-packages/airflow/example_dags/example_kubernetes_executor.py for tasks to queue
[2026-09-30T21:50:53.139+0000] {logging_mixin.py:137} INFO - [2026-09-30T21:50:53.138+0000] {dagbag.py:538} INFO - Filling up the DagBag from /home/airflow/.local/lib/python3.7/site-packages/airflow/example_dags/example_kubernetes_executor.py
[2026-09-30T21:50:53.177+0000] {processor.py:753} INFO - DAG(s) dict_keys(['example_kubernetes_executor']) retrieved from /home/airflow/.local/lib/python3.7/site-packages/airflow/example_dags/example_kubernetes_executor.py
[2026-09-30T21:50:53.232+0000] {logging_mixin.py:137} INFO - [2026-09-30T21:50:53.232+0000] {dag.py:2676} INFO - Sync 1 DAGs
[2026-09-30T21:50:53.267+0000] {logging_mixin.py:137} INFO - [2026-09-30T21:50:53.267+0000] {dag.py:3427} INFO - Setting next_dagrun for example_kubernetes_executor to None, run_after=None
[2026-09-30T21:50:53.291+0000] {processor.py:175} INFO - Processing /home/airflow/.local/lib/python3.7/site-packages/airflow/example_dags/example_kubernetes_executor.py took 0.159 seconds
[2026-09-30T21:51:23.578+0000] {processor.py:153} INFO - Started process (PID=26915) to work on /home/airflow/.local/lib/python3.7/site-packages/airflow/example_dags/example_kubernetes_executor.py
[2026-09-30T21:51:23.579+0000] {processor.py:743} INFO - Processing file /home/airflow/.local/lib/python3.7/site-packages/airflow/example_dags/example_kubernetes_executor.py for tasks to queue
[2026-09-30T21:51:23.580+0000] {logging_mixin.py:137} INFO - [2026-09-30T21:51:23.580+0000] {dagbag.py:538} INFO - Filling up the DagBag from /home/airflow/.local/lib/python3.7/site-packages/airflow/example_dags/example_kubernetes_executor.py
[2026-09-30T21:51:23.625+0000] {processor.py:753} INFO - DAG(s) dict_keys(['example_kubernetes_executor']) retrieved from /home/airflow/.local/lib/python3.7/site-packages/airflow/example_dags/example_kubernetes_executor.py
[2026-09-30T21:51:23.685+0000] {logging_mixin.py:137} INFO - [2026-09-30T21:51:23.685+0000] {dag.py:2676} INFO - Sync 1 DAGs
[2026-09-30T21:51:23.722+0000] {logging_mixin.py:137} INFO - [2026-09-30T21:51:23.722+0000] {dag.py:3427} INFO - Setting next_dagrun for example_kubernetes_executor to None, run_after=None
[2026-09-30T21:51:23.748+0000] {processor.py:175} INFO - Processing /home/airflow/.local/lib/python3.7/site-packages/airflow/example_dags/example_kubernetes_executor.py took 0.173 seconds
[2026-09-30T21:51:54.221+0000] {processor.py:153} INFO - Started process (PID=26994) to work on /home/airflow/.local/lib/python3.7/site-packages/airflow/example_dags/example_kubernetes_executor.py
[2026-09-30T21:51:54.222+0000] {processor.py:743} INFO - Processing file /home/airflow/.local/lib/python3.7/site-packages/airflow/example_dags/example_kubernetes_executor.py for tasks to queue
[2026-09-30T21:51:54.223+0000] {logging_mixin.py:137} INFO - [2026-09-30T21:51:54.222+0000] {dagbag.py:538} INFO - Filling up the DagBag from /home/airflow/.local/lib/python3.7/site-packages/airflow/example_dags/example_kubernetes_executor.py
[2026-09-30T21:51:54.261+0000] {processor.py:753} INFO - DAG(s) dict_keys(['example_kubernetes_executor']) retrieved from /home/airflow/.local/lib/python3.7/site-packages/airflow/example_dags/example_kubernetes_executor.py
[2026-09-30T21:51:54.313+0000] {logging_mixin.py:137} INFO - [2026-09-30T21:51:54.313+0000] {dag.py:2676} INFO - Sync 1 DAGs
[2026-09-30T21:51:54.345+0000] {logging_mixin.py:137} INFO - [2026-09-30T21:51:54.345+0000] {dag.py:3427} INFO - Setting next_dagrun for example_kubernetes_executor to None, run_after=None
[2026-09-30T21:51:54.368+0000] {processor.py:175} INFO - Processing /home/airflow/.local/lib/python3.7/site-packages/airflow/example_dags/example_kubernetes_executor.py took 0.151 seconds
[2026-09-30T21:52:24.966+0000] {processor.py:153} INFO - Started process (PID=27073) to work on /home/airflow/.local/lib/python3.7/site-packages/airflow/example_dags/example_kubernetes_executor.py
[2026-09-30T21:52:24.968+0000] {processor.py:743} INFO - Processing file /home/airflow/.local/lib/python3.7/site-packages/airflow/example_dags/example_kubernetes_executor.py for tasks to queue
[2026-09-30T21:52:24.969+0000] {logging_mixin.py:137} INFO - [2026-09-30T21:52:24.969+0000] {dagbag.py:538} INFO - Filling up the DagBag from /home/airflow/.local/lib/python3.7/site-packages/airflow/example_dags/example_kubernetes_executor.py
[2026-09-30T21:52:25.011+0000] {processor.py:753} INFO - DAG(s) dict_keys(['example_kubernetes_executor']) retrieved from /home/airflow/.local/lib/python3.7/site-packages/airflow/example_dags/example_kubernetes_executor.py
[2026-09-30T21:52:25.079+0000] {logging_mixin.py:137} INFO - [2026-09-30T21:52:25.079+0000] {dag.py:2676} INFO - Sync 1 DAGs
[2026-09-30T21:52:25.111+0000] {logging_mixin.py:137} INFO - [2026-09-30T21:52:25.111+0000] {dag.py:3427} INFO - Setting next_dagrun for example_kubernetes_executor to None, run_after=None
[2026-09-30T21:52:25.133+0000] {processor.py:175} INFO - Processing /home/airflow/.local/lib/python3.7/site-packages/airflow/example_dags/example_kubernetes_executor.py took 0.171 seconds
[2026-09-30T21:52:55.916+0000] {processor.py:153} INFO - Started process (PID=27152) to work on /home/airflow/.local/lib/python3.7/site-packages/airflow/example_dags/example_kubernetes_executor.py
[2026-09-30T21:52:55.917+0000] {processor.py:743} INFO - Processing file /home/airflow/.local/lib/python3.7/site-packages/airflow/example_dags/example_kubernetes_executor.py for tasks to queue
[2026-09-30T21:52:55.917+0000] {logging_mixin.py:137} INFO - [2026-09-30T21:52:55.917+0000] {dagbag.py:538} INFO - Filling up the DagBag from /home/airflow/.local/lib/python3.7/site-packages/airflow/example_dags/example_kubernetes_executor.py
[2026-09-30T21:52:55.964+0000] {processor.py:753} INFO - DAG(s) dict_keys(['example_kubernetes_executor']) retrieved from /home/airflow/.local/lib/python3.7/site-packages/airflow/example_dags/example_kubernetes_executor.py
[2026-09-30T21:52:56.020+0000] {logging_mixin.py:137} INFO - [2026-09-30T21:52:56.019+0000] {dag.py:2676} INFO - Sync 1 DAGs
[2026-09-30T21:52:56.052+0000] {logging_mixin.py:137} INFO - [2026-09-30T21:52:56.052+0000] {dag.py:3427} INFO - Setting next_dagrun for example_kubernetes_executor to None, run_after=None
[2026-09-30T21:52:56.075+0000] {processor.py:175} INFO - Processing /home/airflow/.local/lib/python3.7/site-packages/airflow/example_dags/example_kubernetes_executor.py took 0.164 seconds
[2026-09-30T21:53:26.711+0000] {processor.py:153} INFO - Started process (PID=27251) to work on /home/airflow/.local/lib/python3.7/site-packages/airflow/example_dags/example_kubernetes_executor.py
[2026-09-30T21:53:26.713+0000] {processor.py:743} INFO - Processing file /home/airflow/.local/lib/python3.7/site-packages/airflow/example_dags/example_kubernetes_executor.py for tasks to queue
[2026-09-30T21:53:26.713+0000] {logging_mixin.py:137} INFO - [2026-09-30T21:53:26.713+0000] {dagbag.py:538} INFO - Filling up the DagBag from /home/airflow/.local/lib/python3.7/site-packages/airflow/example_dags/example_kubernetes_executor.py
[2026-09-30T21:53:26.752+0000] {processor.py:753} INFO - DAG(s) dict_keys(['example_kubernetes_executor']) retrieved from /home/airflow/.local/lib/python3.7/site-packages/airflow/example_dags/example_kubernetes_executor.py
[2026-09-30T21:53:26.808+0000] {logging_mixin.py:137} INFO - [2026-09-30T21:53:26.807+0000] {dag.py:2676} INFO - Sync 1 DAGs
[2026-09-30T21:53:26.840+0000] {logging_mixin.py:137} INFO - [2026-09-30T21:53:26.840+0000] {dag.py:3427} INFO - Setting next_dagrun for example_kubernetes_executor to None, run_after=None
[2026-09-30T21:53:26.861+0000] {processor.py:175} INFO - Processing /home/airflow/.local/lib/python3.7/site-packages/airflow/example_dags/example_kubernetes_executor.py took 0.154 seconds
[2026-09-30T21:53:57.214+0000] {processor.py:153} INFO - Started process (PID=27330) to work on /home/airflow/.local/lib/python3.7/site-packages/airflow/example_dags/example_kubernetes_executor.py
[2026-09-30T21:53:57.214+0000] {processor.py:743} INFO - Processing file /home/airflow/.local/lib/python3.7/site-packages/airflow/example_dags/example_kubernetes_executor.py for tasks to queue
[2026-09-30T21:53:57.215+0000] {logging_mixin.py:137} INFO - [2026-09-30T21:53:57.215+0000] {dagbag.py:538} INFO - Filling up the DagBag from /home/airflow/.local/lib/python3.7/site-packages/airflow/example_dags/example_kubernetes_executor.py
[2026-09-30T21:53:57.241+0000] {processor.py:753} INFO - DAG(s) dict_keys(['example_kubernetes_executor']) retrieved from /home/airflow/.local/lib/python3.7/site-packages/airflow/example_dags/example_kubernetes_executor.py
[2026-09-30T21:53:57.279+0000] {logging_mixin.py:137} INFO - [2026-09-30T21:53:57.279+0000] {dag.py:2676} INFO - Sync 1 DAGs
[2026-09-30T21:53:57.304+0000] {logging_mixin.py:137} INFO - [2026-09-30T21:53:57.304+0000] {dag.py:3427} INFO - Setting next_dagrun for example_kubernetes_executor to None, run_after=None
[2026-09-30T21:53:57.320+0000] {processor.py:175} INFO - Processing /home/airflow/.local/lib/python3.7/site-packages/airflow/example_dags/example_kubernetes_executor.py took 0.109 seconds
[2026-09-30T21:54:28.036+0000] {processor.py:153} INFO - Started process (PID=27409) to work on /home/airflow/.local/lib/python3.7/site-packages/airflow/example_dags/example_kubernetes_executor.py
[2026-09-30T21:54:28.037+0000] {processor.py:743} INFO - Processing file /home/airflow/.local/lib/python3.7/site-packages/airflow/example_dags/example_kubernetes_executor.py for tasks to queue
[2026-09-30T21:54:28.037+0000] {logging_mixin.py:137} INFO - [2026-09-30T21:54:28.037+0000] {dagbag.py:538} INFO - Filling up the DagBag from /home/airflow/.local/lib/python3.7/site-packages/airflow/example_dags/example_kubernetes_executor.py
[2026-09-30T21:54:28.080+0000] {processor.py:753} INFO - DAG(s) dict_keys(['example_kubernetes_executor']) retrieved from /home/airflow/.local/lib/python3.7/site-packages/airflow/example_dags/example_kubernetes_executor.py
[2026-09-30T21:54:28.134+0000] {logging_mixin.py:137} INFO - [2026-09-30T21:54:28.134+0000] {dag.py:2676} INFO - Sync 1 DAGs
[2026-09-30T21:54:28.167+0000] {logging_mixin.py:137} INFO - [2026-09-30T21:54:28.167+0000] {dag.py:3427} INFO - Setting next_dagrun for example_kubernetes_executor to None, run_after=None
[2026-09-30T21:54:28.190+0000] {processor.py:175} INFO - Processing /home/airflow/.local/lib/python3.7/site-packages/airflow/example_dags/example_kubernetes_executor.py took 0.158 seconds
[2026-09-30T21:54:58.545+0000] {processor.py:153} INFO - Started process (PID=27508) to work on /home/airflow/.local/lib/python3.7/site-packages/airflow/example_dags/example_kubernetes_executor.py
[2026-09-30T21:54:58.545+0000] {processor.py:743} INFO - Processing file /home/airflow/.local/lib/python3.7/site-packages/airflow/example_dags/example_kubernetes_executor.py for tasks to queue
[2026-09-30T21:54:58.546+0000] {logging_mixin.py:137} INFO - [2026-09-30T21:54:58.546+0000] {dagbag.py:538} INFO - Filling up the DagBag from /home/airflow/.local/lib/python3.7/site-packages/airflow/example_dags/example_kubernetes_executor.py
[2026-09-30T21:54:58.626+0000] {processor.py:753} INFO - DAG(s) dict_keys(['example_kubernetes_executor']) retrieved from /home/airflow/.local/lib/python3.7/site-packages/airflow/example_dags/example_kubernetes_executor.py
[2026-09-30T21:54:58.717+0000] {logging_mixin.py:137} INFO - [2026-09-30T21:54:58.717+0000] {dag.py:2676} INFO - Sync 1 DAGs
[2026-09-30T21:54:58.780+0000] {logging_mixin.py:137} INFO - [2026-09-30T21:54:58.780+0000] {dag.py:3427} INFO - Setting next_dagrun for example_kubernetes_executor to None, run_after=None
[2026-09-30T21:54:58.813+0000] {processor.py:175} INFO - Processing /home/airflow/.local/lib/python3.7/site-packages/airflow/example_dags/example_kubernetes_executor.py took 0.273 seconds
[2026-09-30T21:55:28.929+0000] {processor.py:153} INFO - Started process (PID=27587) to work on /home/airflow/.local/lib/python3.7/site-packages/airflow/example_dags/example_kubernetes_executor.py
[2026-09-30T21:55:28.930+0000] {processor.py:743} INFO - Processing file /home/airflow/.local/lib/python3.7/site-packages/airflow/example_dags/example_kubernetes_executor.py for tasks to queue
[2026-09-30T21:55:28.931+0000] {logging_mixin.py:137} INFO - [2026-09-30T21:55:28.930+0000] {dagbag.py:538} INFO - Filling up the DagBag from /home/airflow/.local/lib/python3.7/site-packages/airflow/example_dags/example_kubernetes_executor.py
[2026-09-30T21:55:28.976+0000] {processor.py:753} INFO - DAG(s) dict_keys(['example_kubernetes_executor']) retrieved from /home/airflow/.local/lib/python3.7/site-packages/airflow/example_dags/example_kubernetes_executor.py
[2026-09-30T21:55:29.038+0000] {logging_mixin.py:137} INFO - [2026-09-30T21:55:29.038+0000] {dag.py:2676} INFO - Sync 1 DAGs
[2026-09-30T21:55:29.088+0000] {logging_mixin.py:137} INFO - [2026-09-30T21:55:29.087+0000] {dag.py:3427} INFO - Setting next_dagrun for example_kubernetes_executor to None, run_after=None
[2026-09-30T21:55:29.114+0000] {processor.py:175} INFO - Processing /home/airflow/.local/lib/python3.7/site-packages/airflow/example_dags/example_kubernetes_executor.py took 0.189 seconds
[2026-09-30T21:55:59.958+0000] {processor.py:153} INFO - Started process (PID=27666) to work on /home/airflow/.local/lib/python3.7/site-packages/airflow/example_dags/example_kubernetes_executor.py
[2026-09-30T21:55:59.960+0000] {processor.py:743} INFO - Processing file /home/airflow/.local/lib/python3.7/site-packages/airflow/example_dags/example_kubernetes_executor.py for tasks to queue
[2026-09-30T21:55:59.961+0000] {logging_mixin.py:137} INFO - [2026-09-30T21:55:59.961+0000] {dagbag.py:538} INFO - Filling up the DagBag from /home/airflow/.local/lib/python3.7/site-packages/airflow/example_dags/example_kubernetes_executor.py
[2026-09-30T21:56:00.020+0000] {processor.py:753} INFO - DAG(s) dict_keys(['example_kubernetes_executor']) retrieved from /home/airflow/.local/lib/python3.7/site-packages/airflow/example_dags/example_kubernetes_executor.py
[2026-09-30T21:56:00.085+0000] {logging_mixin.py:137} INFO - [2026-09-30T21:56:00.085+0000] {dag.py:2676} INFO - Sync 1 DAGs
[2026-09-30T21:56:00.119+0000] {logging_mixin.py:137} INFO - [2026-09-30T21:56:00.118+0000] {dag.py:3427} INFO - Setting next_dagrun for example_kubernetes_executor to None, run_after=None
[2026-09-30T21:56:00.138+0000] {processor.py:175} INFO - Processing /home/airflow/.local/lib/python3.7/site-packages/airflow/example_dags/example_kubernetes_executor.py took 0.186 seconds
[2026-09-30T21:56:30.833+0000] {processor.py:153} INFO - Started process (PID=27745) to work on /home/airflow/.local/lib/python3.7/site-packages/airflow/example_dags/example_kubernetes_executor.py
[2026-09-30T21:56:30.835+0000] {processor.py:743} INFO - Processing file /home/airflow/.local/lib/python3.7/site-packages/airflow/example_dags/example_kubernetes_executor.py for tasks to queue
[2026-09-30T21:56:30.836+0000] {logging_mixin.py:137} INFO - [2026-09-30T21:56:30.835+0000] {dagbag.py:538} INFO - Filling up the DagBag from /home/airflow/.local/lib/python3.7/site-packages/airflow/example_dags/example_kubernetes_executor.py
[2026-09-30T21:56:30.874+0000] {processor.py:753} INFO - DAG(s) dict_keys(['example_kubernetes_executor']) retrieved from /home/airflow/.local/lib/python3.7/site-packages/airflow/example_dags/example_kubernetes_executor.py
[2026-09-30T21:56:30.927+0000] {logging_mixin.py:137} INFO - [2026-09-30T21:56:30.926+0000] {dag.py:2676} INFO - Sync 1 DAGs
[2026-09-30T21:56:30.963+0000] {logging_mixin.py:137} INFO - [2026-09-30T21:56:30.962+0000] {dag.py:3427} INFO - Setting next_dagrun for example_kubernetes_executor to None, run_after=None
[2026-09-30T21:56:30.991+0000] {processor.py:175} INFO - Processing /home/airflow/.local/lib/python3.7/site-packages/airflow/example_dags/example_kubernetes_executor.py took 0.165 seconds
[2026-09-30T21:57:01.684+0000] {processor.py:153} INFO - Started process (PID=27844) to work on /home/airflow/.local/lib/python3.7/site-packages/airflow/example_dags/example_kubernetes_executor.py
[2026-09-30T21:57:01.686+0000] {processor.py:743} INFO - Processing file /home/airflow/.local/lib/python3.7/site-packages/airflow/example_dags/example_kubernetes_executor.py for tasks to queue
[2026-09-30T21:57:01.687+0000] {logging_mixin.py:137} INFO - [2026-09-30T21:57:01.686+0000] {dagbag.py:538} INFO - Filling up the DagBag from /home/airflow/.local/lib/python3.7/site-packages/airflow/example_dags/example_kubernetes_executor.py
[2026-09-30T21:57:01.745+0000] {processor.py:753} INFO - DAG(s) dict_keys(['example_kubernetes_executor']) retrieved from /home/airflow/.local/lib/python3.7/site-packages/airflow/example_dags/example_kubernetes_executor.py
[2026-09-30T21:57:01.818+0000] {logging_mixin.py:137} INFO - [2026-09-30T21:57:01.818+0000] {dag.py:2676} INFO - Sync 1 DAGs
[2026-09-30T21:57:01.863+0000] {logging_mixin.py:137} INFO - [2026-09-30T21:57:01.862+0000] {dag.py:3427} INFO - Setting next_dagrun for example_kubernetes_executor to None, run_after=None
[2026-09-30T21:57:01.895+0000] {processor.py:175} INFO - Processing /home/airflow/.local/lib/python3.7/site-packages/airflow/example_dags/example_kubernetes_executor.py took 0.216 seconds
[2026-09-30T21:57:32.091+0000] {processor.py:153} INFO - Started process (PID=27923) to work on /home/airflow/.local/lib/python3.7/site-packages/airflow/example_dags/example_kubernetes_executor.py
[2026-09-30T21:57:32.092+0000] {processor.py:743} INFO - Processing file /home/airflow/.local/lib/python3.7/site-packages/airflow/example_dags/example_kubernetes_executor.py for tasks to queue
[2026-09-30T21:57:32.092+0000] {logging_mixin.py:137} INFO - [2026-09-30T21:57:32.092+0000] {dagbag.py:538} INFO - Filling up the DagBag from /home/airflow/.local/lib/python3.7/site-packages/airflow/example_dags/example_kubernetes_executor.py
[2026-09-30T21:57:32.130+0000] {processor.py:753} INFO - DAG(s) dict_keys(['example_kubernetes_executor']) retrieved from /home/airflow/.local/lib/python3.7/site-packages/airflow/example_dags/example_kubernetes_executor.py
[2026-09-30T21:57:32.188+0000] {logging_mixin.py:137} INFO - [2026-09-30T21:57:32.187+0000] {dag.py:2676} INFO - Sync 1 DAGs
[2026-09-30T21:57:32.239+0000] {logging_mixin.py:137} INFO - [2026-09-30T21:57:32.238+0000] {dag.py:3427} INFO - Setting next_dagrun for example_kubernetes_executor to None, run_after=None
[2026-09-30T21:57:32.262+0000] {processor.py:175} INFO - Processing /home/airflow/.local/lib/python3.7/site-packages/airflow/example_dags/example_kubernetes_executor.py took 0.176 seconds
[2026-09-30T21:58:02.653+0000] {processor.py:153} INFO - Started process (PID=28002) to work on /home/airflow/.local/lib/python3.7/site-packages/airflow/example_dags/example_kubernetes_executor.py
[2026-09-30T21:58:02.654+0000] {processor.py:743} INFO - Processing file /home/airflow/.local/lib/python3.7/site-packages/airflow/example_dags/example_kubernetes_executor.py for tasks to queue
[2026-09-30T21:58:02.654+0000] {logging_mixin.py:137} INFO - [2026-09-30T21:58:02.654+0000] {dagbag.py:538} INFO - Filling up the DagBag from /home/airflow/.local/lib/python3.7/site-packages/airflow/example_dags/example_kubernetes_executor.py
[2026-09-30T21:58:02.693+0000] {processor.py:753} INFO - DAG(s) dict_keys(['example_kubernetes_executor']) retrieved from /home/airflow/.local/lib/python3.7/site-packages/airflow/example_dags/example_kubernetes_executor.py
[2026-09-30T21:58:02.761+0000] {logging_mixin.py:137} INFO - [2026-09-30T21:58:02.760+0000] {dag.py:2676} INFO - Sync 1 DAGs
[2026-09-30T21:58:02.793+0000] {logging_mixin.py:137} INFO - [2026-09-30T21:58:02.793+0000] {dag.py:3427} INFO - Setting next_dagrun for example_kubernetes_executor to None, run_after=None
[2026-09-30T21:58:02.815+0000] {processor.py:175} INFO - Processing /home/airflow/.local/lib/python3.7/site-packages/airflow/example_dags/example_kubernetes_executor.py took 0.167 seconds
[2026-09-30T21:58:33.447+0000] {processor.py:153} INFO - Started process (PID=28081) to work on /home/airflow/.local/lib/python3.7/site-packages/airflow/example_dags/example_kubernetes_executor.py
[2026-09-30T21:58:33.449+0000] {processor.py:743} INFO - Processing file /home/airflow/.local/lib/python3.7/site-packages/airflow/example_dags/example_kubernetes_executor.py for tasks to queue
[2026-09-30T21:58:33.450+0000] {logging_mixin.py:137} INFO - [2026-09-30T21:58:33.449+0000] {dagbag.py:538} INFO - Filling up the DagBag from /home/airflow/.local/lib/python3.7/site-packages/airflow/example_dags/example_kubernetes_executor.py
[2026-09-30T21:58:33.510+0000] {processor.py:753} INFO - DAG(s) dict_keys(['example_kubernetes_executor']) retrieved from /home/airflow/.local/lib/python3.7/site-packages/airflow/example_dags/example_kubernetes_executor.py
[2026-09-30T21:58:33.581+0000] {logging_mixin.py:137} INFO - [2026-09-30T21:58:33.581+0000] {dag.py:2676} INFO - Sync 1 DAGs
[2026-09-30T21:58:33.639+0000] {logging_mixin.py:137} INFO - [2026-09-30T21:58:33.639+0000] {dag.py:3427} INFO - Setting next_dagrun for example_kubernetes_executor to None, run_after=None
[2026-09-30T21:58:33.660+0000] {processor.py:175} INFO - Processing /home/airflow/.local/lib/python3.7/site-packages/airflow/example_dags/example_kubernetes_executor.py took 0.219 seconds
[2026-09-30T21:59:03.919+0000] {processor.py:153} INFO - Started process (PID=28180) to work on /home/airflow/.local/lib/python3.7/site-packages/airflow/example_dags/example_kubernetes_executor.py
[2026-09-30T21:59:03.920+0000] {processor.py:743} INFO - Processing file /home/airflow/.local/lib/python3.7/site-packages/airflow/example_dags/example_kubernetes_executor.py for tasks to queue
[2026-09-30T21:59:03.922+0000] {logging_mixin.py:137} INFO - [2026-09-30T21:59:03.922+0000] {dagbag.py:538} INFO - Filling up the DagBag from /home/airflow/.local/lib/python3.7/site-packages/airflow/example_dags/example_kubernetes_executor.py
[2026-09-30T21:59:03.980+0000] {processor.py:753} INFO - DAG(s) dict_keys(['example_kubernetes_executor']) retrieved from /home/airflow/.local/lib/python3.7/site-packages/airflow/example_dags/example_kubernetes_executor.py
[2026-09-30T21:59:04.063+0000] {logging_mixin.py:137} INFO - [2026-09-30T21:59:04.062+0000] {dag.py:2676} INFO - Sync 1 DAGs
[2026-09-30T21:59:04.100+0000] {logging_mixin.py:137} INFO - [2026-09-30T21:59:04.100+0000] {dag.py:3427} INFO - Setting next_dagrun for example_kubernetes_executor to None, run_after=None
[2026-09-30T21:59:04.122+0000] {processor.py:175} INFO - Processing /home/airflow/.local/lib/python3.7/site-packages/airflow/example_dags/example_kubernetes_executor.py took 0.209 seconds
[2026-09-30T21:59:34.629+0000] {processor.py:153} INFO - Started process (PID=28259) to work on /home/airflow/.local/lib/python3.7/site-packages/airflow/example_dags/example_kubernetes_executor.py
[2026-09-30T21:59:34.630+0000] {processor.py:743} INFO - Processing file /home/airflow/.local/lib/python3.7/site-packages/airflow/example_dags/example_kubernetes_executor.py for tasks to queue
[2026-09-30T21:59:34.631+0000] {logging_mixin.py:137} INFO - [2026-09-30T21:59:34.631+0000] {dagbag.py:538} INFO - Filling up the DagBag from /home/airflow/.local/lib/python3.7/site-packages/airflow/example_dags/example_kubernetes_executor.py
[2026-09-30T21:59:34.686+0000] {processor.py:753} INFO - DAG(s) dict_keys(['example_kubernetes_executor']) retrieved from /home/airflow/.local/lib/python3.7/site-packages/airflow/example_dags/example_kubernetes_executor.py
[2026-09-30T21:59:34.737+0000] {logging_mixin.py:137} INFO - [2026-09-30T21:59:34.737+0000] {dag.py:2676} INFO - Sync 1 DAGs
[2026-09-30T21:59:34.770+0000] {logging_mixin.py:137} INFO - [2026-09-30T21:59:34.770+0000] {dag.py:3427} INFO - Setting next_dagrun for example_kubernetes_executor to None, run_after=None
[2026-09-30T21:59:34.790+0000] {processor.py:175} INFO - Processing /home/airflow/.local/lib/python3.7/site-packages/airflow/example_dags/example_kubernetes_executor.py took 0.166 seconds
[2026-09-30T22:00:05.424+0000] {processor.py:153} INFO - Started process (PID=28339) to work on /home/airflow/.local/lib/python3.7/site-packages/airflow/example_dags/example_kubernetes_executor.py
[2026-09-30T22:00:05.425+0000] {processor.py:743} INFO - Processing file /home/airflow/.local/lib/python3.7/site-packages/airflow/example_dags/example_kubernetes_executor.py for tasks to queue
[2026-09-30T22:00:05.426+0000] {logging_mixin.py:137} INFO - [2026-09-30T22:00:05.426+0000] {dagbag.py:538} INFO - Filling up the DagBag from /home/airflow/.local/lib/python3.7/site-packages/airflow/example_dags/example_kubernetes_executor.py
[2026-09-30T22:00:05.482+0000] {processor.py:753} INFO - DAG(s) dict_keys(['example_kubernetes_executor']) retrieved from /home/airflow/.local/lib/python3.7/site-packages/airflow/example_dags/example_kubernetes_executor.py
[2026-09-30T22:00:05.567+0000] {logging_mixin.py:137} INFO - [2026-09-30T22:00:05.566+0000] {dag.py:2676} INFO - Sync 1 DAGs
[2026-09-30T22:00:05.615+0000] {logging_mixin.py:137} INFO - [2026-09-30T22:00:05.614+0000] {dag.py:3427} INFO - Setting next_dagrun for example_kubernetes_executor to None, run_after=None
[2026-09-30T22:00:05.649+0000] {processor.py:175} INFO - Processing /home/airflow/.local/lib/python3.7/site-packages/airflow/example_dags/example_kubernetes_executor.py took 0.228 seconds
[2026-09-30T22:00:35.784+0000] {processor.py:153} INFO - Started process (PID=28427) to work on /home/airflow/.local/lib/python3.7/site-packages/airflow/example_dags/example_kubernetes_executor.py
[2026-09-30T22:00:35.785+0000] {processor.py:743} INFO - Processing file /home/airflow/.local/lib/python3.7/site-packages/airflow/example_dags/example_kubernetes_executor.py for tasks to queue
[2026-09-30T22:00:35.786+0000] {logging_mixin.py:137} INFO - [2026-09-30T22:00:35.786+0000] {dagbag.py:538} INFO - Filling up the DagBag from /home/airflow/.local/lib/python3.7/site-packages/airflow/example_dags/example_kubernetes_executor.py
[2026-09-30T22:00:35.829+0000] {processor.py:753} INFO - DAG(s) dict_keys(['example_kubernetes_executor']) retrieved from /home/airflow/.local/lib/python3.7/site-packages/airflow/example_dags/example_kubernetes_executor.py
[2026-09-30T22:00:35.884+0000] {logging_mixin.py:137} INFO - [2026-09-30T22:00:35.884+0000] {dag.py:2676} INFO - Sync 1 DAGs
[2026-09-30T22:00:35.917+0000] {logging_mixin.py:137} INFO - [2026-09-30T22:00:35.917+0000] {dag.py:3427} INFO - Setting next_dagrun for example_kubernetes_executor to None, run_after=None
[2026-09-30T22:00:35.939+0000] {processor.py:175} INFO - Processing /home/airflow/.local/lib/python3.7/site-packages/airflow/example_dags/example_kubernetes_executor.py took 0.159 seconds
[2026-09-30T22:01:06.192+0000] {processor.py:153} INFO - Started process (PID=28517) to work on /home/airflow/.local/lib/python3.7/site-packages/airflow/example_dags/example_kubernetes_executor.py
[2026-09-30T22:01:06.193+0000] {processor.py:743} INFO - Processing file /home/airflow/.local/lib/python3.7/site-packages/airflow/example_dags/example_kubernetes_executor.py for tasks to queue
[2026-09-30T22:01:06.194+0000] {logging_mixin.py:137} INFO - [2026-09-30T22:01:06.194+0000] {dagbag.py:538} INFO - Filling up the DagBag from /home/airflow/.local/lib/python3.7/site-packages/airflow/example_dags/example_kubernetes_executor.py
[2026-09-30T22:01:06.247+0000] {processor.py:753} INFO - DAG(s) dict_keys(['example_kubernetes_executor']) retrieved from /home/airflow/.local/lib/python3.7/site-packages/airflow/example_dags/example_kubernetes_executor.py
[2026-09-30T22:01:06.303+0000] {logging_mixin.py:137} INFO - [2026-09-30T22:01:06.303+0000] {dag.py:2676} INFO - Sync 1 DAGs
[2026-09-30T22:01:06.337+0000] {logging_mixin.py:137} INFO - [2026-09-30T22:01:06.337+0000] {dag.py:3427} INFO - Setting next_dagrun for example_kubernetes_executor to None, run_after=None
[2026-09-30T22:01:06.361+0000] {processor.py:175} INFO - Processing /home/airflow/.local/lib/python3.7/site-packages/airflow/example_dags/example_kubernetes_executor.py took 0.172 seconds
[2026-09-30T22:01:36.536+0000] {processor.py:153} INFO - Started process (PID=28596) to work on /home/airflow/.local/lib/python3.7/site-packages/airflow/example_dags/example_kubernetes_executor.py
[2026-09-30T22:01:36.537+0000] {processor.py:743} INFO - Processing file /home/airflow/.local/lib/python3.7/site-packages/airflow/example_dags/example_kubernetes_executor.py for tasks to queue
[2026-09-30T22:01:36.539+0000] {logging_mixin.py:137} INFO - [2026-09-30T22:01:36.539+0000] {dagbag.py:538} INFO - Filling up the DagBag from /home/airflow/.local/lib/python3.7/site-packages/airflow/example_dags/example_kubernetes_executor.py
[2026-09-30T22:01:36.599+0000] {processor.py:753} INFO - DAG(s) dict_keys(['example_kubernetes_executor']) retrieved from /home/airflow/.local/lib/python3.7/site-packages/airflow/example_dags/example_kubernetes_executor.py
[2026-09-30T22:01:36.674+0000] {logging_mixin.py:137} INFO - [2026-09-30T22:01:36.674+0000] {dag.py:2676} INFO - Sync 1 DAGs
[2026-09-30T22:01:36.724+0000] {logging_mixin.py:137} INFO - [2026-09-30T22:01:36.723+0000] {dag.py:3427} INFO - Setting next_dagrun for example_kubernetes_executor to None, run_after=None
[2026-09-30T22:01:36.752+0000] {processor.py:175} INFO - Processing /home/airflow/.local/lib/python3.7/site-packages/airflow/example_dags/example_kubernetes_executor.py took 0.222 seconds
[2026-09-30T22:02:06.802+0000] {processor.py:153} INFO - Started process (PID=28675) to work on /home/airflow/.local/lib/python3.7/site-packages/airflow/example_dags/example_kubernetes_executor.py
[2026-09-30T22:02:06.803+0000] {processor.py:743} INFO - Processing file /home/airflow/.local/lib/python3.7/site-packages/airflow/example_dags/example_kubernetes_executor.py for tasks to queue
[2026-09-30T22:02:06.804+0000] {logging_mixin.py:137} INFO - [2026-09-30T22:02:06.803+0000] {dagbag.py:538} INFO - Filling up the DagBag from /home/airflow/.local/lib/python3.7/site-packages/airflow/example_dags/example_kubernetes_executor.py
[2026-09-30T22:02:06.845+0000] {processor.py:753} INFO - DAG(s) dict_keys(['example_kubernetes_executor']) retrieved from /home/airflow/.local/lib/python3.7/site-packages/airflow/example_dags/example_kubernetes_executor.py
[2026-09-30T22:02:06.914+0000] {logging_mixin.py:137} INFO - [2026-09-30T22:02:06.914+0000] {dag.py:2676} INFO - Sync 1 DAGs
[2026-09-30T22:02:06.955+0000] {logging_mixin.py:137} INFO - [2026-09-30T22:02:06.955+0000] {dag.py:3427} INFO - Setting next_dagrun for example_kubernetes_executor to None, run_after=None
[2026-09-30T22:02:06.977+0000] {processor.py:175} INFO - Processing /home/airflow/.local/lib/python3.7/site-packages/airflow/example_dags/example_kubernetes_executor.py took 0.178 seconds
[2026-09-30T22:02:37.252+0000] {processor.py:153} INFO - Started process (PID=28761) to work on /home/airflow/.local/lib/python3.7/site-packages/airflow/example_dags/example_kubernetes_executor.py
[2026-09-30T22:02:37.254+0000] {processor.py:743} INFO - Processing file /home/airflow/.local/lib/python3.7/site-packages/airflow/example_dags/example_kubernetes_executor.py for tasks to queue
[2026-09-30T22:02:37.255+0000] {logging_mixin.py:137} INFO - [2026-09-30T22:02:37.255+0000] {dagbag.py:538} INFO - Filling up the DagBag from /home/airflow/.local/lib/python3.7/site-packages/airflow/example_dags/example_kubernetes_executor.py
[2026-09-30T22:02:37.315+0000] {processor.py:753} INFO - DAG(s) dict_keys(['example_kubernetes_executor']) retrieved from /home/airflow/.local/lib/python3.7/site-packages/airflow/example_dags/example_kubernetes_executor.py
[2026-09-30T22:02:37.392+0000] {logging_mixin.py:137} INFO - [2026-09-30T22:02:37.392+0000] {dag.py:2676} INFO - Sync 1 DAGs
[2026-09-30T22:02:37.433+0000] {logging_mixin.py:137} INFO - [2026-09-30T22:02:37.433+0000] {dag.py:3427} INFO - Setting next_dagrun for example_kubernetes_executor to None, run_after=None
[2026-09-30T22:02:37.468+0000] {processor.py:175} INFO - Processing /home/airflow/.local/lib/python3.7/site-packages/airflow/example_dags/example_kubernetes_executor.py took 0.220 seconds
[2026-09-30T22:03:08.060+0000] {processor.py:153} INFO - Started process (PID=28853) to work on /home/airflow/.local/lib/python3.7/site-packages/airflow/example_dags/example_kubernetes_executor.py
[2026-09-30T22:03:08.061+0000] {processor.py:743} INFO - Processing file /home/airflow/.local/lib/python3.7/site-packages/airflow/example_dags/example_kubernetes_executor.py for tasks to queue
[2026-09-30T22:03:08.062+0000] {logging_mixin.py:137} INFO - [2026-09-30T22:03:08.062+0000] {dagbag.py:538} INFO - Filling up the DagBag from /home/airflow/.local/lib/python3.7/site-packages/airflow/example_dags/example_kubernetes_executor.py
[2026-09-30T22:03:08.099+0000] {processor.py:753} INFO - DAG(s) dict_keys(['example_kubernetes_executor']) retrieved from /home/airflow/.local/lib/python3.7/site-packages/airflow/example_dags/example_kubernetes_executor.py
[2026-09-30T22:03:08.153+0000] {logging_mixin.py:137} INFO - [2026-09-30T22:03:08.153+0000] {dag.py:2676} INFO - Sync 1 DAGs
[2026-09-30T22:03:08.187+0000] {logging_mixin.py:137} INFO - [2026-09-30T22:03:08.187+0000] {dag.py:3427} INFO - Setting next_dagrun for example_kubernetes_executor to None, run_after=None
[2026-09-30T22:03:08.209+0000] {processor.py:175} INFO - Processing /home/airflow/.local/lib/python3.7/site-packages/airflow/example_dags/example_kubernetes_executor.py took 0.153 seconds
[2026-09-30T22:03:38.319+0000] {processor.py:153} INFO - Started process (PID=28932) to work on /home/airflow/.local/lib/python3.7/site-packages/airflow/example_dags/example_kubernetes_executor.py
[2026-09-30T22:03:38.321+0000] {processor.py:743} INFO - Processing file /home/airflow/.local/lib/python3.7/site-packages/airflow/example_dags/example_kubernetes_executor.py for tasks to queue
[2026-09-30T22:03:38.321+0000] {logging_mixin.py:137} INFO - [2026-09-30T22:03:38.321+0000] {dagbag.py:538} INFO - Filling up the DagBag from /home/airflow/.local/lib/python3.7/site-packages/airflow/example_dags/example_kubernetes_executor.py
[2026-09-30T22:03:38.361+0000] {processor.py:753} INFO - DAG(s) dict_keys(['example_kubernetes_executor']) retrieved from /home/airflow/.local/lib/python3.7/site-packages/airflow/example_dags/example_kubernetes_executor.py
[2026-09-30T22:03:38.420+0000] {logging_mixin.py:137} INFO - [2026-09-30T22:03:38.419+0000] {dag.py:2676} INFO - Sync 1 DAGs
[2026-09-30T22:03:38.467+0000] {logging_mixin.py:137} INFO - [2026-09-30T22:03:38.467+0000] {dag.py:3427} INFO - Setting next_dagrun for example_kubernetes_executor to None, run_after=None
[2026-09-30T22:03:38.491+0000] {processor.py:175} INFO - Processing /home/airflow/.local/lib/python3.7/site-packages/airflow/example_dags/example_kubernetes_executor.py took 0.176 seconds
[2026-09-30T22:04:08.708+0000] {processor.py:153} INFO - Started process (PID=29011) to work on /home/airflow/.local/lib/python3.7/site-packages/airflow/example_dags/example_kubernetes_executor.py
[2026-09-30T22:04:08.709+0000] {processor.py:743} INFO - Processing file /home/airflow/.local/lib/python3.7/site-packages/airflow/example_dags/example_kubernetes_executor.py for tasks to queue
[2026-09-30T22:04:08.709+0000] {logging_mixin.py:137} INFO - [2026-09-30T22:04:08.709+0000] {dagbag.py:538} INFO - Filling up the DagBag from /home/airflow/.local/lib/python3.7/site-packages/airflow/example_dags/example_kubernetes_executor.py
[2026-09-30T22:04:08.755+0000] {processor.py:753} INFO - DAG(s) dict_keys(['example_kubernetes_executor']) retrieved from /home/airflow/.local/lib/python3.7/site-packages/airflow/example_dags/example_kubernetes_executor.py
[2026-09-30T22:04:08.821+0000] {logging_mixin.py:137} INFO - [2026-09-30T22:04:08.821+0000] {dag.py:2676} INFO - Sync 1 DAGs
[2026-09-30T22:04:08.859+0000] {logging_mixin.py:137} INFO - [2026-09-30T22:04:08.858+0000] {dag.py:3427} INFO - Setting next_dagrun for example_kubernetes_executor to None, run_after=None
[2026-09-30T22:04:08.882+0000] {processor.py:175} INFO - Processing /home/airflow/.local/lib/python3.7/site-packages/airflow/example_dags/example_kubernetes_executor.py took 0.178 seconds
[2026-09-30T22:04:39.185+0000] {processor.py:153} INFO - Started process (PID=29090) to work on /home/airflow/.local/lib/python3.7/site-packages/airflow/example_dags/example_kubernetes_executor.py
[2026-09-30T22:04:39.187+0000] {processor.py:743} INFO - Processing file /home/airflow/.local/lib/python3.7/site-packages/airflow/example_dags/example_kubernetes_executor.py for tasks to queue
[2026-09-30T22:04:39.187+0000] {logging_mixin.py:137} INFO - [2026-09-30T22:04:39.187+0000] {dagbag.py:538} INFO - Filling up the DagBag from /home/airflow/.local/lib/python3.7/site-packages/airflow/example_dags/example_kubernetes_executor.py
[2026-09-30T22:04:39.230+0000] {processor.py:753} INFO - DAG(s) dict_keys(['example_kubernetes_executor']) retrieved from /home/airflow/.local/lib/python3.7/site-packages/airflow/example_dags/example_kubernetes_executor.py
[2026-09-30T22:04:39.299+0000] {logging_mixin.py:137} INFO - [2026-09-30T22:04:39.299+0000] {dag.py:2676} INFO - Sync 1 DAGs
[2026-09-30T22:04:39.341+0000] {logging_mixin.py:137} INFO - [2026-09-30T22:04:39.341+0000] {dag.py:3427} INFO - Setting next_dagrun for example_kubernetes_executor to None, run_after=None
[2026-09-30T22:04:39.369+0000] {processor.py:175} INFO - Processing /home/airflow/.local/lib/python3.7/site-packages/airflow/example_dags/example_kubernetes_executor.py took 0.188 seconds
[2026-09-30T22:05:09.614+0000] {processor.py:153} INFO - Started process (PID=29189) to work on /home/airflow/.local/lib/python3.7/site-packages/airflow/example_dags/example_kubernetes_executor.py
[2026-09-30T22:05:09.615+0000] {processor.py:743} INFO - Processing file /home/airflow/.local/lib/python3.7/site-packages/airflow/example_dags/example_kubernetes_executor.py for tasks to queue
[2026-09-30T22:05:09.616+0000] {logging_mixin.py:137} INFO - [2026-09-30T22:05:09.616+0000] {dagbag.py:538} INFO - Filling up the DagBag from /home/airflow/.local/lib/python3.7/site-packages/airflow/example_dags/example_kubernetes_executor.py
[2026-09-30T22:05:09.668+0000] {processor.py:753} INFO - DAG(s) dict_keys(['example_kubernetes_executor']) retrieved from /home/airflow/.local/lib/python3.7/site-packages/airflow/example_dags/example_kubernetes_executor.py
[2026-09-30T22:05:09.722+0000] {logging_mixin.py:137} INFO - [2026-09-30T22:05:09.721+0000] {dag.py:2676} INFO - Sync 1 DAGs
[2026-09-30T22:05:09.753+0000] {logging_mixin.py:137} INFO - [2026-09-30T22:05:09.753+0000] {dag.py:3427} INFO - Setting next_dagrun for example_kubernetes_executor to None, run_after=None
[2026-09-30T22:05:09.776+0000] {processor.py:175} INFO - Processing /home/airflow/.local/lib/python3.7/site-packages/airflow/example_dags/example_kubernetes_executor.py took 0.166 seconds
[2026-09-30T22:05:39.921+0000] {processor.py:153} INFO - Started process (PID=29268) to work on /home/airflow/.local/lib/python3.7/site-packages/airflow/example_dags/example_kubernetes_executor.py
[2026-09-30T22:05:39.922+0000] {processor.py:743} INFO - Processing file /home/airflow/.local/lib/python3.7/site-packages/airflow/example_dags/example_kubernetes_executor.py for tasks to queue
[2026-09-30T22:05:39.923+0000] {logging_mixin.py:137} INFO - [2026-09-30T22:05:39.923+0000] {dagbag.py:538} INFO - Filling up the DagBag from /home/airflow/.local/lib/python3.7/site-packages/airflow/example_dags/example_kubernetes_executor.py
[2026-09-30T22:05:39.963+0000] {processor.py:753} INFO - DAG(s) dict_keys(['example_kubernetes_executor']) retrieved from /home/airflow/.local/lib/python3.7/site-packages/airflow/example_dags/example_kubernetes_executor.py
[2026-09-30T22:05:40.030+0000] {logging_mixin.py:137} INFO - [2026-09-30T22:05:40.029+0000] {dag.py:2676} INFO - Sync 1 DAGs
[2026-09-30T22:05:40.079+0000] {logging_mixin.py:137} INFO - [2026-09-30T22:05:40.079+0000] {dag.py:3427} INFO - Setting next_dagrun for example_kubernetes_executor to None, run_after=None
[2026-09-30T22:05:40.102+0000] {processor.py:175} INFO - Processing /home/airflow/.local/lib/python3.7/site-packages/airflow/example_dags/example_kubernetes_executor.py took 0.186 seconds
[2026-09-30T22:06:10.255+0000] {processor.py:153} INFO - Started process (PID=29347) to work on /home/airflow/.local/lib/python3.7/site-packages/airflow/example_dags/example_kubernetes_executor.py
[2026-09-30T22:06:10.256+0000] {processor.py:743} INFO - Processing file /home/airflow/.local/lib/python3.7/site-packages/airflow/example_dags/example_kubernetes_executor.py for tasks to queue
[2026-09-30T22:06:10.257+0000] {logging_mixin.py:137} INFO - [2026-09-30T22:06:10.257+0000] {dagbag.py:538} INFO - Filling up the DagBag from /home/airflow/.local/lib/python3.7/site-packages/airflow/example_dags/example_kubernetes_executor.py
[2026-09-30T22:06:10.297+0000] {processor.py:753} INFO - DAG(s) dict_keys(['example_kubernetes_executor']) retrieved from /home/airflow/.local/lib/python3.7/site-packages/airflow/example_dags/example_kubernetes_executor.py
[2026-09-30T22:06:10.354+0000] {logging_mixin.py:137} INFO - [2026-09-30T22:06:10.354+0000] {dag.py:2676} INFO - Sync 1 DAGs
[2026-09-30T22:06:10.388+0000] {logging_mixin.py:137} INFO - [2026-09-30T22:06:10.388+0000] {dag.py:3427} INFO - Setting next_dagrun for example_kubernetes_executor to None, run_after=None
[2026-09-30T22:06:10.413+0000] {processor.py:175} INFO - Processing /home/airflow/.local/lib/python3.7/site-packages/airflow/example_dags/example_kubernetes_executor.py took 0.163 seconds
[2026-09-30T22:06:41.132+0000] {processor.py:153} INFO - Started process (PID=29433) to work on /home/airflow/.local/lib/python3.7/site-packages/airflow/example_dags/example_kubernetes_executor.py
[2026-09-30T22:06:41.133+0000] {processor.py:743} INFO - Processing file /home/airflow/.local/lib/python3.7/site-packages/airflow/example_dags/example_kubernetes_executor.py for tasks to queue
[2026-09-30T22:06:41.134+0000] {logging_mixin.py:137} INFO - [2026-09-30T22:06:41.134+0000] {dagbag.py:538} INFO - Filling up the DagBag from /home/airflow/.local/lib/python3.7/site-packages/airflow/example_dags/example_kubernetes_executor.py
[2026-09-30T22:06:41.179+0000] {processor.py:753} INFO - DAG(s) dict_keys(['example_kubernetes_executor']) retrieved from /home/airflow/.local/lib/python3.7/site-packages/airflow/example_dags/example_kubernetes_executor.py
[2026-09-30T22:06:41.256+0000] {logging_mixin.py:137} INFO - [2026-09-30T22:06:41.256+0000] {dag.py:2676} INFO - Sync 1 DAGs
[2026-09-30T22:06:41.294+0000] {logging_mixin.py:137} INFO - [2026-09-30T22:06:41.293+0000] {dag.py:3427} INFO - Setting next_dagrun for example_kubernetes_executor to None, run_after=None
[2026-09-30T22:06:41.316+0000] {processor.py:175} INFO - Processing /home/airflow/.local/lib/python3.7/site-packages/airflow/example_dags/example_kubernetes_executor.py took 0.189 seconds
[2026-09-30T22:07:11.771+0000] {processor.py:153} INFO - Started process (PID=29525) to work on /home/airflow/.local/lib/python3.7/site-packages/airflow/example_dags/example_kubernetes_executor.py
[2026-09-30T22:07:11.772+0000] {processor.py:743} INFO - Processing file /home/airflow/.local/lib/python3.7/site-packages/airflow/example_dags/example_kubernetes_executor.py for tasks to queue
[2026-09-30T22:07:11.773+0000] {logging_mixin.py:137} INFO - [2026-09-30T22:07:11.773+0000] {dagbag.py:538} INFO - Filling up the DagBag from /home/airflow/.local/lib/python3.7/site-packages/airflow/example_dags/example_kubernetes_executor.py
[2026-09-30T22:07:11.820+0000] {processor.py:753} INFO - DAG(s) dict_keys(['example_kubernetes_executor']) retrieved from /home/airflow/.local/lib/python3.7/site-packages/airflow/example_dags/example_kubernetes_executor.py
[2026-09-30T22:07:11.877+0000] {logging_mixin.py:137} INFO - [2026-09-30T22:07:11.877+0000] {dag.py:2676} INFO - Sync 1 DAGs
[2026-09-30T22:07:11.918+0000] {logging_mixin.py:137} INFO - [2026-09-30T22:07:11.918+0000] {dag.py:3427} INFO - Setting next_dagrun for example_kubernetes_executor to None, run_after=None
[2026-09-30T22:07:11.944+0000] {processor.py:175} INFO - Processing /home/airflow/.local/lib/python3.7/site-packages/airflow/example_dags/example_kubernetes_executor.py took 0.180 seconds
[2026-09-30T22:07:42.101+0000] {processor.py:153} INFO - Started process (PID=29604) to work on /home/airflow/.local/lib/python3.7/site-packages/airflow/example_dags/example_kubernetes_executor.py
[2026-09-30T22:07:42.102+0000] {processor.py:743} INFO - Processing file /home/airflow/.local/lib/python3.7/site-packages/airflow/example_dags/example_kubernetes_executor.py for tasks to queue
[2026-09-30T22:07:42.103+0000] {logging_mixin.py:137} INFO - [2026-09-30T22:07:42.103+0000] {dagbag.py:538} INFO - Filling up the DagBag from /home/airflow/.local/lib/python3.7/site-packages/airflow/example_dags/example_kubernetes_executor.py
[2026-09-30T22:07:42.164+0000] {processor.py:753} INFO - DAG(s) dict_keys(['example_kubernetes_executor']) retrieved from /home/airflow/.local/lib/python3.7/site-packages/airflow/example_dags/example_kubernetes_executor.py
[2026-09-30T22:07:42.232+0000] {logging_mixin.py:137} INFO - [2026-09-30T22:07:42.232+0000] {dag.py:2676} INFO - Sync 1 DAGs
[2026-09-30T22:07:42.267+0000] {logging_mixin.py:137} INFO - [2026-09-30T22:07:42.267+0000] {dag.py:3427} INFO - Setting next_dagrun for example_kubernetes_executor to None, run_after=None
[2026-09-30T22:07:42.290+0000] {processor.py:175} INFO - Processing /home/airflow/.local/lib/python3.7/site-packages/airflow/example_dags/example_kubernetes_executor.py took 0.194 seconds
[2026-09-30T22:08:12.325+0000] {processor.py:153} INFO - Started process (PID=29683) to work on /home/airflow/.local/lib/python3.7/site-packages/airflow/example_dags/example_kubernetes_executor.py
[2026-09-30T22:08:12.326+0000] {processor.py:743} INFO - Processing file /home/airflow/.local/lib/python3.7/site-packages/airflow/example_dags/example_kubernetes_executor.py for tasks to queue
[2026-09-30T22:08:12.326+0000] {logging_mixin.py:137} INFO - [2026-09-30T22:08:12.326+0000] {dagbag.py:538} INFO - Filling up the DagBag from /home/airflow/.local/lib/python3.7/site-packages/airflow/example_dags/example_kubernetes_executor.py
[2026-09-30T22:08:12.367+0000] {processor.py:753} INFO - DAG(s) dict_keys(['example_kubernetes_executor']) retrieved from /home/airflow/.local/lib/python3.7/site-packages/airflow/example_dags/example_kubernetes_executor.py
[2026-09-30T22:08:12.424+0000] {logging_mixin.py:137} INFO - [2026-09-30T22:08:12.424+0000] {dag.py:2676} INFO - Sync 1 DAGs
[2026-09-30T22:08:12.457+0000] {logging_mixin.py:137} INFO - [2026-09-30T22:08:12.457+0000] {dag.py:3427} INFO - Setting next_dagrun for example_kubernetes_executor to None, run_after=None
[2026-09-30T22:08:12.479+0000] {processor.py:175} INFO - Processing /home/airflow/.local/lib/python3.7/site-packages/airflow/example_dags/example_kubernetes_executor.py took 0.158 seconds
[2026-09-30T22:08:42.711+0000] {processor.py:153} INFO - Started process (PID=29762) to work on /home/airflow/.local/lib/python3.7/site-packages/airflow/example_dags/example_kubernetes_executor.py
[2026-09-30T22:08:42.712+0000] {processor.py:743} INFO - Processing file /home/airflow/.local/lib/python3.7/site-packages/airflow/example_dags/example_kubernetes_executor.py for tasks to queue
[2026-09-30T22:08:42.713+0000] {logging_mixin.py:137} INFO - [2026-09-30T22:08:42.712+0000] {dagbag.py:538} INFO - Filling up the DagBag from /home/airflow/.local/lib/python3.7/site-packages/airflow/example_dags/example_kubernetes_executor.py
[2026-09-30T22:08:42.754+0000] {processor.py:753} INFO - DAG(s) dict_keys(['example_kubernetes_executor']) retrieved from /home/airflow/.local/lib/python3.7/site-packages/airflow/example_dags/example_kubernetes_executor.py
[2026-09-30T22:08:42.817+0000] {logging_mixin.py:137} INFO - [2026-09-30T22:08:42.816+0000] {dag.py:2676} INFO - Sync 1 DAGs
[2026-09-30T22:08:42.852+0000] {logging_mixin.py:137} INFO - [2026-09-30T22:08:42.852+0000] {dag.py:3427} INFO - Setting next_dagrun for example_kubernetes_executor to None, run_after=None
[2026-09-30T22:08:42.879+0000] {processor.py:175} INFO - Processing /home/airflow/.local/lib/python3.7/site-packages/airflow/example_dags/example_kubernetes_executor.py took 0.173 seconds
[2026-09-30T22:09:13.421+0000] {processor.py:153} INFO - Started process (PID=29861) to work on /home/airflow/.local/lib/python3.7/site-packages/airflow/example_dags/example_kubernetes_executor.py
[2026-09-30T22:09:13.422+0000] {processor.py:743} INFO - Processing file /home/airflow/.local/lib/python3.7/site-packages/airflow/example_dags/example_kubernetes_executor.py for tasks to queue
[2026-09-30T22:09:13.423+0000] {logging_mixin.py:137} INFO - [2026-09-30T22:09:13.423+0000] {dagbag.py:538} INFO - Filling up the DagBag from /home/airflow/.local/lib/python3.7/site-packages/airflow/example_dags/example_kubernetes_executor.py
[2026-09-30T22:09:13.464+0000] {processor.py:753} INFO - DAG(s) dict_keys(['example_kubernetes_executor']) retrieved from /home/airflow/.local/lib/python3.7/site-packages/airflow/example_dags/example_kubernetes_executor.py
[2026-09-30T22:09:13.524+0000] {logging_mixin.py:137} INFO - [2026-09-30T22:09:13.524+0000] {dag.py:2676} INFO - Sync 1 DAGs
[2026-09-30T22:09:13.557+0000] {logging_mixin.py:137} INFO - [2026-09-30T22:09:13.557+0000] {dag.py:3427} INFO - Setting next_dagrun for example_kubernetes_executor to None, run_after=None
[2026-09-30T22:09:13.582+0000] {processor.py:175} INFO - Processing /home/airflow/.local/lib/python3.7/site-packages/airflow/example_dags/example_kubernetes_executor.py took 0.165 seconds
[2026-09-30T22:09:43.717+0000] {processor.py:153} INFO - Started process (PID=29940) to work on /home/airflow/.local/lib/python3.7/site-packages/airflow/example_dags/example_kubernetes_executor.py
[2026-09-30T22:09:43.719+0000] {processor.py:743} INFO - Processing file /home/airflow/.local/lib/python3.7/site-packages/airflow/example_dags/example_kubernetes_executor.py for tasks to queue
[2026-09-30T22:09:43.721+0000] {logging_mixin.py:137} INFO - [2026-09-30T22:09:43.720+0000] {dagbag.py:538} INFO - Filling up the DagBag from /home/airflow/.local/lib/python3.7/site-packages/airflow/example_dags/example_kubernetes_executor.py
[2026-09-30T22:09:43.781+0000] {processor.py:753} INFO - DAG(s) dict_keys(['example_kubernetes_executor']) retrieved from /home/airflow/.local/lib/python3.7/site-packages/airflow/example_dags/example_kubernetes_executor.py
[2026-09-30T22:09:43.847+0000] {logging_mixin.py:137} INFO - [2026-09-30T22:09:43.847+0000] {dag.py:2676} INFO - Sync 1 DAGs
[2026-09-30T22:09:43.885+0000] {logging_mixin.py:137} INFO - [2026-09-30T22:09:43.885+0000] {dag.py:3427} INFO - Setting next_dagrun for example_kubernetes_executor to None, run_after=None
[2026-09-30T22:09:43.911+0000] {processor.py:175} INFO - Processing /home/airflow/.local/lib/python3.7/site-packages/airflow/example_dags/example_kubernetes_executor.py took 0.200 seconds
[2026-09-30T22:10:14.162+0000] {processor.py:153} INFO - Started process (PID=30019) to work on /home/airflow/.local/lib/python3.7/site-packages/airflow/example_dags/example_kubernetes_executor.py
[2026-09-30T22:10:14.163+0000] {processor.py:743} INFO - Processing file /home/airflow/.local/lib/python3.7/site-packages/airflow/example_dags/example_kubernetes_executor.py for tasks to queue
[2026-09-30T22:10:14.164+0000] {logging_mixin.py:137} INFO - [2026-09-30T22:10:14.164+0000] {dagbag.py:538} INFO - Filling up the DagBag from /home/airflow/.local/lib/python3.7/site-packages/airflow/example_dags/example_kubernetes_executor.py
[2026-09-30T22:10:14.203+0000] {processor.py:753} INFO - DAG(s) dict_keys(['example_kubernetes_executor']) retrieved from /home/airflow/.local/lib/python3.7/site-packages/airflow/example_dags/example_kubernetes_executor.py
[2026-09-30T22:10:14.260+0000] {logging_mixin.py:137} INFO - [2026-09-30T22:10:14.259+0000] {dag.py:2676} INFO - Sync 1 DAGs
[2026-09-30T22:10:14.289+0000] {logging_mixin.py:137} INFO - [2026-09-30T22:10:14.289+0000] {dag.py:3427} INFO - Setting next_dagrun for example_kubernetes_executor to None, run_after=None
[2026-09-30T22:10:14.308+0000] {processor.py:175} INFO - Processing /home/airflow/.local/lib/python3.7/site-packages/airflow/example_dags/example_kubernetes_executor.py took 0.150 seconds
[2026-09-30T22:10:44.616+0000] {processor.py:153} INFO - Started process (PID=30098) to work on /home/airflow/.local/lib/python3.7/site-packages/airflow/example_dags/example_kubernetes_executor.py
[2026-09-30T22:10:44.617+0000] {processor.py:743} INFO - Processing file /home/airflow/.local/lib/python3.7/site-packages/airflow/example_dags/example_kubernetes_executor.py for tasks to queue
[2026-09-30T22:10:44.618+0000] {logging_mixin.py:137} INFO - [2026-09-30T22:10:44.618+0000] {dagbag.py:538} INFO - Filling up the DagBag from /home/airflow/.local/lib/python3.7/site-packages/airflow/example_dags/example_kubernetes_executor.py
[2026-09-30T22:10:44.658+0000] {processor.py:753} INFO - DAG(s) dict_keys(['example_kubernetes_executor']) retrieved from /home/airflow/.local/lib/python3.7/site-packages/airflow/example_dags/example_kubernetes_executor.py
[2026-09-30T22:10:44.724+0000] {logging_mixin.py:137} INFO - [2026-09-30T22:10:44.724+0000] {dag.py:2676} INFO - Sync 1 DAGs
[2026-09-30T22:10:44.756+0000] {logging_mixin.py:137} INFO - [2026-09-30T22:10:44.756+0000] {dag.py:3427} INFO - Setting next_dagrun for example_kubernetes_executor to None, run_after=None
[2026-09-30T22:10:44.778+0000] {processor.py:175} INFO - Processing /home/airflow/.local/lib/python3.7/site-packages/airflow/example_dags/example_kubernetes_executor.py took 0.166 seconds
[2026-09-30T22:11:15.624+0000] {processor.py:153} INFO - Started process (PID=30235) to work on /home/airflow/.local/lib/python3.7/site-packages/airflow/example_dags/example_kubernetes_executor.py
[2026-09-30T22:11:15.625+0000] {processor.py:743} INFO - Processing file /home/airflow/.local/lib/python3.7/site-packages/airflow/example_dags/example_kubernetes_executor.py for tasks to queue
[2026-09-30T22:11:15.626+0000] {logging_mixin.py:137} INFO - [2026-09-30T22:11:15.625+0000] {dagbag.py:538} INFO - Filling up the DagBag from /home/airflow/.local/lib/python3.7/site-packages/airflow/example_dags/example_kubernetes_executor.py
[2026-09-30T22:11:15.702+0000] {processor.py:753} INFO - DAG(s) dict_keys(['example_kubernetes_executor']) retrieved from /home/airflow/.local/lib/python3.7/site-packages/airflow/example_dags/example_kubernetes_executor.py
[2026-09-30T22:11:15.782+0000] {logging_mixin.py:137} INFO - [2026-09-30T22:11:15.782+0000] {dag.py:2676} INFO - Sync 1 DAGs
[2026-09-30T22:11:15.831+0000] {logging_mixin.py:137} INFO - [2026-09-30T22:11:15.831+0000] {dag.py:3427} INFO - Setting next_dagrun for example_kubernetes_executor to None, run_after=None
[2026-09-30T22:11:16.116+0000] {processor.py:175} INFO - Processing /home/airflow/.local/lib/python3.7/site-packages/airflow/example_dags/example_kubernetes_executor.py took 0.498 seconds
[2026-09-30T22:11:46.777+0000] {processor.py:153} INFO - Started process (PID=30411) to work on /home/airflow/.local/lib/python3.7/site-packages/airflow/example_dags/example_kubernetes_executor.py
[2026-09-30T22:11:46.779+0000] {processor.py:743} INFO - Processing file /home/airflow/.local/lib/python3.7/site-packages/airflow/example_dags/example_kubernetes_executor.py for tasks to queue
[2026-09-30T22:11:46.780+0000] {logging_mixin.py:137} INFO - [2026-09-30T22:11:46.780+0000] {dagbag.py:538} INFO - Filling up the DagBag from /home/airflow/.local/lib/python3.7/site-packages/airflow/example_dags/example_kubernetes_executor.py
[2026-09-30T22:11:46.811+0000] {processor.py:753} INFO - DAG(s) dict_keys(['example_kubernetes_executor']) retrieved from /home/airflow/.local/lib/python3.7/site-packages/airflow/example_dags/example_kubernetes_executor.py
[2026-09-30T22:11:46.860+0000] {logging_mixin.py:137} INFO - [2026-09-30T22:11:46.860+0000] {dag.py:2676} INFO - Sync 1 DAGs
[2026-09-30T22:11:46.888+0000] {logging_mixin.py:137} INFO - [2026-09-30T22:11:46.888+0000] {dag.py:3427} INFO - Setting next_dagrun for example_kubernetes_executor to None, run_after=None
[2026-09-30T22:11:46.912+0000] {processor.py:175} INFO - Processing /home/airflow/.local/lib/python3.7/site-packages/airflow/example_dags/example_kubernetes_executor.py took 0.138 seconds
[2026-09-30T22:12:17.149+0000] {processor.py:153} INFO - Started process (PID=30597) to work on /home/airflow/.local/lib/python3.7/site-packages/airflow/example_dags/example_kubernetes_executor.py
[2026-09-30T22:12:17.150+0000] {processor.py:743} INFO - Processing file /home/airflow/.local/lib/python3.7/site-packages/airflow/example_dags/example_kubernetes_executor.py for tasks to queue
[2026-09-30T22:12:17.151+0000] {logging_mixin.py:137} INFO - [2026-09-30T22:12:17.151+0000] {dagbag.py:538} INFO - Filling up the DagBag from /home/airflow/.local/lib/python3.7/site-packages/airflow/example_dags/example_kubernetes_executor.py
[2026-09-30T22:12:17.189+0000] {processor.py:753} INFO - DAG(s) dict_keys(['example_kubernetes_executor']) retrieved from /home/airflow/.local/lib/python3.7/site-packages/airflow/example_dags/example_kubernetes_executor.py
[2026-09-30T22:12:17.245+0000] {logging_mixin.py:137} INFO - [2026-09-30T22:12:17.245+0000] {dag.py:2676} INFO - Sync 1 DAGs
[2026-09-30T22:12:17.279+0000] {logging_mixin.py:137} INFO - [2026-09-30T22:12:17.279+0000] {dag.py:3427} INFO - Setting next_dagrun for example_kubernetes_executor to None, run_after=None
[2026-09-30T22:12:17.302+0000] {processor.py:175} INFO - Processing /home/airflow/.local/lib/python3.7/site-packages/airflow/example_dags/example_kubernetes_executor.py took 0.156 seconds
[2026-09-30T22:12:47.587+0000] {processor.py:153} INFO - Started process (PID=30787) to work on /home/airflow/.local/lib/python3.7/site-packages/airflow/example_dags/example_kubernetes_executor.py
[2026-09-30T22:12:47.588+0000] {processor.py:743} INFO - Processing file /home/airflow/.local/lib/python3.7/site-packages/airflow/example_dags/example_kubernetes_executor.py for tasks to queue
[2026-09-30T22:12:47.590+0000] {logging_mixin.py:137} INFO - [2026-09-30T22:12:47.589+0000] {dagbag.py:538} INFO - Filling up the DagBag from /home/airflow/.local/lib/python3.7/site-packages/airflow/example_dags/example_kubernetes_executor.py
[2026-09-30T22:12:47.676+0000] {processor.py:753} INFO - DAG(s) dict_keys(['example_kubernetes_executor']) retrieved from /home/airflow/.local/lib/python3.7/site-packages/airflow/example_dags/example_kubernetes_executor.py
[2026-09-30T22:12:47.766+0000] {logging_mixin.py:137} INFO - [2026-09-30T22:12:47.766+0000] {dag.py:2676} INFO - Sync 1 DAGs
[2026-09-30T22:12:47.814+0000] {logging_mixin.py:137} INFO - [2026-09-30T22:12:47.814+0000] {dag.py:3427} INFO - Setting next_dagrun for example_kubernetes_executor to None, run_after=None
[2026-09-30T22:12:47.848+0000] {processor.py:175} INFO - Processing /home/airflow/.local/lib/python3.7/site-packages/airflow/example_dags/example_kubernetes_executor.py took 0.267 seconds
[2026-09-30T22:13:18.096+0000] {processor.py:153} INFO - Started process (PID=30976) to work on /home/airflow/.local/lib/python3.7/site-packages/airflow/example_dags/example_kubernetes_executor.py
[2026-09-30T22:13:18.096+0000] {processor.py:743} INFO - Processing file /home/airflow/.local/lib/python3.7/site-packages/airflow/example_dags/example_kubernetes_executor.py for tasks to queue
[2026-09-30T22:13:18.097+0000] {logging_mixin.py:137} INFO - [2026-09-30T22:13:18.097+0000] {dagbag.py:538} INFO - Filling up the DagBag from /home/airflow/.local/lib/python3.7/site-packages/airflow/example_dags/example_kubernetes_executor.py
[2026-09-30T22:13:18.128+0000] {processor.py:753} INFO - DAG(s) dict_keys(['example_kubernetes_executor']) retrieved from /home/airflow/.local/lib/python3.7/site-packages/airflow/example_dags/example_kubernetes_executor.py
[2026-09-30T22:13:18.171+0000] {logging_mixin.py:137} INFO - [2026-09-30T22:13:18.171+0000] {dag.py:2676} INFO - Sync 1 DAGs
[2026-09-30T22:13:18.198+0000] {logging_mixin.py:137} INFO - [2026-09-30T22:13:18.197+0000] {dag.py:3427} INFO - Setting next_dagrun for example_kubernetes_executor to None, run_after=None
[2026-09-30T22:13:18.361+0000] {processor.py:175} INFO - Processing /home/airflow/.local/lib/python3.7/site-packages/airflow/example_dags/example_kubernetes_executor.py took 0.269 seconds
[2026-09-30T22:13:48.430+0000] {processor.py:153} INFO - Started process (PID=31157) to work on /home/airflow/.local/lib/python3.7/site-packages/airflow/example_dags/example_kubernetes_executor.py
[2026-09-30T22:13:48.432+0000] {processor.py:743} INFO - Processing file /home/airflow/.local/lib/python3.7/site-packages/airflow/example_dags/example_kubernetes_executor.py for tasks to queue
[2026-09-30T22:13:48.433+0000] {logging_mixin.py:137} INFO - [2026-09-30T22:13:48.432+0000] {dagbag.py:538} INFO - Filling up the DagBag from /home/airflow/.local/lib/python3.7/site-packages/airflow/example_dags/example_kubernetes_executor.py
[2026-09-30T22:13:48.478+0000] {processor.py:753} INFO - DAG(s) dict_keys(['example_kubernetes_executor']) retrieved from /home/airflow/.local/lib/python3.7/site-packages/airflow/example_dags/example_kubernetes_executor.py
[2026-09-30T22:13:48.536+0000] {logging_mixin.py:137} INFO - [2026-09-30T22:13:48.535+0000] {dag.py:2676} INFO - Sync 1 DAGs
[2026-09-30T22:13:48.569+0000] {logging_mixin.py:137} INFO - [2026-09-30T22:13:48.569+0000] {dag.py:3427} INFO - Setting next_dagrun for example_kubernetes_executor to None, run_after=None
[2026-09-30T22:13:48.594+0000] {processor.py:175} INFO - Processing /home/airflow/.local/lib/python3.7/site-packages/airflow/example_dags/example_kubernetes_executor.py took 0.169 seconds
[2026-09-30T22:14:18.964+0000] {processor.py:153} INFO - Started process (PID=31302) to work on /home/airflow/.local/lib/python3.7/site-packages/airflow/example_dags/example_kubernetes_executor.py
[2026-09-30T22:14:18.965+0000] {processor.py:743} INFO - Processing file /home/airflow/.local/lib/python3.7/site-packages/airflow/example_dags/example_kubernetes_executor.py for tasks to queue
[2026-09-30T22:14:18.966+0000] {logging_mixin.py:137} INFO - [2026-09-30T22:14:18.966+0000] {dagbag.py:538} INFO - Filling up the DagBag from /home/airflow/.local/lib/python3.7/site-packages/airflow/example_dags/example_kubernetes_executor.py
[2026-09-30T22:14:19.006+0000] {processor.py:753} INFO - DAG(s) dict_keys(['example_kubernetes_executor']) retrieved from /home/airflow/.local/lib/python3.7/site-packages/airflow/example_dags/example_kubernetes_executor.py
[2026-09-30T22:14:19.065+0000] {logging_mixin.py:137} INFO - [2026-09-30T22:14:19.065+0000] {dag.py:2676} INFO - Sync 1 DAGs
[2026-09-30T22:14:19.102+0000] {logging_mixin.py:137} INFO - [2026-09-30T22:14:19.102+0000] {dag.py:3427} INFO - Setting next_dagrun for example_kubernetes_executor to None, run_after=None
[2026-09-30T22:14:19.127+0000] {processor.py:175} INFO - Processing /home/airflow/.local/lib/python3.7/site-packages/airflow/example_dags/example_kubernetes_executor.py took 0.167 seconds
[2026-09-30T22:14:49.383+0000] {processor.py:153} INFO - Started process (PID=31401) to work on /home/airflow/.local/lib/python3.7/site-packages/airflow/example_dags/example_kubernetes_executor.py
[2026-09-30T22:14:49.385+0000] {processor.py:743} INFO - Processing file /home/airflow/.local/lib/python3.7/site-packages/airflow/example_dags/example_kubernetes_executor.py for tasks to queue
[2026-09-30T22:14:49.387+0000] {logging_mixin.py:137} INFO - [2026-09-30T22:14:49.386+0000] {dagbag.py:538} INFO - Filling up the DagBag from /home/airflow/.local/lib/python3.7/site-packages/airflow/example_dags/example_kubernetes_executor.py
[2026-09-30T22:14:49.475+0000] {processor.py:753} INFO - DAG(s) dict_keys(['example_kubernetes_executor']) retrieved from /home/airflow/.local/lib/python3.7/site-packages/airflow/example_dags/example_kubernetes_executor.py
[2026-09-30T22:14:49.548+0000] {logging_mixin.py:137} INFO - [2026-09-30T22:14:49.548+0000] {dag.py:2676} INFO - Sync 1 DAGs
[2026-09-30T22:14:49.583+0000] {logging_mixin.py:137} INFO - [2026-09-30T22:14:49.583+0000] {dag.py:3427} INFO - Setting next_dagrun for example_kubernetes_executor to None, run_after=None
[2026-09-30T22:14:49.606+0000] {processor.py:175} INFO - Processing /home/airflow/.local/lib/python3.7/site-packages/airflow/example_dags/example_kubernetes_executor.py took 0.228 seconds
[2026-09-30T22:15:19.780+0000] {processor.py:153} INFO - Started process (PID=31480) to work on /home/airflow/.local/lib/python3.7/site-packages/airflow/example_dags/example_kubernetes_executor.py
[2026-09-30T22:15:19.783+0000] {processor.py:743} INFO - Processing file /home/airflow/.local/lib/python3.7/site-packages/airflow/example_dags/example_kubernetes_executor.py for tasks to queue
[2026-09-30T22:15:19.784+0000] {logging_mixin.py:137} INFO - [2026-09-30T22:15:19.784+0000] {dagbag.py:538} INFO - Filling up the DagBag from /home/airflow/.local/lib/python3.7/site-packages/airflow/example_dags/example_kubernetes_executor.py
[2026-09-30T22:15:19.837+0000] {processor.py:753} INFO - DAG(s) dict_keys(['example_kubernetes_executor']) retrieved from /home/airflow/.local/lib/python3.7/site-packages/airflow/example_dags/example_kubernetes_executor.py
[2026-09-30T22:15:19.906+0000] {logging_mixin.py:137} INFO - [2026-09-30T22:15:19.906+0000] {dag.py:2676} INFO - Sync 1 DAGs
[2026-09-30T22:15:19.943+0000] {logging_mixin.py:137} INFO - [2026-09-30T22:15:19.942+0000] {dag.py:3427} INFO - Setting next_dagrun for example_kubernetes_executor to None, run_after=None
[2026-09-30T22:15:20.164+0000] {processor.py:175} INFO - Processing /home/airflow/.local/lib/python3.7/site-packages/airflow/example_dags/example_kubernetes_executor.py took 0.387 seconds
[2026-09-30T22:15:50.211+0000] {processor.py:153} INFO - Started process (PID=31561) to work on /home/airflow/.local/lib/python3.7/site-packages/airflow/example_dags/example_kubernetes_executor.py
[2026-09-30T22:15:50.212+0000] {processor.py:743} INFO - Processing file /home/airflow/.local/lib/python3.7/site-packages/airflow/example_dags/example_kubernetes_executor.py for tasks to queue
[2026-09-30T22:15:50.213+0000] {logging_mixin.py:137} INFO - [2026-09-30T22:15:50.213+0000] {dagbag.py:538} INFO - Filling up the DagBag from /home/airflow/.local/lib/python3.7/site-packages/airflow/example_dags/example_kubernetes_executor.py
[2026-09-30T22:15:50.252+0000] {processor.py:753} INFO - DAG(s) dict_keys(['example_kubernetes_executor']) retrieved from /home/airflow/.local/lib/python3.7/site-packages/airflow/example_dags/example_kubernetes_executor.py
[2026-09-30T22:15:50.330+0000] {logging_mixin.py:137} INFO - [2026-09-30T22:15:50.330+0000] {dag.py:2676} INFO - Sync 1 DAGs
[2026-09-30T22:15:50.379+0000] {logging_mixin.py:137} INFO - [2026-09-30T22:15:50.379+0000] {dag.py:3427} INFO - Setting next_dagrun for example_kubernetes_executor to None, run_after=None
[2026-09-30T22:15:50.405+0000] {processor.py:175} INFO - Processing /home/airflow/.local/lib/python3.7/site-packages/airflow/example_dags/example_kubernetes_executor.py took 0.199 seconds
[2026-09-30T22:16:20.590+0000] {processor.py:153} INFO - Started process (PID=31640) to work on /home/airflow/.local/lib/python3.7/site-packages/airflow/example_dags/example_kubernetes_executor.py
[2026-09-30T22:16:20.591+0000] {processor.py:743} INFO - Processing file /home/airflow/.local/lib/python3.7/site-packages/airflow/example_dags/example_kubernetes_executor.py for tasks to queue
[2026-09-30T22:16:20.592+0000] {logging_mixin.py:137} INFO - [2026-09-30T22:16:20.592+0000] {dagbag.py:538} INFO - Filling up the DagBag from /home/airflow/.local/lib/python3.7/site-packages/airflow/example_dags/example_kubernetes_executor.py
[2026-09-30T22:16:20.630+0000] {processor.py:753} INFO - DAG(s) dict_keys(['example_kubernetes_executor']) retrieved from /home/airflow/.local/lib/python3.7/site-packages/airflow/example_dags/example_kubernetes_executor.py
[2026-09-30T22:16:20.685+0000] {logging_mixin.py:137} INFO - [2026-09-30T22:16:20.685+0000] {dag.py:2676} INFO - Sync 1 DAGs
[2026-09-30T22:16:20.718+0000] {logging_mixin.py:137} INFO - [2026-09-30T22:16:20.717+0000] {dag.py:3427} INFO - Setting next_dagrun for example_kubernetes_executor to None, run_after=None
[2026-09-30T22:16:20.741+0000] {processor.py:175} INFO - Processing /home/airflow/.local/lib/python3.7/site-packages/airflow/example_dags/example_kubernetes_executor.py took 0.154 seconds
[2026-09-30T22:16:50.854+0000] {processor.py:153} INFO - Started process (PID=31738) to work on /home/airflow/.local/lib/python3.7/site-packages/airflow/example_dags/example_kubernetes_executor.py
[2026-09-30T22:16:50.855+0000] {processor.py:743} INFO - Processing file /home/airflow/.local/lib/python3.7/site-packages/airflow/example_dags/example_kubernetes_executor.py for tasks to queue
[2026-09-30T22:16:50.856+0000] {logging_mixin.py:137} INFO - [2026-09-30T22:16:50.856+0000] {dagbag.py:538} INFO - Filling up the DagBag from /home/airflow/.local/lib/python3.7/site-packages/airflow/example_dags/example_kubernetes_executor.py
[2026-09-30T22:16:50.893+0000] {processor.py:753} INFO - DAG(s) dict_keys(['example_kubernetes_executor']) retrieved from /home/airflow/.local/lib/python3.7/site-packages/airflow/example_dags/example_kubernetes_executor.py
[2026-09-30T22:16:50.948+0000] {logging_mixin.py:137} INFO - [2026-09-30T22:16:50.947+0000] {dag.py:2676} INFO - Sync 1 DAGs
[2026-09-30T22:16:50.983+0000] {logging_mixin.py:137} INFO - [2026-09-30T22:16:50.983+0000] {dag.py:3427} INFO - Setting next_dagrun for example_kubernetes_executor to None, run_after=None
[2026-09-30T22:16:51.004+0000] {processor.py:175} INFO - Processing /home/airflow/.local/lib/python3.7/site-packages/airflow/example_dags/example_kubernetes_executor.py took 0.155 seconds
[2026-09-30T22:17:21.658+0000] {processor.py:153} INFO - Started process (PID=31817) to work on /home/airflow/.local/lib/python3.7/site-packages/airflow/example_dags/example_kubernetes_executor.py
[2026-09-30T22:17:21.660+0000] {processor.py:743} INFO - Processing file /home/airflow/.local/lib/python3.7/site-packages/airflow/example_dags/example_kubernetes_executor.py for tasks to queue
[2026-09-30T22:17:21.661+0000] {logging_mixin.py:137} INFO - [2026-09-30T22:17:21.661+0000] {dagbag.py:538} INFO - Filling up the DagBag from /home/airflow/.local/lib/python3.7/site-packages/airflow/example_dags/example_kubernetes_executor.py
[2026-09-30T22:17:21.708+0000] {processor.py:753} INFO - DAG(s) dict_keys(['example_kubernetes_executor']) retrieved from /home/airflow/.local/lib/python3.7/site-packages/airflow/example_dags/example_kubernetes_executor.py
[2026-09-30T22:17:21.769+0000] {logging_mixin.py:137} INFO - [2026-09-30T22:17:21.768+0000] {dag.py:2676} INFO - Sync 1 DAGs
[2026-09-30T22:17:21.803+0000] {logging_mixin.py:137} INFO - [2026-09-30T22:17:21.803+0000] {dag.py:3427} INFO - Setting next_dagrun for example_kubernetes_executor to None, run_after=None
[2026-09-30T22:17:22.009+0000] {processor.py:175} INFO - Processing /home/airflow/.local/lib/python3.7/site-packages/airflow/example_dags/example_kubernetes_executor.py took 0.358 seconds
[2026-09-30T22:17:52.491+0000] {processor.py:153} INFO - Started process (PID=31896) to work on /home/airflow/.local/lib/python3.7/site-packages/airflow/example_dags/example_kubernetes_executor.py
[2026-09-30T22:17:52.493+0000] {processor.py:743} INFO - Processing file /home/airflow/.local/lib/python3.7/site-packages/airflow/example_dags/example_kubernetes_executor.py for tasks to queue
[2026-09-30T22:17:52.495+0000] {logging_mixin.py:137} INFO - [2026-09-30T22:17:52.494+0000] {dagbag.py:538} INFO - Filling up the DagBag from /home/airflow/.local/lib/python3.7/site-packages/airflow/example_dags/example_kubernetes_executor.py
[2026-09-30T22:17:52.554+0000] {processor.py:753} INFO - DAG(s) dict_keys(['example_kubernetes_executor']) retrieved from /home/airflow/.local/lib/python3.7/site-packages/airflow/example_dags/example_kubernetes_executor.py
[2026-09-30T22:17:52.631+0000] {logging_mixin.py:137} INFO - [2026-09-30T22:17:52.631+0000] {dag.py:2676} INFO - Sync 1 DAGs
[2026-09-30T22:17:52.667+0000] {logging_mixin.py:137} INFO - [2026-09-30T22:17:52.666+0000] {dag.py:3427} INFO - Setting next_dagrun for example_kubernetes_executor to None, run_after=None
[2026-09-30T22:17:52.700+0000] {processor.py:175} INFO - Processing /home/airflow/.local/lib/python3.7/site-packages/airflow/example_dags/example_kubernetes_executor.py took 0.216 seconds
[2026-09-30T22:18:23.207+0000] {processor.py:153} INFO - Started process (PID=31985) to work on /home/airflow/.local/lib/python3.7/site-packages/airflow/example_dags/example_kubernetes_executor.py
[2026-09-30T22:18:23.208+0000] {processor.py:743} INFO - Processing file /home/airflow/.local/lib/python3.7/site-packages/airflow/example_dags/example_kubernetes_executor.py for tasks to queue
[2026-09-30T22:18:23.209+0000] {logging_mixin.py:137} INFO - [2026-09-30T22:18:23.209+0000] {dagbag.py:538} INFO - Filling up the DagBag from /home/airflow/.local/lib/python3.7/site-packages/airflow/example_dags/example_kubernetes_executor.py
[2026-09-30T22:18:23.249+0000] {processor.py:753} INFO - DAG(s) dict_keys(['example_kubernetes_executor']) retrieved from /home/airflow/.local/lib/python3.7/site-packages/airflow/example_dags/example_kubernetes_executor.py
[2026-09-30T22:18:23.308+0000] {logging_mixin.py:137} INFO - [2026-09-30T22:18:23.308+0000] {dag.py:2676} INFO - Sync 1 DAGs
[2026-09-30T22:18:23.339+0000] {logging_mixin.py:137} INFO - [2026-09-30T22:18:23.339+0000] {dag.py:3427} INFO - Setting next_dagrun for example_kubernetes_executor to None, run_after=None
[2026-09-30T22:18:23.360+0000] {processor.py:175} INFO - Processing /home/airflow/.local/lib/python3.7/site-packages/airflow/example_dags/example_kubernetes_executor.py took 0.159 seconds
[2026-09-30T22:18:53.734+0000] {processor.py:153} INFO - Started process (PID=32075) to work on /home/airflow/.local/lib/python3.7/site-packages/airflow/example_dags/example_kubernetes_executor.py
[2026-09-30T22:18:53.737+0000] {processor.py:743} INFO - Processing file /home/airflow/.local/lib/python3.7/site-packages/airflow/example_dags/example_kubernetes_executor.py for tasks to queue
[2026-09-30T22:18:53.737+0000] {logging_mixin.py:137} INFO - [2026-09-30T22:18:53.737+0000] {dagbag.py:538} INFO - Filling up the DagBag from /home/airflow/.local/lib/python3.7/site-packages/airflow/example_dags/example_kubernetes_executor.py
[2026-09-30T22:18:53.792+0000] {processor.py:753} INFO - DAG(s) dict_keys(['example_kubernetes_executor']) retrieved from /home/airflow/.local/lib/python3.7/site-packages/airflow/example_dags/example_kubernetes_executor.py
[2026-09-30T22:18:53.852+0000] {logging_mixin.py:137} INFO - [2026-09-30T22:18:53.852+0000] {dag.py:2676} INFO - Sync 1 DAGs
[2026-09-30T22:18:53.885+0000] {logging_mixin.py:137} INFO - [2026-09-30T22:18:53.885+0000] {dag.py:3427} INFO - Setting next_dagrun for example_kubernetes_executor to None, run_after=None
[2026-09-30T22:18:53.908+0000] {processor.py:175} INFO - Processing /home/airflow/.local/lib/python3.7/site-packages/airflow/example_dags/example_kubernetes_executor.py took 0.178 seconds
[2026-09-30T22:19:24.069+0000] {processor.py:153} INFO - Started process (PID=32155) to work on /home/airflow/.local/lib/python3.7/site-packages/airflow/example_dags/example_kubernetes_executor.py
[2026-09-30T22:19:24.070+0000] {processor.py:743} INFO - Processing file /home/airflow/.local/lib/python3.7/site-packages/airflow/example_dags/example_kubernetes_executor.py for tasks to queue
[2026-09-30T22:19:24.071+0000] {logging_mixin.py:137} INFO - [2026-09-30T22:19:24.071+0000] {dagbag.py:538} INFO - Filling up the DagBag from /home/airflow/.local/lib/python3.7/site-packages/airflow/example_dags/example_kubernetes_executor.py
[2026-09-30T22:19:24.110+0000] {processor.py:753} INFO - DAG(s) dict_keys(['example_kubernetes_executor']) retrieved from /home/airflow/.local/lib/python3.7/site-packages/airflow/example_dags/example_kubernetes_executor.py
[2026-09-30T22:19:24.164+0000] {logging_mixin.py:137} INFO - [2026-09-30T22:19:24.164+0000] {dag.py:2676} INFO - Sync 1 DAGs
[2026-09-30T22:19:24.195+0000] {logging_mixin.py:137} INFO - [2026-09-30T22:19:24.195+0000] {dag.py:3427} INFO - Setting next_dagrun for example_kubernetes_executor to None, run_after=None
[2026-09-30T22:19:24.402+0000] {processor.py:175} INFO - Processing /home/airflow/.local/lib/python3.7/site-packages/airflow/example_dags/example_kubernetes_executor.py took 0.337 seconds
[2026-09-30T22:19:54.768+0000] {processor.py:153} INFO - Started process (PID=32235) to work on /home/airflow/.local/lib/python3.7/site-packages/airflow/example_dags/example_kubernetes_executor.py
[2026-09-30T22:19:54.769+0000] {processor.py:743} INFO - Processing file /home/airflow/.local/lib/python3.7/site-packages/airflow/example_dags/example_kubernetes_executor.py for tasks to queue
[2026-09-30T22:19:54.769+0000] {logging_mixin.py:137} INFO - [2026-09-30T22:19:54.769+0000] {dagbag.py:538} INFO - Filling up the DagBag from /home/airflow/.local/lib/python3.7/site-packages/airflow/example_dags/example_kubernetes_executor.py
[2026-09-30T22:19:54.825+0000] {processor.py:753} INFO - DAG(s) dict_keys(['example_kubernetes_executor']) retrieved from /home/airflow/.local/lib/python3.7/site-packages/airflow/example_dags/example_kubernetes_executor.py
[2026-09-30T22:19:54.889+0000] {logging_mixin.py:137} INFO - [2026-09-30T22:19:54.889+0000] {dag.py:2676} INFO - Sync 1 DAGs
[2026-09-30T22:19:54.925+0000] {logging_mixin.py:137} INFO - [2026-09-30T22:19:54.925+0000] {dag.py:3427} INFO - Setting next_dagrun for example_kubernetes_executor to None, run_after=None
[2026-09-30T22:19:54.948+0000] {processor.py:175} INFO - Processing /home/airflow/.local/lib/python3.7/site-packages/airflow/example_dags/example_kubernetes_executor.py took 0.183 seconds
[2026-09-30T22:20:25.089+0000] {processor.py:153} INFO - Started process (PID=32334) to work on /home/airflow/.local/lib/python3.7/site-packages/airflow/example_dags/example_kubernetes_executor.py
[2026-09-30T22:20:25.090+0000] {processor.py:743} INFO - Processing file /home/airflow/.local/lib/python3.7/site-packages/airflow/example_dags/example_kubernetes_executor.py for tasks to queue
[2026-09-30T22:20:25.092+0000] {logging_mixin.py:137} INFO - [2026-09-30T22:20:25.092+0000] {dagbag.py:538} INFO - Filling up the DagBag from /home/airflow/.local/lib/python3.7/site-packages/airflow/example_dags/example_kubernetes_executor.py
[2026-09-30T22:20:25.132+0000] {processor.py:753} INFO - DAG(s) dict_keys(['example_kubernetes_executor']) retrieved from /home/airflow/.local/lib/python3.7/site-packages/airflow/example_dags/example_kubernetes_executor.py
[2026-09-30T22:20:25.191+0000] {logging_mixin.py:137} INFO - [2026-09-30T22:20:25.191+0000] {dag.py:2676} INFO - Sync 1 DAGs
[2026-09-30T22:20:25.224+0000] {logging_mixin.py:137} INFO - [2026-09-30T22:20:25.224+0000] {dag.py:3427} INFO - Setting next_dagrun for example_kubernetes_executor to None, run_after=None
[2026-09-30T22:20:25.249+0000] {processor.py:175} INFO - Processing /home/airflow/.local/lib/python3.7/site-packages/airflow/example_dags/example_kubernetes_executor.py took 0.164 seconds
[2026-09-30T22:20:55.508+0000] {processor.py:153} INFO - Started process (PID=32413) to work on /home/airflow/.local/lib/python3.7/site-packages/airflow/example_dags/example_kubernetes_executor.py
[2026-09-30T22:20:55.510+0000] {processor.py:743} INFO - Processing file /home/airflow/.local/lib/python3.7/site-packages/airflow/example_dags/example_kubernetes_executor.py for tasks to queue
[2026-09-30T22:20:55.511+0000] {logging_mixin.py:137} INFO - [2026-09-30T22:20:55.511+0000] {dagbag.py:538} INFO - Filling up the DagBag from /home/airflow/.local/lib/python3.7/site-packages/airflow/example_dags/example_kubernetes_executor.py
[2026-09-30T22:20:55.568+0000] {processor.py:753} INFO - DAG(s) dict_keys(['example_kubernetes_executor']) retrieved from /home/airflow/.local/lib/python3.7/site-packages/airflow/example_dags/example_kubernetes_executor.py
[2026-09-30T22:20:55.650+0000] {logging_mixin.py:137} INFO - [2026-09-30T22:20:55.650+0000] {dag.py:2676} INFO - Sync 1 DAGs
[2026-09-30T22:20:55.697+0000] {logging_mixin.py:137} INFO - [2026-09-30T22:20:55.697+0000] {dag.py:3427} INFO - Setting next_dagrun for example_kubernetes_executor to None, run_after=None
[2026-09-30T22:20:55.731+0000] {processor.py:175} INFO - Processing /home/airflow/.local/lib/python3.7/site-packages/airflow/example_dags/example_kubernetes_executor.py took 0.229 seconds
[2026-09-30T22:21:26.666+0000] {processor.py:153} INFO - Started process (PID=32492) to work on /home/airflow/.local/lib/python3.7/site-packages/airflow/example_dags/example_kubernetes_executor.py
[2026-09-30T22:21:26.667+0000] {processor.py:743} INFO - Processing file /home/airflow/.local/lib/python3.7/site-packages/airflow/example_dags/example_kubernetes_executor.py for tasks to queue
[2026-09-30T22:21:26.668+0000] {logging_mixin.py:137} INFO - [2026-09-30T22:21:26.668+0000] {dagbag.py:538} INFO - Filling up the DagBag from /home/airflow/.local/lib/python3.7/site-packages/airflow/example_dags/example_kubernetes_executor.py
[2026-09-30T22:21:26.728+0000] {processor.py:753} INFO - DAG(s) dict_keys(['example_kubernetes_executor']) retrieved from /home/airflow/.local/lib/python3.7/site-packages/airflow/example_dags/example_kubernetes_executor.py
[2026-09-30T22:21:26.810+0000] {logging_mixin.py:137} INFO - [2026-09-30T22:21:26.810+0000] {dag.py:2676} INFO - Sync 1 DAGs
[2026-09-30T22:21:26.855+0000] {logging_mixin.py:137} INFO - [2026-09-30T22:21:26.855+0000] {dag.py:3427} INFO - Setting next_dagrun for example_kubernetes_executor to None, run_after=None
[2026-09-30T22:21:27.064+0000] {processor.py:175} INFO - Processing /home/airflow/.local/lib/python3.7/site-packages/airflow/example_dags/example_kubernetes_executor.py took 0.404 seconds
[2026-09-30T22:21:57.217+0000] {processor.py:153} INFO - Started process (PID=32580) to work on /home/airflow/.local/lib/python3.7/site-packages/airflow/example_dags/example_kubernetes_executor.py
[2026-09-30T22:21:57.218+0000] {processor.py:743} INFO - Processing file /home/airflow/.local/lib/python3.7/site-packages/airflow/example_dags/example_kubernetes_executor.py for tasks to queue
[2026-09-30T22:21:57.219+0000] {logging_mixin.py:137} INFO - [2026-09-30T22:21:57.219+0000] {dagbag.py:538} INFO - Filling up the DagBag from /home/airflow/.local/lib/python3.7/site-packages/airflow/example_dags/example_kubernetes_executor.py
[2026-09-30T22:21:57.260+0000] {processor.py:753} INFO - DAG(s) dict_keys(['example_kubernetes_executor']) retrieved from /home/airflow/.local/lib/python3.7/site-packages/airflow/example_dags/example_kubernetes_executor.py
[2026-09-30T22:21:57.325+0000] {logging_mixin.py:137} INFO - [2026-09-30T22:21:57.325+0000] {dag.py:2676} INFO - Sync 1 DAGs
[2026-09-30T22:21:57.375+0000] {logging_mixin.py:137} INFO - [2026-09-30T22:21:57.374+0000] {dag.py:3427} INFO - Setting next_dagrun for example_kubernetes_executor to None, run_after=None
[2026-09-30T22:21:57.402+0000] {processor.py:175} INFO - Processing /home/airflow/.local/lib/python3.7/site-packages/airflow/example_dags/example_kubernetes_executor.py took 0.189 seconds
[2026-09-30T22:22:27.567+0000] {processor.py:153} INFO - Started process (PID=32669) to work on /home/airflow/.local/lib/python3.7/site-packages/airflow/example_dags/example_kubernetes_executor.py
[2026-09-30T22:22:27.569+0000] {processor.py:743} INFO - Processing file /home/airflow/.local/lib/python3.7/site-packages/airflow/example_dags/example_kubernetes_executor.py for tasks to queue
[2026-09-30T22:22:27.570+0000] {logging_mixin.py:137} INFO - [2026-09-30T22:22:27.570+0000] {dagbag.py:538} INFO - Filling up the DagBag from /home/airflow/.local/lib/python3.7/site-packages/airflow/example_dags/example_kubernetes_executor.py
[2026-09-30T22:22:27.617+0000] {processor.py:753} INFO - DAG(s) dict_keys(['example_kubernetes_executor']) retrieved from /home/airflow/.local/lib/python3.7/site-packages/airflow/example_dags/example_kubernetes_executor.py
[2026-09-30T22:22:27.682+0000] {logging_mixin.py:137} INFO - [2026-09-30T22:22:27.682+0000] {dag.py:2676} INFO - Sync 1 DAGs
[2026-09-30T22:22:27.718+0000] {logging_mixin.py:137} INFO - [2026-09-30T22:22:27.718+0000] {dag.py:3427} INFO - Setting next_dagrun for example_kubernetes_executor to None, run_after=None
[2026-09-30T22:22:27.743+0000] {processor.py:175} INFO - Processing /home/airflow/.local/lib/python3.7/site-packages/airflow/example_dags/example_kubernetes_executor.py took 0.180 seconds
[2026-09-30T22:22:58.456+0000] {processor.py:153} INFO - Started process (PID=32749) to work on /home/airflow/.local/lib/python3.7/site-packages/airflow/example_dags/example_kubernetes_executor.py
[2026-09-30T22:22:58.457+0000] {processor.py:743} INFO - Processing file /home/airflow/.local/lib/python3.7/site-packages/airflow/example_dags/example_kubernetes_executor.py for tasks to queue
[2026-09-30T22:22:58.458+0000] {logging_mixin.py:137} INFO - [2026-09-30T22:22:58.457+0000] {dagbag.py:538} INFO - Filling up the DagBag from /home/airflow/.local/lib/python3.7/site-packages/airflow/example_dags/example_kubernetes_executor.py
[2026-09-30T22:22:58.500+0000] {processor.py:753} INFO - DAG(s) dict_keys(['example_kubernetes_executor']) retrieved from /home/airflow/.local/lib/python3.7/site-packages/airflow/example_dags/example_kubernetes_executor.py
[2026-09-30T22:22:58.553+0000] {logging_mixin.py:137} INFO - [2026-09-30T22:22:58.553+0000] {dag.py:2676} INFO - Sync 1 DAGs
[2026-09-30T22:22:58.584+0000] {logging_mixin.py:137} INFO - [2026-09-30T22:22:58.584+0000] {dag.py:3427} INFO - Setting next_dagrun for example_kubernetes_executor to None, run_after=None
[2026-09-30T22:22:58.605+0000] {processor.py:175} INFO - Processing /home/airflow/.local/lib/python3.7/site-packages/airflow/example_dags/example_kubernetes_executor.py took 0.155 seconds
[2026-09-30T22:23:28.930+0000] {processor.py:153} INFO - Started process (PID=32827) to work on /home/airflow/.local/lib/python3.7/site-packages/airflow/example_dags/example_kubernetes_executor.py
[2026-09-30T22:23:28.932+0000] {processor.py:743} INFO - Processing file /home/airflow/.local/lib/python3.7/site-packages/airflow/example_dags/example_kubernetes_executor.py for tasks to queue
[2026-09-30T22:23:28.932+0000] {logging_mixin.py:137} INFO - [2026-09-30T22:23:28.932+0000] {dagbag.py:538} INFO - Filling up the DagBag from /home/airflow/.local/lib/python3.7/site-packages/airflow/example_dags/example_kubernetes_executor.py
[2026-09-30T22:23:28.974+0000] {processor.py:753} INFO - DAG(s) dict_keys(['example_kubernetes_executor']) retrieved from /home/airflow/.local/lib/python3.7/site-packages/airflow/example_dags/example_kubernetes_executor.py
[2026-09-30T22:23:29.027+0000] {logging_mixin.py:137} INFO - [2026-09-30T22:23:29.027+0000] {dag.py:2676} INFO - Sync 1 DAGs
[2026-09-30T22:23:29.062+0000] {logging_mixin.py:137} INFO - [2026-09-30T22:23:29.062+0000] {dag.py:3427} INFO - Setting next_dagrun for example_kubernetes_executor to None, run_after=None
[2026-09-30T22:23:29.323+0000] {processor.py:175} INFO - Processing /home/airflow/.local/lib/python3.7/site-packages/airflow/example_dags/example_kubernetes_executor.py took 0.397 seconds
[2026-09-30T22:23:59.450+0000] {processor.py:153} INFO - Started process (PID=32916) to work on /home/airflow/.local/lib/python3.7/site-packages/airflow/example_dags/example_kubernetes_executor.py
[2026-09-30T22:23:59.451+0000] {processor.py:743} INFO - Processing file /home/airflow/.local/lib/python3.7/site-packages/airflow/example_dags/example_kubernetes_executor.py for tasks to queue
[2026-09-30T22:23:59.451+0000] {logging_mixin.py:137} INFO - [2026-09-30T22:23:59.451+0000] {dagbag.py:538} INFO - Filling up the DagBag from /home/airflow/.local/lib/python3.7/site-packages/airflow/example_dags/example_kubernetes_executor.py
[2026-09-30T22:23:59.504+0000] {processor.py:753} INFO - DAG(s) dict_keys(['example_kubernetes_executor']) retrieved from /home/airflow/.local/lib/python3.7/site-packages/airflow/example_dags/example_kubernetes_executor.py
[2026-09-30T22:23:59.572+0000] {logging_mixin.py:137} INFO - [2026-09-30T22:23:59.572+0000] {dag.py:2676} INFO - Sync 1 DAGs
[2026-09-30T22:23:59.610+0000] {logging_mixin.py:137} INFO - [2026-09-30T22:23:59.610+0000] {dag.py:3427} INFO - Setting next_dagrun for example_kubernetes_executor to None, run_after=None
[2026-09-30T22:23:59.635+0000] {processor.py:175} INFO - Processing /home/airflow/.local/lib/python3.7/site-packages/airflow/example_dags/example_kubernetes_executor.py took 0.189 seconds
[2026-09-30T22:24:30.079+0000] {processor.py:153} INFO - Started process (PID=33005) to work on /home/airflow/.local/lib/python3.7/site-packages/airflow/example_dags/example_kubernetes_executor.py
[2026-09-30T22:24:30.080+0000] {processor.py:743} INFO - Processing file /home/airflow/.local/lib/python3.7/site-packages/airflow/example_dags/example_kubernetes_executor.py for tasks to queue
[2026-09-30T22:24:30.081+0000] {logging_mixin.py:137} INFO - [2026-09-30T22:24:30.080+0000] {dagbag.py:538} INFO - Filling up the DagBag from /home/airflow/.local/lib/python3.7/site-packages/airflow/example_dags/example_kubernetes_executor.py
[2026-09-30T22:24:30.109+0000] {processor.py:753} INFO - DAG(s) dict_keys(['example_kubernetes_executor']) retrieved from /home/airflow/.local/lib/python3.7/site-packages/airflow/example_dags/example_kubernetes_executor.py
[2026-09-30T22:24:30.150+0000] {logging_mixin.py:137} INFO - [2026-09-30T22:24:30.150+0000] {dag.py:2676} INFO - Sync 1 DAGs
[2026-09-30T22:24:30.173+0000] {logging_mixin.py:137} INFO - [2026-09-30T22:24:30.173+0000] {dag.py:3427} INFO - Setting next_dagrun for example_kubernetes_executor to None, run_after=None
[2026-09-30T22:24:30.188+0000] {processor.py:175} INFO - Processing /home/airflow/.local/lib/python3.7/site-packages/airflow/example_dags/example_kubernetes_executor.py took 0.112 seconds
[2026-09-30T22:25:00.691+0000] {processor.py:153} INFO - Started process (PID=33083) to work on /home/airflow/.local/lib/python3.7/site-packages/airflow/example_dags/example_kubernetes_executor.py
[2026-09-30T22:25:00.693+0000] {processor.py:743} INFO - Processing file /home/airflow/.local/lib/python3.7/site-packages/airflow/example_dags/example_kubernetes_executor.py for tasks to queue
[2026-09-30T22:25:00.694+0000] {logging_mixin.py:137} INFO - [2026-09-30T22:25:00.694+0000] {dagbag.py:538} INFO - Filling up the DagBag from /home/airflow/.local/lib/python3.7/site-packages/airflow/example_dags/example_kubernetes_executor.py
[2026-09-30T22:25:00.756+0000] {processor.py:753} INFO - DAG(s) dict_keys(['example_kubernetes_executor']) retrieved from /home/airflow/.local/lib/python3.7/site-packages/airflow/example_dags/example_kubernetes_executor.py
[2026-09-30T22:25:00.825+0000] {logging_mixin.py:137} INFO - [2026-09-30T22:25:00.824+0000] {dag.py:2676} INFO - Sync 1 DAGs
[2026-09-30T22:25:00.859+0000] {logging_mixin.py:137} INFO - [2026-09-30T22:25:00.859+0000] {dag.py:3427} INFO - Setting next_dagrun for example_kubernetes_executor to None, run_after=None
[2026-09-30T22:25:00.893+0000] {processor.py:175} INFO - Processing /home/airflow/.local/lib/python3.7/site-packages/airflow/example_dags/example_kubernetes_executor.py took 0.208 seconds
[2026-09-30T22:25:32.166+0000] {processor.py:153} INFO - Started process (PID=33162) to work on /home/airflow/.local/lib/python3.7/site-packages/airflow/example_dags/example_kubernetes_executor.py
[2026-09-30T22:25:32.168+0000] {processor.py:743} INFO - Processing file /home/airflow/.local/lib/python3.7/site-packages/airflow/example_dags/example_kubernetes_executor.py for tasks to queue
[2026-09-30T22:25:32.169+0000] {logging_mixin.py:137} INFO - [2026-09-30T22:25:32.168+0000] {dagbag.py:538} INFO - Filling up the DagBag from /home/airflow/.local/lib/python3.7/site-packages/airflow/example_dags/example_kubernetes_executor.py
[2026-09-30T22:25:32.215+0000] {processor.py:753} INFO - DAG(s) dict_keys(['example_kubernetes_executor']) retrieved from /home/airflow/.local/lib/python3.7/site-packages/airflow/example_dags/example_kubernetes_executor.py
[2026-09-30T22:25:32.278+0000] {logging_mixin.py:137} INFO - [2026-09-30T22:25:32.277+0000] {dag.py:2676} INFO - Sync 1 DAGs
[2026-09-30T22:25:32.315+0000] {logging_mixin.py:137} INFO - [2026-09-30T22:25:32.315+0000] {dag.py:3427} INFO - Setting next_dagrun for example_kubernetes_executor to None, run_after=None
[2026-09-30T22:25:32.560+0000] {processor.py:175} INFO - Processing /home/airflow/.local/lib/python3.7/site-packages/airflow/example_dags/example_kubernetes_executor.py took 0.398 seconds
[2026-09-30T22:26:03.519+0000] {processor.py:153} INFO - Started process (PID=33262) to work on /home/airflow/.local/lib/python3.7/site-packages/airflow/example_dags/example_kubernetes_executor.py
[2026-09-30T22:26:03.521+0000] {processor.py:743} INFO - Processing file /home/airflow/.local/lib/python3.7/site-packages/airflow/example_dags/example_kubernetes_executor.py for tasks to queue
[2026-09-30T22:26:03.522+0000] {logging_mixin.py:137} INFO - [2026-09-30T22:26:03.521+0000] {dagbag.py:538} INFO - Filling up the DagBag from /home/airflow/.local/lib/python3.7/site-packages/airflow/example_dags/example_kubernetes_executor.py
[2026-09-30T22:26:03.551+0000] {processor.py:753} INFO - DAG(s) dict_keys(['example_kubernetes_executor']) retrieved from /home/airflow/.local/lib/python3.7/site-packages/airflow/example_dags/example_kubernetes_executor.py
[2026-09-30T22:26:03.592+0000] {logging_mixin.py:137} INFO - [2026-09-30T22:26:03.592+0000] {dag.py:2676} INFO - Sync 1 DAGs
[2026-09-30T22:26:03.616+0000] {logging_mixin.py:137} INFO - [2026-09-30T22:26:03.616+0000] {dag.py:3427} INFO - Setting next_dagrun for example_kubernetes_executor to None, run_after=None
[2026-09-30T22:26:03.634+0000] {processor.py:175} INFO - Processing /home/airflow/.local/lib/python3.7/site-packages/airflow/example_dags/example_kubernetes_executor.py took 0.118 seconds
[2026-09-30T22:26:33.762+0000] {processor.py:153} INFO - Started process (PID=33353) to work on /home/airflow/.local/lib/python3.7/site-packages/airflow/example_dags/example_kubernetes_executor.py
[2026-09-30T22:26:33.763+0000] {processor.py:743} INFO - Processing file /home/airflow/.local/lib/python3.7/site-packages/airflow/example_dags/example_kubernetes_executor.py for tasks to queue
[2026-09-30T22:26:33.764+0000] {logging_mixin.py:137} INFO - [2026-09-30T22:26:33.764+0000] {dagbag.py:538} INFO - Filling up the DagBag from /home/airflow/.local/lib/python3.7/site-packages/airflow/example_dags/example_kubernetes_executor.py
[2026-09-30T22:26:33.817+0000] {processor.py:753} INFO - DAG(s) dict_keys(['example_kubernetes_executor']) retrieved from /home/airflow/.local/lib/python3.7/site-packages/airflow/example_dags/example_kubernetes_executor.py
[2026-09-30T22:26:33.894+0000] {logging_mixin.py:137} INFO - [2026-09-30T22:26:33.893+0000] {dag.py:2676} INFO - Sync 1 DAGs
[2026-09-30T22:26:33.940+0000] {logging_mixin.py:137} INFO - [2026-09-30T22:26:33.940+0000] {dag.py:3427} INFO - Setting next_dagrun for example_kubernetes_executor to None, run_after=None
[2026-09-30T22:26:33.969+0000] {processor.py:175} INFO - Processing /home/airflow/.local/lib/python3.7/site-packages/airflow/example_dags/example_kubernetes_executor.py took 0.214 seconds
[2026-09-30T22:27:04.837+0000] {processor.py:153} INFO - Started process (PID=33432) to work on /home/airflow/.local/lib/python3.7/site-packages/airflow/example_dags/example_kubernetes_executor.py
[2026-09-30T22:27:04.840+0000] {processor.py:743} INFO - Processing file /home/airflow/.local/lib/python3.7/site-packages/airflow/example_dags/example_kubernetes_executor.py for tasks to queue
[2026-09-30T22:27:04.841+0000] {logging_mixin.py:137} INFO - [2026-09-30T22:27:04.840+0000] {dagbag.py:538} INFO - Filling up the DagBag from /home/airflow/.local/lib/python3.7/site-packages/airflow/example_dags/example_kubernetes_executor.py
[2026-09-30T22:27:04.881+0000] {processor.py:753} INFO - DAG(s) dict_keys(['example_kubernetes_executor']) retrieved from /home/airflow/.local/lib/python3.7/site-packages/airflow/example_dags/example_kubernetes_executor.py
[2026-09-30T22:27:04.938+0000] {logging_mixin.py:137} INFO - [2026-09-30T22:27:04.937+0000] {dag.py:2676} INFO - Sync 1 DAGs
[2026-09-30T22:27:04.972+0000] {logging_mixin.py:137} INFO - [2026-09-30T22:27:04.972+0000] {dag.py:3427} INFO - Setting next_dagrun for example_kubernetes_executor to None, run_after=None
[2026-09-30T22:27:04.996+0000] {processor.py:175} INFO - Processing /home/airflow/.local/lib/python3.7/site-packages/airflow/example_dags/example_kubernetes_executor.py took 0.163 seconds
[2026-09-30T22:27:35.067+0000] {processor.py:153} INFO - Started process (PID=33520) to work on /home/airflow/.local/lib/python3.7/site-packages/airflow/example_dags/example_kubernetes_executor.py
[2026-09-30T22:27:35.068+0000] {processor.py:743} INFO - Processing file /home/airflow/.local/lib/python3.7/site-packages/airflow/example_dags/example_kubernetes_executor.py for tasks to queue
[2026-09-30T22:27:35.068+0000] {logging_mixin.py:137} INFO - [2026-09-30T22:27:35.068+0000] {dagbag.py:538} INFO - Filling up the DagBag from /home/airflow/.local/lib/python3.7/site-packages/airflow/example_dags/example_kubernetes_executor.py
[2026-09-30T22:27:35.110+0000] {processor.py:753} INFO - DAG(s) dict_keys(['example_kubernetes_executor']) retrieved from /home/airflow/.local/lib/python3.7/site-packages/airflow/example_dags/example_kubernetes_executor.py
[2026-09-30T22:27:35.166+0000] {logging_mixin.py:137} INFO - [2026-09-30T22:27:35.166+0000] {dag.py:2676} INFO - Sync 1 DAGs
[2026-09-30T22:27:35.215+0000] {logging_mixin.py:137} INFO - [2026-09-30T22:27:35.215+0000] {dag.py:3427} INFO - Setting next_dagrun for example_kubernetes_executor to None, run_after=None
[2026-09-30T22:27:35.447+0000] {processor.py:175} INFO - Processing /home/airflow/.local/lib/python3.7/site-packages/airflow/example_dags/example_kubernetes_executor.py took 0.385 seconds
[2026-09-30T22:28:05.637+0000] {processor.py:153} INFO - Started process (PID=33610) to work on /home/airflow/.local/lib/python3.7/site-packages/airflow/example_dags/example_kubernetes_executor.py
[2026-09-30T22:28:05.639+0000] {processor.py:743} INFO - Processing file /home/airflow/.local/lib/python3.7/site-packages/airflow/example_dags/example_kubernetes_executor.py for tasks to queue
[2026-09-30T22:28:05.640+0000] {logging_mixin.py:137} INFO - [2026-09-30T22:28:05.640+0000] {dagbag.py:538} INFO - Filling up the DagBag from /home/airflow/.local/lib/python3.7/site-packages/airflow/example_dags/example_kubernetes_executor.py
[2026-09-30T22:28:05.687+0000] {processor.py:753} INFO - DAG(s) dict_keys(['example_kubernetes_executor']) retrieved from /home/airflow/.local/lib/python3.7/site-packages/airflow/example_dags/example_kubernetes_executor.py
[2026-09-30T22:28:05.744+0000] {logging_mixin.py:137} INFO - [2026-09-30T22:28:05.743+0000] {dag.py:2676} INFO - Sync 1 DAGs
[2026-09-30T22:28:05.782+0000] {logging_mixin.py:137} INFO - [2026-09-30T22:28:05.782+0000] {dag.py:3427} INFO - Setting next_dagrun for example_kubernetes_executor to None, run_after=None
[2026-09-30T22:28:05.806+0000] {processor.py:175} INFO - Processing /home/airflow/.local/lib/python3.7/site-packages/airflow/example_dags/example_kubernetes_executor.py took 0.176 seconds
[2026-09-30T22:28:35.967+0000] {processor.py:153} INFO - Started process (PID=33689) to work on /home/airflow/.local/lib/python3.7/site-packages/airflow/example_dags/example_kubernetes_executor.py
[2026-09-30T22:28:35.968+0000] {processor.py:743} INFO - Processing file /home/airflow/.local/lib/python3.7/site-packages/airflow/example_dags/example_kubernetes_executor.py for tasks to queue
[2026-09-30T22:28:35.969+0000] {logging_mixin.py:137} INFO - [2026-09-30T22:28:35.968+0000] {dagbag.py:538} INFO - Filling up the DagBag from /home/airflow/.local/lib/python3.7/site-packages/airflow/example_dags/example_kubernetes_executor.py
[2026-09-30T22:28:36.008+0000] {processor.py:753} INFO - DAG(s) dict_keys(['example_kubernetes_executor']) retrieved from /home/airflow/.local/lib/python3.7/site-packages/airflow/example_dags/example_kubernetes_executor.py
[2026-09-30T22:28:36.072+0000] {logging_mixin.py:137} INFO - [2026-09-30T22:28:36.072+0000] {dag.py:2676} INFO - Sync 1 DAGs
[2026-09-30T22:28:36.115+0000] {logging_mixin.py:137} INFO - [2026-09-30T22:28:36.115+0000] {dag.py:3427} INFO - Setting next_dagrun for example_kubernetes_executor to None, run_after=None
[2026-09-30T22:28:36.139+0000] {processor.py:175} INFO - Processing /home/airflow/.local/lib/python3.7/site-packages/airflow/example_dags/example_kubernetes_executor.py took 0.176 seconds
[2026-09-30T22:29:07.040+0000] {processor.py:153} INFO - Started process (PID=33767) to work on /home/airflow/.local/lib/python3.7/site-packages/airflow/example_dags/example_kubernetes_executor.py
[2026-09-30T22:29:07.041+0000] {processor.py:743} INFO - Processing file /home/airflow/.local/lib/python3.7/site-packages/airflow/example_dags/example_kubernetes_executor.py for tasks to queue
[2026-09-30T22:29:07.042+0000] {logging_mixin.py:137} INFO - [2026-09-30T22:29:07.042+0000] {dagbag.py:538} INFO - Filling up the DagBag from /home/airflow/.local/lib/python3.7/site-packages/airflow/example_dags/example_kubernetes_executor.py
[2026-09-30T22:29:07.084+0000] {processor.py:753} INFO - DAG(s) dict_keys(['example_kubernetes_executor']) retrieved from /home/airflow/.local/lib/python3.7/site-packages/airflow/example_dags/example_kubernetes_executor.py
[2026-09-30T22:29:07.152+0000] {logging_mixin.py:137} INFO - [2026-09-30T22:29:07.152+0000] {dag.py:2676} INFO - Sync 1 DAGs
[2026-09-30T22:29:07.195+0000] {logging_mixin.py:137} INFO - [2026-09-30T22:29:07.195+0000] {dag.py:3427} INFO - Setting next_dagrun for example_kubernetes_executor to None, run_after=None
[2026-09-30T22:29:07.217+0000] {processor.py:175} INFO - Processing /home/airflow/.local/lib/python3.7/site-packages/airflow/example_dags/example_kubernetes_executor.py took 0.182 seconds
[2026-09-30T22:29:37.654+0000] {processor.py:153} INFO - Started process (PID=33866) to work on /home/airflow/.local/lib/python3.7/site-packages/airflow/example_dags/example_kubernetes_executor.py
[2026-09-30T22:29:37.655+0000] {processor.py:743} INFO - Processing file /home/airflow/.local/lib/python3.7/site-packages/airflow/example_dags/example_kubernetes_executor.py for tasks to queue
[2026-09-30T22:29:37.656+0000] {logging_mixin.py:137} INFO - [2026-09-30T22:29:37.656+0000] {dagbag.py:538} INFO - Filling up the DagBag from /home/airflow/.local/lib/python3.7/site-packages/airflow/example_dags/example_kubernetes_executor.py
[2026-09-30T22:29:37.719+0000] {processor.py:753} INFO - DAG(s) dict_keys(['example_kubernetes_executor']) retrieved from /home/airflow/.local/lib/python3.7/site-packages/airflow/example_dags/example_kubernetes_executor.py
[2026-09-30T22:29:37.792+0000] {logging_mixin.py:137} INFO - [2026-09-30T22:29:37.792+0000] {dag.py:2676} INFO - Sync 1 DAGs
[2026-09-30T22:29:37.836+0000] {logging_mixin.py:137} INFO - [2026-09-30T22:29:37.836+0000] {dag.py:3427} INFO - Setting next_dagrun for example_kubernetes_executor to None, run_after=None
[2026-09-30T22:29:38.086+0000] {processor.py:175} INFO - Processing /home/airflow/.local/lib/python3.7/site-packages/airflow/example_dags/example_kubernetes_executor.py took 0.437 seconds
[2026-09-30T22:30:21.942+0000] {processor.py:153} INFO - Started process (PID=76) to work on /home/airflow/.local/lib/python3.7/site-packages/airflow/example_dags/example_kubernetes_executor.py
[2026-09-30T22:30:21.943+0000] {processor.py:743} INFO - Processing file /home/airflow/.local/lib/python3.7/site-packages/airflow/example_dags/example_kubernetes_executor.py for tasks to queue
[2026-09-30T22:30:21.944+0000] {logging_mixin.py:137} INFO - [2026-09-30T22:30:21.944+0000] {dagbag.py:538} INFO - Filling up the DagBag from /home/airflow/.local/lib/python3.7/site-packages/airflow/example_dags/example_kubernetes_executor.py
[2026-09-30T22:30:21.985+0000] {processor.py:753} INFO - DAG(s) dict_keys(['example_kubernetes_executor']) retrieved from /home/airflow/.local/lib/python3.7/site-packages/airflow/example_dags/example_kubernetes_executor.py
[2026-09-30T22:30:22.018+0000] {logging_mixin.py:137} INFO - [2026-09-30T22:30:22.018+0000] {dag.py:2676} INFO - Sync 1 DAGs
[2026-09-30T22:30:22.061+0000] {logging_mixin.py:137} INFO - [2026-09-30T22:30:22.061+0000] {dag.py:3427} INFO - Setting next_dagrun for example_kubernetes_executor to None, run_after=None
[2026-09-30T22:30:22.089+0000] {processor.py:175} INFO - Processing /home/airflow/.local/lib/python3.7/site-packages/airflow/example_dags/example_kubernetes_executor.py took 0.151 seconds
[2026-09-30T22:30:54.051+0000] {processor.py:153} INFO - Started process (PID=166) to work on /home/airflow/.local/lib/python3.7/site-packages/airflow/example_dags/example_kubernetes_executor.py
[2026-09-30T22:30:54.052+0000] {processor.py:743} INFO - Processing file /home/airflow/.local/lib/python3.7/site-packages/airflow/example_dags/example_kubernetes_executor.py for tasks to queue
[2026-09-30T22:30:54.053+0000] {logging_mixin.py:137} INFO - [2026-09-30T22:30:54.053+0000] {dagbag.py:538} INFO - Filling up the DagBag from /home/airflow/.local/lib/python3.7/site-packages/airflow/example_dags/example_kubernetes_executor.py
[2026-09-30T22:30:54.102+0000] {processor.py:753} INFO - DAG(s) dict_keys(['example_kubernetes_executor']) retrieved from /home/airflow/.local/lib/python3.7/site-packages/airflow/example_dags/example_kubernetes_executor.py
[2026-09-30T22:30:54.158+0000] {logging_mixin.py:137} INFO - [2026-09-30T22:30:54.157+0000] {dag.py:2676} INFO - Sync 1 DAGs
[2026-09-30T22:30:54.189+0000] {logging_mixin.py:137} INFO - [2026-09-30T22:30:54.189+0000] {dag.py:3427} INFO - Setting next_dagrun for example_kubernetes_executor to None, run_after=None
[2026-09-30T22:30:54.210+0000] {processor.py:175} INFO - Processing /home/airflow/.local/lib/python3.7/site-packages/airflow/example_dags/example_kubernetes_executor.py took 0.162 seconds
[2026-09-30T22:31:25.061+0000] {processor.py:153} INFO - Started process (PID=245) to work on /home/airflow/.local/lib/python3.7/site-packages/airflow/example_dags/example_kubernetes_executor.py
[2026-09-30T22:31:25.062+0000] {processor.py:743} INFO - Processing file /home/airflow/.local/lib/python3.7/site-packages/airflow/example_dags/example_kubernetes_executor.py for tasks to queue
[2026-09-30T22:31:25.063+0000] {logging_mixin.py:137} INFO - [2026-09-30T22:31:25.062+0000] {dagbag.py:538} INFO - Filling up the DagBag from /home/airflow/.local/lib/python3.7/site-packages/airflow/example_dags/example_kubernetes_executor.py
[2026-09-30T22:31:25.116+0000] {processor.py:753} INFO - DAG(s) dict_keys(['example_kubernetes_executor']) retrieved from /home/airflow/.local/lib/python3.7/site-packages/airflow/example_dags/example_kubernetes_executor.py
[2026-09-30T22:31:25.179+0000] {logging_mixin.py:137} INFO - [2026-09-30T22:31:25.179+0000] {dag.py:2676} INFO - Sync 1 DAGs
[2026-09-30T22:31:25.209+0000] {logging_mixin.py:137} INFO - [2026-09-30T22:31:25.209+0000] {dag.py:3427} INFO - Setting next_dagrun for example_kubernetes_executor to None, run_after=None
[2026-09-30T22:31:25.231+0000] {processor.py:175} INFO - Processing /home/airflow/.local/lib/python3.7/site-packages/airflow/example_dags/example_kubernetes_executor.py took 0.173 seconds
[2026-09-30T22:31:56.029+0000] {processor.py:153} INFO - Started process (PID=344) to work on /home/airflow/.local/lib/python3.7/site-packages/airflow/example_dags/example_kubernetes_executor.py
[2026-09-30T22:31:56.030+0000] {processor.py:743} INFO - Processing file /home/airflow/.local/lib/python3.7/site-packages/airflow/example_dags/example_kubernetes_executor.py for tasks to queue
[2026-09-30T22:31:56.031+0000] {logging_mixin.py:137} INFO - [2026-09-30T22:31:56.031+0000] {dagbag.py:538} INFO - Filling up the DagBag from /home/airflow/.local/lib/python3.7/site-packages/airflow/example_dags/example_kubernetes_executor.py
[2026-09-30T22:31:56.069+0000] {processor.py:753} INFO - DAG(s) dict_keys(['example_kubernetes_executor']) retrieved from /home/airflow/.local/lib/python3.7/site-packages/airflow/example_dags/example_kubernetes_executor.py
[2026-09-30T22:31:56.126+0000] {logging_mixin.py:137} INFO - [2026-09-30T22:31:56.126+0000] {dag.py:2676} INFO - Sync 1 DAGs
[2026-09-30T22:31:56.167+0000] {logging_mixin.py:137} INFO - [2026-09-30T22:31:56.167+0000] {dag.py:3427} INFO - Setting next_dagrun for example_kubernetes_executor to None, run_after=None
[2026-09-30T22:31:56.190+0000] {processor.py:175} INFO - Processing /home/airflow/.local/lib/python3.7/site-packages/airflow/example_dags/example_kubernetes_executor.py took 0.167 seconds
[2026-09-30T22:32:26.595+0000] {processor.py:153} INFO - Started process (PID=423) to work on /home/airflow/.local/lib/python3.7/site-packages/airflow/example_dags/example_kubernetes_executor.py
[2026-09-30T22:32:26.597+0000] {processor.py:743} INFO - Processing file /home/airflow/.local/lib/python3.7/site-packages/airflow/example_dags/example_kubernetes_executor.py for tasks to queue
[2026-09-30T22:32:26.597+0000] {logging_mixin.py:137} INFO - [2026-09-30T22:32:26.597+0000] {dagbag.py:538} INFO - Filling up the DagBag from /home/airflow/.local/lib/python3.7/site-packages/airflow/example_dags/example_kubernetes_executor.py
[2026-09-30T22:32:26.649+0000] {processor.py:753} INFO - DAG(s) dict_keys(['example_kubernetes_executor']) retrieved from /home/airflow/.local/lib/python3.7/site-packages/airflow/example_dags/example_kubernetes_executor.py
[2026-09-30T22:32:26.714+0000] {logging_mixin.py:137} INFO - [2026-09-30T22:32:26.714+0000] {dag.py:2676} INFO - Sync 1 DAGs
[2026-09-30T22:32:26.749+0000] {logging_mixin.py:137} INFO - [2026-09-30T22:32:26.749+0000] {dag.py:3427} INFO - Setting next_dagrun for example_kubernetes_executor to None, run_after=None
[2026-09-30T22:32:26.770+0000] {processor.py:175} INFO - Processing /home/airflow/.local/lib/python3.7/site-packages/airflow/example_dags/example_kubernetes_executor.py took 0.178 seconds
[2026-09-30T22:32:57.470+0000] {processor.py:153} INFO - Started process (PID=502) to work on /home/airflow/.local/lib/python3.7/site-packages/airflow/example_dags/example_kubernetes_executor.py
[2026-09-30T22:32:57.471+0000] {processor.py:743} INFO - Processing file /home/airflow/.local/lib/python3.7/site-packages/airflow/example_dags/example_kubernetes_executor.py for tasks to queue
[2026-09-30T22:32:57.472+0000] {logging_mixin.py:137} INFO - [2026-09-30T22:32:57.471+0000] {dagbag.py:538} INFO - Filling up the DagBag from /home/airflow/.local/lib/python3.7/site-packages/airflow/example_dags/example_kubernetes_executor.py
[2026-09-30T22:32:57.510+0000] {processor.py:753} INFO - DAG(s) dict_keys(['example_kubernetes_executor']) retrieved from /home/airflow/.local/lib/python3.7/site-packages/airflow/example_dags/example_kubernetes_executor.py
[2026-09-30T22:32:57.588+0000] {logging_mixin.py:137} INFO - [2026-09-30T22:32:57.588+0000] {dag.py:2676} INFO - Sync 1 DAGs
[2026-09-30T22:32:57.626+0000] {logging_mixin.py:137} INFO - [2026-09-30T22:32:57.626+0000] {dag.py:3427} INFO - Setting next_dagrun for example_kubernetes_executor to None, run_after=None
[2026-09-30T22:32:57.646+0000] {processor.py:175} INFO - Processing /home/airflow/.local/lib/python3.7/site-packages/airflow/example_dags/example_kubernetes_executor.py took 0.180 seconds
[2026-09-30T22:33:28.021+0000] {processor.py:153} INFO - Started process (PID=601) to work on /home/airflow/.local/lib/python3.7/site-packages/airflow/example_dags/example_kubernetes_executor.py
[2026-09-30T22:33:28.022+0000] {processor.py:743} INFO - Processing file /home/airflow/.local/lib/python3.7/site-packages/airflow/example_dags/example_kubernetes_executor.py for tasks to queue
[2026-09-30T22:33:28.022+0000] {logging_mixin.py:137} INFO - [2026-09-30T22:33:28.022+0000] {dagbag.py:538} INFO - Filling up the DagBag from /home/airflow/.local/lib/python3.7/site-packages/airflow/example_dags/example_kubernetes_executor.py
[2026-09-30T22:33:28.069+0000] {processor.py:753} INFO - DAG(s) dict_keys(['example_kubernetes_executor']) retrieved from /home/airflow/.local/lib/python3.7/site-packages/airflow/example_dags/example_kubernetes_executor.py
[2026-09-30T22:33:28.153+0000] {logging_mixin.py:137} INFO - [2026-09-30T22:33:28.153+0000] {dag.py:2676} INFO - Sync 1 DAGs
[2026-09-30T22:33:28.198+0000] {logging_mixin.py:137} INFO - [2026-09-30T22:33:28.198+0000] {dag.py:3427} INFO - Setting next_dagrun for example_kubernetes_executor to None, run_after=None
[2026-09-30T22:33:28.224+0000] {processor.py:175} INFO - Processing /home/airflow/.local/lib/python3.7/site-packages/airflow/example_dags/example_kubernetes_executor.py took 0.207 seconds
[2026-09-30T22:33:58.813+0000] {processor.py:153} INFO - Started process (PID=680) to work on /home/airflow/.local/lib/python3.7/site-packages/airflow/example_dags/example_kubernetes_executor.py
[2026-09-30T22:33:58.814+0000] {processor.py:743} INFO - Processing file /home/airflow/.local/lib/python3.7/site-packages/airflow/example_dags/example_kubernetes_executor.py for tasks to queue
[2026-09-30T22:33:58.815+0000] {logging_mixin.py:137} INFO - [2026-09-30T22:33:58.814+0000] {dagbag.py:538} INFO - Filling up the DagBag from /home/airflow/.local/lib/python3.7/site-packages/airflow/example_dags/example_kubernetes_executor.py
[2026-09-30T22:33:58.849+0000] {processor.py:753} INFO - DAG(s) dict_keys(['example_kubernetes_executor']) retrieved from /home/airflow/.local/lib/python3.7/site-packages/airflow/example_dags/example_kubernetes_executor.py
[2026-09-30T22:33:58.911+0000] {logging_mixin.py:137} INFO - [2026-09-30T22:33:58.911+0000] {dag.py:2676} INFO - Sync 1 DAGs
[2026-09-30T22:33:58.956+0000] {logging_mixin.py:137} INFO - [2026-09-30T22:33:58.956+0000] {dag.py:3427} INFO - Setting next_dagrun for example_kubernetes_executor to None, run_after=None
[2026-09-30T22:33:58.986+0000] {processor.py:175} INFO - Processing /home/airflow/.local/lib/python3.7/site-packages/airflow/example_dags/example_kubernetes_executor.py took 0.177 seconds
[2026-09-30T22:34:29.053+0000] {processor.py:153} INFO - Started process (PID=759) to work on /home/airflow/.local/lib/python3.7/site-packages/airflow/example_dags/example_kubernetes_executor.py
[2026-09-30T22:34:29.055+0000] {processor.py:743} INFO - Processing file /home/airflow/.local/lib/python3.7/site-packages/airflow/example_dags/example_kubernetes_executor.py for tasks to queue
[2026-09-30T22:34:29.056+0000] {logging_mixin.py:137} INFO - [2026-09-30T22:34:29.056+0000] {dagbag.py:538} INFO - Filling up the DagBag from /home/airflow/.local/lib/python3.7/site-packages/airflow/example_dags/example_kubernetes_executor.py
[2026-09-30T22:34:29.115+0000] {processor.py:753} INFO - DAG(s) dict_keys(['example_kubernetes_executor']) retrieved from /home/airflow/.local/lib/python3.7/site-packages/airflow/example_dags/example_kubernetes_executor.py
[2026-09-30T22:34:29.184+0000] {logging_mixin.py:137} INFO - [2026-09-30T22:34:29.184+0000] {dag.py:2676} INFO - Sync 1 DAGs
[2026-09-30T22:34:29.217+0000] {logging_mixin.py:137} INFO - [2026-09-30T22:34:29.217+0000] {dag.py:3427} INFO - Setting next_dagrun for example_kubernetes_executor to None, run_after=None
[2026-09-30T22:34:29.242+0000] {processor.py:175} INFO - Processing /home/airflow/.local/lib/python3.7/site-packages/airflow/example_dags/example_kubernetes_executor.py took 0.195 seconds
[2026-09-30T22:34:59.565+0000] {processor.py:153} INFO - Started process (PID=847) to work on /home/airflow/.local/lib/python3.7/site-packages/airflow/example_dags/example_kubernetes_executor.py
[2026-09-30T22:34:59.567+0000] {processor.py:743} INFO - Processing file /home/airflow/.local/lib/python3.7/site-packages/airflow/example_dags/example_kubernetes_executor.py for tasks to queue
[2026-09-30T22:34:59.568+0000] {logging_mixin.py:137} INFO - [2026-09-30T22:34:59.567+0000] {dagbag.py:538} INFO - Filling up the DagBag from /home/airflow/.local/lib/python3.7/site-packages/airflow/example_dags/example_kubernetes_executor.py
[2026-09-30T22:34:59.616+0000] {processor.py:753} INFO - DAG(s) dict_keys(['example_kubernetes_executor']) retrieved from /home/airflow/.local/lib/python3.7/site-packages/airflow/example_dags/example_kubernetes_executor.py
[2026-09-30T22:34:59.671+0000] {logging_mixin.py:137} INFO - [2026-09-30T22:34:59.671+0000] {dag.py:2676} INFO - Sync 1 DAGs
[2026-09-30T22:34:59.706+0000] {logging_mixin.py:137} INFO - [2026-09-30T22:34:59.706+0000] {dag.py:3427} INFO - Setting next_dagrun for example_kubernetes_executor to None, run_after=None
[2026-09-30T22:34:59.727+0000] {processor.py:175} INFO - Processing /home/airflow/.local/lib/python3.7/site-packages/airflow/example_dags/example_kubernetes_executor.py took 0.166 seconds
[2026-09-30T22:35:30.068+0000] {processor.py:153} INFO - Started process (PID=937) to work on /home/airflow/.local/lib/python3.7/site-packages/airflow/example_dags/example_kubernetes_executor.py
[2026-09-30T22:35:30.069+0000] {processor.py:743} INFO - Processing file /home/airflow/.local/lib/python3.7/site-packages/airflow/example_dags/example_kubernetes_executor.py for tasks to queue
[2026-09-30T22:35:30.070+0000] {logging_mixin.py:137} INFO - [2026-09-30T22:35:30.069+0000] {dagbag.py:538} INFO - Filling up the DagBag from /home/airflow/.local/lib/python3.7/site-packages/airflow/example_dags/example_kubernetes_executor.py
[2026-09-30T22:35:30.107+0000] {processor.py:753} INFO - DAG(s) dict_keys(['example_kubernetes_executor']) retrieved from /home/airflow/.local/lib/python3.7/site-packages/airflow/example_dags/example_kubernetes_executor.py
[2026-09-30T22:35:30.167+0000] {logging_mixin.py:137} INFO - [2026-09-30T22:35:30.166+0000] {dag.py:2676} INFO - Sync 1 DAGs
[2026-09-30T22:35:30.197+0000] {logging_mixin.py:137} INFO - [2026-09-30T22:35:30.197+0000] {dag.py:3427} INFO - Setting next_dagrun for example_kubernetes_executor to None, run_after=None
[2026-09-30T22:35:30.223+0000] {processor.py:175} INFO - Processing /home/airflow/.local/lib/python3.7/site-packages/airflow/example_dags/example_kubernetes_executor.py took 0.160 seconds
[2026-09-30T22:36:01.279+0000] {processor.py:153} INFO - Started process (PID=1016) to work on /home/airflow/.local/lib/python3.7/site-packages/airflow/example_dags/example_kubernetes_executor.py
[2026-09-30T22:36:01.279+0000] {processor.py:743} INFO - Processing file /home/airflow/.local/lib/python3.7/site-packages/airflow/example_dags/example_kubernetes_executor.py for tasks to queue
[2026-09-30T22:36:01.280+0000] {logging_mixin.py:137} INFO - [2026-09-30T22:36:01.280+0000] {dagbag.py:538} INFO - Filling up the DagBag from /home/airflow/.local/lib/python3.7/site-packages/airflow/example_dags/example_kubernetes_executor.py
[2026-09-30T22:36:01.330+0000] {processor.py:753} INFO - DAG(s) dict_keys(['example_kubernetes_executor']) retrieved from /home/airflow/.local/lib/python3.7/site-packages/airflow/example_dags/example_kubernetes_executor.py
[2026-09-30T22:36:01.411+0000] {logging_mixin.py:137} INFO - [2026-09-30T22:36:01.411+0000] {dag.py:2676} INFO - Sync 1 DAGs
[2026-09-30T22:36:01.458+0000] {logging_mixin.py:137} INFO - [2026-09-30T22:36:01.458+0000] {dag.py:3427} INFO - Setting next_dagrun for example_kubernetes_executor to None, run_after=None
[2026-09-30T22:36:01.485+0000] {processor.py:175} INFO - Processing /home/airflow/.local/lib/python3.7/site-packages/airflow/example_dags/example_kubernetes_executor.py took 0.210 seconds
[2026-09-30T22:36:31.610+0000] {processor.py:153} INFO - Started process (PID=1095) to work on /home/airflow/.local/lib/python3.7/site-packages/airflow/example_dags/example_kubernetes_executor.py
[2026-09-30T22:36:31.611+0000] {processor.py:743} INFO - Processing file /home/airflow/.local/lib/python3.7/site-packages/airflow/example_dags/example_kubernetes_executor.py for tasks to queue
[2026-09-30T22:36:31.612+0000] {logging_mixin.py:137} INFO - [2026-09-30T22:36:31.612+0000] {dagbag.py:538} INFO - Filling up the DagBag from /home/airflow/.local/lib/python3.7/site-packages/airflow/example_dags/example_kubernetes_executor.py
[2026-09-30T22:36:31.651+0000] {processor.py:753} INFO - DAG(s) dict_keys(['example_kubernetes_executor']) retrieved from /home/airflow/.local/lib/python3.7/site-packages/airflow/example_dags/example_kubernetes_executor.py
[2026-09-30T22:36:31.715+0000] {logging_mixin.py:137} INFO - [2026-09-30T22:36:31.715+0000] {dag.py:2676} INFO - Sync 1 DAGs
[2026-09-30T22:36:31.758+0000] {logging_mixin.py:137} INFO - [2026-09-30T22:36:31.758+0000] {dag.py:3427} INFO - Setting next_dagrun for example_kubernetes_executor to None, run_after=None
[2026-09-30T22:36:31.778+0000] {processor.py:175} INFO - Processing /home/airflow/.local/lib/python3.7/site-packages/airflow/example_dags/example_kubernetes_executor.py took 0.174 seconds
[2026-09-30T22:37:01.903+0000] {processor.py:153} INFO - Started process (PID=1183) to work on /home/airflow/.local/lib/python3.7/site-packages/airflow/example_dags/example_kubernetes_executor.py
[2026-09-30T22:37:01.904+0000] {processor.py:743} INFO - Processing file /home/airflow/.local/lib/python3.7/site-packages/airflow/example_dags/example_kubernetes_executor.py for tasks to queue
[2026-09-30T22:37:01.905+0000] {logging_mixin.py:137} INFO - [2026-09-30T22:37:01.905+0000] {dagbag.py:538} INFO - Filling up the DagBag from /home/airflow/.local/lib/python3.7/site-packages/airflow/example_dags/example_kubernetes_executor.py
[2026-09-30T22:37:01.942+0000] {processor.py:753} INFO - DAG(s) dict_keys(['example_kubernetes_executor']) retrieved from /home/airflow/.local/lib/python3.7/site-packages/airflow/example_dags/example_kubernetes_executor.py
[2026-09-30T22:37:02.005+0000] {logging_mixin.py:137} INFO - [2026-09-30T22:37:02.004+0000] {dag.py:2676} INFO - Sync 1 DAGs
[2026-09-30T22:37:02.048+0000] {logging_mixin.py:137} INFO - [2026-09-30T22:37:02.047+0000] {dag.py:3427} INFO - Setting next_dagrun for example_kubernetes_executor to None, run_after=None
[2026-09-30T22:37:02.067+0000] {processor.py:175} INFO - Processing /home/airflow/.local/lib/python3.7/site-packages/airflow/example_dags/example_kubernetes_executor.py took 0.168 seconds
[2026-09-30T22:37:32.380+0000] {processor.py:153} INFO - Started process (PID=1273) to work on /home/airflow/.local/lib/python3.7/site-packages/airflow/example_dags/example_kubernetes_executor.py
[2026-09-30T22:37:32.381+0000] {processor.py:743} INFO - Processing file /home/airflow/.local/lib/python3.7/site-packages/airflow/example_dags/example_kubernetes_executor.py for tasks to queue
[2026-09-30T22:37:32.383+0000] {logging_mixin.py:137} INFO - [2026-09-30T22:37:32.382+0000] {dagbag.py:538} INFO - Filling up the DagBag from /home/airflow/.local/lib/python3.7/site-packages/airflow/example_dags/example_kubernetes_executor.py
[2026-09-30T22:37:32.433+0000] {processor.py:753} INFO - DAG(s) dict_keys(['example_kubernetes_executor']) retrieved from /home/airflow/.local/lib/python3.7/site-packages/airflow/example_dags/example_kubernetes_executor.py
[2026-09-30T22:37:32.501+0000] {logging_mixin.py:137} INFO - [2026-09-30T22:37:32.501+0000] {dag.py:2676} INFO - Sync 1 DAGs
[2026-09-30T22:37:32.543+0000] {logging_mixin.py:137} INFO - [2026-09-30T22:37:32.542+0000] {dag.py:3427} INFO - Setting next_dagrun for example_kubernetes_executor to None, run_after=None
[2026-09-30T22:37:32.561+0000] {processor.py:175} INFO - Processing /home/airflow/.local/lib/python3.7/site-packages/airflow/example_dags/example_kubernetes_executor.py took 0.185 seconds
[2026-09-30T22:38:03.458+0000] {processor.py:153} INFO - Started process (PID=1352) to work on /home/airflow/.local/lib/python3.7/site-packages/airflow/example_dags/example_kubernetes_executor.py
[2026-09-30T22:38:03.459+0000] {processor.py:743} INFO - Processing file /home/airflow/.local/lib/python3.7/site-packages/airflow/example_dags/example_kubernetes_executor.py for tasks to queue
[2026-09-30T22:38:03.459+0000] {logging_mixin.py:137} INFO - [2026-09-30T22:38:03.459+0000] {dagbag.py:538} INFO - Filling up the DagBag from /home/airflow/.local/lib/python3.7/site-packages/airflow/example_dags/example_kubernetes_executor.py
[2026-09-30T22:38:03.507+0000] {processor.py:753} INFO - DAG(s) dict_keys(['example_kubernetes_executor']) retrieved from /home/airflow/.local/lib/python3.7/site-packages/airflow/example_dags/example_kubernetes_executor.py
[2026-09-30T22:38:03.566+0000] {logging_mixin.py:137} INFO - [2026-09-30T22:38:03.566+0000] {dag.py:2676} INFO - Sync 1 DAGs
[2026-09-30T22:38:03.597+0000] {logging_mixin.py:137} INFO - [2026-09-30T22:38:03.597+0000] {dag.py:3427} INFO - Setting next_dagrun for example_kubernetes_executor to None, run_after=None
[2026-09-30T22:38:03.615+0000] {processor.py:175} INFO - Processing /home/airflow/.local/lib/python3.7/site-packages/airflow/example_dags/example_kubernetes_executor.py took 0.161 seconds
[2026-09-30T22:38:34.567+0000] {processor.py:153} INFO - Started process (PID=1431) to work on /home/airflow/.local/lib/python3.7/site-packages/airflow/example_dags/example_kubernetes_executor.py
[2026-09-30T22:38:34.568+0000] {processor.py:743} INFO - Processing file /home/airflow/.local/lib/python3.7/site-packages/airflow/example_dags/example_kubernetes_executor.py for tasks to queue
[2026-09-30T22:38:34.570+0000] {logging_mixin.py:137} INFO - [2026-09-30T22:38:34.569+0000] {dagbag.py:538} INFO - Filling up the DagBag from /home/airflow/.local/lib/python3.7/site-packages/airflow/example_dags/example_kubernetes_executor.py
[2026-09-30T22:38:34.612+0000] {processor.py:753} INFO - DAG(s) dict_keys(['example_kubernetes_executor']) retrieved from /home/airflow/.local/lib/python3.7/site-packages/airflow/example_dags/example_kubernetes_executor.py
[2026-09-30T22:38:34.666+0000] {logging_mixin.py:137} INFO - [2026-09-30T22:38:34.666+0000] {dag.py:2676} INFO - Sync 1 DAGs
[2026-09-30T22:38:34.698+0000] {logging_mixin.py:137} INFO - [2026-09-30T22:38:34.698+0000] {dag.py:3427} INFO - Setting next_dagrun for example_kubernetes_executor to None, run_after=None
[2026-09-30T22:38:34.721+0000] {processor.py:175} INFO - Processing /home/airflow/.local/lib/python3.7/site-packages/airflow/example_dags/example_kubernetes_executor.py took 0.160 seconds
[2026-09-30T22:39:05.879+0000] {processor.py:153} INFO - Started process (PID=1530) to work on /home/airflow/.local/lib/python3.7/site-packages/airflow/example_dags/example_kubernetes_executor.py
[2026-09-30T22:39:05.880+0000] {processor.py:743} INFO - Processing file /home/airflow/.local/lib/python3.7/site-packages/airflow/example_dags/example_kubernetes_executor.py for tasks to queue
[2026-09-30T22:39:05.881+0000] {logging_mixin.py:137} INFO - [2026-09-30T22:39:05.881+0000] {dagbag.py:538} INFO - Filling up the DagBag from /home/airflow/.local/lib/python3.7/site-packages/airflow/example_dags/example_kubernetes_executor.py
[2026-09-30T22:39:05.933+0000] {processor.py:753} INFO - DAG(s) dict_keys(['example_kubernetes_executor']) retrieved from /home/airflow/.local/lib/python3.7/site-packages/airflow/example_dags/example_kubernetes_executor.py
[2026-09-30T22:39:06.027+0000] {logging_mixin.py:137} INFO - [2026-09-30T22:39:06.027+0000] {dag.py:2676} INFO - Sync 1 DAGs
[2026-09-30T22:39:06.078+0000] {logging_mixin.py:137} INFO - [2026-09-30T22:39:06.078+0000] {dag.py:3427} INFO - Setting next_dagrun for example_kubernetes_executor to None, run_after=None
[2026-09-30T22:39:06.111+0000] {processor.py:175} INFO - Processing /home/airflow/.local/lib/python3.7/site-packages/airflow/example_dags/example_kubernetes_executor.py took 0.235 seconds
[2026-09-30T22:39:36.153+0000] {processor.py:153} INFO - Started process (PID=1609) to work on /home/airflow/.local/lib/python3.7/site-packages/airflow/example_dags/example_kubernetes_executor.py
[2026-09-30T22:39:36.154+0000] {processor.py:743} INFO - Processing file /home/airflow/.local/lib/python3.7/site-packages/airflow/example_dags/example_kubernetes_executor.py for tasks to queue
[2026-09-30T22:39:36.154+0000] {logging_mixin.py:137} INFO - [2026-09-30T22:39:36.154+0000] {dagbag.py:538} INFO - Filling up the DagBag from /home/airflow/.local/lib/python3.7/site-packages/airflow/example_dags/example_kubernetes_executor.py
[2026-09-30T22:39:36.180+0000] {processor.py:753} INFO - DAG(s) dict_keys(['example_kubernetes_executor']) retrieved from /home/airflow/.local/lib/python3.7/site-packages/airflow/example_dags/example_kubernetes_executor.py
[2026-09-30T22:39:36.220+0000] {logging_mixin.py:137} INFO - [2026-09-30T22:39:36.220+0000] {dag.py:2676} INFO - Sync 1 DAGs
[2026-09-30T22:39:36.248+0000] {logging_mixin.py:137} INFO - [2026-09-30T22:39:36.247+0000] {dag.py:3427} INFO - Setting next_dagrun for example_kubernetes_executor to None, run_after=None
[2026-09-30T22:39:36.264+0000] {processor.py:175} INFO - Processing /home/airflow/.local/lib/python3.7/site-packages/airflow/example_dags/example_kubernetes_executor.py took 0.114 seconds
[2026-09-30T22:40:07.120+0000] {processor.py:153} INFO - Started process (PID=1688) to work on /home/airflow/.local/lib/python3.7/site-packages/airflow/example_dags/example_kubernetes_executor.py
[2026-09-30T22:40:07.121+0000] {processor.py:743} INFO - Processing file /home/airflow/.local/lib/python3.7/site-packages/airflow/example_dags/example_kubernetes_executor.py for tasks to queue
[2026-09-30T22:40:07.121+0000] {logging_mixin.py:137} INFO - [2026-09-30T22:40:07.121+0000] {dagbag.py:538} INFO - Filling up the DagBag from /home/airflow/.local/lib/python3.7/site-packages/airflow/example_dags/example_kubernetes_executor.py
[2026-09-30T22:40:07.164+0000] {processor.py:753} INFO - DAG(s) dict_keys(['example_kubernetes_executor']) retrieved from /home/airflow/.local/lib/python3.7/site-packages/airflow/example_dags/example_kubernetes_executor.py
[2026-09-30T22:40:07.224+0000] {logging_mixin.py:137} INFO - [2026-09-30T22:40:07.223+0000] {dag.py:2676} INFO - Sync 1 DAGs
[2026-09-30T22:40:07.256+0000] {logging_mixin.py:137} INFO - [2026-09-30T22:40:07.256+0000] {dag.py:3427} INFO - Setting next_dagrun for example_kubernetes_executor to None, run_after=None
[2026-09-30T22:40:07.278+0000] {processor.py:175} INFO - Processing /home/airflow/.local/lib/python3.7/site-packages/airflow/example_dags/example_kubernetes_executor.py took 0.162 seconds
[2026-09-30T22:40:37.520+0000] {processor.py:153} INFO - Started process (PID=1767) to work on /home/airflow/.local/lib/python3.7/site-packages/airflow/example_dags/example_kubernetes_executor.py
[2026-09-30T22:40:37.521+0000] {processor.py:743} INFO - Processing file /home/airflow/.local/lib/python3.7/site-packages/airflow/example_dags/example_kubernetes_executor.py for tasks to queue
[2026-09-30T22:40:37.522+0000] {logging_mixin.py:137} INFO - [2026-09-30T22:40:37.522+0000] {dagbag.py:538} INFO - Filling up the DagBag from /home/airflow/.local/lib/python3.7/site-packages/airflow/example_dags/example_kubernetes_executor.py
[2026-09-30T22:40:37.580+0000] {processor.py:753} INFO - DAG(s) dict_keys(['example_kubernetes_executor']) retrieved from /home/airflow/.local/lib/python3.7/site-packages/airflow/example_dags/example_kubernetes_executor.py
[2026-09-30T22:40:37.639+0000] {logging_mixin.py:137} INFO - [2026-09-30T22:40:37.639+0000] {dag.py:2676} INFO - Sync 1 DAGs
[2026-09-30T22:40:37.680+0000] {logging_mixin.py:137} INFO - [2026-09-30T22:40:37.680+0000] {dag.py:3427} INFO - Setting next_dagrun for example_kubernetes_executor to None, run_after=None
[2026-09-30T22:40:37.702+0000] {processor.py:175} INFO - Processing /home/airflow/.local/lib/python3.7/site-packages/airflow/example_dags/example_kubernetes_executor.py took 0.188 seconds
[2026-09-30T22:41:07.776+0000] {processor.py:153} INFO - Started process (PID=1866) to work on /home/airflow/.local/lib/python3.7/site-packages/airflow/example_dags/example_kubernetes_executor.py
[2026-09-30T22:41:07.777+0000] {processor.py:743} INFO - Processing file /home/airflow/.local/lib/python3.7/site-packages/airflow/example_dags/example_kubernetes_executor.py for tasks to queue
[2026-09-30T22:41:07.778+0000] {logging_mixin.py:137} INFO - [2026-09-30T22:41:07.778+0000] {dagbag.py:538} INFO - Filling up the DagBag from /home/airflow/.local/lib/python3.7/site-packages/airflow/example_dags/example_kubernetes_executor.py
[2026-09-30T22:41:07.812+0000] {processor.py:753} INFO - DAG(s) dict_keys(['example_kubernetes_executor']) retrieved from /home/airflow/.local/lib/python3.7/site-packages/airflow/example_dags/example_kubernetes_executor.py
[2026-09-30T22:41:07.864+0000] {logging_mixin.py:137} INFO - [2026-09-30T22:41:07.864+0000] {dag.py:2676} INFO - Sync 1 DAGs
[2026-09-30T22:41:07.901+0000] {logging_mixin.py:137} INFO - [2026-09-30T22:41:07.901+0000] {dag.py:3427} INFO - Setting next_dagrun for example_kubernetes_executor to None, run_after=None
[2026-09-30T22:41:07.927+0000] {processor.py:175} INFO - Processing /home/airflow/.local/lib/python3.7/site-packages/airflow/example_dags/example_kubernetes_executor.py took 0.155 seconds
[2026-09-30T22:41:38.651+0000] {processor.py:153} INFO - Started process (PID=1945) to work on /home/airflow/.local/lib/python3.7/site-packages/airflow/example_dags/example_kubernetes_executor.py
[2026-09-30T22:41:38.652+0000] {processor.py:743} INFO - Processing file /home/airflow/.local/lib/python3.7/site-packages/airflow/example_dags/example_kubernetes_executor.py for tasks to queue
[2026-09-30T22:41:38.653+0000] {logging_mixin.py:137} INFO - [2026-09-30T22:41:38.653+0000] {dagbag.py:538} INFO - Filling up the DagBag from /home/airflow/.local/lib/python3.7/site-packages/airflow/example_dags/example_kubernetes_executor.py
[2026-09-30T22:41:38.686+0000] {processor.py:753} INFO - DAG(s) dict_keys(['example_kubernetes_executor']) retrieved from /home/airflow/.local/lib/python3.7/site-packages/airflow/example_dags/example_kubernetes_executor.py
[2026-09-30T22:41:38.734+0000] {logging_mixin.py:137} INFO - [2026-09-30T22:41:38.734+0000] {dag.py:2676} INFO - Sync 1 DAGs
[2026-09-30T22:41:38.762+0000] {logging_mixin.py:137} INFO - [2026-09-30T22:41:38.762+0000] {dag.py:3427} INFO - Setting next_dagrun for example_kubernetes_executor to None, run_after=None
[2026-09-30T22:41:38.780+0000] {processor.py:175} INFO - Processing /home/airflow/.local/lib/python3.7/site-packages/airflow/example_dags/example_kubernetes_executor.py took 0.133 seconds
[2026-09-30T22:42:09.473+0000] {processor.py:153} INFO - Started process (PID=2024) to work on /home/airflow/.local/lib/python3.7/site-packages/airflow/example_dags/example_kubernetes_executor.py
[2026-09-30T22:42:09.474+0000] {processor.py:743} INFO - Processing file /home/airflow/.local/lib/python3.7/site-packages/airflow/example_dags/example_kubernetes_executor.py for tasks to queue
[2026-09-30T22:42:09.476+0000] {logging_mixin.py:137} INFO - [2026-09-30T22:42:09.475+0000] {dagbag.py:538} INFO - Filling up the DagBag from /home/airflow/.local/lib/python3.7/site-packages/airflow/example_dags/example_kubernetes_executor.py
[2026-09-30T22:42:09.516+0000] {processor.py:753} INFO - DAG(s) dict_keys(['example_kubernetes_executor']) retrieved from /home/airflow/.local/lib/python3.7/site-packages/airflow/example_dags/example_kubernetes_executor.py
[2026-09-30T22:42:09.570+0000] {logging_mixin.py:137} INFO - [2026-09-30T22:42:09.570+0000] {dag.py:2676} INFO - Sync 1 DAGs
[2026-09-30T22:42:09.615+0000] {logging_mixin.py:137} INFO - [2026-09-30T22:42:09.614+0000] {dag.py:3427} INFO - Setting next_dagrun for example_kubernetes_executor to None, run_after=None
[2026-09-30T22:42:09.643+0000] {processor.py:175} INFO - Processing /home/airflow/.local/lib/python3.7/site-packages/airflow/example_dags/example_kubernetes_executor.py took 0.177 seconds
[2026-09-30T22:42:40.476+0000] {processor.py:153} INFO - Started process (PID=2123) to work on /home/airflow/.local/lib/python3.7/site-packages/airflow/example_dags/example_kubernetes_executor.py
[2026-09-30T22:42:40.477+0000] {processor.py:743} INFO - Processing file /home/airflow/.local/lib/python3.7/site-packages/airflow/example_dags/example_kubernetes_executor.py for tasks to queue
[2026-09-30T22:42:40.478+0000] {logging_mixin.py:137} INFO - [2026-09-30T22:42:40.478+0000] {dagbag.py:538} INFO - Filling up the DagBag from /home/airflow/.local/lib/python3.7/site-packages/airflow/example_dags/example_kubernetes_executor.py
[2026-09-30T22:42:40.522+0000] {processor.py:753} INFO - DAG(s) dict_keys(['example_kubernetes_executor']) retrieved from /home/airflow/.local/lib/python3.7/site-packages/airflow/example_dags/example_kubernetes_executor.py
[2026-09-30T22:42:40.576+0000] {logging_mixin.py:137} INFO - [2026-09-30T22:42:40.576+0000] {dag.py:2676} INFO - Sync 1 DAGs
[2026-09-30T22:42:40.633+0000] {logging_mixin.py:137} INFO - [2026-09-30T22:42:40.632+0000] {dag.py:3427} INFO - Setting next_dagrun for example_kubernetes_executor to None, run_after=None
[2026-09-30T22:42:40.661+0000] {processor.py:175} INFO - Processing /home/airflow/.local/lib/python3.7/site-packages/airflow/example_dags/example_kubernetes_executor.py took 0.189 seconds
[2026-09-30T22:43:10.800+0000] {processor.py:153} INFO - Started process (PID=2202) to work on /home/airflow/.local/lib/python3.7/site-packages/airflow/example_dags/example_kubernetes_executor.py
[2026-09-30T22:43:10.801+0000] {processor.py:743} INFO - Processing file /home/airflow/.local/lib/python3.7/site-packages/airflow/example_dags/example_kubernetes_executor.py for tasks to queue
[2026-09-30T22:43:10.801+0000] {logging_mixin.py:137} INFO - [2026-09-30T22:43:10.801+0000] {dagbag.py:538} INFO - Filling up the DagBag from /home/airflow/.local/lib/python3.7/site-packages/airflow/example_dags/example_kubernetes_executor.py
[2026-09-30T22:43:10.838+0000] {processor.py:753} INFO - DAG(s) dict_keys(['example_kubernetes_executor']) retrieved from /home/airflow/.local/lib/python3.7/site-packages/airflow/example_dags/example_kubernetes_executor.py
[2026-09-30T22:43:10.894+0000] {logging_mixin.py:137} INFO - [2026-09-30T22:43:10.894+0000] {dag.py:2676} INFO - Sync 1 DAGs
[2026-09-30T22:43:10.929+0000] {logging_mixin.py:137} INFO - [2026-09-30T22:43:10.929+0000] {dag.py:3427} INFO - Setting next_dagrun for example_kubernetes_executor to None, run_after=None
[2026-09-30T22:43:10.953+0000] {processor.py:175} INFO - Processing /home/airflow/.local/lib/python3.7/site-packages/airflow/example_dags/example_kubernetes_executor.py took 0.157 seconds
[2026-09-30T22:43:41.878+0000] {processor.py:153} INFO - Started process (PID=2281) to work on /home/airflow/.local/lib/python3.7/site-packages/airflow/example_dags/example_kubernetes_executor.py
[2026-09-30T22:43:41.879+0000] {processor.py:743} INFO - Processing file /home/airflow/.local/lib/python3.7/site-packages/airflow/example_dags/example_kubernetes_executor.py for tasks to queue
[2026-09-30T22:43:41.880+0000] {logging_mixin.py:137} INFO - [2026-09-30T22:43:41.880+0000] {dagbag.py:538} INFO - Filling up the DagBag from /home/airflow/.local/lib/python3.7/site-packages/airflow/example_dags/example_kubernetes_executor.py
[2026-09-30T22:43:41.922+0000] {processor.py:753} INFO - DAG(s) dict_keys(['example_kubernetes_executor']) retrieved from /home/airflow/.local/lib/python3.7/site-packages/airflow/example_dags/example_kubernetes_executor.py
[2026-09-30T22:43:41.983+0000] {logging_mixin.py:137} INFO - [2026-09-30T22:43:41.983+0000] {dag.py:2676} INFO - Sync 1 DAGs
[2026-09-30T22:43:42.017+0000] {logging_mixin.py:137} INFO - [2026-09-30T22:43:42.017+0000] {dag.py:3427} INFO - Setting next_dagrun for example_kubernetes_executor to None, run_after=None
[2026-09-30T22:43:42.041+0000] {processor.py:175} INFO - Processing /home/airflow/.local/lib/python3.7/site-packages/airflow/example_dags/example_kubernetes_executor.py took 0.167 seconds
[2026-09-30T22:44:12.774+0000] {processor.py:153} INFO - Started process (PID=2360) to work on /home/airflow/.local/lib/python3.7/site-packages/airflow/example_dags/example_kubernetes_executor.py
[2026-09-30T22:44:12.775+0000] {processor.py:743} INFO - Processing file /home/airflow/.local/lib/python3.7/site-packages/airflow/example_dags/example_kubernetes_executor.py for tasks to queue
[2026-09-30T22:44:12.776+0000] {logging_mixin.py:137} INFO - [2026-09-30T22:44:12.776+0000] {dagbag.py:538} INFO - Filling up the DagBag from /home/airflow/.local/lib/python3.7/site-packages/airflow/example_dags/example_kubernetes_executor.py
[2026-09-30T22:44:12.833+0000] {processor.py:753} INFO - DAG(s) dict_keys(['example_kubernetes_executor']) retrieved from /home/airflow/.local/lib/python3.7/site-packages/airflow/example_dags/example_kubernetes_executor.py
[2026-09-30T22:44:12.899+0000] {logging_mixin.py:137} INFO - [2026-09-30T22:44:12.899+0000] {dag.py:2676} INFO - Sync 1 DAGs
[2026-09-30T22:44:12.934+0000] {logging_mixin.py:137} INFO - [2026-09-30T22:44:12.934+0000] {dag.py:3427} INFO - Setting next_dagrun for example_kubernetes_executor to None, run_after=None
[2026-09-30T22:44:12.960+0000] {processor.py:175} INFO - Processing /home/airflow/.local/lib/python3.7/site-packages/airflow/example_dags/example_kubernetes_executor.py took 0.189 seconds
[2026-09-30T22:44:44.074+0000] {processor.py:153} INFO - Started process (PID=2459) to work on /home/airflow/.local/lib/python3.7/site-packages/airflow/example_dags/example_kubernetes_executor.py
[2026-09-30T22:44:44.075+0000] {processor.py:743} INFO - Processing file /home/airflow/.local/lib/python3.7/site-packages/airflow/example_dags/example_kubernetes_executor.py for tasks to queue
[2026-09-30T22:44:44.076+0000] {logging_mixin.py:137} INFO - [2026-09-30T22:44:44.075+0000] {dagbag.py:538} INFO - Filling up the DagBag from /home/airflow/.local/lib/python3.7/site-packages/airflow/example_dags/example_kubernetes_executor.py
[2026-09-30T22:44:44.117+0000] {processor.py:753} INFO - DAG(s) dict_keys(['example_kubernetes_executor']) retrieved from /home/airflow/.local/lib/python3.7/site-packages/airflow/example_dags/example_kubernetes_executor.py
[2026-09-30T22:44:44.176+0000] {logging_mixin.py:137} INFO - [2026-09-30T22:44:44.175+0000] {dag.py:2676} INFO - Sync 1 DAGs
[2026-09-30T22:44:44.219+0000] {logging_mixin.py:137} INFO - [2026-09-30T22:44:44.218+0000] {dag.py:3427} INFO - Setting next_dagrun for example_kubernetes_executor to None, run_after=None
[2026-09-30T22:44:44.245+0000] {processor.py:175} INFO - Processing /home/airflow/.local/lib/python3.7/site-packages/airflow/example_dags/example_kubernetes_executor.py took 0.175 seconds
[2026-09-30T22:45:14.414+0000] {processor.py:153} INFO - Started process (PID=2538) to work on /home/airflow/.local/lib/python3.7/site-packages/airflow/example_dags/example_kubernetes_executor.py
[2026-09-30T22:45:14.415+0000] {processor.py:743} INFO - Processing file /home/airflow/.local/lib/python3.7/site-packages/airflow/example_dags/example_kubernetes_executor.py for tasks to queue
[2026-09-30T22:45:14.416+0000] {logging_mixin.py:137} INFO - [2026-09-30T22:45:14.416+0000] {dagbag.py:538} INFO - Filling up the DagBag from /home/airflow/.local/lib/python3.7/site-packages/airflow/example_dags/example_kubernetes_executor.py
[2026-09-30T22:45:14.476+0000] {processor.py:753} INFO - DAG(s) dict_keys(['example_kubernetes_executor']) retrieved from /home/airflow/.local/lib/python3.7/site-packages/airflow/example_dags/example_kubernetes_executor.py
[2026-09-30T22:45:14.556+0000] {logging_mixin.py:137} INFO - [2026-09-30T22:45:14.556+0000] {dag.py:2676} INFO - Sync 1 DAGs
[2026-09-30T22:45:14.609+0000] {logging_mixin.py:137} INFO - [2026-09-30T22:45:14.609+0000] {dag.py:3427} INFO - Setting next_dagrun for example_kubernetes_executor to None, run_after=None
[2026-09-30T22:45:14.635+0000] {processor.py:175} INFO - Processing /home/airflow/.local/lib/python3.7/site-packages/airflow/example_dags/example_kubernetes_executor.py took 0.225 seconds
[2026-09-30T22:45:44.767+0000] {processor.py:153} INFO - Started process (PID=2617) to work on /home/airflow/.local/lib/python3.7/site-packages/airflow/example_dags/example_kubernetes_executor.py
[2026-09-30T22:45:44.769+0000] {processor.py:743} INFO - Processing file /home/airflow/.local/lib/python3.7/site-packages/airflow/example_dags/example_kubernetes_executor.py for tasks to queue
[2026-09-30T22:45:44.770+0000] {logging_mixin.py:137} INFO - [2026-09-30T22:45:44.770+0000] {dagbag.py:538} INFO - Filling up the DagBag from /home/airflow/.local/lib/python3.7/site-packages/airflow/example_dags/example_kubernetes_executor.py
[2026-09-30T22:45:44.806+0000] {processor.py:753} INFO - DAG(s) dict_keys(['example_kubernetes_executor']) retrieved from /home/airflow/.local/lib/python3.7/site-packages/airflow/example_dags/example_kubernetes_executor.py
[2026-09-30T22:45:44.865+0000] {logging_mixin.py:137} INFO - [2026-09-30T22:45:44.865+0000] {dag.py:2676} INFO - Sync 1 DAGs
[2026-09-30T22:45:44.896+0000] {logging_mixin.py:137} INFO - [2026-09-30T22:45:44.896+0000] {dag.py:3427} INFO - Setting next_dagrun for example_kubernetes_executor to None, run_after=None
[2026-09-30T22:45:44.919+0000] {processor.py:175} INFO - Processing /home/airflow/.local/lib/python3.7/site-packages/airflow/example_dags/example_kubernetes_executor.py took 0.156 seconds
[2026-09-30T22:46:15.018+0000] {processor.py:153} INFO - Started process (PID=2703) to work on /home/airflow/.local/lib/python3.7/site-packages/airflow/example_dags/example_kubernetes_executor.py
[2026-09-30T22:46:15.019+0000] {processor.py:743} INFO - Processing file /home/airflow/.local/lib/python3.7/site-packages/airflow/example_dags/example_kubernetes_executor.py for tasks to queue
[2026-09-30T22:46:15.019+0000] {logging_mixin.py:137} INFO - [2026-09-30T22:46:15.019+0000] {dagbag.py:538} INFO - Filling up the DagBag from /home/airflow/.local/lib/python3.7/site-packages/airflow/example_dags/example_kubernetes_executor.py
[2026-09-30T22:46:15.056+0000] {processor.py:753} INFO - DAG(s) dict_keys(['example_kubernetes_executor']) retrieved from /home/airflow/.local/lib/python3.7/site-packages/airflow/example_dags/example_kubernetes_executor.py
[2026-09-30T22:46:15.110+0000] {logging_mixin.py:137} INFO - [2026-09-30T22:46:15.110+0000] {dag.py:2676} INFO - Sync 1 DAGs
[2026-09-30T22:46:15.146+0000] {logging_mixin.py:137} INFO - [2026-09-30T22:46:15.146+0000] {dag.py:3427} INFO - Setting next_dagrun for example_kubernetes_executor to None, run_after=None
[2026-09-30T22:46:15.168+0000] {processor.py:175} INFO - Processing /home/airflow/.local/lib/python3.7/site-packages/airflow/example_dags/example_kubernetes_executor.py took 0.154 seconds
[2026-09-30T22:46:45.476+0000] {processor.py:153} INFO - Started process (PID=2795) to work on /home/airflow/.local/lib/python3.7/site-packages/airflow/example_dags/example_kubernetes_executor.py
[2026-09-30T22:46:45.478+0000] {processor.py:743} INFO - Processing file /home/airflow/.local/lib/python3.7/site-packages/airflow/example_dags/example_kubernetes_executor.py for tasks to queue
[2026-09-30T22:46:45.479+0000] {logging_mixin.py:137} INFO - [2026-09-30T22:46:45.479+0000] {dagbag.py:538} INFO - Filling up the DagBag from /home/airflow/.local/lib/python3.7/site-packages/airflow/example_dags/example_kubernetes_executor.py
[2026-09-30T22:46:45.531+0000] {processor.py:753} INFO - DAG(s) dict_keys(['example_kubernetes_executor']) retrieved from /home/airflow/.local/lib/python3.7/site-packages/airflow/example_dags/example_kubernetes_executor.py
[2026-09-30T22:46:45.600+0000] {logging_mixin.py:137} INFO - [2026-09-30T22:46:45.600+0000] {dag.py:2676} INFO - Sync 1 DAGs
[2026-09-30T22:46:45.641+0000] {logging_mixin.py:137} INFO - [2026-09-30T22:46:45.641+0000] {dag.py:3427} INFO - Setting next_dagrun for example_kubernetes_executor to None, run_after=None
[2026-09-30T22:46:45.671+0000] {processor.py:175} INFO - Processing /home/airflow/.local/lib/python3.7/site-packages/airflow/example_dags/example_kubernetes_executor.py took 0.201 seconds
[2026-09-30T22:47:15.786+0000] {processor.py:153} INFO - Started process (PID=2874) to work on /home/airflow/.local/lib/python3.7/site-packages/airflow/example_dags/example_kubernetes_executor.py
[2026-09-30T22:47:15.787+0000] {processor.py:743} INFO - Processing file /home/airflow/.local/lib/python3.7/site-packages/airflow/example_dags/example_kubernetes_executor.py for tasks to queue
[2026-09-30T22:47:15.788+0000] {logging_mixin.py:137} INFO - [2026-09-30T22:47:15.788+0000] {dagbag.py:538} INFO - Filling up the DagBag from /home/airflow/.local/lib/python3.7/site-packages/airflow/example_dags/example_kubernetes_executor.py
[2026-09-30T22:47:15.825+0000] {processor.py:753} INFO - DAG(s) dict_keys(['example_kubernetes_executor']) retrieved from /home/airflow/.local/lib/python3.7/site-packages/airflow/example_dags/example_kubernetes_executor.py
[2026-09-30T22:47:15.891+0000] {logging_mixin.py:137} INFO - [2026-09-30T22:47:15.891+0000] {dag.py:2676} INFO - Sync 1 DAGs
[2026-09-30T22:47:15.926+0000] {logging_mixin.py:137} INFO - [2026-09-30T22:47:15.926+0000] {dag.py:3427} INFO - Setting next_dagrun for example_kubernetes_executor to None, run_after=None
[2026-09-30T22:47:15.949+0000] {processor.py:175} INFO - Processing /home/airflow/.local/lib/python3.7/site-packages/airflow/example_dags/example_kubernetes_executor.py took 0.167 seconds
[2026-09-30T22:47:46.319+0000] {processor.py:153} INFO - Started process (PID=2953) to work on /home/airflow/.local/lib/python3.7/site-packages/airflow/example_dags/example_kubernetes_executor.py
[2026-09-30T22:47:46.320+0000] {processor.py:743} INFO - Processing file /home/airflow/.local/lib/python3.7/site-packages/airflow/example_dags/example_kubernetes_executor.py for tasks to queue
[2026-09-30T22:47:46.322+0000] {logging_mixin.py:137} INFO - [2026-09-30T22:47:46.321+0000] {dagbag.py:538} INFO - Filling up the DagBag from /home/airflow/.local/lib/python3.7/site-packages/airflow/example_dags/example_kubernetes_executor.py
[2026-09-30T22:47:46.371+0000] {processor.py:753} INFO - DAG(s) dict_keys(['example_kubernetes_executor']) retrieved from /home/airflow/.local/lib/python3.7/site-packages/airflow/example_dags/example_kubernetes_executor.py
[2026-09-30T22:47:46.424+0000] {logging_mixin.py:137} INFO - [2026-09-30T22:47:46.424+0000] {dag.py:2676} INFO - Sync 1 DAGs
[2026-09-30T22:47:46.464+0000] {logging_mixin.py:137} INFO - [2026-09-30T22:47:46.464+0000] {dag.py:3427} INFO - Setting next_dagrun for example_kubernetes_executor to None, run_after=None
[2026-09-30T22:47:46.485+0000] {processor.py:175} INFO - Processing /home/airflow/.local/lib/python3.7/site-packages/airflow/example_dags/example_kubernetes_executor.py took 0.172 seconds
[2026-09-30T22:48:16.704+0000] {processor.py:153} INFO - Started process (PID=3042) to work on /home/airflow/.local/lib/python3.7/site-packages/airflow/example_dags/example_kubernetes_executor.py
[2026-09-30T22:48:16.705+0000] {processor.py:743} INFO - Processing file /home/airflow/.local/lib/python3.7/site-packages/airflow/example_dags/example_kubernetes_executor.py for tasks to queue
[2026-09-30T22:48:16.706+0000] {logging_mixin.py:137} INFO - [2026-09-30T22:48:16.705+0000] {dagbag.py:538} INFO - Filling up the DagBag from /home/airflow/.local/lib/python3.7/site-packages/airflow/example_dags/example_kubernetes_executor.py
[2026-09-30T22:48:16.743+0000] {processor.py:753} INFO - DAG(s) dict_keys(['example_kubernetes_executor']) retrieved from /home/airflow/.local/lib/python3.7/site-packages/airflow/example_dags/example_kubernetes_executor.py
[2026-09-30T22:48:16.801+0000] {logging_mixin.py:137} INFO - [2026-09-30T22:48:16.801+0000] {dag.py:2676} INFO - Sync 1 DAGs
[2026-09-30T22:48:16.836+0000] {logging_mixin.py:137} INFO - [2026-09-30T22:48:16.836+0000] {dag.py:3427} INFO - Setting next_dagrun for example_kubernetes_executor to None, run_after=None
[2026-09-30T22:48:16.860+0000] {processor.py:175} INFO - Processing /home/airflow/.local/lib/python3.7/site-packages/airflow/example_dags/example_kubernetes_executor.py took 0.160 seconds
[2026-09-30T22:48:47.032+0000] {processor.py:153} INFO - Started process (PID=3131) to work on /home/airflow/.local/lib/python3.7/site-packages/airflow/example_dags/example_kubernetes_executor.py
[2026-09-30T22:48:47.033+0000] {processor.py:743} INFO - Processing file /home/airflow/.local/lib/python3.7/site-packages/airflow/example_dags/example_kubernetes_executor.py for tasks to queue
[2026-09-30T22:48:47.034+0000] {logging_mixin.py:137} INFO - [2026-09-30T22:48:47.034+0000] {dagbag.py:538} INFO - Filling up the DagBag from /home/airflow/.local/lib/python3.7/site-packages/airflow/example_dags/example_kubernetes_executor.py
[2026-09-30T22:48:47.072+0000] {processor.py:753} INFO - DAG(s) dict_keys(['example_kubernetes_executor']) retrieved from /home/airflow/.local/lib/python3.7/site-packages/airflow/example_dags/example_kubernetes_executor.py
[2026-09-30T22:48:47.131+0000] {logging_mixin.py:137} INFO - [2026-09-30T22:48:47.131+0000] {dag.py:2676} INFO - Sync 1 DAGs
[2026-09-30T22:48:47.164+0000] {logging_mixin.py:137} INFO - [2026-09-30T22:48:47.164+0000] {dag.py:3427} INFO - Setting next_dagrun for example_kubernetes_executor to None, run_after=None
[2026-09-30T22:48:47.188+0000] {processor.py:175} INFO - Processing /home/airflow/.local/lib/python3.7/site-packages/airflow/example_dags/example_kubernetes_executor.py took 0.159 seconds
[2026-09-30T22:49:17.302+0000] {processor.py:153} INFO - Started process (PID=3210) to work on /home/airflow/.local/lib/python3.7/site-packages/airflow/example_dags/example_kubernetes_executor.py
[2026-09-30T22:49:17.303+0000] {processor.py:743} INFO - Processing file /home/airflow/.local/lib/python3.7/site-packages/airflow/example_dags/example_kubernetes_executor.py for tasks to queue
[2026-09-30T22:49:17.304+0000] {logging_mixin.py:137} INFO - [2026-09-30T22:49:17.304+0000] {dagbag.py:538} INFO - Filling up the DagBag from /home/airflow/.local/lib/python3.7/site-packages/airflow/example_dags/example_kubernetes_executor.py
[2026-09-30T22:49:17.339+0000] {processor.py:753} INFO - DAG(s) dict_keys(['example_kubernetes_executor']) retrieved from /home/airflow/.local/lib/python3.7/site-packages/airflow/example_dags/example_kubernetes_executor.py
[2026-09-30T22:49:17.391+0000] {logging_mixin.py:137} INFO - [2026-09-30T22:49:17.391+0000] {dag.py:2676} INFO - Sync 1 DAGs
[2026-09-30T22:49:17.425+0000] {logging_mixin.py:137} INFO - [2026-09-30T22:49:17.424+0000] {dag.py:3427} INFO - Setting next_dagrun for example_kubernetes_executor to None, run_after=None
[2026-09-30T22:49:17.446+0000] {processor.py:175} INFO - Processing /home/airflow/.local/lib/python3.7/site-packages/airflow/example_dags/example_kubernetes_executor.py took 0.149 seconds
[2026-09-30T22:49:47.784+0000] {processor.py:153} INFO - Started process (PID=3288) to work on /home/airflow/.local/lib/python3.7/site-packages/airflow/example_dags/example_kubernetes_executor.py
[2026-09-30T22:49:47.785+0000] {processor.py:743} INFO - Processing file /home/airflow/.local/lib/python3.7/site-packages/airflow/example_dags/example_kubernetes_executor.py for tasks to queue
[2026-09-30T22:49:47.786+0000] {logging_mixin.py:137} INFO - [2026-09-30T22:49:47.786+0000] {dagbag.py:538} INFO - Filling up the DagBag from /home/airflow/.local/lib/python3.7/site-packages/airflow/example_dags/example_kubernetes_executor.py
[2026-09-30T22:49:47.840+0000] {processor.py:753} INFO - DAG(s) dict_keys(['example_kubernetes_executor']) retrieved from /home/airflow/.local/lib/python3.7/site-packages/airflow/example_dags/example_kubernetes_executor.py
[2026-09-30T22:49:47.897+0000] {logging_mixin.py:137} INFO - [2026-09-30T22:49:47.897+0000] {dag.py:2676} INFO - Sync 1 DAGs
[2026-09-30T22:49:47.929+0000] {logging_mixin.py:137} INFO - [2026-09-30T22:49:47.929+0000] {dag.py:3427} INFO - Setting next_dagrun for example_kubernetes_executor to None, run_after=None
[2026-09-30T22:49:47.949+0000] {processor.py:175} INFO - Processing /home/airflow/.local/lib/python3.7/site-packages/airflow/example_dags/example_kubernetes_executor.py took 0.171 seconds
[2026-09-30T22:50:18.327+0000] {processor.py:153} INFO - Started process (PID=3388) to work on /home/airflow/.local/lib/python3.7/site-packages/airflow/example_dags/example_kubernetes_executor.py
[2026-09-30T22:50:18.328+0000] {processor.py:743} INFO - Processing file /home/airflow/.local/lib/python3.7/site-packages/airflow/example_dags/example_kubernetes_executor.py for tasks to queue
[2026-09-30T22:50:18.329+0000] {logging_mixin.py:137} INFO - [2026-09-30T22:50:18.329+0000] {dagbag.py:538} INFO - Filling up the DagBag from /home/airflow/.local/lib/python3.7/site-packages/airflow/example_dags/example_kubernetes_executor.py
[2026-09-30T22:50:18.385+0000] {processor.py:753} INFO - DAG(s) dict_keys(['example_kubernetes_executor']) retrieved from /home/airflow/.local/lib/python3.7/site-packages/airflow/example_dags/example_kubernetes_executor.py
[2026-09-30T22:50:18.468+0000] {logging_mixin.py:137} INFO - [2026-09-30T22:50:18.468+0000] {dag.py:2676} INFO - Sync 1 DAGs
[2026-09-30T22:50:18.521+0000] {logging_mixin.py:137} INFO - [2026-09-30T22:50:18.521+0000] {dag.py:3427} INFO - Setting next_dagrun for example_kubernetes_executor to None, run_after=None
[2026-09-30T22:50:18.543+0000] {processor.py:175} INFO - Processing /home/airflow/.local/lib/python3.7/site-packages/airflow/example_dags/example_kubernetes_executor.py took 0.222 seconds
[2026-09-30T22:50:49.384+0000] {processor.py:153} INFO - Started process (PID=3467) to work on /home/airflow/.local/lib/python3.7/site-packages/airflow/example_dags/example_kubernetes_executor.py
[2026-09-30T22:50:49.385+0000] {processor.py:743} INFO - Processing file /home/airflow/.local/lib/python3.7/site-packages/airflow/example_dags/example_kubernetes_executor.py for tasks to queue
[2026-09-30T22:50:49.386+0000] {logging_mixin.py:137} INFO - [2026-09-30T22:50:49.386+0000] {dagbag.py:538} INFO - Filling up the DagBag from /home/airflow/.local/lib/python3.7/site-packages/airflow/example_dags/example_kubernetes_executor.py
[2026-09-30T22:50:49.426+0000] {processor.py:753} INFO - DAG(s) dict_keys(['example_kubernetes_executor']) retrieved from /home/airflow/.local/lib/python3.7/site-packages/airflow/example_dags/example_kubernetes_executor.py
[2026-09-30T22:50:49.482+0000] {logging_mixin.py:137} INFO - [2026-09-30T22:50:49.482+0000] {dag.py:2676} INFO - Sync 1 DAGs
[2026-09-30T22:50:49.517+0000] {logging_mixin.py:137} INFO - [2026-09-30T22:50:49.517+0000] {dag.py:3427} INFO - Setting next_dagrun for example_kubernetes_executor to None, run_after=None
[2026-09-30T22:50:49.539+0000] {processor.py:175} INFO - Processing /home/airflow/.local/lib/python3.7/site-packages/airflow/example_dags/example_kubernetes_executor.py took 0.161 seconds
[2026-09-30T22:51:20.190+0000] {processor.py:153} INFO - Started process (PID=3546) to work on /home/airflow/.local/lib/python3.7/site-packages/airflow/example_dags/example_kubernetes_executor.py
[2026-09-30T22:51:20.192+0000] {processor.py:743} INFO - Processing file /home/airflow/.local/lib/python3.7/site-packages/airflow/example_dags/example_kubernetes_executor.py for tasks to queue
[2026-09-30T22:51:20.193+0000] {logging_mixin.py:137} INFO - [2026-09-30T22:51:20.193+0000] {dagbag.py:538} INFO - Filling up the DagBag from /home/airflow/.local/lib/python3.7/site-packages/airflow/example_dags/example_kubernetes_executor.py
[2026-09-30T22:51:20.230+0000] {processor.py:753} INFO - DAG(s) dict_keys(['example_kubernetes_executor']) retrieved from /home/airflow/.local/lib/python3.7/site-packages/airflow/example_dags/example_kubernetes_executor.py
[2026-09-30T22:51:20.282+0000] {logging_mixin.py:137} INFO - [2026-09-30T22:51:20.281+0000] {dag.py:2676} INFO - Sync 1 DAGs
[2026-09-30T22:51:20.313+0000] {logging_mixin.py:137} INFO - [2026-09-30T22:51:20.313+0000] {dag.py:3427} INFO - Setting next_dagrun for example_kubernetes_executor to None, run_after=None
[2026-09-30T22:51:20.335+0000] {processor.py:175} INFO - Processing /home/airflow/.local/lib/python3.7/site-packages/airflow/example_dags/example_kubernetes_executor.py took 0.151 seconds
[2026-09-30T22:51:51.344+0000] {processor.py:153} INFO - Started process (PID=3645) to work on /home/airflow/.local/lib/python3.7/site-packages/airflow/example_dags/example_kubernetes_executor.py
[2026-09-30T22:51:51.346+0000] {processor.py:743} INFO - Processing file /home/airflow/.local/lib/python3.7/site-packages/airflow/example_dags/example_kubernetes_executor.py for tasks to queue
[2026-09-30T22:51:51.347+0000] {logging_mixin.py:137} INFO - [2026-09-30T22:51:51.347+0000] {dagbag.py:538} INFO - Filling up the DagBag from /home/airflow/.local/lib/python3.7/site-packages/airflow/example_dags/example_kubernetes_executor.py
[2026-09-30T22:51:51.404+0000] {processor.py:753} INFO - DAG(s) dict_keys(['example_kubernetes_executor']) retrieved from /home/airflow/.local/lib/python3.7/site-packages/airflow/example_dags/example_kubernetes_executor.py
[2026-09-30T22:51:51.474+0000] {logging_mixin.py:137} INFO - [2026-09-30T22:51:51.474+0000] {dag.py:2676} INFO - Sync 1 DAGs
[2026-09-30T22:51:51.509+0000] {logging_mixin.py:137} INFO - [2026-09-30T22:51:51.509+0000] {dag.py:3427} INFO - Setting next_dagrun for example_kubernetes_executor to None, run_after=None
[2026-09-30T22:51:51.529+0000] {processor.py:175} INFO - Processing /home/airflow/.local/lib/python3.7/site-packages/airflow/example_dags/example_kubernetes_executor.py took 0.190 seconds
[2026-09-30T22:52:22.323+0000] {processor.py:153} INFO - Started process (PID=3724) to work on /home/airflow/.local/lib/python3.7/site-packages/airflow/example_dags/example_kubernetes_executor.py
[2026-09-30T22:52:22.324+0000] {processor.py:743} INFO - Processing file /home/airflow/.local/lib/python3.7/site-packages/airflow/example_dags/example_kubernetes_executor.py for tasks to queue
[2026-09-30T22:52:22.325+0000] {logging_mixin.py:137} INFO - [2026-09-30T22:52:22.325+0000] {dagbag.py:538} INFO - Filling up the DagBag from /home/airflow/.local/lib/python3.7/site-packages/airflow/example_dags/example_kubernetes_executor.py
[2026-09-30T22:52:22.360+0000] {processor.py:753} INFO - DAG(s) dict_keys(['example_kubernetes_executor']) retrieved from /home/airflow/.local/lib/python3.7/site-packages/airflow/example_dags/example_kubernetes_executor.py
[2026-09-30T22:52:22.426+0000] {logging_mixin.py:137} INFO - [2026-09-30T22:52:22.426+0000] {dag.py:2676} INFO - Sync 1 DAGs
[2026-09-30T22:52:22.472+0000] {logging_mixin.py:137} INFO - [2026-09-30T22:52:22.471+0000] {dag.py:3427} INFO - Setting next_dagrun for example_kubernetes_executor to None, run_after=None
[2026-09-30T22:52:22.505+0000] {processor.py:175} INFO - Processing /home/airflow/.local/lib/python3.7/site-packages/airflow/example_dags/example_kubernetes_executor.py took 0.186 seconds
[2026-09-30T22:52:53.186+0000] {processor.py:153} INFO - Started process (PID=3804) to work on /home/airflow/.local/lib/python3.7/site-packages/airflow/example_dags/example_kubernetes_executor.py
[2026-09-30T22:52:53.188+0000] {processor.py:743} INFO - Processing file /home/airflow/.local/lib/python3.7/site-packages/airflow/example_dags/example_kubernetes_executor.py for tasks to queue
[2026-09-30T22:52:53.189+0000] {logging_mixin.py:137} INFO - [2026-09-30T22:52:53.189+0000] {dagbag.py:538} INFO - Filling up the DagBag from /home/airflow/.local/lib/python3.7/site-packages/airflow/example_dags/example_kubernetes_executor.py
[2026-09-30T22:52:53.227+0000] {processor.py:753} INFO - DAG(s) dict_keys(['example_kubernetes_executor']) retrieved from /home/airflow/.local/lib/python3.7/site-packages/airflow/example_dags/example_kubernetes_executor.py
[2026-09-30T22:52:53.281+0000] {logging_mixin.py:137} INFO - [2026-09-30T22:52:53.281+0000] {dag.py:2676} INFO - Sync 1 DAGs
[2026-09-30T22:52:53.311+0000] {logging_mixin.py:137} INFO - [2026-09-30T22:52:53.311+0000] {dag.py:3427} INFO - Setting next_dagrun for example_kubernetes_executor to None, run_after=None
[2026-09-30T22:52:53.330+0000] {processor.py:175} INFO - Processing /home/airflow/.local/lib/python3.7/site-packages/airflow/example_dags/example_kubernetes_executor.py took 0.150 seconds
[2026-09-30T22:53:24.229+0000] {processor.py:153} INFO - Started process (PID=3892) to work on /home/airflow/.local/lib/python3.7/site-packages/airflow/example_dags/example_kubernetes_executor.py
[2026-09-30T22:53:24.230+0000] {processor.py:743} INFO - Processing file /home/airflow/.local/lib/python3.7/site-packages/airflow/example_dags/example_kubernetes_executor.py for tasks to queue
[2026-09-30T22:53:24.231+0000] {logging_mixin.py:137} INFO - [2026-09-30T22:53:24.231+0000] {dagbag.py:538} INFO - Filling up the DagBag from /home/airflow/.local/lib/python3.7/site-packages/airflow/example_dags/example_kubernetes_executor.py
[2026-09-30T22:53:24.281+0000] {processor.py:753} INFO - DAG(s) dict_keys(['example_kubernetes_executor']) retrieved from /home/airflow/.local/lib/python3.7/site-packages/airflow/example_dags/example_kubernetes_executor.py
[2026-09-30T22:53:24.348+0000] {logging_mixin.py:137} INFO - [2026-09-30T22:53:24.348+0000] {dag.py:2676} INFO - Sync 1 DAGs
[2026-09-30T22:53:24.388+0000] {logging_mixin.py:137} INFO - [2026-09-30T22:53:24.388+0000] {dag.py:3427} INFO - Setting next_dagrun for example_kubernetes_executor to None, run_after=None
[2026-09-30T22:53:24.419+0000] {processor.py:175} INFO - Processing /home/airflow/.local/lib/python3.7/site-packages/airflow/example_dags/example_kubernetes_executor.py took 0.195 seconds
[2026-09-30T22:53:54.945+0000] {processor.py:153} INFO - Started process (PID=3982) to work on /home/airflow/.local/lib/python3.7/site-packages/airflow/example_dags/example_kubernetes_executor.py
[2026-09-30T22:53:54.946+0000] {processor.py:743} INFO - Processing file /home/airflow/.local/lib/python3.7/site-packages/airflow/example_dags/example_kubernetes_executor.py for tasks to queue
[2026-09-30T22:53:54.947+0000] {logging_mixin.py:137} INFO - [2026-09-30T22:53:54.947+0000] {dagbag.py:538} INFO - Filling up the DagBag from /home/airflow/.local/lib/python3.7/site-packages/airflow/example_dags/example_kubernetes_executor.py
[2026-09-30T22:53:54.975+0000] {processor.py:753} INFO - DAG(s) dict_keys(['example_kubernetes_executor']) retrieved from /home/airflow/.local/lib/python3.7/site-packages/airflow/example_dags/example_kubernetes_executor.py
[2026-09-30T22:53:55.018+0000] {logging_mixin.py:137} INFO - [2026-09-30T22:53:55.018+0000] {dag.py:2676} INFO - Sync 1 DAGs
[2026-09-30T22:53:55.041+0000] {logging_mixin.py:137} INFO - [2026-09-30T22:53:55.041+0000] {dag.py:3427} INFO - Setting next_dagrun for example_kubernetes_executor to None, run_after=None
[2026-09-30T22:53:55.056+0000] {processor.py:175} INFO - Processing /home/airflow/.local/lib/python3.7/site-packages/airflow/example_dags/example_kubernetes_executor.py took 0.114 seconds
[2026-09-30T22:54:25.338+0000] {processor.py:153} INFO - Started process (PID=4061) to work on /home/airflow/.local/lib/python3.7/site-packages/airflow/example_dags/example_kubernetes_executor.py
[2026-09-30T22:54:25.339+0000] {processor.py:743} INFO - Processing file /home/airflow/.local/lib/python3.7/site-packages/airflow/example_dags/example_kubernetes_executor.py for tasks to queue
[2026-09-30T22:54:25.339+0000] {logging_mixin.py:137} INFO - [2026-09-30T22:54:25.339+0000] {dagbag.py:538} INFO - Filling up the DagBag from /home/airflow/.local/lib/python3.7/site-packages/airflow/example_dags/example_kubernetes_executor.py
[2026-09-30T22:54:25.369+0000] {processor.py:753} INFO - DAG(s) dict_keys(['example_kubernetes_executor']) retrieved from /home/airflow/.local/lib/python3.7/site-packages/airflow/example_dags/example_kubernetes_executor.py
[2026-09-30T22:54:25.410+0000] {logging_mixin.py:137} INFO - [2026-09-30T22:54:25.410+0000] {dag.py:2676} INFO - Sync 1 DAGs
[2026-09-30T22:54:25.438+0000] {logging_mixin.py:137} INFO - [2026-09-30T22:54:25.438+0000] {dag.py:3427} INFO - Setting next_dagrun for example_kubernetes_executor to None, run_after=None
[2026-09-30T22:54:25.453+0000] {processor.py:175} INFO - Processing /home/airflow/.local/lib/python3.7/site-packages/airflow/example_dags/example_kubernetes_executor.py took 0.119 seconds
[2026-09-30T22:54:56.023+0000] {processor.py:153} INFO - Started process (PID=4140) to work on /home/airflow/.local/lib/python3.7/site-packages/airflow/example_dags/example_kubernetes_executor.py
[2026-09-30T22:54:56.024+0000] {processor.py:743} INFO - Processing file /home/airflow/.local/lib/python3.7/site-packages/airflow/example_dags/example_kubernetes_executor.py for tasks to queue
[2026-09-30T22:54:56.025+0000] {logging_mixin.py:137} INFO - [2026-09-30T22:54:56.025+0000] {dagbag.py:538} INFO - Filling up the DagBag from /home/airflow/.local/lib/python3.7/site-packages/airflow/example_dags/example_kubernetes_executor.py
[2026-09-30T22:54:56.070+0000] {processor.py:753} INFO - DAG(s) dict_keys(['example_kubernetes_executor']) retrieved from /home/airflow/.local/lib/python3.7/site-packages/airflow/example_dags/example_kubernetes_executor.py
[2026-09-30T22:54:56.137+0000] {logging_mixin.py:137} INFO - [2026-09-30T22:54:56.137+0000] {dag.py:2676} INFO - Sync 1 DAGs
[2026-09-30T22:54:56.177+0000] {logging_mixin.py:137} INFO - [2026-09-30T22:54:56.177+0000] {dag.py:3427} INFO - Setting next_dagrun for example_kubernetes_executor to None, run_after=None
[2026-09-30T22:54:56.210+0000] {processor.py:175} INFO - Processing /home/airflow/.local/lib/python3.7/site-packages/airflow/example_dags/example_kubernetes_executor.py took 0.191 seconds
[2026-09-30T22:55:27.161+0000] {processor.py:153} INFO - Started process (PID=4239) to work on /home/airflow/.local/lib/python3.7/site-packages/airflow/example_dags/example_kubernetes_executor.py
[2026-09-30T22:55:27.163+0000] {processor.py:743} INFO - Processing file /home/airflow/.local/lib/python3.7/site-packages/airflow/example_dags/example_kubernetes_executor.py for tasks to queue
[2026-09-30T22:55:27.163+0000] {logging_mixin.py:137} INFO - [2026-09-30T22:55:27.163+0000] {dagbag.py:538} INFO - Filling up the DagBag from /home/airflow/.local/lib/python3.7/site-packages/airflow/example_dags/example_kubernetes_executor.py
[2026-09-30T22:55:27.233+0000] {processor.py:753} INFO - DAG(s) dict_keys(['example_kubernetes_executor']) retrieved from /home/airflow/.local/lib/python3.7/site-packages/airflow/example_dags/example_kubernetes_executor.py
[2026-09-30T22:55:27.308+0000] {logging_mixin.py:137} INFO - [2026-09-30T22:55:27.307+0000] {dag.py:2676} INFO - Sync 1 DAGs
[2026-09-30T22:55:27.341+0000] {logging_mixin.py:137} INFO - [2026-09-30T22:55:27.341+0000] {dag.py:3427} INFO - Setting next_dagrun for example_kubernetes_executor to None, run_after=None
[2026-09-30T22:55:27.363+0000] {processor.py:175} INFO - Processing /home/airflow/.local/lib/python3.7/site-packages/airflow/example_dags/example_kubernetes_executor.py took 0.206 seconds
[2026-09-30T22:55:57.617+0000] {processor.py:153} INFO - Started process (PID=4318) to work on /home/airflow/.local/lib/python3.7/site-packages/airflow/example_dags/example_kubernetes_executor.py
[2026-09-30T22:55:57.618+0000] {processor.py:743} INFO - Processing file /home/airflow/.local/lib/python3.7/site-packages/airflow/example_dags/example_kubernetes_executor.py for tasks to queue
[2026-09-30T22:55:57.619+0000] {logging_mixin.py:137} INFO - [2026-09-30T22:55:57.619+0000] {dagbag.py:538} INFO - Filling up the DagBag from /home/airflow/.local/lib/python3.7/site-packages/airflow/example_dags/example_kubernetes_executor.py
[2026-09-30T22:55:57.662+0000] {processor.py:753} INFO - DAG(s) dict_keys(['example_kubernetes_executor']) retrieved from /home/airflow/.local/lib/python3.7/site-packages/airflow/example_dags/example_kubernetes_executor.py
[2026-09-30T22:55:57.722+0000] {logging_mixin.py:137} INFO - [2026-09-30T22:55:57.722+0000] {dag.py:2676} INFO - Sync 1 DAGs
[2026-09-30T22:55:57.755+0000] {logging_mixin.py:137} INFO - [2026-09-30T22:55:57.754+0000] {dag.py:3427} INFO - Setting next_dagrun for example_kubernetes_executor to None, run_after=None
[2026-09-30T22:55:57.780+0000] {processor.py:175} INFO - Processing /home/airflow/.local/lib/python3.7/site-packages/airflow/example_dags/example_kubernetes_executor.py took 0.167 seconds
[2026-09-30T22:56:28.698+0000] {processor.py:153} INFO - Started process (PID=4397) to work on /home/airflow/.local/lib/python3.7/site-packages/airflow/example_dags/example_kubernetes_executor.py
[2026-09-30T22:56:28.699+0000] {processor.py:743} INFO - Processing file /home/airflow/.local/lib/python3.7/site-packages/airflow/example_dags/example_kubernetes_executor.py for tasks to queue
[2026-09-30T22:56:28.700+0000] {logging_mixin.py:137} INFO - [2026-09-30T22:56:28.700+0000] {dagbag.py:538} INFO - Filling up the DagBag from /home/airflow/.local/lib/python3.7/site-packages/airflow/example_dags/example_kubernetes_executor.py
[2026-09-30T22:56:28.741+0000] {processor.py:753} INFO - DAG(s) dict_keys(['example_kubernetes_executor']) retrieved from /home/airflow/.local/lib/python3.7/site-packages/airflow/example_dags/example_kubernetes_executor.py
[2026-09-30T22:56:28.796+0000] {logging_mixin.py:137} INFO - [2026-09-30T22:56:28.796+0000] {dag.py:2676} INFO - Sync 1 DAGs
[2026-09-30T22:56:28.838+0000] {logging_mixin.py:137} INFO - [2026-09-30T22:56:28.837+0000] {dag.py:3427} INFO - Setting next_dagrun for example_kubernetes_executor to None, run_after=None
[2026-09-30T22:56:28.859+0000] {processor.py:175} INFO - Processing /home/airflow/.local/lib/python3.7/site-packages/airflow/example_dags/example_kubernetes_executor.py took 0.167 seconds
[2026-09-30T22:56:59.360+0000] {processor.py:153} INFO - Started process (PID=4476) to work on /home/airflow/.local/lib/python3.7/site-packages/airflow/example_dags/example_kubernetes_executor.py
[2026-09-30T22:56:59.361+0000] {processor.py:743} INFO - Processing file /home/airflow/.local/lib/python3.7/site-packages/airflow/example_dags/example_kubernetes_executor.py for tasks to queue
[2026-09-30T22:56:59.362+0000] {logging_mixin.py:137} INFO - [2026-09-30T22:56:59.361+0000] {dagbag.py:538} INFO - Filling up the DagBag from /home/airflow/.local/lib/python3.7/site-packages/airflow/example_dags/example_kubernetes_executor.py
[2026-09-30T22:56:59.406+0000] {processor.py:753} INFO - DAG(s) dict_keys(['example_kubernetes_executor']) retrieved from /home/airflow/.local/lib/python3.7/site-packages/airflow/example_dags/example_kubernetes_executor.py
[2026-09-30T22:56:59.469+0000] {logging_mixin.py:137} INFO - [2026-09-30T22:56:59.469+0000] {dag.py:2676} INFO - Sync 1 DAGs
[2026-09-30T22:56:59.508+0000] {logging_mixin.py:137} INFO - [2026-09-30T22:56:59.508+0000] {dag.py:3427} INFO - Setting next_dagrun for example_kubernetes_executor to None, run_after=None
[2026-09-30T22:56:59.528+0000] {processor.py:175} INFO - Processing /home/airflow/.local/lib/python3.7/site-packages/airflow/example_dags/example_kubernetes_executor.py took 0.171 seconds
[2026-09-30T22:57:29.960+0000] {processor.py:153} INFO - Started process (PID=4575) to work on /home/airflow/.local/lib/python3.7/site-packages/airflow/example_dags/example_kubernetes_executor.py
[2026-09-30T22:57:29.962+0000] {processor.py:743} INFO - Processing file /home/airflow/.local/lib/python3.7/site-packages/airflow/example_dags/example_kubernetes_executor.py for tasks to queue
[2026-09-30T22:57:29.962+0000] {logging_mixin.py:137} INFO - [2026-09-30T22:57:29.962+0000] {dagbag.py:538} INFO - Filling up the DagBag from /home/airflow/.local/lib/python3.7/site-packages/airflow/example_dags/example_kubernetes_executor.py
[2026-09-30T22:57:29.997+0000] {processor.py:753} INFO - DAG(s) dict_keys(['example_kubernetes_executor']) retrieved from /home/airflow/.local/lib/python3.7/site-packages/airflow/example_dags/example_kubernetes_executor.py
[2026-09-30T22:57:30.054+0000] {logging_mixin.py:137} INFO - [2026-09-30T22:57:30.054+0000] {dag.py:2676} INFO - Sync 1 DAGs
[2026-09-30T22:57:30.086+0000] {logging_mixin.py:137} INFO - [2026-09-30T22:57:30.086+0000] {dag.py:3427} INFO - Setting next_dagrun for example_kubernetes_executor to None, run_after=None
[2026-09-30T22:57:30.107+0000] {processor.py:175} INFO - Processing /home/airflow/.local/lib/python3.7/site-packages/airflow/example_dags/example_kubernetes_executor.py took 0.151 seconds
[2026-09-30T22:58:00.561+0000] {processor.py:153} INFO - Started process (PID=4654) to work on /home/airflow/.local/lib/python3.7/site-packages/airflow/example_dags/example_kubernetes_executor.py
[2026-09-30T22:58:00.562+0000] {processor.py:743} INFO - Processing file /home/airflow/.local/lib/python3.7/site-packages/airflow/example_dags/example_kubernetes_executor.py for tasks to queue
[2026-09-30T22:58:00.564+0000] {logging_mixin.py:137} INFO - [2026-09-30T22:58:00.563+0000] {dagbag.py:538} INFO - Filling up the DagBag from /home/airflow/.local/lib/python3.7/site-packages/airflow/example_dags/example_kubernetes_executor.py
[2026-09-30T22:58:00.597+0000] {processor.py:753} INFO - DAG(s) dict_keys(['example_kubernetes_executor']) retrieved from /home/airflow/.local/lib/python3.7/site-packages/airflow/example_dags/example_kubernetes_executor.py
[2026-09-30T22:58:00.656+0000] {logging_mixin.py:137} INFO - [2026-09-30T22:58:00.656+0000] {dag.py:2676} INFO - Sync 1 DAGs
[2026-09-30T22:58:00.688+0000] {logging_mixin.py:137} INFO - [2026-09-30T22:58:00.688+0000] {dag.py:3427} INFO - Setting next_dagrun for example_kubernetes_executor to None, run_after=None
[2026-09-30T22:58:00.709+0000] {processor.py:175} INFO - Processing /home/airflow/.local/lib/python3.7/site-packages/airflow/example_dags/example_kubernetes_executor.py took 0.156 seconds
[2026-09-30T22:58:30.786+0000] {processor.py:153} INFO - Started process (PID=4733) to work on /home/airflow/.local/lib/python3.7/site-packages/airflow/example_dags/example_kubernetes_executor.py
[2026-09-30T22:58:30.787+0000] {processor.py:743} INFO - Processing file /home/airflow/.local/lib/python3.7/site-packages/airflow/example_dags/example_kubernetes_executor.py for tasks to queue
[2026-09-30T22:58:30.787+0000] {logging_mixin.py:137} INFO - [2026-09-30T22:58:30.787+0000] {dagbag.py:538} INFO - Filling up the DagBag from /home/airflow/.local/lib/python3.7/site-packages/airflow/example_dags/example_kubernetes_executor.py
[2026-09-30T22:58:30.827+0000] {processor.py:753} INFO - DAG(s) dict_keys(['example_kubernetes_executor']) retrieved from /home/airflow/.local/lib/python3.7/site-packages/airflow/example_dags/example_kubernetes_executor.py
[2026-09-30T22:58:30.880+0000] {logging_mixin.py:137} INFO - [2026-09-30T22:58:30.879+0000] {dag.py:2676} INFO - Sync 1 DAGs
[2026-09-30T22:58:30.911+0000] {logging_mixin.py:137} INFO - [2026-09-30T22:58:30.910+0000] {dag.py:3427} INFO - Setting next_dagrun for example_kubernetes_executor to None, run_after=None
[2026-09-30T22:58:30.930+0000] {processor.py:175} INFO - Processing /home/airflow/.local/lib/python3.7/site-packages/airflow/example_dags/example_kubernetes_executor.py took 0.150 seconds
[2026-09-30T22:59:00.987+0000] {processor.py:153} INFO - Started process (PID=4818) to work on /home/airflow/.local/lib/python3.7/site-packages/airflow/example_dags/example_kubernetes_executor.py
[2026-09-30T22:59:00.989+0000] {processor.py:743} INFO - Processing file /home/airflow/.local/lib/python3.7/site-packages/airflow/example_dags/example_kubernetes_executor.py for tasks to queue
[2026-09-30T22:59:00.990+0000] {logging_mixin.py:137} INFO - [2026-09-30T22:59:00.990+0000] {dagbag.py:538} INFO - Filling up the DagBag from /home/airflow/.local/lib/python3.7/site-packages/airflow/example_dags/example_kubernetes_executor.py
[2026-09-30T22:59:01.040+0000] {processor.py:753} INFO - DAG(s) dict_keys(['example_kubernetes_executor']) retrieved from /home/airflow/.local/lib/python3.7/site-packages/airflow/example_dags/example_kubernetes_executor.py
[2026-09-30T22:59:01.096+0000] {logging_mixin.py:137} INFO - [2026-09-30T22:59:01.096+0000] {dag.py:2676} INFO - Sync 1 DAGs
[2026-09-30T22:59:01.133+0000] {logging_mixin.py:137} INFO - [2026-09-30T22:59:01.132+0000] {dag.py:3427} INFO - Setting next_dagrun for example_kubernetes_executor to None, run_after=None
[2026-09-30T22:59:01.161+0000] {processor.py:175} INFO - Processing /home/airflow/.local/lib/python3.7/site-packages/airflow/example_dags/example_kubernetes_executor.py took 0.181 seconds
[2026-09-30T22:59:31.551+0000] {processor.py:153} INFO - Started process (PID=4911) to work on /home/airflow/.local/lib/python3.7/site-packages/airflow/example_dags/example_kubernetes_executor.py
[2026-09-30T22:59:31.552+0000] {processor.py:743} INFO - Processing file /home/airflow/.local/lib/python3.7/site-packages/airflow/example_dags/example_kubernetes_executor.py for tasks to queue
[2026-09-30T22:59:31.552+0000] {logging_mixin.py:137} INFO - [2026-09-30T22:59:31.552+0000] {dagbag.py:538} INFO - Filling up the DagBag from /home/airflow/.local/lib/python3.7/site-packages/airflow/example_dags/example_kubernetes_executor.py
[2026-09-30T22:59:31.578+0000] {processor.py:753} INFO - DAG(s) dict_keys(['example_kubernetes_executor']) retrieved from /home/airflow/.local/lib/python3.7/site-packages/airflow/example_dags/example_kubernetes_executor.py
[2026-09-30T22:59:31.618+0000] {logging_mixin.py:137} INFO - [2026-09-30T22:59:31.618+0000] {dag.py:2676} INFO - Sync 1 DAGs
[2026-09-30T22:59:31.642+0000] {logging_mixin.py:137} INFO - [2026-09-30T22:59:31.642+0000] {dag.py:3427} INFO - Setting next_dagrun for example_kubernetes_executor to None, run_after=None
[2026-09-30T22:59:31.657+0000] {processor.py:175} INFO - Processing /home/airflow/.local/lib/python3.7/site-packages/airflow/example_dags/example_kubernetes_executor.py took 0.110 seconds
[2026-09-30T23:00:03.108+0000] {processor.py:153} INFO - Started process (PID=4990) to work on /home/airflow/.local/lib/python3.7/site-packages/airflow/example_dags/example_kubernetes_executor.py
[2026-09-30T23:00:03.109+0000] {processor.py:743} INFO - Processing file /home/airflow/.local/lib/python3.7/site-packages/airflow/example_dags/example_kubernetes_executor.py for tasks to queue
[2026-09-30T23:00:03.109+0000] {logging_mixin.py:137} INFO - [2026-09-30T23:00:03.109+0000] {dagbag.py:538} INFO - Filling up the DagBag from /home/airflow/.local/lib/python3.7/site-packages/airflow/example_dags/example_kubernetes_executor.py
[2026-09-30T23:00:03.147+0000] {processor.py:753} INFO - DAG(s) dict_keys(['example_kubernetes_executor']) retrieved from /home/airflow/.local/lib/python3.7/site-packages/airflow/example_dags/example_kubernetes_executor.py
[2026-09-30T23:00:03.199+0000] {logging_mixin.py:137} INFO - [2026-09-30T23:00:03.199+0000] {dag.py:2676} INFO - Sync 1 DAGs
[2026-09-30T23:00:03.229+0000] {logging_mixin.py:137} INFO - [2026-09-30T23:00:03.229+0000] {dag.py:3427} INFO - Setting next_dagrun for example_kubernetes_executor to None, run_after=None
[2026-09-30T23:00:03.255+0000] {processor.py:175} INFO - Processing /home/airflow/.local/lib/python3.7/site-packages/airflow/example_dags/example_kubernetes_executor.py took 0.153 seconds
[2026-09-30T23:00:34.250+0000] {processor.py:153} INFO - Started process (PID=5069) to work on /home/airflow/.local/lib/python3.7/site-packages/airflow/example_dags/example_kubernetes_executor.py
[2026-09-30T23:00:34.251+0000] {processor.py:743} INFO - Processing file /home/airflow/.local/lib/python3.7/site-packages/airflow/example_dags/example_kubernetes_executor.py for tasks to queue
[2026-09-30T23:00:34.252+0000] {logging_mixin.py:137} INFO - [2026-09-30T23:00:34.252+0000] {dagbag.py:538} INFO - Filling up the DagBag from /home/airflow/.local/lib/python3.7/site-packages/airflow/example_dags/example_kubernetes_executor.py
[2026-09-30T23:00:34.306+0000] {processor.py:753} INFO - DAG(s) dict_keys(['example_kubernetes_executor']) retrieved from /home/airflow/.local/lib/python3.7/site-packages/airflow/example_dags/example_kubernetes_executor.py
[2026-09-30T23:00:34.388+0000] {logging_mixin.py:137} INFO - [2026-09-30T23:00:34.388+0000] {dag.py:2676} INFO - Sync 1 DAGs
[2026-09-30T23:00:34.421+0000] {logging_mixin.py:137} INFO - [2026-09-30T23:00:34.420+0000] {dag.py:3427} INFO - Setting next_dagrun for example_kubernetes_executor to None, run_after=None
[2026-09-30T23:00:34.441+0000] {processor.py:175} INFO - Processing /home/airflow/.local/lib/python3.7/site-packages/airflow/example_dags/example_kubernetes_executor.py took 0.195 seconds
[2026-09-30T23:01:04.972+0000] {processor.py:153} INFO - Started process (PID=5168) to work on /home/airflow/.local/lib/python3.7/site-packages/airflow/example_dags/example_kubernetes_executor.py
[2026-09-30T23:01:04.973+0000] {processor.py:743} INFO - Processing file /home/airflow/.local/lib/python3.7/site-packages/airflow/example_dags/example_kubernetes_executor.py for tasks to queue
[2026-09-30T23:01:04.974+0000] {logging_mixin.py:137} INFO - [2026-09-30T23:01:04.974+0000] {dagbag.py:538} INFO - Filling up the DagBag from /home/airflow/.local/lib/python3.7/site-packages/airflow/example_dags/example_kubernetes_executor.py
[2026-09-30T23:01:05.017+0000] {processor.py:753} INFO - DAG(s) dict_keys(['example_kubernetes_executor']) retrieved from /home/airflow/.local/lib/python3.7/site-packages/airflow/example_dags/example_kubernetes_executor.py
[2026-09-30T23:01:05.075+0000] {logging_mixin.py:137} INFO - [2026-09-30T23:01:05.075+0000] {dag.py:2676} INFO - Sync 1 DAGs
[2026-09-30T23:01:05.111+0000] {logging_mixin.py:137} INFO - [2026-09-30T23:01:05.111+0000] {dag.py:3427} INFO - Setting next_dagrun for example_kubernetes_executor to None, run_after=None
[2026-09-30T23:01:05.135+0000] {processor.py:175} INFO - Processing /home/airflow/.local/lib/python3.7/site-packages/airflow/example_dags/example_kubernetes_executor.py took 0.167 seconds
[2026-09-30T23:01:35.229+0000] {processor.py:153} INFO - Started process (PID=5247) to work on /home/airflow/.local/lib/python3.7/site-packages/airflow/example_dags/example_kubernetes_executor.py
[2026-09-30T23:01:35.230+0000] {processor.py:743} INFO - Processing file /home/airflow/.local/lib/python3.7/site-packages/airflow/example_dags/example_kubernetes_executor.py for tasks to queue
[2026-09-30T23:01:35.231+0000] {logging_mixin.py:137} INFO - [2026-09-30T23:01:35.230+0000] {dagbag.py:538} INFO - Filling up the DagBag from /home/airflow/.local/lib/python3.7/site-packages/airflow/example_dags/example_kubernetes_executor.py
[2026-09-30T23:01:35.276+0000] {processor.py:753} INFO - DAG(s) dict_keys(['example_kubernetes_executor']) retrieved from /home/airflow/.local/lib/python3.7/site-packages/airflow/example_dags/example_kubernetes_executor.py
[2026-09-30T23:01:35.336+0000] {logging_mixin.py:137} INFO - [2026-09-30T23:01:35.336+0000] {dag.py:2676} INFO - Sync 1 DAGs
[2026-09-30T23:01:35.370+0000] {logging_mixin.py:137} INFO - [2026-09-30T23:01:35.370+0000] {dag.py:3427} INFO - Setting next_dagrun for example_kubernetes_executor to None, run_after=None
[2026-09-30T23:01:35.392+0000] {processor.py:175} INFO - Processing /home/airflow/.local/lib/python3.7/site-packages/airflow/example_dags/example_kubernetes_executor.py took 0.168 seconds
[2026-09-30T23:02:05.601+0000] {processor.py:153} INFO - Started process (PID=5326) to work on /home/airflow/.local/lib/python3.7/site-packages/airflow/example_dags/example_kubernetes_executor.py
[2026-09-30T23:02:05.602+0000] {processor.py:743} INFO - Processing file /home/airflow/.local/lib/python3.7/site-packages/airflow/example_dags/example_kubernetes_executor.py for tasks to queue
[2026-09-30T23:02:05.603+0000] {logging_mixin.py:137} INFO - [2026-09-30T23:02:05.603+0000] {dagbag.py:538} INFO - Filling up the DagBag from /home/airflow/.local/lib/python3.7/site-packages/airflow/example_dags/example_kubernetes_executor.py
[2026-09-30T23:02:05.631+0000] {processor.py:753} INFO - DAG(s) dict_keys(['example_kubernetes_executor']) retrieved from /home/airflow/.local/lib/python3.7/site-packages/airflow/example_dags/example_kubernetes_executor.py
[2026-09-30T23:02:05.674+0000] {logging_mixin.py:137} INFO - [2026-09-30T23:02:05.674+0000] {dag.py:2676} INFO - Sync 1 DAGs
[2026-09-30T23:02:05.698+0000] {logging_mixin.py:137} INFO - [2026-09-30T23:02:05.698+0000] {dag.py:3427} INFO - Setting next_dagrun for example_kubernetes_executor to None, run_after=None
[2026-09-30T23:02:05.714+0000] {processor.py:175} INFO - Processing /home/airflow/.local/lib/python3.7/site-packages/airflow/example_dags/example_kubernetes_executor.py took 0.117 seconds
[2026-09-30T23:02:36.793+0000] {processor.py:153} INFO - Started process (PID=5405) to work on /home/airflow/.local/lib/python3.7/site-packages/airflow/example_dags/example_kubernetes_executor.py
[2026-09-30T23:02:36.794+0000] {processor.py:743} INFO - Processing file /home/airflow/.local/lib/python3.7/site-packages/airflow/example_dags/example_kubernetes_executor.py for tasks to queue
[2026-09-30T23:02:36.795+0000] {logging_mixin.py:137} INFO - [2026-09-30T23:02:36.795+0000] {dagbag.py:538} INFO - Filling up the DagBag from /home/airflow/.local/lib/python3.7/site-packages/airflow/example_dags/example_kubernetes_executor.py
[2026-09-30T23:02:36.843+0000] {processor.py:753} INFO - DAG(s) dict_keys(['example_kubernetes_executor']) retrieved from /home/airflow/.local/lib/python3.7/site-packages/airflow/example_dags/example_kubernetes_executor.py
[2026-09-30T23:02:36.913+0000] {logging_mixin.py:137} INFO - [2026-09-30T23:02:36.912+0000] {dag.py:2676} INFO - Sync 1 DAGs
[2026-09-30T23:02:36.954+0000] {logging_mixin.py:137} INFO - [2026-09-30T23:02:36.954+0000] {dag.py:3427} INFO - Setting next_dagrun for example_kubernetes_executor to None, run_after=None
[2026-09-30T23:02:36.978+0000] {processor.py:175} INFO - Processing /home/airflow/.local/lib/python3.7/site-packages/airflow/example_dags/example_kubernetes_executor.py took 0.189 seconds
[2026-09-30T23:03:07.500+0000] {processor.py:153} INFO - Started process (PID=5504) to work on /home/airflow/.local/lib/python3.7/site-packages/airflow/example_dags/example_kubernetes_executor.py
[2026-09-30T23:03:07.501+0000] {processor.py:743} INFO - Processing file /home/airflow/.local/lib/python3.7/site-packages/airflow/example_dags/example_kubernetes_executor.py for tasks to queue
[2026-09-30T23:03:07.502+0000] {logging_mixin.py:137} INFO - [2026-09-30T23:03:07.502+0000] {dagbag.py:538} INFO - Filling up the DagBag from /home/airflow/.local/lib/python3.7/site-packages/airflow/example_dags/example_kubernetes_executor.py
[2026-09-30T23:03:07.551+0000] {processor.py:753} INFO - DAG(s) dict_keys(['example_kubernetes_executor']) retrieved from /home/airflow/.local/lib/python3.7/site-packages/airflow/example_dags/example_kubernetes_executor.py
[2026-09-30T23:03:07.615+0000] {logging_mixin.py:137} INFO - [2026-09-30T23:03:07.614+0000] {dag.py:2676} INFO - Sync 1 DAGs
[2026-09-30T23:03:07.654+0000] {logging_mixin.py:137} INFO - [2026-09-30T23:03:07.654+0000] {dag.py:3427} INFO - Setting next_dagrun for example_kubernetes_executor to None, run_after=None
[2026-09-30T23:03:07.676+0000] {processor.py:175} INFO - Processing /home/airflow/.local/lib/python3.7/site-packages/airflow/example_dags/example_kubernetes_executor.py took 0.180 seconds
[2026-09-30T23:03:37.949+0000] {processor.py:153} INFO - Started process (PID=5583) to work on /home/airflow/.local/lib/python3.7/site-packages/airflow/example_dags/example_kubernetes_executor.py
[2026-09-30T23:03:37.950+0000] {processor.py:743} INFO - Processing file /home/airflow/.local/lib/python3.7/site-packages/airflow/example_dags/example_kubernetes_executor.py for tasks to queue
[2026-09-30T23:03:37.951+0000] {logging_mixin.py:137} INFO - [2026-09-30T23:03:37.951+0000] {dagbag.py:538} INFO - Filling up the DagBag from /home/airflow/.local/lib/python3.7/site-packages/airflow/example_dags/example_kubernetes_executor.py
[2026-09-30T23:03:37.994+0000] {processor.py:753} INFO - DAG(s) dict_keys(['example_kubernetes_executor']) retrieved from /home/airflow/.local/lib/python3.7/site-packages/airflow/example_dags/example_kubernetes_executor.py
[2026-09-30T23:03:38.056+0000] {logging_mixin.py:137} INFO - [2026-09-30T23:03:38.056+0000] {dag.py:2676} INFO - Sync 1 DAGs
[2026-09-30T23:03:38.089+0000] {logging_mixin.py:137} INFO - [2026-09-30T23:03:38.089+0000] {dag.py:3427} INFO - Setting next_dagrun for example_kubernetes_executor to None, run_after=None
[2026-09-30T23:03:38.112+0000] {processor.py:175} INFO - Processing /home/airflow/.local/lib/python3.7/site-packages/airflow/example_dags/example_kubernetes_executor.py took 0.169 seconds
[2026-09-30T23:04:08.410+0000] {processor.py:153} INFO - Started process (PID=5662) to work on /home/airflow/.local/lib/python3.7/site-packages/airflow/example_dags/example_kubernetes_executor.py
[2026-09-30T23:04:08.412+0000] {processor.py:743} INFO - Processing file /home/airflow/.local/lib/python3.7/site-packages/airflow/example_dags/example_kubernetes_executor.py for tasks to queue
[2026-09-30T23:04:08.412+0000] {logging_mixin.py:137} INFO - [2026-09-30T23:04:08.412+0000] {dagbag.py:538} INFO - Filling up the DagBag from /home/airflow/.local/lib/python3.7/site-packages/airflow/example_dags/example_kubernetes_executor.py
[2026-09-30T23:04:08.450+0000] {processor.py:753} INFO - DAG(s) dict_keys(['example_kubernetes_executor']) retrieved from /home/airflow/.local/lib/python3.7/site-packages/airflow/example_dags/example_kubernetes_executor.py
[2026-09-30T23:04:08.505+0000] {logging_mixin.py:137} INFO - [2026-09-30T23:04:08.505+0000] {dag.py:2676} INFO - Sync 1 DAGs
[2026-09-30T23:04:08.540+0000] {logging_mixin.py:137} INFO - [2026-09-30T23:04:08.540+0000] {dag.py:3427} INFO - Setting next_dagrun for example_kubernetes_executor to None, run_after=None
[2026-09-30T23:04:08.560+0000] {processor.py:175} INFO - Processing /home/airflow/.local/lib/python3.7/site-packages/airflow/example_dags/example_kubernetes_executor.py took 0.154 seconds
[2026-09-30T23:04:38.686+0000] {processor.py:153} INFO - Started process (PID=5741) to work on /home/airflow/.local/lib/python3.7/site-packages/airflow/example_dags/example_kubernetes_executor.py
[2026-09-30T23:04:38.687+0000] {processor.py:743} INFO - Processing file /home/airflow/.local/lib/python3.7/site-packages/airflow/example_dags/example_kubernetes_executor.py for tasks to queue
[2026-09-30T23:04:38.688+0000] {logging_mixin.py:137} INFO - [2026-09-30T23:04:38.688+0000] {dagbag.py:538} INFO - Filling up the DagBag from /home/airflow/.local/lib/python3.7/site-packages/airflow/example_dags/example_kubernetes_executor.py
[2026-09-30T23:04:38.735+0000] {processor.py:753} INFO - DAG(s) dict_keys(['example_kubernetes_executor']) retrieved from /home/airflow/.local/lib/python3.7/site-packages/airflow/example_dags/example_kubernetes_executor.py
[2026-09-30T23:04:38.814+0000] {logging_mixin.py:137} INFO - [2026-09-30T23:04:38.814+0000] {dag.py:2676} INFO - Sync 1 DAGs
[2026-09-30T23:04:38.847+0000] {logging_mixin.py:137} INFO - [2026-09-30T23:04:38.847+0000] {dag.py:3427} INFO - Setting next_dagrun for example_kubernetes_executor to None, run_after=None
[2026-09-30T23:04:38.867+0000] {processor.py:175} INFO - Processing /home/airflow/.local/lib/python3.7/site-packages/airflow/example_dags/example_kubernetes_executor.py took 0.185 seconds
[2026-09-30T23:05:08.913+0000] {processor.py:153} INFO - Started process (PID=5840) to work on /home/airflow/.local/lib/python3.7/site-packages/airflow/example_dags/example_kubernetes_executor.py
[2026-09-30T23:05:08.914+0000] {processor.py:743} INFO - Processing file /home/airflow/.local/lib/python3.7/site-packages/airflow/example_dags/example_kubernetes_executor.py for tasks to queue
[2026-09-30T23:05:08.914+0000] {logging_mixin.py:137} INFO - [2026-09-30T23:05:08.914+0000] {dagbag.py:538} INFO - Filling up the DagBag from /home/airflow/.local/lib/python3.7/site-packages/airflow/example_dags/example_kubernetes_executor.py
[2026-09-30T23:05:08.941+0000] {processor.py:753} INFO - DAG(s) dict_keys(['example_kubernetes_executor']) retrieved from /home/airflow/.local/lib/python3.7/site-packages/airflow/example_dags/example_kubernetes_executor.py
[2026-09-30T23:05:08.988+0000] {logging_mixin.py:137} INFO - [2026-09-30T23:05:08.987+0000] {dag.py:2676} INFO - Sync 1 DAGs
[2026-09-30T23:05:09.014+0000] {logging_mixin.py:137} INFO - [2026-09-30T23:05:09.014+0000] {dag.py:3427} INFO - Setting next_dagrun for example_kubernetes_executor to None, run_after=None
[2026-09-30T23:05:09.033+0000] {processor.py:175} INFO - Processing /home/airflow/.local/lib/python3.7/site-packages/airflow/example_dags/example_kubernetes_executor.py took 0.122 seconds
[2026-09-30T23:05:40.221+0000] {processor.py:153} INFO - Started process (PID=5919) to work on /home/airflow/.local/lib/python3.7/site-packages/airflow/example_dags/example_kubernetes_executor.py
[2026-09-30T23:05:40.222+0000] {processor.py:743} INFO - Processing file /home/airflow/.local/lib/python3.7/site-packages/airflow/example_dags/example_kubernetes_executor.py for tasks to queue
[2026-09-30T23:05:40.223+0000] {logging_mixin.py:137} INFO - [2026-09-30T23:05:40.223+0000] {dagbag.py:538} INFO - Filling up the DagBag from /home/airflow/.local/lib/python3.7/site-packages/airflow/example_dags/example_kubernetes_executor.py
[2026-09-30T23:05:40.270+0000] {processor.py:753} INFO - DAG(s) dict_keys(['example_kubernetes_executor']) retrieved from /home/airflow/.local/lib/python3.7/site-packages/airflow/example_dags/example_kubernetes_executor.py
[2026-09-30T23:05:40.324+0000] {logging_mixin.py:137} INFO - [2026-09-30T23:05:40.324+0000] {dag.py:2676} INFO - Sync 1 DAGs
[2026-09-30T23:05:40.361+0000] {logging_mixin.py:137} INFO - [2026-09-30T23:05:40.360+0000] {dag.py:3427} INFO - Setting next_dagrun for example_kubernetes_executor to None, run_after=None
[2026-09-30T23:05:40.382+0000] {processor.py:175} INFO - Processing /home/airflow/.local/lib/python3.7/site-packages/airflow/example_dags/example_kubernetes_executor.py took 0.167 seconds
[2026-09-30T23:06:10.920+0000] {processor.py:153} INFO - Started process (PID=5998) to work on /home/airflow/.local/lib/python3.7/site-packages/airflow/example_dags/example_kubernetes_executor.py
[2026-09-30T23:06:10.922+0000] {processor.py:743} INFO - Processing file /home/airflow/.local/lib/python3.7/site-packages/airflow/example_dags/example_kubernetes_executor.py for tasks to queue
[2026-09-30T23:06:10.922+0000] {logging_mixin.py:137} INFO - [2026-09-30T23:06:10.922+0000] {dagbag.py:538} INFO - Filling up the DagBag from /home/airflow/.local/lib/python3.7/site-packages/airflow/example_dags/example_kubernetes_executor.py
[2026-09-30T23:06:10.966+0000] {processor.py:753} INFO - DAG(s) dict_keys(['example_kubernetes_executor']) retrieved from /home/airflow/.local/lib/python3.7/site-packages/airflow/example_dags/example_kubernetes_executor.py
[2026-09-30T23:06:11.022+0000] {logging_mixin.py:137} INFO - [2026-09-30T23:06:11.022+0000] {dag.py:2676} INFO - Sync 1 DAGs
[2026-09-30T23:06:11.054+0000] {logging_mixin.py:137} INFO - [2026-09-30T23:06:11.054+0000] {dag.py:3427} INFO - Setting next_dagrun for example_kubernetes_executor to None, run_after=None
[2026-09-30T23:06:11.075+0000] {processor.py:175} INFO - Processing /home/airflow/.local/lib/python3.7/site-packages/airflow/example_dags/example_kubernetes_executor.py took 0.159 seconds
[2026-09-30T23:06:41.247+0000] {processor.py:153} INFO - Started process (PID=6097) to work on /home/airflow/.local/lib/python3.7/site-packages/airflow/example_dags/example_kubernetes_executor.py
[2026-09-30T23:06:41.248+0000] {processor.py:743} INFO - Processing file /home/airflow/.local/lib/python3.7/site-packages/airflow/example_dags/example_kubernetes_executor.py for tasks to queue
[2026-09-30T23:06:41.249+0000] {logging_mixin.py:137} INFO - [2026-09-30T23:06:41.249+0000] {dagbag.py:538} INFO - Filling up the DagBag from /home/airflow/.local/lib/python3.7/site-packages/airflow/example_dags/example_kubernetes_executor.py
[2026-09-30T23:06:41.290+0000] {processor.py:753} INFO - DAG(s) dict_keys(['example_kubernetes_executor']) retrieved from /home/airflow/.local/lib/python3.7/site-packages/airflow/example_dags/example_kubernetes_executor.py
[2026-09-30T23:06:41.344+0000] {logging_mixin.py:137} INFO - [2026-09-30T23:06:41.344+0000] {dag.py:2676} INFO - Sync 1 DAGs
[2026-09-30T23:06:41.378+0000] {logging_mixin.py:137} INFO - [2026-09-30T23:06:41.378+0000] {dag.py:3427} INFO - Setting next_dagrun for example_kubernetes_executor to None, run_after=None
[2026-09-30T23:06:41.399+0000] {processor.py:175} INFO - Processing /home/airflow/.local/lib/python3.7/site-packages/airflow/example_dags/example_kubernetes_executor.py took 0.156 seconds
[2026-09-30T23:07:12.373+0000] {processor.py:153} INFO - Started process (PID=6176) to work on /home/airflow/.local/lib/python3.7/site-packages/airflow/example_dags/example_kubernetes_executor.py
[2026-09-30T23:07:12.375+0000] {processor.py:743} INFO - Processing file /home/airflow/.local/lib/python3.7/site-packages/airflow/example_dags/example_kubernetes_executor.py for tasks to queue
[2026-09-30T23:07:12.376+0000] {logging_mixin.py:137} INFO - [2026-09-30T23:07:12.376+0000] {dagbag.py:538} INFO - Filling up the DagBag from /home/airflow/.local/lib/python3.7/site-packages/airflow/example_dags/example_kubernetes_executor.py
[2026-09-30T23:07:12.411+0000] {processor.py:753} INFO - DAG(s) dict_keys(['example_kubernetes_executor']) retrieved from /home/airflow/.local/lib/python3.7/site-packages/airflow/example_dags/example_kubernetes_executor.py
[2026-09-30T23:07:12.467+0000] {logging_mixin.py:137} INFO - [2026-09-30T23:07:12.467+0000] {dag.py:2676} INFO - Sync 1 DAGs
[2026-09-30T23:07:12.501+0000] {logging_mixin.py:137} INFO - [2026-09-30T23:07:12.500+0000] {dag.py:3427} INFO - Setting next_dagrun for example_kubernetes_executor to None, run_after=None
[2026-09-30T23:07:12.522+0000] {processor.py:175} INFO - Processing /home/airflow/.local/lib/python3.7/site-packages/airflow/example_dags/example_kubernetes_executor.py took 0.154 seconds
[2026-09-30T23:07:43.008+0000] {processor.py:153} INFO - Started process (PID=6255) to work on /home/airflow/.local/lib/python3.7/site-packages/airflow/example_dags/example_kubernetes_executor.py
[2026-09-30T23:07:43.010+0000] {processor.py:743} INFO - Processing file /home/airflow/.local/lib/python3.7/site-packages/airflow/example_dags/example_kubernetes_executor.py for tasks to queue
[2026-09-30T23:07:43.011+0000] {logging_mixin.py:137} INFO - [2026-09-30T23:07:43.010+0000] {dagbag.py:538} INFO - Filling up the DagBag from /home/airflow/.local/lib/python3.7/site-packages/airflow/example_dags/example_kubernetes_executor.py
[2026-09-30T23:07:43.048+0000] {processor.py:753} INFO - DAG(s) dict_keys(['example_kubernetes_executor']) retrieved from /home/airflow/.local/lib/python3.7/site-packages/airflow/example_dags/example_kubernetes_executor.py
[2026-09-30T23:07:43.105+0000] {logging_mixin.py:137} INFO - [2026-09-30T23:07:43.104+0000] {dag.py:2676} INFO - Sync 1 DAGs
[2026-09-30T23:07:43.137+0000] {logging_mixin.py:137} INFO - [2026-09-30T23:07:43.137+0000] {dag.py:3427} INFO - Setting next_dagrun for example_kubernetes_executor to None, run_after=None
[2026-09-30T23:07:43.160+0000] {processor.py:175} INFO - Processing /home/airflow/.local/lib/python3.7/site-packages/airflow/example_dags/example_kubernetes_executor.py took 0.157 seconds
[2026-09-30T23:08:14.204+0000] {processor.py:153} INFO - Started process (PID=6354) to work on /home/airflow/.local/lib/python3.7/site-packages/airflow/example_dags/example_kubernetes_executor.py
[2026-09-30T23:08:14.205+0000] {processor.py:743} INFO - Processing file /home/airflow/.local/lib/python3.7/site-packages/airflow/example_dags/example_kubernetes_executor.py for tasks to queue
[2026-09-30T23:08:14.206+0000] {logging_mixin.py:137} INFO - [2026-09-30T23:08:14.206+0000] {dagbag.py:538} INFO - Filling up the DagBag from /home/airflow/.local/lib/python3.7/site-packages/airflow/example_dags/example_kubernetes_executor.py
[2026-09-30T23:08:14.247+0000] {processor.py:753} INFO - DAG(s) dict_keys(['example_kubernetes_executor']) retrieved from /home/airflow/.local/lib/python3.7/site-packages/airflow/example_dags/example_kubernetes_executor.py
[2026-09-30T23:08:14.304+0000] {logging_mixin.py:137} INFO - [2026-09-30T23:08:14.304+0000] {dag.py:2676} INFO - Sync 1 DAGs
[2026-09-30T23:08:14.338+0000] {logging_mixin.py:137} INFO - [2026-09-30T23:08:14.338+0000] {dag.py:3427} INFO - Setting next_dagrun for example_kubernetes_executor to None, run_after=None
[2026-09-30T23:08:14.362+0000] {processor.py:175} INFO - Processing /home/airflow/.local/lib/python3.7/site-packages/airflow/example_dags/example_kubernetes_executor.py took 0.163 seconds
[2026-09-30T23:08:44.478+0000] {processor.py:153} INFO - Started process (PID=6433) to work on /home/airflow/.local/lib/python3.7/site-packages/airflow/example_dags/example_kubernetes_executor.py
[2026-09-30T23:08:44.480+0000] {processor.py:743} INFO - Processing file /home/airflow/.local/lib/python3.7/site-packages/airflow/example_dags/example_kubernetes_executor.py for tasks to queue
[2026-09-30T23:08:44.481+0000] {logging_mixin.py:137} INFO - [2026-09-30T23:08:44.480+0000] {dagbag.py:538} INFO - Filling up the DagBag from /home/airflow/.local/lib/python3.7/site-packages/airflow/example_dags/example_kubernetes_executor.py
[2026-09-30T23:08:44.537+0000] {processor.py:753} INFO - DAG(s) dict_keys(['example_kubernetes_executor']) retrieved from /home/airflow/.local/lib/python3.7/site-packages/airflow/example_dags/example_kubernetes_executor.py
[2026-09-30T23:08:44.616+0000] {logging_mixin.py:137} INFO - [2026-09-30T23:08:44.616+0000] {dag.py:2676} INFO - Sync 1 DAGs
[2026-09-30T23:08:44.658+0000] {logging_mixin.py:137} INFO - [2026-09-30T23:08:44.658+0000] {dag.py:3427} INFO - Setting next_dagrun for example_kubernetes_executor to None, run_after=None
[2026-09-30T23:08:44.684+0000] {processor.py:175} INFO - Processing /home/airflow/.local/lib/python3.7/site-packages/airflow/example_dags/example_kubernetes_executor.py took 0.211 seconds
[2026-09-30T23:09:14.961+0000] {processor.py:153} INFO - Started process (PID=6512) to work on /home/airflow/.local/lib/python3.7/site-packages/airflow/example_dags/example_kubernetes_executor.py
[2026-09-30T23:09:14.963+0000] {processor.py:743} INFO - Processing file /home/airflow/.local/lib/python3.7/site-packages/airflow/example_dags/example_kubernetes_executor.py for tasks to queue
[2026-09-30T23:09:14.964+0000] {logging_mixin.py:137} INFO - [2026-09-30T23:09:14.964+0000] {dagbag.py:538} INFO - Filling up the DagBag from /home/airflow/.local/lib/python3.7/site-packages/airflow/example_dags/example_kubernetes_executor.py
[2026-09-30T23:09:15.021+0000] {processor.py:753} INFO - DAG(s) dict_keys(['example_kubernetes_executor']) retrieved from /home/airflow/.local/lib/python3.7/site-packages/airflow/example_dags/example_kubernetes_executor.py
[2026-09-30T23:09:15.093+0000] {logging_mixin.py:137} INFO - [2026-09-30T23:09:15.092+0000] {dag.py:2676} INFO - Sync 1 DAGs
[2026-09-30T23:09:15.136+0000] {logging_mixin.py:137} INFO - [2026-09-30T23:09:15.136+0000] {dag.py:3427} INFO - Setting next_dagrun for example_kubernetes_executor to None, run_after=None
[2026-09-30T23:09:15.156+0000] {processor.py:175} INFO - Processing /home/airflow/.local/lib/python3.7/site-packages/airflow/example_dags/example_kubernetes_executor.py took 0.201 seconds
[2026-09-30T23:09:45.220+0000] {processor.py:153} INFO - Started process (PID=6611) to work on /home/airflow/.local/lib/python3.7/site-packages/airflow/example_dags/example_kubernetes_executor.py
[2026-09-30T23:09:45.221+0000] {processor.py:743} INFO - Processing file /home/airflow/.local/lib/python3.7/site-packages/airflow/example_dags/example_kubernetes_executor.py for tasks to queue
[2026-09-30T23:09:45.221+0000] {logging_mixin.py:137} INFO - [2026-09-30T23:09:45.221+0000] {dagbag.py:538} INFO - Filling up the DagBag from /home/airflow/.local/lib/python3.7/site-packages/airflow/example_dags/example_kubernetes_executor.py
[2026-09-30T23:09:45.256+0000] {processor.py:753} INFO - DAG(s) dict_keys(['example_kubernetes_executor']) retrieved from /home/airflow/.local/lib/python3.7/site-packages/airflow/example_dags/example_kubernetes_executor.py
[2026-09-30T23:09:45.305+0000] {logging_mixin.py:137} INFO - [2026-09-30T23:09:45.305+0000] {dag.py:2676} INFO - Sync 1 DAGs
[2026-09-30T23:09:45.333+0000] {logging_mixin.py:137} INFO - [2026-09-30T23:09:45.333+0000] {dag.py:3427} INFO - Setting next_dagrun for example_kubernetes_executor to None, run_after=None
[2026-09-30T23:09:45.352+0000] {processor.py:175} INFO - Processing /home/airflow/.local/lib/python3.7/site-packages/airflow/example_dags/example_kubernetes_executor.py took 0.136 seconds
[2026-09-30T23:10:16.325+0000] {processor.py:153} INFO - Started process (PID=6690) to work on /home/airflow/.local/lib/python3.7/site-packages/airflow/example_dags/example_kubernetes_executor.py
[2026-09-30T23:10:16.326+0000] {processor.py:743} INFO - Processing file /home/airflow/.local/lib/python3.7/site-packages/airflow/example_dags/example_kubernetes_executor.py for tasks to queue
[2026-09-30T23:10:16.327+0000] {logging_mixin.py:137} INFO - [2026-09-30T23:10:16.326+0000] {dagbag.py:538} INFO - Filling up the DagBag from /home/airflow/.local/lib/python3.7/site-packages/airflow/example_dags/example_kubernetes_executor.py
[2026-09-30T23:10:16.361+0000] {processor.py:753} INFO - DAG(s) dict_keys(['example_kubernetes_executor']) retrieved from /home/airflow/.local/lib/python3.7/site-packages/airflow/example_dags/example_kubernetes_executor.py
[2026-09-30T23:10:16.419+0000] {logging_mixin.py:137} INFO - [2026-09-30T23:10:16.419+0000] {dag.py:2676} INFO - Sync 1 DAGs
[2026-09-30T23:10:16.451+0000] {logging_mixin.py:137} INFO - [2026-09-30T23:10:16.451+0000] {dag.py:3427} INFO - Setting next_dagrun for example_kubernetes_executor to None, run_after=None
[2026-09-30T23:10:16.473+0000] {processor.py:175} INFO - Processing /home/airflow/.local/lib/python3.7/site-packages/airflow/example_dags/example_kubernetes_executor.py took 0.153 seconds
[2026-09-30T23:10:47.489+0000] {processor.py:153} INFO - Started process (PID=6769) to work on /home/airflow/.local/lib/python3.7/site-packages/airflow/example_dags/example_kubernetes_executor.py
[2026-09-30T23:10:47.490+0000] {processor.py:743} INFO - Processing file /home/airflow/.local/lib/python3.7/site-packages/airflow/example_dags/example_kubernetes_executor.py for tasks to queue
[2026-09-30T23:10:47.490+0000] {logging_mixin.py:137} INFO - [2026-09-30T23:10:47.490+0000] {dagbag.py:538} INFO - Filling up the DagBag from /home/airflow/.local/lib/python3.7/site-packages/airflow/example_dags/example_kubernetes_executor.py
[2026-09-30T23:10:47.531+0000] {processor.py:753} INFO - DAG(s) dict_keys(['example_kubernetes_executor']) retrieved from /home/airflow/.local/lib/python3.7/site-packages/airflow/example_dags/example_kubernetes_executor.py
[2026-09-30T23:10:47.594+0000] {logging_mixin.py:137} INFO - [2026-09-30T23:10:47.594+0000] {dag.py:2676} INFO - Sync 1 DAGs
[2026-09-30T23:10:47.633+0000] {logging_mixin.py:137} INFO - [2026-09-30T23:10:47.633+0000] {dag.py:3427} INFO - Setting next_dagrun for example_kubernetes_executor to None, run_after=None
[2026-09-30T23:10:47.655+0000] {processor.py:175} INFO - Processing /home/airflow/.local/lib/python3.7/site-packages/airflow/example_dags/example_kubernetes_executor.py took 0.170 seconds
[2026-09-30T23:11:18.509+0000] {processor.py:153} INFO - Started process (PID=6868) to work on /home/airflow/.local/lib/python3.7/site-packages/airflow/example_dags/example_kubernetes_executor.py
[2026-09-30T23:11:18.510+0000] {processor.py:743} INFO - Processing file /home/airflow/.local/lib/python3.7/site-packages/airflow/example_dags/example_kubernetes_executor.py for tasks to queue
[2026-09-30T23:11:18.511+0000] {logging_mixin.py:137} INFO - [2026-09-30T23:11:18.511+0000] {dagbag.py:538} INFO - Filling up the DagBag from /home/airflow/.local/lib/python3.7/site-packages/airflow/example_dags/example_kubernetes_executor.py
[2026-09-30T23:11:18.550+0000] {processor.py:753} INFO - DAG(s) dict_keys(['example_kubernetes_executor']) retrieved from /home/airflow/.local/lib/python3.7/site-packages/airflow/example_dags/example_kubernetes_executor.py
[2026-09-30T23:11:18.605+0000] {logging_mixin.py:137} INFO - [2026-09-30T23:11:18.605+0000] {dag.py:2676} INFO - Sync 1 DAGs
[2026-09-30T23:11:18.638+0000] {logging_mixin.py:137} INFO - [2026-09-30T23:11:18.638+0000] {dag.py:3427} INFO - Setting next_dagrun for example_kubernetes_executor to None, run_after=None
[2026-09-30T23:11:18.661+0000] {processor.py:175} INFO - Processing /home/airflow/.local/lib/python3.7/site-packages/airflow/example_dags/example_kubernetes_executor.py took 0.156 seconds
[2026-09-30T23:11:48.697+0000] {processor.py:153} INFO - Started process (PID=6947) to work on /home/airflow/.local/lib/python3.7/site-packages/airflow/example_dags/example_kubernetes_executor.py
[2026-09-30T23:11:48.697+0000] {processor.py:743} INFO - Processing file /home/airflow/.local/lib/python3.7/site-packages/airflow/example_dags/example_kubernetes_executor.py for tasks to queue
[2026-09-30T23:11:48.698+0000] {logging_mixin.py:137} INFO - [2026-09-30T23:11:48.698+0000] {dagbag.py:538} INFO - Filling up the DagBag from /home/airflow/.local/lib/python3.7/site-packages/airflow/example_dags/example_kubernetes_executor.py
[2026-09-30T23:11:48.723+0000] {processor.py:753} INFO - DAG(s) dict_keys(['example_kubernetes_executor']) retrieved from /home/airflow/.local/lib/python3.7/site-packages/airflow/example_dags/example_kubernetes_executor.py
[2026-09-30T23:11:48.767+0000] {logging_mixin.py:137} INFO - [2026-09-30T23:11:48.767+0000] {dag.py:2676} INFO - Sync 1 DAGs
[2026-09-30T23:11:48.789+0000] {logging_mixin.py:137} INFO - [2026-09-30T23:11:48.788+0000] {dag.py:3427} INFO - Setting next_dagrun for example_kubernetes_executor to None, run_after=None
[2026-09-30T23:11:48.805+0000] {processor.py:175} INFO - Processing /home/airflow/.local/lib/python3.7/site-packages/airflow/example_dags/example_kubernetes_executor.py took 0.111 seconds
[2026-09-30T23:12:19.819+0000] {processor.py:153} INFO - Started process (PID=7026) to work on /home/airflow/.local/lib/python3.7/site-packages/airflow/example_dags/example_kubernetes_executor.py
[2026-09-30T23:12:19.820+0000] {processor.py:743} INFO - Processing file /home/airflow/.local/lib/python3.7/site-packages/airflow/example_dags/example_kubernetes_executor.py for tasks to queue
[2026-09-30T23:12:19.820+0000] {logging_mixin.py:137} INFO - [2026-09-30T23:12:19.820+0000] {dagbag.py:538} INFO - Filling up the DagBag from /home/airflow/.local/lib/python3.7/site-packages/airflow/example_dags/example_kubernetes_executor.py
[2026-09-30T23:12:19.856+0000] {processor.py:753} INFO - DAG(s) dict_keys(['example_kubernetes_executor']) retrieved from /home/airflow/.local/lib/python3.7/site-packages/airflow/example_dags/example_kubernetes_executor.py
[2026-09-30T23:12:19.913+0000] {logging_mixin.py:137} INFO - [2026-09-30T23:12:19.913+0000] {dag.py:2676} INFO - Sync 1 DAGs
[2026-09-30T23:12:19.945+0000] {logging_mixin.py:137} INFO - [2026-09-30T23:12:19.945+0000] {dag.py:3427} INFO - Setting next_dagrun for example_kubernetes_executor to None, run_after=None
[2026-09-30T23:12:19.969+0000] {processor.py:175} INFO - Processing /home/airflow/.local/lib/python3.7/site-packages/airflow/example_dags/example_kubernetes_executor.py took 0.154 seconds
[2026-09-30T23:12:50.798+0000] {processor.py:153} INFO - Started process (PID=7112) to work on /home/airflow/.local/lib/python3.7/site-packages/airflow/example_dags/example_kubernetes_executor.py
[2026-09-30T23:12:50.799+0000] {processor.py:743} INFO - Processing file /home/airflow/.local/lib/python3.7/site-packages/airflow/example_dags/example_kubernetes_executor.py for tasks to queue
[2026-09-30T23:12:50.800+0000] {logging_mixin.py:137} INFO - [2026-09-30T23:12:50.800+0000] {dagbag.py:538} INFO - Filling up the DagBag from /home/airflow/.local/lib/python3.7/site-packages/airflow/example_dags/example_kubernetes_executor.py
[2026-09-30T23:12:50.854+0000] {processor.py:753} INFO - DAG(s) dict_keys(['example_kubernetes_executor']) retrieved from /home/airflow/.local/lib/python3.7/site-packages/airflow/example_dags/example_kubernetes_executor.py
[2026-09-30T23:12:50.916+0000] {logging_mixin.py:137} INFO - [2026-09-30T23:12:50.916+0000] {dag.py:2676} INFO - Sync 1 DAGs
[2026-09-30T23:12:50.965+0000] {logging_mixin.py:137} INFO - [2026-09-30T23:12:50.964+0000] {dag.py:3427} INFO - Setting next_dagrun for example_kubernetes_executor to None, run_after=None
[2026-09-30T23:12:50.987+0000] {processor.py:175} INFO - Processing /home/airflow/.local/lib/python3.7/site-packages/airflow/example_dags/example_kubernetes_executor.py took 0.192 seconds
[2026-09-30T23:13:21.195+0000] {processor.py:153} INFO - Started process (PID=7205) to work on /home/airflow/.local/lib/python3.7/site-packages/airflow/example_dags/example_kubernetes_executor.py
[2026-09-30T23:13:21.196+0000] {processor.py:743} INFO - Processing file /home/airflow/.local/lib/python3.7/site-packages/airflow/example_dags/example_kubernetes_executor.py for tasks to queue
[2026-09-30T23:13:21.197+0000] {logging_mixin.py:137} INFO - [2026-09-30T23:13:21.197+0000] {dagbag.py:538} INFO - Filling up the DagBag from /home/airflow/.local/lib/python3.7/site-packages/airflow/example_dags/example_kubernetes_executor.py
[2026-09-30T23:13:21.240+0000] {processor.py:753} INFO - DAG(s) dict_keys(['example_kubernetes_executor']) retrieved from /home/airflow/.local/lib/python3.7/site-packages/airflow/example_dags/example_kubernetes_executor.py
[2026-09-30T23:13:21.295+0000] {logging_mixin.py:137} INFO - [2026-09-30T23:13:21.295+0000] {dag.py:2676} INFO - Sync 1 DAGs
[2026-09-30T23:13:21.326+0000] {logging_mixin.py:137} INFO - [2026-09-30T23:13:21.326+0000] {dag.py:3427} INFO - Setting next_dagrun for example_kubernetes_executor to None, run_after=None
[2026-09-30T23:13:21.345+0000] {processor.py:175} INFO - Processing /home/airflow/.local/lib/python3.7/site-packages/airflow/example_dags/example_kubernetes_executor.py took 0.155 seconds
[2026-09-30T23:13:52.270+0000] {processor.py:153} INFO - Started process (PID=7283) to work on /home/airflow/.local/lib/python3.7/site-packages/airflow/example_dags/example_kubernetes_executor.py
[2026-09-30T23:13:52.271+0000] {processor.py:743} INFO - Processing file /home/airflow/.local/lib/python3.7/site-packages/airflow/example_dags/example_kubernetes_executor.py for tasks to queue
[2026-09-30T23:13:52.272+0000] {logging_mixin.py:137} INFO - [2026-09-30T23:13:52.272+0000] {dagbag.py:538} INFO - Filling up the DagBag from /home/airflow/.local/lib/python3.7/site-packages/airflow/example_dags/example_kubernetes_executor.py
[2026-09-30T23:13:52.299+0000] {processor.py:753} INFO - DAG(s) dict_keys(['example_kubernetes_executor']) retrieved from /home/airflow/.local/lib/python3.7/site-packages/airflow/example_dags/example_kubernetes_executor.py
[2026-09-30T23:13:52.341+0000] {logging_mixin.py:137} INFO - [2026-09-30T23:13:52.341+0000] {dag.py:2676} INFO - Sync 1 DAGs
[2026-09-30T23:13:52.364+0000] {logging_mixin.py:137} INFO - [2026-09-30T23:13:52.364+0000] {dag.py:3427} INFO - Setting next_dagrun for example_kubernetes_executor to None, run_after=None
[2026-09-30T23:13:52.380+0000] {processor.py:175} INFO - Processing /home/airflow/.local/lib/python3.7/site-packages/airflow/example_dags/example_kubernetes_executor.py took 0.113 seconds
[2026-09-30T23:14:23.310+0000] {processor.py:153} INFO - Started process (PID=7362) to work on /home/airflow/.local/lib/python3.7/site-packages/airflow/example_dags/example_kubernetes_executor.py
[2026-09-30T23:14:23.311+0000] {processor.py:743} INFO - Processing file /home/airflow/.local/lib/python3.7/site-packages/airflow/example_dags/example_kubernetes_executor.py for tasks to queue
[2026-09-30T23:14:23.312+0000] {logging_mixin.py:137} INFO - [2026-09-30T23:14:23.312+0000] {dagbag.py:538} INFO - Filling up the DagBag from /home/airflow/.local/lib/python3.7/site-packages/airflow/example_dags/example_kubernetes_executor.py
[2026-09-30T23:14:23.348+0000] {processor.py:753} INFO - DAG(s) dict_keys(['example_kubernetes_executor']) retrieved from /home/airflow/.local/lib/python3.7/site-packages/airflow/example_dags/example_kubernetes_executor.py
[2026-09-30T23:14:23.413+0000] {logging_mixin.py:137} INFO - [2026-09-30T23:14:23.413+0000] {dag.py:2676} INFO - Sync 1 DAGs
[2026-09-30T23:14:23.444+0000] {logging_mixin.py:137} INFO - [2026-09-30T23:14:23.444+0000] {dag.py:3427} INFO - Setting next_dagrun for example_kubernetes_executor to None, run_after=None
[2026-09-30T23:14:23.470+0000] {processor.py:175} INFO - Processing /home/airflow/.local/lib/python3.7/site-packages/airflow/example_dags/example_kubernetes_executor.py took 0.164 seconds
[2026-09-30T23:14:54.002+0000] {processor.py:153} INFO - Started process (PID=7461) to work on /home/airflow/.local/lib/python3.7/site-packages/airflow/example_dags/example_kubernetes_executor.py
[2026-09-30T23:14:54.003+0000] {processor.py:743} INFO - Processing file /home/airflow/.local/lib/python3.7/site-packages/airflow/example_dags/example_kubernetes_executor.py for tasks to queue
[2026-09-30T23:14:54.003+0000] {logging_mixin.py:137} INFO - [2026-09-30T23:14:54.003+0000] {dagbag.py:538} INFO - Filling up the DagBag from /home/airflow/.local/lib/python3.7/site-packages/airflow/example_dags/example_kubernetes_executor.py
[2026-09-30T23:14:54.053+0000] {processor.py:753} INFO - DAG(s) dict_keys(['example_kubernetes_executor']) retrieved from /home/airflow/.local/lib/python3.7/site-packages/airflow/example_dags/example_kubernetes_executor.py
[2026-09-30T23:14:54.110+0000] {logging_mixin.py:137} INFO - [2026-09-30T23:14:54.110+0000] {dag.py:2676} INFO - Sync 1 DAGs
[2026-09-30T23:14:54.163+0000] {logging_mixin.py:137} INFO - [2026-09-30T23:14:54.163+0000] {dag.py:3427} INFO - Setting next_dagrun for example_kubernetes_executor to None, run_after=None
[2026-09-30T23:14:54.192+0000] {processor.py:175} INFO - Processing /home/airflow/.local/lib/python3.7/site-packages/airflow/example_dags/example_kubernetes_executor.py took 0.194 seconds
[2026-09-30T23:15:24.589+0000] {processor.py:153} INFO - Started process (PID=7540) to work on /home/airflow/.local/lib/python3.7/site-packages/airflow/example_dags/example_kubernetes_executor.py
[2026-09-30T23:15:24.590+0000] {processor.py:743} INFO - Processing file /home/airflow/.local/lib/python3.7/site-packages/airflow/example_dags/example_kubernetes_executor.py for tasks to queue
[2026-09-30T23:15:24.591+0000] {logging_mixin.py:137} INFO - [2026-09-30T23:15:24.590+0000] {dagbag.py:538} INFO - Filling up the DagBag from /home/airflow/.local/lib/python3.7/site-packages/airflow/example_dags/example_kubernetes_executor.py
[2026-09-30T23:15:24.635+0000] {processor.py:753} INFO - DAG(s) dict_keys(['example_kubernetes_executor']) retrieved from /home/airflow/.local/lib/python3.7/site-packages/airflow/example_dags/example_kubernetes_executor.py
[2026-09-30T23:15:24.710+0000] {logging_mixin.py:137} INFO - [2026-09-30T23:15:24.710+0000] {dag.py:2676} INFO - Sync 1 DAGs
[2026-09-30T23:15:24.759+0000] {logging_mixin.py:137} INFO - [2026-09-30T23:15:24.758+0000] {dag.py:3427} INFO - Setting next_dagrun for example_kubernetes_executor to None, run_after=None
[2026-09-30T23:15:24.786+0000] {processor.py:175} INFO - Processing /home/airflow/.local/lib/python3.7/site-packages/airflow/example_dags/example_kubernetes_executor.py took 0.201 seconds
[2026-09-30T23:15:55.142+0000] {processor.py:153} INFO - Started process (PID=7619) to work on /home/airflow/.local/lib/python3.7/site-packages/airflow/example_dags/example_kubernetes_executor.py
[2026-09-30T23:15:55.143+0000] {processor.py:743} INFO - Processing file /home/airflow/.local/lib/python3.7/site-packages/airflow/example_dags/example_kubernetes_executor.py for tasks to queue
[2026-09-30T23:15:55.143+0000] {logging_mixin.py:137} INFO - [2026-09-30T23:15:55.143+0000] {dagbag.py:538} INFO - Filling up the DagBag from /home/airflow/.local/lib/python3.7/site-packages/airflow/example_dags/example_kubernetes_executor.py
[2026-09-30T23:15:55.176+0000] {processor.py:753} INFO - DAG(s) dict_keys(['example_kubernetes_executor']) retrieved from /home/airflow/.local/lib/python3.7/site-packages/airflow/example_dags/example_kubernetes_executor.py
[2026-09-30T23:15:55.224+0000] {logging_mixin.py:137} INFO - [2026-09-30T23:15:55.224+0000] {dag.py:2676} INFO - Sync 1 DAGs
[2026-09-30T23:15:55.251+0000] {logging_mixin.py:137} INFO - [2026-09-30T23:15:55.250+0000] {dag.py:3427} INFO - Setting next_dagrun for example_kubernetes_executor to None, run_after=None
[2026-09-30T23:15:55.269+0000] {processor.py:175} INFO - Processing /home/airflow/.local/lib/python3.7/site-packages/airflow/example_dags/example_kubernetes_executor.py took 0.130 seconds
[2026-09-30T23:16:26.515+0000] {processor.py:153} INFO - Started process (PID=7698) to work on /home/airflow/.local/lib/python3.7/site-packages/airflow/example_dags/example_kubernetes_executor.py
[2026-09-30T23:16:26.516+0000] {processor.py:743} INFO - Processing file /home/airflow/.local/lib/python3.7/site-packages/airflow/example_dags/example_kubernetes_executor.py for tasks to queue
[2026-09-30T23:16:26.517+0000] {logging_mixin.py:137} INFO - [2026-09-30T23:16:26.517+0000] {dagbag.py:538} INFO - Filling up the DagBag from /home/airflow/.local/lib/python3.7/site-packages/airflow/example_dags/example_kubernetes_executor.py
[2026-09-30T23:16:26.563+0000] {processor.py:753} INFO - DAG(s) dict_keys(['example_kubernetes_executor']) retrieved from /home/airflow/.local/lib/python3.7/site-packages/airflow/example_dags/example_kubernetes_executor.py
[2026-09-30T23:16:26.644+0000] {logging_mixin.py:137} INFO - [2026-09-30T23:16:26.644+0000] {dag.py:2676} INFO - Sync 1 DAGs
[2026-09-30T23:16:26.691+0000] {logging_mixin.py:137} INFO - [2026-09-30T23:16:26.691+0000] {dag.py:3427} INFO - Setting next_dagrun for example_kubernetes_executor to None, run_after=None
[2026-09-30T23:16:26.721+0000] {processor.py:175} INFO - Processing /home/airflow/.local/lib/python3.7/site-packages/airflow/example_dags/example_kubernetes_executor.py took 0.210 seconds
[2026-09-30T23:16:57.143+0000] {processor.py:153} INFO - Started process (PID=7786) to work on /home/airflow/.local/lib/python3.7/site-packages/airflow/example_dags/example_kubernetes_executor.py
[2026-09-30T23:16:57.145+0000] {processor.py:743} INFO - Processing file /home/airflow/.local/lib/python3.7/site-packages/airflow/example_dags/example_kubernetes_executor.py for tasks to queue
[2026-09-30T23:16:57.145+0000] {logging_mixin.py:137} INFO - [2026-09-30T23:16:57.145+0000] {dagbag.py:538} INFO - Filling up the DagBag from /home/airflow/.local/lib/python3.7/site-packages/airflow/example_dags/example_kubernetes_executor.py
[2026-09-30T23:16:57.185+0000] {processor.py:753} INFO - DAG(s) dict_keys(['example_kubernetes_executor']) retrieved from /home/airflow/.local/lib/python3.7/site-packages/airflow/example_dags/example_kubernetes_executor.py
[2026-09-30T23:16:57.254+0000] {logging_mixin.py:137} INFO - [2026-09-30T23:16:57.254+0000] {dag.py:2676} INFO - Sync 1 DAGs
[2026-09-30T23:16:57.300+0000] {logging_mixin.py:137} INFO - [2026-09-30T23:16:57.300+0000] {dag.py:3427} INFO - Setting next_dagrun for example_kubernetes_executor to None, run_after=None
[2026-09-30T23:16:57.327+0000] {processor.py:175} INFO - Processing /home/airflow/.local/lib/python3.7/site-packages/airflow/example_dags/example_kubernetes_executor.py took 0.188 seconds
[2026-09-30T23:17:27.452+0000] {processor.py:153} INFO - Started process (PID=7876) to work on /home/airflow/.local/lib/python3.7/site-packages/airflow/example_dags/example_kubernetes_executor.py
[2026-09-30T23:17:27.453+0000] {processor.py:743} INFO - Processing file /home/airflow/.local/lib/python3.7/site-packages/airflow/example_dags/example_kubernetes_executor.py for tasks to queue
[2026-09-30T23:17:27.455+0000] {logging_mixin.py:137} INFO - [2026-09-30T23:17:27.454+0000] {dagbag.py:538} INFO - Filling up the DagBag from /home/airflow/.local/lib/python3.7/site-packages/airflow/example_dags/example_kubernetes_executor.py
[2026-09-30T23:17:27.493+0000] {processor.py:753} INFO - DAG(s) dict_keys(['example_kubernetes_executor']) retrieved from /home/airflow/.local/lib/python3.7/site-packages/airflow/example_dags/example_kubernetes_executor.py
[2026-09-30T23:17:27.550+0000] {logging_mixin.py:137} INFO - [2026-09-30T23:17:27.550+0000] {dag.py:2676} INFO - Sync 1 DAGs
[2026-09-30T23:17:27.582+0000] {logging_mixin.py:137} INFO - [2026-09-30T23:17:27.582+0000] {dag.py:3427} INFO - Setting next_dagrun for example_kubernetes_executor to None, run_after=None
[2026-09-30T23:17:27.601+0000] {processor.py:175} INFO - Processing /home/airflow/.local/lib/python3.7/site-packages/airflow/example_dags/example_kubernetes_executor.py took 0.155 seconds
[2026-09-30T23:17:58.192+0000] {processor.py:153} INFO - Started process (PID=7955) to work on /home/airflow/.local/lib/python3.7/site-packages/airflow/example_dags/example_kubernetes_executor.py
[2026-09-30T23:17:58.193+0000] {processor.py:743} INFO - Processing file /home/airflow/.local/lib/python3.7/site-packages/airflow/example_dags/example_kubernetes_executor.py for tasks to queue
[2026-09-30T23:17:58.194+0000] {logging_mixin.py:137} INFO - [2026-09-30T23:17:58.194+0000] {dagbag.py:538} INFO - Filling up the DagBag from /home/airflow/.local/lib/python3.7/site-packages/airflow/example_dags/example_kubernetes_executor.py
[2026-09-30T23:17:58.247+0000] {processor.py:753} INFO - DAG(s) dict_keys(['example_kubernetes_executor']) retrieved from /home/airflow/.local/lib/python3.7/site-packages/airflow/example_dags/example_kubernetes_executor.py
[2026-09-30T23:17:58.332+0000] {logging_mixin.py:137} INFO - [2026-09-30T23:17:58.332+0000] {dag.py:2676} INFO - Sync 1 DAGs
[2026-09-30T23:17:58.380+0000] {logging_mixin.py:137} INFO - [2026-09-30T23:17:58.379+0000] {dag.py:3427} INFO - Setting next_dagrun for example_kubernetes_executor to None, run_after=None
[2026-09-30T23:17:58.414+0000] {processor.py:175} INFO - Processing /home/airflow/.local/lib/python3.7/site-packages/airflow/example_dags/example_kubernetes_executor.py took 0.227 seconds
[2026-09-30T23:18:28.845+0000] {processor.py:153} INFO - Started process (PID=8034) to work on /home/airflow/.local/lib/python3.7/site-packages/airflow/example_dags/example_kubernetes_executor.py
[2026-09-30T23:18:28.846+0000] {processor.py:743} INFO - Processing file /home/airflow/.local/lib/python3.7/site-packages/airflow/example_dags/example_kubernetes_executor.py for tasks to queue
[2026-09-30T23:18:28.847+0000] {logging_mixin.py:137} INFO - [2026-09-30T23:18:28.847+0000] {dagbag.py:538} INFO - Filling up the DagBag from /home/airflow/.local/lib/python3.7/site-packages/airflow/example_dags/example_kubernetes_executor.py
[2026-09-30T23:18:28.890+0000] {processor.py:753} INFO - DAG(s) dict_keys(['example_kubernetes_executor']) retrieved from /home/airflow/.local/lib/python3.7/site-packages/airflow/example_dags/example_kubernetes_executor.py
[2026-09-30T23:18:28.954+0000] {logging_mixin.py:137} INFO - [2026-09-30T23:18:28.954+0000] {dag.py:2676} INFO - Sync 1 DAGs
[2026-09-30T23:18:28.982+0000] {logging_mixin.py:137} INFO - [2026-09-30T23:18:28.982+0000] {dag.py:3427} INFO - Setting next_dagrun for example_kubernetes_executor to None, run_after=None
[2026-09-30T23:18:29.006+0000] {processor.py:175} INFO - Processing /home/airflow/.local/lib/python3.7/site-packages/airflow/example_dags/example_kubernetes_executor.py took 0.164 seconds
[2026-09-30T23:18:59.335+0000] {processor.py:153} INFO - Started process (PID=8122) to work on /home/airflow/.local/lib/python3.7/site-packages/airflow/example_dags/example_kubernetes_executor.py
[2026-09-30T23:18:59.337+0000] {processor.py:743} INFO - Processing file /home/airflow/.local/lib/python3.7/site-packages/airflow/example_dags/example_kubernetes_executor.py for tasks to queue
[2026-09-30T23:18:59.338+0000] {logging_mixin.py:137} INFO - [2026-09-30T23:18:59.338+0000] {dagbag.py:538} INFO - Filling up the DagBag from /home/airflow/.local/lib/python3.7/site-packages/airflow/example_dags/example_kubernetes_executor.py
[2026-09-30T23:18:59.394+0000] {processor.py:753} INFO - DAG(s) dict_keys(['example_kubernetes_executor']) retrieved from /home/airflow/.local/lib/python3.7/site-packages/airflow/example_dags/example_kubernetes_executor.py
[2026-09-30T23:18:59.460+0000] {logging_mixin.py:137} INFO - [2026-09-30T23:18:59.460+0000] {dag.py:2676} INFO - Sync 1 DAGs
[2026-09-30T23:18:59.494+0000] {logging_mixin.py:137} INFO - [2026-09-30T23:18:59.493+0000] {dag.py:3427} INFO - Setting next_dagrun for example_kubernetes_executor to None, run_after=None
[2026-09-30T23:18:59.515+0000] {processor.py:175} INFO - Processing /home/airflow/.local/lib/python3.7/site-packages/airflow/example_dags/example_kubernetes_executor.py took 0.187 seconds
[2026-09-30T23:19:30.017+0000] {processor.py:153} INFO - Started process (PID=8212) to work on /home/airflow/.local/lib/python3.7/site-packages/airflow/example_dags/example_kubernetes_executor.py
[2026-09-30T23:19:30.018+0000] {processor.py:743} INFO - Processing file /home/airflow/.local/lib/python3.7/site-packages/airflow/example_dags/example_kubernetes_executor.py for tasks to queue
[2026-09-30T23:19:30.019+0000] {logging_mixin.py:137} INFO - [2026-09-30T23:19:30.019+0000] {dagbag.py:538} INFO - Filling up the DagBag from /home/airflow/.local/lib/python3.7/site-packages/airflow/example_dags/example_kubernetes_executor.py
[2026-09-30T23:19:30.063+0000] {processor.py:753} INFO - DAG(s) dict_keys(['example_kubernetes_executor']) retrieved from /home/airflow/.local/lib/python3.7/site-packages/airflow/example_dags/example_kubernetes_executor.py
[2026-09-30T23:19:30.124+0000] {logging_mixin.py:137} INFO - [2026-09-30T23:19:30.124+0000] {dag.py:2676} INFO - Sync 1 DAGs
[2026-09-30T23:19:30.155+0000] {logging_mixin.py:137} INFO - [2026-09-30T23:19:30.155+0000] {dag.py:3427} INFO - Setting next_dagrun for example_kubernetes_executor to None, run_after=None
[2026-09-30T23:19:30.181+0000] {processor.py:175} INFO - Processing /home/airflow/.local/lib/python3.7/site-packages/airflow/example_dags/example_kubernetes_executor.py took 0.170 seconds
[2026-09-30T23:20:00.279+0000] {processor.py:153} INFO - Started process (PID=8291) to work on /home/airflow/.local/lib/python3.7/site-packages/airflow/example_dags/example_kubernetes_executor.py
[2026-09-30T23:20:00.280+0000] {processor.py:743} INFO - Processing file /home/airflow/.local/lib/python3.7/site-packages/airflow/example_dags/example_kubernetes_executor.py for tasks to queue
[2026-09-30T23:20:00.280+0000] {logging_mixin.py:137} INFO - [2026-09-30T23:20:00.280+0000] {dagbag.py:538} INFO - Filling up the DagBag from /home/airflow/.local/lib/python3.7/site-packages/airflow/example_dags/example_kubernetes_executor.py
[2026-09-30T23:20:00.317+0000] {processor.py:753} INFO - DAG(s) dict_keys(['example_kubernetes_executor']) retrieved from /home/airflow/.local/lib/python3.7/site-packages/airflow/example_dags/example_kubernetes_executor.py
[2026-09-30T23:20:00.382+0000] {logging_mixin.py:137} INFO - [2026-09-30T23:20:00.382+0000] {dag.py:2676} INFO - Sync 1 DAGs
[2026-09-30T23:20:00.416+0000] {logging_mixin.py:137} INFO - [2026-09-30T23:20:00.416+0000] {dag.py:3427} INFO - Setting next_dagrun for example_kubernetes_executor to None, run_after=None
[2026-09-30T23:20:00.441+0000] {processor.py:175} INFO - Processing /home/airflow/.local/lib/python3.7/site-packages/airflow/example_dags/example_kubernetes_executor.py took 0.166 seconds
[2026-09-30T23:20:30.685+0000] {processor.py:153} INFO - Started process (PID=8370) to work on /home/airflow/.local/lib/python3.7/site-packages/airflow/example_dags/example_kubernetes_executor.py
[2026-09-30T23:20:30.686+0000] {processor.py:743} INFO - Processing file /home/airflow/.local/lib/python3.7/site-packages/airflow/example_dags/example_kubernetes_executor.py for tasks to queue
[2026-09-30T23:20:30.686+0000] {logging_mixin.py:137} INFO - [2026-09-30T23:20:30.686+0000] {dagbag.py:538} INFO - Filling up the DagBag from /home/airflow/.local/lib/python3.7/site-packages/airflow/example_dags/example_kubernetes_executor.py
[2026-09-30T23:20:30.725+0000] {processor.py:753} INFO - DAG(s) dict_keys(['example_kubernetes_executor']) retrieved from /home/airflow/.local/lib/python3.7/site-packages/airflow/example_dags/example_kubernetes_executor.py
[2026-09-30T23:20:30.778+0000] {logging_mixin.py:137} INFO - [2026-09-30T23:20:30.777+0000] {dag.py:2676} INFO - Sync 1 DAGs
[2026-09-30T23:20:30.811+0000] {logging_mixin.py:137} INFO - [2026-09-30T23:20:30.811+0000] {dag.py:3427} INFO - Setting next_dagrun for example_kubernetes_executor to None, run_after=None
[2026-09-30T23:20:30.836+0000] {processor.py:175} INFO - Processing /home/airflow/.local/lib/python3.7/site-packages/airflow/example_dags/example_kubernetes_executor.py took 0.155 seconds
[2026-09-30T23:21:01.427+0000] {processor.py:153} INFO - Started process (PID=8458) to work on /home/airflow/.local/lib/python3.7/site-packages/airflow/example_dags/example_kubernetes_executor.py
[2026-09-30T23:21:01.428+0000] {processor.py:743} INFO - Processing file /home/airflow/.local/lib/python3.7/site-packages/airflow/example_dags/example_kubernetes_executor.py for tasks to queue
[2026-09-30T23:21:01.429+0000] {logging_mixin.py:137} INFO - [2026-09-30T23:21:01.429+0000] {dagbag.py:538} INFO - Filling up the DagBag from /home/airflow/.local/lib/python3.7/site-packages/airflow/example_dags/example_kubernetes_executor.py
[2026-09-30T23:21:01.470+0000] {processor.py:753} INFO - DAG(s) dict_keys(['example_kubernetes_executor']) retrieved from /home/airflow/.local/lib/python3.7/site-packages/airflow/example_dags/example_kubernetes_executor.py
[2026-09-30T23:21:01.526+0000] {logging_mixin.py:137} INFO - [2026-09-30T23:21:01.525+0000] {dag.py:2676} INFO - Sync 1 DAGs
[2026-09-30T23:21:01.572+0000] {logging_mixin.py:137} INFO - [2026-09-30T23:21:01.572+0000] {dag.py:3427} INFO - Setting next_dagrun for example_kubernetes_executor to None, run_after=None
[2026-09-30T23:21:01.596+0000] {processor.py:175} INFO - Processing /home/airflow/.local/lib/python3.7/site-packages/airflow/example_dags/example_kubernetes_executor.py took 0.173 seconds
[2026-09-30T23:21:32.501+0000] {processor.py:153} INFO - Started process (PID=8548) to work on /home/airflow/.local/lib/python3.7/site-packages/airflow/example_dags/example_kubernetes_executor.py
[2026-09-30T23:21:32.502+0000] {processor.py:743} INFO - Processing file /home/airflow/.local/lib/python3.7/site-packages/airflow/example_dags/example_kubernetes_executor.py for tasks to queue
[2026-09-30T23:21:32.503+0000] {logging_mixin.py:137} INFO - [2026-09-30T23:21:32.503+0000] {dagbag.py:538} INFO - Filling up the DagBag from /home/airflow/.local/lib/python3.7/site-packages/airflow/example_dags/example_kubernetes_executor.py
[2026-09-30T23:21:32.552+0000] {processor.py:753} INFO - DAG(s) dict_keys(['example_kubernetes_executor']) retrieved from /home/airflow/.local/lib/python3.7/site-packages/airflow/example_dags/example_kubernetes_executor.py
[2026-09-30T23:21:32.621+0000] {logging_mixin.py:137} INFO - [2026-09-30T23:21:32.621+0000] {dag.py:2676} INFO - Sync 1 DAGs
[2026-09-30T23:21:32.658+0000] {logging_mixin.py:137} INFO - [2026-09-30T23:21:32.658+0000] {dag.py:3427} INFO - Setting next_dagrun for example_kubernetes_executor to None, run_after=None
[2026-09-30T23:21:32.685+0000] {processor.py:175} INFO - Processing /home/airflow/.local/lib/python3.7/site-packages/airflow/example_dags/example_kubernetes_executor.py took 0.188 seconds
[2026-09-30T23:22:03.657+0000] {processor.py:153} INFO - Started process (PID=8627) to work on /home/airflow/.local/lib/python3.7/site-packages/airflow/example_dags/example_kubernetes_executor.py
[2026-09-30T23:22:03.658+0000] {processor.py:743} INFO - Processing file /home/airflow/.local/lib/python3.7/site-packages/airflow/example_dags/example_kubernetes_executor.py for tasks to queue
[2026-09-30T23:22:03.659+0000] {logging_mixin.py:137} INFO - [2026-09-30T23:22:03.659+0000] {dagbag.py:538} INFO - Filling up the DagBag from /home/airflow/.local/lib/python3.7/site-packages/airflow/example_dags/example_kubernetes_executor.py
[2026-09-30T23:22:03.694+0000] {processor.py:753} INFO - DAG(s) dict_keys(['example_kubernetes_executor']) retrieved from /home/airflow/.local/lib/python3.7/site-packages/airflow/example_dags/example_kubernetes_executor.py
[2026-09-30T23:22:03.745+0000] {logging_mixin.py:137} INFO - [2026-09-30T23:22:03.744+0000] {dag.py:2676} INFO - Sync 1 DAGs
[2026-09-30T23:22:03.775+0000] {logging_mixin.py:137} INFO - [2026-09-30T23:22:03.775+0000] {dag.py:3427} INFO - Setting next_dagrun for example_kubernetes_executor to None, run_after=None
[2026-09-30T23:22:03.794+0000] {processor.py:175} INFO - Processing /home/airflow/.local/lib/python3.7/site-packages/airflow/example_dags/example_kubernetes_executor.py took 0.142 seconds
[2026-09-30T23:22:34.325+0000] {processor.py:153} INFO - Started process (PID=8706) to work on /home/airflow/.local/lib/python3.7/site-packages/airflow/example_dags/example_kubernetes_executor.py
[2026-09-30T23:22:34.326+0000] {processor.py:743} INFO - Processing file /home/airflow/.local/lib/python3.7/site-packages/airflow/example_dags/example_kubernetes_executor.py for tasks to queue
[2026-09-30T23:22:34.327+0000] {logging_mixin.py:137} INFO - [2026-09-30T23:22:34.327+0000] {dagbag.py:538} INFO - Filling up the DagBag from /home/airflow/.local/lib/python3.7/site-packages/airflow/example_dags/example_kubernetes_executor.py
[2026-09-30T23:22:34.364+0000] {processor.py:753} INFO - DAG(s) dict_keys(['example_kubernetes_executor']) retrieved from /home/airflow/.local/lib/python3.7/site-packages/airflow/example_dags/example_kubernetes_executor.py
[2026-09-30T23:22:34.416+0000] {logging_mixin.py:137} INFO - [2026-09-30T23:22:34.416+0000] {dag.py:2676} INFO - Sync 1 DAGs
[2026-09-30T23:22:34.452+0000] {logging_mixin.py:137} INFO - [2026-09-30T23:22:34.451+0000] {dag.py:3427} INFO - Setting next_dagrun for example_kubernetes_executor to None, run_after=None
[2026-09-30T23:22:34.474+0000] {processor.py:175} INFO - Processing /home/airflow/.local/lib/python3.7/site-packages/airflow/example_dags/example_kubernetes_executor.py took 0.153 seconds
[2026-09-30T23:23:05.011+0000] {processor.py:153} INFO - Started process (PID=8805) to work on /home/airflow/.local/lib/python3.7/site-packages/airflow/example_dags/example_kubernetes_executor.py
[2026-09-30T23:23:05.013+0000] {processor.py:743} INFO - Processing file /home/airflow/.local/lib/python3.7/site-packages/airflow/example_dags/example_kubernetes_executor.py for tasks to queue
[2026-09-30T23:23:05.014+0000] {logging_mixin.py:137} INFO - [2026-09-30T23:23:05.013+0000] {dagbag.py:538} INFO - Filling up the DagBag from /home/airflow/.local/lib/python3.7/site-packages/airflow/example_dags/example_kubernetes_executor.py
[2026-09-30T23:23:05.067+0000] {processor.py:753} INFO - DAG(s) dict_keys(['example_kubernetes_executor']) retrieved from /home/airflow/.local/lib/python3.7/site-packages/airflow/example_dags/example_kubernetes_executor.py
[2026-09-30T23:23:05.145+0000] {logging_mixin.py:137} INFO - [2026-09-30T23:23:05.145+0000] {dag.py:2676} INFO - Sync 1 DAGs
[2026-09-30T23:23:05.190+0000] {logging_mixin.py:137} INFO - [2026-09-30T23:23:05.190+0000] {dag.py:3427} INFO - Setting next_dagrun for example_kubernetes_executor to None, run_after=None
[2026-09-30T23:23:05.216+0000] {processor.py:175} INFO - Processing /home/airflow/.local/lib/python3.7/site-packages/airflow/example_dags/example_kubernetes_executor.py took 0.211 seconds
[2026-09-30T23:23:35.920+0000] {processor.py:153} INFO - Started process (PID=8884) to work on /home/airflow/.local/lib/python3.7/site-packages/airflow/example_dags/example_kubernetes_executor.py
[2026-09-30T23:23:35.921+0000] {processor.py:743} INFO - Processing file /home/airflow/.local/lib/python3.7/site-packages/airflow/example_dags/example_kubernetes_executor.py for tasks to queue
[2026-09-30T23:23:35.922+0000] {logging_mixin.py:137} INFO - [2026-09-30T23:23:35.922+0000] {dagbag.py:538} INFO - Filling up the DagBag from /home/airflow/.local/lib/python3.7/site-packages/airflow/example_dags/example_kubernetes_executor.py
[2026-09-30T23:23:35.964+0000] {processor.py:753} INFO - DAG(s) dict_keys(['example_kubernetes_executor']) retrieved from /home/airflow/.local/lib/python3.7/site-packages/airflow/example_dags/example_kubernetes_executor.py
[2026-09-30T23:23:36.013+0000] {logging_mixin.py:137} INFO - [2026-09-30T23:23:36.013+0000] {dag.py:2676} INFO - Sync 1 DAGs
[2026-09-30T23:23:36.045+0000] {logging_mixin.py:137} INFO - [2026-09-30T23:23:36.044+0000] {dag.py:3427} INFO - Setting next_dagrun for example_kubernetes_executor to None, run_after=None
[2026-09-30T23:23:36.071+0000] {processor.py:175} INFO - Processing /home/airflow/.local/lib/python3.7/site-packages/airflow/example_dags/example_kubernetes_executor.py took 0.155 seconds
[2026-09-30T23:24:06.772+0000] {processor.py:153} INFO - Started process (PID=8963) to work on /home/airflow/.local/lib/python3.7/site-packages/airflow/example_dags/example_kubernetes_executor.py
[2026-09-30T23:24:06.774+0000] {processor.py:743} INFO - Processing file /home/airflow/.local/lib/python3.7/site-packages/airflow/example_dags/example_kubernetes_executor.py for tasks to queue
[2026-09-30T23:24:06.774+0000] {logging_mixin.py:137} INFO - [2026-09-30T23:24:06.774+0000] {dagbag.py:538} INFO - Filling up the DagBag from /home/airflow/.local/lib/python3.7/site-packages/airflow/example_dags/example_kubernetes_executor.py
[2026-09-30T23:24:06.811+0000] {processor.py:753} INFO - DAG(s) dict_keys(['example_kubernetes_executor']) retrieved from /home/airflow/.local/lib/python3.7/site-packages/airflow/example_dags/example_kubernetes_executor.py
[2026-09-30T23:24:06.864+0000] {logging_mixin.py:137} INFO - [2026-09-30T23:24:06.864+0000] {dag.py:2676} INFO - Sync 1 DAGs
[2026-09-30T23:24:06.903+0000] {logging_mixin.py:137} INFO - [2026-09-30T23:24:06.902+0000] {dag.py:3427} INFO - Setting next_dagrun for example_kubernetes_executor to None, run_after=None
[2026-09-30T23:24:06.933+0000] {processor.py:175} INFO - Processing /home/airflow/.local/lib/python3.7/site-packages/airflow/example_dags/example_kubernetes_executor.py took 0.168 seconds
[2026-09-30T23:24:37.419+0000] {processor.py:153} INFO - Started process (PID=9042) to work on /home/airflow/.local/lib/python3.7/site-packages/airflow/example_dags/example_kubernetes_executor.py
[2026-09-30T23:24:37.420+0000] {processor.py:743} INFO - Processing file /home/airflow/.local/lib/python3.7/site-packages/airflow/example_dags/example_kubernetes_executor.py for tasks to queue
[2026-09-30T23:24:37.421+0000] {logging_mixin.py:137} INFO - [2026-09-30T23:24:37.421+0000] {dagbag.py:538} INFO - Filling up the DagBag from /home/airflow/.local/lib/python3.7/site-packages/airflow/example_dags/example_kubernetes_executor.py
[2026-09-30T23:24:37.460+0000] {processor.py:753} INFO - DAG(s) dict_keys(['example_kubernetes_executor']) retrieved from /home/airflow/.local/lib/python3.7/site-packages/airflow/example_dags/example_kubernetes_executor.py
[2026-09-30T23:24:37.512+0000] {logging_mixin.py:137} INFO - [2026-09-30T23:24:37.511+0000] {dag.py:2676} INFO - Sync 1 DAGs
[2026-09-30T23:24:37.542+0000] {logging_mixin.py:137} INFO - [2026-09-30T23:24:37.542+0000] {dag.py:3427} INFO - Setting next_dagrun for example_kubernetes_executor to None, run_after=None
[2026-09-30T23:24:37.565+0000] {processor.py:175} INFO - Processing /home/airflow/.local/lib/python3.7/site-packages/airflow/example_dags/example_kubernetes_executor.py took 0.150 seconds
[2026-09-30T23:25:08.306+0000] {processor.py:153} INFO - Started process (PID=9141) to work on /home/airflow/.local/lib/python3.7/site-packages/airflow/example_dags/example_kubernetes_executor.py
[2026-09-30T23:25:08.307+0000] {processor.py:743} INFO - Processing file /home/airflow/.local/lib/python3.7/site-packages/airflow/example_dags/example_kubernetes_executor.py for tasks to queue
[2026-09-30T23:25:08.308+0000] {logging_mixin.py:137} INFO - [2026-09-30T23:25:08.308+0000] {dagbag.py:538} INFO - Filling up the DagBag from /home/airflow/.local/lib/python3.7/site-packages/airflow/example_dags/example_kubernetes_executor.py
[2026-09-30T23:25:08.341+0000] {processor.py:753} INFO - DAG(s) dict_keys(['example_kubernetes_executor']) retrieved from /home/airflow/.local/lib/python3.7/site-packages/airflow/example_dags/example_kubernetes_executor.py
[2026-09-30T23:25:08.387+0000] {logging_mixin.py:137} INFO - [2026-09-30T23:25:08.387+0000] {dag.py:2676} INFO - Sync 1 DAGs
[2026-09-30T23:25:08.416+0000] {logging_mixin.py:137} INFO - [2026-09-30T23:25:08.415+0000] {dag.py:3427} INFO - Setting next_dagrun for example_kubernetes_executor to None, run_after=None
[2026-09-30T23:25:08.434+0000] {processor.py:175} INFO - Processing /home/airflow/.local/lib/python3.7/site-packages/airflow/example_dags/example_kubernetes_executor.py took 0.131 seconds
[2026-09-30T23:25:39.244+0000] {processor.py:153} INFO - Started process (PID=9220) to work on /home/airflow/.local/lib/python3.7/site-packages/airflow/example_dags/example_kubernetes_executor.py
[2026-09-30T23:25:39.245+0000] {processor.py:743} INFO - Processing file /home/airflow/.local/lib/python3.7/site-packages/airflow/example_dags/example_kubernetes_executor.py for tasks to queue
[2026-09-30T23:25:39.246+0000] {logging_mixin.py:137} INFO - [2026-09-30T23:25:39.246+0000] {dagbag.py:538} INFO - Filling up the DagBag from /home/airflow/.local/lib/python3.7/site-packages/airflow/example_dags/example_kubernetes_executor.py
[2026-09-30T23:25:39.290+0000] {processor.py:753} INFO - DAG(s) dict_keys(['example_kubernetes_executor']) retrieved from /home/airflow/.local/lib/python3.7/site-packages/airflow/example_dags/example_kubernetes_executor.py
[2026-09-30T23:25:39.371+0000] {logging_mixin.py:137} INFO - [2026-09-30T23:25:39.371+0000] {dag.py:2676} INFO - Sync 1 DAGs
[2026-09-30T23:25:39.421+0000] {logging_mixin.py:137} INFO - [2026-09-30T23:25:39.421+0000] {dag.py:3427} INFO - Setting next_dagrun for example_kubernetes_executor to None, run_after=None
[2026-09-30T23:25:39.448+0000] {processor.py:175} INFO - Processing /home/airflow/.local/lib/python3.7/site-packages/airflow/example_dags/example_kubernetes_executor.py took 0.208 seconds
[2026-09-30T23:26:10.324+0000] {processor.py:153} INFO - Started process (PID=9299) to work on /home/airflow/.local/lib/python3.7/site-packages/airflow/example_dags/example_kubernetes_executor.py
[2026-09-30T23:26:10.327+0000] {processor.py:743} INFO - Processing file /home/airflow/.local/lib/python3.7/site-packages/airflow/example_dags/example_kubernetes_executor.py for tasks to queue
[2026-09-30T23:26:10.329+0000] {logging_mixin.py:137} INFO - [2026-09-30T23:26:10.328+0000] {dagbag.py:538} INFO - Filling up the DagBag from /home/airflow/.local/lib/python3.7/site-packages/airflow/example_dags/example_kubernetes_executor.py
[2026-09-30T23:26:10.386+0000] {processor.py:753} INFO - DAG(s) dict_keys(['example_kubernetes_executor']) retrieved from /home/airflow/.local/lib/python3.7/site-packages/airflow/example_dags/example_kubernetes_executor.py
[2026-09-30T23:26:10.464+0000] {logging_mixin.py:137} INFO - [2026-09-30T23:26:10.464+0000] {dag.py:2676} INFO - Sync 1 DAGs
[2026-09-30T23:26:10.505+0000] {logging_mixin.py:137} INFO - [2026-09-30T23:26:10.505+0000] {dag.py:3427} INFO - Setting next_dagrun for example_kubernetes_executor to None, run_after=None
[2026-09-30T23:26:10.526+0000] {processor.py:175} INFO - Processing /home/airflow/.local/lib/python3.7/site-packages/airflow/example_dags/example_kubernetes_executor.py took 0.208 seconds
[2026-09-30T23:26:40.650+0000] {processor.py:153} INFO - Started process (PID=9398) to work on /home/airflow/.local/lib/python3.7/site-packages/airflow/example_dags/example_kubernetes_executor.py
[2026-09-30T23:26:40.650+0000] {processor.py:743} INFO - Processing file /home/airflow/.local/lib/python3.7/site-packages/airflow/example_dags/example_kubernetes_executor.py for tasks to queue
[2026-09-30T23:26:40.651+0000] {logging_mixin.py:137} INFO - [2026-09-30T23:26:40.651+0000] {dagbag.py:538} INFO - Filling up the DagBag from /home/airflow/.local/lib/python3.7/site-packages/airflow/example_dags/example_kubernetes_executor.py
[2026-09-30T23:26:40.678+0000] {processor.py:753} INFO - DAG(s) dict_keys(['example_kubernetes_executor']) retrieved from /home/airflow/.local/lib/python3.7/site-packages/airflow/example_dags/example_kubernetes_executor.py
[2026-09-30T23:26:40.718+0000] {logging_mixin.py:137} INFO - [2026-09-30T23:26:40.718+0000] {dag.py:2676} INFO - Sync 1 DAGs
[2026-09-30T23:26:40.744+0000] {logging_mixin.py:137} INFO - [2026-09-30T23:26:40.744+0000] {dag.py:3427} INFO - Setting next_dagrun for example_kubernetes_executor to None, run_after=None
[2026-09-30T23:26:40.762+0000] {processor.py:175} INFO - Processing /home/airflow/.local/lib/python3.7/site-packages/airflow/example_dags/example_kubernetes_executor.py took 0.115 seconds
[2026-09-30T23:27:11.579+0000] {processor.py:153} INFO - Started process (PID=9477) to work on /home/airflow/.local/lib/python3.7/site-packages/airflow/example_dags/example_kubernetes_executor.py
[2026-09-30T23:27:11.582+0000] {processor.py:743} INFO - Processing file /home/airflow/.local/lib/python3.7/site-packages/airflow/example_dags/example_kubernetes_executor.py for tasks to queue
[2026-09-30T23:27:11.583+0000] {logging_mixin.py:137} INFO - [2026-09-30T23:27:11.583+0000] {dagbag.py:538} INFO - Filling up the DagBag from /home/airflow/.local/lib/python3.7/site-packages/airflow/example_dags/example_kubernetes_executor.py
[2026-09-30T23:27:11.638+0000] {processor.py:753} INFO - DAG(s) dict_keys(['example_kubernetes_executor']) retrieved from /home/airflow/.local/lib/python3.7/site-packages/airflow/example_dags/example_kubernetes_executor.py
[2026-09-30T23:27:11.690+0000] {logging_mixin.py:137} INFO - [2026-09-30T23:27:11.690+0000] {dag.py:2676} INFO - Sync 1 DAGs
[2026-09-30T23:27:11.721+0000] {logging_mixin.py:137} INFO - [2026-09-30T23:27:11.721+0000] {dag.py:3427} INFO - Setting next_dagrun for example_kubernetes_executor to None, run_after=None
[2026-09-30T23:27:11.745+0000] {processor.py:175} INFO - Processing /home/airflow/.local/lib/python3.7/site-packages/airflow/example_dags/example_kubernetes_executor.py took 0.172 seconds
[2026-09-30T23:27:42.024+0000] {processor.py:153} INFO - Started process (PID=9556) to work on /home/airflow/.local/lib/python3.7/site-packages/airflow/example_dags/example_kubernetes_executor.py
[2026-09-30T23:27:42.025+0000] {processor.py:743} INFO - Processing file /home/airflow/.local/lib/python3.7/site-packages/airflow/example_dags/example_kubernetes_executor.py for tasks to queue
[2026-09-30T23:27:42.025+0000] {logging_mixin.py:137} INFO - [2026-09-30T23:27:42.025+0000] {dagbag.py:538} INFO - Filling up the DagBag from /home/airflow/.local/lib/python3.7/site-packages/airflow/example_dags/example_kubernetes_executor.py
[2026-09-30T23:27:42.062+0000] {processor.py:753} INFO - DAG(s) dict_keys(['example_kubernetes_executor']) retrieved from /home/airflow/.local/lib/python3.7/site-packages/airflow/example_dags/example_kubernetes_executor.py
[2026-09-30T23:27:42.117+0000] {logging_mixin.py:137} INFO - [2026-09-30T23:27:42.117+0000] {dag.py:2676} INFO - Sync 1 DAGs
[2026-09-30T23:27:42.152+0000] {logging_mixin.py:137} INFO - [2026-09-30T23:27:42.152+0000] {dag.py:3427} INFO - Setting next_dagrun for example_kubernetes_executor to None, run_after=None
[2026-09-30T23:27:42.173+0000] {processor.py:175} INFO - Processing /home/airflow/.local/lib/python3.7/site-packages/airflow/example_dags/example_kubernetes_executor.py took 0.154 seconds
[2026-09-30T23:28:12.394+0000] {processor.py:153} INFO - Started process (PID=9644) to work on /home/airflow/.local/lib/python3.7/site-packages/airflow/example_dags/example_kubernetes_executor.py
[2026-09-30T23:28:12.395+0000] {processor.py:743} INFO - Processing file /home/airflow/.local/lib/python3.7/site-packages/airflow/example_dags/example_kubernetes_executor.py for tasks to queue
[2026-09-30T23:28:12.397+0000] {logging_mixin.py:137} INFO - [2026-09-30T23:28:12.396+0000] {dagbag.py:538} INFO - Filling up the DagBag from /home/airflow/.local/lib/python3.7/site-packages/airflow/example_dags/example_kubernetes_executor.py
[2026-09-30T23:28:12.436+0000] {processor.py:753} INFO - DAG(s) dict_keys(['example_kubernetes_executor']) retrieved from /home/airflow/.local/lib/python3.7/site-packages/airflow/example_dags/example_kubernetes_executor.py
[2026-09-30T23:28:12.517+0000] {logging_mixin.py:137} INFO - [2026-09-30T23:28:12.517+0000] {dag.py:2676} INFO - Sync 1 DAGs
[2026-09-30T23:28:12.551+0000] {logging_mixin.py:137} INFO - [2026-09-30T23:28:12.551+0000] {dag.py:3427} INFO - Setting next_dagrun for example_kubernetes_executor to None, run_after=None
[2026-09-30T23:28:12.573+0000] {processor.py:175} INFO - Processing /home/airflow/.local/lib/python3.7/site-packages/airflow/example_dags/example_kubernetes_executor.py took 0.186 seconds
[2026-09-30T23:28:42.727+0000] {processor.py:153} INFO - Started process (PID=9734) to work on /home/airflow/.local/lib/python3.7/site-packages/airflow/example_dags/example_kubernetes_executor.py
[2026-09-30T23:28:42.730+0000] {processor.py:743} INFO - Processing file /home/airflow/.local/lib/python3.7/site-packages/airflow/example_dags/example_kubernetes_executor.py for tasks to queue
[2026-09-30T23:28:42.731+0000] {logging_mixin.py:137} INFO - [2026-09-30T23:28:42.731+0000] {dagbag.py:538} INFO - Filling up the DagBag from /home/airflow/.local/lib/python3.7/site-packages/airflow/example_dags/example_kubernetes_executor.py
[2026-09-30T23:28:42.770+0000] {processor.py:753} INFO - DAG(s) dict_keys(['example_kubernetes_executor']) retrieved from /home/airflow/.local/lib/python3.7/site-packages/airflow/example_dags/example_kubernetes_executor.py
[2026-09-30T23:28:42.826+0000] {logging_mixin.py:137} INFO - [2026-09-30T23:28:42.826+0000] {dag.py:2676} INFO - Sync 1 DAGs
[2026-09-30T23:28:42.858+0000] {logging_mixin.py:137} INFO - [2026-09-30T23:28:42.858+0000] {dag.py:3427} INFO - Setting next_dagrun for example_kubernetes_executor to None, run_after=None
[2026-09-30T23:28:42.879+0000] {processor.py:175} INFO - Processing /home/airflow/.local/lib/python3.7/site-packages/airflow/example_dags/example_kubernetes_executor.py took 0.158 seconds
[2026-09-30T23:29:12.930+0000] {processor.py:153} INFO - Started process (PID=9813) to work on /home/airflow/.local/lib/python3.7/site-packages/airflow/example_dags/example_kubernetes_executor.py
[2026-09-30T23:29:12.931+0000] {processor.py:743} INFO - Processing file /home/airflow/.local/lib/python3.7/site-packages/airflow/example_dags/example_kubernetes_executor.py for tasks to queue
[2026-09-30T23:29:12.931+0000] {logging_mixin.py:137} INFO - [2026-09-30T23:29:12.931+0000] {dagbag.py:538} INFO - Filling up the DagBag from /home/airflow/.local/lib/python3.7/site-packages/airflow/example_dags/example_kubernetes_executor.py
[2026-09-30T23:29:12.958+0000] {processor.py:753} INFO - DAG(s) dict_keys(['example_kubernetes_executor']) retrieved from /home/airflow/.local/lib/python3.7/site-packages/airflow/example_dags/example_kubernetes_executor.py
[2026-09-30T23:29:12.998+0000] {logging_mixin.py:137} INFO - [2026-09-30T23:29:12.998+0000] {dag.py:2676} INFO - Sync 1 DAGs
[2026-09-30T23:29:13.028+0000] {logging_mixin.py:137} INFO - [2026-09-30T23:29:13.027+0000] {dag.py:3427} INFO - Setting next_dagrun for example_kubernetes_executor to None, run_after=None
[2026-09-30T23:29:13.043+0000] {processor.py:175} INFO - Processing /home/airflow/.local/lib/python3.7/site-packages/airflow/example_dags/example_kubernetes_executor.py took 0.115 seconds
[2026-09-30T23:29:43.538+0000] {processor.py:153} INFO - Started process (PID=9892) to work on /home/airflow/.local/lib/python3.7/site-packages/airflow/example_dags/example_kubernetes_executor.py
[2026-09-30T23:29:43.540+0000] {processor.py:743} INFO - Processing file /home/airflow/.local/lib/python3.7/site-packages/airflow/example_dags/example_kubernetes_executor.py for tasks to queue
[2026-09-30T23:29:43.540+0000] {logging_mixin.py:137} INFO - [2026-09-30T23:29:43.540+0000] {dagbag.py:538} INFO - Filling up the DagBag from /home/airflow/.local/lib/python3.7/site-packages/airflow/example_dags/example_kubernetes_executor.py
[2026-09-30T23:29:43.579+0000] {processor.py:753} INFO - DAG(s) dict_keys(['example_kubernetes_executor']) retrieved from /home/airflow/.local/lib/python3.7/site-packages/airflow/example_dags/example_kubernetes_executor.py
[2026-09-30T23:29:43.651+0000] {logging_mixin.py:137} INFO - [2026-09-30T23:29:43.651+0000] {dag.py:2676} INFO - Sync 1 DAGs
[2026-09-30T23:29:43.709+0000] {logging_mixin.py:137} INFO - [2026-09-30T23:29:43.709+0000] {dag.py:3427} INFO - Setting next_dagrun for example_kubernetes_executor to None, run_after=None
[2026-09-30T23:29:43.740+0000] {processor.py:175} INFO - Processing /home/airflow/.local/lib/python3.7/site-packages/airflow/example_dags/example_kubernetes_executor.py took 0.206 seconds
[2026-09-30T23:30:13.886+0000] {processor.py:153} INFO - Started process (PID=9980) to work on /home/airflow/.local/lib/python3.7/site-packages/airflow/example_dags/example_kubernetes_executor.py
[2026-09-30T23:30:13.887+0000] {processor.py:743} INFO - Processing file /home/airflow/.local/lib/python3.7/site-packages/airflow/example_dags/example_kubernetes_executor.py for tasks to queue
[2026-09-30T23:30:13.888+0000] {logging_mixin.py:137} INFO - [2026-09-30T23:30:13.888+0000] {dagbag.py:538} INFO - Filling up the DagBag from /home/airflow/.local/lib/python3.7/site-packages/airflow/example_dags/example_kubernetes_executor.py
[2026-09-30T23:30:13.930+0000] {processor.py:753} INFO - DAG(s) dict_keys(['example_kubernetes_executor']) retrieved from /home/airflow/.local/lib/python3.7/site-packages/airflow/example_dags/example_kubernetes_executor.py
[2026-09-30T23:30:14.003+0000] {logging_mixin.py:137} INFO - [2026-09-30T23:30:14.003+0000] {dag.py:2676} INFO - Sync 1 DAGs
[2026-09-30T23:30:14.059+0000] {logging_mixin.py:137} INFO - [2026-09-30T23:30:14.058+0000] {dag.py:3427} INFO - Setting next_dagrun for example_kubernetes_executor to None, run_after=None
[2026-09-30T23:30:14.085+0000] {processor.py:175} INFO - Processing /home/airflow/.local/lib/python3.7/site-packages/airflow/example_dags/example_kubernetes_executor.py took 0.202 seconds
[2026-09-30T23:30:44.796+0000] {processor.py:153} INFO - Started process (PID=10069) to work on /home/airflow/.local/lib/python3.7/site-packages/airflow/example_dags/example_kubernetes_executor.py
[2026-09-30T23:30:44.797+0000] {processor.py:743} INFO - Processing file /home/airflow/.local/lib/python3.7/site-packages/airflow/example_dags/example_kubernetes_executor.py for tasks to queue
[2026-09-30T23:30:44.798+0000] {logging_mixin.py:137} INFO - [2026-09-30T23:30:44.798+0000] {dagbag.py:538} INFO - Filling up the DagBag from /home/airflow/.local/lib/python3.7/site-packages/airflow/example_dags/example_kubernetes_executor.py
[2026-09-30T23:30:44.834+0000] {processor.py:753} INFO - DAG(s) dict_keys(['example_kubernetes_executor']) retrieved from /home/airflow/.local/lib/python3.7/site-packages/airflow/example_dags/example_kubernetes_executor.py
[2026-09-30T23:30:44.889+0000] {logging_mixin.py:137} INFO - [2026-09-30T23:30:44.889+0000] {dag.py:2676} INFO - Sync 1 DAGs
[2026-09-30T23:30:44.923+0000] {logging_mixin.py:137} INFO - [2026-09-30T23:30:44.923+0000] {dag.py:3427} INFO - Setting next_dagrun for example_kubernetes_executor to None, run_after=None
[2026-09-30T23:30:44.943+0000] {processor.py:175} INFO - Processing /home/airflow/.local/lib/python3.7/site-packages/airflow/example_dags/example_kubernetes_executor.py took 0.153 seconds
[2026-09-30T23:31:15.524+0000] {processor.py:153} INFO - Started process (PID=10148) to work on /home/airflow/.local/lib/python3.7/site-packages/airflow/example_dags/example_kubernetes_executor.py
[2026-09-30T23:31:15.525+0000] {processor.py:743} INFO - Processing file /home/airflow/.local/lib/python3.7/site-packages/airflow/example_dags/example_kubernetes_executor.py for tasks to queue
[2026-09-30T23:31:15.526+0000] {logging_mixin.py:137} INFO - [2026-09-30T23:31:15.526+0000] {dagbag.py:538} INFO - Filling up the DagBag from /home/airflow/.local/lib/python3.7/site-packages/airflow/example_dags/example_kubernetes_executor.py
[2026-09-30T23:31:15.572+0000] {processor.py:753} INFO - DAG(s) dict_keys(['example_kubernetes_executor']) retrieved from /home/airflow/.local/lib/python3.7/site-packages/airflow/example_dags/example_kubernetes_executor.py
[2026-09-30T23:31:15.630+0000] {logging_mixin.py:137} INFO - [2026-09-30T23:31:15.629+0000] {dag.py:2676} INFO - Sync 1 DAGs
[2026-09-30T23:31:15.666+0000] {logging_mixin.py:137} INFO - [2026-09-30T23:31:15.666+0000] {dag.py:3427} INFO - Setting next_dagrun for example_kubernetes_executor to None, run_after=None
[2026-09-30T23:31:15.688+0000] {processor.py:175} INFO - Processing /home/airflow/.local/lib/python3.7/site-packages/airflow/example_dags/example_kubernetes_executor.py took 0.169 seconds
[2026-09-30T23:31:46.538+0000] {processor.py:153} INFO - Started process (PID=10227) to work on /home/airflow/.local/lib/python3.7/site-packages/airflow/example_dags/example_kubernetes_executor.py
[2026-09-30T23:31:46.541+0000] {processor.py:743} INFO - Processing file /home/airflow/.local/lib/python3.7/site-packages/airflow/example_dags/example_kubernetes_executor.py for tasks to queue
[2026-09-30T23:31:46.542+0000] {logging_mixin.py:137} INFO - [2026-09-30T23:31:46.541+0000] {dagbag.py:538} INFO - Filling up the DagBag from /home/airflow/.local/lib/python3.7/site-packages/airflow/example_dags/example_kubernetes_executor.py
[2026-09-30T23:31:46.597+0000] {processor.py:753} INFO - DAG(s) dict_keys(['example_kubernetes_executor']) retrieved from /home/airflow/.local/lib/python3.7/site-packages/airflow/example_dags/example_kubernetes_executor.py
[2026-09-30T23:31:46.654+0000] {logging_mixin.py:137} INFO - [2026-09-30T23:31:46.654+0000] {dag.py:2676} INFO - Sync 1 DAGs
[2026-09-30T23:31:46.685+0000] {logging_mixin.py:137} INFO - [2026-09-30T23:31:46.685+0000] {dag.py:3427} INFO - Setting next_dagrun for example_kubernetes_executor to None, run_after=None
[2026-09-30T23:31:46.715+0000] {processor.py:175} INFO - Processing /home/airflow/.local/lib/python3.7/site-packages/airflow/example_dags/example_kubernetes_executor.py took 0.185 seconds
[2026-09-30T23:32:16.815+0000] {processor.py:153} INFO - Started process (PID=10326) to work on /home/airflow/.local/lib/python3.7/site-packages/airflow/example_dags/example_kubernetes_executor.py
[2026-09-30T23:32:16.817+0000] {processor.py:743} INFO - Processing file /home/airflow/.local/lib/python3.7/site-packages/airflow/example_dags/example_kubernetes_executor.py for tasks to queue
[2026-09-30T23:32:16.818+0000] {logging_mixin.py:137} INFO - [2026-09-30T23:32:16.817+0000] {dagbag.py:538} INFO - Filling up the DagBag from /home/airflow/.local/lib/python3.7/site-packages/airflow/example_dags/example_kubernetes_executor.py
[2026-09-30T23:32:16.857+0000] {processor.py:753} INFO - DAG(s) dict_keys(['example_kubernetes_executor']) retrieved from /home/airflow/.local/lib/python3.7/site-packages/airflow/example_dags/example_kubernetes_executor.py
[2026-09-30T23:32:16.912+0000] {logging_mixin.py:137} INFO - [2026-09-30T23:32:16.912+0000] {dag.py:2676} INFO - Sync 1 DAGs
[2026-09-30T23:32:16.944+0000] {logging_mixin.py:137} INFO - [2026-09-30T23:32:16.944+0000] {dag.py:3427} INFO - Setting next_dagrun for example_kubernetes_executor to None, run_after=None
[2026-09-30T23:32:16.965+0000] {processor.py:175} INFO - Processing /home/airflow/.local/lib/python3.7/site-packages/airflow/example_dags/example_kubernetes_executor.py took 0.156 seconds
[2026-09-30T23:32:46.997+0000] {processor.py:153} INFO - Started process (PID=10405) to work on /home/airflow/.local/lib/python3.7/site-packages/airflow/example_dags/example_kubernetes_executor.py
[2026-09-30T23:32:46.998+0000] {processor.py:743} INFO - Processing file /home/airflow/.local/lib/python3.7/site-packages/airflow/example_dags/example_kubernetes_executor.py for tasks to queue
[2026-09-30T23:32:46.999+0000] {logging_mixin.py:137} INFO - [2026-09-30T23:32:46.999+0000] {dagbag.py:538} INFO - Filling up the DagBag from /home/airflow/.local/lib/python3.7/site-packages/airflow/example_dags/example_kubernetes_executor.py
[2026-09-30T23:32:47.026+0000] {processor.py:753} INFO - DAG(s) dict_keys(['example_kubernetes_executor']) retrieved from /home/airflow/.local/lib/python3.7/site-packages/airflow/example_dags/example_kubernetes_executor.py
[2026-09-30T23:32:47.066+0000] {logging_mixin.py:137} INFO - [2026-09-30T23:32:47.066+0000] {dag.py:2676} INFO - Sync 1 DAGs
[2026-09-30T23:32:47.091+0000] {logging_mixin.py:137} INFO - [2026-09-30T23:32:47.090+0000] {dag.py:3427} INFO - Setting next_dagrun for example_kubernetes_executor to None, run_after=None
[2026-09-30T23:32:47.105+0000] {processor.py:175} INFO - Processing /home/airflow/.local/lib/python3.7/site-packages/airflow/example_dags/example_kubernetes_executor.py took 0.110 seconds
[2026-09-30T23:33:17.290+0000] {processor.py:153} INFO - Started process (PID=10485) to work on /home/airflow/.local/lib/python3.7/site-packages/airflow/example_dags/example_kubernetes_executor.py
[2026-09-30T23:33:17.291+0000] {processor.py:743} INFO - Processing file /home/airflow/.local/lib/python3.7/site-packages/airflow/example_dags/example_kubernetes_executor.py for tasks to queue
[2026-09-30T23:33:17.292+0000] {logging_mixin.py:137} INFO - [2026-09-30T23:33:17.291+0000] {dagbag.py:538} INFO - Filling up the DagBag from /home/airflow/.local/lib/python3.7/site-packages/airflow/example_dags/example_kubernetes_executor.py
[2026-09-30T23:33:17.327+0000] {processor.py:753} INFO - DAG(s) dict_keys(['example_kubernetes_executor']) retrieved from /home/airflow/.local/lib/python3.7/site-packages/airflow/example_dags/example_kubernetes_executor.py
[2026-09-30T23:33:17.382+0000] {logging_mixin.py:137} INFO - [2026-09-30T23:33:17.381+0000] {dag.py:2676} INFO - Sync 1 DAGs
[2026-09-30T23:33:17.414+0000] {logging_mixin.py:137} INFO - [2026-09-30T23:33:17.414+0000] {dag.py:3427} INFO - Setting next_dagrun for example_kubernetes_executor to None, run_after=None
[2026-09-30T23:33:17.434+0000] {processor.py:175} INFO - Processing /home/airflow/.local/lib/python3.7/site-packages/airflow/example_dags/example_kubernetes_executor.py took 0.150 seconds
[2026-09-30T23:33:48.370+0000] {processor.py:153} INFO - Started process (PID=10564) to work on /home/airflow/.local/lib/python3.7/site-packages/airflow/example_dags/example_kubernetes_executor.py
[2026-09-30T23:33:48.372+0000] {processor.py:743} INFO - Processing file /home/airflow/.local/lib/python3.7/site-packages/airflow/example_dags/example_kubernetes_executor.py for tasks to queue
[2026-09-30T23:33:48.372+0000] {logging_mixin.py:137} INFO - [2026-09-30T23:33:48.372+0000] {dagbag.py:538} INFO - Filling up the DagBag from /home/airflow/.local/lib/python3.7/site-packages/airflow/example_dags/example_kubernetes_executor.py
[2026-09-30T23:33:48.412+0000] {processor.py:753} INFO - DAG(s) dict_keys(['example_kubernetes_executor']) retrieved from /home/airflow/.local/lib/python3.7/site-packages/airflow/example_dags/example_kubernetes_executor.py
[2026-09-30T23:33:48.483+0000] {logging_mixin.py:137} INFO - [2026-09-30T23:33:48.483+0000] {dag.py:2676} INFO - Sync 1 DAGs
[2026-09-30T23:33:48.530+0000] {logging_mixin.py:137} INFO - [2026-09-30T23:33:48.529+0000] {dag.py:3427} INFO - Setting next_dagrun for example_kubernetes_executor to None, run_after=None
[2026-09-30T23:33:48.564+0000] {processor.py:175} INFO - Processing /home/airflow/.local/lib/python3.7/site-packages/airflow/example_dags/example_kubernetes_executor.py took 0.200 seconds
[2026-09-30T23:34:18.625+0000] {processor.py:153} INFO - Started process (PID=10663) to work on /home/airflow/.local/lib/python3.7/site-packages/airflow/example_dags/example_kubernetes_executor.py
[2026-09-30T23:34:18.625+0000] {processor.py:743} INFO - Processing file /home/airflow/.local/lib/python3.7/site-packages/airflow/example_dags/example_kubernetes_executor.py for tasks to queue
[2026-09-30T23:34:18.626+0000] {logging_mixin.py:137} INFO - [2026-09-30T23:34:18.626+0000] {dagbag.py:538} INFO - Filling up the DagBag from /home/airflow/.local/lib/python3.7/site-packages/airflow/example_dags/example_kubernetes_executor.py
[2026-09-30T23:34:18.653+0000] {processor.py:753} INFO - DAG(s) dict_keys(['example_kubernetes_executor']) retrieved from /home/airflow/.local/lib/python3.7/site-packages/airflow/example_dags/example_kubernetes_executor.py
[2026-09-30T23:34:18.696+0000] {logging_mixin.py:137} INFO - [2026-09-30T23:34:18.696+0000] {dag.py:2676} INFO - Sync 1 DAGs
[2026-09-30T23:34:18.720+0000] {logging_mixin.py:137} INFO - [2026-09-30T23:34:18.719+0000] {dag.py:3427} INFO - Setting next_dagrun for example_kubernetes_executor to None, run_after=None
[2026-09-30T23:34:18.735+0000] {processor.py:175} INFO - Processing /home/airflow/.local/lib/python3.7/site-packages/airflow/example_dags/example_kubernetes_executor.py took 0.114 seconds
[2026-09-30T23:34:48.953+0000] {processor.py:153} INFO - Started process (PID=10742) to work on /home/airflow/.local/lib/python3.7/site-packages/airflow/example_dags/example_kubernetes_executor.py
[2026-09-30T23:34:48.955+0000] {processor.py:743} INFO - Processing file /home/airflow/.local/lib/python3.7/site-packages/airflow/example_dags/example_kubernetes_executor.py for tasks to queue
[2026-09-30T23:34:48.955+0000] {logging_mixin.py:137} INFO - [2026-09-30T23:34:48.955+0000] {dagbag.py:538} INFO - Filling up the DagBag from /home/airflow/.local/lib/python3.7/site-packages/airflow/example_dags/example_kubernetes_executor.py
[2026-09-30T23:34:48.996+0000] {processor.py:753} INFO - DAG(s) dict_keys(['example_kubernetes_executor']) retrieved from /home/airflow/.local/lib/python3.7/site-packages/airflow/example_dags/example_kubernetes_executor.py
[2026-09-30T23:34:49.050+0000] {logging_mixin.py:137} INFO - [2026-09-30T23:34:49.049+0000] {dag.py:2676} INFO - Sync 1 DAGs
[2026-09-30T23:34:49.091+0000] {logging_mixin.py:137} INFO - [2026-09-30T23:34:49.091+0000] {dag.py:3427} INFO - Setting next_dagrun for example_kubernetes_executor to None, run_after=None
[2026-09-30T23:34:49.116+0000] {processor.py:175} INFO - Processing /home/airflow/.local/lib/python3.7/site-packages/airflow/example_dags/example_kubernetes_executor.py took 0.167 seconds
[2026-09-30T23:35:19.495+0000] {processor.py:153} INFO - Started process (PID=10821) to work on /home/airflow/.local/lib/python3.7/site-packages/airflow/example_dags/example_kubernetes_executor.py
[2026-09-30T23:35:19.496+0000] {processor.py:743} INFO - Processing file /home/airflow/.local/lib/python3.7/site-packages/airflow/example_dags/example_kubernetes_executor.py for tasks to queue
[2026-09-30T23:35:19.497+0000] {logging_mixin.py:137} INFO - [2026-09-30T23:35:19.496+0000] {dagbag.py:538} INFO - Filling up the DagBag from /home/airflow/.local/lib/python3.7/site-packages/airflow/example_dags/example_kubernetes_executor.py
[2026-09-30T23:35:19.535+0000] {processor.py:753} INFO - DAG(s) dict_keys(['example_kubernetes_executor']) retrieved from /home/airflow/.local/lib/python3.7/site-packages/airflow/example_dags/example_kubernetes_executor.py
[2026-09-30T23:35:19.587+0000] {logging_mixin.py:137} INFO - [2026-09-30T23:35:19.587+0000] {dag.py:2676} INFO - Sync 1 DAGs
[2026-09-30T23:35:19.622+0000] {logging_mixin.py:137} INFO - [2026-09-30T23:35:19.622+0000] {dag.py:3427} INFO - Setting next_dagrun for example_kubernetes_executor to None, run_after=None
[2026-09-30T23:35:19.655+0000] {processor.py:175} INFO - Processing /home/airflow/.local/lib/python3.7/site-packages/airflow/example_dags/example_kubernetes_executor.py took 0.163 seconds
[2026-09-30T23:35:49.858+0000] {processor.py:153} INFO - Started process (PID=10900) to work on /home/airflow/.local/lib/python3.7/site-packages/airflow/example_dags/example_kubernetes_executor.py
[2026-09-30T23:35:49.859+0000] {processor.py:743} INFO - Processing file /home/airflow/.local/lib/python3.7/site-packages/airflow/example_dags/example_kubernetes_executor.py for tasks to queue
[2026-09-30T23:35:49.860+0000] {logging_mixin.py:137} INFO - [2026-09-30T23:35:49.860+0000] {dagbag.py:538} INFO - Filling up the DagBag from /home/airflow/.local/lib/python3.7/site-packages/airflow/example_dags/example_kubernetes_executor.py
[2026-09-30T23:35:49.905+0000] {processor.py:753} INFO - DAG(s) dict_keys(['example_kubernetes_executor']) retrieved from /home/airflow/.local/lib/python3.7/site-packages/airflow/example_dags/example_kubernetes_executor.py
[2026-09-30T23:35:49.995+0000] {logging_mixin.py:137} INFO - [2026-09-30T23:35:49.994+0000] {dag.py:2676} INFO - Sync 1 DAGs
[2026-09-30T23:35:50.044+0000] {logging_mixin.py:137} INFO - [2026-09-30T23:35:50.044+0000] {dag.py:3427} INFO - Setting next_dagrun for example_kubernetes_executor to None, run_after=None
[2026-09-30T23:35:50.076+0000] {processor.py:175} INFO - Processing /home/airflow/.local/lib/python3.7/site-packages/airflow/example_dags/example_kubernetes_executor.py took 0.223 seconds
[2026-09-30T23:36:20.372+0000] {processor.py:153} INFO - Started process (PID=10998) to work on /home/airflow/.local/lib/python3.7/site-packages/airflow/example_dags/example_kubernetes_executor.py
[2026-09-30T23:36:20.373+0000] {processor.py:743} INFO - Processing file /home/airflow/.local/lib/python3.7/site-packages/airflow/example_dags/example_kubernetes_executor.py for tasks to queue
[2026-09-30T23:36:20.374+0000] {logging_mixin.py:137} INFO - [2026-09-30T23:36:20.374+0000] {dagbag.py:538} INFO - Filling up the DagBag from /home/airflow/.local/lib/python3.7/site-packages/airflow/example_dags/example_kubernetes_executor.py
[2026-09-30T23:36:20.417+0000] {processor.py:753} INFO - DAG(s) dict_keys(['example_kubernetes_executor']) retrieved from /home/airflow/.local/lib/python3.7/site-packages/airflow/example_dags/example_kubernetes_executor.py
[2026-09-30T23:36:20.479+0000] {logging_mixin.py:137} INFO - [2026-09-30T23:36:20.479+0000] {dag.py:2676} INFO - Sync 1 DAGs
[2026-09-30T23:36:20.515+0000] {logging_mixin.py:137} INFO - [2026-09-30T23:36:20.515+0000] {dag.py:3427} INFO - Setting next_dagrun for example_kubernetes_executor to None, run_after=None
[2026-09-30T23:36:20.540+0000] {processor.py:175} INFO - Processing /home/airflow/.local/lib/python3.7/site-packages/airflow/example_dags/example_kubernetes_executor.py took 0.173 seconds
[2026-09-30T23:36:51.496+0000] {processor.py:153} INFO - Started process (PID=11078) to work on /home/airflow/.local/lib/python3.7/site-packages/airflow/example_dags/example_kubernetes_executor.py
[2026-09-30T23:36:51.498+0000] {processor.py:743} INFO - Processing file /home/airflow/.local/lib/python3.7/site-packages/airflow/example_dags/example_kubernetes_executor.py for tasks to queue
[2026-09-30T23:36:51.498+0000] {logging_mixin.py:137} INFO - [2026-09-30T23:36:51.498+0000] {dagbag.py:538} INFO - Filling up the DagBag from /home/airflow/.local/lib/python3.7/site-packages/airflow/example_dags/example_kubernetes_executor.py
[2026-09-30T23:36:51.538+0000] {processor.py:753} INFO - DAG(s) dict_keys(['example_kubernetes_executor']) retrieved from /home/airflow/.local/lib/python3.7/site-packages/airflow/example_dags/example_kubernetes_executor.py
[2026-09-30T23:36:51.590+0000] {logging_mixin.py:137} INFO - [2026-09-30T23:36:51.590+0000] {dag.py:2676} INFO - Sync 1 DAGs
[2026-09-30T23:36:51.622+0000] {logging_mixin.py:137} INFO - [2026-09-30T23:36:51.622+0000] {dag.py:3427} INFO - Setting next_dagrun for example_kubernetes_executor to None, run_after=None
[2026-09-30T23:36:51.644+0000] {processor.py:175} INFO - Processing /home/airflow/.local/lib/python3.7/site-packages/airflow/example_dags/example_kubernetes_executor.py took 0.153 seconds
[2026-09-30T23:37:22.383+0000] {processor.py:153} INFO - Started process (PID=11157) to work on /home/airflow/.local/lib/python3.7/site-packages/airflow/example_dags/example_kubernetes_executor.py
[2026-09-30T23:37:22.384+0000] {processor.py:743} INFO - Processing file /home/airflow/.local/lib/python3.7/site-packages/airflow/example_dags/example_kubernetes_executor.py for tasks to queue
[2026-09-30T23:37:22.385+0000] {logging_mixin.py:137} INFO - [2026-09-30T23:37:22.385+0000] {dagbag.py:538} INFO - Filling up the DagBag from /home/airflow/.local/lib/python3.7/site-packages/airflow/example_dags/example_kubernetes_executor.py
[2026-09-30T23:37:22.433+0000] {processor.py:753} INFO - DAG(s) dict_keys(['example_kubernetes_executor']) retrieved from /home/airflow/.local/lib/python3.7/site-packages/airflow/example_dags/example_kubernetes_executor.py
[2026-09-30T23:37:22.491+0000] {logging_mixin.py:137} INFO - [2026-09-30T23:37:22.491+0000] {dag.py:2676} INFO - Sync 1 DAGs
[2026-09-30T23:37:22.522+0000] {logging_mixin.py:137} INFO - [2026-09-30T23:37:22.521+0000] {dag.py:3427} INFO - Setting next_dagrun for example_kubernetes_executor to None, run_after=None
[2026-09-30T23:37:22.540+0000] {processor.py:175} INFO - Processing /home/airflow/.local/lib/python3.7/site-packages/airflow/example_dags/example_kubernetes_executor.py took 0.165 seconds
[2026-09-30T23:37:52.905+0000] {processor.py:153} INFO - Started process (PID=11256) to work on /home/airflow/.local/lib/python3.7/site-packages/airflow/example_dags/example_kubernetes_executor.py
[2026-09-30T23:37:52.907+0000] {processor.py:743} INFO - Processing file /home/airflow/.local/lib/python3.7/site-packages/airflow/example_dags/example_kubernetes_executor.py for tasks to queue
[2026-09-30T23:37:52.908+0000] {logging_mixin.py:137} INFO - [2026-09-30T23:37:52.908+0000] {dagbag.py:538} INFO - Filling up the DagBag from /home/airflow/.local/lib/python3.7/site-packages/airflow/example_dags/example_kubernetes_executor.py
[2026-09-30T23:37:52.945+0000] {processor.py:753} INFO - DAG(s) dict_keys(['example_kubernetes_executor']) retrieved from /home/airflow/.local/lib/python3.7/site-packages/airflow/example_dags/example_kubernetes_executor.py
[2026-09-30T23:37:52.998+0000] {logging_mixin.py:137} INFO - [2026-09-30T23:37:52.998+0000] {dag.py:2676} INFO - Sync 1 DAGs
[2026-09-30T23:37:53.030+0000] {logging_mixin.py:137} INFO - [2026-09-30T23:37:53.030+0000] {dag.py:3427} INFO - Setting next_dagrun for example_kubernetes_executor to None, run_after=None
[2026-09-30T23:37:53.051+0000] {processor.py:175} INFO - Processing /home/airflow/.local/lib/python3.7/site-packages/airflow/example_dags/example_kubernetes_executor.py took 0.152 seconds
[2026-09-30T23:38:23.820+0000] {processor.py:153} INFO - Started process (PID=11335) to work on /home/airflow/.local/lib/python3.7/site-packages/airflow/example_dags/example_kubernetes_executor.py
[2026-09-30T23:38:23.822+0000] {processor.py:743} INFO - Processing file /home/airflow/.local/lib/python3.7/site-packages/airflow/example_dags/example_kubernetes_executor.py for tasks to queue
[2026-09-30T23:38:23.823+0000] {logging_mixin.py:137} INFO - [2026-09-30T23:38:23.823+0000] {dagbag.py:538} INFO - Filling up the DagBag from /home/airflow/.local/lib/python3.7/site-packages/airflow/example_dags/example_kubernetes_executor.py
[2026-09-30T23:38:23.878+0000] {processor.py:753} INFO - DAG(s) dict_keys(['example_kubernetes_executor']) retrieved from /home/airflow/.local/lib/python3.7/site-packages/airflow/example_dags/example_kubernetes_executor.py
[2026-09-30T23:38:23.945+0000] {logging_mixin.py:137} INFO - [2026-09-30T23:38:23.944+0000] {dag.py:2676} INFO - Sync 1 DAGs
[2026-09-30T23:38:23.975+0000] {logging_mixin.py:137} INFO - [2026-09-30T23:38:23.975+0000] {dag.py:3427} INFO - Setting next_dagrun for example_kubernetes_executor to None, run_after=None
[2026-09-30T23:38:23.995+0000] {processor.py:175} INFO - Processing /home/airflow/.local/lib/python3.7/site-packages/airflow/example_dags/example_kubernetes_executor.py took 0.181 seconds
[2026-09-30T23:38:54.217+0000] {processor.py:153} INFO - Started process (PID=11414) to work on /home/airflow/.local/lib/python3.7/site-packages/airflow/example_dags/example_kubernetes_executor.py
[2026-09-30T23:38:54.218+0000] {processor.py:743} INFO - Processing file /home/airflow/.local/lib/python3.7/site-packages/airflow/example_dags/example_kubernetes_executor.py for tasks to queue
[2026-09-30T23:38:54.219+0000] {logging_mixin.py:137} INFO - [2026-09-30T23:38:54.219+0000] {dagbag.py:538} INFO - Filling up the DagBag from /home/airflow/.local/lib/python3.7/site-packages/airflow/example_dags/example_kubernetes_executor.py
[2026-09-30T23:38:54.255+0000] {processor.py:753} INFO - DAG(s) dict_keys(['example_kubernetes_executor']) retrieved from /home/airflow/.local/lib/python3.7/site-packages/airflow/example_dags/example_kubernetes_executor.py
[2026-09-30T23:38:54.305+0000] {logging_mixin.py:137} INFO - [2026-09-30T23:38:54.305+0000] {dag.py:2676} INFO - Sync 1 DAGs
[2026-09-30T23:38:54.339+0000] {logging_mixin.py:137} INFO - [2026-09-30T23:38:54.339+0000] {dag.py:3427} INFO - Setting next_dagrun for example_kubernetes_executor to None, run_after=None
[2026-09-30T23:38:54.360+0000] {processor.py:175} INFO - Processing /home/airflow/.local/lib/python3.7/site-packages/airflow/example_dags/example_kubernetes_executor.py took 0.148 seconds
[2026-09-30T23:39:25.043+0000] {processor.py:153} INFO - Started process (PID=11493) to work on /home/airflow/.local/lib/python3.7/site-packages/airflow/example_dags/example_kubernetes_executor.py
[2026-09-30T23:39:25.044+0000] {processor.py:743} INFO - Processing file /home/airflow/.local/lib/python3.7/site-packages/airflow/example_dags/example_kubernetes_executor.py for tasks to queue
[2026-09-30T23:39:25.045+0000] {logging_mixin.py:137} INFO - [2026-09-30T23:39:25.045+0000] {dagbag.py:538} INFO - Filling up the DagBag from /home/airflow/.local/lib/python3.7/site-packages/airflow/example_dags/example_kubernetes_executor.py
[2026-09-30T23:39:25.082+0000] {processor.py:753} INFO - DAG(s) dict_keys(['example_kubernetes_executor']) retrieved from /home/airflow/.local/lib/python3.7/site-packages/airflow/example_dags/example_kubernetes_executor.py
[2026-09-30T23:39:25.132+0000] {logging_mixin.py:137} INFO - [2026-09-30T23:39:25.132+0000] {dag.py:2676} INFO - Sync 1 DAGs
[2026-09-30T23:39:25.160+0000] {logging_mixin.py:137} INFO - [2026-09-30T23:39:25.159+0000] {dag.py:3427} INFO - Setting next_dagrun for example_kubernetes_executor to None, run_after=None
[2026-09-30T23:39:25.178+0000] {processor.py:175} INFO - Processing /home/airflow/.local/lib/python3.7/site-packages/airflow/example_dags/example_kubernetes_executor.py took 0.139 seconds
[2026-09-30T23:39:55.855+0000] {processor.py:153} INFO - Started process (PID=11592) to work on /home/airflow/.local/lib/python3.7/site-packages/airflow/example_dags/example_kubernetes_executor.py
[2026-09-30T23:39:55.856+0000] {processor.py:743} INFO - Processing file /home/airflow/.local/lib/python3.7/site-packages/airflow/example_dags/example_kubernetes_executor.py for tasks to queue
[2026-09-30T23:39:55.857+0000] {logging_mixin.py:137} INFO - [2026-09-30T23:39:55.857+0000] {dagbag.py:538} INFO - Filling up the DagBag from /home/airflow/.local/lib/python3.7/site-packages/airflow/example_dags/example_kubernetes_executor.py
[2026-09-30T23:39:55.888+0000] {processor.py:753} INFO - DAG(s) dict_keys(['example_kubernetes_executor']) retrieved from /home/airflow/.local/lib/python3.7/site-packages/airflow/example_dags/example_kubernetes_executor.py
[2026-09-30T23:39:55.932+0000] {logging_mixin.py:137} INFO - [2026-09-30T23:39:55.932+0000] {dag.py:2676} INFO - Sync 1 DAGs
[2026-09-30T23:39:55.956+0000] {logging_mixin.py:137} INFO - [2026-09-30T23:39:55.956+0000] {dag.py:3427} INFO - Setting next_dagrun for example_kubernetes_executor to None, run_after=None
[2026-09-30T23:39:55.974+0000] {processor.py:175} INFO - Processing /home/airflow/.local/lib/python3.7/site-packages/airflow/example_dags/example_kubernetes_executor.py took 0.122 seconds
[2026-09-30T23:40:26.192+0000] {processor.py:153} INFO - Started process (PID=11671) to work on /home/airflow/.local/lib/python3.7/site-packages/airflow/example_dags/example_kubernetes_executor.py
[2026-09-30T23:40:26.193+0000] {processor.py:743} INFO - Processing file /home/airflow/.local/lib/python3.7/site-packages/airflow/example_dags/example_kubernetes_executor.py for tasks to queue
[2026-09-30T23:40:26.193+0000] {logging_mixin.py:137} INFO - [2026-09-30T23:40:26.193+0000] {dagbag.py:538} INFO - Filling up the DagBag from /home/airflow/.local/lib/python3.7/site-packages/airflow/example_dags/example_kubernetes_executor.py
[2026-09-30T23:40:26.236+0000] {processor.py:753} INFO - DAG(s) dict_keys(['example_kubernetes_executor']) retrieved from /home/airflow/.local/lib/python3.7/site-packages/airflow/example_dags/example_kubernetes_executor.py
[2026-09-30T23:40:26.298+0000] {logging_mixin.py:137} INFO - [2026-09-30T23:40:26.298+0000] {dag.py:2676} INFO - Sync 1 DAGs
[2026-09-30T23:40:26.331+0000] {logging_mixin.py:137} INFO - [2026-09-30T23:40:26.331+0000] {dag.py:3427} INFO - Setting next_dagrun for example_kubernetes_executor to None, run_after=None
[2026-09-30T23:40:26.355+0000] {processor.py:175} INFO - Processing /home/airflow/.local/lib/python3.7/site-packages/airflow/example_dags/example_kubernetes_executor.py took 0.167 seconds
[2026-09-30T23:40:56.853+0000] {processor.py:153} INFO - Started process (PID=11750) to work on /home/airflow/.local/lib/python3.7/site-packages/airflow/example_dags/example_kubernetes_executor.py
[2026-09-30T23:40:56.854+0000] {processor.py:743} INFO - Processing file /home/airflow/.local/lib/python3.7/site-packages/airflow/example_dags/example_kubernetes_executor.py for tasks to queue
[2026-09-30T23:40:56.854+0000] {logging_mixin.py:137} INFO - [2026-09-30T23:40:56.854+0000] {dagbag.py:538} INFO - Filling up the DagBag from /home/airflow/.local/lib/python3.7/site-packages/airflow/example_dags/example_kubernetes_executor.py
[2026-09-30T23:40:56.884+0000] {processor.py:753} INFO - DAG(s) dict_keys(['example_kubernetes_executor']) retrieved from /home/airflow/.local/lib/python3.7/site-packages/airflow/example_dags/example_kubernetes_executor.py
[2026-09-30T23:40:56.927+0000] {logging_mixin.py:137} INFO - [2026-09-30T23:40:56.926+0000] {dag.py:2676} INFO - Sync 1 DAGs
[2026-09-30T23:40:56.953+0000] {logging_mixin.py:137} INFO - [2026-09-30T23:40:56.952+0000] {dag.py:3427} INFO - Setting next_dagrun for example_kubernetes_executor to None, run_after=None
[2026-09-30T23:40:56.971+0000] {processor.py:175} INFO - Processing /home/airflow/.local/lib/python3.7/site-packages/airflow/example_dags/example_kubernetes_executor.py took 0.122 seconds
[2026-09-30T23:41:27.700+0000] {processor.py:153} INFO - Started process (PID=11849) to work on /home/airflow/.local/lib/python3.7/site-packages/airflow/example_dags/example_kubernetes_executor.py
[2026-09-30T23:41:27.701+0000] {processor.py:743} INFO - Processing file /home/airflow/.local/lib/python3.7/site-packages/airflow/example_dags/example_kubernetes_executor.py for tasks to queue
[2026-09-30T23:41:27.702+0000] {logging_mixin.py:137} INFO - [2026-09-30T23:41:27.702+0000] {dagbag.py:538} INFO - Filling up the DagBag from /home/airflow/.local/lib/python3.7/site-packages/airflow/example_dags/example_kubernetes_executor.py
[2026-09-30T23:41:27.748+0000] {processor.py:753} INFO - DAG(s) dict_keys(['example_kubernetes_executor']) retrieved from /home/airflow/.local/lib/python3.7/site-packages/airflow/example_dags/example_kubernetes_executor.py
[2026-09-30T23:41:27.820+0000] {logging_mixin.py:137} INFO - [2026-09-30T23:41:27.819+0000] {dag.py:2676} INFO - Sync 1 DAGs
[2026-09-30T23:41:27.864+0000] {logging_mixin.py:137} INFO - [2026-09-30T23:41:27.864+0000] {dag.py:3427} INFO - Setting next_dagrun for example_kubernetes_executor to None, run_after=None
[2026-09-30T23:41:27.893+0000] {processor.py:175} INFO - Processing /home/airflow/.local/lib/python3.7/site-packages/airflow/example_dags/example_kubernetes_executor.py took 0.196 seconds
[2026-09-30T23:41:58.397+0000] {processor.py:153} INFO - Started process (PID=11928) to work on /home/airflow/.local/lib/python3.7/site-packages/airflow/example_dags/example_kubernetes_executor.py
[2026-09-30T23:41:58.398+0000] {processor.py:743} INFO - Processing file /home/airflow/.local/lib/python3.7/site-packages/airflow/example_dags/example_kubernetes_executor.py for tasks to queue
[2026-09-30T23:41:58.398+0000] {logging_mixin.py:137} INFO - [2026-09-30T23:41:58.398+0000] {dagbag.py:538} INFO - Filling up the DagBag from /home/airflow/.local/lib/python3.7/site-packages/airflow/example_dags/example_kubernetes_executor.py
[2026-09-30T23:41:58.439+0000] {processor.py:753} INFO - DAG(s) dict_keys(['example_kubernetes_executor']) retrieved from /home/airflow/.local/lib/python3.7/site-packages/airflow/example_dags/example_kubernetes_executor.py
[2026-09-30T23:41:58.501+0000] {logging_mixin.py:137} INFO - [2026-09-30T23:41:58.501+0000] {dag.py:2676} INFO - Sync 1 DAGs
[2026-09-30T23:41:58.538+0000] {logging_mixin.py:137} INFO - [2026-09-30T23:41:58.538+0000] {dag.py:3427} INFO - Setting next_dagrun for example_kubernetes_executor to None, run_after=None
[2026-09-30T23:41:58.565+0000] {processor.py:175} INFO - Processing /home/airflow/.local/lib/python3.7/site-packages/airflow/example_dags/example_kubernetes_executor.py took 0.173 seconds
[2026-09-30T23:42:29.160+0000] {processor.py:153} INFO - Started process (PID=12007) to work on /home/airflow/.local/lib/python3.7/site-packages/airflow/example_dags/example_kubernetes_executor.py
[2026-09-30T23:42:29.162+0000] {processor.py:743} INFO - Processing file /home/airflow/.local/lib/python3.7/site-packages/airflow/example_dags/example_kubernetes_executor.py for tasks to queue
[2026-09-30T23:42:29.163+0000] {logging_mixin.py:137} INFO - [2026-09-30T23:42:29.162+0000] {dagbag.py:538} INFO - Filling up the DagBag from /home/airflow/.local/lib/python3.7/site-packages/airflow/example_dags/example_kubernetes_executor.py
[2026-09-30T23:42:29.205+0000] {processor.py:753} INFO - DAG(s) dict_keys(['example_kubernetes_executor']) retrieved from /home/airflow/.local/lib/python3.7/site-packages/airflow/example_dags/example_kubernetes_executor.py
[2026-09-30T23:42:29.263+0000] {logging_mixin.py:137} INFO - [2026-09-30T23:42:29.263+0000] {dag.py:2676} INFO - Sync 1 DAGs
[2026-09-30T23:42:29.312+0000] {logging_mixin.py:137} INFO - [2026-09-30T23:42:29.311+0000] {dag.py:3427} INFO - Setting next_dagrun for example_kubernetes_executor to None, run_after=None
[2026-09-30T23:42:29.332+0000] {processor.py:175} INFO - Processing /home/airflow/.local/lib/python3.7/site-packages/airflow/example_dags/example_kubernetes_executor.py took 0.177 seconds
[2026-09-30T23:42:59.564+0000] {processor.py:153} INFO - Started process (PID=12086) to work on /home/airflow/.local/lib/python3.7/site-packages/airflow/example_dags/example_kubernetes_executor.py
[2026-09-30T23:42:59.565+0000] {processor.py:743} INFO - Processing file /home/airflow/.local/lib/python3.7/site-packages/airflow/example_dags/example_kubernetes_executor.py for tasks to queue
[2026-09-30T23:42:59.565+0000] {logging_mixin.py:137} INFO - [2026-09-30T23:42:59.565+0000] {dagbag.py:538} INFO - Filling up the DagBag from /home/airflow/.local/lib/python3.7/site-packages/airflow/example_dags/example_kubernetes_executor.py
[2026-09-30T23:42:59.593+0000] {processor.py:753} INFO - DAG(s) dict_keys(['example_kubernetes_executor']) retrieved from /home/airflow/.local/lib/python3.7/site-packages/airflow/example_dags/example_kubernetes_executor.py
[2026-09-30T23:42:59.631+0000] {logging_mixin.py:137} INFO - [2026-09-30T23:42:59.631+0000] {dag.py:2676} INFO - Sync 1 DAGs
[2026-09-30T23:42:59.654+0000] {logging_mixin.py:137} INFO - [2026-09-30T23:42:59.654+0000] {dag.py:3427} INFO - Setting next_dagrun for example_kubernetes_executor to None, run_after=None
[2026-09-30T23:42:59.668+0000] {processor.py:175} INFO - Processing /home/airflow/.local/lib/python3.7/site-packages/airflow/example_dags/example_kubernetes_executor.py took 0.109 seconds
[2026-09-30T23:43:30.239+0000] {processor.py:153} INFO - Started process (PID=12184) to work on /home/airflow/.local/lib/python3.7/site-packages/airflow/example_dags/example_kubernetes_executor.py
[2026-09-30T23:43:30.241+0000] {processor.py:743} INFO - Processing file /home/airflow/.local/lib/python3.7/site-packages/airflow/example_dags/example_kubernetes_executor.py for tasks to queue
[2026-09-30T23:43:30.242+0000] {logging_mixin.py:137} INFO - [2026-09-30T23:43:30.242+0000] {dagbag.py:538} INFO - Filling up the DagBag from /home/airflow/.local/lib/python3.7/site-packages/airflow/example_dags/example_kubernetes_executor.py
[2026-09-30T23:43:30.294+0000] {processor.py:753} INFO - DAG(s) dict_keys(['example_kubernetes_executor']) retrieved from /home/airflow/.local/lib/python3.7/site-packages/airflow/example_dags/example_kubernetes_executor.py
[2026-09-30T23:43:30.355+0000] {logging_mixin.py:137} INFO - [2026-09-30T23:43:30.355+0000] {dag.py:2676} INFO - Sync 1 DAGs
[2026-09-30T23:43:30.393+0000] {logging_mixin.py:137} INFO - [2026-09-30T23:43:30.393+0000] {dag.py:3427} INFO - Setting next_dagrun for example_kubernetes_executor to None, run_after=None
[2026-09-30T23:43:30.418+0000] {processor.py:175} INFO - Processing /home/airflow/.local/lib/python3.7/site-packages/airflow/example_dags/example_kubernetes_executor.py took 0.182 seconds
[2026-09-30T23:44:00.638+0000] {processor.py:153} INFO - Started process (PID=12263) to work on /home/airflow/.local/lib/python3.7/site-packages/airflow/example_dags/example_kubernetes_executor.py
[2026-09-30T23:44:00.640+0000] {processor.py:743} INFO - Processing file /home/airflow/.local/lib/python3.7/site-packages/airflow/example_dags/example_kubernetes_executor.py for tasks to queue
[2026-09-30T23:44:00.640+0000] {logging_mixin.py:137} INFO - [2026-09-30T23:44:00.640+0000] {dagbag.py:538} INFO - Filling up the DagBag from /home/airflow/.local/lib/python3.7/site-packages/airflow/example_dags/example_kubernetes_executor.py
[2026-09-30T23:44:00.680+0000] {processor.py:753} INFO - DAG(s) dict_keys(['example_kubernetes_executor']) retrieved from /home/airflow/.local/lib/python3.7/site-packages/airflow/example_dags/example_kubernetes_executor.py
[2026-09-30T23:44:00.735+0000] {logging_mixin.py:137} INFO - [2026-09-30T23:44:00.735+0000] {dag.py:2676} INFO - Sync 1 DAGs
[2026-09-30T23:44:00.766+0000] {logging_mixin.py:137} INFO - [2026-09-30T23:44:00.766+0000] {dag.py:3427} INFO - Setting next_dagrun for example_kubernetes_executor to None, run_after=None
[2026-09-30T23:44:00.786+0000] {processor.py:175} INFO - Processing /home/airflow/.local/lib/python3.7/site-packages/airflow/example_dags/example_kubernetes_executor.py took 0.151 seconds
[2026-09-30T23:44:30.952+0000] {processor.py:153} INFO - Started process (PID=12342) to work on /home/airflow/.local/lib/python3.7/site-packages/airflow/example_dags/example_kubernetes_executor.py
[2026-09-30T23:44:30.953+0000] {processor.py:743} INFO - Processing file /home/airflow/.local/lib/python3.7/site-packages/airflow/example_dags/example_kubernetes_executor.py for tasks to queue
[2026-09-30T23:44:30.954+0000] {logging_mixin.py:137} INFO - [2026-09-30T23:44:30.954+0000] {dagbag.py:538} INFO - Filling up the DagBag from /home/airflow/.local/lib/python3.7/site-packages/airflow/example_dags/example_kubernetes_executor.py
[2026-09-30T23:44:31.000+0000] {processor.py:753} INFO - DAG(s) dict_keys(['example_kubernetes_executor']) retrieved from /home/airflow/.local/lib/python3.7/site-packages/airflow/example_dags/example_kubernetes_executor.py
[2026-09-30T23:44:31.074+0000] {logging_mixin.py:137} INFO - [2026-09-30T23:44:31.074+0000] {dag.py:2676} INFO - Sync 1 DAGs
[2026-09-30T23:44:31.107+0000] {logging_mixin.py:137} INFO - [2026-09-30T23:44:31.106+0000] {dag.py:3427} INFO - Setting next_dagrun for example_kubernetes_executor to None, run_after=None
[2026-09-30T23:44:31.129+0000] {processor.py:175} INFO - Processing /home/airflow/.local/lib/python3.7/site-packages/airflow/example_dags/example_kubernetes_executor.py took 0.182 seconds
[2026-09-30T23:45:01.357+0000] {processor.py:153} INFO - Started process (PID=12430) to work on /home/airflow/.local/lib/python3.7/site-packages/airflow/example_dags/example_kubernetes_executor.py
[2026-09-30T23:45:01.359+0000] {processor.py:743} INFO - Processing file /home/airflow/.local/lib/python3.7/site-packages/airflow/example_dags/example_kubernetes_executor.py for tasks to queue
[2026-09-30T23:45:01.360+0000] {logging_mixin.py:137} INFO - [2026-09-30T23:45:01.360+0000] {dagbag.py:538} INFO - Filling up the DagBag from /home/airflow/.local/lib/python3.7/site-packages/airflow/example_dags/example_kubernetes_executor.py
[2026-09-30T23:45:01.403+0000] {processor.py:753} INFO - DAG(s) dict_keys(['example_kubernetes_executor']) retrieved from /home/airflow/.local/lib/python3.7/site-packages/airflow/example_dags/example_kubernetes_executor.py
[2026-09-30T23:45:01.483+0000] {logging_mixin.py:137} INFO - [2026-09-30T23:45:01.483+0000] {dag.py:2676} INFO - Sync 1 DAGs
[2026-09-30T23:45:01.558+0000] {logging_mixin.py:137} INFO - [2026-09-30T23:45:01.557+0000] {dag.py:3427} INFO - Setting next_dagrun for example_kubernetes_executor to None, run_after=None
[2026-09-30T23:45:01.582+0000] {processor.py:175} INFO - Processing /home/airflow/.local/lib/python3.7/site-packages/airflow/example_dags/example_kubernetes_executor.py took 0.229 seconds
[2026-09-30T23:45:31.711+0000] {processor.py:153} INFO - Started process (PID=12521) to work on /home/airflow/.local/lib/python3.7/site-packages/airflow/example_dags/example_kubernetes_executor.py
[2026-09-30T23:45:31.713+0000] {processor.py:743} INFO - Processing file /home/airflow/.local/lib/python3.7/site-packages/airflow/example_dags/example_kubernetes_executor.py for tasks to queue
[2026-09-30T23:45:31.715+0000] {logging_mixin.py:137} INFO - [2026-09-30T23:45:31.714+0000] {dagbag.py:538} INFO - Filling up the DagBag from /home/airflow/.local/lib/python3.7/site-packages/airflow/example_dags/example_kubernetes_executor.py
[2026-09-30T23:45:31.784+0000] {processor.py:753} INFO - DAG(s) dict_keys(['example_kubernetes_executor']) retrieved from /home/airflow/.local/lib/python3.7/site-packages/airflow/example_dags/example_kubernetes_executor.py
[2026-09-30T23:45:31.857+0000] {logging_mixin.py:137} INFO - [2026-09-30T23:45:31.856+0000] {dag.py:2676} INFO - Sync 1 DAGs
[2026-09-30T23:45:31.899+0000] {logging_mixin.py:137} INFO - [2026-09-30T23:45:31.899+0000] {dag.py:3427} INFO - Setting next_dagrun for example_kubernetes_executor to None, run_after=None
[2026-09-30T23:45:31.927+0000] {processor.py:175} INFO - Processing /home/airflow/.local/lib/python3.7/site-packages/airflow/example_dags/example_kubernetes_executor.py took 0.221 seconds
[2026-09-30T23:46:02.417+0000] {processor.py:153} INFO - Started process (PID=12599) to work on /home/airflow/.local/lib/python3.7/site-packages/airflow/example_dags/example_kubernetes_executor.py
[2026-09-30T23:46:02.419+0000] {processor.py:743} INFO - Processing file /home/airflow/.local/lib/python3.7/site-packages/airflow/example_dags/example_kubernetes_executor.py for tasks to queue
[2026-09-30T23:46:02.420+0000] {logging_mixin.py:137} INFO - [2026-09-30T23:46:02.420+0000] {dagbag.py:538} INFO - Filling up the DagBag from /home/airflow/.local/lib/python3.7/site-packages/airflow/example_dags/example_kubernetes_executor.py
[2026-09-30T23:46:02.476+0000] {processor.py:753} INFO - DAG(s) dict_keys(['example_kubernetes_executor']) retrieved from /home/airflow/.local/lib/python3.7/site-packages/airflow/example_dags/example_kubernetes_executor.py
[2026-09-30T23:46:02.547+0000] {logging_mixin.py:137} INFO - [2026-09-30T23:46:02.547+0000] {dag.py:2676} INFO - Sync 1 DAGs
[2026-09-30T23:46:02.595+0000] {logging_mixin.py:137} INFO - [2026-09-30T23:46:02.594+0000] {dag.py:3427} INFO - Setting next_dagrun for example_kubernetes_executor to None, run_after=None
[2026-09-30T23:46:02.622+0000] {processor.py:175} INFO - Processing /home/airflow/.local/lib/python3.7/site-packages/airflow/example_dags/example_kubernetes_executor.py took 0.213 seconds
[2026-09-30T23:46:32.741+0000] {processor.py:153} INFO - Started process (PID=12678) to work on /home/airflow/.local/lib/python3.7/site-packages/airflow/example_dags/example_kubernetes_executor.py
[2026-09-30T23:46:32.742+0000] {processor.py:743} INFO - Processing file /home/airflow/.local/lib/python3.7/site-packages/airflow/example_dags/example_kubernetes_executor.py for tasks to queue
[2026-09-30T23:46:32.743+0000] {logging_mixin.py:137} INFO - [2026-09-30T23:46:32.743+0000] {dagbag.py:538} INFO - Filling up the DagBag from /home/airflow/.local/lib/python3.7/site-packages/airflow/example_dags/example_kubernetes_executor.py
[2026-09-30T23:46:32.781+0000] {processor.py:753} INFO - DAG(s) dict_keys(['example_kubernetes_executor']) retrieved from /home/airflow/.local/lib/python3.7/site-packages/airflow/example_dags/example_kubernetes_executor.py
[2026-09-30T23:46:32.835+0000] {logging_mixin.py:137} INFO - [2026-09-30T23:46:32.835+0000] {dag.py:2676} INFO - Sync 1 DAGs
[2026-09-30T23:46:32.865+0000] {logging_mixin.py:137} INFO - [2026-09-30T23:46:32.865+0000] {dag.py:3427} INFO - Setting next_dagrun for example_kubernetes_executor to None, run_after=None
[2026-09-30T23:46:32.889+0000] {processor.py:175} INFO - Processing /home/airflow/.local/lib/python3.7/site-packages/airflow/example_dags/example_kubernetes_executor.py took 0.152 seconds
[2026-09-30T23:47:03.159+0000] {processor.py:153} INFO - Started process (PID=12766) to work on /home/airflow/.local/lib/python3.7/site-packages/airflow/example_dags/example_kubernetes_executor.py
[2026-09-30T23:47:03.161+0000] {processor.py:743} INFO - Processing file /home/airflow/.local/lib/python3.7/site-packages/airflow/example_dags/example_kubernetes_executor.py for tasks to queue
[2026-09-30T23:47:03.161+0000] {logging_mixin.py:137} INFO - [2026-09-30T23:47:03.161+0000] {dagbag.py:538} INFO - Filling up the DagBag from /home/airflow/.local/lib/python3.7/site-packages/airflow/example_dags/example_kubernetes_executor.py
[2026-09-30T23:47:03.205+0000] {processor.py:753} INFO - DAG(s) dict_keys(['example_kubernetes_executor']) retrieved from /home/airflow/.local/lib/python3.7/site-packages/airflow/example_dags/example_kubernetes_executor.py
[2026-09-30T23:47:03.264+0000] {logging_mixin.py:137} INFO - [2026-09-30T23:47:03.264+0000] {dag.py:2676} INFO - Sync 1 DAGs
[2026-09-30T23:47:03.302+0000] {logging_mixin.py:137} INFO - [2026-09-30T23:47:03.302+0000] {dag.py:3427} INFO - Setting next_dagrun for example_kubernetes_executor to None, run_after=None
[2026-09-30T23:47:03.330+0000] {processor.py:175} INFO - Processing /home/airflow/.local/lib/python3.7/site-packages/airflow/example_dags/example_kubernetes_executor.py took 0.176 seconds
[2026-09-30T23:47:33.510+0000] {processor.py:153} INFO - Started process (PID=12856) to work on /home/airflow/.local/lib/python3.7/site-packages/airflow/example_dags/example_kubernetes_executor.py
[2026-09-30T23:47:33.511+0000] {processor.py:743} INFO - Processing file /home/airflow/.local/lib/python3.7/site-packages/airflow/example_dags/example_kubernetes_executor.py for tasks to queue
[2026-09-30T23:47:33.512+0000] {logging_mixin.py:137} INFO - [2026-09-30T23:47:33.512+0000] {dagbag.py:538} INFO - Filling up the DagBag from /home/airflow/.local/lib/python3.7/site-packages/airflow/example_dags/example_kubernetes_executor.py
[2026-09-30T23:47:33.551+0000] {processor.py:753} INFO - DAG(s) dict_keys(['example_kubernetes_executor']) retrieved from /home/airflow/.local/lib/python3.7/site-packages/airflow/example_dags/example_kubernetes_executor.py
[2026-09-30T23:47:33.612+0000] {logging_mixin.py:137} INFO - [2026-09-30T23:47:33.612+0000] {dag.py:2676} INFO - Sync 1 DAGs
[2026-09-30T23:47:33.651+0000] {logging_mixin.py:137} INFO - [2026-09-30T23:47:33.651+0000] {dag.py:3427} INFO - Setting next_dagrun for example_kubernetes_executor to None, run_after=None
[2026-09-30T23:47:33.674+0000] {processor.py:175} INFO - Processing /home/airflow/.local/lib/python3.7/site-packages/airflow/example_dags/example_kubernetes_executor.py took 0.167 seconds
[2026-09-30T23:48:04.446+0000] {processor.py:153} INFO - Started process (PID=12935) to work on /home/airflow/.local/lib/python3.7/site-packages/airflow/example_dags/example_kubernetes_executor.py
[2026-09-30T23:48:04.447+0000] {processor.py:743} INFO - Processing file /home/airflow/.local/lib/python3.7/site-packages/airflow/example_dags/example_kubernetes_executor.py for tasks to queue
[2026-09-30T23:48:04.448+0000] {logging_mixin.py:137} INFO - [2026-09-30T23:48:04.448+0000] {dagbag.py:538} INFO - Filling up the DagBag from /home/airflow/.local/lib/python3.7/site-packages/airflow/example_dags/example_kubernetes_executor.py
[2026-09-30T23:48:04.491+0000] {processor.py:753} INFO - DAG(s) dict_keys(['example_kubernetes_executor']) retrieved from /home/airflow/.local/lib/python3.7/site-packages/airflow/example_dags/example_kubernetes_executor.py
[2026-09-30T23:48:04.546+0000] {logging_mixin.py:137} INFO - [2026-09-30T23:48:04.546+0000] {dag.py:2676} INFO - Sync 1 DAGs
[2026-09-30T23:48:04.581+0000] {logging_mixin.py:137} INFO - [2026-09-30T23:48:04.581+0000] {dag.py:3427} INFO - Setting next_dagrun for example_kubernetes_executor to None, run_after=None
[2026-09-30T23:48:04.609+0000] {processor.py:175} INFO - Processing /home/airflow/.local/lib/python3.7/site-packages/airflow/example_dags/example_kubernetes_executor.py took 0.167 seconds
[2026-09-30T23:48:34.956+0000] {processor.py:153} INFO - Started process (PID=13014) to work on /home/airflow/.local/lib/python3.7/site-packages/airflow/example_dags/example_kubernetes_executor.py
[2026-09-30T23:48:34.957+0000] {processor.py:743} INFO - Processing file /home/airflow/.local/lib/python3.7/site-packages/airflow/example_dags/example_kubernetes_executor.py for tasks to queue
[2026-09-30T23:48:34.958+0000] {logging_mixin.py:137} INFO - [2026-09-30T23:48:34.958+0000] {dagbag.py:538} INFO - Filling up the DagBag from /home/airflow/.local/lib/python3.7/site-packages/airflow/example_dags/example_kubernetes_executor.py
[2026-09-30T23:48:35.015+0000] {processor.py:753} INFO - DAG(s) dict_keys(['example_kubernetes_executor']) retrieved from /home/airflow/.local/lib/python3.7/site-packages/airflow/example_dags/example_kubernetes_executor.py
[2026-09-30T23:48:35.087+0000] {logging_mixin.py:137} INFO - [2026-09-30T23:48:35.087+0000] {dag.py:2676} INFO - Sync 1 DAGs
[2026-09-30T23:48:35.136+0000] {logging_mixin.py:137} INFO - [2026-09-30T23:48:35.136+0000] {dag.py:3427} INFO - Setting next_dagrun for example_kubernetes_executor to None, run_after=None
[2026-09-30T23:48:35.165+0000] {processor.py:175} INFO - Processing /home/airflow/.local/lib/python3.7/site-packages/airflow/example_dags/example_kubernetes_executor.py took 0.213 seconds
[2026-09-30T23:49:05.942+0000] {processor.py:153} INFO - Started process (PID=13113) to work on /home/airflow/.local/lib/python3.7/site-packages/airflow/example_dags/example_kubernetes_executor.py
[2026-09-30T23:49:05.943+0000] {processor.py:743} INFO - Processing file /home/airflow/.local/lib/python3.7/site-packages/airflow/example_dags/example_kubernetes_executor.py for tasks to queue
[2026-09-30T23:49:05.943+0000] {logging_mixin.py:137} INFO - [2026-09-30T23:49:05.943+0000] {dagbag.py:538} INFO - Filling up the DagBag from /home/airflow/.local/lib/python3.7/site-packages/airflow/example_dags/example_kubernetes_executor.py
[2026-09-30T23:49:05.973+0000] {processor.py:753} INFO - DAG(s) dict_keys(['example_kubernetes_executor']) retrieved from /home/airflow/.local/lib/python3.7/site-packages/airflow/example_dags/example_kubernetes_executor.py
[2026-09-30T23:49:06.015+0000] {logging_mixin.py:137} INFO - [2026-09-30T23:49:06.015+0000] {dag.py:2676} INFO - Sync 1 DAGs
[2026-09-30T23:49:06.040+0000] {logging_mixin.py:137} INFO - [2026-09-30T23:49:06.040+0000] {dag.py:3427} INFO - Setting next_dagrun for example_kubernetes_executor to None, run_after=None
[2026-09-30T23:49:06.057+0000] {processor.py:175} INFO - Processing /home/airflow/.local/lib/python3.7/site-packages/airflow/example_dags/example_kubernetes_executor.py took 0.118 seconds
[2026-09-30T23:49:36.626+0000] {processor.py:153} INFO - Started process (PID=13192) to work on /home/airflow/.local/lib/python3.7/site-packages/airflow/example_dags/example_kubernetes_executor.py
[2026-09-30T23:49:36.627+0000] {processor.py:743} INFO - Processing file /home/airflow/.local/lib/python3.7/site-packages/airflow/example_dags/example_kubernetes_executor.py for tasks to queue
[2026-09-30T23:49:36.628+0000] {logging_mixin.py:137} INFO - [2026-09-30T23:49:36.628+0000] {dagbag.py:538} INFO - Filling up the DagBag from /home/airflow/.local/lib/python3.7/site-packages/airflow/example_dags/example_kubernetes_executor.py
[2026-09-30T23:49:36.686+0000] {processor.py:753} INFO - DAG(s) dict_keys(['example_kubernetes_executor']) retrieved from /home/airflow/.local/lib/python3.7/site-packages/airflow/example_dags/example_kubernetes_executor.py
[2026-09-30T23:49:36.756+0000] {logging_mixin.py:137} INFO - [2026-09-30T23:49:36.756+0000] {dag.py:2676} INFO - Sync 1 DAGs
[2026-09-30T23:49:36.794+0000] {logging_mixin.py:137} INFO - [2026-09-30T23:49:36.794+0000] {dag.py:3427} INFO - Setting next_dagrun for example_kubernetes_executor to None, run_after=None
[2026-09-30T23:49:36.823+0000] {processor.py:175} INFO - Processing /home/airflow/.local/lib/python3.7/site-packages/airflow/example_dags/example_kubernetes_executor.py took 0.203 seconds
[2026-09-30T23:50:07.023+0000] {processor.py:153} INFO - Started process (PID=13271) to work on /home/airflow/.local/lib/python3.7/site-packages/airflow/example_dags/example_kubernetes_executor.py
[2026-09-30T23:50:07.025+0000] {processor.py:743} INFO - Processing file /home/airflow/.local/lib/python3.7/site-packages/airflow/example_dags/example_kubernetes_executor.py for tasks to queue
[2026-09-30T23:50:07.027+0000] {logging_mixin.py:137} INFO - [2026-09-30T23:50:07.026+0000] {dagbag.py:538} INFO - Filling up the DagBag from /home/airflow/.local/lib/python3.7/site-packages/airflow/example_dags/example_kubernetes_executor.py
[2026-09-30T23:50:07.064+0000] {processor.py:753} INFO - DAG(s) dict_keys(['example_kubernetes_executor']) retrieved from /home/airflow/.local/lib/python3.7/site-packages/airflow/example_dags/example_kubernetes_executor.py
[2026-09-30T23:50:07.127+0000] {logging_mixin.py:137} INFO - [2026-09-30T23:50:07.127+0000] {dag.py:2676} INFO - Sync 1 DAGs
[2026-09-30T23:50:07.164+0000] {logging_mixin.py:137} INFO - [2026-09-30T23:50:07.164+0000] {dag.py:3427} INFO - Setting next_dagrun for example_kubernetes_executor to None, run_after=None
[2026-09-30T23:50:07.189+0000] {processor.py:175} INFO - Processing /home/airflow/.local/lib/python3.7/site-packages/airflow/example_dags/example_kubernetes_executor.py took 0.172 seconds
[2026-09-30T23:50:37.256+0000] {processor.py:153} INFO - Started process (PID=13357) to work on /home/airflow/.local/lib/python3.7/site-packages/airflow/example_dags/example_kubernetes_executor.py
[2026-09-30T23:50:37.257+0000] {processor.py:743} INFO - Processing file /home/airflow/.local/lib/python3.7/site-packages/airflow/example_dags/example_kubernetes_executor.py for tasks to queue
[2026-09-30T23:50:37.258+0000] {logging_mixin.py:137} INFO - [2026-09-30T23:50:37.257+0000] {dagbag.py:538} INFO - Filling up the DagBag from /home/airflow/.local/lib/python3.7/site-packages/airflow/example_dags/example_kubernetes_executor.py
[2026-09-30T23:50:37.307+0000] {processor.py:753} INFO - DAG(s) dict_keys(['example_kubernetes_executor']) retrieved from /home/airflow/.local/lib/python3.7/site-packages/airflow/example_dags/example_kubernetes_executor.py
[2026-09-30T23:50:37.365+0000] {logging_mixin.py:137} INFO - [2026-09-30T23:50:37.365+0000] {dag.py:2676} INFO - Sync 1 DAGs
[2026-09-30T23:50:37.403+0000] {logging_mixin.py:137} INFO - [2026-09-30T23:50:37.403+0000] {dag.py:3427} INFO - Setting next_dagrun for example_kubernetes_executor to None, run_after=None
[2026-09-30T23:50:37.429+0000] {processor.py:175} INFO - Processing /home/airflow/.local/lib/python3.7/site-packages/airflow/example_dags/example_kubernetes_executor.py took 0.178 seconds
[2026-09-30T23:51:07.738+0000] {processor.py:153} INFO - Started process (PID=13449) to work on /home/airflow/.local/lib/python3.7/site-packages/airflow/example_dags/example_kubernetes_executor.py
[2026-09-30T23:51:07.740+0000] {processor.py:743} INFO - Processing file /home/airflow/.local/lib/python3.7/site-packages/airflow/example_dags/example_kubernetes_executor.py for tasks to queue
[2026-09-30T23:51:07.740+0000] {logging_mixin.py:137} INFO - [2026-09-30T23:51:07.740+0000] {dagbag.py:538} INFO - Filling up the DagBag from /home/airflow/.local/lib/python3.7/site-packages/airflow/example_dags/example_kubernetes_executor.py
[2026-09-30T23:51:07.776+0000] {processor.py:753} INFO - DAG(s) dict_keys(['example_kubernetes_executor']) retrieved from /home/airflow/.local/lib/python3.7/site-packages/airflow/example_dags/example_kubernetes_executor.py
[2026-09-30T23:51:07.832+0000] {logging_mixin.py:137} INFO - [2026-09-30T23:51:07.832+0000] {dag.py:2676} INFO - Sync 1 DAGs
[2026-09-30T23:51:07.874+0000] {logging_mixin.py:137} INFO - [2026-09-30T23:51:07.873+0000] {dag.py:3427} INFO - Setting next_dagrun for example_kubernetes_executor to None, run_after=None
[2026-09-30T23:51:07.900+0000] {processor.py:175} INFO - Processing /home/airflow/.local/lib/python3.7/site-packages/airflow/example_dags/example_kubernetes_executor.py took 0.166 seconds
[2026-09-30T23:51:37.985+0000] {processor.py:153} INFO - Started process (PID=13528) to work on /home/airflow/.local/lib/python3.7/site-packages/airflow/example_dags/example_kubernetes_executor.py
[2026-09-30T23:51:37.986+0000] {processor.py:743} INFO - Processing file /home/airflow/.local/lib/python3.7/site-packages/airflow/example_dags/example_kubernetes_executor.py for tasks to queue
[2026-09-30T23:51:37.986+0000] {logging_mixin.py:137} INFO - [2026-09-30T23:51:37.986+0000] {dagbag.py:538} INFO - Filling up the DagBag from /home/airflow/.local/lib/python3.7/site-packages/airflow/example_dags/example_kubernetes_executor.py
[2026-09-30T23:51:38.026+0000] {processor.py:753} INFO - DAG(s) dict_keys(['example_kubernetes_executor']) retrieved from /home/airflow/.local/lib/python3.7/site-packages/airflow/example_dags/example_kubernetes_executor.py
[2026-09-30T23:51:38.084+0000] {logging_mixin.py:137} INFO - [2026-09-30T23:51:38.084+0000] {dag.py:2676} INFO - Sync 1 DAGs
[2026-09-30T23:51:38.115+0000] {logging_mixin.py:137} INFO - [2026-09-30T23:51:38.115+0000] {dag.py:3427} INFO - Setting next_dagrun for example_kubernetes_executor to None, run_after=None
[2026-09-30T23:51:38.135+0000] {processor.py:175} INFO - Processing /home/airflow/.local/lib/python3.7/site-packages/airflow/example_dags/example_kubernetes_executor.py took 0.155 seconds
[2026-09-30T23:52:08.912+0000] {processor.py:153} INFO - Started process (PID=13608) to work on /home/airflow/.local/lib/python3.7/site-packages/airflow/example_dags/example_kubernetes_executor.py
[2026-09-30T23:52:08.913+0000] {processor.py:743} INFO - Processing file /home/airflow/.local/lib/python3.7/site-packages/airflow/example_dags/example_kubernetes_executor.py for tasks to queue
[2026-09-30T23:52:08.914+0000] {logging_mixin.py:137} INFO - [2026-09-30T23:52:08.914+0000] {dagbag.py:538} INFO - Filling up the DagBag from /home/airflow/.local/lib/python3.7/site-packages/airflow/example_dags/example_kubernetes_executor.py
[2026-09-30T23:52:08.952+0000] {processor.py:753} INFO - DAG(s) dict_keys(['example_kubernetes_executor']) retrieved from /home/airflow/.local/lib/python3.7/site-packages/airflow/example_dags/example_kubernetes_executor.py
[2026-09-30T23:52:09.007+0000] {logging_mixin.py:137} INFO - [2026-09-30T23:52:09.007+0000] {dag.py:2676} INFO - Sync 1 DAGs
[2026-09-30T23:52:09.041+0000] {logging_mixin.py:137} INFO - [2026-09-30T23:52:09.041+0000] {dag.py:3427} INFO - Setting next_dagrun for example_kubernetes_executor to None, run_after=None
[2026-09-30T23:52:09.066+0000] {processor.py:175} INFO - Processing /home/airflow/.local/lib/python3.7/site-packages/airflow/example_dags/example_kubernetes_executor.py took 0.158 seconds
[2026-09-30T23:52:39.572+0000] {processor.py:153} INFO - Started process (PID=13707) to work on /home/airflow/.local/lib/python3.7/site-packages/airflow/example_dags/example_kubernetes_executor.py
[2026-09-30T23:52:39.573+0000] {processor.py:743} INFO - Processing file /home/airflow/.local/lib/python3.7/site-packages/airflow/example_dags/example_kubernetes_executor.py for tasks to queue
[2026-09-30T23:52:39.574+0000] {logging_mixin.py:137} INFO - [2026-09-30T23:52:39.574+0000] {dagbag.py:538} INFO - Filling up the DagBag from /home/airflow/.local/lib/python3.7/site-packages/airflow/example_dags/example_kubernetes_executor.py
[2026-09-30T23:52:39.632+0000] {processor.py:753} INFO - DAG(s) dict_keys(['example_kubernetes_executor']) retrieved from /home/airflow/.local/lib/python3.7/site-packages/airflow/example_dags/example_kubernetes_executor.py
[2026-09-30T23:52:39.704+0000] {logging_mixin.py:137} INFO - [2026-09-30T23:52:39.703+0000] {dag.py:2676} INFO - Sync 1 DAGs
[2026-09-30T23:52:39.745+0000] {logging_mixin.py:137} INFO - [2026-09-30T23:52:39.744+0000] {dag.py:3427} INFO - Setting next_dagrun for example_kubernetes_executor to None, run_after=None
[2026-09-30T23:52:39.778+0000] {processor.py:175} INFO - Processing /home/airflow/.local/lib/python3.7/site-packages/airflow/example_dags/example_kubernetes_executor.py took 0.213 seconds
[2026-09-30T23:53:10.792+0000] {processor.py:153} INFO - Started process (PID=13786) to work on /home/airflow/.local/lib/python3.7/site-packages/airflow/example_dags/example_kubernetes_executor.py
[2026-09-30T23:53:10.793+0000] {processor.py:743} INFO - Processing file /home/airflow/.local/lib/python3.7/site-packages/airflow/example_dags/example_kubernetes_executor.py for tasks to queue
[2026-09-30T23:53:10.794+0000] {logging_mixin.py:137} INFO - [2026-09-30T23:53:10.794+0000] {dagbag.py:538} INFO - Filling up the DagBag from /home/airflow/.local/lib/python3.7/site-packages/airflow/example_dags/example_kubernetes_executor.py
[2026-09-30T23:53:10.833+0000] {processor.py:753} INFO - DAG(s) dict_keys(['example_kubernetes_executor']) retrieved from /home/airflow/.local/lib/python3.7/site-packages/airflow/example_dags/example_kubernetes_executor.py
[2026-09-30T23:53:10.898+0000] {logging_mixin.py:137} INFO - [2026-09-30T23:53:10.898+0000] {dag.py:2676} INFO - Sync 1 DAGs
[2026-09-30T23:53:10.938+0000] {logging_mixin.py:137} INFO - [2026-09-30T23:53:10.937+0000] {dag.py:3427} INFO - Setting next_dagrun for example_kubernetes_executor to None, run_after=None
[2026-09-30T23:53:10.961+0000] {processor.py:175} INFO - Processing /home/airflow/.local/lib/python3.7/site-packages/airflow/example_dags/example_kubernetes_executor.py took 0.175 seconds
[2026-09-30T23:53:41.310+0000] {processor.py:153} INFO - Started process (PID=13865) to work on /home/airflow/.local/lib/python3.7/site-packages/airflow/example_dags/example_kubernetes_executor.py
[2026-09-30T23:53:41.312+0000] {processor.py:743} INFO - Processing file /home/airflow/.local/lib/python3.7/site-packages/airflow/example_dags/example_kubernetes_executor.py for tasks to queue
[2026-09-30T23:53:41.313+0000] {logging_mixin.py:137} INFO - [2026-09-30T23:53:41.313+0000] {dagbag.py:538} INFO - Filling up the DagBag from /home/airflow/.local/lib/python3.7/site-packages/airflow/example_dags/example_kubernetes_executor.py
[2026-09-30T23:53:41.368+0000] {processor.py:753} INFO - DAG(s) dict_keys(['example_kubernetes_executor']) retrieved from /home/airflow/.local/lib/python3.7/site-packages/airflow/example_dags/example_kubernetes_executor.py
[2026-09-30T23:53:41.432+0000] {logging_mixin.py:137} INFO - [2026-09-30T23:53:41.431+0000] {dag.py:2676} INFO - Sync 1 DAGs
[2026-09-30T23:53:41.475+0000] {logging_mixin.py:137} INFO - [2026-09-30T23:53:41.475+0000] {dag.py:3427} INFO - Setting next_dagrun for example_kubernetes_executor to None, run_after=None
[2026-09-30T23:53:41.503+0000] {processor.py:175} INFO - Processing /home/airflow/.local/lib/python3.7/site-packages/airflow/example_dags/example_kubernetes_executor.py took 0.199 seconds
[2026-09-30T23:54:12.491+0000] {processor.py:153} INFO - Started process (PID=13964) to work on /home/airflow/.local/lib/python3.7/site-packages/airflow/example_dags/example_kubernetes_executor.py
[2026-09-30T23:54:12.493+0000] {processor.py:743} INFO - Processing file /home/airflow/.local/lib/python3.7/site-packages/airflow/example_dags/example_kubernetes_executor.py for tasks to queue
[2026-09-30T23:54:12.494+0000] {logging_mixin.py:137} INFO - [2026-09-30T23:54:12.494+0000] {dagbag.py:538} INFO - Filling up the DagBag from /home/airflow/.local/lib/python3.7/site-packages/airflow/example_dags/example_kubernetes_executor.py
[2026-09-30T23:54:12.547+0000] {processor.py:753} INFO - DAG(s) dict_keys(['example_kubernetes_executor']) retrieved from /home/airflow/.local/lib/python3.7/site-packages/airflow/example_dags/example_kubernetes_executor.py
[2026-09-30T23:54:12.618+0000] {logging_mixin.py:137} INFO - [2026-09-30T23:54:12.617+0000] {dag.py:2676} INFO - Sync 1 DAGs
[2026-09-30T23:54:12.652+0000] {logging_mixin.py:137} INFO - [2026-09-30T23:54:12.651+0000] {dag.py:3427} INFO - Setting next_dagrun for example_kubernetes_executor to None, run_after=None
[2026-09-30T23:54:12.682+0000] {processor.py:175} INFO - Processing /home/airflow/.local/lib/python3.7/site-packages/airflow/example_dags/example_kubernetes_executor.py took 0.198 seconds
[2026-09-30T23:54:43.711+0000] {processor.py:153} INFO - Started process (PID=14043) to work on /home/airflow/.local/lib/python3.7/site-packages/airflow/example_dags/example_kubernetes_executor.py
[2026-09-30T23:54:43.712+0000] {processor.py:743} INFO - Processing file /home/airflow/.local/lib/python3.7/site-packages/airflow/example_dags/example_kubernetes_executor.py for tasks to queue
[2026-09-30T23:54:43.712+0000] {logging_mixin.py:137} INFO - [2026-09-30T23:54:43.712+0000] {dagbag.py:538} INFO - Filling up the DagBag from /home/airflow/.local/lib/python3.7/site-packages/airflow/example_dags/example_kubernetes_executor.py
[2026-09-30T23:54:43.748+0000] {processor.py:753} INFO - DAG(s) dict_keys(['example_kubernetes_executor']) retrieved from /home/airflow/.local/lib/python3.7/site-packages/airflow/example_dags/example_kubernetes_executor.py
[2026-09-30T23:54:43.800+0000] {logging_mixin.py:137} INFO - [2026-09-30T23:54:43.800+0000] {dag.py:2676} INFO - Sync 1 DAGs
[2026-09-30T23:54:43.830+0000] {logging_mixin.py:137} INFO - [2026-09-30T23:54:43.830+0000] {dag.py:3427} INFO - Setting next_dagrun for example_kubernetes_executor to None, run_after=None
[2026-09-30T23:54:43.851+0000] {processor.py:175} INFO - Processing /home/airflow/.local/lib/python3.7/site-packages/airflow/example_dags/example_kubernetes_executor.py took 0.144 seconds
[2026-09-30T23:55:14.012+0000] {processor.py:153} INFO - Started process (PID=14122) to work on /home/airflow/.local/lib/python3.7/site-packages/airflow/example_dags/example_kubernetes_executor.py
[2026-09-30T23:55:14.014+0000] {processor.py:743} INFO - Processing file /home/airflow/.local/lib/python3.7/site-packages/airflow/example_dags/example_kubernetes_executor.py for tasks to queue
[2026-09-30T23:55:14.015+0000] {logging_mixin.py:137} INFO - [2026-09-30T23:55:14.014+0000] {dagbag.py:538} INFO - Filling up the DagBag from /home/airflow/.local/lib/python3.7/site-packages/airflow/example_dags/example_kubernetes_executor.py
[2026-09-30T23:55:14.051+0000] {processor.py:753} INFO - DAG(s) dict_keys(['example_kubernetes_executor']) retrieved from /home/airflow/.local/lib/python3.7/site-packages/airflow/example_dags/example_kubernetes_executor.py
[2026-09-30T23:55:14.103+0000] {logging_mixin.py:137} INFO - [2026-09-30T23:55:14.103+0000] {dag.py:2676} INFO - Sync 1 DAGs
[2026-09-30T23:55:14.135+0000] {logging_mixin.py:137} INFO - [2026-09-30T23:55:14.135+0000] {dag.py:3427} INFO - Setting next_dagrun for example_kubernetes_executor to None, run_after=None
[2026-09-30T23:55:14.157+0000] {processor.py:175} INFO - Processing /home/airflow/.local/lib/python3.7/site-packages/airflow/example_dags/example_kubernetes_executor.py took 0.150 seconds
[2026-09-30T23:55:44.289+0000] {processor.py:153} INFO - Started process (PID=14200) to work on /home/airflow/.local/lib/python3.7/site-packages/airflow/example_dags/example_kubernetes_executor.py
[2026-09-30T23:55:44.290+0000] {processor.py:743} INFO - Processing file /home/airflow/.local/lib/python3.7/site-packages/airflow/example_dags/example_kubernetes_executor.py for tasks to queue
[2026-09-30T23:55:44.290+0000] {logging_mixin.py:137} INFO - [2026-09-30T23:55:44.290+0000] {dagbag.py:538} INFO - Filling up the DagBag from /home/airflow/.local/lib/python3.7/site-packages/airflow/example_dags/example_kubernetes_executor.py
[2026-09-30T23:55:44.326+0000] {processor.py:753} INFO - DAG(s) dict_keys(['example_kubernetes_executor']) retrieved from /home/airflow/.local/lib/python3.7/site-packages/airflow/example_dags/example_kubernetes_executor.py
[2026-09-30T23:55:44.379+0000] {logging_mixin.py:137} INFO - [2026-09-30T23:55:44.379+0000] {dag.py:2676} INFO - Sync 1 DAGs
[2026-09-30T23:55:44.410+0000] {logging_mixin.py:137} INFO - [2026-09-30T23:55:44.410+0000] {dag.py:3427} INFO - Setting next_dagrun for example_kubernetes_executor to None, run_after=None
[2026-09-30T23:55:44.430+0000] {processor.py:175} INFO - Processing /home/airflow/.local/lib/python3.7/site-packages/airflow/example_dags/example_kubernetes_executor.py took 0.147 seconds
[2026-09-30T23:56:14.667+0000] {processor.py:153} INFO - Started process (PID=14299) to work on /home/airflow/.local/lib/python3.7/site-packages/airflow/example_dags/example_kubernetes_executor.py
[2026-09-30T23:56:14.670+0000] {processor.py:743} INFO - Processing file /home/airflow/.local/lib/python3.7/site-packages/airflow/example_dags/example_kubernetes_executor.py for tasks to queue
[2026-09-30T23:56:14.672+0000] {logging_mixin.py:137} INFO - [2026-09-30T23:56:14.672+0000] {dagbag.py:538} INFO - Filling up the DagBag from /home/airflow/.local/lib/python3.7/site-packages/airflow/example_dags/example_kubernetes_executor.py
[2026-09-30T23:56:14.711+0000] {processor.py:753} INFO - DAG(s) dict_keys(['example_kubernetes_executor']) retrieved from /home/airflow/.local/lib/python3.7/site-packages/airflow/example_dags/example_kubernetes_executor.py
[2026-09-30T23:56:14.763+0000] {logging_mixin.py:137} INFO - [2026-09-30T23:56:14.763+0000] {dag.py:2676} INFO - Sync 1 DAGs
[2026-09-30T23:56:14.798+0000] {logging_mixin.py:137} INFO - [2026-09-30T23:56:14.798+0000] {dag.py:3427} INFO - Setting next_dagrun for example_kubernetes_executor to None, run_after=None
[2026-09-30T23:56:14.820+0000] {processor.py:175} INFO - Processing /home/airflow/.local/lib/python3.7/site-packages/airflow/example_dags/example_kubernetes_executor.py took 0.159 seconds
[2026-09-30T23:56:44.941+0000] {processor.py:153} INFO - Started process (PID=14378) to work on /home/airflow/.local/lib/python3.7/site-packages/airflow/example_dags/example_kubernetes_executor.py
[2026-09-30T23:56:44.943+0000] {processor.py:743} INFO - Processing file /home/airflow/.local/lib/python3.7/site-packages/airflow/example_dags/example_kubernetes_executor.py for tasks to queue
[2026-09-30T23:56:44.944+0000] {logging_mixin.py:137} INFO - [2026-09-30T23:56:44.944+0000] {dagbag.py:538} INFO - Filling up the DagBag from /home/airflow/.local/lib/python3.7/site-packages/airflow/example_dags/example_kubernetes_executor.py
[2026-09-30T23:56:44.984+0000] {processor.py:753} INFO - DAG(s) dict_keys(['example_kubernetes_executor']) retrieved from /home/airflow/.local/lib/python3.7/site-packages/airflow/example_dags/example_kubernetes_executor.py
[2026-09-30T23:56:45.045+0000] {logging_mixin.py:137} INFO - [2026-09-30T23:56:45.045+0000] {dag.py:2676} INFO - Sync 1 DAGs
[2026-09-30T23:56:45.084+0000] {logging_mixin.py:137} INFO - [2026-09-30T23:56:45.084+0000] {dag.py:3427} INFO - Setting next_dagrun for example_kubernetes_executor to None, run_after=None
[2026-09-30T23:56:45.114+0000] {processor.py:175} INFO - Processing /home/airflow/.local/lib/python3.7/site-packages/airflow/example_dags/example_kubernetes_executor.py took 0.177 seconds
[2026-09-30T23:57:15.355+0000] {processor.py:153} INFO - Started process (PID=14457) to work on /home/airflow/.local/lib/python3.7/site-packages/airflow/example_dags/example_kubernetes_executor.py
[2026-09-30T23:57:15.356+0000] {processor.py:743} INFO - Processing file /home/airflow/.local/lib/python3.7/site-packages/airflow/example_dags/example_kubernetes_executor.py for tasks to queue
[2026-09-30T23:57:15.357+0000] {logging_mixin.py:137} INFO - [2026-09-30T23:57:15.357+0000] {dagbag.py:538} INFO - Filling up the DagBag from /home/airflow/.local/lib/python3.7/site-packages/airflow/example_dags/example_kubernetes_executor.py
[2026-09-30T23:57:15.398+0000] {processor.py:753} INFO - DAG(s) dict_keys(['example_kubernetes_executor']) retrieved from /home/airflow/.local/lib/python3.7/site-packages/airflow/example_dags/example_kubernetes_executor.py
[2026-09-30T23:57:15.458+0000] {logging_mixin.py:137} INFO - [2026-09-30T23:57:15.457+0000] {dag.py:2676} INFO - Sync 1 DAGs
[2026-09-30T23:57:15.498+0000] {logging_mixin.py:137} INFO - [2026-09-30T23:57:15.497+0000] {dag.py:3427} INFO - Setting next_dagrun for example_kubernetes_executor to None, run_after=None
[2026-09-30T23:57:15.520+0000] {processor.py:175} INFO - Processing /home/airflow/.local/lib/python3.7/site-packages/airflow/example_dags/example_kubernetes_executor.py took 0.169 seconds
[2026-09-30T23:57:45.981+0000] {processor.py:153} INFO - Started process (PID=14536) to work on /home/airflow/.local/lib/python3.7/site-packages/airflow/example_dags/example_kubernetes_executor.py
[2026-09-30T23:57:45.982+0000] {processor.py:743} INFO - Processing file /home/airflow/.local/lib/python3.7/site-packages/airflow/example_dags/example_kubernetes_executor.py for tasks to queue
[2026-09-30T23:57:45.983+0000] {logging_mixin.py:137} INFO - [2026-09-30T23:57:45.982+0000] {dagbag.py:538} INFO - Filling up the DagBag from /home/airflow/.local/lib/python3.7/site-packages/airflow/example_dags/example_kubernetes_executor.py
[2026-09-30T23:57:46.026+0000] {processor.py:753} INFO - DAG(s) dict_keys(['example_kubernetes_executor']) retrieved from /home/airflow/.local/lib/python3.7/site-packages/airflow/example_dags/example_kubernetes_executor.py
[2026-09-30T23:57:46.087+0000] {logging_mixin.py:137} INFO - [2026-09-30T23:57:46.087+0000] {dag.py:2676} INFO - Sync 1 DAGs
[2026-09-30T23:57:46.122+0000] {logging_mixin.py:137} INFO - [2026-09-30T23:57:46.122+0000] {dag.py:3427} INFO - Setting next_dagrun for example_kubernetes_executor to None, run_after=None
[2026-09-30T23:57:46.144+0000] {processor.py:175} INFO - Processing /home/airflow/.local/lib/python3.7/site-packages/airflow/example_dags/example_kubernetes_executor.py took 0.168 seconds
[2026-09-30T23:58:16.942+0000] {processor.py:153} INFO - Started process (PID=14635) to work on /home/airflow/.local/lib/python3.7/site-packages/airflow/example_dags/example_kubernetes_executor.py
[2026-09-30T23:58:16.944+0000] {processor.py:743} INFO - Processing file /home/airflow/.local/lib/python3.7/site-packages/airflow/example_dags/example_kubernetes_executor.py for tasks to queue
[2026-09-30T23:58:16.945+0000] {logging_mixin.py:137} INFO - [2026-09-30T23:58:16.945+0000] {dagbag.py:538} INFO - Filling up the DagBag from /home/airflow/.local/lib/python3.7/site-packages/airflow/example_dags/example_kubernetes_executor.py
[2026-09-30T23:58:16.972+0000] {processor.py:753} INFO - DAG(s) dict_keys(['example_kubernetes_executor']) retrieved from /home/airflow/.local/lib/python3.7/site-packages/airflow/example_dags/example_kubernetes_executor.py
[2026-09-30T23:58:17.013+0000] {logging_mixin.py:137} INFO - [2026-09-30T23:58:17.013+0000] {dag.py:2676} INFO - Sync 1 DAGs
[2026-09-30T23:58:17.035+0000] {logging_mixin.py:137} INFO - [2026-09-30T23:58:17.034+0000] {dag.py:3427} INFO - Setting next_dagrun for example_kubernetes_executor to None, run_after=None
[2026-09-30T23:58:17.050+0000] {processor.py:175} INFO - Processing /home/airflow/.local/lib/python3.7/site-packages/airflow/example_dags/example_kubernetes_executor.py took 0.111 seconds
[2026-09-30T23:58:47.559+0000] {processor.py:153} INFO - Started process (PID=14714) to work on /home/airflow/.local/lib/python3.7/site-packages/airflow/example_dags/example_kubernetes_executor.py
[2026-09-30T23:58:47.560+0000] {processor.py:743} INFO - Processing file /home/airflow/.local/lib/python3.7/site-packages/airflow/example_dags/example_kubernetes_executor.py for tasks to queue
[2026-09-30T23:58:47.560+0000] {logging_mixin.py:137} INFO - [2026-09-30T23:58:47.560+0000] {dagbag.py:538} INFO - Filling up the DagBag from /home/airflow/.local/lib/python3.7/site-packages/airflow/example_dags/example_kubernetes_executor.py
[2026-09-30T23:58:47.605+0000] {processor.py:753} INFO - DAG(s) dict_keys(['example_kubernetes_executor']) retrieved from /home/airflow/.local/lib/python3.7/site-packages/airflow/example_dags/example_kubernetes_executor.py
[2026-09-30T23:58:47.676+0000] {logging_mixin.py:137} INFO - [2026-09-30T23:58:47.676+0000] {dag.py:2676} INFO - Sync 1 DAGs
[2026-09-30T23:58:47.715+0000] {logging_mixin.py:137} INFO - [2026-09-30T23:58:47.715+0000] {dag.py:3427} INFO - Setting next_dagrun for example_kubernetes_executor to None, run_after=None
[2026-09-30T23:58:47.738+0000] {processor.py:175} INFO - Processing /home/airflow/.local/lib/python3.7/site-packages/airflow/example_dags/example_kubernetes_executor.py took 0.183 seconds
[2026-09-30T23:59:18.261+0000] {processor.py:153} INFO - Started process (PID=14793) to work on /home/airflow/.local/lib/python3.7/site-packages/airflow/example_dags/example_kubernetes_executor.py
[2026-09-30T23:59:18.262+0000] {processor.py:743} INFO - Processing file /home/airflow/.local/lib/python3.7/site-packages/airflow/example_dags/example_kubernetes_executor.py for tasks to queue
[2026-09-30T23:59:18.263+0000] {logging_mixin.py:137} INFO - [2026-09-30T23:59:18.262+0000] {dagbag.py:538} INFO - Filling up the DagBag from /home/airflow/.local/lib/python3.7/site-packages/airflow/example_dags/example_kubernetes_executor.py
[2026-09-30T23:59:18.301+0000] {processor.py:753} INFO - DAG(s) dict_keys(['example_kubernetes_executor']) retrieved from /home/airflow/.local/lib/python3.7/site-packages/airflow/example_dags/example_kubernetes_executor.py
[2026-09-30T23:59:18.375+0000] {logging_mixin.py:137} INFO - [2026-09-30T23:59:18.375+0000] {dag.py:2676} INFO - Sync 1 DAGs
[2026-09-30T23:59:18.416+0000] {logging_mixin.py:137} INFO - [2026-09-30T23:59:18.415+0000] {dag.py:3427} INFO - Setting next_dagrun for example_kubernetes_executor to None, run_after=None
[2026-09-30T23:59:18.441+0000] {processor.py:175} INFO - Processing /home/airflow/.local/lib/python3.7/site-packages/airflow/example_dags/example_kubernetes_executor.py took 0.185 seconds
[2026-09-30T23:59:49.073+0000] {processor.py:153} INFO - Started process (PID=14892) to work on /home/airflow/.local/lib/python3.7/site-packages/airflow/example_dags/example_kubernetes_executor.py
[2026-09-30T23:59:49.074+0000] {processor.py:743} INFO - Processing file /home/airflow/.local/lib/python3.7/site-packages/airflow/example_dags/example_kubernetes_executor.py for tasks to queue
[2026-09-30T23:59:49.074+0000] {logging_mixin.py:137} INFO - [2026-09-30T23:59:49.074+0000] {dagbag.py:538} INFO - Filling up the DagBag from /home/airflow/.local/lib/python3.7/site-packages/airflow/example_dags/example_kubernetes_executor.py
[2026-09-30T23:59:49.112+0000] {processor.py:753} INFO - DAG(s) dict_keys(['example_kubernetes_executor']) retrieved from /home/airflow/.local/lib/python3.7/site-packages/airflow/example_dags/example_kubernetes_executor.py
[2026-09-30T23:59:49.173+0000] {logging_mixin.py:137} INFO - [2026-09-30T23:59:49.173+0000] {dag.py:2676} INFO - Sync 1 DAGs
[2026-09-30T23:59:49.206+0000] {logging_mixin.py:137} INFO - [2026-09-30T23:59:49.206+0000] {dag.py:3427} INFO - Setting next_dagrun for example_kubernetes_executor to None, run_after=None
[2026-09-30T23:59:49.233+0000] {processor.py:175} INFO - Processing /home/airflow/.local/lib/python3.7/site-packages/airflow/example_dags/example_kubernetes_executor.py took 0.164 seconds
