[2026-09-30T19:10:07.846+0000] {processor.py:153} INFO - Started process (PID=69) to work on /home/airflow/.local/lib/python3.7/site-packages/airflow/example_dags/example_xcom.py
[2026-09-30T19:10:07.846+0000] {processor.py:743} INFO - Processing file /home/airflow/.local/lib/python3.7/site-packages/airflow/example_dags/example_xcom.py for tasks to queue
[2026-09-30T19:10:07.847+0000] {logging_mixin.py:137} INFO - [2026-09-30T19:10:07.847+0000] {dagbag.py:538} INFO - Filling up the DagBag from /home/airflow/.local/lib/python3.7/site-packages/airflow/example_dags/example_xcom.py
[2026-09-30T19:10:07.880+0000] {processor.py:753} INFO - DAG(s) dict_keys(['example_xcom']) retrieved from /home/airflow/.local/lib/python3.7/site-packages/airflow/example_dags/example_xcom.py
[2026-09-30T19:10:07.911+0000] {logging_mixin.py:137} INFO - [2026-09-30T19:10:07.911+0000] {dag.py:2676} INFO - Sync 1 DAGs
[2026-09-30T19:10:07.949+0000] {logging_mixin.py:137} INFO - [2026-09-30T19:10:07.949+0000] {dag.py:3427} INFO - Setting next_dagrun for example_xcom to 2021-01-01T00:00:00+00:00, run_after=2021-01-01T00:00:00+00:00
[2026-09-30T19:10:07.975+0000] {processor.py:175} INFO - Processing /home/airflow/.local/lib/python3.7/site-packages/airflow/example_dags/example_xcom.py took 0.133 seconds
[2026-09-30T19:10:38.793+0000] {processor.py:153} INFO - Started process (PID=158) to work on /home/airflow/.local/lib/python3.7/site-packages/airflow/example_dags/example_xcom.py
[2026-09-30T19:10:38.794+0000] {processor.py:743} INFO - Processing file /home/airflow/.local/lib/python3.7/site-packages/airflow/example_dags/example_xcom.py for tasks to queue
[2026-09-30T19:10:38.795+0000] {logging_mixin.py:137} INFO - [2026-09-30T19:10:38.794+0000] {dagbag.py:538} INFO - Filling up the DagBag from /home/airflow/.local/lib/python3.7/site-packages/airflow/example_dags/example_xcom.py
[2026-09-30T19:10:38.826+0000] {processor.py:753} INFO - DAG(s) dict_keys(['example_xcom']) retrieved from /home/airflow/.local/lib/python3.7/site-packages/airflow/example_dags/example_xcom.py
[2026-09-30T19:10:38.873+0000] {logging_mixin.py:137} INFO - [2026-09-30T19:10:38.873+0000] {dag.py:2676} INFO - Sync 1 DAGs
[2026-09-30T19:10:38.905+0000] {logging_mixin.py:137} INFO - [2026-09-30T19:10:38.905+0000] {dag.py:3427} INFO - Setting next_dagrun for example_xcom to 2021-01-01T00:00:00+00:00, run_after=2021-01-01T00:00:00+00:00
[2026-09-30T19:10:38.934+0000] {processor.py:175} INFO - Processing /home/airflow/.local/lib/python3.7/site-packages/airflow/example_dags/example_xcom.py took 0.145 seconds
[2026-09-30T19:11:09.253+0000] {processor.py:153} INFO - Started process (PID=236) to work on /home/airflow/.local/lib/python3.7/site-packages/airflow/example_dags/example_xcom.py
[2026-09-30T19:11:09.254+0000] {processor.py:743} INFO - Processing file /home/airflow/.local/lib/python3.7/site-packages/airflow/example_dags/example_xcom.py for tasks to queue
[2026-09-30T19:11:09.254+0000] {logging_mixin.py:137} INFO - [2026-09-30T19:11:09.254+0000] {dagbag.py:538} INFO - Filling up the DagBag from /home/airflow/.local/lib/python3.7/site-packages/airflow/example_dags/example_xcom.py
[2026-09-30T19:11:09.284+0000] {processor.py:753} INFO - DAG(s) dict_keys(['example_xcom']) retrieved from /home/airflow/.local/lib/python3.7/site-packages/airflow/example_dags/example_xcom.py
[2026-09-30T19:11:09.344+0000] {logging_mixin.py:137} INFO - [2026-09-30T19:11:09.344+0000] {dag.py:2676} INFO - Sync 1 DAGs
[2026-09-30T19:11:09.383+0000] {logging_mixin.py:137} INFO - [2026-09-30T19:11:09.383+0000] {dag.py:3427} INFO - Setting next_dagrun for example_xcom to 2021-01-01T00:00:00+00:00, run_after=2021-01-01T00:00:00+00:00
[2026-09-30T19:11:09.401+0000] {processor.py:175} INFO - Processing /home/airflow/.local/lib/python3.7/site-packages/airflow/example_dags/example_xcom.py took 0.152 seconds
[2026-09-30T19:11:40.299+0000] {processor.py:153} INFO - Started process (PID=314) to work on /home/airflow/.local/lib/python3.7/site-packages/airflow/example_dags/example_xcom.py
[2026-09-30T19:11:40.300+0000] {processor.py:743} INFO - Processing file /home/airflow/.local/lib/python3.7/site-packages/airflow/example_dags/example_xcom.py for tasks to queue
[2026-09-30T19:11:40.301+0000] {logging_mixin.py:137} INFO - [2026-09-30T19:11:40.301+0000] {dagbag.py:538} INFO - Filling up the DagBag from /home/airflow/.local/lib/python3.7/site-packages/airflow/example_dags/example_xcom.py
[2026-09-30T19:11:40.334+0000] {processor.py:753} INFO - DAG(s) dict_keys(['example_xcom']) retrieved from /home/airflow/.local/lib/python3.7/site-packages/airflow/example_dags/example_xcom.py
[2026-09-30T19:11:40.385+0000] {logging_mixin.py:137} INFO - [2026-09-30T19:11:40.385+0000] {dag.py:2676} INFO - Sync 1 DAGs
[2026-09-30T19:11:40.421+0000] {logging_mixin.py:137} INFO - [2026-09-30T19:11:40.421+0000] {dag.py:3427} INFO - Setting next_dagrun for example_xcom to 2021-01-01T00:00:00+00:00, run_after=2021-01-01T00:00:00+00:00
[2026-09-30T19:11:40.447+0000] {processor.py:175} INFO - Processing /home/airflow/.local/lib/python3.7/site-packages/airflow/example_dags/example_xcom.py took 0.152 seconds
[2026-09-30T19:12:11.227+0000] {processor.py:153} INFO - Started process (PID=412) to work on /home/airflow/.local/lib/python3.7/site-packages/airflow/example_dags/example_xcom.py
[2026-09-30T19:12:11.228+0000] {processor.py:743} INFO - Processing file /home/airflow/.local/lib/python3.7/site-packages/airflow/example_dags/example_xcom.py for tasks to queue
[2026-09-30T19:12:11.229+0000] {logging_mixin.py:137} INFO - [2026-09-30T19:12:11.229+0000] {dagbag.py:538} INFO - Filling up the DagBag from /home/airflow/.local/lib/python3.7/site-packages/airflow/example_dags/example_xcom.py
[2026-09-30T19:12:11.271+0000] {processor.py:753} INFO - DAG(s) dict_keys(['example_xcom']) retrieved from /home/airflow/.local/lib/python3.7/site-packages/airflow/example_dags/example_xcom.py
[2026-09-30T19:12:11.334+0000] {logging_mixin.py:137} INFO - [2026-09-30T19:12:11.334+0000] {dag.py:2676} INFO - Sync 1 DAGs
[2026-09-30T19:12:11.371+0000] {logging_mixin.py:137} INFO - [2026-09-30T19:12:11.371+0000] {dag.py:3427} INFO - Setting next_dagrun for example_xcom to 2021-01-01T00:00:00+00:00, run_after=2021-01-01T00:00:00+00:00
[2026-09-30T19:12:11.393+0000] {processor.py:175} INFO - Processing /home/airflow/.local/lib/python3.7/site-packages/airflow/example_dags/example_xcom.py took 0.170 seconds
[2026-09-30T19:12:41.655+0000] {processor.py:153} INFO - Started process (PID=490) to work on /home/airflow/.local/lib/python3.7/site-packages/airflow/example_dags/example_xcom.py
[2026-09-30T19:12:41.657+0000] {processor.py:743} INFO - Processing file /home/airflow/.local/lib/python3.7/site-packages/airflow/example_dags/example_xcom.py for tasks to queue
[2026-09-30T19:12:41.658+0000] {logging_mixin.py:137} INFO - [2026-09-30T19:12:41.657+0000] {dagbag.py:538} INFO - Filling up the DagBag from /home/airflow/.local/lib/python3.7/site-packages/airflow/example_dags/example_xcom.py
[2026-09-30T19:12:41.707+0000] {processor.py:753} INFO - DAG(s) dict_keys(['example_xcom']) retrieved from /home/airflow/.local/lib/python3.7/site-packages/airflow/example_dags/example_xcom.py
[2026-09-30T19:12:41.771+0000] {logging_mixin.py:137} INFO - [2026-09-30T19:12:41.771+0000] {dag.py:2676} INFO - Sync 1 DAGs
[2026-09-30T19:12:41.815+0000] {logging_mixin.py:137} INFO - [2026-09-30T19:12:41.814+0000] {dag.py:3427} INFO - Setting next_dagrun for example_xcom to 2021-01-01T00:00:00+00:00, run_after=2021-01-01T00:00:00+00:00
[2026-09-30T19:12:41.846+0000] {processor.py:175} INFO - Processing /home/airflow/.local/lib/python3.7/site-packages/airflow/example_dags/example_xcom.py took 0.197 seconds
[2026-09-30T19:13:12.106+0000] {processor.py:153} INFO - Started process (PID=568) to work on /home/airflow/.local/lib/python3.7/site-packages/airflow/example_dags/example_xcom.py
[2026-09-30T19:13:12.107+0000] {processor.py:743} INFO - Processing file /home/airflow/.local/lib/python3.7/site-packages/airflow/example_dags/example_xcom.py for tasks to queue
[2026-09-30T19:13:12.108+0000] {logging_mixin.py:137} INFO - [2026-09-30T19:13:12.107+0000] {dagbag.py:538} INFO - Filling up the DagBag from /home/airflow/.local/lib/python3.7/site-packages/airflow/example_dags/example_xcom.py
[2026-09-30T19:13:12.139+0000] {processor.py:753} INFO - DAG(s) dict_keys(['example_xcom']) retrieved from /home/airflow/.local/lib/python3.7/site-packages/airflow/example_dags/example_xcom.py
[2026-09-30T19:13:12.208+0000] {logging_mixin.py:137} INFO - [2026-09-30T19:13:12.208+0000] {dag.py:2676} INFO - Sync 1 DAGs
[2026-09-30T19:13:12.246+0000] {logging_mixin.py:137} INFO - [2026-09-30T19:13:12.245+0000] {dag.py:3427} INFO - Setting next_dagrun for example_xcom to 2021-01-01T00:00:00+00:00, run_after=2021-01-01T00:00:00+00:00
[2026-09-30T19:13:12.269+0000] {processor.py:175} INFO - Processing /home/airflow/.local/lib/python3.7/site-packages/airflow/example_dags/example_xcom.py took 0.166 seconds
[2026-09-30T19:13:43.173+0000] {processor.py:153} INFO - Started process (PID=646) to work on /home/airflow/.local/lib/python3.7/site-packages/airflow/example_dags/example_xcom.py
[2026-09-30T19:13:43.174+0000] {processor.py:743} INFO - Processing file /home/airflow/.local/lib/python3.7/site-packages/airflow/example_dags/example_xcom.py for tasks to queue
[2026-09-30T19:13:43.175+0000] {logging_mixin.py:137} INFO - [2026-09-30T19:13:43.174+0000] {dagbag.py:538} INFO - Filling up the DagBag from /home/airflow/.local/lib/python3.7/site-packages/airflow/example_dags/example_xcom.py
[2026-09-30T19:13:43.208+0000] {processor.py:753} INFO - DAG(s) dict_keys(['example_xcom']) retrieved from /home/airflow/.local/lib/python3.7/site-packages/airflow/example_dags/example_xcom.py
[2026-09-30T19:13:43.276+0000] {logging_mixin.py:137} INFO - [2026-09-30T19:13:43.276+0000] {dag.py:2676} INFO - Sync 1 DAGs
[2026-09-30T19:13:43.312+0000] {logging_mixin.py:137} INFO - [2026-09-30T19:13:43.312+0000] {dag.py:3427} INFO - Setting next_dagrun for example_xcom to 2021-01-01T00:00:00+00:00, run_after=2021-01-01T00:00:00+00:00
[2026-09-30T19:13:43.334+0000] {processor.py:175} INFO - Processing /home/airflow/.local/lib/python3.7/site-packages/airflow/example_dags/example_xcom.py took 0.165 seconds
[2026-09-30T19:14:13.623+0000] {processor.py:153} INFO - Started process (PID=744) to work on /home/airflow/.local/lib/python3.7/site-packages/airflow/example_dags/example_xcom.py
[2026-09-30T19:14:13.623+0000] {processor.py:743} INFO - Processing file /home/airflow/.local/lib/python3.7/site-packages/airflow/example_dags/example_xcom.py for tasks to queue
[2026-09-30T19:14:13.624+0000] {logging_mixin.py:137} INFO - [2026-09-30T19:14:13.624+0000] {dagbag.py:538} INFO - Filling up the DagBag from /home/airflow/.local/lib/python3.7/site-packages/airflow/example_dags/example_xcom.py
[2026-09-30T19:14:13.656+0000] {processor.py:753} INFO - DAG(s) dict_keys(['example_xcom']) retrieved from /home/airflow/.local/lib/python3.7/site-packages/airflow/example_dags/example_xcom.py
[2026-09-30T19:14:13.704+0000] {logging_mixin.py:137} INFO - [2026-09-30T19:14:13.704+0000] {dag.py:2676} INFO - Sync 1 DAGs
[2026-09-30T19:14:13.737+0000] {logging_mixin.py:137} INFO - [2026-09-30T19:14:13.737+0000] {dag.py:3427} INFO - Setting next_dagrun for example_xcom to 2021-01-01T00:00:00+00:00, run_after=2021-01-01T00:00:00+00:00
[2026-09-30T19:14:13.761+0000] {processor.py:175} INFO - Processing /home/airflow/.local/lib/python3.7/site-packages/airflow/example_dags/example_xcom.py took 0.142 seconds
[2026-09-30T19:14:43.952+0000] {processor.py:153} INFO - Started process (PID=822) to work on /home/airflow/.local/lib/python3.7/site-packages/airflow/example_dags/example_xcom.py
[2026-09-30T19:14:43.953+0000] {processor.py:743} INFO - Processing file /home/airflow/.local/lib/python3.7/site-packages/airflow/example_dags/example_xcom.py for tasks to queue
[2026-09-30T19:14:43.955+0000] {logging_mixin.py:137} INFO - [2026-09-30T19:14:43.954+0000] {dagbag.py:538} INFO - Filling up the DagBag from /home/airflow/.local/lib/python3.7/site-packages/airflow/example_dags/example_xcom.py
[2026-09-30T19:14:44.002+0000] {processor.py:753} INFO - DAG(s) dict_keys(['example_xcom']) retrieved from /home/airflow/.local/lib/python3.7/site-packages/airflow/example_dags/example_xcom.py
[2026-09-30T19:14:44.066+0000] {logging_mixin.py:137} INFO - [2026-09-30T19:14:44.065+0000] {dag.py:2676} INFO - Sync 1 DAGs
[2026-09-30T19:14:44.121+0000] {logging_mixin.py:137} INFO - [2026-09-30T19:14:44.120+0000] {dag.py:3427} INFO - Setting next_dagrun for example_xcom to 2021-01-01T00:00:00+00:00, run_after=2021-01-01T00:00:00+00:00
[2026-09-30T19:14:44.140+0000] {processor.py:175} INFO - Processing /home/airflow/.local/lib/python3.7/site-packages/airflow/example_dags/example_xcom.py took 0.194 seconds
[2026-09-30T19:15:14.237+0000] {processor.py:153} INFO - Started process (PID=900) to work on /home/airflow/.local/lib/python3.7/site-packages/airflow/example_dags/example_xcom.py
[2026-09-30T19:15:14.238+0000] {processor.py:743} INFO - Processing file /home/airflow/.local/lib/python3.7/site-packages/airflow/example_dags/example_xcom.py for tasks to queue
[2026-09-30T19:15:14.239+0000] {logging_mixin.py:137} INFO - [2026-09-30T19:15:14.239+0000] {dagbag.py:538} INFO - Filling up the DagBag from /home/airflow/.local/lib/python3.7/site-packages/airflow/example_dags/example_xcom.py
[2026-09-30T19:15:14.270+0000] {processor.py:753} INFO - DAG(s) dict_keys(['example_xcom']) retrieved from /home/airflow/.local/lib/python3.7/site-packages/airflow/example_dags/example_xcom.py
[2026-09-30T19:15:14.322+0000] {logging_mixin.py:137} INFO - [2026-09-30T19:15:14.322+0000] {dag.py:2676} INFO - Sync 1 DAGs
[2026-09-30T19:15:14.369+0000] {logging_mixin.py:137} INFO - [2026-09-30T19:15:14.369+0000] {dag.py:3427} INFO - Setting next_dagrun for example_xcom to 2021-01-01T00:00:00+00:00, run_after=2021-01-01T00:00:00+00:00
[2026-09-30T19:15:14.395+0000] {processor.py:175} INFO - Processing /home/airflow/.local/lib/python3.7/site-packages/airflow/example_dags/example_xcom.py took 0.164 seconds
[2026-09-30T19:15:44.689+0000] {processor.py:153} INFO - Started process (PID=978) to work on /home/airflow/.local/lib/python3.7/site-packages/airflow/example_dags/example_xcom.py
[2026-09-30T19:15:44.691+0000] {processor.py:743} INFO - Processing file /home/airflow/.local/lib/python3.7/site-packages/airflow/example_dags/example_xcom.py for tasks to queue
[2026-09-30T19:15:44.692+0000] {logging_mixin.py:137} INFO - [2026-09-30T19:15:44.692+0000] {dagbag.py:538} INFO - Filling up the DagBag from /home/airflow/.local/lib/python3.7/site-packages/airflow/example_dags/example_xcom.py
[2026-09-30T19:15:44.726+0000] {processor.py:753} INFO - DAG(s) dict_keys(['example_xcom']) retrieved from /home/airflow/.local/lib/python3.7/site-packages/airflow/example_dags/example_xcom.py
[2026-09-30T19:15:44.788+0000] {logging_mixin.py:137} INFO - [2026-09-30T19:15:44.788+0000] {dag.py:2676} INFO - Sync 1 DAGs
[2026-09-30T19:15:44.826+0000] {logging_mixin.py:137} INFO - [2026-09-30T19:15:44.826+0000] {dag.py:3427} INFO - Setting next_dagrun for example_xcom to 2021-01-01T00:00:00+00:00, run_after=2021-01-01T00:00:00+00:00
[2026-09-30T19:15:44.856+0000] {processor.py:175} INFO - Processing /home/airflow/.local/lib/python3.7/site-packages/airflow/example_dags/example_xcom.py took 0.172 seconds
[2026-09-30T19:16:15.200+0000] {processor.py:153} INFO - Started process (PID=1065) to work on /home/airflow/.local/lib/python3.7/site-packages/airflow/example_dags/example_xcom.py
[2026-09-30T19:16:15.202+0000] {processor.py:743} INFO - Processing file /home/airflow/.local/lib/python3.7/site-packages/airflow/example_dags/example_xcom.py for tasks to queue
[2026-09-30T19:16:15.204+0000] {logging_mixin.py:137} INFO - [2026-09-30T19:16:15.203+0000] {dagbag.py:538} INFO - Filling up the DagBag from /home/airflow/.local/lib/python3.7/site-packages/airflow/example_dags/example_xcom.py
[2026-09-30T19:16:15.257+0000] {processor.py:753} INFO - DAG(s) dict_keys(['example_xcom']) retrieved from /home/airflow/.local/lib/python3.7/site-packages/airflow/example_dags/example_xcom.py
[2026-09-30T19:16:15.349+0000] {logging_mixin.py:137} INFO - [2026-09-30T19:16:15.348+0000] {dag.py:2676} INFO - Sync 1 DAGs
[2026-09-30T19:16:15.389+0000] {logging_mixin.py:137} INFO - [2026-09-30T19:16:15.389+0000] {dag.py:3427} INFO - Setting next_dagrun for example_xcom to 2021-01-01T00:00:00+00:00, run_after=2021-01-01T00:00:00+00:00
[2026-09-30T19:16:15.418+0000] {processor.py:175} INFO - Processing /home/airflow/.local/lib/python3.7/site-packages/airflow/example_dags/example_xcom.py took 0.225 seconds
[2026-09-30T19:16:46.419+0000] {processor.py:153} INFO - Started process (PID=1154) to work on /home/airflow/.local/lib/python3.7/site-packages/airflow/example_dags/example_xcom.py
[2026-09-30T19:16:46.421+0000] {processor.py:743} INFO - Processing file /home/airflow/.local/lib/python3.7/site-packages/airflow/example_dags/example_xcom.py for tasks to queue
[2026-09-30T19:16:46.422+0000] {logging_mixin.py:137} INFO - [2026-09-30T19:16:46.422+0000] {dagbag.py:538} INFO - Filling up the DagBag from /home/airflow/.local/lib/python3.7/site-packages/airflow/example_dags/example_xcom.py
[2026-09-30T19:16:46.471+0000] {processor.py:753} INFO - DAG(s) dict_keys(['example_xcom']) retrieved from /home/airflow/.local/lib/python3.7/site-packages/airflow/example_dags/example_xcom.py
[2026-09-30T19:16:46.526+0000] {logging_mixin.py:137} INFO - [2026-09-30T19:16:46.526+0000] {dag.py:2676} INFO - Sync 1 DAGs
[2026-09-30T19:16:46.560+0000] {logging_mixin.py:137} INFO - [2026-09-30T19:16:46.560+0000] {dag.py:3427} INFO - Setting next_dagrun for example_xcom to 2021-01-01T00:00:00+00:00, run_after=2021-01-01T00:00:00+00:00
[2026-09-30T19:16:46.583+0000] {processor.py:175} INFO - Processing /home/airflow/.local/lib/python3.7/site-packages/airflow/example_dags/example_xcom.py took 0.169 seconds
[2026-09-30T19:17:17.314+0000] {processor.py:153} INFO - Started process (PID=1232) to work on /home/airflow/.local/lib/python3.7/site-packages/airflow/example_dags/example_xcom.py
[2026-09-30T19:17:17.315+0000] {processor.py:743} INFO - Processing file /home/airflow/.local/lib/python3.7/site-packages/airflow/example_dags/example_xcom.py for tasks to queue
[2026-09-30T19:17:17.316+0000] {logging_mixin.py:137} INFO - [2026-09-30T19:17:17.316+0000] {dagbag.py:538} INFO - Filling up the DagBag from /home/airflow/.local/lib/python3.7/site-packages/airflow/example_dags/example_xcom.py
[2026-09-30T19:17:17.348+0000] {processor.py:753} INFO - DAG(s) dict_keys(['example_xcom']) retrieved from /home/airflow/.local/lib/python3.7/site-packages/airflow/example_dags/example_xcom.py
[2026-09-30T19:17:17.398+0000] {logging_mixin.py:137} INFO - [2026-09-30T19:17:17.398+0000] {dag.py:2676} INFO - Sync 1 DAGs
[2026-09-30T19:17:17.438+0000] {logging_mixin.py:137} INFO - [2026-09-30T19:17:17.438+0000] {dag.py:3427} INFO - Setting next_dagrun for example_xcom to 2021-01-01T00:00:00+00:00, run_after=2021-01-01T00:00:00+00:00
[2026-09-30T19:17:17.471+0000] {processor.py:175} INFO - Processing /home/airflow/.local/lib/python3.7/site-packages/airflow/example_dags/example_xcom.py took 0.160 seconds
[2026-09-30T19:17:48.060+0000] {processor.py:153} INFO - Started process (PID=1310) to work on /home/airflow/.local/lib/python3.7/site-packages/airflow/example_dags/example_xcom.py
[2026-09-30T19:17:48.063+0000] {processor.py:743} INFO - Processing file /home/airflow/.local/lib/python3.7/site-packages/airflow/example_dags/example_xcom.py for tasks to queue
[2026-09-30T19:17:48.063+0000] {logging_mixin.py:137} INFO - [2026-09-30T19:17:48.063+0000] {dagbag.py:538} INFO - Filling up the DagBag from /home/airflow/.local/lib/python3.7/site-packages/airflow/example_dags/example_xcom.py
[2026-09-30T19:17:48.093+0000] {processor.py:753} INFO - DAG(s) dict_keys(['example_xcom']) retrieved from /home/airflow/.local/lib/python3.7/site-packages/airflow/example_dags/example_xcom.py
[2026-09-30T19:17:48.142+0000] {logging_mixin.py:137} INFO - [2026-09-30T19:17:48.142+0000] {dag.py:2676} INFO - Sync 1 DAGs
[2026-09-30T19:17:48.176+0000] {logging_mixin.py:137} INFO - [2026-09-30T19:17:48.175+0000] {dag.py:3427} INFO - Setting next_dagrun for example_xcom to 2021-01-01T00:00:00+00:00, run_after=2021-01-01T00:00:00+00:00
[2026-09-30T19:17:48.203+0000] {processor.py:175} INFO - Processing /home/airflow/.local/lib/python3.7/site-packages/airflow/example_dags/example_xcom.py took 0.149 seconds
[2026-09-30T19:18:18.802+0000] {processor.py:153} INFO - Started process (PID=1408) to work on /home/airflow/.local/lib/python3.7/site-packages/airflow/example_dags/example_xcom.py
[2026-09-30T19:18:18.802+0000] {processor.py:743} INFO - Processing file /home/airflow/.local/lib/python3.7/site-packages/airflow/example_dags/example_xcom.py for tasks to queue
[2026-09-30T19:18:18.803+0000] {logging_mixin.py:137} INFO - [2026-09-30T19:18:18.803+0000] {dagbag.py:538} INFO - Filling up the DagBag from /home/airflow/.local/lib/python3.7/site-packages/airflow/example_dags/example_xcom.py
[2026-09-30T19:18:18.824+0000] {processor.py:753} INFO - DAG(s) dict_keys(['example_xcom']) retrieved from /home/airflow/.local/lib/python3.7/site-packages/airflow/example_dags/example_xcom.py
[2026-09-30T19:18:18.859+0000] {logging_mixin.py:137} INFO - [2026-09-30T19:18:18.859+0000] {dag.py:2676} INFO - Sync 1 DAGs
[2026-09-30T19:18:18.882+0000] {logging_mixin.py:137} INFO - [2026-09-30T19:18:18.882+0000] {dag.py:3427} INFO - Setting next_dagrun for example_xcom to 2021-01-01T00:00:00+00:00, run_after=2021-01-01T00:00:00+00:00
[2026-09-30T19:18:18.898+0000] {processor.py:175} INFO - Processing /home/airflow/.local/lib/python3.7/site-packages/airflow/example_dags/example_xcom.py took 0.099 seconds
[2026-09-30T19:18:49.186+0000] {processor.py:153} INFO - Started process (PID=1486) to work on /home/airflow/.local/lib/python3.7/site-packages/airflow/example_dags/example_xcom.py
[2026-09-30T19:18:49.189+0000] {processor.py:743} INFO - Processing file /home/airflow/.local/lib/python3.7/site-packages/airflow/example_dags/example_xcom.py for tasks to queue
[2026-09-30T19:18:49.190+0000] {logging_mixin.py:137} INFO - [2026-09-30T19:18:49.189+0000] {dagbag.py:538} INFO - Filling up the DagBag from /home/airflow/.local/lib/python3.7/site-packages/airflow/example_dags/example_xcom.py
[2026-09-30T19:18:49.217+0000] {processor.py:753} INFO - DAG(s) dict_keys(['example_xcom']) retrieved from /home/airflow/.local/lib/python3.7/site-packages/airflow/example_dags/example_xcom.py
[2026-09-30T19:18:49.262+0000] {logging_mixin.py:137} INFO - [2026-09-30T19:18:49.262+0000] {dag.py:2676} INFO - Sync 1 DAGs
[2026-09-30T19:18:49.299+0000] {logging_mixin.py:137} INFO - [2026-09-30T19:18:49.299+0000] {dag.py:3427} INFO - Setting next_dagrun for example_xcom to 2021-01-01T00:00:00+00:00, run_after=2021-01-01T00:00:00+00:00
[2026-09-30T19:18:49.326+0000] {processor.py:175} INFO - Processing /home/airflow/.local/lib/python3.7/site-packages/airflow/example_dags/example_xcom.py took 0.143 seconds
[2026-09-30T19:19:19.380+0000] {processor.py:153} INFO - Started process (PID=1564) to work on /home/airflow/.local/lib/python3.7/site-packages/airflow/example_dags/example_xcom.py
[2026-09-30T19:19:19.381+0000] {processor.py:743} INFO - Processing file /home/airflow/.local/lib/python3.7/site-packages/airflow/example_dags/example_xcom.py for tasks to queue
[2026-09-30T19:19:19.382+0000] {logging_mixin.py:137} INFO - [2026-09-30T19:19:19.381+0000] {dagbag.py:538} INFO - Filling up the DagBag from /home/airflow/.local/lib/python3.7/site-packages/airflow/example_dags/example_xcom.py
[2026-09-30T19:19:19.413+0000] {processor.py:753} INFO - DAG(s) dict_keys(['example_xcom']) retrieved from /home/airflow/.local/lib/python3.7/site-packages/airflow/example_dags/example_xcom.py
[2026-09-30T19:19:19.465+0000] {logging_mixin.py:137} INFO - [2026-09-30T19:19:19.464+0000] {dag.py:2676} INFO - Sync 1 DAGs
[2026-09-30T19:19:19.503+0000] {logging_mixin.py:137} INFO - [2026-09-30T19:19:19.502+0000] {dag.py:3427} INFO - Setting next_dagrun for example_xcom to 2021-01-01T00:00:00+00:00, run_after=2021-01-01T00:00:00+00:00
[2026-09-30T19:19:19.524+0000] {processor.py:175} INFO - Processing /home/airflow/.local/lib/python3.7/site-packages/airflow/example_dags/example_xcom.py took 0.148 seconds
[2026-09-30T19:19:50.479+0000] {processor.py:153} INFO - Started process (PID=1662) to work on /home/airflow/.local/lib/python3.7/site-packages/airflow/example_dags/example_xcom.py
[2026-09-30T19:19:50.480+0000] {processor.py:743} INFO - Processing file /home/airflow/.local/lib/python3.7/site-packages/airflow/example_dags/example_xcom.py for tasks to queue
[2026-09-30T19:19:50.481+0000] {logging_mixin.py:137} INFO - [2026-09-30T19:19:50.481+0000] {dagbag.py:538} INFO - Filling up the DagBag from /home/airflow/.local/lib/python3.7/site-packages/airflow/example_dags/example_xcom.py
[2026-09-30T19:19:50.510+0000] {processor.py:753} INFO - DAG(s) dict_keys(['example_xcom']) retrieved from /home/airflow/.local/lib/python3.7/site-packages/airflow/example_dags/example_xcom.py
[2026-09-30T19:19:50.558+0000] {logging_mixin.py:137} INFO - [2026-09-30T19:19:50.558+0000] {dag.py:2676} INFO - Sync 1 DAGs
[2026-09-30T19:19:50.589+0000] {logging_mixin.py:137} INFO - [2026-09-30T19:19:50.589+0000] {dag.py:3427} INFO - Setting next_dagrun for example_xcom to 2021-01-01T00:00:00+00:00, run_after=2021-01-01T00:00:00+00:00
[2026-09-30T19:19:50.610+0000] {processor.py:175} INFO - Processing /home/airflow/.local/lib/python3.7/site-packages/airflow/example_dags/example_xcom.py took 0.135 seconds
[2026-09-30T19:20:20.995+0000] {processor.py:153} INFO - Started process (PID=1741) to work on /home/airflow/.local/lib/python3.7/site-packages/airflow/example_dags/example_xcom.py
[2026-09-30T19:20:20.996+0000] {processor.py:743} INFO - Processing file /home/airflow/.local/lib/python3.7/site-packages/airflow/example_dags/example_xcom.py for tasks to queue
[2026-09-30T19:20:20.997+0000] {logging_mixin.py:137} INFO - [2026-09-30T19:20:20.996+0000] {dagbag.py:538} INFO - Filling up the DagBag from /home/airflow/.local/lib/python3.7/site-packages/airflow/example_dags/example_xcom.py
[2026-09-30T19:20:21.019+0000] {processor.py:753} INFO - DAG(s) dict_keys(['example_xcom']) retrieved from /home/airflow/.local/lib/python3.7/site-packages/airflow/example_dags/example_xcom.py
[2026-09-30T19:20:21.055+0000] {logging_mixin.py:137} INFO - [2026-09-30T19:20:21.054+0000] {dag.py:2676} INFO - Sync 1 DAGs
[2026-09-30T19:20:21.076+0000] {logging_mixin.py:137} INFO - [2026-09-30T19:20:21.076+0000] {dag.py:3427} INFO - Setting next_dagrun for example_xcom to 2021-01-01T00:00:00+00:00, run_after=2021-01-01T00:00:00+00:00
[2026-09-30T19:20:21.093+0000] {processor.py:175} INFO - Processing /home/airflow/.local/lib/python3.7/site-packages/airflow/example_dags/example_xcom.py took 0.101 seconds
[2026-09-30T19:20:51.865+0000] {processor.py:153} INFO - Started process (PID=1820) to work on /home/airflow/.local/lib/python3.7/site-packages/airflow/example_dags/example_xcom.py
[2026-09-30T19:20:51.866+0000] {processor.py:743} INFO - Processing file /home/airflow/.local/lib/python3.7/site-packages/airflow/example_dags/example_xcom.py for tasks to queue
[2026-09-30T19:20:51.867+0000] {logging_mixin.py:137} INFO - [2026-09-30T19:20:51.867+0000] {dagbag.py:538} INFO - Filling up the DagBag from /home/airflow/.local/lib/python3.7/site-packages/airflow/example_dags/example_xcom.py
[2026-09-30T19:20:51.901+0000] {processor.py:753} INFO - DAG(s) dict_keys(['example_xcom']) retrieved from /home/airflow/.local/lib/python3.7/site-packages/airflow/example_dags/example_xcom.py
[2026-09-30T19:20:51.952+0000] {logging_mixin.py:137} INFO - [2026-09-30T19:20:51.952+0000] {dag.py:2676} INFO - Sync 1 DAGs
[2026-09-30T19:20:51.986+0000] {logging_mixin.py:137} INFO - [2026-09-30T19:20:51.986+0000] {dag.py:3427} INFO - Setting next_dagrun for example_xcom to 2021-01-01T00:00:00+00:00, run_after=2021-01-01T00:00:00+00:00
[2026-09-30T19:20:52.008+0000] {processor.py:175} INFO - Processing /home/airflow/.local/lib/python3.7/site-packages/airflow/example_dags/example_xcom.py took 0.147 seconds
[2026-09-30T19:21:22.188+0000] {processor.py:153} INFO - Started process (PID=1899) to work on /home/airflow/.local/lib/python3.7/site-packages/airflow/example_dags/example_xcom.py
[2026-09-30T19:21:22.188+0000] {processor.py:743} INFO - Processing file /home/airflow/.local/lib/python3.7/site-packages/airflow/example_dags/example_xcom.py for tasks to queue
[2026-09-30T19:21:22.189+0000] {logging_mixin.py:137} INFO - [2026-09-30T19:21:22.189+0000] {dagbag.py:538} INFO - Filling up the DagBag from /home/airflow/.local/lib/python3.7/site-packages/airflow/example_dags/example_xcom.py
[2026-09-30T19:21:22.218+0000] {processor.py:753} INFO - DAG(s) dict_keys(['example_xcom']) retrieved from /home/airflow/.local/lib/python3.7/site-packages/airflow/example_dags/example_xcom.py
[2026-09-30T19:21:22.267+0000] {logging_mixin.py:137} INFO - [2026-09-30T19:21:22.266+0000] {dag.py:2676} INFO - Sync 1 DAGs
[2026-09-30T19:21:22.303+0000] {logging_mixin.py:137} INFO - [2026-09-30T19:21:22.303+0000] {dag.py:3427} INFO - Setting next_dagrun for example_xcom to 2021-01-01T00:00:00+00:00, run_after=2021-01-01T00:00:00+00:00
[2026-09-30T19:21:22.329+0000] {processor.py:175} INFO - Processing /home/airflow/.local/lib/python3.7/site-packages/airflow/example_dags/example_xcom.py took 0.145 seconds
[2026-09-30T19:21:52.581+0000] {processor.py:153} INFO - Started process (PID=1987) to work on /home/airflow/.local/lib/python3.7/site-packages/airflow/example_dags/example_xcom.py
[2026-09-30T19:21:52.582+0000] {processor.py:743} INFO - Processing file /home/airflow/.local/lib/python3.7/site-packages/airflow/example_dags/example_xcom.py for tasks to queue
[2026-09-30T19:21:52.583+0000] {logging_mixin.py:137} INFO - [2026-09-30T19:21:52.583+0000] {dagbag.py:538} INFO - Filling up the DagBag from /home/airflow/.local/lib/python3.7/site-packages/airflow/example_dags/example_xcom.py
[2026-09-30T19:21:52.615+0000] {processor.py:753} INFO - DAG(s) dict_keys(['example_xcom']) retrieved from /home/airflow/.local/lib/python3.7/site-packages/airflow/example_dags/example_xcom.py
[2026-09-30T19:21:52.668+0000] {logging_mixin.py:137} INFO - [2026-09-30T19:21:52.668+0000] {dag.py:2676} INFO - Sync 1 DAGs
[2026-09-30T19:21:52.700+0000] {logging_mixin.py:137} INFO - [2026-09-30T19:21:52.699+0000] {dag.py:3427} INFO - Setting next_dagrun for example_xcom to 2021-01-01T00:00:00+00:00, run_after=2021-01-01T00:00:00+00:00
[2026-09-30T19:21:52.737+0000] {processor.py:175} INFO - Processing /home/airflow/.local/lib/python3.7/site-packages/airflow/example_dags/example_xcom.py took 0.160 seconds
[2026-09-30T19:22:23.522+0000] {processor.py:153} INFO - Started process (PID=2077) to work on /home/airflow/.local/lib/python3.7/site-packages/airflow/example_dags/example_xcom.py
[2026-09-30T19:22:23.523+0000] {processor.py:743} INFO - Processing file /home/airflow/.local/lib/python3.7/site-packages/airflow/example_dags/example_xcom.py for tasks to queue
[2026-09-30T19:22:23.524+0000] {logging_mixin.py:137} INFO - [2026-09-30T19:22:23.524+0000] {dagbag.py:538} INFO - Filling up the DagBag from /home/airflow/.local/lib/python3.7/site-packages/airflow/example_dags/example_xcom.py
[2026-09-30T19:22:23.572+0000] {processor.py:753} INFO - DAG(s) dict_keys(['example_xcom']) retrieved from /home/airflow/.local/lib/python3.7/site-packages/airflow/example_dags/example_xcom.py
[2026-09-30T19:22:23.631+0000] {logging_mixin.py:137} INFO - [2026-09-30T19:22:23.631+0000] {dag.py:2676} INFO - Sync 1 DAGs
[2026-09-30T19:22:23.661+0000] {logging_mixin.py:137} INFO - [2026-09-30T19:22:23.661+0000] {dag.py:3427} INFO - Setting next_dagrun for example_xcom to 2021-01-01T00:00:00+00:00, run_after=2021-01-01T00:00:00+00:00
[2026-09-30T19:22:23.683+0000] {processor.py:175} INFO - Processing /home/airflow/.local/lib/python3.7/site-packages/airflow/example_dags/example_xcom.py took 0.168 seconds
[2026-09-30T19:22:54.657+0000] {processor.py:153} INFO - Started process (PID=2160) to work on /home/airflow/.local/lib/python3.7/site-packages/airflow/example_dags/example_xcom.py
[2026-09-30T19:22:54.659+0000] {processor.py:743} INFO - Processing file /home/airflow/.local/lib/python3.7/site-packages/airflow/example_dags/example_xcom.py for tasks to queue
[2026-09-30T19:22:54.660+0000] {logging_mixin.py:137} INFO - [2026-09-30T19:22:54.660+0000] {dagbag.py:538} INFO - Filling up the DagBag from /home/airflow/.local/lib/python3.7/site-packages/airflow/example_dags/example_xcom.py
[2026-09-30T19:22:54.689+0000] {processor.py:753} INFO - DAG(s) dict_keys(['example_xcom']) retrieved from /home/airflow/.local/lib/python3.7/site-packages/airflow/example_dags/example_xcom.py
[2026-09-30T19:22:54.731+0000] {logging_mixin.py:137} INFO - [2026-09-30T19:22:54.731+0000] {dag.py:2676} INFO - Sync 1 DAGs
[2026-09-30T19:22:54.759+0000] {logging_mixin.py:137} INFO - [2026-09-30T19:22:54.759+0000] {dag.py:3427} INFO - Setting next_dagrun for example_xcom to 2021-01-01T00:00:00+00:00, run_after=2021-01-01T00:00:00+00:00
[2026-09-30T19:22:54.783+0000] {processor.py:175} INFO - Processing /home/airflow/.local/lib/python3.7/site-packages/airflow/example_dags/example_xcom.py took 0.129 seconds
[2026-09-30T19:23:25.589+0000] {processor.py:153} INFO - Started process (PID=2239) to work on /home/airflow/.local/lib/python3.7/site-packages/airflow/example_dags/example_xcom.py
[2026-09-30T19:23:25.590+0000] {processor.py:743} INFO - Processing file /home/airflow/.local/lib/python3.7/site-packages/airflow/example_dags/example_xcom.py for tasks to queue
[2026-09-30T19:23:25.590+0000] {logging_mixin.py:137} INFO - [2026-09-30T19:23:25.590+0000] {dagbag.py:538} INFO - Filling up the DagBag from /home/airflow/.local/lib/python3.7/site-packages/airflow/example_dags/example_xcom.py
[2026-09-30T19:23:25.622+0000] {processor.py:753} INFO - DAG(s) dict_keys(['example_xcom']) retrieved from /home/airflow/.local/lib/python3.7/site-packages/airflow/example_dags/example_xcom.py
[2026-09-30T19:23:25.681+0000] {logging_mixin.py:137} INFO - [2026-09-30T19:23:25.681+0000] {dag.py:2676} INFO - Sync 1 DAGs
[2026-09-30T19:23:25.713+0000] {logging_mixin.py:137} INFO - [2026-09-30T19:23:25.713+0000] {dag.py:3427} INFO - Setting next_dagrun for example_xcom to 2021-01-01T00:00:00+00:00, run_after=2021-01-01T00:00:00+00:00
[2026-09-30T19:23:25.740+0000] {processor.py:175} INFO - Processing /home/airflow/.local/lib/python3.7/site-packages/airflow/example_dags/example_xcom.py took 0.155 seconds
[2026-09-30T19:23:55.915+0000] {processor.py:153} INFO - Started process (PID=2342) to work on /home/airflow/.local/lib/python3.7/site-packages/airflow/example_dags/example_xcom.py
[2026-09-30T19:23:55.917+0000] {processor.py:743} INFO - Processing file /home/airflow/.local/lib/python3.7/site-packages/airflow/example_dags/example_xcom.py for tasks to queue
[2026-09-30T19:23:55.918+0000] {logging_mixin.py:137} INFO - [2026-09-30T19:23:55.918+0000] {dagbag.py:538} INFO - Filling up the DagBag from /home/airflow/.local/lib/python3.7/site-packages/airflow/example_dags/example_xcom.py
[2026-09-30T19:23:55.958+0000] {processor.py:753} INFO - DAG(s) dict_keys(['example_xcom']) retrieved from /home/airflow/.local/lib/python3.7/site-packages/airflow/example_dags/example_xcom.py
[2026-09-30T19:23:56.017+0000] {logging_mixin.py:137} INFO - [2026-09-30T19:23:56.017+0000] {dag.py:2676} INFO - Sync 1 DAGs
[2026-09-30T19:23:56.051+0000] {logging_mixin.py:137} INFO - [2026-09-30T19:23:56.051+0000] {dag.py:3427} INFO - Setting next_dagrun for example_xcom to 2021-01-01T00:00:00+00:00, run_after=2021-01-01T00:00:00+00:00
[2026-09-30T19:23:56.075+0000] {processor.py:175} INFO - Processing /home/airflow/.local/lib/python3.7/site-packages/airflow/example_dags/example_xcom.py took 0.168 seconds
[2026-09-30T19:24:26.496+0000] {processor.py:153} INFO - Started process (PID=2426) to work on /home/airflow/.local/lib/python3.7/site-packages/airflow/example_dags/example_xcom.py
[2026-09-30T19:24:26.499+0000] {processor.py:743} INFO - Processing file /home/airflow/.local/lib/python3.7/site-packages/airflow/example_dags/example_xcom.py for tasks to queue
[2026-09-30T19:24:26.500+0000] {logging_mixin.py:137} INFO - [2026-09-30T19:24:26.500+0000] {dagbag.py:538} INFO - Filling up the DagBag from /home/airflow/.local/lib/python3.7/site-packages/airflow/example_dags/example_xcom.py
[2026-09-30T19:24:26.542+0000] {processor.py:753} INFO - DAG(s) dict_keys(['example_xcom']) retrieved from /home/airflow/.local/lib/python3.7/site-packages/airflow/example_dags/example_xcom.py
[2026-09-30T19:24:26.594+0000] {logging_mixin.py:137} INFO - [2026-09-30T19:24:26.594+0000] {dag.py:2676} INFO - Sync 1 DAGs
[2026-09-30T19:24:26.635+0000] {logging_mixin.py:137} INFO - [2026-09-30T19:24:26.635+0000] {dag.py:3427} INFO - Setting next_dagrun for example_xcom to 2021-01-01T00:00:00+00:00, run_after=2021-01-01T00:00:00+00:00
[2026-09-30T19:24:26.661+0000] {processor.py:175} INFO - Processing /home/airflow/.local/lib/python3.7/site-packages/airflow/example_dags/example_xcom.py took 0.171 seconds
[2026-09-30T19:24:57.066+0000] {processor.py:153} INFO - Started process (PID=2505) to work on /home/airflow/.local/lib/python3.7/site-packages/airflow/example_dags/example_xcom.py
[2026-09-30T19:24:57.067+0000] {processor.py:743} INFO - Processing file /home/airflow/.local/lib/python3.7/site-packages/airflow/example_dags/example_xcom.py for tasks to queue
[2026-09-30T19:24:57.068+0000] {logging_mixin.py:137} INFO - [2026-09-30T19:24:57.068+0000] {dagbag.py:538} INFO - Filling up the DagBag from /home/airflow/.local/lib/python3.7/site-packages/airflow/example_dags/example_xcom.py
[2026-09-30T19:24:57.103+0000] {processor.py:753} INFO - DAG(s) dict_keys(['example_xcom']) retrieved from /home/airflow/.local/lib/python3.7/site-packages/airflow/example_dags/example_xcom.py
[2026-09-30T19:24:57.174+0000] {logging_mixin.py:137} INFO - [2026-09-30T19:24:57.173+0000] {dag.py:2676} INFO - Sync 1 DAGs
[2026-09-30T19:24:57.222+0000] {logging_mixin.py:137} INFO - [2026-09-30T19:24:57.222+0000] {dag.py:3427} INFO - Setting next_dagrun for example_xcom to 2021-01-01T00:00:00+00:00, run_after=2021-01-01T00:00:00+00:00
[2026-09-30T19:24:57.252+0000] {processor.py:175} INFO - Processing /home/airflow/.local/lib/python3.7/site-packages/airflow/example_dags/example_xcom.py took 0.192 seconds
[2026-09-30T19:25:27.360+0000] {processor.py:153} INFO - Started process (PID=2587) to work on /home/airflow/.local/lib/python3.7/site-packages/airflow/example_dags/example_xcom.py
[2026-09-30T19:25:27.361+0000] {processor.py:743} INFO - Processing file /home/airflow/.local/lib/python3.7/site-packages/airflow/example_dags/example_xcom.py for tasks to queue
[2026-09-30T19:25:27.362+0000] {logging_mixin.py:137} INFO - [2026-09-30T19:25:27.362+0000] {dagbag.py:538} INFO - Filling up the DagBag from /home/airflow/.local/lib/python3.7/site-packages/airflow/example_dags/example_xcom.py
[2026-09-30T19:25:27.410+0000] {processor.py:753} INFO - DAG(s) dict_keys(['example_xcom']) retrieved from /home/airflow/.local/lib/python3.7/site-packages/airflow/example_dags/example_xcom.py
[2026-09-30T19:25:27.473+0000] {logging_mixin.py:137} INFO - [2026-09-30T19:25:27.473+0000] {dag.py:2676} INFO - Sync 1 DAGs
[2026-09-30T19:25:27.511+0000] {logging_mixin.py:137} INFO - [2026-09-30T19:25:27.510+0000] {dag.py:3427} INFO - Setting next_dagrun for example_xcom to 2021-01-01T00:00:00+00:00, run_after=2021-01-01T00:00:00+00:00
[2026-09-30T19:25:27.535+0000] {processor.py:175} INFO - Processing /home/airflow/.local/lib/python3.7/site-packages/airflow/example_dags/example_xcom.py took 0.181 seconds
[2026-09-30T19:25:57.901+0000] {processor.py:153} INFO - Started process (PID=2686) to work on /home/airflow/.local/lib/python3.7/site-packages/airflow/example_dags/example_xcom.py
[2026-09-30T19:25:57.902+0000] {processor.py:743} INFO - Processing file /home/airflow/.local/lib/python3.7/site-packages/airflow/example_dags/example_xcom.py for tasks to queue
[2026-09-30T19:25:57.904+0000] {logging_mixin.py:137} INFO - [2026-09-30T19:25:57.903+0000] {dagbag.py:538} INFO - Filling up the DagBag from /home/airflow/.local/lib/python3.7/site-packages/airflow/example_dags/example_xcom.py
[2026-09-30T19:25:57.933+0000] {processor.py:753} INFO - DAG(s) dict_keys(['example_xcom']) retrieved from /home/airflow/.local/lib/python3.7/site-packages/airflow/example_dags/example_xcom.py
[2026-09-30T19:25:58.003+0000] {logging_mixin.py:137} INFO - [2026-09-30T19:25:58.003+0000] {dag.py:2676} INFO - Sync 1 DAGs
[2026-09-30T19:25:58.036+0000] {logging_mixin.py:137} INFO - [2026-09-30T19:25:58.036+0000] {dag.py:3427} INFO - Setting next_dagrun for example_xcom to 2021-01-01T00:00:00+00:00, run_after=2021-01-01T00:00:00+00:00
[2026-09-30T19:25:58.056+0000] {processor.py:175} INFO - Processing /home/airflow/.local/lib/python3.7/site-packages/airflow/example_dags/example_xcom.py took 0.162 seconds
[2026-09-30T19:26:28.728+0000] {processor.py:153} INFO - Started process (PID=2765) to work on /home/airflow/.local/lib/python3.7/site-packages/airflow/example_dags/example_xcom.py
[2026-09-30T19:26:28.729+0000] {processor.py:743} INFO - Processing file /home/airflow/.local/lib/python3.7/site-packages/airflow/example_dags/example_xcom.py for tasks to queue
[2026-09-30T19:26:28.730+0000] {logging_mixin.py:137} INFO - [2026-09-30T19:26:28.730+0000] {dagbag.py:538} INFO - Filling up the DagBag from /home/airflow/.local/lib/python3.7/site-packages/airflow/example_dags/example_xcom.py
[2026-09-30T19:26:28.764+0000] {processor.py:753} INFO - DAG(s) dict_keys(['example_xcom']) retrieved from /home/airflow/.local/lib/python3.7/site-packages/airflow/example_dags/example_xcom.py
[2026-09-30T19:26:28.816+0000] {logging_mixin.py:137} INFO - [2026-09-30T19:26:28.816+0000] {dag.py:2676} INFO - Sync 1 DAGs
[2026-09-30T19:26:28.851+0000] {logging_mixin.py:137} INFO - [2026-09-30T19:26:28.851+0000] {dag.py:3427} INFO - Setting next_dagrun for example_xcom to 2021-01-01T00:00:00+00:00, run_after=2021-01-01T00:00:00+00:00
[2026-09-30T19:26:28.876+0000] {processor.py:175} INFO - Processing /home/airflow/.local/lib/python3.7/site-packages/airflow/example_dags/example_xcom.py took 0.153 seconds
[2026-09-30T19:26:59.902+0000] {processor.py:153} INFO - Started process (PID=2844) to work on /home/airflow/.local/lib/python3.7/site-packages/airflow/example_dags/example_xcom.py
[2026-09-30T19:26:59.904+0000] {processor.py:743} INFO - Processing file /home/airflow/.local/lib/python3.7/site-packages/airflow/example_dags/example_xcom.py for tasks to queue
[2026-09-30T19:26:59.905+0000] {logging_mixin.py:137} INFO - [2026-09-30T19:26:59.905+0000] {dagbag.py:538} INFO - Filling up the DagBag from /home/airflow/.local/lib/python3.7/site-packages/airflow/example_dags/example_xcom.py
[2026-09-30T19:26:59.951+0000] {processor.py:753} INFO - DAG(s) dict_keys(['example_xcom']) retrieved from /home/airflow/.local/lib/python3.7/site-packages/airflow/example_dags/example_xcom.py
[2026-09-30T19:27:00.003+0000] {logging_mixin.py:137} INFO - [2026-09-30T19:27:00.003+0000] {dag.py:2676} INFO - Sync 1 DAGs
[2026-09-30T19:27:00.033+0000] {logging_mixin.py:137} INFO - [2026-09-30T19:27:00.033+0000] {dag.py:3427} INFO - Setting next_dagrun for example_xcom to 2021-01-01T00:00:00+00:00, run_after=2021-01-01T00:00:00+00:00
[2026-09-30T19:27:00.052+0000] {processor.py:175} INFO - Processing /home/airflow/.local/lib/python3.7/site-packages/airflow/example_dags/example_xcom.py took 0.156 seconds
[2026-09-30T19:27:30.297+0000] {processor.py:153} INFO - Started process (PID=2932) to work on /home/airflow/.local/lib/python3.7/site-packages/airflow/example_dags/example_xcom.py
[2026-09-30T19:27:30.298+0000] {processor.py:743} INFO - Processing file /home/airflow/.local/lib/python3.7/site-packages/airflow/example_dags/example_xcom.py for tasks to queue
[2026-09-30T19:27:30.300+0000] {logging_mixin.py:137} INFO - [2026-09-30T19:27:30.299+0000] {dagbag.py:538} INFO - Filling up the DagBag from /home/airflow/.local/lib/python3.7/site-packages/airflow/example_dags/example_xcom.py
[2026-09-30T19:27:30.346+0000] {processor.py:753} INFO - DAG(s) dict_keys(['example_xcom']) retrieved from /home/airflow/.local/lib/python3.7/site-packages/airflow/example_dags/example_xcom.py
[2026-09-30T19:27:30.397+0000] {logging_mixin.py:137} INFO - [2026-09-30T19:27:30.397+0000] {dag.py:2676} INFO - Sync 1 DAGs
[2026-09-30T19:27:30.438+0000] {logging_mixin.py:137} INFO - [2026-09-30T19:27:30.438+0000] {dag.py:3427} INFO - Setting next_dagrun for example_xcom to 2021-01-01T00:00:00+00:00, run_after=2021-01-01T00:00:00+00:00
[2026-09-30T19:27:30.471+0000] {processor.py:175} INFO - Processing /home/airflow/.local/lib/python3.7/site-packages/airflow/example_dags/example_xcom.py took 0.178 seconds
[2026-09-30T19:28:00.883+0000] {processor.py:153} INFO - Started process (PID=3022) to work on /home/airflow/.local/lib/python3.7/site-packages/airflow/example_dags/example_xcom.py
[2026-09-30T19:28:00.883+0000] {processor.py:743} INFO - Processing file /home/airflow/.local/lib/python3.7/site-packages/airflow/example_dags/example_xcom.py for tasks to queue
[2026-09-30T19:28:00.885+0000] {logging_mixin.py:137} INFO - [2026-09-30T19:28:00.885+0000] {dagbag.py:538} INFO - Filling up the DagBag from /home/airflow/.local/lib/python3.7/site-packages/airflow/example_dags/example_xcom.py
[2026-09-30T19:28:00.920+0000] {processor.py:753} INFO - DAG(s) dict_keys(['example_xcom']) retrieved from /home/airflow/.local/lib/python3.7/site-packages/airflow/example_dags/example_xcom.py
[2026-09-30T19:28:00.995+0000] {logging_mixin.py:137} INFO - [2026-09-30T19:28:00.995+0000] {dag.py:2676} INFO - Sync 1 DAGs
[2026-09-30T19:28:01.043+0000] {logging_mixin.py:137} INFO - [2026-09-30T19:28:01.043+0000] {dag.py:3427} INFO - Setting next_dagrun for example_xcom to 2021-01-01T00:00:00+00:00, run_after=2021-01-01T00:00:00+00:00
[2026-09-30T19:28:01.078+0000] {processor.py:175} INFO - Processing /home/airflow/.local/lib/python3.7/site-packages/airflow/example_dags/example_xcom.py took 0.199 seconds
[2026-09-30T19:28:31.396+0000] {processor.py:153} INFO - Started process (PID=3101) to work on /home/airflow/.local/lib/python3.7/site-packages/airflow/example_dags/example_xcom.py
[2026-09-30T19:28:31.397+0000] {processor.py:743} INFO - Processing file /home/airflow/.local/lib/python3.7/site-packages/airflow/example_dags/example_xcom.py for tasks to queue
[2026-09-30T19:28:31.398+0000] {logging_mixin.py:137} INFO - [2026-09-30T19:28:31.398+0000] {dagbag.py:538} INFO - Filling up the DagBag from /home/airflow/.local/lib/python3.7/site-packages/airflow/example_dags/example_xcom.py
[2026-09-30T19:28:31.437+0000] {processor.py:753} INFO - DAG(s) dict_keys(['example_xcom']) retrieved from /home/airflow/.local/lib/python3.7/site-packages/airflow/example_dags/example_xcom.py
[2026-09-30T19:28:31.496+0000] {logging_mixin.py:137} INFO - [2026-09-30T19:28:31.495+0000] {dag.py:2676} INFO - Sync 1 DAGs
[2026-09-30T19:28:31.538+0000] {logging_mixin.py:137} INFO - [2026-09-30T19:28:31.538+0000] {dag.py:3427} INFO - Setting next_dagrun for example_xcom to 2021-01-01T00:00:00+00:00, run_after=2021-01-01T00:00:00+00:00
[2026-09-30T19:28:31.560+0000] {processor.py:175} INFO - Processing /home/airflow/.local/lib/python3.7/site-packages/airflow/example_dags/example_xcom.py took 0.169 seconds
[2026-09-30T19:29:02.166+0000] {processor.py:153} INFO - Started process (PID=3180) to work on /home/airflow/.local/lib/python3.7/site-packages/airflow/example_dags/example_xcom.py
[2026-09-30T19:29:02.167+0000] {processor.py:743} INFO - Processing file /home/airflow/.local/lib/python3.7/site-packages/airflow/example_dags/example_xcom.py for tasks to queue
[2026-09-30T19:29:02.169+0000] {logging_mixin.py:137} INFO - [2026-09-30T19:29:02.169+0000] {dagbag.py:538} INFO - Filling up the DagBag from /home/airflow/.local/lib/python3.7/site-packages/airflow/example_dags/example_xcom.py
[2026-09-30T19:29:02.199+0000] {processor.py:753} INFO - DAG(s) dict_keys(['example_xcom']) retrieved from /home/airflow/.local/lib/python3.7/site-packages/airflow/example_dags/example_xcom.py
[2026-09-30T19:29:02.258+0000] {logging_mixin.py:137} INFO - [2026-09-30T19:29:02.258+0000] {dag.py:2676} INFO - Sync 1 DAGs
[2026-09-30T19:29:02.308+0000] {logging_mixin.py:137} INFO - [2026-09-30T19:29:02.307+0000] {dag.py:3427} INFO - Setting next_dagrun for example_xcom to 2021-01-01T00:00:00+00:00, run_after=2021-01-01T00:00:00+00:00
[2026-09-30T19:29:02.340+0000] {processor.py:175} INFO - Processing /home/airflow/.local/lib/python3.7/site-packages/airflow/example_dags/example_xcom.py took 0.181 seconds
[2026-09-30T19:29:33.361+0000] {processor.py:153} INFO - Started process (PID=3259) to work on /home/airflow/.local/lib/python3.7/site-packages/airflow/example_dags/example_xcom.py
[2026-09-30T19:29:33.363+0000] {processor.py:743} INFO - Processing file /home/airflow/.local/lib/python3.7/site-packages/airflow/example_dags/example_xcom.py for tasks to queue
[2026-09-30T19:29:33.364+0000] {logging_mixin.py:137} INFO - [2026-09-30T19:29:33.364+0000] {dagbag.py:538} INFO - Filling up the DagBag from /home/airflow/.local/lib/python3.7/site-packages/airflow/example_dags/example_xcom.py
[2026-09-30T19:29:33.411+0000] {processor.py:753} INFO - DAG(s) dict_keys(['example_xcom']) retrieved from /home/airflow/.local/lib/python3.7/site-packages/airflow/example_dags/example_xcom.py
[2026-09-30T19:29:33.485+0000] {logging_mixin.py:137} INFO - [2026-09-30T19:29:33.485+0000] {dag.py:2676} INFO - Sync 1 DAGs
[2026-09-30T19:29:33.532+0000] {logging_mixin.py:137} INFO - [2026-09-30T19:29:33.532+0000] {dag.py:3427} INFO - Setting next_dagrun for example_xcom to 2021-01-01T00:00:00+00:00, run_after=2021-01-01T00:00:00+00:00
[2026-09-30T19:29:33.562+0000] {processor.py:175} INFO - Processing /home/airflow/.local/lib/python3.7/site-packages/airflow/example_dags/example_xcom.py took 0.207 seconds
[2026-09-30T19:30:03.917+0000] {processor.py:153} INFO - Started process (PID=3347) to work on /home/airflow/.local/lib/python3.7/site-packages/airflow/example_dags/example_xcom.py
[2026-09-30T19:30:03.918+0000] {processor.py:743} INFO - Processing file /home/airflow/.local/lib/python3.7/site-packages/airflow/example_dags/example_xcom.py for tasks to queue
[2026-09-30T19:30:03.918+0000] {logging_mixin.py:137} INFO - [2026-09-30T19:30:03.918+0000] {dagbag.py:538} INFO - Filling up the DagBag from /home/airflow/.local/lib/python3.7/site-packages/airflow/example_dags/example_xcom.py
[2026-09-30T19:30:03.956+0000] {processor.py:753} INFO - DAG(s) dict_keys(['example_xcom']) retrieved from /home/airflow/.local/lib/python3.7/site-packages/airflow/example_dags/example_xcom.py
[2026-09-30T19:30:04.019+0000] {logging_mixin.py:137} INFO - [2026-09-30T19:30:04.019+0000] {dag.py:2676} INFO - Sync 1 DAGs
[2026-09-30T19:30:04.049+0000] {logging_mixin.py:137} INFO - [2026-09-30T19:30:04.048+0000] {dag.py:3427} INFO - Setting next_dagrun for example_xcom to 2021-01-01T00:00:00+00:00, run_after=2021-01-01T00:00:00+00:00
[2026-09-30T19:30:04.068+0000] {processor.py:175} INFO - Processing /home/airflow/.local/lib/python3.7/site-packages/airflow/example_dags/example_xcom.py took 0.155 seconds
[2026-09-30T19:30:34.510+0000] {processor.py:153} INFO - Started process (PID=3437) to work on /home/airflow/.local/lib/python3.7/site-packages/airflow/example_dags/example_xcom.py
[2026-09-30T19:30:34.510+0000] {processor.py:743} INFO - Processing file /home/airflow/.local/lib/python3.7/site-packages/airflow/example_dags/example_xcom.py for tasks to queue
[2026-09-30T19:30:34.511+0000] {logging_mixin.py:137} INFO - [2026-09-30T19:30:34.511+0000] {dagbag.py:538} INFO - Filling up the DagBag from /home/airflow/.local/lib/python3.7/site-packages/airflow/example_dags/example_xcom.py
[2026-09-30T19:30:34.549+0000] {processor.py:753} INFO - DAG(s) dict_keys(['example_xcom']) retrieved from /home/airflow/.local/lib/python3.7/site-packages/airflow/example_dags/example_xcom.py
[2026-09-30T19:30:34.613+0000] {logging_mixin.py:137} INFO - [2026-09-30T19:30:34.612+0000] {dag.py:2676} INFO - Sync 1 DAGs
[2026-09-30T19:30:34.646+0000] {logging_mixin.py:137} INFO - [2026-09-30T19:30:34.646+0000] {dag.py:3427} INFO - Setting next_dagrun for example_xcom to 2021-01-01T00:00:00+00:00, run_after=2021-01-01T00:00:00+00:00
[2026-09-30T19:30:34.667+0000] {processor.py:175} INFO - Processing /home/airflow/.local/lib/python3.7/site-packages/airflow/example_dags/example_xcom.py took 0.161 seconds
[2026-09-30T19:31:04.990+0000] {processor.py:153} INFO - Started process (PID=3516) to work on /home/airflow/.local/lib/python3.7/site-packages/airflow/example_dags/example_xcom.py
[2026-09-30T19:31:04.991+0000] {processor.py:743} INFO - Processing file /home/airflow/.local/lib/python3.7/site-packages/airflow/example_dags/example_xcom.py for tasks to queue
[2026-09-30T19:31:04.992+0000] {logging_mixin.py:137} INFO - [2026-09-30T19:31:04.992+0000] {dagbag.py:538} INFO - Filling up the DagBag from /home/airflow/.local/lib/python3.7/site-packages/airflow/example_dags/example_xcom.py
[2026-09-30T19:31:05.022+0000] {processor.py:753} INFO - DAG(s) dict_keys(['example_xcom']) retrieved from /home/airflow/.local/lib/python3.7/site-packages/airflow/example_dags/example_xcom.py
[2026-09-30T19:31:05.071+0000] {logging_mixin.py:137} INFO - [2026-09-30T19:31:05.071+0000] {dag.py:2676} INFO - Sync 1 DAGs
[2026-09-30T19:31:05.105+0000] {logging_mixin.py:137} INFO - [2026-09-30T19:31:05.105+0000] {dag.py:3427} INFO - Setting next_dagrun for example_xcom to 2021-01-01T00:00:00+00:00, run_after=2021-01-01T00:00:00+00:00
[2026-09-30T19:31:05.126+0000] {processor.py:175} INFO - Processing /home/airflow/.local/lib/python3.7/site-packages/airflow/example_dags/example_xcom.py took 0.139 seconds
[2026-09-30T19:31:36.153+0000] {processor.py:153} INFO - Started process (PID=3595) to work on /home/airflow/.local/lib/python3.7/site-packages/airflow/example_dags/example_xcom.py
[2026-09-30T19:31:36.154+0000] {processor.py:743} INFO - Processing file /home/airflow/.local/lib/python3.7/site-packages/airflow/example_dags/example_xcom.py for tasks to queue
[2026-09-30T19:31:36.156+0000] {logging_mixin.py:137} INFO - [2026-09-30T19:31:36.155+0000] {dagbag.py:538} INFO - Filling up the DagBag from /home/airflow/.local/lib/python3.7/site-packages/airflow/example_dags/example_xcom.py
[2026-09-30T19:31:36.197+0000] {processor.py:753} INFO - DAG(s) dict_keys(['example_xcom']) retrieved from /home/airflow/.local/lib/python3.7/site-packages/airflow/example_dags/example_xcom.py
[2026-09-30T19:31:36.258+0000] {logging_mixin.py:137} INFO - [2026-09-30T19:31:36.258+0000] {dag.py:2676} INFO - Sync 1 DAGs
[2026-09-30T19:31:36.294+0000] {logging_mixin.py:137} INFO - [2026-09-30T19:31:36.294+0000] {dag.py:3427} INFO - Setting next_dagrun for example_xcom to 2021-01-01T00:00:00+00:00, run_after=2021-01-01T00:00:00+00:00
[2026-09-30T19:31:36.317+0000] {processor.py:175} INFO - Processing /home/airflow/.local/lib/python3.7/site-packages/airflow/example_dags/example_xcom.py took 0.169 seconds
[2026-09-30T19:32:06.496+0000] {processor.py:153} INFO - Started process (PID=3694) to work on /home/airflow/.local/lib/python3.7/site-packages/airflow/example_dags/example_xcom.py
[2026-09-30T19:32:06.497+0000] {processor.py:743} INFO - Processing file /home/airflow/.local/lib/python3.7/site-packages/airflow/example_dags/example_xcom.py for tasks to queue
[2026-09-30T19:32:06.497+0000] {logging_mixin.py:137} INFO - [2026-09-30T19:32:06.497+0000] {dagbag.py:538} INFO - Filling up the DagBag from /home/airflow/.local/lib/python3.7/site-packages/airflow/example_dags/example_xcom.py
[2026-09-30T19:32:06.531+0000] {processor.py:753} INFO - DAG(s) dict_keys(['example_xcom']) retrieved from /home/airflow/.local/lib/python3.7/site-packages/airflow/example_dags/example_xcom.py
[2026-09-30T19:32:06.586+0000] {logging_mixin.py:137} INFO - [2026-09-30T19:32:06.586+0000] {dag.py:2676} INFO - Sync 1 DAGs
[2026-09-30T19:32:06.618+0000] {logging_mixin.py:137} INFO - [2026-09-30T19:32:06.618+0000] {dag.py:3427} INFO - Setting next_dagrun for example_xcom to 2021-01-01T00:00:00+00:00, run_after=2021-01-01T00:00:00+00:00
[2026-09-30T19:32:06.639+0000] {processor.py:175} INFO - Processing /home/airflow/.local/lib/python3.7/site-packages/airflow/example_dags/example_xcom.py took 0.147 seconds
[2026-09-30T19:32:37.203+0000] {processor.py:153} INFO - Started process (PID=3773) to work on /home/airflow/.local/lib/python3.7/site-packages/airflow/example_dags/example_xcom.py
[2026-09-30T19:32:37.205+0000] {processor.py:743} INFO - Processing file /home/airflow/.local/lib/python3.7/site-packages/airflow/example_dags/example_xcom.py for tasks to queue
[2026-09-30T19:32:37.206+0000] {logging_mixin.py:137} INFO - [2026-09-30T19:32:37.206+0000] {dagbag.py:538} INFO - Filling up the DagBag from /home/airflow/.local/lib/python3.7/site-packages/airflow/example_dags/example_xcom.py
[2026-09-30T19:32:37.250+0000] {processor.py:753} INFO - DAG(s) dict_keys(['example_xcom']) retrieved from /home/airflow/.local/lib/python3.7/site-packages/airflow/example_dags/example_xcom.py
[2026-09-30T19:32:37.312+0000] {logging_mixin.py:137} INFO - [2026-09-30T19:32:37.312+0000] {dag.py:2676} INFO - Sync 1 DAGs
[2026-09-30T19:32:37.362+0000] {logging_mixin.py:137} INFO - [2026-09-30T19:32:37.362+0000] {dag.py:3427} INFO - Setting next_dagrun for example_xcom to 2021-01-01T00:00:00+00:00, run_after=2021-01-01T00:00:00+00:00
[2026-09-30T19:32:37.390+0000] {processor.py:175} INFO - Processing /home/airflow/.local/lib/python3.7/site-packages/airflow/example_dags/example_xcom.py took 0.192 seconds
[2026-09-30T19:33:07.823+0000] {processor.py:153} INFO - Started process (PID=3852) to work on /home/airflow/.local/lib/python3.7/site-packages/airflow/example_dags/example_xcom.py
[2026-09-30T19:33:07.824+0000] {processor.py:743} INFO - Processing file /home/airflow/.local/lib/python3.7/site-packages/airflow/example_dags/example_xcom.py for tasks to queue
[2026-09-30T19:33:07.825+0000] {logging_mixin.py:137} INFO - [2026-09-30T19:33:07.825+0000] {dagbag.py:538} INFO - Filling up the DagBag from /home/airflow/.local/lib/python3.7/site-packages/airflow/example_dags/example_xcom.py
[2026-09-30T19:33:07.862+0000] {processor.py:753} INFO - DAG(s) dict_keys(['example_xcom']) retrieved from /home/airflow/.local/lib/python3.7/site-packages/airflow/example_dags/example_xcom.py
[2026-09-30T19:33:07.925+0000] {logging_mixin.py:137} INFO - [2026-09-30T19:33:07.925+0000] {dag.py:2676} INFO - Sync 1 DAGs
[2026-09-30T19:33:07.965+0000] {logging_mixin.py:137} INFO - [2026-09-30T19:33:07.965+0000] {dag.py:3427} INFO - Setting next_dagrun for example_xcom to 2021-01-01T00:00:00+00:00, run_after=2021-01-01T00:00:00+00:00
[2026-09-30T19:33:07.995+0000] {processor.py:175} INFO - Processing /home/airflow/.local/lib/python3.7/site-packages/airflow/example_dags/example_xcom.py took 0.177 seconds
[2026-09-30T19:33:38.982+0000] {processor.py:153} INFO - Started process (PID=3940) to work on /home/airflow/.local/lib/python3.7/site-packages/airflow/example_dags/example_xcom.py
[2026-09-30T19:33:38.983+0000] {processor.py:743} INFO - Processing file /home/airflow/.local/lib/python3.7/site-packages/airflow/example_dags/example_xcom.py for tasks to queue
[2026-09-30T19:33:38.983+0000] {logging_mixin.py:137} INFO - [2026-09-30T19:33:38.983+0000] {dagbag.py:538} INFO - Filling up the DagBag from /home/airflow/.local/lib/python3.7/site-packages/airflow/example_dags/example_xcom.py
[2026-09-30T19:33:39.015+0000] {processor.py:753} INFO - DAG(s) dict_keys(['example_xcom']) retrieved from /home/airflow/.local/lib/python3.7/site-packages/airflow/example_dags/example_xcom.py
[2026-09-30T19:33:39.063+0000] {logging_mixin.py:137} INFO - [2026-09-30T19:33:39.063+0000] {dag.py:2676} INFO - Sync 1 DAGs
[2026-09-30T19:33:39.099+0000] {logging_mixin.py:137} INFO - [2026-09-30T19:33:39.099+0000] {dag.py:3427} INFO - Setting next_dagrun for example_xcom to 2021-01-01T00:00:00+00:00, run_after=2021-01-01T00:00:00+00:00
[2026-09-30T19:33:39.124+0000] {processor.py:175} INFO - Processing /home/airflow/.local/lib/python3.7/site-packages/airflow/example_dags/example_xcom.py took 0.146 seconds
[2026-09-30T19:34:10.090+0000] {processor.py:153} INFO - Started process (PID=4030) to work on /home/airflow/.local/lib/python3.7/site-packages/airflow/example_dags/example_xcom.py
[2026-09-30T19:34:10.092+0000] {processor.py:743} INFO - Processing file /home/airflow/.local/lib/python3.7/site-packages/airflow/example_dags/example_xcom.py for tasks to queue
[2026-09-30T19:34:10.092+0000] {logging_mixin.py:137} INFO - [2026-09-30T19:34:10.092+0000] {dagbag.py:538} INFO - Filling up the DagBag from /home/airflow/.local/lib/python3.7/site-packages/airflow/example_dags/example_xcom.py
[2026-09-30T19:34:10.121+0000] {processor.py:753} INFO - DAG(s) dict_keys(['example_xcom']) retrieved from /home/airflow/.local/lib/python3.7/site-packages/airflow/example_dags/example_xcom.py
[2026-09-30T19:34:10.175+0000] {logging_mixin.py:137} INFO - [2026-09-30T19:34:10.174+0000] {dag.py:2676} INFO - Sync 1 DAGs
[2026-09-30T19:34:10.217+0000] {logging_mixin.py:137} INFO - [2026-09-30T19:34:10.217+0000] {dag.py:3427} INFO - Setting next_dagrun for example_xcom to 2021-01-01T00:00:00+00:00, run_after=2021-01-01T00:00:00+00:00
[2026-09-30T19:34:10.238+0000] {processor.py:175} INFO - Processing /home/airflow/.local/lib/python3.7/site-packages/airflow/example_dags/example_xcom.py took 0.152 seconds
[2026-09-30T19:34:40.837+0000] {processor.py:153} INFO - Started process (PID=4109) to work on /home/airflow/.local/lib/python3.7/site-packages/airflow/example_dags/example_xcom.py
[2026-09-30T19:34:40.838+0000] {processor.py:743} INFO - Processing file /home/airflow/.local/lib/python3.7/site-packages/airflow/example_dags/example_xcom.py for tasks to queue
[2026-09-30T19:34:40.839+0000] {logging_mixin.py:137} INFO - [2026-09-30T19:34:40.839+0000] {dagbag.py:538} INFO - Filling up the DagBag from /home/airflow/.local/lib/python3.7/site-packages/airflow/example_dags/example_xcom.py
[2026-09-30T19:34:40.868+0000] {processor.py:753} INFO - DAG(s) dict_keys(['example_xcom']) retrieved from /home/airflow/.local/lib/python3.7/site-packages/airflow/example_dags/example_xcom.py
[2026-09-30T19:34:40.919+0000] {logging_mixin.py:137} INFO - [2026-09-30T19:34:40.919+0000] {dag.py:2676} INFO - Sync 1 DAGs
[2026-09-30T19:34:40.954+0000] {logging_mixin.py:137} INFO - [2026-09-30T19:34:40.954+0000] {dag.py:3427} INFO - Setting next_dagrun for example_xcom to 2021-01-01T00:00:00+00:00, run_after=2021-01-01T00:00:00+00:00
[2026-09-30T19:34:40.983+0000] {processor.py:175} INFO - Processing /home/airflow/.local/lib/python3.7/site-packages/airflow/example_dags/example_xcom.py took 0.149 seconds
[2026-09-30T19:35:11.745+0000] {processor.py:153} INFO - Started process (PID=4188) to work on /home/airflow/.local/lib/python3.7/site-packages/airflow/example_dags/example_xcom.py
[2026-09-30T19:35:11.746+0000] {processor.py:743} INFO - Processing file /home/airflow/.local/lib/python3.7/site-packages/airflow/example_dags/example_xcom.py for tasks to queue
[2026-09-30T19:35:11.747+0000] {logging_mixin.py:137} INFO - [2026-09-30T19:35:11.747+0000] {dagbag.py:538} INFO - Filling up the DagBag from /home/airflow/.local/lib/python3.7/site-packages/airflow/example_dags/example_xcom.py
[2026-09-30T19:35:11.776+0000] {processor.py:753} INFO - DAG(s) dict_keys(['example_xcom']) retrieved from /home/airflow/.local/lib/python3.7/site-packages/airflow/example_dags/example_xcom.py
[2026-09-30T19:35:11.827+0000] {logging_mixin.py:137} INFO - [2026-09-30T19:35:11.827+0000] {dag.py:2676} INFO - Sync 1 DAGs
[2026-09-30T19:35:11.859+0000] {logging_mixin.py:137} INFO - [2026-09-30T19:35:11.859+0000] {dag.py:3427} INFO - Setting next_dagrun for example_xcom to 2021-01-01T00:00:00+00:00, run_after=2021-01-01T00:00:00+00:00
[2026-09-30T19:35:11.887+0000] {processor.py:175} INFO - Processing /home/airflow/.local/lib/python3.7/site-packages/airflow/example_dags/example_xcom.py took 0.146 seconds
[2026-09-30T19:35:42.367+0000] {processor.py:153} INFO - Started process (PID=4276) to work on /home/airflow/.local/lib/python3.7/site-packages/airflow/example_dags/example_xcom.py
[2026-09-30T19:35:42.369+0000] {processor.py:743} INFO - Processing file /home/airflow/.local/lib/python3.7/site-packages/airflow/example_dags/example_xcom.py for tasks to queue
[2026-09-30T19:35:42.370+0000] {logging_mixin.py:137} INFO - [2026-09-30T19:35:42.370+0000] {dagbag.py:538} INFO - Filling up the DagBag from /home/airflow/.local/lib/python3.7/site-packages/airflow/example_dags/example_xcom.py
[2026-09-30T19:35:42.400+0000] {processor.py:753} INFO - DAG(s) dict_keys(['example_xcom']) retrieved from /home/airflow/.local/lib/python3.7/site-packages/airflow/example_dags/example_xcom.py
[2026-09-30T19:35:42.449+0000] {logging_mixin.py:137} INFO - [2026-09-30T19:35:42.449+0000] {dag.py:2676} INFO - Sync 1 DAGs
[2026-09-30T19:35:42.480+0000] {logging_mixin.py:137} INFO - [2026-09-30T19:35:42.480+0000] {dag.py:3427} INFO - Setting next_dagrun for example_xcom to 2021-01-01T00:00:00+00:00, run_after=2021-01-01T00:00:00+00:00
[2026-09-30T19:35:42.511+0000] {processor.py:175} INFO - Processing /home/airflow/.local/lib/python3.7/site-packages/airflow/example_dags/example_xcom.py took 0.149 seconds
[2026-09-30T19:36:12.898+0000] {processor.py:153} INFO - Started process (PID=4366) to work on /home/airflow/.local/lib/python3.7/site-packages/airflow/example_dags/example_xcom.py
[2026-09-30T19:36:12.899+0000] {processor.py:743} INFO - Processing file /home/airflow/.local/lib/python3.7/site-packages/airflow/example_dags/example_xcom.py for tasks to queue
[2026-09-30T19:36:12.900+0000] {logging_mixin.py:137} INFO - [2026-09-30T19:36:12.899+0000] {dagbag.py:538} INFO - Filling up the DagBag from /home/airflow/.local/lib/python3.7/site-packages/airflow/example_dags/example_xcom.py
[2026-09-30T19:36:12.931+0000] {processor.py:753} INFO - DAG(s) dict_keys(['example_xcom']) retrieved from /home/airflow/.local/lib/python3.7/site-packages/airflow/example_dags/example_xcom.py
[2026-09-30T19:36:12.982+0000] {logging_mixin.py:137} INFO - [2026-09-30T19:36:12.982+0000] {dag.py:2676} INFO - Sync 1 DAGs
[2026-09-30T19:36:13.019+0000] {logging_mixin.py:137} INFO - [2026-09-30T19:36:13.018+0000] {dag.py:3427} INFO - Setting next_dagrun for example_xcom to 2021-01-01T00:00:00+00:00, run_after=2021-01-01T00:00:00+00:00
[2026-09-30T19:36:13.049+0000] {processor.py:175} INFO - Processing /home/airflow/.local/lib/python3.7/site-packages/airflow/example_dags/example_xcom.py took 0.155 seconds
[2026-09-30T19:36:43.133+0000] {processor.py:153} INFO - Started process (PID=4445) to work on /home/airflow/.local/lib/python3.7/site-packages/airflow/example_dags/example_xcom.py
[2026-09-30T19:36:43.134+0000] {processor.py:743} INFO - Processing file /home/airflow/.local/lib/python3.7/site-packages/airflow/example_dags/example_xcom.py for tasks to queue
[2026-09-30T19:36:43.135+0000] {logging_mixin.py:137} INFO - [2026-09-30T19:36:43.135+0000] {dagbag.py:538} INFO - Filling up the DagBag from /home/airflow/.local/lib/python3.7/site-packages/airflow/example_dags/example_xcom.py
[2026-09-30T19:36:43.169+0000] {processor.py:753} INFO - DAG(s) dict_keys(['example_xcom']) retrieved from /home/airflow/.local/lib/python3.7/site-packages/airflow/example_dags/example_xcom.py
[2026-09-30T19:36:43.217+0000] {logging_mixin.py:137} INFO - [2026-09-30T19:36:43.217+0000] {dag.py:2676} INFO - Sync 1 DAGs
[2026-09-30T19:36:43.251+0000] {logging_mixin.py:137} INFO - [2026-09-30T19:36:43.251+0000] {dag.py:3427} INFO - Setting next_dagrun for example_xcom to 2021-01-01T00:00:00+00:00, run_after=2021-01-01T00:00:00+00:00
[2026-09-30T19:36:43.274+0000] {processor.py:175} INFO - Processing /home/airflow/.local/lib/python3.7/site-packages/airflow/example_dags/example_xcom.py took 0.145 seconds
[2026-09-30T19:37:13.465+0000] {processor.py:153} INFO - Started process (PID=4524) to work on /home/airflow/.local/lib/python3.7/site-packages/airflow/example_dags/example_xcom.py
[2026-09-30T19:37:13.466+0000] {processor.py:743} INFO - Processing file /home/airflow/.local/lib/python3.7/site-packages/airflow/example_dags/example_xcom.py for tasks to queue
[2026-09-30T19:37:13.466+0000] {logging_mixin.py:137} INFO - [2026-09-30T19:37:13.466+0000] {dagbag.py:538} INFO - Filling up the DagBag from /home/airflow/.local/lib/python3.7/site-packages/airflow/example_dags/example_xcom.py
[2026-09-30T19:37:13.497+0000] {processor.py:753} INFO - DAG(s) dict_keys(['example_xcom']) retrieved from /home/airflow/.local/lib/python3.7/site-packages/airflow/example_dags/example_xcom.py
[2026-09-30T19:37:13.546+0000] {logging_mixin.py:137} INFO - [2026-09-30T19:37:13.546+0000] {dag.py:2676} INFO - Sync 1 DAGs
[2026-09-30T19:37:13.579+0000] {logging_mixin.py:137} INFO - [2026-09-30T19:37:13.579+0000] {dag.py:3427} INFO - Setting next_dagrun for example_xcom to 2021-01-01T00:00:00+00:00, run_after=2021-01-01T00:00:00+00:00
[2026-09-30T19:37:13.600+0000] {processor.py:175} INFO - Processing /home/airflow/.local/lib/python3.7/site-packages/airflow/example_dags/example_xcom.py took 0.140 seconds
[2026-09-30T19:37:44.130+0000] {processor.py:153} INFO - Started process (PID=4612) to work on /home/airflow/.local/lib/python3.7/site-packages/airflow/example_dags/example_xcom.py
[2026-09-30T19:37:44.130+0000] {processor.py:743} INFO - Processing file /home/airflow/.local/lib/python3.7/site-packages/airflow/example_dags/example_xcom.py for tasks to queue
[2026-09-30T19:37:44.131+0000] {logging_mixin.py:137} INFO - [2026-09-30T19:37:44.131+0000] {dagbag.py:538} INFO - Filling up the DagBag from /home/airflow/.local/lib/python3.7/site-packages/airflow/example_dags/example_xcom.py
[2026-09-30T19:37:44.168+0000] {processor.py:753} INFO - DAG(s) dict_keys(['example_xcom']) retrieved from /home/airflow/.local/lib/python3.7/site-packages/airflow/example_dags/example_xcom.py
[2026-09-30T19:37:44.225+0000] {logging_mixin.py:137} INFO - [2026-09-30T19:37:44.224+0000] {dag.py:2676} INFO - Sync 1 DAGs
[2026-09-30T19:37:44.265+0000] {logging_mixin.py:137} INFO - [2026-09-30T19:37:44.265+0000] {dag.py:3427} INFO - Setting next_dagrun for example_xcom to 2021-01-01T00:00:00+00:00, run_after=2021-01-01T00:00:00+00:00
[2026-09-30T19:37:44.289+0000] {processor.py:175} INFO - Processing /home/airflow/.local/lib/python3.7/site-packages/airflow/example_dags/example_xcom.py took 0.163 seconds
[2026-09-30T19:38:15.110+0000] {processor.py:153} INFO - Started process (PID=4704) to work on /home/airflow/.local/lib/python3.7/site-packages/airflow/example_dags/example_xcom.py
[2026-09-30T19:38:15.112+0000] {processor.py:743} INFO - Processing file /home/airflow/.local/lib/python3.7/site-packages/airflow/example_dags/example_xcom.py for tasks to queue
[2026-09-30T19:38:15.113+0000] {logging_mixin.py:137} INFO - [2026-09-30T19:38:15.113+0000] {dagbag.py:538} INFO - Filling up the DagBag from /home/airflow/.local/lib/python3.7/site-packages/airflow/example_dags/example_xcom.py
[2026-09-30T19:38:15.159+0000] {processor.py:753} INFO - DAG(s) dict_keys(['example_xcom']) retrieved from /home/airflow/.local/lib/python3.7/site-packages/airflow/example_dags/example_xcom.py
[2026-09-30T19:38:15.234+0000] {logging_mixin.py:137} INFO - [2026-09-30T19:38:15.234+0000] {dag.py:2676} INFO - Sync 1 DAGs
[2026-09-30T19:38:15.280+0000] {logging_mixin.py:137} INFO - [2026-09-30T19:38:15.280+0000] {dag.py:3427} INFO - Setting next_dagrun for example_xcom to 2021-01-01T00:00:00+00:00, run_after=2021-01-01T00:00:00+00:00
[2026-09-30T19:38:15.316+0000] {processor.py:175} INFO - Processing /home/airflow/.local/lib/python3.7/site-packages/airflow/example_dags/example_xcom.py took 0.212 seconds
[2026-09-30T19:38:46.043+0000] {processor.py:153} INFO - Started process (PID=4787) to work on /home/airflow/.local/lib/python3.7/site-packages/airflow/example_dags/example_xcom.py
[2026-09-30T19:38:46.044+0000] {processor.py:743} INFO - Processing file /home/airflow/.local/lib/python3.7/site-packages/airflow/example_dags/example_xcom.py for tasks to queue
[2026-09-30T19:38:46.045+0000] {logging_mixin.py:137} INFO - [2026-09-30T19:38:46.044+0000] {dagbag.py:538} INFO - Filling up the DagBag from /home/airflow/.local/lib/python3.7/site-packages/airflow/example_dags/example_xcom.py
[2026-09-30T19:38:46.081+0000] {processor.py:753} INFO - DAG(s) dict_keys(['example_xcom']) retrieved from /home/airflow/.local/lib/python3.7/site-packages/airflow/example_dags/example_xcom.py
[2026-09-30T19:38:46.138+0000] {logging_mixin.py:137} INFO - [2026-09-30T19:38:46.138+0000] {dag.py:2676} INFO - Sync 1 DAGs
[2026-09-30T19:38:46.180+0000] {logging_mixin.py:137} INFO - [2026-09-30T19:38:46.180+0000] {dag.py:3427} INFO - Setting next_dagrun for example_xcom to 2021-01-01T00:00:00+00:00, run_after=2021-01-01T00:00:00+00:00
[2026-09-30T19:38:46.202+0000] {processor.py:175} INFO - Processing /home/airflow/.local/lib/python3.7/site-packages/airflow/example_dags/example_xcom.py took 0.164 seconds
[2026-09-30T19:39:17.035+0000] {processor.py:153} INFO - Started process (PID=4871) to work on /home/airflow/.local/lib/python3.7/site-packages/airflow/example_dags/example_xcom.py
[2026-09-30T19:39:17.036+0000] {processor.py:743} INFO - Processing file /home/airflow/.local/lib/python3.7/site-packages/airflow/example_dags/example_xcom.py for tasks to queue
[2026-09-30T19:39:17.037+0000] {logging_mixin.py:137} INFO - [2026-09-30T19:39:17.037+0000] {dagbag.py:538} INFO - Filling up the DagBag from /home/airflow/.local/lib/python3.7/site-packages/airflow/example_dags/example_xcom.py
[2026-09-30T19:39:17.070+0000] {processor.py:753} INFO - DAG(s) dict_keys(['example_xcom']) retrieved from /home/airflow/.local/lib/python3.7/site-packages/airflow/example_dags/example_xcom.py
[2026-09-30T19:39:17.131+0000] {logging_mixin.py:137} INFO - [2026-09-30T19:39:17.131+0000] {dag.py:2676} INFO - Sync 1 DAGs
[2026-09-30T19:39:17.188+0000] {logging_mixin.py:137} INFO - [2026-09-30T19:39:17.188+0000] {dag.py:3427} INFO - Setting next_dagrun for example_xcom to 2021-01-01T00:00:00+00:00, run_after=2021-01-01T00:00:00+00:00
[2026-09-30T19:39:17.223+0000] {processor.py:175} INFO - Processing /home/airflow/.local/lib/python3.7/site-packages/airflow/example_dags/example_xcom.py took 0.192 seconds
[2026-09-30T19:39:47.539+0000] {processor.py:153} INFO - Started process (PID=4975) to work on /home/airflow/.local/lib/python3.7/site-packages/airflow/example_dags/example_xcom.py
[2026-09-30T19:39:47.540+0000] {processor.py:743} INFO - Processing file /home/airflow/.local/lib/python3.7/site-packages/airflow/example_dags/example_xcom.py for tasks to queue
[2026-09-30T19:39:47.541+0000] {logging_mixin.py:137} INFO - [2026-09-30T19:39:47.540+0000] {dagbag.py:538} INFO - Filling up the DagBag from /home/airflow/.local/lib/python3.7/site-packages/airflow/example_dags/example_xcom.py
[2026-09-30T19:39:47.576+0000] {processor.py:753} INFO - DAG(s) dict_keys(['example_xcom']) retrieved from /home/airflow/.local/lib/python3.7/site-packages/airflow/example_dags/example_xcom.py
[2026-09-30T19:39:47.630+0000] {logging_mixin.py:137} INFO - [2026-09-30T19:39:47.630+0000] {dag.py:2676} INFO - Sync 1 DAGs
[2026-09-30T19:39:47.671+0000] {logging_mixin.py:137} INFO - [2026-09-30T19:39:47.671+0000] {dag.py:3427} INFO - Setting next_dagrun for example_xcom to 2021-01-01T00:00:00+00:00, run_after=2021-01-01T00:00:00+00:00
[2026-09-30T19:39:47.701+0000] {processor.py:175} INFO - Processing /home/airflow/.local/lib/python3.7/site-packages/airflow/example_dags/example_xcom.py took 0.165 seconds
[2026-09-30T19:40:18.183+0000] {processor.py:153} INFO - Started process (PID=5059) to work on /home/airflow/.local/lib/python3.7/site-packages/airflow/example_dags/example_xcom.py
[2026-09-30T19:40:18.184+0000] {processor.py:743} INFO - Processing file /home/airflow/.local/lib/python3.7/site-packages/airflow/example_dags/example_xcom.py for tasks to queue
[2026-09-30T19:40:18.185+0000] {logging_mixin.py:137} INFO - [2026-09-30T19:40:18.185+0000] {dagbag.py:538} INFO - Filling up the DagBag from /home/airflow/.local/lib/python3.7/site-packages/airflow/example_dags/example_xcom.py
[2026-09-30T19:40:18.218+0000] {processor.py:753} INFO - DAG(s) dict_keys(['example_xcom']) retrieved from /home/airflow/.local/lib/python3.7/site-packages/airflow/example_dags/example_xcom.py
[2026-09-30T19:40:18.272+0000] {logging_mixin.py:137} INFO - [2026-09-30T19:40:18.272+0000] {dag.py:2676} INFO - Sync 1 DAGs
[2026-09-30T19:40:18.315+0000] {logging_mixin.py:137} INFO - [2026-09-30T19:40:18.314+0000] {dag.py:3427} INFO - Setting next_dagrun for example_xcom to 2021-01-01T00:00:00+00:00, run_after=2021-01-01T00:00:00+00:00
[2026-09-30T19:40:18.337+0000] {processor.py:175} INFO - Processing /home/airflow/.local/lib/python3.7/site-packages/airflow/example_dags/example_xcom.py took 0.159 seconds
[2026-09-30T19:40:48.970+0000] {processor.py:153} INFO - Started process (PID=5145) to work on /home/airflow/.local/lib/python3.7/site-packages/airflow/example_dags/example_xcom.py
[2026-09-30T19:40:48.971+0000] {processor.py:743} INFO - Processing file /home/airflow/.local/lib/python3.7/site-packages/airflow/example_dags/example_xcom.py for tasks to queue
[2026-09-30T19:40:48.972+0000] {logging_mixin.py:137} INFO - [2026-09-30T19:40:48.972+0000] {dagbag.py:538} INFO - Filling up the DagBag from /home/airflow/.local/lib/python3.7/site-packages/airflow/example_dags/example_xcom.py
[2026-09-30T19:40:49.004+0000] {processor.py:753} INFO - DAG(s) dict_keys(['example_xcom']) retrieved from /home/airflow/.local/lib/python3.7/site-packages/airflow/example_dags/example_xcom.py
[2026-09-30T19:40:49.052+0000] {logging_mixin.py:137} INFO - [2026-09-30T19:40:49.052+0000] {dag.py:2676} INFO - Sync 1 DAGs
[2026-09-30T19:40:49.085+0000] {logging_mixin.py:137} INFO - [2026-09-30T19:40:49.085+0000] {dag.py:3427} INFO - Setting next_dagrun for example_xcom to 2021-01-01T00:00:00+00:00, run_after=2021-01-01T00:00:00+00:00
[2026-09-30T19:40:49.107+0000] {processor.py:175} INFO - Processing /home/airflow/.local/lib/python3.7/site-packages/airflow/example_dags/example_xcom.py took 0.141 seconds
[2026-09-30T19:41:19.576+0000] {processor.py:153} INFO - Started process (PID=5239) to work on /home/airflow/.local/lib/python3.7/site-packages/airflow/example_dags/example_xcom.py
[2026-09-30T19:41:19.576+0000] {processor.py:743} INFO - Processing file /home/airflow/.local/lib/python3.7/site-packages/airflow/example_dags/example_xcom.py for tasks to queue
[2026-09-30T19:41:19.577+0000] {logging_mixin.py:137} INFO - [2026-09-30T19:41:19.577+0000] {dagbag.py:538} INFO - Filling up the DagBag from /home/airflow/.local/lib/python3.7/site-packages/airflow/example_dags/example_xcom.py
[2026-09-30T19:41:19.598+0000] {processor.py:753} INFO - DAG(s) dict_keys(['example_xcom']) retrieved from /home/airflow/.local/lib/python3.7/site-packages/airflow/example_dags/example_xcom.py
[2026-09-30T19:41:19.636+0000] {logging_mixin.py:137} INFO - [2026-09-30T19:41:19.636+0000] {dag.py:2676} INFO - Sync 1 DAGs
[2026-09-30T19:41:19.666+0000] {logging_mixin.py:137} INFO - [2026-09-30T19:41:19.666+0000] {dag.py:3427} INFO - Setting next_dagrun for example_xcom to 2021-01-01T00:00:00+00:00, run_after=2021-01-01T00:00:00+00:00
[2026-09-30T19:41:19.685+0000] {processor.py:175} INFO - Processing /home/airflow/.local/lib/python3.7/site-packages/airflow/example_dags/example_xcom.py took 0.112 seconds
[2026-09-30T19:41:49.804+0000] {processor.py:153} INFO - Started process (PID=5337) to work on /home/airflow/.local/lib/python3.7/site-packages/airflow/example_dags/example_xcom.py
[2026-09-30T19:41:49.805+0000] {processor.py:743} INFO - Processing file /home/airflow/.local/lib/python3.7/site-packages/airflow/example_dags/example_xcom.py for tasks to queue
[2026-09-30T19:41:49.806+0000] {logging_mixin.py:137} INFO - [2026-09-30T19:41:49.806+0000] {dagbag.py:538} INFO - Filling up the DagBag from /home/airflow/.local/lib/python3.7/site-packages/airflow/example_dags/example_xcom.py
[2026-09-30T19:41:49.838+0000] {processor.py:753} INFO - DAG(s) dict_keys(['example_xcom']) retrieved from /home/airflow/.local/lib/python3.7/site-packages/airflow/example_dags/example_xcom.py
[2026-09-30T19:41:49.889+0000] {logging_mixin.py:137} INFO - [2026-09-30T19:41:49.889+0000] {dag.py:2676} INFO - Sync 1 DAGs
[2026-09-30T19:41:49.922+0000] {logging_mixin.py:137} INFO - [2026-09-30T19:41:49.922+0000] {dag.py:3427} INFO - Setting next_dagrun for example_xcom to 2021-01-01T00:00:00+00:00, run_after=2021-01-01T00:00:00+00:00
[2026-09-30T19:41:49.942+0000] {processor.py:175} INFO - Processing /home/airflow/.local/lib/python3.7/site-packages/airflow/example_dags/example_xcom.py took 0.142 seconds
[2026-09-30T19:42:20.736+0000] {processor.py:153} INFO - Started process (PID=5423) to work on /home/airflow/.local/lib/python3.7/site-packages/airflow/example_dags/example_xcom.py
[2026-09-30T19:42:20.737+0000] {processor.py:743} INFO - Processing file /home/airflow/.local/lib/python3.7/site-packages/airflow/example_dags/example_xcom.py for tasks to queue
[2026-09-30T19:42:20.738+0000] {logging_mixin.py:137} INFO - [2026-09-30T19:42:20.737+0000] {dagbag.py:538} INFO - Filling up the DagBag from /home/airflow/.local/lib/python3.7/site-packages/airflow/example_dags/example_xcom.py
[2026-09-30T19:42:20.769+0000] {processor.py:753} INFO - DAG(s) dict_keys(['example_xcom']) retrieved from /home/airflow/.local/lib/python3.7/site-packages/airflow/example_dags/example_xcom.py
[2026-09-30T19:42:20.816+0000] {logging_mixin.py:137} INFO - [2026-09-30T19:42:20.816+0000] {dag.py:2676} INFO - Sync 1 DAGs
[2026-09-30T19:42:20.850+0000] {logging_mixin.py:137} INFO - [2026-09-30T19:42:20.849+0000] {dag.py:3427} INFO - Setting next_dagrun for example_xcom to 2021-01-01T00:00:00+00:00, run_after=2021-01-01T00:00:00+00:00
[2026-09-30T19:42:20.877+0000] {processor.py:175} INFO - Processing /home/airflow/.local/lib/python3.7/site-packages/airflow/example_dags/example_xcom.py took 0.146 seconds
[2026-09-30T19:42:51.702+0000] {processor.py:153} INFO - Started process (PID=5526) to work on /home/airflow/.local/lib/python3.7/site-packages/airflow/example_dags/example_xcom.py
[2026-09-30T19:42:51.704+0000] {processor.py:743} INFO - Processing file /home/airflow/.local/lib/python3.7/site-packages/airflow/example_dags/example_xcom.py for tasks to queue
[2026-09-30T19:42:51.705+0000] {logging_mixin.py:137} INFO - [2026-09-30T19:42:51.705+0000] {dagbag.py:538} INFO - Filling up the DagBag from /home/airflow/.local/lib/python3.7/site-packages/airflow/example_dags/example_xcom.py
[2026-09-30T19:42:51.753+0000] {processor.py:753} INFO - DAG(s) dict_keys(['example_xcom']) retrieved from /home/airflow/.local/lib/python3.7/site-packages/airflow/example_dags/example_xcom.py
[2026-09-30T19:42:51.825+0000] {logging_mixin.py:137} INFO - [2026-09-30T19:42:51.825+0000] {dag.py:2676} INFO - Sync 1 DAGs
[2026-09-30T19:42:51.872+0000] {logging_mixin.py:137} INFO - [2026-09-30T19:42:51.871+0000] {dag.py:3427} INFO - Setting next_dagrun for example_xcom to 2021-01-01T00:00:00+00:00, run_after=2021-01-01T00:00:00+00:00
[2026-09-30T19:42:51.898+0000] {processor.py:175} INFO - Processing /home/airflow/.local/lib/python3.7/site-packages/airflow/example_dags/example_xcom.py took 0.203 seconds
[2026-09-30T19:43:22.496+0000] {processor.py:153} INFO - Started process (PID=5606) to work on /home/airflow/.local/lib/python3.7/site-packages/airflow/example_dags/example_xcom.py
[2026-09-30T19:43:22.497+0000] {processor.py:743} INFO - Processing file /home/airflow/.local/lib/python3.7/site-packages/airflow/example_dags/example_xcom.py for tasks to queue
[2026-09-30T19:43:22.498+0000] {logging_mixin.py:137} INFO - [2026-09-30T19:43:22.498+0000] {dagbag.py:538} INFO - Filling up the DagBag from /home/airflow/.local/lib/python3.7/site-packages/airflow/example_dags/example_xcom.py
[2026-09-30T19:43:22.528+0000] {processor.py:753} INFO - DAG(s) dict_keys(['example_xcom']) retrieved from /home/airflow/.local/lib/python3.7/site-packages/airflow/example_dags/example_xcom.py
[2026-09-30T19:43:22.577+0000] {logging_mixin.py:137} INFO - [2026-09-30T19:43:22.576+0000] {dag.py:2676} INFO - Sync 1 DAGs
[2026-09-30T19:43:22.616+0000] {logging_mixin.py:137} INFO - [2026-09-30T19:43:22.616+0000] {dag.py:3427} INFO - Setting next_dagrun for example_xcom to 2021-01-01T00:00:00+00:00, run_after=2021-01-01T00:00:00+00:00
[2026-09-30T19:43:22.637+0000] {processor.py:175} INFO - Processing /home/airflow/.local/lib/python3.7/site-packages/airflow/example_dags/example_xcom.py took 0.144 seconds
[2026-09-30T19:43:52.989+0000] {processor.py:153} INFO - Started process (PID=5685) to work on /home/airflow/.local/lib/python3.7/site-packages/airflow/example_dags/example_xcom.py
[2026-09-30T19:43:52.991+0000] {processor.py:743} INFO - Processing file /home/airflow/.local/lib/python3.7/site-packages/airflow/example_dags/example_xcom.py for tasks to queue
[2026-09-30T19:43:52.992+0000] {logging_mixin.py:137} INFO - [2026-09-30T19:43:52.992+0000] {dagbag.py:538} INFO - Filling up the DagBag from /home/airflow/.local/lib/python3.7/site-packages/airflow/example_dags/example_xcom.py
[2026-09-30T19:43:53.043+0000] {processor.py:753} INFO - DAG(s) dict_keys(['example_xcom']) retrieved from /home/airflow/.local/lib/python3.7/site-packages/airflow/example_dags/example_xcom.py
[2026-09-30T19:43:53.108+0000] {logging_mixin.py:137} INFO - [2026-09-30T19:43:53.107+0000] {dag.py:2676} INFO - Sync 1 DAGs
[2026-09-30T19:43:53.155+0000] {logging_mixin.py:137} INFO - [2026-09-30T19:43:53.155+0000] {dag.py:3427} INFO - Setting next_dagrun for example_xcom to 2021-01-01T00:00:00+00:00, run_after=2021-01-01T00:00:00+00:00
[2026-09-30T19:43:53.184+0000] {processor.py:175} INFO - Processing /home/airflow/.local/lib/python3.7/site-packages/airflow/example_dags/example_xcom.py took 0.201 seconds
[2026-09-30T19:44:23.371+0000] {processor.py:153} INFO - Started process (PID=5765) to work on /home/airflow/.local/lib/python3.7/site-packages/airflow/example_dags/example_xcom.py
[2026-09-30T19:44:23.372+0000] {processor.py:743} INFO - Processing file /home/airflow/.local/lib/python3.7/site-packages/airflow/example_dags/example_xcom.py for tasks to queue
[2026-09-30T19:44:23.373+0000] {logging_mixin.py:137} INFO - [2026-09-30T19:44:23.373+0000] {dagbag.py:538} INFO - Filling up the DagBag from /home/airflow/.local/lib/python3.7/site-packages/airflow/example_dags/example_xcom.py
[2026-09-30T19:44:23.403+0000] {processor.py:753} INFO - DAG(s) dict_keys(['example_xcom']) retrieved from /home/airflow/.local/lib/python3.7/site-packages/airflow/example_dags/example_xcom.py
[2026-09-30T19:44:23.453+0000] {logging_mixin.py:137} INFO - [2026-09-30T19:44:23.452+0000] {dag.py:2676} INFO - Sync 1 DAGs
[2026-09-30T19:44:23.490+0000] {logging_mixin.py:137} INFO - [2026-09-30T19:44:23.490+0000] {dag.py:3427} INFO - Setting next_dagrun for example_xcom to 2021-01-01T00:00:00+00:00, run_after=2021-01-01T00:00:00+00:00
[2026-09-30T19:44:23.517+0000] {processor.py:175} INFO - Processing /home/airflow/.local/lib/python3.7/site-packages/airflow/example_dags/example_xcom.py took 0.150 seconds
[2026-09-30T19:44:53.994+0000] {processor.py:153} INFO - Started process (PID=5869) to work on /home/airflow/.local/lib/python3.7/site-packages/airflow/example_dags/example_xcom.py
[2026-09-30T19:44:53.996+0000] {processor.py:743} INFO - Processing file /home/airflow/.local/lib/python3.7/site-packages/airflow/example_dags/example_xcom.py for tasks to queue
[2026-09-30T19:44:53.996+0000] {logging_mixin.py:137} INFO - [2026-09-30T19:44:53.996+0000] {dagbag.py:538} INFO - Filling up the DagBag from /home/airflow/.local/lib/python3.7/site-packages/airflow/example_dags/example_xcom.py
[2026-09-30T19:44:54.032+0000] {processor.py:753} INFO - DAG(s) dict_keys(['example_xcom']) retrieved from /home/airflow/.local/lib/python3.7/site-packages/airflow/example_dags/example_xcom.py
[2026-09-30T19:44:54.090+0000] {logging_mixin.py:137} INFO - [2026-09-30T19:44:54.090+0000] {dag.py:2676} INFO - Sync 1 DAGs
[2026-09-30T19:44:54.121+0000] {logging_mixin.py:137} INFO - [2026-09-30T19:44:54.121+0000] {dag.py:3427} INFO - Setting next_dagrun for example_xcom to 2021-01-01T00:00:00+00:00, run_after=2021-01-01T00:00:00+00:00
[2026-09-30T19:44:54.143+0000] {processor.py:175} INFO - Processing /home/airflow/.local/lib/python3.7/site-packages/airflow/example_dags/example_xcom.py took 0.155 seconds
[2026-09-30T19:45:24.225+0000] {processor.py:153} INFO - Started process (PID=5953) to work on /home/airflow/.local/lib/python3.7/site-packages/airflow/example_dags/example_xcom.py
[2026-09-30T19:45:24.226+0000] {processor.py:743} INFO - Processing file /home/airflow/.local/lib/python3.7/site-packages/airflow/example_dags/example_xcom.py for tasks to queue
[2026-09-30T19:45:24.227+0000] {logging_mixin.py:137} INFO - [2026-09-30T19:45:24.227+0000] {dagbag.py:538} INFO - Filling up the DagBag from /home/airflow/.local/lib/python3.7/site-packages/airflow/example_dags/example_xcom.py
[2026-09-30T19:45:24.266+0000] {processor.py:753} INFO - DAG(s) dict_keys(['example_xcom']) retrieved from /home/airflow/.local/lib/python3.7/site-packages/airflow/example_dags/example_xcom.py
[2026-09-30T19:45:24.315+0000] {logging_mixin.py:137} INFO - [2026-09-30T19:45:24.315+0000] {dag.py:2676} INFO - Sync 1 DAGs
[2026-09-30T19:45:24.349+0000] {logging_mixin.py:137} INFO - [2026-09-30T19:45:24.349+0000] {dag.py:3427} INFO - Setting next_dagrun for example_xcom to 2021-01-01T00:00:00+00:00, run_after=2021-01-01T00:00:00+00:00
[2026-09-30T19:45:24.371+0000] {processor.py:175} INFO - Processing /home/airflow/.local/lib/python3.7/site-packages/airflow/example_dags/example_xcom.py took 0.151 seconds
[2026-09-30T19:45:54.726+0000] {processor.py:153} INFO - Started process (PID=6032) to work on /home/airflow/.local/lib/python3.7/site-packages/airflow/example_dags/example_xcom.py
[2026-09-30T19:45:54.728+0000] {processor.py:743} INFO - Processing file /home/airflow/.local/lib/python3.7/site-packages/airflow/example_dags/example_xcom.py for tasks to queue
[2026-09-30T19:45:54.729+0000] {logging_mixin.py:137} INFO - [2026-09-30T19:45:54.729+0000] {dagbag.py:538} INFO - Filling up the DagBag from /home/airflow/.local/lib/python3.7/site-packages/airflow/example_dags/example_xcom.py
[2026-09-30T19:45:54.777+0000] {processor.py:753} INFO - DAG(s) dict_keys(['example_xcom']) retrieved from /home/airflow/.local/lib/python3.7/site-packages/airflow/example_dags/example_xcom.py
[2026-09-30T19:45:54.831+0000] {logging_mixin.py:137} INFO - [2026-09-30T19:45:54.831+0000] {dag.py:2676} INFO - Sync 1 DAGs
[2026-09-30T19:45:54.867+0000] {logging_mixin.py:137} INFO - [2026-09-30T19:45:54.867+0000] {dag.py:3427} INFO - Setting next_dagrun for example_xcom to 2021-01-01T00:00:00+00:00, run_after=2021-01-01T00:00:00+00:00
[2026-09-30T19:45:54.894+0000] {processor.py:175} INFO - Processing /home/airflow/.local/lib/python3.7/site-packages/airflow/example_dags/example_xcom.py took 0.174 seconds
[2026-09-30T19:46:25.752+0000] {processor.py:153} INFO - Started process (PID=6111) to work on /home/airflow/.local/lib/python3.7/site-packages/airflow/example_dags/example_xcom.py
[2026-09-30T19:46:25.753+0000] {processor.py:743} INFO - Processing file /home/airflow/.local/lib/python3.7/site-packages/airflow/example_dags/example_xcom.py for tasks to queue
[2026-09-30T19:46:25.754+0000] {logging_mixin.py:137} INFO - [2026-09-30T19:46:25.754+0000] {dagbag.py:538} INFO - Filling up the DagBag from /home/airflow/.local/lib/python3.7/site-packages/airflow/example_dags/example_xcom.py
[2026-09-30T19:46:25.802+0000] {processor.py:753} INFO - DAG(s) dict_keys(['example_xcom']) retrieved from /home/airflow/.local/lib/python3.7/site-packages/airflow/example_dags/example_xcom.py
[2026-09-30T19:46:25.867+0000] {logging_mixin.py:137} INFO - [2026-09-30T19:46:25.866+0000] {dag.py:2676} INFO - Sync 1 DAGs
[2026-09-30T19:46:25.898+0000] {logging_mixin.py:137} INFO - [2026-09-30T19:46:25.898+0000] {dag.py:3427} INFO - Setting next_dagrun for example_xcom to 2021-01-01T00:00:00+00:00, run_after=2021-01-01T00:00:00+00:00
[2026-09-30T19:46:25.919+0000] {processor.py:175} INFO - Processing /home/airflow/.local/lib/python3.7/site-packages/airflow/example_dags/example_xcom.py took 0.173 seconds
[2026-09-30T19:46:56.641+0000] {processor.py:153} INFO - Started process (PID=6210) to work on /home/airflow/.local/lib/python3.7/site-packages/airflow/example_dags/example_xcom.py
[2026-09-30T19:46:56.644+0000] {processor.py:743} INFO - Processing file /home/airflow/.local/lib/python3.7/site-packages/airflow/example_dags/example_xcom.py for tasks to queue
[2026-09-30T19:46:56.645+0000] {logging_mixin.py:137} INFO - [2026-09-30T19:46:56.645+0000] {dagbag.py:538} INFO - Filling up the DagBag from /home/airflow/.local/lib/python3.7/site-packages/airflow/example_dags/example_xcom.py
[2026-09-30T19:46:56.680+0000] {processor.py:753} INFO - DAG(s) dict_keys(['example_xcom']) retrieved from /home/airflow/.local/lib/python3.7/site-packages/airflow/example_dags/example_xcom.py
[2026-09-30T19:46:56.734+0000] {logging_mixin.py:137} INFO - [2026-09-30T19:46:56.734+0000] {dag.py:2676} INFO - Sync 1 DAGs
[2026-09-30T19:46:56.772+0000] {logging_mixin.py:137} INFO - [2026-09-30T19:46:56.772+0000] {dag.py:3427} INFO - Setting next_dagrun for example_xcom to 2021-01-01T00:00:00+00:00, run_after=2021-01-01T00:00:00+00:00
[2026-09-30T19:46:56.800+0000] {processor.py:175} INFO - Processing /home/airflow/.local/lib/python3.7/site-packages/airflow/example_dags/example_xcom.py took 0.165 seconds
[2026-09-30T19:47:27.408+0000] {processor.py:153} INFO - Started process (PID=6289) to work on /home/airflow/.local/lib/python3.7/site-packages/airflow/example_dags/example_xcom.py
[2026-09-30T19:47:27.409+0000] {processor.py:743} INFO - Processing file /home/airflow/.local/lib/python3.7/site-packages/airflow/example_dags/example_xcom.py for tasks to queue
[2026-09-30T19:47:27.410+0000] {logging_mixin.py:137} INFO - [2026-09-30T19:47:27.410+0000] {dagbag.py:538} INFO - Filling up the DagBag from /home/airflow/.local/lib/python3.7/site-packages/airflow/example_dags/example_xcom.py
[2026-09-30T19:47:27.441+0000] {processor.py:753} INFO - DAG(s) dict_keys(['example_xcom']) retrieved from /home/airflow/.local/lib/python3.7/site-packages/airflow/example_dags/example_xcom.py
[2026-09-30T19:47:27.488+0000] {logging_mixin.py:137} INFO - [2026-09-30T19:47:27.488+0000] {dag.py:2676} INFO - Sync 1 DAGs
[2026-09-30T19:47:27.524+0000] {logging_mixin.py:137} INFO - [2026-09-30T19:47:27.524+0000] {dag.py:3427} INFO - Setting next_dagrun for example_xcom to 2021-01-01T00:00:00+00:00, run_after=2021-01-01T00:00:00+00:00
[2026-09-30T19:47:27.549+0000] {processor.py:175} INFO - Processing /home/airflow/.local/lib/python3.7/site-packages/airflow/example_dags/example_xcom.py took 0.146 seconds
[2026-09-30T19:47:58.029+0000] {processor.py:153} INFO - Started process (PID=6368) to work on /home/airflow/.local/lib/python3.7/site-packages/airflow/example_dags/example_xcom.py
[2026-09-30T19:47:58.031+0000] {processor.py:743} INFO - Processing file /home/airflow/.local/lib/python3.7/site-packages/airflow/example_dags/example_xcom.py for tasks to queue
[2026-09-30T19:47:58.032+0000] {logging_mixin.py:137} INFO - [2026-09-30T19:47:58.032+0000] {dagbag.py:538} INFO - Filling up the DagBag from /home/airflow/.local/lib/python3.7/site-packages/airflow/example_dags/example_xcom.py
[2026-09-30T19:47:58.065+0000] {processor.py:753} INFO - DAG(s) dict_keys(['example_xcom']) retrieved from /home/airflow/.local/lib/python3.7/site-packages/airflow/example_dags/example_xcom.py
[2026-09-30T19:47:58.115+0000] {logging_mixin.py:137} INFO - [2026-09-30T19:47:58.115+0000] {dag.py:2676} INFO - Sync 1 DAGs
[2026-09-30T19:47:58.147+0000] {logging_mixin.py:137} INFO - [2026-09-30T19:47:58.147+0000] {dag.py:3427} INFO - Setting next_dagrun for example_xcom to 2021-01-01T00:00:00+00:00, run_after=2021-01-01T00:00:00+00:00
[2026-09-30T19:47:58.172+0000] {processor.py:175} INFO - Processing /home/airflow/.local/lib/python3.7/site-packages/airflow/example_dags/example_xcom.py took 0.147 seconds
[2026-09-30T19:48:28.956+0000] {processor.py:153} INFO - Started process (PID=6468) to work on /home/airflow/.local/lib/python3.7/site-packages/airflow/example_dags/example_xcom.py
[2026-09-30T19:48:28.957+0000] {processor.py:743} INFO - Processing file /home/airflow/.local/lib/python3.7/site-packages/airflow/example_dags/example_xcom.py for tasks to queue
[2026-09-30T19:48:28.957+0000] {logging_mixin.py:137} INFO - [2026-09-30T19:48:28.957+0000] {dagbag.py:538} INFO - Filling up the DagBag from /home/airflow/.local/lib/python3.7/site-packages/airflow/example_dags/example_xcom.py
[2026-09-30T19:48:28.992+0000] {processor.py:753} INFO - DAG(s) dict_keys(['example_xcom']) retrieved from /home/airflow/.local/lib/python3.7/site-packages/airflow/example_dags/example_xcom.py
[2026-09-30T19:48:29.040+0000] {logging_mixin.py:137} INFO - [2026-09-30T19:48:29.040+0000] {dag.py:2676} INFO - Sync 1 DAGs
[2026-09-30T19:48:29.071+0000] {logging_mixin.py:137} INFO - [2026-09-30T19:48:29.071+0000] {dag.py:3427} INFO - Setting next_dagrun for example_xcom to 2021-01-01T00:00:00+00:00, run_after=2021-01-01T00:00:00+00:00
[2026-09-30T19:48:29.092+0000] {processor.py:175} INFO - Processing /home/airflow/.local/lib/python3.7/site-packages/airflow/example_dags/example_xcom.py took 0.141 seconds
[2026-09-30T19:48:59.834+0000] {processor.py:153} INFO - Started process (PID=6547) to work on /home/airflow/.local/lib/python3.7/site-packages/airflow/example_dags/example_xcom.py
[2026-09-30T19:48:59.836+0000] {processor.py:743} INFO - Processing file /home/airflow/.local/lib/python3.7/site-packages/airflow/example_dags/example_xcom.py for tasks to queue
[2026-09-30T19:48:59.837+0000] {logging_mixin.py:137} INFO - [2026-09-30T19:48:59.837+0000] {dagbag.py:538} INFO - Filling up the DagBag from /home/airflow/.local/lib/python3.7/site-packages/airflow/example_dags/example_xcom.py
[2026-09-30T19:48:59.871+0000] {processor.py:753} INFO - DAG(s) dict_keys(['example_xcom']) retrieved from /home/airflow/.local/lib/python3.7/site-packages/airflow/example_dags/example_xcom.py
[2026-09-30T19:48:59.920+0000] {logging_mixin.py:137} INFO - [2026-09-30T19:48:59.920+0000] {dag.py:2676} INFO - Sync 1 DAGs
[2026-09-30T19:48:59.952+0000] {logging_mixin.py:137} INFO - [2026-09-30T19:48:59.952+0000] {dag.py:3427} INFO - Setting next_dagrun for example_xcom to 2021-01-01T00:00:00+00:00, run_after=2021-01-01T00:00:00+00:00
[2026-09-30T19:48:59.976+0000] {processor.py:175} INFO - Processing /home/airflow/.local/lib/python3.7/site-packages/airflow/example_dags/example_xcom.py took 0.149 seconds
[2026-09-30T19:49:30.571+0000] {processor.py:153} INFO - Started process (PID=6626) to work on /home/airflow/.local/lib/python3.7/site-packages/airflow/example_dags/example_xcom.py
[2026-09-30T19:49:30.572+0000] {processor.py:743} INFO - Processing file /home/airflow/.local/lib/python3.7/site-packages/airflow/example_dags/example_xcom.py for tasks to queue
[2026-09-30T19:49:30.573+0000] {logging_mixin.py:137} INFO - [2026-09-30T19:49:30.573+0000] {dagbag.py:538} INFO - Filling up the DagBag from /home/airflow/.local/lib/python3.7/site-packages/airflow/example_dags/example_xcom.py
[2026-09-30T19:49:30.619+0000] {processor.py:753} INFO - DAG(s) dict_keys(['example_xcom']) retrieved from /home/airflow/.local/lib/python3.7/site-packages/airflow/example_dags/example_xcom.py
[2026-09-30T19:49:30.683+0000] {logging_mixin.py:137} INFO - [2026-09-30T19:49:30.683+0000] {dag.py:2676} INFO - Sync 1 DAGs
[2026-09-30T19:49:30.722+0000] {logging_mixin.py:137} INFO - [2026-09-30T19:49:30.722+0000] {dag.py:3427} INFO - Setting next_dagrun for example_xcom to 2021-01-01T00:00:00+00:00, run_after=2021-01-01T00:00:00+00:00
[2026-09-30T19:49:30.743+0000] {processor.py:175} INFO - Processing /home/airflow/.local/lib/python3.7/site-packages/airflow/example_dags/example_xcom.py took 0.180 seconds
[2026-09-30T19:50:01.065+0000] {processor.py:153} INFO - Started process (PID=6704) to work on /home/airflow/.local/lib/python3.7/site-packages/airflow/example_dags/example_xcom.py
[2026-09-30T19:50:01.067+0000] {processor.py:743} INFO - Processing file /home/airflow/.local/lib/python3.7/site-packages/airflow/example_dags/example_xcom.py for tasks to queue
[2026-09-30T19:50:01.068+0000] {logging_mixin.py:137} INFO - [2026-09-30T19:50:01.068+0000] {dagbag.py:538} INFO - Filling up the DagBag from /home/airflow/.local/lib/python3.7/site-packages/airflow/example_dags/example_xcom.py
[2026-09-30T19:50:01.111+0000] {processor.py:753} INFO - DAG(s) dict_keys(['example_xcom']) retrieved from /home/airflow/.local/lib/python3.7/site-packages/airflow/example_dags/example_xcom.py
[2026-09-30T19:50:01.158+0000] {logging_mixin.py:137} INFO - [2026-09-30T19:50:01.158+0000] {dag.py:2676} INFO - Sync 1 DAGs
[2026-09-30T19:50:01.190+0000] {logging_mixin.py:137} INFO - [2026-09-30T19:50:01.189+0000] {dag.py:3427} INFO - Setting next_dagrun for example_xcom to 2021-01-01T00:00:00+00:00, run_after=2021-01-01T00:00:00+00:00
[2026-09-30T19:50:01.214+0000] {processor.py:175} INFO - Processing /home/airflow/.local/lib/python3.7/site-packages/airflow/example_dags/example_xcom.py took 0.152 seconds
[2026-09-30T19:50:32.114+0000] {processor.py:153} INFO - Started process (PID=6803) to work on /home/airflow/.local/lib/python3.7/site-packages/airflow/example_dags/example_xcom.py
[2026-09-30T19:50:32.115+0000] {processor.py:743} INFO - Processing file /home/airflow/.local/lib/python3.7/site-packages/airflow/example_dags/example_xcom.py for tasks to queue
[2026-09-30T19:50:32.116+0000] {logging_mixin.py:137} INFO - [2026-09-30T19:50:32.116+0000] {dagbag.py:538} INFO - Filling up the DagBag from /home/airflow/.local/lib/python3.7/site-packages/airflow/example_dags/example_xcom.py
[2026-09-30T19:50:32.147+0000] {processor.py:753} INFO - DAG(s) dict_keys(['example_xcom']) retrieved from /home/airflow/.local/lib/python3.7/site-packages/airflow/example_dags/example_xcom.py
[2026-09-30T19:50:32.198+0000] {logging_mixin.py:137} INFO - [2026-09-30T19:50:32.198+0000] {dag.py:2676} INFO - Sync 1 DAGs
[2026-09-30T19:50:32.232+0000] {logging_mixin.py:137} INFO - [2026-09-30T19:50:32.232+0000] {dag.py:3427} INFO - Setting next_dagrun for example_xcom to 2021-01-01T00:00:00+00:00, run_after=2021-01-01T00:00:00+00:00
[2026-09-30T19:50:32.261+0000] {processor.py:175} INFO - Processing /home/airflow/.local/lib/python3.7/site-packages/airflow/example_dags/example_xcom.py took 0.151 seconds
[2026-09-30T19:51:02.963+0000] {processor.py:153} INFO - Started process (PID=6882) to work on /home/airflow/.local/lib/python3.7/site-packages/airflow/example_dags/example_xcom.py
[2026-09-30T19:51:02.966+0000] {processor.py:743} INFO - Processing file /home/airflow/.local/lib/python3.7/site-packages/airflow/example_dags/example_xcom.py for tasks to queue
[2026-09-30T19:51:02.967+0000] {logging_mixin.py:137} INFO - [2026-09-30T19:51:02.967+0000] {dagbag.py:538} INFO - Filling up the DagBag from /home/airflow/.local/lib/python3.7/site-packages/airflow/example_dags/example_xcom.py
[2026-09-30T19:51:03.003+0000] {processor.py:753} INFO - DAG(s) dict_keys(['example_xcom']) retrieved from /home/airflow/.local/lib/python3.7/site-packages/airflow/example_dags/example_xcom.py
[2026-09-30T19:51:03.052+0000] {logging_mixin.py:137} INFO - [2026-09-30T19:51:03.052+0000] {dag.py:2676} INFO - Sync 1 DAGs
[2026-09-30T19:51:03.089+0000] {logging_mixin.py:137} INFO - [2026-09-30T19:51:03.089+0000] {dag.py:3427} INFO - Setting next_dagrun for example_xcom to 2021-01-01T00:00:00+00:00, run_after=2021-01-01T00:00:00+00:00
[2026-09-30T19:51:03.112+0000] {processor.py:175} INFO - Processing /home/airflow/.local/lib/python3.7/site-packages/airflow/example_dags/example_xcom.py took 0.155 seconds
[2026-09-30T19:51:33.844+0000] {processor.py:153} INFO - Started process (PID=6961) to work on /home/airflow/.local/lib/python3.7/site-packages/airflow/example_dags/example_xcom.py
[2026-09-30T19:51:33.846+0000] {processor.py:743} INFO - Processing file /home/airflow/.local/lib/python3.7/site-packages/airflow/example_dags/example_xcom.py for tasks to queue
[2026-09-30T19:51:33.847+0000] {logging_mixin.py:137} INFO - [2026-09-30T19:51:33.847+0000] {dagbag.py:538} INFO - Filling up the DagBag from /home/airflow/.local/lib/python3.7/site-packages/airflow/example_dags/example_xcom.py
[2026-09-30T19:51:33.894+0000] {processor.py:753} INFO - DAG(s) dict_keys(['example_xcom']) retrieved from /home/airflow/.local/lib/python3.7/site-packages/airflow/example_dags/example_xcom.py
[2026-09-30T19:51:33.956+0000] {logging_mixin.py:137} INFO - [2026-09-30T19:51:33.956+0000] {dag.py:2676} INFO - Sync 1 DAGs
[2026-09-30T19:51:34.018+0000] {logging_mixin.py:137} INFO - [2026-09-30T19:51:34.018+0000] {dag.py:3427} INFO - Setting next_dagrun for example_xcom to 2021-01-01T00:00:00+00:00, run_after=2021-01-01T00:00:00+00:00
[2026-09-30T19:51:34.055+0000] {processor.py:175} INFO - Processing /home/airflow/.local/lib/python3.7/site-packages/airflow/example_dags/example_xcom.py took 0.217 seconds
[2026-09-30T19:52:04.198+0000] {processor.py:153} INFO - Started process (PID=7049) to work on /home/airflow/.local/lib/python3.7/site-packages/airflow/example_dags/example_xcom.py
[2026-09-30T19:52:04.201+0000] {processor.py:743} INFO - Processing file /home/airflow/.local/lib/python3.7/site-packages/airflow/example_dags/example_xcom.py for tasks to queue
[2026-09-30T19:52:04.202+0000] {logging_mixin.py:137} INFO - [2026-09-30T19:52:04.202+0000] {dagbag.py:538} INFO - Filling up the DagBag from /home/airflow/.local/lib/python3.7/site-packages/airflow/example_dags/example_xcom.py
[2026-09-30T19:52:04.250+0000] {processor.py:753} INFO - DAG(s) dict_keys(['example_xcom']) retrieved from /home/airflow/.local/lib/python3.7/site-packages/airflow/example_dags/example_xcom.py
[2026-09-30T19:52:04.312+0000] {logging_mixin.py:137} INFO - [2026-09-30T19:52:04.312+0000] {dag.py:2676} INFO - Sync 1 DAGs
[2026-09-30T19:52:04.361+0000] {logging_mixin.py:137} INFO - [2026-09-30T19:52:04.361+0000] {dag.py:3427} INFO - Setting next_dagrun for example_xcom to 2021-01-01T00:00:00+00:00, run_after=2021-01-01T00:00:00+00:00
[2026-09-30T19:52:04.392+0000] {processor.py:175} INFO - Processing /home/airflow/.local/lib/python3.7/site-packages/airflow/example_dags/example_xcom.py took 0.200 seconds
[2026-09-30T19:52:34.680+0000] {processor.py:153} INFO - Started process (PID=7139) to work on /home/airflow/.local/lib/python3.7/site-packages/airflow/example_dags/example_xcom.py
[2026-09-30T19:52:34.681+0000] {processor.py:743} INFO - Processing file /home/airflow/.local/lib/python3.7/site-packages/airflow/example_dags/example_xcom.py for tasks to queue
[2026-09-30T19:52:34.681+0000] {logging_mixin.py:137} INFO - [2026-09-30T19:52:34.681+0000] {dagbag.py:538} INFO - Filling up the DagBag from /home/airflow/.local/lib/python3.7/site-packages/airflow/example_dags/example_xcom.py
[2026-09-30T19:52:34.728+0000] {processor.py:753} INFO - DAG(s) dict_keys(['example_xcom']) retrieved from /home/airflow/.local/lib/python3.7/site-packages/airflow/example_dags/example_xcom.py
[2026-09-30T19:52:34.784+0000] {logging_mixin.py:137} INFO - [2026-09-30T19:52:34.784+0000] {dag.py:2676} INFO - Sync 1 DAGs
[2026-09-30T19:52:34.823+0000] {logging_mixin.py:137} INFO - [2026-09-30T19:52:34.822+0000] {dag.py:3427} INFO - Setting next_dagrun for example_xcom to 2021-01-01T00:00:00+00:00, run_after=2021-01-01T00:00:00+00:00
[2026-09-30T19:52:34.847+0000] {processor.py:175} INFO - Processing /home/airflow/.local/lib/python3.7/site-packages/airflow/example_dags/example_xcom.py took 0.171 seconds
[2026-09-30T19:53:04.892+0000] {processor.py:153} INFO - Started process (PID=7218) to work on /home/airflow/.local/lib/python3.7/site-packages/airflow/example_dags/example_xcom.py
[2026-09-30T19:53:04.893+0000] {processor.py:743} INFO - Processing file /home/airflow/.local/lib/python3.7/site-packages/airflow/example_dags/example_xcom.py for tasks to queue
[2026-09-30T19:53:04.894+0000] {logging_mixin.py:137} INFO - [2026-09-30T19:53:04.894+0000] {dagbag.py:538} INFO - Filling up the DagBag from /home/airflow/.local/lib/python3.7/site-packages/airflow/example_dags/example_xcom.py
[2026-09-30T19:53:04.928+0000] {processor.py:753} INFO - DAG(s) dict_keys(['example_xcom']) retrieved from /home/airflow/.local/lib/python3.7/site-packages/airflow/example_dags/example_xcom.py
[2026-09-30T19:53:04.981+0000] {logging_mixin.py:137} INFO - [2026-09-30T19:53:04.981+0000] {dag.py:2676} INFO - Sync 1 DAGs
[2026-09-30T19:53:05.013+0000] {logging_mixin.py:137} INFO - [2026-09-30T19:53:05.013+0000] {dag.py:3427} INFO - Setting next_dagrun for example_xcom to 2021-01-01T00:00:00+00:00, run_after=2021-01-01T00:00:00+00:00
[2026-09-30T19:53:05.035+0000] {processor.py:175} INFO - Processing /home/airflow/.local/lib/python3.7/site-packages/airflow/example_dags/example_xcom.py took 0.148 seconds
[2026-09-30T19:53:35.737+0000] {processor.py:153} INFO - Started process (PID=7297) to work on /home/airflow/.local/lib/python3.7/site-packages/airflow/example_dags/example_xcom.py
[2026-09-30T19:53:35.739+0000] {processor.py:743} INFO - Processing file /home/airflow/.local/lib/python3.7/site-packages/airflow/example_dags/example_xcom.py for tasks to queue
[2026-09-30T19:53:35.740+0000] {logging_mixin.py:137} INFO - [2026-09-30T19:53:35.740+0000] {dagbag.py:538} INFO - Filling up the DagBag from /home/airflow/.local/lib/python3.7/site-packages/airflow/example_dags/example_xcom.py
[2026-09-30T19:53:35.787+0000] {processor.py:753} INFO - DAG(s) dict_keys(['example_xcom']) retrieved from /home/airflow/.local/lib/python3.7/site-packages/airflow/example_dags/example_xcom.py
[2026-09-30T19:53:35.859+0000] {logging_mixin.py:137} INFO - [2026-09-30T19:53:35.858+0000] {dag.py:2676} INFO - Sync 1 DAGs
[2026-09-30T19:53:35.898+0000] {logging_mixin.py:137} INFO - [2026-09-30T19:53:35.898+0000] {dag.py:3427} INFO - Setting next_dagrun for example_xcom to 2021-01-01T00:00:00+00:00, run_after=2021-01-01T00:00:00+00:00
[2026-09-30T19:53:35.919+0000] {processor.py:175} INFO - Processing /home/airflow/.local/lib/python3.7/site-packages/airflow/example_dags/example_xcom.py took 0.189 seconds
[2026-09-30T19:54:06.300+0000] {processor.py:153} INFO - Started process (PID=7397) to work on /home/airflow/.local/lib/python3.7/site-packages/airflow/example_dags/example_xcom.py
[2026-09-30T19:54:06.301+0000] {processor.py:743} INFO - Processing file /home/airflow/.local/lib/python3.7/site-packages/airflow/example_dags/example_xcom.py for tasks to queue
[2026-09-30T19:54:06.301+0000] {logging_mixin.py:137} INFO - [2026-09-30T19:54:06.301+0000] {dagbag.py:538} INFO - Filling up the DagBag from /home/airflow/.local/lib/python3.7/site-packages/airflow/example_dags/example_xcom.py
[2026-09-30T19:54:06.323+0000] {processor.py:753} INFO - DAG(s) dict_keys(['example_xcom']) retrieved from /home/airflow/.local/lib/python3.7/site-packages/airflow/example_dags/example_xcom.py
[2026-09-30T19:54:06.358+0000] {logging_mixin.py:137} INFO - [2026-09-30T19:54:06.358+0000] {dag.py:2676} INFO - Sync 1 DAGs
[2026-09-30T19:54:06.382+0000] {logging_mixin.py:137} INFO - [2026-09-30T19:54:06.382+0000] {dag.py:3427} INFO - Setting next_dagrun for example_xcom to 2021-01-01T00:00:00+00:00, run_after=2021-01-01T00:00:00+00:00
[2026-09-30T19:54:06.397+0000] {processor.py:175} INFO - Processing /home/airflow/.local/lib/python3.7/site-packages/airflow/example_dags/example_xcom.py took 0.100 seconds
[2026-09-30T19:54:36.797+0000] {processor.py:153} INFO - Started process (PID=7477) to work on /home/airflow/.local/lib/python3.7/site-packages/airflow/example_dags/example_xcom.py
[2026-09-30T19:54:36.798+0000] {processor.py:743} INFO - Processing file /home/airflow/.local/lib/python3.7/site-packages/airflow/example_dags/example_xcom.py for tasks to queue
[2026-09-30T19:54:36.800+0000] {logging_mixin.py:137} INFO - [2026-09-30T19:54:36.799+0000] {dagbag.py:538} INFO - Filling up the DagBag from /home/airflow/.local/lib/python3.7/site-packages/airflow/example_dags/example_xcom.py
[2026-09-30T19:54:36.831+0000] {processor.py:753} INFO - DAG(s) dict_keys(['example_xcom']) retrieved from /home/airflow/.local/lib/python3.7/site-packages/airflow/example_dags/example_xcom.py
[2026-09-30T19:54:36.888+0000] {logging_mixin.py:137} INFO - [2026-09-30T19:54:36.888+0000] {dag.py:2676} INFO - Sync 1 DAGs
[2026-09-30T19:54:36.924+0000] {logging_mixin.py:137} INFO - [2026-09-30T19:54:36.924+0000] {dag.py:3427} INFO - Setting next_dagrun for example_xcom to 2021-01-01T00:00:00+00:00, run_after=2021-01-01T00:00:00+00:00
[2026-09-30T19:54:36.946+0000] {processor.py:175} INFO - Processing /home/airflow/.local/lib/python3.7/site-packages/airflow/example_dags/example_xcom.py took 0.155 seconds
[2026-09-30T19:55:07.426+0000] {processor.py:153} INFO - Started process (PID=7556) to work on /home/airflow/.local/lib/python3.7/site-packages/airflow/example_dags/example_xcom.py
[2026-09-30T19:55:07.427+0000] {processor.py:743} INFO - Processing file /home/airflow/.local/lib/python3.7/site-packages/airflow/example_dags/example_xcom.py for tasks to queue
[2026-09-30T19:55:07.428+0000] {logging_mixin.py:137} INFO - [2026-09-30T19:55:07.428+0000] {dagbag.py:538} INFO - Filling up the DagBag from /home/airflow/.local/lib/python3.7/site-packages/airflow/example_dags/example_xcom.py
[2026-09-30T19:55:07.461+0000] {processor.py:753} INFO - DAG(s) dict_keys(['example_xcom']) retrieved from /home/airflow/.local/lib/python3.7/site-packages/airflow/example_dags/example_xcom.py
[2026-09-30T19:55:07.523+0000] {logging_mixin.py:137} INFO - [2026-09-30T19:55:07.523+0000] {dag.py:2676} INFO - Sync 1 DAGs
[2026-09-30T19:55:07.558+0000] {logging_mixin.py:137} INFO - [2026-09-30T19:55:07.558+0000] {dag.py:3427} INFO - Setting next_dagrun for example_xcom to 2021-01-01T00:00:00+00:00, run_after=2021-01-01T00:00:00+00:00
[2026-09-30T19:55:07.584+0000] {processor.py:175} INFO - Processing /home/airflow/.local/lib/python3.7/site-packages/airflow/example_dags/example_xcom.py took 0.162 seconds
[2026-09-30T19:55:37.893+0000] {processor.py:153} INFO - Started process (PID=7635) to work on /home/airflow/.local/lib/python3.7/site-packages/airflow/example_dags/example_xcom.py
[2026-09-30T19:55:37.894+0000] {processor.py:743} INFO - Processing file /home/airflow/.local/lib/python3.7/site-packages/airflow/example_dags/example_xcom.py for tasks to queue
[2026-09-30T19:55:37.894+0000] {logging_mixin.py:137} INFO - [2026-09-30T19:55:37.894+0000] {dagbag.py:538} INFO - Filling up the DagBag from /home/airflow/.local/lib/python3.7/site-packages/airflow/example_dags/example_xcom.py
[2026-09-30T19:55:37.923+0000] {processor.py:753} INFO - DAG(s) dict_keys(['example_xcom']) retrieved from /home/airflow/.local/lib/python3.7/site-packages/airflow/example_dags/example_xcom.py
[2026-09-30T19:55:37.981+0000] {logging_mixin.py:137} INFO - [2026-09-30T19:55:37.981+0000] {dag.py:2676} INFO - Sync 1 DAGs
[2026-09-30T19:55:38.020+0000] {logging_mixin.py:137} INFO - [2026-09-30T19:55:38.020+0000] {dag.py:3427} INFO - Setting next_dagrun for example_xcom to 2021-01-01T00:00:00+00:00, run_after=2021-01-01T00:00:00+00:00
[2026-09-30T19:55:38.055+0000] {processor.py:175} INFO - Processing /home/airflow/.local/lib/python3.7/site-packages/airflow/example_dags/example_xcom.py took 0.166 seconds
[2026-09-30T19:56:08.236+0000] {processor.py:153} INFO - Started process (PID=7723) to work on /home/airflow/.local/lib/python3.7/site-packages/airflow/example_dags/example_xcom.py
[2026-09-30T19:56:08.237+0000] {processor.py:743} INFO - Processing file /home/airflow/.local/lib/python3.7/site-packages/airflow/example_dags/example_xcom.py for tasks to queue
[2026-09-30T19:56:08.237+0000] {logging_mixin.py:137} INFO - [2026-09-30T19:56:08.237+0000] {dagbag.py:538} INFO - Filling up the DagBag from /home/airflow/.local/lib/python3.7/site-packages/airflow/example_dags/example_xcom.py
[2026-09-30T19:56:08.276+0000] {processor.py:753} INFO - DAG(s) dict_keys(['example_xcom']) retrieved from /home/airflow/.local/lib/python3.7/site-packages/airflow/example_dags/example_xcom.py
[2026-09-30T19:56:08.343+0000] {logging_mixin.py:137} INFO - [2026-09-30T19:56:08.342+0000] {dag.py:2676} INFO - Sync 1 DAGs
[2026-09-30T19:56:08.390+0000] {logging_mixin.py:137} INFO - [2026-09-30T19:56:08.390+0000] {dag.py:3427} INFO - Setting next_dagrun for example_xcom to 2021-01-01T00:00:00+00:00, run_after=2021-01-01T00:00:00+00:00
[2026-09-30T19:56:08.413+0000] {processor.py:175} INFO - Processing /home/airflow/.local/lib/python3.7/site-packages/airflow/example_dags/example_xcom.py took 0.181 seconds
[2026-09-30T19:56:38.586+0000] {processor.py:153} INFO - Started process (PID=7813) to work on /home/airflow/.local/lib/python3.7/site-packages/airflow/example_dags/example_xcom.py
[2026-09-30T19:56:38.587+0000] {processor.py:743} INFO - Processing file /home/airflow/.local/lib/python3.7/site-packages/airflow/example_dags/example_xcom.py for tasks to queue
[2026-09-30T19:56:38.587+0000] {logging_mixin.py:137} INFO - [2026-09-30T19:56:38.587+0000] {dagbag.py:538} INFO - Filling up the DagBag from /home/airflow/.local/lib/python3.7/site-packages/airflow/example_dags/example_xcom.py
[2026-09-30T19:56:38.628+0000] {processor.py:753} INFO - DAG(s) dict_keys(['example_xcom']) retrieved from /home/airflow/.local/lib/python3.7/site-packages/airflow/example_dags/example_xcom.py
[2026-09-30T19:56:38.685+0000] {logging_mixin.py:137} INFO - [2026-09-30T19:56:38.685+0000] {dag.py:2676} INFO - Sync 1 DAGs
[2026-09-30T19:56:38.723+0000] {logging_mixin.py:137} INFO - [2026-09-30T19:56:38.723+0000] {dag.py:3427} INFO - Setting next_dagrun for example_xcom to 2021-01-01T00:00:00+00:00, run_after=2021-01-01T00:00:00+00:00
[2026-09-30T19:56:38.743+0000] {processor.py:175} INFO - Processing /home/airflow/.local/lib/python3.7/site-packages/airflow/example_dags/example_xcom.py took 0.160 seconds
[2026-09-30T19:57:08.870+0000] {processor.py:153} INFO - Started process (PID=7892) to work on /home/airflow/.local/lib/python3.7/site-packages/airflow/example_dags/example_xcom.py
[2026-09-30T19:57:08.872+0000] {processor.py:743} INFO - Processing file /home/airflow/.local/lib/python3.7/site-packages/airflow/example_dags/example_xcom.py for tasks to queue
[2026-09-30T19:57:08.873+0000] {logging_mixin.py:137} INFO - [2026-09-30T19:57:08.873+0000] {dagbag.py:538} INFO - Filling up the DagBag from /home/airflow/.local/lib/python3.7/site-packages/airflow/example_dags/example_xcom.py
[2026-09-30T19:57:08.919+0000] {processor.py:753} INFO - DAG(s) dict_keys(['example_xcom']) retrieved from /home/airflow/.local/lib/python3.7/site-packages/airflow/example_dags/example_xcom.py
[2026-09-30T19:57:08.987+0000] {logging_mixin.py:137} INFO - [2026-09-30T19:57:08.987+0000] {dag.py:2676} INFO - Sync 1 DAGs
[2026-09-30T19:57:09.034+0000] {logging_mixin.py:137} INFO - [2026-09-30T19:57:09.033+0000] {dag.py:3427} INFO - Setting next_dagrun for example_xcom to 2021-01-01T00:00:00+00:00, run_after=2021-01-01T00:00:00+00:00
[2026-09-30T19:57:09.061+0000] {processor.py:175} INFO - Processing /home/airflow/.local/lib/python3.7/site-packages/airflow/example_dags/example_xcom.py took 0.197 seconds
[2026-09-30T19:57:39.438+0000] {processor.py:153} INFO - Started process (PID=7971) to work on /home/airflow/.local/lib/python3.7/site-packages/airflow/example_dags/example_xcom.py
[2026-09-30T19:57:39.439+0000] {processor.py:743} INFO - Processing file /home/airflow/.local/lib/python3.7/site-packages/airflow/example_dags/example_xcom.py for tasks to queue
[2026-09-30T19:57:39.440+0000] {logging_mixin.py:137} INFO - [2026-09-30T19:57:39.439+0000] {dagbag.py:538} INFO - Filling up the DagBag from /home/airflow/.local/lib/python3.7/site-packages/airflow/example_dags/example_xcom.py
[2026-09-30T19:57:39.471+0000] {processor.py:753} INFO - DAG(s) dict_keys(['example_xcom']) retrieved from /home/airflow/.local/lib/python3.7/site-packages/airflow/example_dags/example_xcom.py
[2026-09-30T19:57:39.517+0000] {logging_mixin.py:137} INFO - [2026-09-30T19:57:39.517+0000] {dag.py:2676} INFO - Sync 1 DAGs
[2026-09-30T19:57:39.564+0000] {logging_mixin.py:137} INFO - [2026-09-30T19:57:39.564+0000] {dag.py:3427} INFO - Setting next_dagrun for example_xcom to 2021-01-01T00:00:00+00:00, run_after=2021-01-01T00:00:00+00:00
[2026-09-30T19:57:39.600+0000] {processor.py:175} INFO - Processing /home/airflow/.local/lib/python3.7/site-packages/airflow/example_dags/example_xcom.py took 0.166 seconds
[2026-09-30T19:58:09.930+0000] {processor.py:153} INFO - Started process (PID=8050) to work on /home/airflow/.local/lib/python3.7/site-packages/airflow/example_dags/example_xcom.py
[2026-09-30T19:58:09.931+0000] {processor.py:743} INFO - Processing file /home/airflow/.local/lib/python3.7/site-packages/airflow/example_dags/example_xcom.py for tasks to queue
[2026-09-30T19:58:09.932+0000] {logging_mixin.py:137} INFO - [2026-09-30T19:58:09.932+0000] {dagbag.py:538} INFO - Filling up the DagBag from /home/airflow/.local/lib/python3.7/site-packages/airflow/example_dags/example_xcom.py
[2026-09-30T19:58:09.978+0000] {processor.py:753} INFO - DAG(s) dict_keys(['example_xcom']) retrieved from /home/airflow/.local/lib/python3.7/site-packages/airflow/example_dags/example_xcom.py
[2026-09-30T19:58:10.047+0000] {logging_mixin.py:137} INFO - [2026-09-30T19:58:10.047+0000] {dag.py:2676} INFO - Sync 1 DAGs
[2026-09-30T19:58:10.096+0000] {logging_mixin.py:137} INFO - [2026-09-30T19:58:10.096+0000] {dag.py:3427} INFO - Setting next_dagrun for example_xcom to 2021-01-01T00:00:00+00:00, run_after=2021-01-01T00:00:00+00:00
[2026-09-30T19:58:10.130+0000] {processor.py:175} INFO - Processing /home/airflow/.local/lib/python3.7/site-packages/airflow/example_dags/example_xcom.py took 0.205 seconds
[2026-09-30T19:58:40.256+0000] {processor.py:153} INFO - Started process (PID=8129) to work on /home/airflow/.local/lib/python3.7/site-packages/airflow/example_dags/example_xcom.py
[2026-09-30T19:58:40.257+0000] {processor.py:743} INFO - Processing file /home/airflow/.local/lib/python3.7/site-packages/airflow/example_dags/example_xcom.py for tasks to queue
[2026-09-30T19:58:40.257+0000] {logging_mixin.py:137} INFO - [2026-09-30T19:58:40.257+0000] {dagbag.py:538} INFO - Filling up the DagBag from /home/airflow/.local/lib/python3.7/site-packages/airflow/example_dags/example_xcom.py
[2026-09-30T19:58:40.288+0000] {processor.py:753} INFO - DAG(s) dict_keys(['example_xcom']) retrieved from /home/airflow/.local/lib/python3.7/site-packages/airflow/example_dags/example_xcom.py
[2026-09-30T19:58:40.344+0000] {logging_mixin.py:137} INFO - [2026-09-30T19:58:40.344+0000] {dag.py:2676} INFO - Sync 1 DAGs
[2026-09-30T19:58:40.390+0000] {logging_mixin.py:137} INFO - [2026-09-30T19:58:40.390+0000] {dag.py:3427} INFO - Setting next_dagrun for example_xcom to 2021-01-01T00:00:00+00:00, run_after=2021-01-01T00:00:00+00:00
[2026-09-30T19:58:40.418+0000] {processor.py:175} INFO - Processing /home/airflow/.local/lib/python3.7/site-packages/airflow/example_dags/example_xcom.py took 0.166 seconds
[2026-09-30T19:59:10.558+0000] {processor.py:153} INFO - Started process (PID=8228) to work on /home/airflow/.local/lib/python3.7/site-packages/airflow/example_dags/example_xcom.py
[2026-09-30T19:59:10.559+0000] {processor.py:743} INFO - Processing file /home/airflow/.local/lib/python3.7/site-packages/airflow/example_dags/example_xcom.py for tasks to queue
[2026-09-30T19:59:10.560+0000] {logging_mixin.py:137} INFO - [2026-09-30T19:59:10.560+0000] {dagbag.py:538} INFO - Filling up the DagBag from /home/airflow/.local/lib/python3.7/site-packages/airflow/example_dags/example_xcom.py
[2026-09-30T19:59:10.600+0000] {processor.py:753} INFO - DAG(s) dict_keys(['example_xcom']) retrieved from /home/airflow/.local/lib/python3.7/site-packages/airflow/example_dags/example_xcom.py
[2026-09-30T19:59:10.659+0000] {logging_mixin.py:137} INFO - [2026-09-30T19:59:10.659+0000] {dag.py:2676} INFO - Sync 1 DAGs
[2026-09-30T19:59:10.692+0000] {logging_mixin.py:137} INFO - [2026-09-30T19:59:10.691+0000] {dag.py:3427} INFO - Setting next_dagrun for example_xcom to 2021-01-01T00:00:00+00:00, run_after=2021-01-01T00:00:00+00:00
[2026-09-30T19:59:10.712+0000] {processor.py:175} INFO - Processing /home/airflow/.local/lib/python3.7/site-packages/airflow/example_dags/example_xcom.py took 0.160 seconds
[2026-09-30T19:59:41.044+0000] {processor.py:153} INFO - Started process (PID=8307) to work on /home/airflow/.local/lib/python3.7/site-packages/airflow/example_dags/example_xcom.py
[2026-09-30T19:59:41.045+0000] {processor.py:743} INFO - Processing file /home/airflow/.local/lib/python3.7/site-packages/airflow/example_dags/example_xcom.py for tasks to queue
[2026-09-30T19:59:41.046+0000] {logging_mixin.py:137} INFO - [2026-09-30T19:59:41.046+0000] {dagbag.py:538} INFO - Filling up the DagBag from /home/airflow/.local/lib/python3.7/site-packages/airflow/example_dags/example_xcom.py
[2026-09-30T19:59:41.087+0000] {processor.py:753} INFO - DAG(s) dict_keys(['example_xcom']) retrieved from /home/airflow/.local/lib/python3.7/site-packages/airflow/example_dags/example_xcom.py
[2026-09-30T19:59:41.147+0000] {logging_mixin.py:137} INFO - [2026-09-30T19:59:41.147+0000] {dag.py:2676} INFO - Sync 1 DAGs
[2026-09-30T19:59:41.184+0000] {logging_mixin.py:137} INFO - [2026-09-30T19:59:41.184+0000] {dag.py:3427} INFO - Setting next_dagrun for example_xcom to 2021-01-01T00:00:00+00:00, run_after=2021-01-01T00:00:00+00:00
[2026-09-30T19:59:41.211+0000] {processor.py:175} INFO - Processing /home/airflow/.local/lib/python3.7/site-packages/airflow/example_dags/example_xcom.py took 0.173 seconds
[2026-09-30T20:00:11.590+0000] {processor.py:153} INFO - Started process (PID=8386) to work on /home/airflow/.local/lib/python3.7/site-packages/airflow/example_dags/example_xcom.py
[2026-09-30T20:00:11.591+0000] {processor.py:743} INFO - Processing file /home/airflow/.local/lib/python3.7/site-packages/airflow/example_dags/example_xcom.py for tasks to queue
[2026-09-30T20:00:11.592+0000] {logging_mixin.py:137} INFO - [2026-09-30T20:00:11.592+0000] {dagbag.py:538} INFO - Filling up the DagBag from /home/airflow/.local/lib/python3.7/site-packages/airflow/example_dags/example_xcom.py
[2026-09-30T20:00:11.613+0000] {processor.py:753} INFO - DAG(s) dict_keys(['example_xcom']) retrieved from /home/airflow/.local/lib/python3.7/site-packages/airflow/example_dags/example_xcom.py
[2026-09-30T20:00:11.649+0000] {logging_mixin.py:137} INFO - [2026-09-30T20:00:11.649+0000] {dag.py:2676} INFO - Sync 1 DAGs
[2026-09-30T20:00:11.673+0000] {logging_mixin.py:137} INFO - [2026-09-30T20:00:11.673+0000] {dag.py:3427} INFO - Setting next_dagrun for example_xcom to 2021-01-01T00:00:00+00:00, run_after=2021-01-01T00:00:00+00:00
[2026-09-30T20:00:11.688+0000] {processor.py:175} INFO - Processing /home/airflow/.local/lib/python3.7/site-packages/airflow/example_dags/example_xcom.py took 0.102 seconds
[2026-09-30T20:00:42.572+0000] {processor.py:153} INFO - Started process (PID=8465) to work on /home/airflow/.local/lib/python3.7/site-packages/airflow/example_dags/example_xcom.py
[2026-09-30T20:00:42.574+0000] {processor.py:743} INFO - Processing file /home/airflow/.local/lib/python3.7/site-packages/airflow/example_dags/example_xcom.py for tasks to queue
[2026-09-30T20:00:42.575+0000] {logging_mixin.py:137} INFO - [2026-09-30T20:00:42.575+0000] {dagbag.py:538} INFO - Filling up the DagBag from /home/airflow/.local/lib/python3.7/site-packages/airflow/example_dags/example_xcom.py
[2026-09-30T20:00:42.612+0000] {processor.py:753} INFO - DAG(s) dict_keys(['example_xcom']) retrieved from /home/airflow/.local/lib/python3.7/site-packages/airflow/example_dags/example_xcom.py
[2026-09-30T20:00:42.666+0000] {logging_mixin.py:137} INFO - [2026-09-30T20:00:42.666+0000] {dag.py:2676} INFO - Sync 1 DAGs
[2026-09-30T20:00:42.699+0000] {logging_mixin.py:137} INFO - [2026-09-30T20:00:42.698+0000] {dag.py:3427} INFO - Setting next_dagrun for example_xcom to 2021-01-01T00:00:00+00:00, run_after=2021-01-01T00:00:00+00:00
[2026-09-30T20:00:42.725+0000] {processor.py:175} INFO - Processing /home/airflow/.local/lib/python3.7/site-packages/airflow/example_dags/example_xcom.py took 0.159 seconds
[2026-09-30T20:01:12.998+0000] {processor.py:153} INFO - Started process (PID=8564) to work on /home/airflow/.local/lib/python3.7/site-packages/airflow/example_dags/example_xcom.py
[2026-09-30T20:01:12.999+0000] {processor.py:743} INFO - Processing file /home/airflow/.local/lib/python3.7/site-packages/airflow/example_dags/example_xcom.py for tasks to queue
[2026-09-30T20:01:13.000+0000] {logging_mixin.py:137} INFO - [2026-09-30T20:01:13.000+0000] {dagbag.py:538} INFO - Filling up the DagBag from /home/airflow/.local/lib/python3.7/site-packages/airflow/example_dags/example_xcom.py
[2026-09-30T20:01:13.036+0000] {processor.py:753} INFO - DAG(s) dict_keys(['example_xcom']) retrieved from /home/airflow/.local/lib/python3.7/site-packages/airflow/example_dags/example_xcom.py
[2026-09-30T20:01:13.117+0000] {logging_mixin.py:137} INFO - [2026-09-30T20:01:13.117+0000] {dag.py:2676} INFO - Sync 1 DAGs
[2026-09-30T20:01:13.159+0000] {logging_mixin.py:137} INFO - [2026-09-30T20:01:13.159+0000] {dag.py:3427} INFO - Setting next_dagrun for example_xcom to 2021-01-01T00:00:00+00:00, run_after=2021-01-01T00:00:00+00:00
[2026-09-30T20:01:13.183+0000] {processor.py:175} INFO - Processing /home/airflow/.local/lib/python3.7/site-packages/airflow/example_dags/example_xcom.py took 0.188 seconds
[2026-09-30T20:01:43.839+0000] {processor.py:153} INFO - Started process (PID=8644) to work on /home/airflow/.local/lib/python3.7/site-packages/airflow/example_dags/example_xcom.py
[2026-09-30T20:01:43.840+0000] {processor.py:743} INFO - Processing file /home/airflow/.local/lib/python3.7/site-packages/airflow/example_dags/example_xcom.py for tasks to queue
[2026-09-30T20:01:43.841+0000] {logging_mixin.py:137} INFO - [2026-09-30T20:01:43.841+0000] {dagbag.py:538} INFO - Filling up the DagBag from /home/airflow/.local/lib/python3.7/site-packages/airflow/example_dags/example_xcom.py
[2026-09-30T20:01:43.871+0000] {processor.py:753} INFO - DAG(s) dict_keys(['example_xcom']) retrieved from /home/airflow/.local/lib/python3.7/site-packages/airflow/example_dags/example_xcom.py
[2026-09-30T20:01:43.919+0000] {logging_mixin.py:137} INFO - [2026-09-30T20:01:43.918+0000] {dag.py:2676} INFO - Sync 1 DAGs
[2026-09-30T20:01:43.948+0000] {logging_mixin.py:137} INFO - [2026-09-30T20:01:43.948+0000] {dag.py:3427} INFO - Setting next_dagrun for example_xcom to 2021-01-01T00:00:00+00:00, run_after=2021-01-01T00:00:00+00:00
[2026-09-30T20:01:43.968+0000] {processor.py:175} INFO - Processing /home/airflow/.local/lib/python3.7/site-packages/airflow/example_dags/example_xcom.py took 0.133 seconds
[2026-09-30T20:02:14.270+0000] {processor.py:153} INFO - Started process (PID=8723) to work on /home/airflow/.local/lib/python3.7/site-packages/airflow/example_dags/example_xcom.py
[2026-09-30T20:02:14.271+0000] {processor.py:743} INFO - Processing file /home/airflow/.local/lib/python3.7/site-packages/airflow/example_dags/example_xcom.py for tasks to queue
[2026-09-30T20:02:14.272+0000] {logging_mixin.py:137} INFO - [2026-09-30T20:02:14.271+0000] {dagbag.py:538} INFO - Filling up the DagBag from /home/airflow/.local/lib/python3.7/site-packages/airflow/example_dags/example_xcom.py
[2026-09-30T20:02:14.305+0000] {processor.py:753} INFO - DAG(s) dict_keys(['example_xcom']) retrieved from /home/airflow/.local/lib/python3.7/site-packages/airflow/example_dags/example_xcom.py
[2026-09-30T20:02:14.364+0000] {logging_mixin.py:137} INFO - [2026-09-30T20:02:14.364+0000] {dag.py:2676} INFO - Sync 1 DAGs
[2026-09-30T20:02:14.405+0000] {logging_mixin.py:137} INFO - [2026-09-30T20:02:14.404+0000] {dag.py:3427} INFO - Setting next_dagrun for example_xcom to 2021-01-01T00:00:00+00:00, run_after=2021-01-01T00:00:00+00:00
[2026-09-30T20:02:14.433+0000] {processor.py:175} INFO - Processing /home/airflow/.local/lib/python3.7/site-packages/airflow/example_dags/example_xcom.py took 0.167 seconds
[2026-09-30T20:02:44.569+0000] {processor.py:153} INFO - Started process (PID=8802) to work on /home/airflow/.local/lib/python3.7/site-packages/airflow/example_dags/example_xcom.py
[2026-09-30T20:02:44.570+0000] {processor.py:743} INFO - Processing file /home/airflow/.local/lib/python3.7/site-packages/airflow/example_dags/example_xcom.py for tasks to queue
[2026-09-30T20:02:44.571+0000] {logging_mixin.py:137} INFO - [2026-09-30T20:02:44.570+0000] {dagbag.py:538} INFO - Filling up the DagBag from /home/airflow/.local/lib/python3.7/site-packages/airflow/example_dags/example_xcom.py
[2026-09-30T20:02:44.599+0000] {processor.py:753} INFO - DAG(s) dict_keys(['example_xcom']) retrieved from /home/airflow/.local/lib/python3.7/site-packages/airflow/example_dags/example_xcom.py
[2026-09-30T20:02:44.661+0000] {logging_mixin.py:137} INFO - [2026-09-30T20:02:44.661+0000] {dag.py:2676} INFO - Sync 1 DAGs
[2026-09-30T20:02:44.698+0000] {logging_mixin.py:137} INFO - [2026-09-30T20:02:44.698+0000] {dag.py:3427} INFO - Setting next_dagrun for example_xcom to 2021-01-01T00:00:00+00:00, run_after=2021-01-01T00:00:00+00:00
[2026-09-30T20:02:44.721+0000] {processor.py:175} INFO - Processing /home/airflow/.local/lib/python3.7/site-packages/airflow/example_dags/example_xcom.py took 0.156 seconds
[2026-09-30T20:03:14.901+0000] {processor.py:153} INFO - Started process (PID=8888) to work on /home/airflow/.local/lib/python3.7/site-packages/airflow/example_dags/example_xcom.py
[2026-09-30T20:03:14.903+0000] {processor.py:743} INFO - Processing file /home/airflow/.local/lib/python3.7/site-packages/airflow/example_dags/example_xcom.py for tasks to queue
[2026-09-30T20:03:14.904+0000] {logging_mixin.py:137} INFO - [2026-09-30T20:03:14.904+0000] {dagbag.py:538} INFO - Filling up the DagBag from /home/airflow/.local/lib/python3.7/site-packages/airflow/example_dags/example_xcom.py
[2026-09-30T20:03:14.936+0000] {processor.py:753} INFO - DAG(s) dict_keys(['example_xcom']) retrieved from /home/airflow/.local/lib/python3.7/site-packages/airflow/example_dags/example_xcom.py
[2026-09-30T20:03:14.988+0000] {logging_mixin.py:137} INFO - [2026-09-30T20:03:14.988+0000] {dag.py:2676} INFO - Sync 1 DAGs
[2026-09-30T20:03:15.039+0000] {logging_mixin.py:137} INFO - [2026-09-30T20:03:15.039+0000] {dag.py:3427} INFO - Setting next_dagrun for example_xcom to 2021-01-01T00:00:00+00:00, run_after=2021-01-01T00:00:00+00:00
[2026-09-30T20:03:15.070+0000] {processor.py:175} INFO - Processing /home/airflow/.local/lib/python3.7/site-packages/airflow/example_dags/example_xcom.py took 0.173 seconds
[2026-09-30T20:03:45.431+0000] {processor.py:153} INFO - Started process (PID=8980) to work on /home/airflow/.local/lib/python3.7/site-packages/airflow/example_dags/example_xcom.py
[2026-09-30T20:03:45.433+0000] {processor.py:743} INFO - Processing file /home/airflow/.local/lib/python3.7/site-packages/airflow/example_dags/example_xcom.py for tasks to queue
[2026-09-30T20:03:45.434+0000] {logging_mixin.py:137} INFO - [2026-09-30T20:03:45.433+0000] {dagbag.py:538} INFO - Filling up the DagBag from /home/airflow/.local/lib/python3.7/site-packages/airflow/example_dags/example_xcom.py
[2026-09-30T20:03:45.483+0000] {processor.py:753} INFO - DAG(s) dict_keys(['example_xcom']) retrieved from /home/airflow/.local/lib/python3.7/site-packages/airflow/example_dags/example_xcom.py
[2026-09-30T20:03:45.557+0000] {logging_mixin.py:137} INFO - [2026-09-30T20:03:45.557+0000] {dag.py:2676} INFO - Sync 1 DAGs
[2026-09-30T20:03:45.595+0000] {logging_mixin.py:137} INFO - [2026-09-30T20:03:45.595+0000] {dag.py:3427} INFO - Setting next_dagrun for example_xcom to 2021-01-01T00:00:00+00:00, run_after=2021-01-01T00:00:00+00:00
[2026-09-30T20:03:45.616+0000] {processor.py:175} INFO - Processing /home/airflow/.local/lib/python3.7/site-packages/airflow/example_dags/example_xcom.py took 0.190 seconds
[2026-09-30T20:04:15.725+0000] {processor.py:153} INFO - Started process (PID=9059) to work on /home/airflow/.local/lib/python3.7/site-packages/airflow/example_dags/example_xcom.py
[2026-09-30T20:04:15.726+0000] {processor.py:743} INFO - Processing file /home/airflow/.local/lib/python3.7/site-packages/airflow/example_dags/example_xcom.py for tasks to queue
[2026-09-30T20:04:15.726+0000] {logging_mixin.py:137} INFO - [2026-09-30T20:04:15.726+0000] {dagbag.py:538} INFO - Filling up the DagBag from /home/airflow/.local/lib/python3.7/site-packages/airflow/example_dags/example_xcom.py
[2026-09-30T20:04:15.767+0000] {processor.py:753} INFO - DAG(s) dict_keys(['example_xcom']) retrieved from /home/airflow/.local/lib/python3.7/site-packages/airflow/example_dags/example_xcom.py
[2026-09-30T20:04:15.816+0000] {logging_mixin.py:137} INFO - [2026-09-30T20:04:15.816+0000] {dag.py:2676} INFO - Sync 1 DAGs
[2026-09-30T20:04:15.852+0000] {logging_mixin.py:137} INFO - [2026-09-30T20:04:15.852+0000] {dag.py:3427} INFO - Setting next_dagrun for example_xcom to 2021-01-01T00:00:00+00:00, run_after=2021-01-01T00:00:00+00:00
[2026-09-30T20:04:15.881+0000] {processor.py:175} INFO - Processing /home/airflow/.local/lib/python3.7/site-packages/airflow/example_dags/example_xcom.py took 0.160 seconds
[2026-09-30T20:04:46.062+0000] {processor.py:153} INFO - Started process (PID=9138) to work on /home/airflow/.local/lib/python3.7/site-packages/airflow/example_dags/example_xcom.py
[2026-09-30T20:04:46.063+0000] {processor.py:743} INFO - Processing file /home/airflow/.local/lib/python3.7/site-packages/airflow/example_dags/example_xcom.py for tasks to queue
[2026-09-30T20:04:46.063+0000] {logging_mixin.py:137} INFO - [2026-09-30T20:04:46.063+0000] {dagbag.py:538} INFO - Filling up the DagBag from /home/airflow/.local/lib/python3.7/site-packages/airflow/example_dags/example_xcom.py
[2026-09-30T20:04:46.086+0000] {processor.py:753} INFO - DAG(s) dict_keys(['example_xcom']) retrieved from /home/airflow/.local/lib/python3.7/site-packages/airflow/example_dags/example_xcom.py
[2026-09-30T20:04:46.123+0000] {logging_mixin.py:137} INFO - [2026-09-30T20:04:46.123+0000] {dag.py:2676} INFO - Sync 1 DAGs
[2026-09-30T20:04:46.150+0000] {logging_mixin.py:137} INFO - [2026-09-30T20:04:46.150+0000] {dag.py:3427} INFO - Setting next_dagrun for example_xcom to 2021-01-01T00:00:00+00:00, run_after=2021-01-01T00:00:00+00:00
[2026-09-30T20:04:46.166+0000] {processor.py:175} INFO - Processing /home/airflow/.local/lib/python3.7/site-packages/airflow/example_dags/example_xcom.py took 0.107 seconds
[2026-09-30T20:05:16.801+0000] {processor.py:153} INFO - Started process (PID=9217) to work on /home/airflow/.local/lib/python3.7/site-packages/airflow/example_dags/example_xcom.py
[2026-09-30T20:05:16.803+0000] {processor.py:743} INFO - Processing file /home/airflow/.local/lib/python3.7/site-packages/airflow/example_dags/example_xcom.py for tasks to queue
[2026-09-30T20:05:16.803+0000] {logging_mixin.py:137} INFO - [2026-09-30T20:05:16.803+0000] {dagbag.py:538} INFO - Filling up the DagBag from /home/airflow/.local/lib/python3.7/site-packages/airflow/example_dags/example_xcom.py
[2026-09-30T20:05:16.833+0000] {processor.py:753} INFO - DAG(s) dict_keys(['example_xcom']) retrieved from /home/airflow/.local/lib/python3.7/site-packages/airflow/example_dags/example_xcom.py
[2026-09-30T20:05:16.885+0000] {logging_mixin.py:137} INFO - [2026-09-30T20:05:16.884+0000] {dag.py:2676} INFO - Sync 1 DAGs
[2026-09-30T20:05:16.918+0000] {logging_mixin.py:137} INFO - [2026-09-30T20:05:16.918+0000] {dag.py:3427} INFO - Setting next_dagrun for example_xcom to 2021-01-01T00:00:00+00:00, run_after=2021-01-01T00:00:00+00:00
[2026-09-30T20:05:16.939+0000] {processor.py:175} INFO - Processing /home/airflow/.local/lib/python3.7/site-packages/airflow/example_dags/example_xcom.py took 0.144 seconds
[2026-09-30T20:05:47.631+0000] {processor.py:153} INFO - Started process (PID=9316) to work on /home/airflow/.local/lib/python3.7/site-packages/airflow/example_dags/example_xcom.py
[2026-09-30T20:05:47.632+0000] {processor.py:743} INFO - Processing file /home/airflow/.local/lib/python3.7/site-packages/airflow/example_dags/example_xcom.py for tasks to queue
[2026-09-30T20:05:47.633+0000] {logging_mixin.py:137} INFO - [2026-09-30T20:05:47.633+0000] {dagbag.py:538} INFO - Filling up the DagBag from /home/airflow/.local/lib/python3.7/site-packages/airflow/example_dags/example_xcom.py
[2026-09-30T20:05:47.665+0000] {processor.py:753} INFO - DAG(s) dict_keys(['example_xcom']) retrieved from /home/airflow/.local/lib/python3.7/site-packages/airflow/example_dags/example_xcom.py
[2026-09-30T20:05:47.719+0000] {logging_mixin.py:137} INFO - [2026-09-30T20:05:47.718+0000] {dag.py:2676} INFO - Sync 1 DAGs
[2026-09-30T20:05:47.751+0000] {logging_mixin.py:137} INFO - [2026-09-30T20:05:47.751+0000] {dag.py:3427} INFO - Setting next_dagrun for example_xcom to 2021-01-01T00:00:00+00:00, run_after=2021-01-01T00:00:00+00:00
[2026-09-30T20:05:47.774+0000] {processor.py:175} INFO - Processing /home/airflow/.local/lib/python3.7/site-packages/airflow/example_dags/example_xcom.py took 0.149 seconds
[2026-09-30T20:06:18.494+0000] {processor.py:153} INFO - Started process (PID=9395) to work on /home/airflow/.local/lib/python3.7/site-packages/airflow/example_dags/example_xcom.py
[2026-09-30T20:06:18.495+0000] {processor.py:743} INFO - Processing file /home/airflow/.local/lib/python3.7/site-packages/airflow/example_dags/example_xcom.py for tasks to queue
[2026-09-30T20:06:18.496+0000] {logging_mixin.py:137} INFO - [2026-09-30T20:06:18.496+0000] {dagbag.py:538} INFO - Filling up the DagBag from /home/airflow/.local/lib/python3.7/site-packages/airflow/example_dags/example_xcom.py
[2026-09-30T20:06:18.530+0000] {processor.py:753} INFO - DAG(s) dict_keys(['example_xcom']) retrieved from /home/airflow/.local/lib/python3.7/site-packages/airflow/example_dags/example_xcom.py
[2026-09-30T20:06:18.592+0000] {logging_mixin.py:137} INFO - [2026-09-30T20:06:18.592+0000] {dag.py:2676} INFO - Sync 1 DAGs
[2026-09-30T20:06:18.629+0000] {logging_mixin.py:137} INFO - [2026-09-30T20:06:18.629+0000] {dag.py:3427} INFO - Setting next_dagrun for example_xcom to 2021-01-01T00:00:00+00:00, run_after=2021-01-01T00:00:00+00:00
[2026-09-30T20:06:18.652+0000] {processor.py:175} INFO - Processing /home/airflow/.local/lib/python3.7/site-packages/airflow/example_dags/example_xcom.py took 0.163 seconds
[2026-09-30T20:06:49.410+0000] {processor.py:153} INFO - Started process (PID=9474) to work on /home/airflow/.local/lib/python3.7/site-packages/airflow/example_dags/example_xcom.py
[2026-09-30T20:06:49.412+0000] {processor.py:743} INFO - Processing file /home/airflow/.local/lib/python3.7/site-packages/airflow/example_dags/example_xcom.py for tasks to queue
[2026-09-30T20:06:49.413+0000] {logging_mixin.py:137} INFO - [2026-09-30T20:06:49.413+0000] {dagbag.py:538} INFO - Filling up the DagBag from /home/airflow/.local/lib/python3.7/site-packages/airflow/example_dags/example_xcom.py
[2026-09-30T20:06:49.459+0000] {processor.py:753} INFO - DAG(s) dict_keys(['example_xcom']) retrieved from /home/airflow/.local/lib/python3.7/site-packages/airflow/example_dags/example_xcom.py
[2026-09-30T20:06:49.530+0000] {logging_mixin.py:137} INFO - [2026-09-30T20:06:49.530+0000] {dag.py:2676} INFO - Sync 1 DAGs
[2026-09-30T20:06:49.569+0000] {logging_mixin.py:137} INFO - [2026-09-30T20:06:49.569+0000] {dag.py:3427} INFO - Setting next_dagrun for example_xcom to 2021-01-01T00:00:00+00:00, run_after=2021-01-01T00:00:00+00:00
[2026-09-30T20:06:49.599+0000] {processor.py:175} INFO - Processing /home/airflow/.local/lib/python3.7/site-packages/airflow/example_dags/example_xcom.py took 0.194 seconds
[2026-09-30T20:07:19.764+0000] {processor.py:153} INFO - Started process (PID=9553) to work on /home/airflow/.local/lib/python3.7/site-packages/airflow/example_dags/example_xcom.py
[2026-09-30T20:07:19.765+0000] {processor.py:743} INFO - Processing file /home/airflow/.local/lib/python3.7/site-packages/airflow/example_dags/example_xcom.py for tasks to queue
[2026-09-30T20:07:19.766+0000] {logging_mixin.py:137} INFO - [2026-09-30T20:07:19.766+0000] {dagbag.py:538} INFO - Filling up the DagBag from /home/airflow/.local/lib/python3.7/site-packages/airflow/example_dags/example_xcom.py
[2026-09-30T20:07:19.800+0000] {processor.py:753} INFO - DAG(s) dict_keys(['example_xcom']) retrieved from /home/airflow/.local/lib/python3.7/site-packages/airflow/example_dags/example_xcom.py
[2026-09-30T20:07:19.851+0000] {logging_mixin.py:137} INFO - [2026-09-30T20:07:19.851+0000] {dag.py:2676} INFO - Sync 1 DAGs
[2026-09-30T20:07:19.887+0000] {logging_mixin.py:137} INFO - [2026-09-30T20:07:19.887+0000] {dag.py:3427} INFO - Setting next_dagrun for example_xcom to 2021-01-01T00:00:00+00:00, run_after=2021-01-01T00:00:00+00:00
[2026-09-30T20:07:19.914+0000] {processor.py:175} INFO - Processing /home/airflow/.local/lib/python3.7/site-packages/airflow/example_dags/example_xcom.py took 0.155 seconds
[2026-09-30T20:07:50.368+0000] {processor.py:153} INFO - Started process (PID=9632) to work on /home/airflow/.local/lib/python3.7/site-packages/airflow/example_dags/example_xcom.py
[2026-09-30T20:07:50.369+0000] {processor.py:743} INFO - Processing file /home/airflow/.local/lib/python3.7/site-packages/airflow/example_dags/example_xcom.py for tasks to queue
[2026-09-30T20:07:50.369+0000] {logging_mixin.py:137} INFO - [2026-09-30T20:07:50.369+0000] {dagbag.py:538} INFO - Filling up the DagBag from /home/airflow/.local/lib/python3.7/site-packages/airflow/example_dags/example_xcom.py
[2026-09-30T20:07:50.406+0000] {processor.py:753} INFO - DAG(s) dict_keys(['example_xcom']) retrieved from /home/airflow/.local/lib/python3.7/site-packages/airflow/example_dags/example_xcom.py
[2026-09-30T20:07:50.479+0000] {logging_mixin.py:137} INFO - [2026-09-30T20:07:50.478+0000] {dag.py:2676} INFO - Sync 1 DAGs
[2026-09-30T20:07:50.515+0000] {logging_mixin.py:137} INFO - [2026-09-30T20:07:50.515+0000] {dag.py:3427} INFO - Setting next_dagrun for example_xcom to 2021-01-01T00:00:00+00:00, run_after=2021-01-01T00:00:00+00:00
[2026-09-30T20:07:50.542+0000] {processor.py:175} INFO - Processing /home/airflow/.local/lib/python3.7/site-packages/airflow/example_dags/example_xcom.py took 0.179 seconds
[2026-09-30T20:08:20.707+0000] {processor.py:153} INFO - Started process (PID=9731) to work on /home/airflow/.local/lib/python3.7/site-packages/airflow/example_dags/example_xcom.py
[2026-09-30T20:08:20.708+0000] {processor.py:743} INFO - Processing file /home/airflow/.local/lib/python3.7/site-packages/airflow/example_dags/example_xcom.py for tasks to queue
[2026-09-30T20:08:20.709+0000] {logging_mixin.py:137} INFO - [2026-09-30T20:08:20.708+0000] {dagbag.py:538} INFO - Filling up the DagBag from /home/airflow/.local/lib/python3.7/site-packages/airflow/example_dags/example_xcom.py
[2026-09-30T20:08:20.744+0000] {processor.py:753} INFO - DAG(s) dict_keys(['example_xcom']) retrieved from /home/airflow/.local/lib/python3.7/site-packages/airflow/example_dags/example_xcom.py
[2026-09-30T20:08:20.797+0000] {logging_mixin.py:137} INFO - [2026-09-30T20:08:20.797+0000] {dag.py:2676} INFO - Sync 1 DAGs
[2026-09-30T20:08:20.847+0000] {logging_mixin.py:137} INFO - [2026-09-30T20:08:20.847+0000] {dag.py:3427} INFO - Setting next_dagrun for example_xcom to 2021-01-01T00:00:00+00:00, run_after=2021-01-01T00:00:00+00:00
[2026-09-30T20:08:20.881+0000] {processor.py:175} INFO - Processing /home/airflow/.local/lib/python3.7/site-packages/airflow/example_dags/example_xcom.py took 0.180 seconds
[2026-09-30T20:08:51.019+0000] {processor.py:153} INFO - Started process (PID=9810) to work on /home/airflow/.local/lib/python3.7/site-packages/airflow/example_dags/example_xcom.py
[2026-09-30T20:08:51.020+0000] {processor.py:743} INFO - Processing file /home/airflow/.local/lib/python3.7/site-packages/airflow/example_dags/example_xcom.py for tasks to queue
[2026-09-30T20:08:51.021+0000] {logging_mixin.py:137} INFO - [2026-09-30T20:08:51.021+0000] {dagbag.py:538} INFO - Filling up the DagBag from /home/airflow/.local/lib/python3.7/site-packages/airflow/example_dags/example_xcom.py
[2026-09-30T20:08:51.068+0000] {processor.py:753} INFO - DAG(s) dict_keys(['example_xcom']) retrieved from /home/airflow/.local/lib/python3.7/site-packages/airflow/example_dags/example_xcom.py
[2026-09-30T20:08:51.131+0000] {logging_mixin.py:137} INFO - [2026-09-30T20:08:51.130+0000] {dag.py:2676} INFO - Sync 1 DAGs
[2026-09-30T20:08:51.162+0000] {logging_mixin.py:137} INFO - [2026-09-30T20:08:51.162+0000] {dag.py:3427} INFO - Setting next_dagrun for example_xcom to 2021-01-01T00:00:00+00:00, run_after=2021-01-01T00:00:00+00:00
[2026-09-30T20:08:51.183+0000] {processor.py:175} INFO - Processing /home/airflow/.local/lib/python3.7/site-packages/airflow/example_dags/example_xcom.py took 0.170 seconds
[2026-09-30T20:09:21.415+0000] {processor.py:153} INFO - Started process (PID=9889) to work on /home/airflow/.local/lib/python3.7/site-packages/airflow/example_dags/example_xcom.py
[2026-09-30T20:09:21.417+0000] {processor.py:743} INFO - Processing file /home/airflow/.local/lib/python3.7/site-packages/airflow/example_dags/example_xcom.py for tasks to queue
[2026-09-30T20:09:21.418+0000] {logging_mixin.py:137} INFO - [2026-09-30T20:09:21.418+0000] {dagbag.py:538} INFO - Filling up the DagBag from /home/airflow/.local/lib/python3.7/site-packages/airflow/example_dags/example_xcom.py
[2026-09-30T20:09:21.469+0000] {processor.py:753} INFO - DAG(s) dict_keys(['example_xcom']) retrieved from /home/airflow/.local/lib/python3.7/site-packages/airflow/example_dags/example_xcom.py
[2026-09-30T20:09:21.528+0000] {logging_mixin.py:137} INFO - [2026-09-30T20:09:21.527+0000] {dag.py:2676} INFO - Sync 1 DAGs
[2026-09-30T20:09:21.556+0000] {logging_mixin.py:137} INFO - [2026-09-30T20:09:21.556+0000] {dag.py:3427} INFO - Setting next_dagrun for example_xcom to 2021-01-01T00:00:00+00:00, run_after=2021-01-01T00:00:00+00:00
[2026-09-30T20:09:21.576+0000] {processor.py:175} INFO - Processing /home/airflow/.local/lib/python3.7/site-packages/airflow/example_dags/example_xcom.py took 0.167 seconds
[2026-09-30T20:09:51.696+0000] {processor.py:153} INFO - Started process (PID=9968) to work on /home/airflow/.local/lib/python3.7/site-packages/airflow/example_dags/example_xcom.py
[2026-09-30T20:09:51.697+0000] {processor.py:743} INFO - Processing file /home/airflow/.local/lib/python3.7/site-packages/airflow/example_dags/example_xcom.py for tasks to queue
[2026-09-30T20:09:51.697+0000] {logging_mixin.py:137} INFO - [2026-09-30T20:09:51.697+0000] {dagbag.py:538} INFO - Filling up the DagBag from /home/airflow/.local/lib/python3.7/site-packages/airflow/example_dags/example_xcom.py
[2026-09-30T20:09:51.746+0000] {processor.py:753} INFO - DAG(s) dict_keys(['example_xcom']) retrieved from /home/airflow/.local/lib/python3.7/site-packages/airflow/example_dags/example_xcom.py
[2026-09-30T20:09:51.811+0000] {logging_mixin.py:137} INFO - [2026-09-30T20:09:51.811+0000] {dag.py:2676} INFO - Sync 1 DAGs
[2026-09-30T20:09:51.850+0000] {logging_mixin.py:137} INFO - [2026-09-30T20:09:51.850+0000] {dag.py:3427} INFO - Setting next_dagrun for example_xcom to 2021-01-01T00:00:00+00:00, run_after=2021-01-01T00:00:00+00:00
[2026-09-30T20:09:51.869+0000] {processor.py:175} INFO - Processing /home/airflow/.local/lib/python3.7/site-packages/airflow/example_dags/example_xcom.py took 0.177 seconds
[2026-09-30T20:10:22.170+0000] {processor.py:153} INFO - Started process (PID=10054) to work on /home/airflow/.local/lib/python3.7/site-packages/airflow/example_dags/example_xcom.py
[2026-09-30T20:10:22.172+0000] {processor.py:743} INFO - Processing file /home/airflow/.local/lib/python3.7/site-packages/airflow/example_dags/example_xcom.py for tasks to queue
[2026-09-30T20:10:22.172+0000] {logging_mixin.py:137} INFO - [2026-09-30T20:10:22.172+0000] {dagbag.py:538} INFO - Filling up the DagBag from /home/airflow/.local/lib/python3.7/site-packages/airflow/example_dags/example_xcom.py
[2026-09-30T20:10:22.203+0000] {processor.py:753} INFO - DAG(s) dict_keys(['example_xcom']) retrieved from /home/airflow/.local/lib/python3.7/site-packages/airflow/example_dags/example_xcom.py
[2026-09-30T20:10:22.262+0000] {logging_mixin.py:137} INFO - [2026-09-30T20:10:22.262+0000] {dag.py:2676} INFO - Sync 1 DAGs
[2026-09-30T20:10:22.296+0000] {logging_mixin.py:137} INFO - [2026-09-30T20:10:22.296+0000] {dag.py:3427} INFO - Setting next_dagrun for example_xcom to 2021-01-01T00:00:00+00:00, run_after=2021-01-01T00:00:00+00:00
[2026-09-30T20:10:22.325+0000] {processor.py:175} INFO - Processing /home/airflow/.local/lib/python3.7/site-packages/airflow/example_dags/example_xcom.py took 0.158 seconds
[2026-09-30T20:10:52.720+0000] {processor.py:153} INFO - Started process (PID=10146) to work on /home/airflow/.local/lib/python3.7/site-packages/airflow/example_dags/example_xcom.py
[2026-09-30T20:10:52.721+0000] {processor.py:743} INFO - Processing file /home/airflow/.local/lib/python3.7/site-packages/airflow/example_dags/example_xcom.py for tasks to queue
[2026-09-30T20:10:52.722+0000] {logging_mixin.py:137} INFO - [2026-09-30T20:10:52.722+0000] {dagbag.py:538} INFO - Filling up the DagBag from /home/airflow/.local/lib/python3.7/site-packages/airflow/example_dags/example_xcom.py
[2026-09-30T20:10:52.753+0000] {processor.py:753} INFO - DAG(s) dict_keys(['example_xcom']) retrieved from /home/airflow/.local/lib/python3.7/site-packages/airflow/example_dags/example_xcom.py
[2026-09-30T20:10:52.814+0000] {logging_mixin.py:137} INFO - [2026-09-30T20:10:52.813+0000] {dag.py:2676} INFO - Sync 1 DAGs
[2026-09-30T20:10:52.859+0000] {logging_mixin.py:137} INFO - [2026-09-30T20:10:52.858+0000] {dag.py:3427} INFO - Setting next_dagrun for example_xcom to 2021-01-01T00:00:00+00:00, run_after=2021-01-01T00:00:00+00:00
[2026-09-30T20:10:52.887+0000] {processor.py:175} INFO - Processing /home/airflow/.local/lib/python3.7/site-packages/airflow/example_dags/example_xcom.py took 0.172 seconds
[2026-09-30T20:11:23.144+0000] {processor.py:153} INFO - Started process (PID=10225) to work on /home/airflow/.local/lib/python3.7/site-packages/airflow/example_dags/example_xcom.py
[2026-09-30T20:11:23.146+0000] {processor.py:743} INFO - Processing file /home/airflow/.local/lib/python3.7/site-packages/airflow/example_dags/example_xcom.py for tasks to queue
[2026-09-30T20:11:23.146+0000] {logging_mixin.py:137} INFO - [2026-09-30T20:11:23.146+0000] {dagbag.py:538} INFO - Filling up the DagBag from /home/airflow/.local/lib/python3.7/site-packages/airflow/example_dags/example_xcom.py
[2026-09-30T20:11:23.178+0000] {processor.py:753} INFO - DAG(s) dict_keys(['example_xcom']) retrieved from /home/airflow/.local/lib/python3.7/site-packages/airflow/example_dags/example_xcom.py
[2026-09-30T20:11:23.226+0000] {logging_mixin.py:137} INFO - [2026-09-30T20:11:23.225+0000] {dag.py:2676} INFO - Sync 1 DAGs
[2026-09-30T20:11:23.255+0000] {logging_mixin.py:137} INFO - [2026-09-30T20:11:23.255+0000] {dag.py:3427} INFO - Setting next_dagrun for example_xcom to 2021-01-01T00:00:00+00:00, run_after=2021-01-01T00:00:00+00:00
[2026-09-30T20:11:23.276+0000] {processor.py:175} INFO - Processing /home/airflow/.local/lib/python3.7/site-packages/airflow/example_dags/example_xcom.py took 0.136 seconds
[2026-09-30T20:11:53.901+0000] {processor.py:153} INFO - Started process (PID=10304) to work on /home/airflow/.local/lib/python3.7/site-packages/airflow/example_dags/example_xcom.py
[2026-09-30T20:11:53.902+0000] {processor.py:743} INFO - Processing file /home/airflow/.local/lib/python3.7/site-packages/airflow/example_dags/example_xcom.py for tasks to queue
[2026-09-30T20:11:53.904+0000] {logging_mixin.py:137} INFO - [2026-09-30T20:11:53.903+0000] {dagbag.py:538} INFO - Filling up the DagBag from /home/airflow/.local/lib/python3.7/site-packages/airflow/example_dags/example_xcom.py
[2026-09-30T20:11:53.952+0000] {processor.py:753} INFO - DAG(s) dict_keys(['example_xcom']) retrieved from /home/airflow/.local/lib/python3.7/site-packages/airflow/example_dags/example_xcom.py
[2026-09-30T20:11:54.026+0000] {logging_mixin.py:137} INFO - [2026-09-30T20:11:54.026+0000] {dag.py:2676} INFO - Sync 1 DAGs
[2026-09-30T20:11:54.075+0000] {logging_mixin.py:137} INFO - [2026-09-30T20:11:54.075+0000] {dag.py:3427} INFO - Setting next_dagrun for example_xcom to 2021-01-01T00:00:00+00:00, run_after=2021-01-01T00:00:00+00:00
[2026-09-30T20:11:54.103+0000] {processor.py:175} INFO - Processing /home/airflow/.local/lib/python3.7/site-packages/airflow/example_dags/example_xcom.py took 0.208 seconds
[2026-09-30T20:12:24.612+0000] {processor.py:153} INFO - Started process (PID=10383) to work on /home/airflow/.local/lib/python3.7/site-packages/airflow/example_dags/example_xcom.py
[2026-09-30T20:12:24.614+0000] {processor.py:743} INFO - Processing file /home/airflow/.local/lib/python3.7/site-packages/airflow/example_dags/example_xcom.py for tasks to queue
[2026-09-30T20:12:24.614+0000] {logging_mixin.py:137} INFO - [2026-09-30T20:12:24.614+0000] {dagbag.py:538} INFO - Filling up the DagBag from /home/airflow/.local/lib/python3.7/site-packages/airflow/example_dags/example_xcom.py
[2026-09-30T20:12:24.644+0000] {processor.py:753} INFO - DAG(s) dict_keys(['example_xcom']) retrieved from /home/airflow/.local/lib/python3.7/site-packages/airflow/example_dags/example_xcom.py
[2026-09-30T20:12:24.695+0000] {logging_mixin.py:137} INFO - [2026-09-30T20:12:24.694+0000] {dag.py:2676} INFO - Sync 1 DAGs
[2026-09-30T20:12:24.736+0000] {logging_mixin.py:137} INFO - [2026-09-30T20:12:24.735+0000] {dag.py:3427} INFO - Setting next_dagrun for example_xcom to 2021-01-01T00:00:00+00:00, run_after=2021-01-01T00:00:00+00:00
[2026-09-30T20:12:24.757+0000] {processor.py:175} INFO - Processing /home/airflow/.local/lib/python3.7/site-packages/airflow/example_dags/example_xcom.py took 0.149 seconds
[2026-09-30T20:12:55.556+0000] {processor.py:153} INFO - Started process (PID=10482) to work on /home/airflow/.local/lib/python3.7/site-packages/airflow/example_dags/example_xcom.py
[2026-09-30T20:12:55.557+0000] {processor.py:743} INFO - Processing file /home/airflow/.local/lib/python3.7/site-packages/airflow/example_dags/example_xcom.py for tasks to queue
[2026-09-30T20:12:55.558+0000] {logging_mixin.py:137} INFO - [2026-09-30T20:12:55.558+0000] {dagbag.py:538} INFO - Filling up the DagBag from /home/airflow/.local/lib/python3.7/site-packages/airflow/example_dags/example_xcom.py
[2026-09-30T20:12:55.593+0000] {processor.py:753} INFO - DAG(s) dict_keys(['example_xcom']) retrieved from /home/airflow/.local/lib/python3.7/site-packages/airflow/example_dags/example_xcom.py
[2026-09-30T20:12:55.649+0000] {logging_mixin.py:137} INFO - [2026-09-30T20:12:55.649+0000] {dag.py:2676} INFO - Sync 1 DAGs
[2026-09-30T20:12:55.698+0000] {logging_mixin.py:137} INFO - [2026-09-30T20:12:55.698+0000] {dag.py:3427} INFO - Setting next_dagrun for example_xcom to 2021-01-01T00:00:00+00:00, run_after=2021-01-01T00:00:00+00:00
[2026-09-30T20:12:55.730+0000] {processor.py:175} INFO - Processing /home/airflow/.local/lib/python3.7/site-packages/airflow/example_dags/example_xcom.py took 0.177 seconds
[2026-09-30T20:13:26.033+0000] {processor.py:153} INFO - Started process (PID=10561) to work on /home/airflow/.local/lib/python3.7/site-packages/airflow/example_dags/example_xcom.py
[2026-09-30T20:13:26.034+0000] {processor.py:743} INFO - Processing file /home/airflow/.local/lib/python3.7/site-packages/airflow/example_dags/example_xcom.py for tasks to queue
[2026-09-30T20:13:26.035+0000] {logging_mixin.py:137} INFO - [2026-09-30T20:13:26.034+0000] {dagbag.py:538} INFO - Filling up the DagBag from /home/airflow/.local/lib/python3.7/site-packages/airflow/example_dags/example_xcom.py
[2026-09-30T20:13:26.069+0000] {processor.py:753} INFO - DAG(s) dict_keys(['example_xcom']) retrieved from /home/airflow/.local/lib/python3.7/site-packages/airflow/example_dags/example_xcom.py
[2026-09-30T20:13:26.120+0000] {logging_mixin.py:137} INFO - [2026-09-30T20:13:26.120+0000] {dag.py:2676} INFO - Sync 1 DAGs
[2026-09-30T20:13:26.151+0000] {logging_mixin.py:137} INFO - [2026-09-30T20:13:26.151+0000] {dag.py:3427} INFO - Setting next_dagrun for example_xcom to 2021-01-01T00:00:00+00:00, run_after=2021-01-01T00:00:00+00:00
[2026-09-30T20:13:26.176+0000] {processor.py:175} INFO - Processing /home/airflow/.local/lib/python3.7/site-packages/airflow/example_dags/example_xcom.py took 0.148 seconds
[2026-09-30T20:13:56.229+0000] {processor.py:153} INFO - Started process (PID=10640) to work on /home/airflow/.local/lib/python3.7/site-packages/airflow/example_dags/example_xcom.py
[2026-09-30T20:13:56.230+0000] {processor.py:743} INFO - Processing file /home/airflow/.local/lib/python3.7/site-packages/airflow/example_dags/example_xcom.py for tasks to queue
[2026-09-30T20:13:56.231+0000] {logging_mixin.py:137} INFO - [2026-09-30T20:13:56.231+0000] {dagbag.py:538} INFO - Filling up the DagBag from /home/airflow/.local/lib/python3.7/site-packages/airflow/example_dags/example_xcom.py
[2026-09-30T20:13:56.271+0000] {processor.py:753} INFO - DAG(s) dict_keys(['example_xcom']) retrieved from /home/airflow/.local/lib/python3.7/site-packages/airflow/example_dags/example_xcom.py
[2026-09-30T20:13:56.337+0000] {logging_mixin.py:137} INFO - [2026-09-30T20:13:56.336+0000] {dag.py:2676} INFO - Sync 1 DAGs
[2026-09-30T20:13:56.384+0000] {logging_mixin.py:137} INFO - [2026-09-30T20:13:56.384+0000] {dag.py:3427} INFO - Setting next_dagrun for example_xcom to 2021-01-01T00:00:00+00:00, run_after=2021-01-01T00:00:00+00:00
[2026-09-30T20:13:56.412+0000] {processor.py:175} INFO - Processing /home/airflow/.local/lib/python3.7/site-packages/airflow/example_dags/example_xcom.py took 0.187 seconds
[2026-09-30T20:14:26.473+0000] {processor.py:153} INFO - Started process (PID=10719) to work on /home/airflow/.local/lib/python3.7/site-packages/airflow/example_dags/example_xcom.py
[2026-09-30T20:14:26.475+0000] {processor.py:743} INFO - Processing file /home/airflow/.local/lib/python3.7/site-packages/airflow/example_dags/example_xcom.py for tasks to queue
[2026-09-30T20:14:26.475+0000] {logging_mixin.py:137} INFO - [2026-09-30T20:14:26.475+0000] {dagbag.py:538} INFO - Filling up the DagBag from /home/airflow/.local/lib/python3.7/site-packages/airflow/example_dags/example_xcom.py
[2026-09-30T20:14:26.507+0000] {processor.py:753} INFO - DAG(s) dict_keys(['example_xcom']) retrieved from /home/airflow/.local/lib/python3.7/site-packages/airflow/example_dags/example_xcom.py
[2026-09-30T20:14:26.553+0000] {logging_mixin.py:137} INFO - [2026-09-30T20:14:26.553+0000] {dag.py:2676} INFO - Sync 1 DAGs
[2026-09-30T20:14:26.588+0000] {logging_mixin.py:137} INFO - [2026-09-30T20:14:26.587+0000] {dag.py:3427} INFO - Setting next_dagrun for example_xcom to 2021-01-01T00:00:00+00:00, run_after=2021-01-01T00:00:00+00:00
[2026-09-30T20:14:26.608+0000] {processor.py:175} INFO - Processing /home/airflow/.local/lib/python3.7/site-packages/airflow/example_dags/example_xcom.py took 0.138 seconds
[2026-09-30T20:14:57.557+0000] {processor.py:153} INFO - Started process (PID=10818) to work on /home/airflow/.local/lib/python3.7/site-packages/airflow/example_dags/example_xcom.py
[2026-09-30T20:14:57.558+0000] {processor.py:743} INFO - Processing file /home/airflow/.local/lib/python3.7/site-packages/airflow/example_dags/example_xcom.py for tasks to queue
[2026-09-30T20:14:57.559+0000] {logging_mixin.py:137} INFO - [2026-09-30T20:14:57.559+0000] {dagbag.py:538} INFO - Filling up the DagBag from /home/airflow/.local/lib/python3.7/site-packages/airflow/example_dags/example_xcom.py
[2026-09-30T20:14:57.580+0000] {processor.py:753} INFO - DAG(s) dict_keys(['example_xcom']) retrieved from /home/airflow/.local/lib/python3.7/site-packages/airflow/example_dags/example_xcom.py
[2026-09-30T20:14:57.620+0000] {logging_mixin.py:137} INFO - [2026-09-30T20:14:57.620+0000] {dag.py:2676} INFO - Sync 1 DAGs
[2026-09-30T20:14:57.643+0000] {logging_mixin.py:137} INFO - [2026-09-30T20:14:57.643+0000] {dag.py:3427} INFO - Setting next_dagrun for example_xcom to 2021-01-01T00:00:00+00:00, run_after=2021-01-01T00:00:00+00:00
[2026-09-30T20:14:57.658+0000] {processor.py:175} INFO - Processing /home/airflow/.local/lib/python3.7/site-packages/airflow/example_dags/example_xcom.py took 0.104 seconds
[2026-09-30T20:15:27.721+0000] {processor.py:153} INFO - Started process (PID=10897) to work on /home/airflow/.local/lib/python3.7/site-packages/airflow/example_dags/example_xcom.py
[2026-09-30T20:15:27.722+0000] {processor.py:743} INFO - Processing file /home/airflow/.local/lib/python3.7/site-packages/airflow/example_dags/example_xcom.py for tasks to queue
[2026-09-30T20:15:27.723+0000] {logging_mixin.py:137} INFO - [2026-09-30T20:15:27.723+0000] {dagbag.py:538} INFO - Filling up the DagBag from /home/airflow/.local/lib/python3.7/site-packages/airflow/example_dags/example_xcom.py
[2026-09-30T20:15:27.749+0000] {processor.py:753} INFO - DAG(s) dict_keys(['example_xcom']) retrieved from /home/airflow/.local/lib/python3.7/site-packages/airflow/example_dags/example_xcom.py
[2026-09-30T20:15:27.794+0000] {logging_mixin.py:137} INFO - [2026-09-30T20:15:27.794+0000] {dag.py:2676} INFO - Sync 1 DAGs
[2026-09-30T20:15:27.821+0000] {logging_mixin.py:137} INFO - [2026-09-30T20:15:27.821+0000] {dag.py:3427} INFO - Setting next_dagrun for example_xcom to 2021-01-01T00:00:00+00:00, run_after=2021-01-01T00:00:00+00:00
[2026-09-30T20:15:27.839+0000] {processor.py:175} INFO - Processing /home/airflow/.local/lib/python3.7/site-packages/airflow/example_dags/example_xcom.py took 0.122 seconds
[2026-09-30T20:15:57.961+0000] {processor.py:153} INFO - Started process (PID=10976) to work on /home/airflow/.local/lib/python3.7/site-packages/airflow/example_dags/example_xcom.py
[2026-09-30T20:15:57.962+0000] {processor.py:743} INFO - Processing file /home/airflow/.local/lib/python3.7/site-packages/airflow/example_dags/example_xcom.py for tasks to queue
[2026-09-30T20:15:57.963+0000] {logging_mixin.py:137} INFO - [2026-09-30T20:15:57.963+0000] {dagbag.py:538} INFO - Filling up the DagBag from /home/airflow/.local/lib/python3.7/site-packages/airflow/example_dags/example_xcom.py
[2026-09-30T20:15:57.995+0000] {processor.py:753} INFO - DAG(s) dict_keys(['example_xcom']) retrieved from /home/airflow/.local/lib/python3.7/site-packages/airflow/example_dags/example_xcom.py
[2026-09-30T20:15:58.044+0000] {logging_mixin.py:137} INFO - [2026-09-30T20:15:58.044+0000] {dag.py:2676} INFO - Sync 1 DAGs
[2026-09-30T20:15:58.077+0000] {logging_mixin.py:137} INFO - [2026-09-30T20:15:58.077+0000] {dag.py:3427} INFO - Setting next_dagrun for example_xcom to 2021-01-01T00:00:00+00:00, run_after=2021-01-01T00:00:00+00:00
[2026-09-30T20:15:58.102+0000] {processor.py:175} INFO - Processing /home/airflow/.local/lib/python3.7/site-packages/airflow/example_dags/example_xcom.py took 0.144 seconds
[2026-09-30T20:16:29.017+0000] {processor.py:153} INFO - Started process (PID=11062) to work on /home/airflow/.local/lib/python3.7/site-packages/airflow/example_dags/example_xcom.py
[2026-09-30T20:16:29.019+0000] {processor.py:743} INFO - Processing file /home/airflow/.local/lib/python3.7/site-packages/airflow/example_dags/example_xcom.py for tasks to queue
[2026-09-30T20:16:29.020+0000] {logging_mixin.py:137} INFO - [2026-09-30T20:16:29.019+0000] {dagbag.py:538} INFO - Filling up the DagBag from /home/airflow/.local/lib/python3.7/site-packages/airflow/example_dags/example_xcom.py
[2026-09-30T20:16:29.050+0000] {processor.py:753} INFO - DAG(s) dict_keys(['example_xcom']) retrieved from /home/airflow/.local/lib/python3.7/site-packages/airflow/example_dags/example_xcom.py
[2026-09-30T20:16:29.096+0000] {logging_mixin.py:137} INFO - [2026-09-30T20:16:29.096+0000] {dag.py:2676} INFO - Sync 1 DAGs
[2026-09-30T20:16:29.130+0000] {logging_mixin.py:137} INFO - [2026-09-30T20:16:29.130+0000] {dag.py:3427} INFO - Setting next_dagrun for example_xcom to 2021-01-01T00:00:00+00:00, run_after=2021-01-01T00:00:00+00:00
[2026-09-30T20:16:29.154+0000] {processor.py:175} INFO - Processing /home/airflow/.local/lib/python3.7/site-packages/airflow/example_dags/example_xcom.py took 0.140 seconds
[2026-09-30T20:16:59.364+0000] {processor.py:153} INFO - Started process (PID=11154) to work on /home/airflow/.local/lib/python3.7/site-packages/airflow/example_dags/example_xcom.py
[2026-09-30T20:16:59.366+0000] {processor.py:743} INFO - Processing file /home/airflow/.local/lib/python3.7/site-packages/airflow/example_dags/example_xcom.py for tasks to queue
[2026-09-30T20:16:59.367+0000] {logging_mixin.py:137} INFO - [2026-09-30T20:16:59.367+0000] {dagbag.py:538} INFO - Filling up the DagBag from /home/airflow/.local/lib/python3.7/site-packages/airflow/example_dags/example_xcom.py
[2026-09-30T20:16:59.413+0000] {processor.py:753} INFO - DAG(s) dict_keys(['example_xcom']) retrieved from /home/airflow/.local/lib/python3.7/site-packages/airflow/example_dags/example_xcom.py
[2026-09-30T20:16:59.484+0000] {logging_mixin.py:137} INFO - [2026-09-30T20:16:59.483+0000] {dag.py:2676} INFO - Sync 1 DAGs
[2026-09-30T20:16:59.540+0000] {logging_mixin.py:137} INFO - [2026-09-30T20:16:59.540+0000] {dag.py:3427} INFO - Setting next_dagrun for example_xcom to 2021-01-01T00:00:00+00:00, run_after=2021-01-01T00:00:00+00:00
[2026-09-30T20:16:59.562+0000] {processor.py:175} INFO - Processing /home/airflow/.local/lib/python3.7/site-packages/airflow/example_dags/example_xcom.py took 0.202 seconds
[2026-09-30T20:17:29.606+0000] {processor.py:153} INFO - Started process (PID=11233) to work on /home/airflow/.local/lib/python3.7/site-packages/airflow/example_dags/example_xcom.py
[2026-09-30T20:17:29.608+0000] {processor.py:743} INFO - Processing file /home/airflow/.local/lib/python3.7/site-packages/airflow/example_dags/example_xcom.py for tasks to queue
[2026-09-30T20:17:29.609+0000] {logging_mixin.py:137} INFO - [2026-09-30T20:17:29.609+0000] {dagbag.py:538} INFO - Filling up the DagBag from /home/airflow/.local/lib/python3.7/site-packages/airflow/example_dags/example_xcom.py
[2026-09-30T20:17:29.656+0000] {processor.py:753} INFO - DAG(s) dict_keys(['example_xcom']) retrieved from /home/airflow/.local/lib/python3.7/site-packages/airflow/example_dags/example_xcom.py
[2026-09-30T20:17:29.727+0000] {logging_mixin.py:137} INFO - [2026-09-30T20:17:29.727+0000] {dag.py:2676} INFO - Sync 1 DAGs
[2026-09-30T20:17:29.766+0000] {logging_mixin.py:137} INFO - [2026-09-30T20:17:29.766+0000] {dag.py:3427} INFO - Setting next_dagrun for example_xcom to 2021-01-01T00:00:00+00:00, run_after=2021-01-01T00:00:00+00:00
[2026-09-30T20:17:29.790+0000] {processor.py:175} INFO - Processing /home/airflow/.local/lib/python3.7/site-packages/airflow/example_dags/example_xcom.py took 0.190 seconds
[2026-09-30T20:18:00.102+0000] {processor.py:153} INFO - Started process (PID=11312) to work on /home/airflow/.local/lib/python3.7/site-packages/airflow/example_dags/example_xcom.py
[2026-09-30T20:18:00.102+0000] {processor.py:743} INFO - Processing file /home/airflow/.local/lib/python3.7/site-packages/airflow/example_dags/example_xcom.py for tasks to queue
[2026-09-30T20:18:00.103+0000] {logging_mixin.py:137} INFO - [2026-09-30T20:18:00.103+0000] {dagbag.py:538} INFO - Filling up the DagBag from /home/airflow/.local/lib/python3.7/site-packages/airflow/example_dags/example_xcom.py
[2026-09-30T20:18:00.130+0000] {processor.py:753} INFO - DAG(s) dict_keys(['example_xcom']) retrieved from /home/airflow/.local/lib/python3.7/site-packages/airflow/example_dags/example_xcom.py
[2026-09-30T20:18:00.170+0000] {logging_mixin.py:137} INFO - [2026-09-30T20:18:00.169+0000] {dag.py:2676} INFO - Sync 1 DAGs
[2026-09-30T20:18:00.197+0000] {logging_mixin.py:137} INFO - [2026-09-30T20:18:00.197+0000] {dag.py:3427} INFO - Setting next_dagrun for example_xcom to 2021-01-01T00:00:00+00:00, run_after=2021-01-01T00:00:00+00:00
[2026-09-30T20:18:00.214+0000] {processor.py:175} INFO - Processing /home/airflow/.local/lib/python3.7/site-packages/airflow/example_dags/example_xcom.py took 0.117 seconds
[2026-09-30T20:18:30.707+0000] {processor.py:153} INFO - Started process (PID=11391) to work on /home/airflow/.local/lib/python3.7/site-packages/airflow/example_dags/example_xcom.py
[2026-09-30T20:18:30.708+0000] {processor.py:743} INFO - Processing file /home/airflow/.local/lib/python3.7/site-packages/airflow/example_dags/example_xcom.py for tasks to queue
[2026-09-30T20:18:30.709+0000] {logging_mixin.py:137} INFO - [2026-09-30T20:18:30.709+0000] {dagbag.py:538} INFO - Filling up the DagBag from /home/airflow/.local/lib/python3.7/site-packages/airflow/example_dags/example_xcom.py
[2026-09-30T20:18:30.743+0000] {processor.py:753} INFO - DAG(s) dict_keys(['example_xcom']) retrieved from /home/airflow/.local/lib/python3.7/site-packages/airflow/example_dags/example_xcom.py
[2026-09-30T20:18:30.793+0000] {logging_mixin.py:137} INFO - [2026-09-30T20:18:30.793+0000] {dag.py:2676} INFO - Sync 1 DAGs
[2026-09-30T20:18:30.841+0000] {logging_mixin.py:137} INFO - [2026-09-30T20:18:30.840+0000] {dag.py:3427} INFO - Setting next_dagrun for example_xcom to 2021-01-01T00:00:00+00:00, run_after=2021-01-01T00:00:00+00:00
[2026-09-30T20:18:30.861+0000] {processor.py:175} INFO - Processing /home/airflow/.local/lib/python3.7/site-packages/airflow/example_dags/example_xcom.py took 0.158 seconds
[2026-09-30T20:19:01.373+0000] {processor.py:153} INFO - Started process (PID=11490) to work on /home/airflow/.local/lib/python3.7/site-packages/airflow/example_dags/example_xcom.py
[2026-09-30T20:19:01.373+0000] {processor.py:743} INFO - Processing file /home/airflow/.local/lib/python3.7/site-packages/airflow/example_dags/example_xcom.py for tasks to queue
[2026-09-30T20:19:01.374+0000] {logging_mixin.py:137} INFO - [2026-09-30T20:19:01.374+0000] {dagbag.py:538} INFO - Filling up the DagBag from /home/airflow/.local/lib/python3.7/site-packages/airflow/example_dags/example_xcom.py
[2026-09-30T20:19:01.407+0000] {processor.py:753} INFO - DAG(s) dict_keys(['example_xcom']) retrieved from /home/airflow/.local/lib/python3.7/site-packages/airflow/example_dags/example_xcom.py
[2026-09-30T20:19:01.478+0000] {logging_mixin.py:137} INFO - [2026-09-30T20:19:01.477+0000] {dag.py:2676} INFO - Sync 1 DAGs
[2026-09-30T20:19:01.518+0000] {logging_mixin.py:137} INFO - [2026-09-30T20:19:01.518+0000] {dag.py:3427} INFO - Setting next_dagrun for example_xcom to 2021-01-01T00:00:00+00:00, run_after=2021-01-01T00:00:00+00:00
[2026-09-30T20:19:01.541+0000] {processor.py:175} INFO - Processing /home/airflow/.local/lib/python3.7/site-packages/airflow/example_dags/example_xcom.py took 0.173 seconds
[2026-09-30T20:19:31.869+0000] {processor.py:153} INFO - Started process (PID=11569) to work on /home/airflow/.local/lib/python3.7/site-packages/airflow/example_dags/example_xcom.py
[2026-09-30T20:19:31.870+0000] {processor.py:743} INFO - Processing file /home/airflow/.local/lib/python3.7/site-packages/airflow/example_dags/example_xcom.py for tasks to queue
[2026-09-30T20:19:31.870+0000] {logging_mixin.py:137} INFO - [2026-09-30T20:19:31.870+0000] {dagbag.py:538} INFO - Filling up the DagBag from /home/airflow/.local/lib/python3.7/site-packages/airflow/example_dags/example_xcom.py
[2026-09-30T20:19:31.901+0000] {processor.py:753} INFO - DAG(s) dict_keys(['example_xcom']) retrieved from /home/airflow/.local/lib/python3.7/site-packages/airflow/example_dags/example_xcom.py
[2026-09-30T20:19:31.951+0000] {logging_mixin.py:137} INFO - [2026-09-30T20:19:31.951+0000] {dag.py:2676} INFO - Sync 1 DAGs
[2026-09-30T20:19:31.985+0000] {logging_mixin.py:137} INFO - [2026-09-30T20:19:31.985+0000] {dag.py:3427} INFO - Setting next_dagrun for example_xcom to 2021-01-01T00:00:00+00:00, run_after=2021-01-01T00:00:00+00:00
[2026-09-30T20:19:32.010+0000] {processor.py:175} INFO - Processing /home/airflow/.local/lib/python3.7/site-packages/airflow/example_dags/example_xcom.py took 0.146 seconds
[2026-09-30T20:20:02.510+0000] {processor.py:153} INFO - Started process (PID=11648) to work on /home/airflow/.local/lib/python3.7/site-packages/airflow/example_dags/example_xcom.py
[2026-09-30T20:20:02.511+0000] {processor.py:743} INFO - Processing file /home/airflow/.local/lib/python3.7/site-packages/airflow/example_dags/example_xcom.py for tasks to queue
[2026-09-30T20:20:02.512+0000] {logging_mixin.py:137} INFO - [2026-09-30T20:20:02.512+0000] {dagbag.py:538} INFO - Filling up the DagBag from /home/airflow/.local/lib/python3.7/site-packages/airflow/example_dags/example_xcom.py
[2026-09-30T20:20:02.544+0000] {processor.py:753} INFO - DAG(s) dict_keys(['example_xcom']) retrieved from /home/airflow/.local/lib/python3.7/site-packages/airflow/example_dags/example_xcom.py
[2026-09-30T20:20:02.601+0000] {logging_mixin.py:137} INFO - [2026-09-30T20:20:02.600+0000] {dag.py:2676} INFO - Sync 1 DAGs
[2026-09-30T20:20:02.646+0000] {logging_mixin.py:137} INFO - [2026-09-30T20:20:02.646+0000] {dag.py:3427} INFO - Setting next_dagrun for example_xcom to 2021-01-01T00:00:00+00:00, run_after=2021-01-01T00:00:00+00:00
[2026-09-30T20:20:02.675+0000] {processor.py:175} INFO - Processing /home/airflow/.local/lib/python3.7/site-packages/airflow/example_dags/example_xcom.py took 0.170 seconds
[2026-09-30T20:20:33.587+0000] {processor.py:153} INFO - Started process (PID=11747) to work on /home/airflow/.local/lib/python3.7/site-packages/airflow/example_dags/example_xcom.py
[2026-09-30T20:20:33.588+0000] {processor.py:743} INFO - Processing file /home/airflow/.local/lib/python3.7/site-packages/airflow/example_dags/example_xcom.py for tasks to queue
[2026-09-30T20:20:33.588+0000] {logging_mixin.py:137} INFO - [2026-09-30T20:20:33.588+0000] {dagbag.py:538} INFO - Filling up the DagBag from /home/airflow/.local/lib/python3.7/site-packages/airflow/example_dags/example_xcom.py
[2026-09-30T20:20:33.618+0000] {processor.py:753} INFO - DAG(s) dict_keys(['example_xcom']) retrieved from /home/airflow/.local/lib/python3.7/site-packages/airflow/example_dags/example_xcom.py
[2026-09-30T20:20:33.672+0000] {logging_mixin.py:137} INFO - [2026-09-30T20:20:33.672+0000] {dag.py:2676} INFO - Sync 1 DAGs
[2026-09-30T20:20:33.712+0000] {logging_mixin.py:137} INFO - [2026-09-30T20:20:33.712+0000] {dag.py:3427} INFO - Setting next_dagrun for example_xcom to 2021-01-01T00:00:00+00:00, run_after=2021-01-01T00:00:00+00:00
[2026-09-30T20:20:33.736+0000] {processor.py:175} INFO - Processing /home/airflow/.local/lib/python3.7/site-packages/airflow/example_dags/example_xcom.py took 0.155 seconds
[2026-09-30T20:21:03.991+0000] {processor.py:153} INFO - Started process (PID=11826) to work on /home/airflow/.local/lib/python3.7/site-packages/airflow/example_dags/example_xcom.py
[2026-09-30T20:21:03.992+0000] {processor.py:743} INFO - Processing file /home/airflow/.local/lib/python3.7/site-packages/airflow/example_dags/example_xcom.py for tasks to queue
[2026-09-30T20:21:03.993+0000] {logging_mixin.py:137} INFO - [2026-09-30T20:21:03.993+0000] {dagbag.py:538} INFO - Filling up the DagBag from /home/airflow/.local/lib/python3.7/site-packages/airflow/example_dags/example_xcom.py
[2026-09-30T20:21:04.025+0000] {processor.py:753} INFO - DAG(s) dict_keys(['example_xcom']) retrieved from /home/airflow/.local/lib/python3.7/site-packages/airflow/example_dags/example_xcom.py
[2026-09-30T20:21:04.083+0000] {logging_mixin.py:137} INFO - [2026-09-30T20:21:04.082+0000] {dag.py:2676} INFO - Sync 1 DAGs
[2026-09-30T20:21:04.129+0000] {logging_mixin.py:137} INFO - [2026-09-30T20:21:04.129+0000] {dag.py:3427} INFO - Setting next_dagrun for example_xcom to 2021-01-01T00:00:00+00:00, run_after=2021-01-01T00:00:00+00:00
[2026-09-30T20:21:04.158+0000] {processor.py:175} INFO - Processing /home/airflow/.local/lib/python3.7/site-packages/airflow/example_dags/example_xcom.py took 0.171 seconds
[2026-09-30T20:21:35.180+0000] {processor.py:153} INFO - Started process (PID=11905) to work on /home/airflow/.local/lib/python3.7/site-packages/airflow/example_dags/example_xcom.py
[2026-09-30T20:21:35.181+0000] {processor.py:743} INFO - Processing file /home/airflow/.local/lib/python3.7/site-packages/airflow/example_dags/example_xcom.py for tasks to queue
[2026-09-30T20:21:35.183+0000] {logging_mixin.py:137} INFO - [2026-09-30T20:21:35.183+0000] {dagbag.py:538} INFO - Filling up the DagBag from /home/airflow/.local/lib/python3.7/site-packages/airflow/example_dags/example_xcom.py
[2026-09-30T20:21:35.217+0000] {processor.py:753} INFO - DAG(s) dict_keys(['example_xcom']) retrieved from /home/airflow/.local/lib/python3.7/site-packages/airflow/example_dags/example_xcom.py
[2026-09-30T20:21:35.268+0000] {logging_mixin.py:137} INFO - [2026-09-30T20:21:35.268+0000] {dag.py:2676} INFO - Sync 1 DAGs
[2026-09-30T20:21:35.302+0000] {logging_mixin.py:137} INFO - [2026-09-30T20:21:35.302+0000] {dag.py:3427} INFO - Setting next_dagrun for example_xcom to 2021-01-01T00:00:00+00:00, run_after=2021-01-01T00:00:00+00:00
[2026-09-30T20:21:35.327+0000] {processor.py:175} INFO - Processing /home/airflow/.local/lib/python3.7/site-packages/airflow/example_dags/example_xcom.py took 0.151 seconds
[2026-09-30T20:22:05.469+0000] {processor.py:153} INFO - Started process (PID=11984) to work on /home/airflow/.local/lib/python3.7/site-packages/airflow/example_dags/example_xcom.py
[2026-09-30T20:22:05.470+0000] {processor.py:743} INFO - Processing file /home/airflow/.local/lib/python3.7/site-packages/airflow/example_dags/example_xcom.py for tasks to queue
[2026-09-30T20:22:05.471+0000] {logging_mixin.py:137} INFO - [2026-09-30T20:22:05.471+0000] {dagbag.py:538} INFO - Filling up the DagBag from /home/airflow/.local/lib/python3.7/site-packages/airflow/example_dags/example_xcom.py
[2026-09-30T20:22:05.503+0000] {processor.py:753} INFO - DAG(s) dict_keys(['example_xcom']) retrieved from /home/airflow/.local/lib/python3.7/site-packages/airflow/example_dags/example_xcom.py
[2026-09-30T20:22:05.549+0000] {logging_mixin.py:137} INFO - [2026-09-30T20:22:05.548+0000] {dag.py:2676} INFO - Sync 1 DAGs
[2026-09-30T20:22:05.581+0000] {logging_mixin.py:137} INFO - [2026-09-30T20:22:05.581+0000] {dag.py:3427} INFO - Setting next_dagrun for example_xcom to 2021-01-01T00:00:00+00:00, run_after=2021-01-01T00:00:00+00:00
[2026-09-30T20:22:05.602+0000] {processor.py:175} INFO - Processing /home/airflow/.local/lib/python3.7/site-packages/airflow/example_dags/example_xcom.py took 0.137 seconds
[2026-09-30T20:22:36.511+0000] {processor.py:153} INFO - Started process (PID=12083) to work on /home/airflow/.local/lib/python3.7/site-packages/airflow/example_dags/example_xcom.py
[2026-09-30T20:22:36.512+0000] {processor.py:743} INFO - Processing file /home/airflow/.local/lib/python3.7/site-packages/airflow/example_dags/example_xcom.py for tasks to queue
[2026-09-30T20:22:36.513+0000] {logging_mixin.py:137} INFO - [2026-09-30T20:22:36.513+0000] {dagbag.py:538} INFO - Filling up the DagBag from /home/airflow/.local/lib/python3.7/site-packages/airflow/example_dags/example_xcom.py
[2026-09-30T20:22:36.545+0000] {processor.py:753} INFO - DAG(s) dict_keys(['example_xcom']) retrieved from /home/airflow/.local/lib/python3.7/site-packages/airflow/example_dags/example_xcom.py
[2026-09-30T20:22:36.600+0000] {logging_mixin.py:137} INFO - [2026-09-30T20:22:36.600+0000] {dag.py:2676} INFO - Sync 1 DAGs
[2026-09-30T20:22:36.635+0000] {logging_mixin.py:137} INFO - [2026-09-30T20:22:36.635+0000] {dag.py:3427} INFO - Setting next_dagrun for example_xcom to 2021-01-01T00:00:00+00:00, run_after=2021-01-01T00:00:00+00:00
[2026-09-30T20:22:36.659+0000] {processor.py:175} INFO - Processing /home/airflow/.local/lib/python3.7/site-packages/airflow/example_dags/example_xcom.py took 0.152 seconds
[2026-09-30T20:23:07.414+0000] {processor.py:153} INFO - Started process (PID=12162) to work on /home/airflow/.local/lib/python3.7/site-packages/airflow/example_dags/example_xcom.py
[2026-09-30T20:23:07.415+0000] {processor.py:743} INFO - Processing file /home/airflow/.local/lib/python3.7/site-packages/airflow/example_dags/example_xcom.py for tasks to queue
[2026-09-30T20:23:07.416+0000] {logging_mixin.py:137} INFO - [2026-09-30T20:23:07.415+0000] {dagbag.py:538} INFO - Filling up the DagBag from /home/airflow/.local/lib/python3.7/site-packages/airflow/example_dags/example_xcom.py
[2026-09-30T20:23:07.447+0000] {processor.py:753} INFO - DAG(s) dict_keys(['example_xcom']) retrieved from /home/airflow/.local/lib/python3.7/site-packages/airflow/example_dags/example_xcom.py
[2026-09-30T20:23:07.494+0000] {logging_mixin.py:137} INFO - [2026-09-30T20:23:07.494+0000] {dag.py:2676} INFO - Sync 1 DAGs
[2026-09-30T20:23:07.524+0000] {logging_mixin.py:137} INFO - [2026-09-30T20:23:07.524+0000] {dag.py:3427} INFO - Setting next_dagrun for example_xcom to 2021-01-01T00:00:00+00:00, run_after=2021-01-01T00:00:00+00:00
[2026-09-30T20:23:07.550+0000] {processor.py:175} INFO - Processing /home/airflow/.local/lib/python3.7/site-packages/airflow/example_dags/example_xcom.py took 0.140 seconds
[2026-09-30T20:23:38.193+0000] {processor.py:153} INFO - Started process (PID=12241) to work on /home/airflow/.local/lib/python3.7/site-packages/airflow/example_dags/example_xcom.py
[2026-09-30T20:23:38.195+0000] {processor.py:743} INFO - Processing file /home/airflow/.local/lib/python3.7/site-packages/airflow/example_dags/example_xcom.py for tasks to queue
[2026-09-30T20:23:38.196+0000] {logging_mixin.py:137} INFO - [2026-09-30T20:23:38.196+0000] {dagbag.py:538} INFO - Filling up the DagBag from /home/airflow/.local/lib/python3.7/site-packages/airflow/example_dags/example_xcom.py
[2026-09-30T20:23:38.244+0000] {processor.py:753} INFO - DAG(s) dict_keys(['example_xcom']) retrieved from /home/airflow/.local/lib/python3.7/site-packages/airflow/example_dags/example_xcom.py
[2026-09-30T20:23:38.318+0000] {logging_mixin.py:137} INFO - [2026-09-30T20:23:38.318+0000] {dag.py:2676} INFO - Sync 1 DAGs
[2026-09-30T20:23:38.362+0000] {logging_mixin.py:137} INFO - [2026-09-30T20:23:38.361+0000] {dag.py:3427} INFO - Setting next_dagrun for example_xcom to 2021-01-01T00:00:00+00:00, run_after=2021-01-01T00:00:00+00:00
[2026-09-30T20:23:38.396+0000] {processor.py:175} INFO - Processing /home/airflow/.local/lib/python3.7/site-packages/airflow/example_dags/example_xcom.py took 0.209 seconds
[2026-09-30T20:24:08.933+0000] {processor.py:153} INFO - Started process (PID=12329) to work on /home/airflow/.local/lib/python3.7/site-packages/airflow/example_dags/example_xcom.py
[2026-09-30T20:24:08.933+0000] {processor.py:743} INFO - Processing file /home/airflow/.local/lib/python3.7/site-packages/airflow/example_dags/example_xcom.py for tasks to queue
[2026-09-30T20:24:08.934+0000] {logging_mixin.py:137} INFO - [2026-09-30T20:24:08.934+0000] {dagbag.py:538} INFO - Filling up the DagBag from /home/airflow/.local/lib/python3.7/site-packages/airflow/example_dags/example_xcom.py
[2026-09-30T20:24:08.967+0000] {processor.py:753} INFO - DAG(s) dict_keys(['example_xcom']) retrieved from /home/airflow/.local/lib/python3.7/site-packages/airflow/example_dags/example_xcom.py
[2026-09-30T20:24:09.018+0000] {logging_mixin.py:137} INFO - [2026-09-30T20:24:09.018+0000] {dag.py:2676} INFO - Sync 1 DAGs
[2026-09-30T20:24:09.058+0000] {logging_mixin.py:137} INFO - [2026-09-30T20:24:09.058+0000] {dag.py:3427} INFO - Setting next_dagrun for example_xcom to 2021-01-01T00:00:00+00:00, run_after=2021-01-01T00:00:00+00:00
[2026-09-30T20:24:09.092+0000] {processor.py:175} INFO - Processing /home/airflow/.local/lib/python3.7/site-packages/airflow/example_dags/example_xcom.py took 0.163 seconds
[2026-09-30T20:24:39.338+0000] {processor.py:153} INFO - Started process (PID=12419) to work on /home/airflow/.local/lib/python3.7/site-packages/airflow/example_dags/example_xcom.py
[2026-09-30T20:24:39.339+0000] {processor.py:743} INFO - Processing file /home/airflow/.local/lib/python3.7/site-packages/airflow/example_dags/example_xcom.py for tasks to queue
[2026-09-30T20:24:39.340+0000] {logging_mixin.py:137} INFO - [2026-09-30T20:24:39.340+0000] {dagbag.py:538} INFO - Filling up the DagBag from /home/airflow/.local/lib/python3.7/site-packages/airflow/example_dags/example_xcom.py
[2026-09-30T20:24:39.372+0000] {processor.py:753} INFO - DAG(s) dict_keys(['example_xcom']) retrieved from /home/airflow/.local/lib/python3.7/site-packages/airflow/example_dags/example_xcom.py
[2026-09-30T20:24:39.422+0000] {logging_mixin.py:137} INFO - [2026-09-30T20:24:39.422+0000] {dag.py:2676} INFO - Sync 1 DAGs
[2026-09-30T20:24:39.453+0000] {logging_mixin.py:137} INFO - [2026-09-30T20:24:39.453+0000] {dag.py:3427} INFO - Setting next_dagrun for example_xcom to 2021-01-01T00:00:00+00:00, run_after=2021-01-01T00:00:00+00:00
[2026-09-30T20:24:39.478+0000] {processor.py:175} INFO - Processing /home/airflow/.local/lib/python3.7/site-packages/airflow/example_dags/example_xcom.py took 0.144 seconds
[2026-09-30T20:25:09.926+0000] {processor.py:153} INFO - Started process (PID=12498) to work on /home/airflow/.local/lib/python3.7/site-packages/airflow/example_dags/example_xcom.py
[2026-09-30T20:25:09.927+0000] {processor.py:743} INFO - Processing file /home/airflow/.local/lib/python3.7/site-packages/airflow/example_dags/example_xcom.py for tasks to queue
[2026-09-30T20:25:09.927+0000] {logging_mixin.py:137} INFO - [2026-09-30T20:25:09.927+0000] {dagbag.py:538} INFO - Filling up the DagBag from /home/airflow/.local/lib/python3.7/site-packages/airflow/example_dags/example_xcom.py
[2026-09-30T20:25:09.960+0000] {processor.py:753} INFO - DAG(s) dict_keys(['example_xcom']) retrieved from /home/airflow/.local/lib/python3.7/site-packages/airflow/example_dags/example_xcom.py
[2026-09-30T20:25:10.014+0000] {logging_mixin.py:137} INFO - [2026-09-30T20:25:10.014+0000] {dag.py:2676} INFO - Sync 1 DAGs
[2026-09-30T20:25:10.061+0000] {logging_mixin.py:137} INFO - [2026-09-30T20:25:10.060+0000] {dag.py:3427} INFO - Setting next_dagrun for example_xcom to 2021-01-01T00:00:00+00:00, run_after=2021-01-01T00:00:00+00:00
[2026-09-30T20:25:10.089+0000] {processor.py:175} INFO - Processing /home/airflow/.local/lib/python3.7/site-packages/airflow/example_dags/example_xcom.py took 0.168 seconds
[2026-09-30T20:25:40.474+0000] {processor.py:153} INFO - Started process (PID=12577) to work on /home/airflow/.local/lib/python3.7/site-packages/airflow/example_dags/example_xcom.py
[2026-09-30T20:25:40.476+0000] {processor.py:743} INFO - Processing file /home/airflow/.local/lib/python3.7/site-packages/airflow/example_dags/example_xcom.py for tasks to queue
[2026-09-30T20:25:40.477+0000] {logging_mixin.py:137} INFO - [2026-09-30T20:25:40.477+0000] {dagbag.py:538} INFO - Filling up the DagBag from /home/airflow/.local/lib/python3.7/site-packages/airflow/example_dags/example_xcom.py
[2026-09-30T20:25:40.515+0000] {processor.py:753} INFO - DAG(s) dict_keys(['example_xcom']) retrieved from /home/airflow/.local/lib/python3.7/site-packages/airflow/example_dags/example_xcom.py
[2026-09-30T20:25:40.565+0000] {logging_mixin.py:137} INFO - [2026-09-30T20:25:40.565+0000] {dag.py:2676} INFO - Sync 1 DAGs
[2026-09-30T20:25:40.597+0000] {logging_mixin.py:137} INFO - [2026-09-30T20:25:40.596+0000] {dag.py:3427} INFO - Setting next_dagrun for example_xcom to 2021-01-01T00:00:00+00:00, run_after=2021-01-01T00:00:00+00:00
[2026-09-30T20:25:40.620+0000] {processor.py:175} INFO - Processing /home/airflow/.local/lib/python3.7/site-packages/airflow/example_dags/example_xcom.py took 0.152 seconds
[2026-09-30T20:26:11.325+0000] {processor.py:153} INFO - Started process (PID=12665) to work on /home/airflow/.local/lib/python3.7/site-packages/airflow/example_dags/example_xcom.py
[2026-09-30T20:26:11.326+0000] {processor.py:743} INFO - Processing file /home/airflow/.local/lib/python3.7/site-packages/airflow/example_dags/example_xcom.py for tasks to queue
[2026-09-30T20:26:11.327+0000] {logging_mixin.py:137} INFO - [2026-09-30T20:26:11.327+0000] {dagbag.py:538} INFO - Filling up the DagBag from /home/airflow/.local/lib/python3.7/site-packages/airflow/example_dags/example_xcom.py
[2026-09-30T20:26:11.360+0000] {processor.py:753} INFO - DAG(s) dict_keys(['example_xcom']) retrieved from /home/airflow/.local/lib/python3.7/site-packages/airflow/example_dags/example_xcom.py
[2026-09-30T20:26:11.416+0000] {logging_mixin.py:137} INFO - [2026-09-30T20:26:11.415+0000] {dag.py:2676} INFO - Sync 1 DAGs
[2026-09-30T20:26:11.453+0000] {logging_mixin.py:137} INFO - [2026-09-30T20:26:11.453+0000] {dag.py:3427} INFO - Setting next_dagrun for example_xcom to 2021-01-01T00:00:00+00:00, run_after=2021-01-01T00:00:00+00:00
[2026-09-30T20:26:11.482+0000] {processor.py:175} INFO - Processing /home/airflow/.local/lib/python3.7/site-packages/airflow/example_dags/example_xcom.py took 0.160 seconds
[2026-09-30T20:26:41.669+0000] {processor.py:153} INFO - Started process (PID=12755) to work on /home/airflow/.local/lib/python3.7/site-packages/airflow/example_dags/example_xcom.py
[2026-09-30T20:26:41.671+0000] {processor.py:743} INFO - Processing file /home/airflow/.local/lib/python3.7/site-packages/airflow/example_dags/example_xcom.py for tasks to queue
[2026-09-30T20:26:41.672+0000] {logging_mixin.py:137} INFO - [2026-09-30T20:26:41.671+0000] {dagbag.py:538} INFO - Filling up the DagBag from /home/airflow/.local/lib/python3.7/site-packages/airflow/example_dags/example_xcom.py
[2026-09-30T20:26:41.709+0000] {processor.py:753} INFO - DAG(s) dict_keys(['example_xcom']) retrieved from /home/airflow/.local/lib/python3.7/site-packages/airflow/example_dags/example_xcom.py
[2026-09-30T20:26:41.763+0000] {logging_mixin.py:137} INFO - [2026-09-30T20:26:41.763+0000] {dag.py:2676} INFO - Sync 1 DAGs
[2026-09-30T20:26:41.795+0000] {logging_mixin.py:137} INFO - [2026-09-30T20:26:41.795+0000] {dag.py:3427} INFO - Setting next_dagrun for example_xcom to 2021-01-01T00:00:00+00:00, run_after=2021-01-01T00:00:00+00:00
[2026-09-30T20:26:41.817+0000] {processor.py:175} INFO - Processing /home/airflow/.local/lib/python3.7/site-packages/airflow/example_dags/example_xcom.py took 0.153 seconds
[2026-09-30T20:27:12.450+0000] {processor.py:153} INFO - Started process (PID=12834) to work on /home/airflow/.local/lib/python3.7/site-packages/airflow/example_dags/example_xcom.py
[2026-09-30T20:27:12.451+0000] {processor.py:743} INFO - Processing file /home/airflow/.local/lib/python3.7/site-packages/airflow/example_dags/example_xcom.py for tasks to queue
[2026-09-30T20:27:12.451+0000] {logging_mixin.py:137} INFO - [2026-09-30T20:27:12.451+0000] {dagbag.py:538} INFO - Filling up the DagBag from /home/airflow/.local/lib/python3.7/site-packages/airflow/example_dags/example_xcom.py
[2026-09-30T20:27:12.484+0000] {processor.py:753} INFO - DAG(s) dict_keys(['example_xcom']) retrieved from /home/airflow/.local/lib/python3.7/site-packages/airflow/example_dags/example_xcom.py
[2026-09-30T20:27:12.535+0000] {logging_mixin.py:137} INFO - [2026-09-30T20:27:12.534+0000] {dag.py:2676} INFO - Sync 1 DAGs
[2026-09-30T20:27:12.565+0000] {logging_mixin.py:137} INFO - [2026-09-30T20:27:12.565+0000] {dag.py:3427} INFO - Setting next_dagrun for example_xcom to 2021-01-01T00:00:00+00:00, run_after=2021-01-01T00:00:00+00:00
[2026-09-30T20:27:12.588+0000] {processor.py:175} INFO - Processing /home/airflow/.local/lib/python3.7/site-packages/airflow/example_dags/example_xcom.py took 0.142 seconds
[2026-09-30T20:27:42.947+0000] {processor.py:153} INFO - Started process (PID=12913) to work on /home/airflow/.local/lib/python3.7/site-packages/airflow/example_dags/example_xcom.py
[2026-09-30T20:27:42.948+0000] {processor.py:743} INFO - Processing file /home/airflow/.local/lib/python3.7/site-packages/airflow/example_dags/example_xcom.py for tasks to queue
[2026-09-30T20:27:42.949+0000] {logging_mixin.py:137} INFO - [2026-09-30T20:27:42.949+0000] {dagbag.py:538} INFO - Filling up the DagBag from /home/airflow/.local/lib/python3.7/site-packages/airflow/example_dags/example_xcom.py
[2026-09-30T20:27:42.998+0000] {processor.py:753} INFO - DAG(s) dict_keys(['example_xcom']) retrieved from /home/airflow/.local/lib/python3.7/site-packages/airflow/example_dags/example_xcom.py
[2026-09-30T20:27:43.066+0000] {logging_mixin.py:137} INFO - [2026-09-30T20:27:43.065+0000] {dag.py:2676} INFO - Sync 1 DAGs
[2026-09-30T20:27:43.100+0000] {logging_mixin.py:137} INFO - [2026-09-30T20:27:43.100+0000] {dag.py:3427} INFO - Setting next_dagrun for example_xcom to 2021-01-01T00:00:00+00:00, run_after=2021-01-01T00:00:00+00:00
[2026-09-30T20:27:43.122+0000] {processor.py:175} INFO - Processing /home/airflow/.local/lib/python3.7/site-packages/airflow/example_dags/example_xcom.py took 0.181 seconds
[2026-09-30T20:28:13.333+0000] {processor.py:153} INFO - Started process (PID=13012) to work on /home/airflow/.local/lib/python3.7/site-packages/airflow/example_dags/example_xcom.py
[2026-09-30T20:28:13.333+0000] {processor.py:743} INFO - Processing file /home/airflow/.local/lib/python3.7/site-packages/airflow/example_dags/example_xcom.py for tasks to queue
[2026-09-30T20:28:13.334+0000] {logging_mixin.py:137} INFO - [2026-09-30T20:28:13.334+0000] {dagbag.py:538} INFO - Filling up the DagBag from /home/airflow/.local/lib/python3.7/site-packages/airflow/example_dags/example_xcom.py
[2026-09-30T20:28:13.369+0000] {processor.py:753} INFO - DAG(s) dict_keys(['example_xcom']) retrieved from /home/airflow/.local/lib/python3.7/site-packages/airflow/example_dags/example_xcom.py
[2026-09-30T20:28:13.421+0000] {logging_mixin.py:137} INFO - [2026-09-30T20:28:13.421+0000] {dag.py:2676} INFO - Sync 1 DAGs
[2026-09-30T20:28:13.457+0000] {logging_mixin.py:137} INFO - [2026-09-30T20:28:13.456+0000] {dag.py:3427} INFO - Setting next_dagrun for example_xcom to 2021-01-01T00:00:00+00:00, run_after=2021-01-01T00:00:00+00:00
[2026-09-30T20:28:13.477+0000] {processor.py:175} INFO - Processing /home/airflow/.local/lib/python3.7/site-packages/airflow/example_dags/example_xcom.py took 0.148 seconds
[2026-09-30T20:28:43.607+0000] {processor.py:153} INFO - Started process (PID=13091) to work on /home/airflow/.local/lib/python3.7/site-packages/airflow/example_dags/example_xcom.py
[2026-09-30T20:28:43.608+0000] {processor.py:743} INFO - Processing file /home/airflow/.local/lib/python3.7/site-packages/airflow/example_dags/example_xcom.py for tasks to queue
[2026-09-30T20:28:43.609+0000] {logging_mixin.py:137} INFO - [2026-09-30T20:28:43.609+0000] {dagbag.py:538} INFO - Filling up the DagBag from /home/airflow/.local/lib/python3.7/site-packages/airflow/example_dags/example_xcom.py
[2026-09-30T20:28:43.640+0000] {processor.py:753} INFO - DAG(s) dict_keys(['example_xcom']) retrieved from /home/airflow/.local/lib/python3.7/site-packages/airflow/example_dags/example_xcom.py
[2026-09-30T20:28:43.690+0000] {logging_mixin.py:137} INFO - [2026-09-30T20:28:43.690+0000] {dag.py:2676} INFO - Sync 1 DAGs
[2026-09-30T20:28:43.721+0000] {logging_mixin.py:137} INFO - [2026-09-30T20:28:43.721+0000] {dag.py:3427} INFO - Setting next_dagrun for example_xcom to 2021-01-01T00:00:00+00:00, run_after=2021-01-01T00:00:00+00:00
[2026-09-30T20:28:43.743+0000] {processor.py:175} INFO - Processing /home/airflow/.local/lib/python3.7/site-packages/airflow/example_dags/example_xcom.py took 0.140 seconds
[2026-09-30T20:29:14.667+0000] {processor.py:153} INFO - Started process (PID=13170) to work on /home/airflow/.local/lib/python3.7/site-packages/airflow/example_dags/example_xcom.py
[2026-09-30T20:29:14.668+0000] {processor.py:743} INFO - Processing file /home/airflow/.local/lib/python3.7/site-packages/airflow/example_dags/example_xcom.py for tasks to queue
[2026-09-30T20:29:14.669+0000] {logging_mixin.py:137} INFO - [2026-09-30T20:29:14.669+0000] {dagbag.py:538} INFO - Filling up the DagBag from /home/airflow/.local/lib/python3.7/site-packages/airflow/example_dags/example_xcom.py
[2026-09-30T20:29:14.705+0000] {processor.py:753} INFO - DAG(s) dict_keys(['example_xcom']) retrieved from /home/airflow/.local/lib/python3.7/site-packages/airflow/example_dags/example_xcom.py
[2026-09-30T20:29:14.762+0000] {logging_mixin.py:137} INFO - [2026-09-30T20:29:14.762+0000] {dag.py:2676} INFO - Sync 1 DAGs
[2026-09-30T20:29:14.800+0000] {logging_mixin.py:137} INFO - [2026-09-30T20:29:14.799+0000] {dag.py:3427} INFO - Setting next_dagrun for example_xcom to 2021-01-01T00:00:00+00:00, run_after=2021-01-01T00:00:00+00:00
[2026-09-30T20:29:14.830+0000] {processor.py:175} INFO - Processing /home/airflow/.local/lib/python3.7/site-packages/airflow/example_dags/example_xcom.py took 0.170 seconds
[2026-09-30T20:29:45.680+0000] {processor.py:153} INFO - Started process (PID=13249) to work on /home/airflow/.local/lib/python3.7/site-packages/airflow/example_dags/example_xcom.py
[2026-09-30T20:29:45.681+0000] {processor.py:743} INFO - Processing file /home/airflow/.local/lib/python3.7/site-packages/airflow/example_dags/example_xcom.py for tasks to queue
[2026-09-30T20:29:45.682+0000] {logging_mixin.py:137} INFO - [2026-09-30T20:29:45.682+0000] {dagbag.py:538} INFO - Filling up the DagBag from /home/airflow/.local/lib/python3.7/site-packages/airflow/example_dags/example_xcom.py
[2026-09-30T20:29:45.715+0000] {processor.py:753} INFO - DAG(s) dict_keys(['example_xcom']) retrieved from /home/airflow/.local/lib/python3.7/site-packages/airflow/example_dags/example_xcom.py
[2026-09-30T20:29:45.768+0000] {logging_mixin.py:137} INFO - [2026-09-30T20:29:45.767+0000] {dag.py:2676} INFO - Sync 1 DAGs
[2026-09-30T20:29:45.815+0000] {logging_mixin.py:137} INFO - [2026-09-30T20:29:45.815+0000] {dag.py:3427} INFO - Setting next_dagrun for example_xcom to 2021-01-01T00:00:00+00:00, run_after=2021-01-01T00:00:00+00:00
[2026-09-30T20:29:45.845+0000] {processor.py:175} INFO - Processing /home/airflow/.local/lib/python3.7/site-packages/airflow/example_dags/example_xcom.py took 0.169 seconds
[2026-09-30T20:30:16.093+0000] {processor.py:153} INFO - Started process (PID=13337) to work on /home/airflow/.local/lib/python3.7/site-packages/airflow/example_dags/example_xcom.py
[2026-09-30T20:30:16.094+0000] {processor.py:743} INFO - Processing file /home/airflow/.local/lib/python3.7/site-packages/airflow/example_dags/example_xcom.py for tasks to queue
[2026-09-30T20:30:16.094+0000] {logging_mixin.py:137} INFO - [2026-09-30T20:30:16.094+0000] {dagbag.py:538} INFO - Filling up the DagBag from /home/airflow/.local/lib/python3.7/site-packages/airflow/example_dags/example_xcom.py
[2026-09-30T20:30:16.142+0000] {processor.py:753} INFO - DAG(s) dict_keys(['example_xcom']) retrieved from /home/airflow/.local/lib/python3.7/site-packages/airflow/example_dags/example_xcom.py
[2026-09-30T20:30:16.208+0000] {logging_mixin.py:137} INFO - [2026-09-30T20:30:16.208+0000] {dag.py:2676} INFO - Sync 1 DAGs
[2026-09-30T20:30:16.257+0000] {logging_mixin.py:137} INFO - [2026-09-30T20:30:16.257+0000] {dag.py:3427} INFO - Setting next_dagrun for example_xcom to 2021-01-01T00:00:00+00:00, run_after=2021-01-01T00:00:00+00:00
[2026-09-30T20:30:16.285+0000] {processor.py:175} INFO - Processing /home/airflow/.local/lib/python3.7/site-packages/airflow/example_dags/example_xcom.py took 0.196 seconds
[2026-09-30T20:30:46.529+0000] {processor.py:153} INFO - Started process (PID=13427) to work on /home/airflow/.local/lib/python3.7/site-packages/airflow/example_dags/example_xcom.py
[2026-09-30T20:30:46.530+0000] {processor.py:743} INFO - Processing file /home/airflow/.local/lib/python3.7/site-packages/airflow/example_dags/example_xcom.py for tasks to queue
[2026-09-30T20:30:46.531+0000] {logging_mixin.py:137} INFO - [2026-09-30T20:30:46.531+0000] {dagbag.py:538} INFO - Filling up the DagBag from /home/airflow/.local/lib/python3.7/site-packages/airflow/example_dags/example_xcom.py
[2026-09-30T20:30:46.559+0000] {processor.py:753} INFO - DAG(s) dict_keys(['example_xcom']) retrieved from /home/airflow/.local/lib/python3.7/site-packages/airflow/example_dags/example_xcom.py
[2026-09-30T20:30:46.609+0000] {logging_mixin.py:137} INFO - [2026-09-30T20:30:46.609+0000] {dag.py:2676} INFO - Sync 1 DAGs
[2026-09-30T20:30:46.642+0000] {logging_mixin.py:137} INFO - [2026-09-30T20:30:46.642+0000] {dag.py:3427} INFO - Setting next_dagrun for example_xcom to 2021-01-01T00:00:00+00:00, run_after=2021-01-01T00:00:00+00:00
[2026-09-30T20:30:46.663+0000] {processor.py:175} INFO - Processing /home/airflow/.local/lib/python3.7/site-packages/airflow/example_dags/example_xcom.py took 0.138 seconds
[2026-09-30T20:31:16.731+0000] {processor.py:153} INFO - Started process (PID=13506) to work on /home/airflow/.local/lib/python3.7/site-packages/airflow/example_dags/example_xcom.py
[2026-09-30T20:31:16.732+0000] {processor.py:743} INFO - Processing file /home/airflow/.local/lib/python3.7/site-packages/airflow/example_dags/example_xcom.py for tasks to queue
[2026-09-30T20:31:16.733+0000] {logging_mixin.py:137} INFO - [2026-09-30T20:31:16.733+0000] {dagbag.py:538} INFO - Filling up the DagBag from /home/airflow/.local/lib/python3.7/site-packages/airflow/example_dags/example_xcom.py
[2026-09-30T20:31:16.777+0000] {processor.py:753} INFO - DAG(s) dict_keys(['example_xcom']) retrieved from /home/airflow/.local/lib/python3.7/site-packages/airflow/example_dags/example_xcom.py
[2026-09-30T20:31:16.852+0000] {logging_mixin.py:137} INFO - [2026-09-30T20:31:16.852+0000] {dag.py:2676} INFO - Sync 1 DAGs
[2026-09-30T20:31:16.899+0000] {logging_mixin.py:137} INFO - [2026-09-30T20:31:16.898+0000] {dag.py:3427} INFO - Setting next_dagrun for example_xcom to 2021-01-01T00:00:00+00:00, run_after=2021-01-01T00:00:00+00:00
[2026-09-30T20:31:16.931+0000] {processor.py:175} INFO - Processing /home/airflow/.local/lib/python3.7/site-packages/airflow/example_dags/example_xcom.py took 0.206 seconds
[2026-09-30T20:31:47.836+0000] {processor.py:153} INFO - Started process (PID=13585) to work on /home/airflow/.local/lib/python3.7/site-packages/airflow/example_dags/example_xcom.py
[2026-09-30T20:31:47.837+0000] {processor.py:743} INFO - Processing file /home/airflow/.local/lib/python3.7/site-packages/airflow/example_dags/example_xcom.py for tasks to queue
[2026-09-30T20:31:47.837+0000] {logging_mixin.py:137} INFO - [2026-09-30T20:31:47.837+0000] {dagbag.py:538} INFO - Filling up the DagBag from /home/airflow/.local/lib/python3.7/site-packages/airflow/example_dags/example_xcom.py
[2026-09-30T20:31:47.868+0000] {processor.py:753} INFO - DAG(s) dict_keys(['example_xcom']) retrieved from /home/airflow/.local/lib/python3.7/site-packages/airflow/example_dags/example_xcom.py
[2026-09-30T20:31:47.927+0000] {logging_mixin.py:137} INFO - [2026-09-30T20:31:47.927+0000] {dag.py:2676} INFO - Sync 1 DAGs
[2026-09-30T20:31:47.960+0000] {logging_mixin.py:137} INFO - [2026-09-30T20:31:47.960+0000] {dag.py:3427} INFO - Setting next_dagrun for example_xcom to 2021-01-01T00:00:00+00:00, run_after=2021-01-01T00:00:00+00:00
[2026-09-30T20:31:47.980+0000] {processor.py:175} INFO - Processing /home/airflow/.local/lib/python3.7/site-packages/airflow/example_dags/example_xcom.py took 0.148 seconds
[2026-09-30T20:32:18.997+0000] {processor.py:153} INFO - Started process (PID=13671) to work on /home/airflow/.local/lib/python3.7/site-packages/airflow/example_dags/example_xcom.py
[2026-09-30T20:32:18.998+0000] {processor.py:743} INFO - Processing file /home/airflow/.local/lib/python3.7/site-packages/airflow/example_dags/example_xcom.py for tasks to queue
[2026-09-30T20:32:18.999+0000] {logging_mixin.py:137} INFO - [2026-09-30T20:32:18.999+0000] {dagbag.py:538} INFO - Filling up the DagBag from /home/airflow/.local/lib/python3.7/site-packages/airflow/example_dags/example_xcom.py
[2026-09-30T20:32:19.039+0000] {processor.py:753} INFO - DAG(s) dict_keys(['example_xcom']) retrieved from /home/airflow/.local/lib/python3.7/site-packages/airflow/example_dags/example_xcom.py
[2026-09-30T20:32:19.104+0000] {logging_mixin.py:137} INFO - [2026-09-30T20:32:19.104+0000] {dag.py:2676} INFO - Sync 1 DAGs
[2026-09-30T20:32:19.159+0000] {logging_mixin.py:137} INFO - [2026-09-30T20:32:19.158+0000] {dag.py:3427} INFO - Setting next_dagrun for example_xcom to 2021-01-01T00:00:00+00:00, run_after=2021-01-01T00:00:00+00:00
[2026-09-30T20:32:19.190+0000] {processor.py:175} INFO - Processing /home/airflow/.local/lib/python3.7/site-packages/airflow/example_dags/example_xcom.py took 0.199 seconds
[2026-09-30T20:32:50.172+0000] {processor.py:153} INFO - Started process (PID=13763) to work on /home/airflow/.local/lib/python3.7/site-packages/airflow/example_dags/example_xcom.py
[2026-09-30T20:32:50.175+0000] {processor.py:743} INFO - Processing file /home/airflow/.local/lib/python3.7/site-packages/airflow/example_dags/example_xcom.py for tasks to queue
[2026-09-30T20:32:50.177+0000] {logging_mixin.py:137} INFO - [2026-09-30T20:32:50.176+0000] {dagbag.py:538} INFO - Filling up the DagBag from /home/airflow/.local/lib/python3.7/site-packages/airflow/example_dags/example_xcom.py
[2026-09-30T20:32:50.226+0000] {processor.py:753} INFO - DAG(s) dict_keys(['example_xcom']) retrieved from /home/airflow/.local/lib/python3.7/site-packages/airflow/example_dags/example_xcom.py
[2026-09-30T20:32:50.290+0000] {logging_mixin.py:137} INFO - [2026-09-30T20:32:50.290+0000] {dag.py:2676} INFO - Sync 1 DAGs
[2026-09-30T20:32:50.326+0000] {logging_mixin.py:137} INFO - [2026-09-30T20:32:50.326+0000] {dag.py:3427} INFO - Setting next_dagrun for example_xcom to 2021-01-01T00:00:00+00:00, run_after=2021-01-01T00:00:00+00:00
[2026-09-30T20:32:50.345+0000] {processor.py:175} INFO - Processing /home/airflow/.local/lib/python3.7/site-packages/airflow/example_dags/example_xcom.py took 0.179 seconds
[2026-09-30T20:33:20.511+0000] {processor.py:153} INFO - Started process (PID=13842) to work on /home/airflow/.local/lib/python3.7/site-packages/airflow/example_dags/example_xcom.py
[2026-09-30T20:33:20.513+0000] {processor.py:743} INFO - Processing file /home/airflow/.local/lib/python3.7/site-packages/airflow/example_dags/example_xcom.py for tasks to queue
[2026-09-30T20:33:20.514+0000] {logging_mixin.py:137} INFO - [2026-09-30T20:33:20.513+0000] {dagbag.py:538} INFO - Filling up the DagBag from /home/airflow/.local/lib/python3.7/site-packages/airflow/example_dags/example_xcom.py
[2026-09-30T20:33:20.561+0000] {processor.py:753} INFO - DAG(s) dict_keys(['example_xcom']) retrieved from /home/airflow/.local/lib/python3.7/site-packages/airflow/example_dags/example_xcom.py
[2026-09-30T20:33:20.628+0000] {logging_mixin.py:137} INFO - [2026-09-30T20:33:20.628+0000] {dag.py:2676} INFO - Sync 1 DAGs
[2026-09-30T20:33:20.666+0000] {logging_mixin.py:137} INFO - [2026-09-30T20:33:20.666+0000] {dag.py:3427} INFO - Setting next_dagrun for example_xcom to 2021-01-01T00:00:00+00:00, run_after=2021-01-01T00:00:00+00:00
[2026-09-30T20:33:20.686+0000] {processor.py:175} INFO - Processing /home/airflow/.local/lib/python3.7/site-packages/airflow/example_dags/example_xcom.py took 0.181 seconds
[2026-09-30T20:33:50.753+0000] {processor.py:153} INFO - Started process (PID=13921) to work on /home/airflow/.local/lib/python3.7/site-packages/airflow/example_dags/example_xcom.py
[2026-09-30T20:33:50.754+0000] {processor.py:743} INFO - Processing file /home/airflow/.local/lib/python3.7/site-packages/airflow/example_dags/example_xcom.py for tasks to queue
[2026-09-30T20:33:50.755+0000] {logging_mixin.py:137} INFO - [2026-09-30T20:33:50.754+0000] {dagbag.py:538} INFO - Filling up the DagBag from /home/airflow/.local/lib/python3.7/site-packages/airflow/example_dags/example_xcom.py
[2026-09-30T20:33:50.789+0000] {processor.py:753} INFO - DAG(s) dict_keys(['example_xcom']) retrieved from /home/airflow/.local/lib/python3.7/site-packages/airflow/example_dags/example_xcom.py
[2026-09-30T20:33:50.847+0000] {logging_mixin.py:137} INFO - [2026-09-30T20:33:50.847+0000] {dag.py:2676} INFO - Sync 1 DAGs
[2026-09-30T20:33:50.881+0000] {logging_mixin.py:137} INFO - [2026-09-30T20:33:50.881+0000] {dag.py:3427} INFO - Setting next_dagrun for example_xcom to 2021-01-01T00:00:00+00:00, run_after=2021-01-01T00:00:00+00:00
[2026-09-30T20:33:50.902+0000] {processor.py:175} INFO - Processing /home/airflow/.local/lib/python3.7/site-packages/airflow/example_dags/example_xcom.py took 0.153 seconds
[2026-09-30T20:34:20.982+0000] {processor.py:153} INFO - Started process (PID=14020) to work on /home/airflow/.local/lib/python3.7/site-packages/airflow/example_dags/example_xcom.py
[2026-09-30T20:34:20.984+0000] {processor.py:743} INFO - Processing file /home/airflow/.local/lib/python3.7/site-packages/airflow/example_dags/example_xcom.py for tasks to queue
[2026-09-30T20:34:20.985+0000] {logging_mixin.py:137} INFO - [2026-09-30T20:34:20.984+0000] {dagbag.py:538} INFO - Filling up the DagBag from /home/airflow/.local/lib/python3.7/site-packages/airflow/example_dags/example_xcom.py
[2026-09-30T20:34:21.023+0000] {processor.py:753} INFO - DAG(s) dict_keys(['example_xcom']) retrieved from /home/airflow/.local/lib/python3.7/site-packages/airflow/example_dags/example_xcom.py
[2026-09-30T20:34:21.079+0000] {logging_mixin.py:137} INFO - [2026-09-30T20:34:21.078+0000] {dag.py:2676} INFO - Sync 1 DAGs
[2026-09-30T20:34:21.111+0000] {logging_mixin.py:137} INFO - [2026-09-30T20:34:21.111+0000] {dag.py:3427} INFO - Setting next_dagrun for example_xcom to 2021-01-01T00:00:00+00:00, run_after=2021-01-01T00:00:00+00:00
[2026-09-30T20:34:21.135+0000] {processor.py:175} INFO - Processing /home/airflow/.local/lib/python3.7/site-packages/airflow/example_dags/example_xcom.py took 0.158 seconds
[2026-09-30T20:34:52.102+0000] {processor.py:153} INFO - Started process (PID=14099) to work on /home/airflow/.local/lib/python3.7/site-packages/airflow/example_dags/example_xcom.py
[2026-09-30T20:34:52.103+0000] {processor.py:743} INFO - Processing file /home/airflow/.local/lib/python3.7/site-packages/airflow/example_dags/example_xcom.py for tasks to queue
[2026-09-30T20:34:52.104+0000] {logging_mixin.py:137} INFO - [2026-09-30T20:34:52.104+0000] {dagbag.py:538} INFO - Filling up the DagBag from /home/airflow/.local/lib/python3.7/site-packages/airflow/example_dags/example_xcom.py
[2026-09-30T20:34:52.136+0000] {processor.py:753} INFO - DAG(s) dict_keys(['example_xcom']) retrieved from /home/airflow/.local/lib/python3.7/site-packages/airflow/example_dags/example_xcom.py
[2026-09-30T20:34:52.188+0000] {logging_mixin.py:137} INFO - [2026-09-30T20:34:52.188+0000] {dag.py:2676} INFO - Sync 1 DAGs
[2026-09-30T20:34:52.220+0000] {logging_mixin.py:137} INFO - [2026-09-30T20:34:52.220+0000] {dag.py:3427} INFO - Setting next_dagrun for example_xcom to 2021-01-01T00:00:00+00:00, run_after=2021-01-01T00:00:00+00:00
[2026-09-30T20:34:52.245+0000] {processor.py:175} INFO - Processing /home/airflow/.local/lib/python3.7/site-packages/airflow/example_dags/example_xcom.py took 0.146 seconds
[2026-09-30T20:35:22.839+0000] {processor.py:153} INFO - Started process (PID=14178) to work on /home/airflow/.local/lib/python3.7/site-packages/airflow/example_dags/example_xcom.py
[2026-09-30T20:35:22.840+0000] {processor.py:743} INFO - Processing file /home/airflow/.local/lib/python3.7/site-packages/airflow/example_dags/example_xcom.py for tasks to queue
[2026-09-30T20:35:22.842+0000] {logging_mixin.py:137} INFO - [2026-09-30T20:35:22.841+0000] {dagbag.py:538} INFO - Filling up the DagBag from /home/airflow/.local/lib/python3.7/site-packages/airflow/example_dags/example_xcom.py
[2026-09-30T20:35:22.882+0000] {processor.py:753} INFO - DAG(s) dict_keys(['example_xcom']) retrieved from /home/airflow/.local/lib/python3.7/site-packages/airflow/example_dags/example_xcom.py
[2026-09-30T20:35:22.936+0000] {logging_mixin.py:137} INFO - [2026-09-30T20:35:22.936+0000] {dag.py:2676} INFO - Sync 1 DAGs
[2026-09-30T20:35:22.967+0000] {logging_mixin.py:137} INFO - [2026-09-30T20:35:22.967+0000] {dag.py:3427} INFO - Setting next_dagrun for example_xcom to 2021-01-01T00:00:00+00:00, run_after=2021-01-01T00:00:00+00:00
[2026-09-30T20:35:22.998+0000] {processor.py:175} INFO - Processing /home/airflow/.local/lib/python3.7/site-packages/airflow/example_dags/example_xcom.py took 0.162 seconds
[2026-09-30T20:35:53.439+0000] {processor.py:153} INFO - Started process (PID=14277) to work on /home/airflow/.local/lib/python3.7/site-packages/airflow/example_dags/example_xcom.py
[2026-09-30T20:35:53.440+0000] {processor.py:743} INFO - Processing file /home/airflow/.local/lib/python3.7/site-packages/airflow/example_dags/example_xcom.py for tasks to queue
[2026-09-30T20:35:53.441+0000] {logging_mixin.py:137} INFO - [2026-09-30T20:35:53.441+0000] {dagbag.py:538} INFO - Filling up the DagBag from /home/airflow/.local/lib/python3.7/site-packages/airflow/example_dags/example_xcom.py
[2026-09-30T20:35:53.484+0000] {processor.py:753} INFO - DAG(s) dict_keys(['example_xcom']) retrieved from /home/airflow/.local/lib/python3.7/site-packages/airflow/example_dags/example_xcom.py
[2026-09-30T20:35:53.554+0000] {logging_mixin.py:137} INFO - [2026-09-30T20:35:53.554+0000] {dag.py:2676} INFO - Sync 1 DAGs
[2026-09-30T20:35:53.589+0000] {logging_mixin.py:137} INFO - [2026-09-30T20:35:53.589+0000] {dag.py:3427} INFO - Setting next_dagrun for example_xcom to 2021-01-01T00:00:00+00:00, run_after=2021-01-01T00:00:00+00:00
[2026-09-30T20:35:53.611+0000] {processor.py:175} INFO - Processing /home/airflow/.local/lib/python3.7/site-packages/airflow/example_dags/example_xcom.py took 0.177 seconds
[2026-09-30T20:36:24.123+0000] {processor.py:153} INFO - Started process (PID=14356) to work on /home/airflow/.local/lib/python3.7/site-packages/airflow/example_dags/example_xcom.py
[2026-09-30T20:36:24.124+0000] {processor.py:743} INFO - Processing file /home/airflow/.local/lib/python3.7/site-packages/airflow/example_dags/example_xcom.py for tasks to queue
[2026-09-30T20:36:24.124+0000] {logging_mixin.py:137} INFO - [2026-09-30T20:36:24.124+0000] {dagbag.py:538} INFO - Filling up the DagBag from /home/airflow/.local/lib/python3.7/site-packages/airflow/example_dags/example_xcom.py
[2026-09-30T20:36:24.164+0000] {processor.py:753} INFO - DAG(s) dict_keys(['example_xcom']) retrieved from /home/airflow/.local/lib/python3.7/site-packages/airflow/example_dags/example_xcom.py
[2026-09-30T20:36:24.219+0000] {logging_mixin.py:137} INFO - [2026-09-30T20:36:24.219+0000] {dag.py:2676} INFO - Sync 1 DAGs
[2026-09-30T20:36:24.253+0000] {logging_mixin.py:137} INFO - [2026-09-30T20:36:24.253+0000] {dag.py:3427} INFO - Setting next_dagrun for example_xcom to 2021-01-01T00:00:00+00:00, run_after=2021-01-01T00:00:00+00:00
[2026-09-30T20:36:24.279+0000] {processor.py:175} INFO - Processing /home/airflow/.local/lib/python3.7/site-packages/airflow/example_dags/example_xcom.py took 0.161 seconds
[2026-09-30T20:36:55.074+0000] {processor.py:153} INFO - Started process (PID=14435) to work on /home/airflow/.local/lib/python3.7/site-packages/airflow/example_dags/example_xcom.py
[2026-09-30T20:36:55.076+0000] {processor.py:743} INFO - Processing file /home/airflow/.local/lib/python3.7/site-packages/airflow/example_dags/example_xcom.py for tasks to queue
[2026-09-30T20:36:55.077+0000] {logging_mixin.py:137} INFO - [2026-09-30T20:36:55.077+0000] {dagbag.py:538} INFO - Filling up the DagBag from /home/airflow/.local/lib/python3.7/site-packages/airflow/example_dags/example_xcom.py
[2026-09-30T20:36:55.123+0000] {processor.py:753} INFO - DAG(s) dict_keys(['example_xcom']) retrieved from /home/airflow/.local/lib/python3.7/site-packages/airflow/example_dags/example_xcom.py
[2026-09-30T20:36:55.186+0000] {logging_mixin.py:137} INFO - [2026-09-30T20:36:55.185+0000] {dag.py:2676} INFO - Sync 1 DAGs
[2026-09-30T20:36:55.232+0000] {logging_mixin.py:137} INFO - [2026-09-30T20:36:55.232+0000] {dag.py:3427} INFO - Setting next_dagrun for example_xcom to 2021-01-01T00:00:00+00:00, run_after=2021-01-01T00:00:00+00:00
[2026-09-30T20:36:55.257+0000] {processor.py:175} INFO - Processing /home/airflow/.local/lib/python3.7/site-packages/airflow/example_dags/example_xcom.py took 0.189 seconds
[2026-09-30T20:37:25.353+0000] {processor.py:153} INFO - Started process (PID=14514) to work on /home/airflow/.local/lib/python3.7/site-packages/airflow/example_dags/example_xcom.py
[2026-09-30T20:37:25.354+0000] {processor.py:743} INFO - Processing file /home/airflow/.local/lib/python3.7/site-packages/airflow/example_dags/example_xcom.py for tasks to queue
[2026-09-30T20:37:25.355+0000] {logging_mixin.py:137} INFO - [2026-09-30T20:37:25.355+0000] {dagbag.py:538} INFO - Filling up the DagBag from /home/airflow/.local/lib/python3.7/site-packages/airflow/example_dags/example_xcom.py
[2026-09-30T20:37:25.401+0000] {processor.py:753} INFO - DAG(s) dict_keys(['example_xcom']) retrieved from /home/airflow/.local/lib/python3.7/site-packages/airflow/example_dags/example_xcom.py
[2026-09-30T20:37:25.450+0000] {logging_mixin.py:137} INFO - [2026-09-30T20:37:25.450+0000] {dag.py:2676} INFO - Sync 1 DAGs
[2026-09-30T20:37:25.481+0000] {logging_mixin.py:137} INFO - [2026-09-30T20:37:25.481+0000] {dag.py:3427} INFO - Setting next_dagrun for example_xcom to 2021-01-01T00:00:00+00:00, run_after=2021-01-01T00:00:00+00:00
[2026-09-30T20:37:25.502+0000] {processor.py:175} INFO - Processing /home/airflow/.local/lib/python3.7/site-packages/airflow/example_dags/example_xcom.py took 0.155 seconds
[2026-09-30T20:37:56.285+0000] {processor.py:153} INFO - Started process (PID=14613) to work on /home/airflow/.local/lib/python3.7/site-packages/airflow/example_dags/example_xcom.py
[2026-09-30T20:37:56.286+0000] {processor.py:743} INFO - Processing file /home/airflow/.local/lib/python3.7/site-packages/airflow/example_dags/example_xcom.py for tasks to queue
[2026-09-30T20:37:56.287+0000] {logging_mixin.py:137} INFO - [2026-09-30T20:37:56.287+0000] {dagbag.py:538} INFO - Filling up the DagBag from /home/airflow/.local/lib/python3.7/site-packages/airflow/example_dags/example_xcom.py
[2026-09-30T20:37:56.332+0000] {processor.py:753} INFO - DAG(s) dict_keys(['example_xcom']) retrieved from /home/airflow/.local/lib/python3.7/site-packages/airflow/example_dags/example_xcom.py
[2026-09-30T20:37:56.391+0000] {logging_mixin.py:137} INFO - [2026-09-30T20:37:56.391+0000] {dag.py:2676} INFO - Sync 1 DAGs
[2026-09-30T20:37:56.427+0000] {logging_mixin.py:137} INFO - [2026-09-30T20:37:56.427+0000] {dag.py:3427} INFO - Setting next_dagrun for example_xcom to 2021-01-01T00:00:00+00:00, run_after=2021-01-01T00:00:00+00:00
[2026-09-30T20:37:56.450+0000] {processor.py:175} INFO - Processing /home/airflow/.local/lib/python3.7/site-packages/airflow/example_dags/example_xcom.py took 0.169 seconds
[2026-09-30T20:38:26.724+0000] {processor.py:153} INFO - Started process (PID=14692) to work on /home/airflow/.local/lib/python3.7/site-packages/airflow/example_dags/example_xcom.py
[2026-09-30T20:38:26.725+0000] {processor.py:743} INFO - Processing file /home/airflow/.local/lib/python3.7/site-packages/airflow/example_dags/example_xcom.py for tasks to queue
[2026-09-30T20:38:26.726+0000] {logging_mixin.py:137} INFO - [2026-09-30T20:38:26.726+0000] {dagbag.py:538} INFO - Filling up the DagBag from /home/airflow/.local/lib/python3.7/site-packages/airflow/example_dags/example_xcom.py
[2026-09-30T20:38:26.763+0000] {processor.py:753} INFO - DAG(s) dict_keys(['example_xcom']) retrieved from /home/airflow/.local/lib/python3.7/site-packages/airflow/example_dags/example_xcom.py
[2026-09-30T20:38:26.820+0000] {logging_mixin.py:137} INFO - [2026-09-30T20:38:26.820+0000] {dag.py:2676} INFO - Sync 1 DAGs
[2026-09-30T20:38:26.858+0000] {logging_mixin.py:137} INFO - [2026-09-30T20:38:26.857+0000] {dag.py:3427} INFO - Setting next_dagrun for example_xcom to 2021-01-01T00:00:00+00:00, run_after=2021-01-01T00:00:00+00:00
[2026-09-30T20:38:26.883+0000] {processor.py:175} INFO - Processing /home/airflow/.local/lib/python3.7/site-packages/airflow/example_dags/example_xcom.py took 0.164 seconds
[2026-09-30T20:38:56.928+0000] {processor.py:153} INFO - Started process (PID=14771) to work on /home/airflow/.local/lib/python3.7/site-packages/airflow/example_dags/example_xcom.py
[2026-09-30T20:38:56.929+0000] {processor.py:743} INFO - Processing file /home/airflow/.local/lib/python3.7/site-packages/airflow/example_dags/example_xcom.py for tasks to queue
[2026-09-30T20:38:56.930+0000] {logging_mixin.py:137} INFO - [2026-09-30T20:38:56.930+0000] {dagbag.py:538} INFO - Filling up the DagBag from /home/airflow/.local/lib/python3.7/site-packages/airflow/example_dags/example_xcom.py
[2026-09-30T20:38:56.962+0000] {processor.py:753} INFO - DAG(s) dict_keys(['example_xcom']) retrieved from /home/airflow/.local/lib/python3.7/site-packages/airflow/example_dags/example_xcom.py
[2026-09-30T20:38:57.027+0000] {logging_mixin.py:137} INFO - [2026-09-30T20:38:57.027+0000] {dag.py:2676} INFO - Sync 1 DAGs
[2026-09-30T20:38:57.074+0000] {logging_mixin.py:137} INFO - [2026-09-30T20:38:57.074+0000] {dag.py:3427} INFO - Setting next_dagrun for example_xcom to 2021-01-01T00:00:00+00:00, run_after=2021-01-01T00:00:00+00:00
[2026-09-30T20:38:57.105+0000] {processor.py:175} INFO - Processing /home/airflow/.local/lib/python3.7/site-packages/airflow/example_dags/example_xcom.py took 0.181 seconds
[2026-09-30T20:39:27.373+0000] {processor.py:153} INFO - Started process (PID=14850) to work on /home/airflow/.local/lib/python3.7/site-packages/airflow/example_dags/example_xcom.py
[2026-09-30T20:39:27.374+0000] {processor.py:743} INFO - Processing file /home/airflow/.local/lib/python3.7/site-packages/airflow/example_dags/example_xcom.py for tasks to queue
[2026-09-30T20:39:27.375+0000] {logging_mixin.py:137} INFO - [2026-09-30T20:39:27.375+0000] {dagbag.py:538} INFO - Filling up the DagBag from /home/airflow/.local/lib/python3.7/site-packages/airflow/example_dags/example_xcom.py
[2026-09-30T20:39:27.409+0000] {processor.py:753} INFO - DAG(s) dict_keys(['example_xcom']) retrieved from /home/airflow/.local/lib/python3.7/site-packages/airflow/example_dags/example_xcom.py
[2026-09-30T20:39:27.462+0000] {logging_mixin.py:137} INFO - [2026-09-30T20:39:27.462+0000] {dag.py:2676} INFO - Sync 1 DAGs
[2026-09-30T20:39:27.498+0000] {logging_mixin.py:137} INFO - [2026-09-30T20:39:27.498+0000] {dag.py:3427} INFO - Setting next_dagrun for example_xcom to 2021-01-01T00:00:00+00:00, run_after=2021-01-01T00:00:00+00:00
[2026-09-30T20:39:27.527+0000] {processor.py:175} INFO - Processing /home/airflow/.local/lib/python3.7/site-packages/airflow/example_dags/example_xcom.py took 0.158 seconds
[2026-09-30T20:39:57.902+0000] {processor.py:153} INFO - Started process (PID=14938) to work on /home/airflow/.local/lib/python3.7/site-packages/airflow/example_dags/example_xcom.py
[2026-09-30T20:39:57.903+0000] {processor.py:743} INFO - Processing file /home/airflow/.local/lib/python3.7/site-packages/airflow/example_dags/example_xcom.py for tasks to queue
[2026-09-30T20:39:57.904+0000] {logging_mixin.py:137} INFO - [2026-09-30T20:39:57.904+0000] {dagbag.py:538} INFO - Filling up the DagBag from /home/airflow/.local/lib/python3.7/site-packages/airflow/example_dags/example_xcom.py
[2026-09-30T20:39:57.934+0000] {processor.py:753} INFO - DAG(s) dict_keys(['example_xcom']) retrieved from /home/airflow/.local/lib/python3.7/site-packages/airflow/example_dags/example_xcom.py
[2026-09-30T20:39:57.982+0000] {logging_mixin.py:137} INFO - [2026-09-30T20:39:57.981+0000] {dag.py:2676} INFO - Sync 1 DAGs
[2026-09-30T20:39:58.016+0000] {logging_mixin.py:137} INFO - [2026-09-30T20:39:58.016+0000] {dag.py:3427} INFO - Setting next_dagrun for example_xcom to 2021-01-01T00:00:00+00:00, run_after=2021-01-01T00:00:00+00:00
[2026-09-30T20:39:58.047+0000] {processor.py:175} INFO - Processing /home/airflow/.local/lib/python3.7/site-packages/airflow/example_dags/example_xcom.py took 0.149 seconds
[2026-09-30T20:40:28.438+0000] {processor.py:153} INFO - Started process (PID=15028) to work on /home/airflow/.local/lib/python3.7/site-packages/airflow/example_dags/example_xcom.py
[2026-09-30T20:40:28.439+0000] {processor.py:743} INFO - Processing file /home/airflow/.local/lib/python3.7/site-packages/airflow/example_dags/example_xcom.py for tasks to queue
[2026-09-30T20:40:28.440+0000] {logging_mixin.py:137} INFO - [2026-09-30T20:40:28.440+0000] {dagbag.py:538} INFO - Filling up the DagBag from /home/airflow/.local/lib/python3.7/site-packages/airflow/example_dags/example_xcom.py
[2026-09-30T20:40:28.476+0000] {processor.py:753} INFO - DAG(s) dict_keys(['example_xcom']) retrieved from /home/airflow/.local/lib/python3.7/site-packages/airflow/example_dags/example_xcom.py
[2026-09-30T20:40:28.528+0000] {logging_mixin.py:137} INFO - [2026-09-30T20:40:28.528+0000] {dag.py:2676} INFO - Sync 1 DAGs
[2026-09-30T20:40:28.559+0000] {logging_mixin.py:137} INFO - [2026-09-30T20:40:28.559+0000] {dag.py:3427} INFO - Setting next_dagrun for example_xcom to 2021-01-01T00:00:00+00:00, run_after=2021-01-01T00:00:00+00:00
[2026-09-30T20:40:28.582+0000] {processor.py:175} INFO - Processing /home/airflow/.local/lib/python3.7/site-packages/airflow/example_dags/example_xcom.py took 0.148 seconds
[2026-09-30T20:40:59.081+0000] {processor.py:153} INFO - Started process (PID=15108) to work on /home/airflow/.local/lib/python3.7/site-packages/airflow/example_dags/example_xcom.py
[2026-09-30T20:40:59.082+0000] {processor.py:743} INFO - Processing file /home/airflow/.local/lib/python3.7/site-packages/airflow/example_dags/example_xcom.py for tasks to queue
[2026-09-30T20:40:59.082+0000] {logging_mixin.py:137} INFO - [2026-09-30T20:40:59.082+0000] {dagbag.py:538} INFO - Filling up the DagBag from /home/airflow/.local/lib/python3.7/site-packages/airflow/example_dags/example_xcom.py
[2026-09-30T20:40:59.120+0000] {processor.py:753} INFO - DAG(s) dict_keys(['example_xcom']) retrieved from /home/airflow/.local/lib/python3.7/site-packages/airflow/example_dags/example_xcom.py
[2026-09-30T20:40:59.183+0000] {logging_mixin.py:137} INFO - [2026-09-30T20:40:59.183+0000] {dag.py:2676} INFO - Sync 1 DAGs
[2026-09-30T20:40:59.221+0000] {logging_mixin.py:137} INFO - [2026-09-30T20:40:59.221+0000] {dag.py:3427} INFO - Setting next_dagrun for example_xcom to 2021-01-01T00:00:00+00:00, run_after=2021-01-01T00:00:00+00:00
[2026-09-30T20:40:59.254+0000] {processor.py:175} INFO - Processing /home/airflow/.local/lib/python3.7/site-packages/airflow/example_dags/example_xcom.py took 0.177 seconds
[2026-09-30T20:41:29.415+0000] {processor.py:153} INFO - Started process (PID=15187) to work on /home/airflow/.local/lib/python3.7/site-packages/airflow/example_dags/example_xcom.py
[2026-09-30T20:41:29.416+0000] {processor.py:743} INFO - Processing file /home/airflow/.local/lib/python3.7/site-packages/airflow/example_dags/example_xcom.py for tasks to queue
[2026-09-30T20:41:29.416+0000] {logging_mixin.py:137} INFO - [2026-09-30T20:41:29.416+0000] {dagbag.py:538} INFO - Filling up the DagBag from /home/airflow/.local/lib/python3.7/site-packages/airflow/example_dags/example_xcom.py
[2026-09-30T20:41:29.448+0000] {processor.py:753} INFO - DAG(s) dict_keys(['example_xcom']) retrieved from /home/airflow/.local/lib/python3.7/site-packages/airflow/example_dags/example_xcom.py
[2026-09-30T20:41:29.513+0000] {logging_mixin.py:137} INFO - [2026-09-30T20:41:29.512+0000] {dag.py:2676} INFO - Sync 1 DAGs
[2026-09-30T20:41:29.553+0000] {logging_mixin.py:137} INFO - [2026-09-30T20:41:29.553+0000] {dag.py:3427} INFO - Setting next_dagrun for example_xcom to 2021-01-01T00:00:00+00:00, run_after=2021-01-01T00:00:00+00:00
[2026-09-30T20:41:29.582+0000] {processor.py:175} INFO - Processing /home/airflow/.local/lib/python3.7/site-packages/airflow/example_dags/example_xcom.py took 0.171 seconds
[2026-09-30T20:42:00.259+0000] {processor.py:153} INFO - Started process (PID=15266) to work on /home/airflow/.local/lib/python3.7/site-packages/airflow/example_dags/example_xcom.py
[2026-09-30T20:42:00.260+0000] {processor.py:743} INFO - Processing file /home/airflow/.local/lib/python3.7/site-packages/airflow/example_dags/example_xcom.py for tasks to queue
[2026-09-30T20:42:00.260+0000] {logging_mixin.py:137} INFO - [2026-09-30T20:42:00.260+0000] {dagbag.py:538} INFO - Filling up the DagBag from /home/airflow/.local/lib/python3.7/site-packages/airflow/example_dags/example_xcom.py
[2026-09-30T20:42:00.298+0000] {processor.py:753} INFO - DAG(s) dict_keys(['example_xcom']) retrieved from /home/airflow/.local/lib/python3.7/site-packages/airflow/example_dags/example_xcom.py
[2026-09-30T20:42:00.353+0000] {logging_mixin.py:137} INFO - [2026-09-30T20:42:00.353+0000] {dag.py:2676} INFO - Sync 1 DAGs
[2026-09-30T20:42:00.403+0000] {logging_mixin.py:137} INFO - [2026-09-30T20:42:00.403+0000] {dag.py:3427} INFO - Setting next_dagrun for example_xcom to 2021-01-01T00:00:00+00:00, run_after=2021-01-01T00:00:00+00:00
[2026-09-30T20:42:00.435+0000] {processor.py:175} INFO - Processing /home/airflow/.local/lib/python3.7/site-packages/airflow/example_dags/example_xcom.py took 0.180 seconds
[2026-09-30T20:42:30.957+0000] {processor.py:153} INFO - Started process (PID=15365) to work on /home/airflow/.local/lib/python3.7/site-packages/airflow/example_dags/example_xcom.py
[2026-09-30T20:42:30.959+0000] {processor.py:743} INFO - Processing file /home/airflow/.local/lib/python3.7/site-packages/airflow/example_dags/example_xcom.py for tasks to queue
[2026-09-30T20:42:30.959+0000] {logging_mixin.py:137} INFO - [2026-09-30T20:42:30.959+0000] {dagbag.py:538} INFO - Filling up the DagBag from /home/airflow/.local/lib/python3.7/site-packages/airflow/example_dags/example_xcom.py
[2026-09-30T20:42:30.994+0000] {processor.py:753} INFO - DAG(s) dict_keys(['example_xcom']) retrieved from /home/airflow/.local/lib/python3.7/site-packages/airflow/example_dags/example_xcom.py
[2026-09-30T20:42:31.047+0000] {logging_mixin.py:137} INFO - [2026-09-30T20:42:31.047+0000] {dag.py:2676} INFO - Sync 1 DAGs
[2026-09-30T20:42:31.089+0000] {logging_mixin.py:137} INFO - [2026-09-30T20:42:31.089+0000] {dag.py:3427} INFO - Setting next_dagrun for example_xcom to 2021-01-01T00:00:00+00:00, run_after=2021-01-01T00:00:00+00:00
[2026-09-30T20:42:31.109+0000] {processor.py:175} INFO - Processing /home/airflow/.local/lib/python3.7/site-packages/airflow/example_dags/example_xcom.py took 0.155 seconds
[2026-09-30T20:43:01.772+0000] {processor.py:153} INFO - Started process (PID=15444) to work on /home/airflow/.local/lib/python3.7/site-packages/airflow/example_dags/example_xcom.py
[2026-09-30T20:43:01.773+0000] {processor.py:743} INFO - Processing file /home/airflow/.local/lib/python3.7/site-packages/airflow/example_dags/example_xcom.py for tasks to queue
[2026-09-30T20:43:01.774+0000] {logging_mixin.py:137} INFO - [2026-09-30T20:43:01.774+0000] {dagbag.py:538} INFO - Filling up the DagBag from /home/airflow/.local/lib/python3.7/site-packages/airflow/example_dags/example_xcom.py
[2026-09-30T20:43:01.818+0000] {processor.py:753} INFO - DAG(s) dict_keys(['example_xcom']) retrieved from /home/airflow/.local/lib/python3.7/site-packages/airflow/example_dags/example_xcom.py
[2026-09-30T20:43:01.873+0000] {logging_mixin.py:137} INFO - [2026-09-30T20:43:01.873+0000] {dag.py:2676} INFO - Sync 1 DAGs
[2026-09-30T20:43:01.909+0000] {logging_mixin.py:137} INFO - [2026-09-30T20:43:01.909+0000] {dag.py:3427} INFO - Setting next_dagrun for example_xcom to 2021-01-01T00:00:00+00:00, run_after=2021-01-01T00:00:00+00:00
[2026-09-30T20:43:01.934+0000] {processor.py:175} INFO - Processing /home/airflow/.local/lib/python3.7/site-packages/airflow/example_dags/example_xcom.py took 0.168 seconds
[2026-09-30T20:43:32.978+0000] {processor.py:153} INFO - Started process (PID=15523) to work on /home/airflow/.local/lib/python3.7/site-packages/airflow/example_dags/example_xcom.py
[2026-09-30T20:43:32.980+0000] {processor.py:743} INFO - Processing file /home/airflow/.local/lib/python3.7/site-packages/airflow/example_dags/example_xcom.py for tasks to queue
[2026-09-30T20:43:32.980+0000] {logging_mixin.py:137} INFO - [2026-09-30T20:43:32.980+0000] {dagbag.py:538} INFO - Filling up the DagBag from /home/airflow/.local/lib/python3.7/site-packages/airflow/example_dags/example_xcom.py
[2026-09-30T20:43:33.014+0000] {processor.py:753} INFO - DAG(s) dict_keys(['example_xcom']) retrieved from /home/airflow/.local/lib/python3.7/site-packages/airflow/example_dags/example_xcom.py
[2026-09-30T20:43:33.069+0000] {logging_mixin.py:137} INFO - [2026-09-30T20:43:33.069+0000] {dag.py:2676} INFO - Sync 1 DAGs
[2026-09-30T20:43:33.117+0000] {logging_mixin.py:137} INFO - [2026-09-30T20:43:33.117+0000] {dag.py:3427} INFO - Setting next_dagrun for example_xcom to 2021-01-01T00:00:00+00:00, run_after=2021-01-01T00:00:00+00:00
[2026-09-30T20:43:33.144+0000] {processor.py:175} INFO - Processing /home/airflow/.local/lib/python3.7/site-packages/airflow/example_dags/example_xcom.py took 0.169 seconds
[2026-09-30T20:44:03.429+0000] {processor.py:153} INFO - Started process (PID=15611) to work on /home/airflow/.local/lib/python3.7/site-packages/airflow/example_dags/example_xcom.py
[2026-09-30T20:44:03.430+0000] {processor.py:743} INFO - Processing file /home/airflow/.local/lib/python3.7/site-packages/airflow/example_dags/example_xcom.py for tasks to queue
[2026-09-30T20:44:03.431+0000] {logging_mixin.py:137} INFO - [2026-09-30T20:44:03.431+0000] {dagbag.py:538} INFO - Filling up the DagBag from /home/airflow/.local/lib/python3.7/site-packages/airflow/example_dags/example_xcom.py
[2026-09-30T20:44:03.472+0000] {processor.py:753} INFO - DAG(s) dict_keys(['example_xcom']) retrieved from /home/airflow/.local/lib/python3.7/site-packages/airflow/example_dags/example_xcom.py
[2026-09-30T20:44:03.526+0000] {logging_mixin.py:137} INFO - [2026-09-30T20:44:03.526+0000] {dag.py:2676} INFO - Sync 1 DAGs
[2026-09-30T20:44:03.559+0000] {logging_mixin.py:137} INFO - [2026-09-30T20:44:03.559+0000] {dag.py:3427} INFO - Setting next_dagrun for example_xcom to 2021-01-01T00:00:00+00:00, run_after=2021-01-01T00:00:00+00:00
[2026-09-30T20:44:03.582+0000] {processor.py:175} INFO - Processing /home/airflow/.local/lib/python3.7/site-packages/airflow/example_dags/example_xcom.py took 0.158 seconds
[2026-09-30T20:44:33.720+0000] {processor.py:153} INFO - Started process (PID=15701) to work on /home/airflow/.local/lib/python3.7/site-packages/airflow/example_dags/example_xcom.py
[2026-09-30T20:44:33.721+0000] {processor.py:743} INFO - Processing file /home/airflow/.local/lib/python3.7/site-packages/airflow/example_dags/example_xcom.py for tasks to queue
[2026-09-30T20:44:33.721+0000] {logging_mixin.py:137} INFO - [2026-09-30T20:44:33.721+0000] {dagbag.py:538} INFO - Filling up the DagBag from /home/airflow/.local/lib/python3.7/site-packages/airflow/example_dags/example_xcom.py
[2026-09-30T20:44:33.754+0000] {processor.py:753} INFO - DAG(s) dict_keys(['example_xcom']) retrieved from /home/airflow/.local/lib/python3.7/site-packages/airflow/example_dags/example_xcom.py
[2026-09-30T20:44:33.816+0000] {logging_mixin.py:137} INFO - [2026-09-30T20:44:33.816+0000] {dag.py:2676} INFO - Sync 1 DAGs
[2026-09-30T20:44:33.859+0000] {logging_mixin.py:137} INFO - [2026-09-30T20:44:33.859+0000] {dag.py:3427} INFO - Setting next_dagrun for example_xcom to 2021-01-01T00:00:00+00:00, run_after=2021-01-01T00:00:00+00:00
[2026-09-30T20:44:33.889+0000] {processor.py:175} INFO - Processing /home/airflow/.local/lib/python3.7/site-packages/airflow/example_dags/example_xcom.py took 0.173 seconds
[2026-09-30T20:45:03.992+0000] {processor.py:153} INFO - Started process (PID=15780) to work on /home/airflow/.local/lib/python3.7/site-packages/airflow/example_dags/example_xcom.py
[2026-09-30T20:45:03.994+0000] {processor.py:743} INFO - Processing file /home/airflow/.local/lib/python3.7/site-packages/airflow/example_dags/example_xcom.py for tasks to queue
[2026-09-30T20:45:03.995+0000] {logging_mixin.py:137} INFO - [2026-09-30T20:45:03.995+0000] {dagbag.py:538} INFO - Filling up the DagBag from /home/airflow/.local/lib/python3.7/site-packages/airflow/example_dags/example_xcom.py
[2026-09-30T20:45:04.041+0000] {processor.py:753} INFO - DAG(s) dict_keys(['example_xcom']) retrieved from /home/airflow/.local/lib/python3.7/site-packages/airflow/example_dags/example_xcom.py
[2026-09-30T20:45:04.095+0000] {logging_mixin.py:137} INFO - [2026-09-30T20:45:04.095+0000] {dag.py:2676} INFO - Sync 1 DAGs
[2026-09-30T20:45:04.131+0000] {logging_mixin.py:137} INFO - [2026-09-30T20:45:04.130+0000] {dag.py:3427} INFO - Setting next_dagrun for example_xcom to 2021-01-01T00:00:00+00:00, run_after=2021-01-01T00:00:00+00:00
[2026-09-30T20:45:04.157+0000] {processor.py:175} INFO - Processing /home/airflow/.local/lib/python3.7/site-packages/airflow/example_dags/example_xcom.py took 0.171 seconds
[2026-09-30T20:45:34.725+0000] {processor.py:153} INFO - Started process (PID=15859) to work on /home/airflow/.local/lib/python3.7/site-packages/airflow/example_dags/example_xcom.py
[2026-09-30T20:45:34.727+0000] {processor.py:743} INFO - Processing file /home/airflow/.local/lib/python3.7/site-packages/airflow/example_dags/example_xcom.py for tasks to queue
[2026-09-30T20:45:34.728+0000] {logging_mixin.py:137} INFO - [2026-09-30T20:45:34.727+0000] {dagbag.py:538} INFO - Filling up the DagBag from /home/airflow/.local/lib/python3.7/site-packages/airflow/example_dags/example_xcom.py
[2026-09-30T20:45:34.762+0000] {processor.py:753} INFO - DAG(s) dict_keys(['example_xcom']) retrieved from /home/airflow/.local/lib/python3.7/site-packages/airflow/example_dags/example_xcom.py
[2026-09-30T20:45:34.813+0000] {logging_mixin.py:137} INFO - [2026-09-30T20:45:34.813+0000] {dag.py:2676} INFO - Sync 1 DAGs
[2026-09-30T20:45:34.849+0000] {logging_mixin.py:137} INFO - [2026-09-30T20:45:34.848+0000] {dag.py:3427} INFO - Setting next_dagrun for example_xcom to 2021-01-01T00:00:00+00:00, run_after=2021-01-01T00:00:00+00:00
[2026-09-30T20:45:34.875+0000] {processor.py:175} INFO - Processing /home/airflow/.local/lib/python3.7/site-packages/airflow/example_dags/example_xcom.py took 0.157 seconds
[2026-09-30T20:46:05.522+0000] {processor.py:153} INFO - Started process (PID=15938) to work on /home/airflow/.local/lib/python3.7/site-packages/airflow/example_dags/example_xcom.py
[2026-09-30T20:46:05.523+0000] {processor.py:743} INFO - Processing file /home/airflow/.local/lib/python3.7/site-packages/airflow/example_dags/example_xcom.py for tasks to queue
[2026-09-30T20:46:05.524+0000] {logging_mixin.py:137} INFO - [2026-09-30T20:46:05.524+0000] {dagbag.py:538} INFO - Filling up the DagBag from /home/airflow/.local/lib/python3.7/site-packages/airflow/example_dags/example_xcom.py
[2026-09-30T20:46:05.565+0000] {processor.py:753} INFO - DAG(s) dict_keys(['example_xcom']) retrieved from /home/airflow/.local/lib/python3.7/site-packages/airflow/example_dags/example_xcom.py
[2026-09-30T20:46:05.630+0000] {logging_mixin.py:137} INFO - [2026-09-30T20:46:05.630+0000] {dag.py:2676} INFO - Sync 1 DAGs
[2026-09-30T20:46:05.669+0000] {logging_mixin.py:137} INFO - [2026-09-30T20:46:05.669+0000] {dag.py:3427} INFO - Setting next_dagrun for example_xcom to 2021-01-01T00:00:00+00:00, run_after=2021-01-01T00:00:00+00:00
[2026-09-30T20:46:05.694+0000] {processor.py:175} INFO - Processing /home/airflow/.local/lib/python3.7/site-packages/airflow/example_dags/example_xcom.py took 0.179 seconds
[2026-09-30T20:46:36.271+0000] {processor.py:153} INFO - Started process (PID=16037) to work on /home/airflow/.local/lib/python3.7/site-packages/airflow/example_dags/example_xcom.py
[2026-09-30T20:46:36.272+0000] {processor.py:743} INFO - Processing file /home/airflow/.local/lib/python3.7/site-packages/airflow/example_dags/example_xcom.py for tasks to queue
[2026-09-30T20:46:36.273+0000] {logging_mixin.py:137} INFO - [2026-09-30T20:46:36.273+0000] {dagbag.py:538} INFO - Filling up the DagBag from /home/airflow/.local/lib/python3.7/site-packages/airflow/example_dags/example_xcom.py
[2026-09-30T20:46:36.308+0000] {processor.py:753} INFO - DAG(s) dict_keys(['example_xcom']) retrieved from /home/airflow/.local/lib/python3.7/site-packages/airflow/example_dags/example_xcom.py
[2026-09-30T20:46:36.361+0000] {logging_mixin.py:137} INFO - [2026-09-30T20:46:36.361+0000] {dag.py:2676} INFO - Sync 1 DAGs
[2026-09-30T20:46:36.411+0000] {logging_mixin.py:137} INFO - [2026-09-30T20:46:36.410+0000] {dag.py:3427} INFO - Setting next_dagrun for example_xcom to 2021-01-01T00:00:00+00:00, run_after=2021-01-01T00:00:00+00:00
[2026-09-30T20:46:36.432+0000] {processor.py:175} INFO - Processing /home/airflow/.local/lib/python3.7/site-packages/airflow/example_dags/example_xcom.py took 0.168 seconds
[2026-09-30T20:47:07.006+0000] {processor.py:153} INFO - Started process (PID=16116) to work on /home/airflow/.local/lib/python3.7/site-packages/airflow/example_dags/example_xcom.py
[2026-09-30T20:47:07.007+0000] {processor.py:743} INFO - Processing file /home/airflow/.local/lib/python3.7/site-packages/airflow/example_dags/example_xcom.py for tasks to queue
[2026-09-30T20:47:07.007+0000] {logging_mixin.py:137} INFO - [2026-09-30T20:47:07.007+0000] {dagbag.py:538} INFO - Filling up the DagBag from /home/airflow/.local/lib/python3.7/site-packages/airflow/example_dags/example_xcom.py
[2026-09-30T20:47:07.038+0000] {processor.py:753} INFO - DAG(s) dict_keys(['example_xcom']) retrieved from /home/airflow/.local/lib/python3.7/site-packages/airflow/example_dags/example_xcom.py
[2026-09-30T20:47:07.093+0000] {logging_mixin.py:137} INFO - [2026-09-30T20:47:07.093+0000] {dag.py:2676} INFO - Sync 1 DAGs
[2026-09-30T20:47:07.126+0000] {logging_mixin.py:137} INFO - [2026-09-30T20:47:07.126+0000] {dag.py:3427} INFO - Setting next_dagrun for example_xcom to 2021-01-01T00:00:00+00:00, run_after=2021-01-01T00:00:00+00:00
[2026-09-30T20:47:07.147+0000] {processor.py:175} INFO - Processing /home/airflow/.local/lib/python3.7/site-packages/airflow/example_dags/example_xcom.py took 0.146 seconds
[2026-09-30T20:47:37.831+0000] {processor.py:153} INFO - Started process (PID=16196) to work on /home/airflow/.local/lib/python3.7/site-packages/airflow/example_dags/example_xcom.py
[2026-09-30T20:47:37.833+0000] {processor.py:743} INFO - Processing file /home/airflow/.local/lib/python3.7/site-packages/airflow/example_dags/example_xcom.py for tasks to queue
[2026-09-30T20:47:37.833+0000] {logging_mixin.py:137} INFO - [2026-09-30T20:47:37.833+0000] {dagbag.py:538} INFO - Filling up the DagBag from /home/airflow/.local/lib/python3.7/site-packages/airflow/example_dags/example_xcom.py
[2026-09-30T20:47:37.864+0000] {processor.py:753} INFO - DAG(s) dict_keys(['example_xcom']) retrieved from /home/airflow/.local/lib/python3.7/site-packages/airflow/example_dags/example_xcom.py
[2026-09-30T20:47:37.910+0000] {logging_mixin.py:137} INFO - [2026-09-30T20:47:37.910+0000] {dag.py:2676} INFO - Sync 1 DAGs
[2026-09-30T20:47:37.943+0000] {logging_mixin.py:137} INFO - [2026-09-30T20:47:37.942+0000] {dag.py:3427} INFO - Setting next_dagrun for example_xcom to 2021-01-01T00:00:00+00:00, run_after=2021-01-01T00:00:00+00:00
[2026-09-30T20:47:37.965+0000] {processor.py:175} INFO - Processing /home/airflow/.local/lib/python3.7/site-packages/airflow/example_dags/example_xcom.py took 0.138 seconds
[2026-09-30T20:48:08.926+0000] {processor.py:153} INFO - Started process (PID=16295) to work on /home/airflow/.local/lib/python3.7/site-packages/airflow/example_dags/example_xcom.py
[2026-09-30T20:48:08.927+0000] {processor.py:743} INFO - Processing file /home/airflow/.local/lib/python3.7/site-packages/airflow/example_dags/example_xcom.py for tasks to queue
[2026-09-30T20:48:08.928+0000] {logging_mixin.py:137} INFO - [2026-09-30T20:48:08.928+0000] {dagbag.py:538} INFO - Filling up the DagBag from /home/airflow/.local/lib/python3.7/site-packages/airflow/example_dags/example_xcom.py
[2026-09-30T20:48:08.962+0000] {processor.py:753} INFO - DAG(s) dict_keys(['example_xcom']) retrieved from /home/airflow/.local/lib/python3.7/site-packages/airflow/example_dags/example_xcom.py
[2026-09-30T20:48:09.016+0000] {logging_mixin.py:137} INFO - [2026-09-30T20:48:09.016+0000] {dag.py:2676} INFO - Sync 1 DAGs
[2026-09-30T20:48:09.050+0000] {logging_mixin.py:137} INFO - [2026-09-30T20:48:09.050+0000] {dag.py:3427} INFO - Setting next_dagrun for example_xcom to 2021-01-01T00:00:00+00:00, run_after=2021-01-01T00:00:00+00:00
[2026-09-30T20:48:09.073+0000] {processor.py:175} INFO - Processing /home/airflow/.local/lib/python3.7/site-packages/airflow/example_dags/example_xcom.py took 0.151 seconds
[2026-09-30T20:48:39.299+0000] {processor.py:153} INFO - Started process (PID=16374) to work on /home/airflow/.local/lib/python3.7/site-packages/airflow/example_dags/example_xcom.py
[2026-09-30T20:48:39.300+0000] {processor.py:743} INFO - Processing file /home/airflow/.local/lib/python3.7/site-packages/airflow/example_dags/example_xcom.py for tasks to queue
[2026-09-30T20:48:39.301+0000] {logging_mixin.py:137} INFO - [2026-09-30T20:48:39.301+0000] {dagbag.py:538} INFO - Filling up the DagBag from /home/airflow/.local/lib/python3.7/site-packages/airflow/example_dags/example_xcom.py
[2026-09-30T20:48:39.339+0000] {processor.py:753} INFO - DAG(s) dict_keys(['example_xcom']) retrieved from /home/airflow/.local/lib/python3.7/site-packages/airflow/example_dags/example_xcom.py
[2026-09-30T20:48:39.401+0000] {logging_mixin.py:137} INFO - [2026-09-30T20:48:39.401+0000] {dag.py:2676} INFO - Sync 1 DAGs
[2026-09-30T20:48:39.431+0000] {logging_mixin.py:137} INFO - [2026-09-30T20:48:39.431+0000] {dag.py:3427} INFO - Setting next_dagrun for example_xcom to 2021-01-01T00:00:00+00:00, run_after=2021-01-01T00:00:00+00:00
[2026-09-30T20:48:39.451+0000] {processor.py:175} INFO - Processing /home/airflow/.local/lib/python3.7/site-packages/airflow/example_dags/example_xcom.py took 0.157 seconds
[2026-09-30T20:49:10.014+0000] {processor.py:153} INFO - Started process (PID=16453) to work on /home/airflow/.local/lib/python3.7/site-packages/airflow/example_dags/example_xcom.py
[2026-09-30T20:49:10.015+0000] {processor.py:743} INFO - Processing file /home/airflow/.local/lib/python3.7/site-packages/airflow/example_dags/example_xcom.py for tasks to queue
[2026-09-30T20:49:10.016+0000] {logging_mixin.py:137} INFO - [2026-09-30T20:49:10.016+0000] {dagbag.py:538} INFO - Filling up the DagBag from /home/airflow/.local/lib/python3.7/site-packages/airflow/example_dags/example_xcom.py
[2026-09-30T20:49:10.053+0000] {processor.py:753} INFO - DAG(s) dict_keys(['example_xcom']) retrieved from /home/airflow/.local/lib/python3.7/site-packages/airflow/example_dags/example_xcom.py
[2026-09-30T20:49:10.101+0000] {logging_mixin.py:137} INFO - [2026-09-30T20:49:10.101+0000] {dag.py:2676} INFO - Sync 1 DAGs
[2026-09-30T20:49:10.138+0000] {logging_mixin.py:137} INFO - [2026-09-30T20:49:10.138+0000] {dag.py:3427} INFO - Setting next_dagrun for example_xcom to 2021-01-01T00:00:00+00:00, run_after=2021-01-01T00:00:00+00:00
[2026-09-30T20:49:10.158+0000] {processor.py:175} INFO - Processing /home/airflow/.local/lib/python3.7/site-packages/airflow/example_dags/example_xcom.py took 0.149 seconds
[2026-09-30T20:49:41.107+0000] {processor.py:153} INFO - Started process (PID=16539) to work on /home/airflow/.local/lib/python3.7/site-packages/airflow/example_dags/example_xcom.py
[2026-09-30T20:49:41.108+0000] {processor.py:743} INFO - Processing file /home/airflow/.local/lib/python3.7/site-packages/airflow/example_dags/example_xcom.py for tasks to queue
[2026-09-30T20:49:41.109+0000] {logging_mixin.py:137} INFO - [2026-09-30T20:49:41.109+0000] {dagbag.py:538} INFO - Filling up the DagBag from /home/airflow/.local/lib/python3.7/site-packages/airflow/example_dags/example_xcom.py
[2026-09-30T20:49:41.146+0000] {processor.py:753} INFO - DAG(s) dict_keys(['example_xcom']) retrieved from /home/airflow/.local/lib/python3.7/site-packages/airflow/example_dags/example_xcom.py
[2026-09-30T20:49:41.206+0000] {logging_mixin.py:137} INFO - [2026-09-30T20:49:41.206+0000] {dag.py:2676} INFO - Sync 1 DAGs
[2026-09-30T20:49:41.250+0000] {logging_mixin.py:137} INFO - [2026-09-30T20:49:41.249+0000] {dag.py:3427} INFO - Setting next_dagrun for example_xcom to 2021-01-01T00:00:00+00:00, run_after=2021-01-01T00:00:00+00:00
[2026-09-30T20:49:41.279+0000] {processor.py:175} INFO - Processing /home/airflow/.local/lib/python3.7/site-packages/airflow/example_dags/example_xcom.py took 0.178 seconds
[2026-09-30T20:50:11.628+0000] {processor.py:153} INFO - Started process (PID=16631) to work on /home/airflow/.local/lib/python3.7/site-packages/airflow/example_dags/example_xcom.py
[2026-09-30T20:50:11.629+0000] {processor.py:743} INFO - Processing file /home/airflow/.local/lib/python3.7/site-packages/airflow/example_dags/example_xcom.py for tasks to queue
[2026-09-30T20:50:11.630+0000] {logging_mixin.py:137} INFO - [2026-09-30T20:50:11.630+0000] {dagbag.py:538} INFO - Filling up the DagBag from /home/airflow/.local/lib/python3.7/site-packages/airflow/example_dags/example_xcom.py
[2026-09-30T20:50:11.673+0000] {processor.py:753} INFO - DAG(s) dict_keys(['example_xcom']) retrieved from /home/airflow/.local/lib/python3.7/site-packages/airflow/example_dags/example_xcom.py
[2026-09-30T20:50:11.728+0000] {logging_mixin.py:137} INFO - [2026-09-30T20:50:11.728+0000] {dag.py:2676} INFO - Sync 1 DAGs
[2026-09-30T20:50:11.759+0000] {logging_mixin.py:137} INFO - [2026-09-30T20:50:11.758+0000] {dag.py:3427} INFO - Setting next_dagrun for example_xcom to 2021-01-01T00:00:00+00:00, run_after=2021-01-01T00:00:00+00:00
[2026-09-30T20:50:11.778+0000] {processor.py:175} INFO - Processing /home/airflow/.local/lib/python3.7/site-packages/airflow/example_dags/example_xcom.py took 0.155 seconds
[2026-09-30T20:50:41.895+0000] {processor.py:153} INFO - Started process (PID=16710) to work on /home/airflow/.local/lib/python3.7/site-packages/airflow/example_dags/example_xcom.py
[2026-09-30T20:50:41.896+0000] {processor.py:743} INFO - Processing file /home/airflow/.local/lib/python3.7/site-packages/airflow/example_dags/example_xcom.py for tasks to queue
[2026-09-30T20:50:41.896+0000] {logging_mixin.py:137} INFO - [2026-09-30T20:50:41.896+0000] {dagbag.py:538} INFO - Filling up the DagBag from /home/airflow/.local/lib/python3.7/site-packages/airflow/example_dags/example_xcom.py
[2026-09-30T20:50:41.927+0000] {processor.py:753} INFO - DAG(s) dict_keys(['example_xcom']) retrieved from /home/airflow/.local/lib/python3.7/site-packages/airflow/example_dags/example_xcom.py
[2026-09-30T20:50:41.986+0000] {logging_mixin.py:137} INFO - [2026-09-30T20:50:41.986+0000] {dag.py:2676} INFO - Sync 1 DAGs
[2026-09-30T20:50:42.018+0000] {logging_mixin.py:137} INFO - [2026-09-30T20:50:42.018+0000] {dag.py:3427} INFO - Setting next_dagrun for example_xcom to 2021-01-01T00:00:00+00:00, run_after=2021-01-01T00:00:00+00:00
[2026-09-30T20:50:42.039+0000] {processor.py:175} INFO - Processing /home/airflow/.local/lib/python3.7/site-packages/airflow/example_dags/example_xcom.py took 0.151 seconds
[2026-09-30T20:51:12.117+0000] {processor.py:153} INFO - Started process (PID=16789) to work on /home/airflow/.local/lib/python3.7/site-packages/airflow/example_dags/example_xcom.py
[2026-09-30T20:51:12.119+0000] {processor.py:743} INFO - Processing file /home/airflow/.local/lib/python3.7/site-packages/airflow/example_dags/example_xcom.py for tasks to queue
[2026-09-30T20:51:12.119+0000] {logging_mixin.py:137} INFO - [2026-09-30T20:51:12.119+0000] {dagbag.py:538} INFO - Filling up the DagBag from /home/airflow/.local/lib/python3.7/site-packages/airflow/example_dags/example_xcom.py
[2026-09-30T20:51:12.150+0000] {processor.py:753} INFO - DAG(s) dict_keys(['example_xcom']) retrieved from /home/airflow/.local/lib/python3.7/site-packages/airflow/example_dags/example_xcom.py
[2026-09-30T20:51:12.202+0000] {logging_mixin.py:137} INFO - [2026-09-30T20:51:12.202+0000] {dag.py:2676} INFO - Sync 1 DAGs
[2026-09-30T20:51:12.233+0000] {logging_mixin.py:137} INFO - [2026-09-30T20:51:12.232+0000] {dag.py:3427} INFO - Setting next_dagrun for example_xcom to 2021-01-01T00:00:00+00:00, run_after=2021-01-01T00:00:00+00:00
[2026-09-30T20:51:12.254+0000] {processor.py:175} INFO - Processing /home/airflow/.local/lib/python3.7/site-packages/airflow/example_dags/example_xcom.py took 0.141 seconds
[2026-09-30T20:51:42.698+0000] {processor.py:153} INFO - Started process (PID=16868) to work on /home/airflow/.local/lib/python3.7/site-packages/airflow/example_dags/example_xcom.py
[2026-09-30T20:51:42.700+0000] {processor.py:743} INFO - Processing file /home/airflow/.local/lib/python3.7/site-packages/airflow/example_dags/example_xcom.py for tasks to queue
[2026-09-30T20:51:42.701+0000] {logging_mixin.py:137} INFO - [2026-09-30T20:51:42.700+0000] {dagbag.py:538} INFO - Filling up the DagBag from /home/airflow/.local/lib/python3.7/site-packages/airflow/example_dags/example_xcom.py
[2026-09-30T20:51:42.736+0000] {processor.py:753} INFO - DAG(s) dict_keys(['example_xcom']) retrieved from /home/airflow/.local/lib/python3.7/site-packages/airflow/example_dags/example_xcom.py
[2026-09-30T20:51:42.784+0000] {logging_mixin.py:137} INFO - [2026-09-30T20:51:42.784+0000] {dag.py:2676} INFO - Sync 1 DAGs
[2026-09-30T20:51:42.815+0000] {logging_mixin.py:137} INFO - [2026-09-30T20:51:42.815+0000] {dag.py:3427} INFO - Setting next_dagrun for example_xcom to 2021-01-01T00:00:00+00:00, run_after=2021-01-01T00:00:00+00:00
[2026-09-30T20:51:42.837+0000] {processor.py:175} INFO - Processing /home/airflow/.local/lib/python3.7/site-packages/airflow/example_dags/example_xcom.py took 0.145 seconds
[2026-09-30T20:52:13.159+0000] {processor.py:153} INFO - Started process (PID=16967) to work on /home/airflow/.local/lib/python3.7/site-packages/airflow/example_dags/example_xcom.py
[2026-09-30T20:52:13.160+0000] {processor.py:743} INFO - Processing file /home/airflow/.local/lib/python3.7/site-packages/airflow/example_dags/example_xcom.py for tasks to queue
[2026-09-30T20:52:13.161+0000] {logging_mixin.py:137} INFO - [2026-09-30T20:52:13.161+0000] {dagbag.py:538} INFO - Filling up the DagBag from /home/airflow/.local/lib/python3.7/site-packages/airflow/example_dags/example_xcom.py
[2026-09-30T20:52:13.193+0000] {processor.py:753} INFO - DAG(s) dict_keys(['example_xcom']) retrieved from /home/airflow/.local/lib/python3.7/site-packages/airflow/example_dags/example_xcom.py
[2026-09-30T20:52:13.253+0000] {logging_mixin.py:137} INFO - [2026-09-30T20:52:13.253+0000] {dag.py:2676} INFO - Sync 1 DAGs
[2026-09-30T20:52:13.297+0000] {logging_mixin.py:137} INFO - [2026-09-30T20:52:13.297+0000] {dag.py:3427} INFO - Setting next_dagrun for example_xcom to 2021-01-01T00:00:00+00:00, run_after=2021-01-01T00:00:00+00:00
[2026-09-30T20:52:13.317+0000] {processor.py:175} INFO - Processing /home/airflow/.local/lib/python3.7/site-packages/airflow/example_dags/example_xcom.py took 0.163 seconds
[2026-09-30T20:52:43.687+0000] {processor.py:153} INFO - Started process (PID=17046) to work on /home/airflow/.local/lib/python3.7/site-packages/airflow/example_dags/example_xcom.py
[2026-09-30T20:52:43.688+0000] {processor.py:743} INFO - Processing file /home/airflow/.local/lib/python3.7/site-packages/airflow/example_dags/example_xcom.py for tasks to queue
[2026-09-30T20:52:43.689+0000] {logging_mixin.py:137} INFO - [2026-09-30T20:52:43.689+0000] {dagbag.py:538} INFO - Filling up the DagBag from /home/airflow/.local/lib/python3.7/site-packages/airflow/example_dags/example_xcom.py
[2026-09-30T20:52:43.736+0000] {processor.py:753} INFO - DAG(s) dict_keys(['example_xcom']) retrieved from /home/airflow/.local/lib/python3.7/site-packages/airflow/example_dags/example_xcom.py
[2026-09-30T20:52:43.810+0000] {logging_mixin.py:137} INFO - [2026-09-30T20:52:43.810+0000] {dag.py:2676} INFO - Sync 1 DAGs
[2026-09-30T20:52:43.853+0000] {logging_mixin.py:137} INFO - [2026-09-30T20:52:43.853+0000] {dag.py:3427} INFO - Setting next_dagrun for example_xcom to 2021-01-01T00:00:00+00:00, run_after=2021-01-01T00:00:00+00:00
[2026-09-30T20:52:43.873+0000] {processor.py:175} INFO - Processing /home/airflow/.local/lib/python3.7/site-packages/airflow/example_dags/example_xcom.py took 0.193 seconds
[2026-09-30T20:53:13.938+0000] {processor.py:153} INFO - Started process (PID=17125) to work on /home/airflow/.local/lib/python3.7/site-packages/airflow/example_dags/example_xcom.py
[2026-09-30T20:53:13.939+0000] {processor.py:743} INFO - Processing file /home/airflow/.local/lib/python3.7/site-packages/airflow/example_dags/example_xcom.py for tasks to queue
[2026-09-30T20:53:13.939+0000] {logging_mixin.py:137} INFO - [2026-09-30T20:53:13.939+0000] {dagbag.py:538} INFO - Filling up the DagBag from /home/airflow/.local/lib/python3.7/site-packages/airflow/example_dags/example_xcom.py
[2026-09-30T20:53:13.979+0000] {processor.py:753} INFO - DAG(s) dict_keys(['example_xcom']) retrieved from /home/airflow/.local/lib/python3.7/site-packages/airflow/example_dags/example_xcom.py
[2026-09-30T20:53:14.040+0000] {logging_mixin.py:137} INFO - [2026-09-30T20:53:14.040+0000] {dag.py:2676} INFO - Sync 1 DAGs
[2026-09-30T20:53:14.078+0000] {logging_mixin.py:137} INFO - [2026-09-30T20:53:14.078+0000] {dag.py:3427} INFO - Setting next_dagrun for example_xcom to 2021-01-01T00:00:00+00:00, run_after=2021-01-01T00:00:00+00:00
[2026-09-30T20:53:14.104+0000] {processor.py:175} INFO - Processing /home/airflow/.local/lib/python3.7/site-packages/airflow/example_dags/example_xcom.py took 0.170 seconds
[2026-09-30T20:53:44.224+0000] {processor.py:153} INFO - Started process (PID=17204) to work on /home/airflow/.local/lib/python3.7/site-packages/airflow/example_dags/example_xcom.py
[2026-09-30T20:53:44.225+0000] {processor.py:743} INFO - Processing file /home/airflow/.local/lib/python3.7/site-packages/airflow/example_dags/example_xcom.py for tasks to queue
[2026-09-30T20:53:44.226+0000] {logging_mixin.py:137} INFO - [2026-09-30T20:53:44.226+0000] {dagbag.py:538} INFO - Filling up the DagBag from /home/airflow/.local/lib/python3.7/site-packages/airflow/example_dags/example_xcom.py
[2026-09-30T20:53:44.267+0000] {processor.py:753} INFO - DAG(s) dict_keys(['example_xcom']) retrieved from /home/airflow/.local/lib/python3.7/site-packages/airflow/example_dags/example_xcom.py
[2026-09-30T20:53:44.332+0000] {logging_mixin.py:137} INFO - [2026-09-30T20:53:44.332+0000] {dag.py:2676} INFO - Sync 1 DAGs
[2026-09-30T20:53:44.365+0000] {logging_mixin.py:137} INFO - [2026-09-30T20:53:44.365+0000] {dag.py:3427} INFO - Setting next_dagrun for example_xcom to 2021-01-01T00:00:00+00:00, run_after=2021-01-01T00:00:00+00:00
[2026-09-30T20:53:44.392+0000] {processor.py:175} INFO - Processing /home/airflow/.local/lib/python3.7/site-packages/airflow/example_dags/example_xcom.py took 0.172 seconds
[2026-09-30T20:54:14.746+0000] {processor.py:153} INFO - Started process (PID=17303) to work on /home/airflow/.local/lib/python3.7/site-packages/airflow/example_dags/example_xcom.py
[2026-09-30T20:54:14.747+0000] {processor.py:743} INFO - Processing file /home/airflow/.local/lib/python3.7/site-packages/airflow/example_dags/example_xcom.py for tasks to queue
[2026-09-30T20:54:14.748+0000] {logging_mixin.py:137} INFO - [2026-09-30T20:54:14.748+0000] {dagbag.py:538} INFO - Filling up the DagBag from /home/airflow/.local/lib/python3.7/site-packages/airflow/example_dags/example_xcom.py
[2026-09-30T20:54:14.779+0000] {processor.py:753} INFO - DAG(s) dict_keys(['example_xcom']) retrieved from /home/airflow/.local/lib/python3.7/site-packages/airflow/example_dags/example_xcom.py
[2026-09-30T20:54:14.839+0000] {logging_mixin.py:137} INFO - [2026-09-30T20:54:14.839+0000] {dag.py:2676} INFO - Sync 1 DAGs
[2026-09-30T20:54:14.890+0000] {logging_mixin.py:137} INFO - [2026-09-30T20:54:14.889+0000] {dag.py:3427} INFO - Setting next_dagrun for example_xcom to 2021-01-01T00:00:00+00:00, run_after=2021-01-01T00:00:00+00:00
[2026-09-30T20:54:14.919+0000] {processor.py:175} INFO - Processing /home/airflow/.local/lib/python3.7/site-packages/airflow/example_dags/example_xcom.py took 0.179 seconds
[2026-09-30T20:54:45.101+0000] {processor.py:153} INFO - Started process (PID=17381) to work on /home/airflow/.local/lib/python3.7/site-packages/airflow/example_dags/example_xcom.py
[2026-09-30T20:54:45.102+0000] {processor.py:743} INFO - Processing file /home/airflow/.local/lib/python3.7/site-packages/airflow/example_dags/example_xcom.py for tasks to queue
[2026-09-30T20:54:45.103+0000] {logging_mixin.py:137} INFO - [2026-09-30T20:54:45.103+0000] {dagbag.py:538} INFO - Filling up the DagBag from /home/airflow/.local/lib/python3.7/site-packages/airflow/example_dags/example_xcom.py
[2026-09-30T20:54:45.139+0000] {processor.py:753} INFO - DAG(s) dict_keys(['example_xcom']) retrieved from /home/airflow/.local/lib/python3.7/site-packages/airflow/example_dags/example_xcom.py
[2026-09-30T20:54:45.204+0000] {logging_mixin.py:137} INFO - [2026-09-30T20:54:45.204+0000] {dag.py:2676} INFO - Sync 1 DAGs
[2026-09-30T20:54:45.253+0000] {logging_mixin.py:137} INFO - [2026-09-30T20:54:45.253+0000] {dag.py:3427} INFO - Setting next_dagrun for example_xcom to 2021-01-01T00:00:00+00:00, run_after=2021-01-01T00:00:00+00:00
[2026-09-30T20:54:45.284+0000] {processor.py:175} INFO - Processing /home/airflow/.local/lib/python3.7/site-packages/airflow/example_dags/example_xcom.py took 0.188 seconds
[2026-09-30T20:55:15.442+0000] {processor.py:153} INFO - Started process (PID=17459) to work on /home/airflow/.local/lib/python3.7/site-packages/airflow/example_dags/example_xcom.py
[2026-09-30T20:55:15.443+0000] {processor.py:743} INFO - Processing file /home/airflow/.local/lib/python3.7/site-packages/airflow/example_dags/example_xcom.py for tasks to queue
[2026-09-30T20:55:15.444+0000] {logging_mixin.py:137} INFO - [2026-09-30T20:55:15.444+0000] {dagbag.py:538} INFO - Filling up the DagBag from /home/airflow/.local/lib/python3.7/site-packages/airflow/example_dags/example_xcom.py
[2026-09-30T20:55:15.480+0000] {processor.py:753} INFO - DAG(s) dict_keys(['example_xcom']) retrieved from /home/airflow/.local/lib/python3.7/site-packages/airflow/example_dags/example_xcom.py
[2026-09-30T20:55:15.537+0000] {logging_mixin.py:137} INFO - [2026-09-30T20:55:15.537+0000] {dag.py:2676} INFO - Sync 1 DAGs
[2026-09-30T20:55:15.576+0000] {logging_mixin.py:137} INFO - [2026-09-30T20:55:15.576+0000] {dag.py:3427} INFO - Setting next_dagrun for example_xcom to 2021-01-01T00:00:00+00:00, run_after=2021-01-01T00:00:00+00:00
[2026-09-30T20:55:15.601+0000] {processor.py:175} INFO - Processing /home/airflow/.local/lib/python3.7/site-packages/airflow/example_dags/example_xcom.py took 0.165 seconds
[2026-09-30T20:55:45.948+0000] {processor.py:153} INFO - Started process (PID=17538) to work on /home/airflow/.local/lib/python3.7/site-packages/airflow/example_dags/example_xcom.py
[2026-09-30T20:55:45.949+0000] {processor.py:743} INFO - Processing file /home/airflow/.local/lib/python3.7/site-packages/airflow/example_dags/example_xcom.py for tasks to queue
[2026-09-30T20:55:45.950+0000] {logging_mixin.py:137} INFO - [2026-09-30T20:55:45.950+0000] {dagbag.py:538} INFO - Filling up the DagBag from /home/airflow/.local/lib/python3.7/site-packages/airflow/example_dags/example_xcom.py
[2026-09-30T20:55:45.989+0000] {processor.py:753} INFO - DAG(s) dict_keys(['example_xcom']) retrieved from /home/airflow/.local/lib/python3.7/site-packages/airflow/example_dags/example_xcom.py
[2026-09-30T20:55:46.050+0000] {logging_mixin.py:137} INFO - [2026-09-30T20:55:46.049+0000] {dag.py:2676} INFO - Sync 1 DAGs
[2026-09-30T20:55:46.096+0000] {logging_mixin.py:137} INFO - [2026-09-30T20:55:46.096+0000] {dag.py:3427} INFO - Setting next_dagrun for example_xcom to 2021-01-01T00:00:00+00:00, run_after=2021-01-01T00:00:00+00:00
[2026-09-30T20:55:46.128+0000] {processor.py:175} INFO - Processing /home/airflow/.local/lib/python3.7/site-packages/airflow/example_dags/example_xcom.py took 0.183 seconds
[2026-09-30T20:56:16.548+0000] {processor.py:153} INFO - Started process (PID=17637) to work on /home/airflow/.local/lib/python3.7/site-packages/airflow/example_dags/example_xcom.py
[2026-09-30T20:56:16.549+0000] {processor.py:743} INFO - Processing file /home/airflow/.local/lib/python3.7/site-packages/airflow/example_dags/example_xcom.py for tasks to queue
[2026-09-30T20:56:16.550+0000] {logging_mixin.py:137} INFO - [2026-09-30T20:56:16.550+0000] {dagbag.py:538} INFO - Filling up the DagBag from /home/airflow/.local/lib/python3.7/site-packages/airflow/example_dags/example_xcom.py
[2026-09-30T20:56:16.581+0000] {processor.py:753} INFO - DAG(s) dict_keys(['example_xcom']) retrieved from /home/airflow/.local/lib/python3.7/site-packages/airflow/example_dags/example_xcom.py
[2026-09-30T20:56:16.631+0000] {logging_mixin.py:137} INFO - [2026-09-30T20:56:16.630+0000] {dag.py:2676} INFO - Sync 1 DAGs
[2026-09-30T20:56:16.667+0000] {logging_mixin.py:137} INFO - [2026-09-30T20:56:16.667+0000] {dag.py:3427} INFO - Setting next_dagrun for example_xcom to 2021-01-01T00:00:00+00:00, run_after=2021-01-01T00:00:00+00:00
[2026-09-30T20:56:16.695+0000] {processor.py:175} INFO - Processing /home/airflow/.local/lib/python3.7/site-packages/airflow/example_dags/example_xcom.py took 0.150 seconds
[2026-09-30T20:56:46.833+0000] {processor.py:153} INFO - Started process (PID=17716) to work on /home/airflow/.local/lib/python3.7/site-packages/airflow/example_dags/example_xcom.py
[2026-09-30T20:56:46.834+0000] {processor.py:743} INFO - Processing file /home/airflow/.local/lib/python3.7/site-packages/airflow/example_dags/example_xcom.py for tasks to queue
[2026-09-30T20:56:46.834+0000] {logging_mixin.py:137} INFO - [2026-09-30T20:56:46.834+0000] {dagbag.py:538} INFO - Filling up the DagBag from /home/airflow/.local/lib/python3.7/site-packages/airflow/example_dags/example_xcom.py
[2026-09-30T20:56:46.861+0000] {processor.py:753} INFO - DAG(s) dict_keys(['example_xcom']) retrieved from /home/airflow/.local/lib/python3.7/site-packages/airflow/example_dags/example_xcom.py
[2026-09-30T20:56:46.904+0000] {logging_mixin.py:137} INFO - [2026-09-30T20:56:46.904+0000] {dag.py:2676} INFO - Sync 1 DAGs
[2026-09-30T20:56:46.935+0000] {logging_mixin.py:137} INFO - [2026-09-30T20:56:46.935+0000] {dag.py:3427} INFO - Setting next_dagrun for example_xcom to 2021-01-01T00:00:00+00:00, run_after=2021-01-01T00:00:00+00:00
[2026-09-30T20:56:46.960+0000] {processor.py:175} INFO - Processing /home/airflow/.local/lib/python3.7/site-packages/airflow/example_dags/example_xcom.py took 0.130 seconds
[2026-09-30T20:57:17.466+0000] {processor.py:153} INFO - Started process (PID=17795) to work on /home/airflow/.local/lib/python3.7/site-packages/airflow/example_dags/example_xcom.py
[2026-09-30T20:57:17.468+0000] {processor.py:743} INFO - Processing file /home/airflow/.local/lib/python3.7/site-packages/airflow/example_dags/example_xcom.py for tasks to queue
[2026-09-30T20:57:17.469+0000] {logging_mixin.py:137} INFO - [2026-09-30T20:57:17.469+0000] {dagbag.py:538} INFO - Filling up the DagBag from /home/airflow/.local/lib/python3.7/site-packages/airflow/example_dags/example_xcom.py
[2026-09-30T20:57:17.518+0000] {processor.py:753} INFO - DAG(s) dict_keys(['example_xcom']) retrieved from /home/airflow/.local/lib/python3.7/site-packages/airflow/example_dags/example_xcom.py
[2026-09-30T20:57:17.579+0000] {logging_mixin.py:137} INFO - [2026-09-30T20:57:17.578+0000] {dag.py:2676} INFO - Sync 1 DAGs
[2026-09-30T20:57:17.621+0000] {logging_mixin.py:137} INFO - [2026-09-30T20:57:17.621+0000] {dag.py:3427} INFO - Setting next_dagrun for example_xcom to 2021-01-01T00:00:00+00:00, run_after=2021-01-01T00:00:00+00:00
[2026-09-30T20:57:17.648+0000] {processor.py:175} INFO - Processing /home/airflow/.local/lib/python3.7/site-packages/airflow/example_dags/example_xcom.py took 0.188 seconds
[2026-09-30T20:57:48.119+0000] {processor.py:153} INFO - Started process (PID=17881) to work on /home/airflow/.local/lib/python3.7/site-packages/airflow/example_dags/example_xcom.py
[2026-09-30T20:57:48.120+0000] {processor.py:743} INFO - Processing file /home/airflow/.local/lib/python3.7/site-packages/airflow/example_dags/example_xcom.py for tasks to queue
[2026-09-30T20:57:48.121+0000] {logging_mixin.py:137} INFO - [2026-09-30T20:57:48.120+0000] {dagbag.py:538} INFO - Filling up the DagBag from /home/airflow/.local/lib/python3.7/site-packages/airflow/example_dags/example_xcom.py
[2026-09-30T20:57:48.163+0000] {processor.py:753} INFO - DAG(s) dict_keys(['example_xcom']) retrieved from /home/airflow/.local/lib/python3.7/site-packages/airflow/example_dags/example_xcom.py
[2026-09-30T20:57:48.214+0000] {logging_mixin.py:137} INFO - [2026-09-30T20:57:48.214+0000] {dag.py:2676} INFO - Sync 1 DAGs
[2026-09-30T20:57:48.249+0000] {logging_mixin.py:137} INFO - [2026-09-30T20:57:48.248+0000] {dag.py:3427} INFO - Setting next_dagrun for example_xcom to 2021-01-01T00:00:00+00:00, run_after=2021-01-01T00:00:00+00:00
[2026-09-30T20:57:48.272+0000] {processor.py:175} INFO - Processing /home/airflow/.local/lib/python3.7/site-packages/airflow/example_dags/example_xcom.py took 0.159 seconds
[2026-09-30T20:58:18.390+0000] {processor.py:153} INFO - Started process (PID=17973) to work on /home/airflow/.local/lib/python3.7/site-packages/airflow/example_dags/example_xcom.py
[2026-09-30T20:58:18.391+0000] {processor.py:743} INFO - Processing file /home/airflow/.local/lib/python3.7/site-packages/airflow/example_dags/example_xcom.py for tasks to queue
[2026-09-30T20:58:18.392+0000] {logging_mixin.py:137} INFO - [2026-09-30T20:58:18.392+0000] {dagbag.py:538} INFO - Filling up the DagBag from /home/airflow/.local/lib/python3.7/site-packages/airflow/example_dags/example_xcom.py
[2026-09-30T20:58:18.426+0000] {processor.py:753} INFO - DAG(s) dict_keys(['example_xcom']) retrieved from /home/airflow/.local/lib/python3.7/site-packages/airflow/example_dags/example_xcom.py
[2026-09-30T20:58:18.486+0000] {logging_mixin.py:137} INFO - [2026-09-30T20:58:18.486+0000] {dag.py:2676} INFO - Sync 1 DAGs
[2026-09-30T20:58:18.526+0000] {logging_mixin.py:137} INFO - [2026-09-30T20:58:18.526+0000] {dag.py:3427} INFO - Setting next_dagrun for example_xcom to 2021-01-01T00:00:00+00:00, run_after=2021-01-01T00:00:00+00:00
[2026-09-30T20:58:18.554+0000] {processor.py:175} INFO - Processing /home/airflow/.local/lib/python3.7/site-packages/airflow/example_dags/example_xcom.py took 0.167 seconds
[2026-09-30T20:58:49.222+0000] {processor.py:153} INFO - Started process (PID=18052) to work on /home/airflow/.local/lib/python3.7/site-packages/airflow/example_dags/example_xcom.py
[2026-09-30T20:58:49.224+0000] {processor.py:743} INFO - Processing file /home/airflow/.local/lib/python3.7/site-packages/airflow/example_dags/example_xcom.py for tasks to queue
[2026-09-30T20:58:49.225+0000] {logging_mixin.py:137} INFO - [2026-09-30T20:58:49.225+0000] {dagbag.py:538} INFO - Filling up the DagBag from /home/airflow/.local/lib/python3.7/site-packages/airflow/example_dags/example_xcom.py
[2026-09-30T20:58:49.263+0000] {processor.py:753} INFO - DAG(s) dict_keys(['example_xcom']) retrieved from /home/airflow/.local/lib/python3.7/site-packages/airflow/example_dags/example_xcom.py
[2026-09-30T20:58:49.329+0000] {logging_mixin.py:137} INFO - [2026-09-30T20:58:49.328+0000] {dag.py:2676} INFO - Sync 1 DAGs
[2026-09-30T20:58:49.368+0000] {logging_mixin.py:137} INFO - [2026-09-30T20:58:49.367+0000] {dag.py:3427} INFO - Setting next_dagrun for example_xcom to 2021-01-01T00:00:00+00:00, run_after=2021-01-01T00:00:00+00:00
[2026-09-30T20:58:49.400+0000] {processor.py:175} INFO - Processing /home/airflow/.local/lib/python3.7/site-packages/airflow/example_dags/example_xcom.py took 0.183 seconds
[2026-09-30T20:59:20.173+0000] {processor.py:153} INFO - Started process (PID=18131) to work on /home/airflow/.local/lib/python3.7/site-packages/airflow/example_dags/example_xcom.py
[2026-09-30T20:59:20.174+0000] {processor.py:743} INFO - Processing file /home/airflow/.local/lib/python3.7/site-packages/airflow/example_dags/example_xcom.py for tasks to queue
[2026-09-30T20:59:20.174+0000] {logging_mixin.py:137} INFO - [2026-09-30T20:59:20.174+0000] {dagbag.py:538} INFO - Filling up the DagBag from /home/airflow/.local/lib/python3.7/site-packages/airflow/example_dags/example_xcom.py
[2026-09-30T20:59:20.215+0000] {processor.py:753} INFO - DAG(s) dict_keys(['example_xcom']) retrieved from /home/airflow/.local/lib/python3.7/site-packages/airflow/example_dags/example_xcom.py
[2026-09-30T20:59:20.278+0000] {logging_mixin.py:137} INFO - [2026-09-30T20:59:20.277+0000] {dag.py:2676} INFO - Sync 1 DAGs
[2026-09-30T20:59:20.311+0000] {logging_mixin.py:137} INFO - [2026-09-30T20:59:20.311+0000] {dag.py:3427} INFO - Setting next_dagrun for example_xcom to 2021-01-01T00:00:00+00:00, run_after=2021-01-01T00:00:00+00:00
[2026-09-30T20:59:20.332+0000] {processor.py:175} INFO - Processing /home/airflow/.local/lib/python3.7/site-packages/airflow/example_dags/example_xcom.py took 0.163 seconds
[2026-09-30T20:59:50.832+0000] {processor.py:153} INFO - Started process (PID=18219) to work on /home/airflow/.local/lib/python3.7/site-packages/airflow/example_dags/example_xcom.py
[2026-09-30T20:59:50.833+0000] {processor.py:743} INFO - Processing file /home/airflow/.local/lib/python3.7/site-packages/airflow/example_dags/example_xcom.py for tasks to queue
[2026-09-30T20:59:50.835+0000] {logging_mixin.py:137} INFO - [2026-09-30T20:59:50.834+0000] {dagbag.py:538} INFO - Filling up the DagBag from /home/airflow/.local/lib/python3.7/site-packages/airflow/example_dags/example_xcom.py
[2026-09-30T20:59:50.869+0000] {processor.py:753} INFO - DAG(s) dict_keys(['example_xcom']) retrieved from /home/airflow/.local/lib/python3.7/site-packages/airflow/example_dags/example_xcom.py
[2026-09-30T20:59:50.927+0000] {logging_mixin.py:137} INFO - [2026-09-30T20:59:50.927+0000] {dag.py:2676} INFO - Sync 1 DAGs
[2026-09-30T20:59:50.964+0000] {logging_mixin.py:137} INFO - [2026-09-30T20:59:50.964+0000] {dag.py:3427} INFO - Setting next_dagrun for example_xcom to 2021-01-01T00:00:00+00:00, run_after=2021-01-01T00:00:00+00:00
[2026-09-30T20:59:50.994+0000] {processor.py:175} INFO - Processing /home/airflow/.local/lib/python3.7/site-packages/airflow/example_dags/example_xcom.py took 0.168 seconds
[2026-09-30T21:00:21.584+0000] {processor.py:153} INFO - Started process (PID=18309) to work on /home/airflow/.local/lib/python3.7/site-packages/airflow/example_dags/example_xcom.py
[2026-09-30T21:00:21.585+0000] {processor.py:743} INFO - Processing file /home/airflow/.local/lib/python3.7/site-packages/airflow/example_dags/example_xcom.py for tasks to queue
[2026-09-30T21:00:21.586+0000] {logging_mixin.py:137} INFO - [2026-09-30T21:00:21.586+0000] {dagbag.py:538} INFO - Filling up the DagBag from /home/airflow/.local/lib/python3.7/site-packages/airflow/example_dags/example_xcom.py
[2026-09-30T21:00:21.619+0000] {processor.py:753} INFO - DAG(s) dict_keys(['example_xcom']) retrieved from /home/airflow/.local/lib/python3.7/site-packages/airflow/example_dags/example_xcom.py
[2026-09-30T21:00:21.667+0000] {logging_mixin.py:137} INFO - [2026-09-30T21:00:21.666+0000] {dag.py:2676} INFO - Sync 1 DAGs
[2026-09-30T21:00:21.700+0000] {logging_mixin.py:137} INFO - [2026-09-30T21:00:21.700+0000] {dag.py:3427} INFO - Setting next_dagrun for example_xcom to 2021-01-01T00:00:00+00:00, run_after=2021-01-01T00:00:00+00:00
[2026-09-30T21:00:21.719+0000] {processor.py:175} INFO - Processing /home/airflow/.local/lib/python3.7/site-packages/airflow/example_dags/example_xcom.py took 0.139 seconds
[2026-09-30T21:00:52.095+0000] {processor.py:153} INFO - Started process (PID=18388) to work on /home/airflow/.local/lib/python3.7/site-packages/airflow/example_dags/example_xcom.py
[2026-09-30T21:00:52.096+0000] {processor.py:743} INFO - Processing file /home/airflow/.local/lib/python3.7/site-packages/airflow/example_dags/example_xcom.py for tasks to queue
[2026-09-30T21:00:52.096+0000] {logging_mixin.py:137} INFO - [2026-09-30T21:00:52.096+0000] {dagbag.py:538} INFO - Filling up the DagBag from /home/airflow/.local/lib/python3.7/site-packages/airflow/example_dags/example_xcom.py
[2026-09-30T21:00:52.124+0000] {processor.py:753} INFO - DAG(s) dict_keys(['example_xcom']) retrieved from /home/airflow/.local/lib/python3.7/site-packages/airflow/example_dags/example_xcom.py
[2026-09-30T21:00:52.171+0000] {logging_mixin.py:137} INFO - [2026-09-30T21:00:52.171+0000] {dag.py:2676} INFO - Sync 1 DAGs
[2026-09-30T21:00:52.201+0000] {logging_mixin.py:137} INFO - [2026-09-30T21:00:52.201+0000] {dag.py:3427} INFO - Setting next_dagrun for example_xcom to 2021-01-01T00:00:00+00:00, run_after=2021-01-01T00:00:00+00:00
[2026-09-30T21:00:52.220+0000] {processor.py:175} INFO - Processing /home/airflow/.local/lib/python3.7/site-packages/airflow/example_dags/example_xcom.py took 0.129 seconds
[2026-09-30T21:01:22.857+0000] {processor.py:153} INFO - Started process (PID=18467) to work on /home/airflow/.local/lib/python3.7/site-packages/airflow/example_dags/example_xcom.py
[2026-09-30T21:01:22.858+0000] {processor.py:743} INFO - Processing file /home/airflow/.local/lib/python3.7/site-packages/airflow/example_dags/example_xcom.py for tasks to queue
[2026-09-30T21:01:22.859+0000] {logging_mixin.py:137} INFO - [2026-09-30T21:01:22.859+0000] {dagbag.py:538} INFO - Filling up the DagBag from /home/airflow/.local/lib/python3.7/site-packages/airflow/example_dags/example_xcom.py
[2026-09-30T21:01:22.890+0000] {processor.py:753} INFO - DAG(s) dict_keys(['example_xcom']) retrieved from /home/airflow/.local/lib/python3.7/site-packages/airflow/example_dags/example_xcom.py
[2026-09-30T21:01:22.942+0000] {logging_mixin.py:137} INFO - [2026-09-30T21:01:22.942+0000] {dag.py:2676} INFO - Sync 1 DAGs
[2026-09-30T21:01:22.982+0000] {logging_mixin.py:137} INFO - [2026-09-30T21:01:22.982+0000] {dag.py:3427} INFO - Setting next_dagrun for example_xcom to 2021-01-01T00:00:00+00:00, run_after=2021-01-01T00:00:00+00:00
[2026-09-30T21:01:23.004+0000] {processor.py:175} INFO - Processing /home/airflow/.local/lib/python3.7/site-packages/airflow/example_dags/example_xcom.py took 0.151 seconds
[2026-09-30T21:01:53.455+0000] {processor.py:153} INFO - Started process (PID=18546) to work on /home/airflow/.local/lib/python3.7/site-packages/airflow/example_dags/example_xcom.py
[2026-09-30T21:01:53.456+0000] {processor.py:743} INFO - Processing file /home/airflow/.local/lib/python3.7/site-packages/airflow/example_dags/example_xcom.py for tasks to queue
[2026-09-30T21:01:53.457+0000] {logging_mixin.py:137} INFO - [2026-09-30T21:01:53.456+0000] {dagbag.py:538} INFO - Filling up the DagBag from /home/airflow/.local/lib/python3.7/site-packages/airflow/example_dags/example_xcom.py
[2026-09-30T21:01:53.490+0000] {processor.py:753} INFO - DAG(s) dict_keys(['example_xcom']) retrieved from /home/airflow/.local/lib/python3.7/site-packages/airflow/example_dags/example_xcom.py
[2026-09-30T21:01:53.538+0000] {logging_mixin.py:137} INFO - [2026-09-30T21:01:53.537+0000] {dag.py:2676} INFO - Sync 1 DAGs
[2026-09-30T21:01:53.574+0000] {logging_mixin.py:137} INFO - [2026-09-30T21:01:53.574+0000] {dag.py:3427} INFO - Setting next_dagrun for example_xcom to 2021-01-01T00:00:00+00:00, run_after=2021-01-01T00:00:00+00:00
[2026-09-30T21:01:53.602+0000] {processor.py:175} INFO - Processing /home/airflow/.local/lib/python3.7/site-packages/airflow/example_dags/example_xcom.py took 0.150 seconds
[2026-09-30T21:02:24.222+0000] {processor.py:153} INFO - Started process (PID=18645) to work on /home/airflow/.local/lib/python3.7/site-packages/airflow/example_dags/example_xcom.py
[2026-09-30T21:02:24.224+0000] {processor.py:743} INFO - Processing file /home/airflow/.local/lib/python3.7/site-packages/airflow/example_dags/example_xcom.py for tasks to queue
[2026-09-30T21:02:24.224+0000] {logging_mixin.py:137} INFO - [2026-09-30T21:02:24.224+0000] {dagbag.py:538} INFO - Filling up the DagBag from /home/airflow/.local/lib/python3.7/site-packages/airflow/example_dags/example_xcom.py
[2026-09-30T21:02:24.258+0000] {processor.py:753} INFO - DAG(s) dict_keys(['example_xcom']) retrieved from /home/airflow/.local/lib/python3.7/site-packages/airflow/example_dags/example_xcom.py
[2026-09-30T21:02:24.315+0000] {logging_mixin.py:137} INFO - [2026-09-30T21:02:24.315+0000] {dag.py:2676} INFO - Sync 1 DAGs
[2026-09-30T21:02:24.350+0000] {logging_mixin.py:137} INFO - [2026-09-30T21:02:24.350+0000] {dag.py:3427} INFO - Setting next_dagrun for example_xcom to 2021-01-01T00:00:00+00:00, run_after=2021-01-01T00:00:00+00:00
[2026-09-30T21:02:24.371+0000] {processor.py:175} INFO - Processing /home/airflow/.local/lib/python3.7/site-packages/airflow/example_dags/example_xcom.py took 0.154 seconds
[2026-09-30T21:02:54.484+0000] {processor.py:153} INFO - Started process (PID=18724) to work on /home/airflow/.local/lib/python3.7/site-packages/airflow/example_dags/example_xcom.py
[2026-09-30T21:02:54.485+0000] {processor.py:743} INFO - Processing file /home/airflow/.local/lib/python3.7/site-packages/airflow/example_dags/example_xcom.py for tasks to queue
[2026-09-30T21:02:54.486+0000] {logging_mixin.py:137} INFO - [2026-09-30T21:02:54.486+0000] {dagbag.py:538} INFO - Filling up the DagBag from /home/airflow/.local/lib/python3.7/site-packages/airflow/example_dags/example_xcom.py
[2026-09-30T21:02:54.525+0000] {processor.py:753} INFO - DAG(s) dict_keys(['example_xcom']) retrieved from /home/airflow/.local/lib/python3.7/site-packages/airflow/example_dags/example_xcom.py
[2026-09-30T21:02:54.588+0000] {logging_mixin.py:137} INFO - [2026-09-30T21:02:54.587+0000] {dag.py:2676} INFO - Sync 1 DAGs
[2026-09-30T21:02:54.635+0000] {logging_mixin.py:137} INFO - [2026-09-30T21:02:54.635+0000] {dag.py:3427} INFO - Setting next_dagrun for example_xcom to 2021-01-01T00:00:00+00:00, run_after=2021-01-01T00:00:00+00:00
[2026-09-30T21:02:54.656+0000] {processor.py:175} INFO - Processing /home/airflow/.local/lib/python3.7/site-packages/airflow/example_dags/example_xcom.py took 0.177 seconds
[2026-09-30T21:03:25.493+0000] {processor.py:153} INFO - Started process (PID=18803) to work on /home/airflow/.local/lib/python3.7/site-packages/airflow/example_dags/example_xcom.py
[2026-09-30T21:03:25.494+0000] {processor.py:743} INFO - Processing file /home/airflow/.local/lib/python3.7/site-packages/airflow/example_dags/example_xcom.py for tasks to queue
[2026-09-30T21:03:25.495+0000] {logging_mixin.py:137} INFO - [2026-09-30T21:03:25.495+0000] {dagbag.py:538} INFO - Filling up the DagBag from /home/airflow/.local/lib/python3.7/site-packages/airflow/example_dags/example_xcom.py
[2026-09-30T21:03:25.528+0000] {processor.py:753} INFO - DAG(s) dict_keys(['example_xcom']) retrieved from /home/airflow/.local/lib/python3.7/site-packages/airflow/example_dags/example_xcom.py
[2026-09-30T21:03:25.592+0000] {logging_mixin.py:137} INFO - [2026-09-30T21:03:25.591+0000] {dag.py:2676} INFO - Sync 1 DAGs
[2026-09-30T21:03:25.626+0000] {logging_mixin.py:137} INFO - [2026-09-30T21:03:25.626+0000] {dag.py:3427} INFO - Setting next_dagrun for example_xcom to 2021-01-01T00:00:00+00:00, run_after=2021-01-01T00:00:00+00:00
[2026-09-30T21:03:25.645+0000] {processor.py:175} INFO - Processing /home/airflow/.local/lib/python3.7/site-packages/airflow/example_dags/example_xcom.py took 0.157 seconds
[2026-09-30T21:03:56.348+0000] {processor.py:153} INFO - Started process (PID=18891) to work on /home/airflow/.local/lib/python3.7/site-packages/airflow/example_dags/example_xcom.py
[2026-09-30T21:03:56.350+0000] {processor.py:743} INFO - Processing file /home/airflow/.local/lib/python3.7/site-packages/airflow/example_dags/example_xcom.py for tasks to queue
[2026-09-30T21:03:56.351+0000] {logging_mixin.py:137} INFO - [2026-09-30T21:03:56.351+0000] {dagbag.py:538} INFO - Filling up the DagBag from /home/airflow/.local/lib/python3.7/site-packages/airflow/example_dags/example_xcom.py
[2026-09-30T21:03:56.400+0000] {processor.py:753} INFO - DAG(s) dict_keys(['example_xcom']) retrieved from /home/airflow/.local/lib/python3.7/site-packages/airflow/example_dags/example_xcom.py
[2026-09-30T21:03:56.475+0000] {logging_mixin.py:137} INFO - [2026-09-30T21:03:56.474+0000] {dag.py:2676} INFO - Sync 1 DAGs
[2026-09-30T21:03:56.523+0000] {logging_mixin.py:137} INFO - [2026-09-30T21:03:56.523+0000] {dag.py:3427} INFO - Setting next_dagrun for example_xcom to 2021-01-01T00:00:00+00:00, run_after=2021-01-01T00:00:00+00:00
[2026-09-30T21:03:56.558+0000] {processor.py:175} INFO - Processing /home/airflow/.local/lib/python3.7/site-packages/airflow/example_dags/example_xcom.py took 0.216 seconds
[2026-09-30T21:04:27.461+0000] {processor.py:153} INFO - Started process (PID=18982) to work on /home/airflow/.local/lib/python3.7/site-packages/airflow/example_dags/example_xcom.py
[2026-09-30T21:04:27.462+0000] {processor.py:743} INFO - Processing file /home/airflow/.local/lib/python3.7/site-packages/airflow/example_dags/example_xcom.py for tasks to queue
[2026-09-30T21:04:27.463+0000] {logging_mixin.py:137} INFO - [2026-09-30T21:04:27.463+0000] {dagbag.py:538} INFO - Filling up the DagBag from /home/airflow/.local/lib/python3.7/site-packages/airflow/example_dags/example_xcom.py
[2026-09-30T21:04:27.501+0000] {processor.py:753} INFO - DAG(s) dict_keys(['example_xcom']) retrieved from /home/airflow/.local/lib/python3.7/site-packages/airflow/example_dags/example_xcom.py
[2026-09-30T21:04:27.551+0000] {logging_mixin.py:137} INFO - [2026-09-30T21:04:27.550+0000] {dag.py:2676} INFO - Sync 1 DAGs
[2026-09-30T21:04:27.589+0000] {logging_mixin.py:137} INFO - [2026-09-30T21:04:27.589+0000] {dag.py:3427} INFO - Setting next_dagrun for example_xcom to 2021-01-01T00:00:00+00:00, run_after=2021-01-01T00:00:00+00:00
[2026-09-30T21:04:27.618+0000] {processor.py:175} INFO - Processing /home/airflow/.local/lib/python3.7/site-packages/airflow/example_dags/example_xcom.py took 0.163 seconds
[2026-09-30T21:04:57.690+0000] {processor.py:153} INFO - Started process (PID=19061) to work on /home/airflow/.local/lib/python3.7/site-packages/airflow/example_dags/example_xcom.py
[2026-09-30T21:04:57.691+0000] {processor.py:743} INFO - Processing file /home/airflow/.local/lib/python3.7/site-packages/airflow/example_dags/example_xcom.py for tasks to queue
[2026-09-30T21:04:57.693+0000] {logging_mixin.py:137} INFO - [2026-09-30T21:04:57.692+0000] {dagbag.py:538} INFO - Filling up the DagBag from /home/airflow/.local/lib/python3.7/site-packages/airflow/example_dags/example_xcom.py
[2026-09-30T21:04:57.730+0000] {processor.py:753} INFO - DAG(s) dict_keys(['example_xcom']) retrieved from /home/airflow/.local/lib/python3.7/site-packages/airflow/example_dags/example_xcom.py
[2026-09-30T21:04:57.782+0000] {logging_mixin.py:137} INFO - [2026-09-30T21:04:57.782+0000] {dag.py:2676} INFO - Sync 1 DAGs
[2026-09-30T21:04:57.820+0000] {logging_mixin.py:137} INFO - [2026-09-30T21:04:57.820+0000] {dag.py:3427} INFO - Setting next_dagrun for example_xcom to 2021-01-01T00:00:00+00:00, run_after=2021-01-01T00:00:00+00:00
[2026-09-30T21:04:57.844+0000] {processor.py:175} INFO - Processing /home/airflow/.local/lib/python3.7/site-packages/airflow/example_dags/example_xcom.py took 0.160 seconds
[2026-09-30T21:05:28.059+0000] {processor.py:153} INFO - Started process (PID=19149) to work on /home/airflow/.local/lib/python3.7/site-packages/airflow/example_dags/example_xcom.py
[2026-09-30T21:05:28.060+0000] {processor.py:743} INFO - Processing file /home/airflow/.local/lib/python3.7/site-packages/airflow/example_dags/example_xcom.py for tasks to queue
[2026-09-30T21:05:28.061+0000] {logging_mixin.py:137} INFO - [2026-09-30T21:05:28.061+0000] {dagbag.py:538} INFO - Filling up the DagBag from /home/airflow/.local/lib/python3.7/site-packages/airflow/example_dags/example_xcom.py
[2026-09-30T21:05:28.101+0000] {processor.py:753} INFO - DAG(s) dict_keys(['example_xcom']) retrieved from /home/airflow/.local/lib/python3.7/site-packages/airflow/example_dags/example_xcom.py
[2026-09-30T21:05:28.159+0000] {logging_mixin.py:137} INFO - [2026-09-30T21:05:28.159+0000] {dag.py:2676} INFO - Sync 1 DAGs
[2026-09-30T21:05:28.197+0000] {logging_mixin.py:137} INFO - [2026-09-30T21:05:28.197+0000] {dag.py:3427} INFO - Setting next_dagrun for example_xcom to 2021-01-01T00:00:00+00:00, run_after=2021-01-01T00:00:00+00:00
[2026-09-30T21:05:28.222+0000] {processor.py:175} INFO - Processing /home/airflow/.local/lib/python3.7/site-packages/airflow/example_dags/example_xcom.py took 0.167 seconds
[2026-09-30T21:05:58.969+0000] {processor.py:153} INFO - Started process (PID=19240) to work on /home/airflow/.local/lib/python3.7/site-packages/airflow/example_dags/example_xcom.py
[2026-09-30T21:05:58.970+0000] {processor.py:743} INFO - Processing file /home/airflow/.local/lib/python3.7/site-packages/airflow/example_dags/example_xcom.py for tasks to queue
[2026-09-30T21:05:58.971+0000] {logging_mixin.py:137} INFO - [2026-09-30T21:05:58.971+0000] {dagbag.py:538} INFO - Filling up the DagBag from /home/airflow/.local/lib/python3.7/site-packages/airflow/example_dags/example_xcom.py
[2026-09-30T21:05:59.003+0000] {processor.py:753} INFO - DAG(s) dict_keys(['example_xcom']) retrieved from /home/airflow/.local/lib/python3.7/site-packages/airflow/example_dags/example_xcom.py
[2026-09-30T21:05:59.054+0000] {logging_mixin.py:137} INFO - [2026-09-30T21:05:59.053+0000] {dag.py:2676} INFO - Sync 1 DAGs
[2026-09-30T21:05:59.086+0000] {logging_mixin.py:137} INFO - [2026-09-30T21:05:59.086+0000] {dag.py:3427} INFO - Setting next_dagrun for example_xcom to 2021-01-01T00:00:00+00:00, run_after=2021-01-01T00:00:00+00:00
[2026-09-30T21:05:59.115+0000] {processor.py:175} INFO - Processing /home/airflow/.local/lib/python3.7/site-packages/airflow/example_dags/example_xcom.py took 0.150 seconds
[2026-09-30T21:06:29.885+0000] {processor.py:153} INFO - Started process (PID=19319) to work on /home/airflow/.local/lib/python3.7/site-packages/airflow/example_dags/example_xcom.py
[2026-09-30T21:06:29.886+0000] {processor.py:743} INFO - Processing file /home/airflow/.local/lib/python3.7/site-packages/airflow/example_dags/example_xcom.py for tasks to queue
[2026-09-30T21:06:29.888+0000] {logging_mixin.py:137} INFO - [2026-09-30T21:06:29.887+0000] {dagbag.py:538} INFO - Filling up the DagBag from /home/airflow/.local/lib/python3.7/site-packages/airflow/example_dags/example_xcom.py
[2026-09-30T21:06:29.932+0000] {processor.py:753} INFO - DAG(s) dict_keys(['example_xcom']) retrieved from /home/airflow/.local/lib/python3.7/site-packages/airflow/example_dags/example_xcom.py
[2026-09-30T21:06:29.996+0000] {logging_mixin.py:137} INFO - [2026-09-30T21:06:29.996+0000] {dag.py:2676} INFO - Sync 1 DAGs
[2026-09-30T21:06:30.045+0000] {logging_mixin.py:137} INFO - [2026-09-30T21:06:30.044+0000] {dag.py:3427} INFO - Setting next_dagrun for example_xcom to 2021-01-01T00:00:00+00:00, run_after=2021-01-01T00:00:00+00:00
[2026-09-30T21:06:30.078+0000] {processor.py:175} INFO - Processing /home/airflow/.local/lib/python3.7/site-packages/airflow/example_dags/example_xcom.py took 0.199 seconds
[2026-09-30T21:07:00.288+0000] {processor.py:153} INFO - Started process (PID=19398) to work on /home/airflow/.local/lib/python3.7/site-packages/airflow/example_dags/example_xcom.py
[2026-09-30T21:07:00.290+0000] {processor.py:743} INFO - Processing file /home/airflow/.local/lib/python3.7/site-packages/airflow/example_dags/example_xcom.py for tasks to queue
[2026-09-30T21:07:00.291+0000] {logging_mixin.py:137} INFO - [2026-09-30T21:07:00.291+0000] {dagbag.py:538} INFO - Filling up the DagBag from /home/airflow/.local/lib/python3.7/site-packages/airflow/example_dags/example_xcom.py
[2026-09-30T21:07:00.340+0000] {processor.py:753} INFO - DAG(s) dict_keys(['example_xcom']) retrieved from /home/airflow/.local/lib/python3.7/site-packages/airflow/example_dags/example_xcom.py
[2026-09-30T21:07:00.400+0000] {logging_mixin.py:137} INFO - [2026-09-30T21:07:00.400+0000] {dag.py:2676} INFO - Sync 1 DAGs
[2026-09-30T21:07:00.443+0000] {logging_mixin.py:137} INFO - [2026-09-30T21:07:00.443+0000] {dag.py:3427} INFO - Setting next_dagrun for example_xcom to 2021-01-01T00:00:00+00:00, run_after=2021-01-01T00:00:00+00:00
[2026-09-30T21:07:00.463+0000] {processor.py:175} INFO - Processing /home/airflow/.local/lib/python3.7/site-packages/airflow/example_dags/example_xcom.py took 0.179 seconds
[2026-09-30T21:07:30.994+0000] {processor.py:153} INFO - Started process (PID=19497) to work on /home/airflow/.local/lib/python3.7/site-packages/airflow/example_dags/example_xcom.py
[2026-09-30T21:07:30.995+0000] {processor.py:743} INFO - Processing file /home/airflow/.local/lib/python3.7/site-packages/airflow/example_dags/example_xcom.py for tasks to queue
[2026-09-30T21:07:30.995+0000] {logging_mixin.py:137} INFO - [2026-09-30T21:07:30.995+0000] {dagbag.py:538} INFO - Filling up the DagBag from /home/airflow/.local/lib/python3.7/site-packages/airflow/example_dags/example_xcom.py
[2026-09-30T21:07:31.029+0000] {processor.py:753} INFO - DAG(s) dict_keys(['example_xcom']) retrieved from /home/airflow/.local/lib/python3.7/site-packages/airflow/example_dags/example_xcom.py
[2026-09-30T21:07:31.085+0000] {logging_mixin.py:137} INFO - [2026-09-30T21:07:31.084+0000] {dag.py:2676} INFO - Sync 1 DAGs
[2026-09-30T21:07:31.118+0000] {logging_mixin.py:137} INFO - [2026-09-30T21:07:31.118+0000] {dag.py:3427} INFO - Setting next_dagrun for example_xcom to 2021-01-01T00:00:00+00:00, run_after=2021-01-01T00:00:00+00:00
[2026-09-30T21:07:31.137+0000] {processor.py:175} INFO - Processing /home/airflow/.local/lib/python3.7/site-packages/airflow/example_dags/example_xcom.py took 0.148 seconds
[2026-09-30T21:08:01.828+0000] {processor.py:153} INFO - Started process (PID=19576) to work on /home/airflow/.local/lib/python3.7/site-packages/airflow/example_dags/example_xcom.py
[2026-09-30T21:08:01.829+0000] {processor.py:743} INFO - Processing file /home/airflow/.local/lib/python3.7/site-packages/airflow/example_dags/example_xcom.py for tasks to queue
[2026-09-30T21:08:01.829+0000] {logging_mixin.py:137} INFO - [2026-09-30T21:08:01.829+0000] {dagbag.py:538} INFO - Filling up the DagBag from /home/airflow/.local/lib/python3.7/site-packages/airflow/example_dags/example_xcom.py
[2026-09-30T21:08:01.861+0000] {processor.py:753} INFO - DAG(s) dict_keys(['example_xcom']) retrieved from /home/airflow/.local/lib/python3.7/site-packages/airflow/example_dags/example_xcom.py
[2026-09-30T21:08:01.915+0000] {logging_mixin.py:137} INFO - [2026-09-30T21:08:01.915+0000] {dag.py:2676} INFO - Sync 1 DAGs
[2026-09-30T21:08:01.946+0000] {logging_mixin.py:137} INFO - [2026-09-30T21:08:01.946+0000] {dag.py:3427} INFO - Setting next_dagrun for example_xcom to 2021-01-01T00:00:00+00:00, run_after=2021-01-01T00:00:00+00:00
[2026-09-30T21:08:01.965+0000] {processor.py:175} INFO - Processing /home/airflow/.local/lib/python3.7/site-packages/airflow/example_dags/example_xcom.py took 0.141 seconds
[2026-09-30T21:08:32.562+0000] {processor.py:153} INFO - Started process (PID=19655) to work on /home/airflow/.local/lib/python3.7/site-packages/airflow/example_dags/example_xcom.py
[2026-09-30T21:08:32.564+0000] {processor.py:743} INFO - Processing file /home/airflow/.local/lib/python3.7/site-packages/airflow/example_dags/example_xcom.py for tasks to queue
[2026-09-30T21:08:32.565+0000] {logging_mixin.py:137} INFO - [2026-09-30T21:08:32.565+0000] {dagbag.py:538} INFO - Filling up the DagBag from /home/airflow/.local/lib/python3.7/site-packages/airflow/example_dags/example_xcom.py
[2026-09-30T21:08:32.599+0000] {processor.py:753} INFO - DAG(s) dict_keys(['example_xcom']) retrieved from /home/airflow/.local/lib/python3.7/site-packages/airflow/example_dags/example_xcom.py
[2026-09-30T21:08:32.646+0000] {logging_mixin.py:137} INFO - [2026-09-30T21:08:32.646+0000] {dag.py:2676} INFO - Sync 1 DAGs
[2026-09-30T21:08:32.676+0000] {logging_mixin.py:137} INFO - [2026-09-30T21:08:32.676+0000] {dag.py:3427} INFO - Setting next_dagrun for example_xcom to 2021-01-01T00:00:00+00:00, run_after=2021-01-01T00:00:00+00:00
[2026-09-30T21:08:32.697+0000] {processor.py:175} INFO - Processing /home/airflow/.local/lib/python3.7/site-packages/airflow/example_dags/example_xcom.py took 0.141 seconds
[2026-09-30T21:09:02.888+0000] {processor.py:153} INFO - Started process (PID=19734) to work on /home/airflow/.local/lib/python3.7/site-packages/airflow/example_dags/example_xcom.py
[2026-09-30T21:09:02.889+0000] {processor.py:743} INFO - Processing file /home/airflow/.local/lib/python3.7/site-packages/airflow/example_dags/example_xcom.py for tasks to queue
[2026-09-30T21:09:02.890+0000] {logging_mixin.py:137} INFO - [2026-09-30T21:09:02.889+0000] {dagbag.py:538} INFO - Filling up the DagBag from /home/airflow/.local/lib/python3.7/site-packages/airflow/example_dags/example_xcom.py
[2026-09-30T21:09:02.919+0000] {processor.py:753} INFO - DAG(s) dict_keys(['example_xcom']) retrieved from /home/airflow/.local/lib/python3.7/site-packages/airflow/example_dags/example_xcom.py
[2026-09-30T21:09:02.973+0000] {logging_mixin.py:137} INFO - [2026-09-30T21:09:02.973+0000] {dag.py:2676} INFO - Sync 1 DAGs
[2026-09-30T21:09:03.002+0000] {logging_mixin.py:137} INFO - [2026-09-30T21:09:03.001+0000] {dag.py:3427} INFO - Setting next_dagrun for example_xcom to 2021-01-01T00:00:00+00:00, run_after=2021-01-01T00:00:00+00:00
[2026-09-30T21:09:03.023+0000] {processor.py:175} INFO - Processing /home/airflow/.local/lib/python3.7/site-packages/airflow/example_dags/example_xcom.py took 0.139 seconds
[2026-09-30T21:09:33.181+0000] {processor.py:153} INFO - Started process (PID=19833) to work on /home/airflow/.local/lib/python3.7/site-packages/airflow/example_dags/example_xcom.py
[2026-09-30T21:09:33.182+0000] {processor.py:743} INFO - Processing file /home/airflow/.local/lib/python3.7/site-packages/airflow/example_dags/example_xcom.py for tasks to queue
[2026-09-30T21:09:33.182+0000] {logging_mixin.py:137} INFO - [2026-09-30T21:09:33.182+0000] {dagbag.py:538} INFO - Filling up the DagBag from /home/airflow/.local/lib/python3.7/site-packages/airflow/example_dags/example_xcom.py
[2026-09-30T21:09:33.212+0000] {processor.py:753} INFO - DAG(s) dict_keys(['example_xcom']) retrieved from /home/airflow/.local/lib/python3.7/site-packages/airflow/example_dags/example_xcom.py
[2026-09-30T21:09:33.269+0000] {logging_mixin.py:137} INFO - [2026-09-30T21:09:33.269+0000] {dag.py:2676} INFO - Sync 1 DAGs
[2026-09-30T21:09:33.299+0000] {logging_mixin.py:137} INFO - [2026-09-30T21:09:33.299+0000] {dag.py:3427} INFO - Setting next_dagrun for example_xcom to 2021-01-01T00:00:00+00:00, run_after=2021-01-01T00:00:00+00:00
[2026-09-30T21:09:33.324+0000] {processor.py:175} INFO - Processing /home/airflow/.local/lib/python3.7/site-packages/airflow/example_dags/example_xcom.py took 0.148 seconds
[2026-09-30T21:10:03.481+0000] {processor.py:153} INFO - Started process (PID=19912) to work on /home/airflow/.local/lib/python3.7/site-packages/airflow/example_dags/example_xcom.py
[2026-09-30T21:10:03.482+0000] {processor.py:743} INFO - Processing file /home/airflow/.local/lib/python3.7/site-packages/airflow/example_dags/example_xcom.py for tasks to queue
[2026-09-30T21:10:03.482+0000] {logging_mixin.py:137} INFO - [2026-09-30T21:10:03.482+0000] {dagbag.py:538} INFO - Filling up the DagBag from /home/airflow/.local/lib/python3.7/site-packages/airflow/example_dags/example_xcom.py
[2026-09-30T21:10:03.513+0000] {processor.py:753} INFO - DAG(s) dict_keys(['example_xcom']) retrieved from /home/airflow/.local/lib/python3.7/site-packages/airflow/example_dags/example_xcom.py
[2026-09-30T21:10:03.561+0000] {logging_mixin.py:137} INFO - [2026-09-30T21:10:03.561+0000] {dag.py:2676} INFO - Sync 1 DAGs
[2026-09-30T21:10:03.596+0000] {logging_mixin.py:137} INFO - [2026-09-30T21:10:03.596+0000] {dag.py:3427} INFO - Setting next_dagrun for example_xcom to 2021-01-01T00:00:00+00:00, run_after=2021-01-01T00:00:00+00:00
[2026-09-30T21:10:03.618+0000] {processor.py:175} INFO - Processing /home/airflow/.local/lib/python3.7/site-packages/airflow/example_dags/example_xcom.py took 0.142 seconds
[2026-09-30T21:10:33.790+0000] {processor.py:153} INFO - Started process (PID=19991) to work on /home/airflow/.local/lib/python3.7/site-packages/airflow/example_dags/example_xcom.py
[2026-09-30T21:10:33.791+0000] {processor.py:743} INFO - Processing file /home/airflow/.local/lib/python3.7/site-packages/airflow/example_dags/example_xcom.py for tasks to queue
[2026-09-30T21:10:33.792+0000] {logging_mixin.py:137} INFO - [2026-09-30T21:10:33.791+0000] {dagbag.py:538} INFO - Filling up the DagBag from /home/airflow/.local/lib/python3.7/site-packages/airflow/example_dags/example_xcom.py
[2026-09-30T21:10:33.825+0000] {processor.py:753} INFO - DAG(s) dict_keys(['example_xcom']) retrieved from /home/airflow/.local/lib/python3.7/site-packages/airflow/example_dags/example_xcom.py
[2026-09-30T21:10:33.880+0000] {logging_mixin.py:137} INFO - [2026-09-30T21:10:33.880+0000] {dag.py:2676} INFO - Sync 1 DAGs
[2026-09-30T21:10:33.930+0000] {logging_mixin.py:137} INFO - [2026-09-30T21:10:33.930+0000] {dag.py:3427} INFO - Setting next_dagrun for example_xcom to 2021-01-01T00:00:00+00:00, run_after=2021-01-01T00:00:00+00:00
[2026-09-30T21:10:33.951+0000] {processor.py:175} INFO - Processing /home/airflow/.local/lib/python3.7/site-packages/airflow/example_dags/example_xcom.py took 0.165 seconds
[2026-09-30T21:11:04.782+0000] {processor.py:153} INFO - Started process (PID=20070) to work on /home/airflow/.local/lib/python3.7/site-packages/airflow/example_dags/example_xcom.py
[2026-09-30T21:11:04.783+0000] {processor.py:743} INFO - Processing file /home/airflow/.local/lib/python3.7/site-packages/airflow/example_dags/example_xcom.py for tasks to queue
[2026-09-30T21:11:04.784+0000] {logging_mixin.py:137} INFO - [2026-09-30T21:11:04.784+0000] {dagbag.py:538} INFO - Filling up the DagBag from /home/airflow/.local/lib/python3.7/site-packages/airflow/example_dags/example_xcom.py
[2026-09-30T21:11:04.814+0000] {processor.py:753} INFO - DAG(s) dict_keys(['example_xcom']) retrieved from /home/airflow/.local/lib/python3.7/site-packages/airflow/example_dags/example_xcom.py
[2026-09-30T21:11:04.870+0000] {logging_mixin.py:137} INFO - [2026-09-30T21:11:04.869+0000] {dag.py:2676} INFO - Sync 1 DAGs
[2026-09-30T21:11:04.913+0000] {logging_mixin.py:137} INFO - [2026-09-30T21:11:04.913+0000] {dag.py:3427} INFO - Setting next_dagrun for example_xcom to 2021-01-01T00:00:00+00:00, run_after=2021-01-01T00:00:00+00:00
[2026-09-30T21:11:04.938+0000] {processor.py:175} INFO - Processing /home/airflow/.local/lib/python3.7/site-packages/airflow/example_dags/example_xcom.py took 0.159 seconds
[2026-09-30T21:11:35.275+0000] {processor.py:153} INFO - Started process (PID=20169) to work on /home/airflow/.local/lib/python3.7/site-packages/airflow/example_dags/example_xcom.py
[2026-09-30T21:11:35.276+0000] {processor.py:743} INFO - Processing file /home/airflow/.local/lib/python3.7/site-packages/airflow/example_dags/example_xcom.py for tasks to queue
[2026-09-30T21:11:35.277+0000] {logging_mixin.py:137} INFO - [2026-09-30T21:11:35.277+0000] {dagbag.py:538} INFO - Filling up the DagBag from /home/airflow/.local/lib/python3.7/site-packages/airflow/example_dags/example_xcom.py
[2026-09-30T21:11:35.305+0000] {processor.py:753} INFO - DAG(s) dict_keys(['example_xcom']) retrieved from /home/airflow/.local/lib/python3.7/site-packages/airflow/example_dags/example_xcom.py
[2026-09-30T21:11:35.347+0000] {logging_mixin.py:137} INFO - [2026-09-30T21:11:35.347+0000] {dag.py:2676} INFO - Sync 1 DAGs
[2026-09-30T21:11:35.374+0000] {logging_mixin.py:137} INFO - [2026-09-30T21:11:35.373+0000] {dag.py:3427} INFO - Setting next_dagrun for example_xcom to 2021-01-01T00:00:00+00:00, run_after=2021-01-01T00:00:00+00:00
[2026-09-30T21:11:35.393+0000] {processor.py:175} INFO - Processing /home/airflow/.local/lib/python3.7/site-packages/airflow/example_dags/example_xcom.py took 0.121 seconds
[2026-09-30T21:12:05.731+0000] {processor.py:153} INFO - Started process (PID=20248) to work on /home/airflow/.local/lib/python3.7/site-packages/airflow/example_dags/example_xcom.py
[2026-09-30T21:12:05.732+0000] {processor.py:743} INFO - Processing file /home/airflow/.local/lib/python3.7/site-packages/airflow/example_dags/example_xcom.py for tasks to queue
[2026-09-30T21:12:05.732+0000] {logging_mixin.py:137} INFO - [2026-09-30T21:12:05.732+0000] {dagbag.py:538} INFO - Filling up the DagBag from /home/airflow/.local/lib/python3.7/site-packages/airflow/example_dags/example_xcom.py
[2026-09-30T21:12:05.771+0000] {processor.py:753} INFO - DAG(s) dict_keys(['example_xcom']) retrieved from /home/airflow/.local/lib/python3.7/site-packages/airflow/example_dags/example_xcom.py
[2026-09-30T21:12:05.818+0000] {logging_mixin.py:137} INFO - [2026-09-30T21:12:05.818+0000] {dag.py:2676} INFO - Sync 1 DAGs
[2026-09-30T21:12:05.858+0000] {logging_mixin.py:137} INFO - [2026-09-30T21:12:05.858+0000] {dag.py:3427} INFO - Setting next_dagrun for example_xcom to 2021-01-01T00:00:00+00:00, run_after=2021-01-01T00:00:00+00:00
[2026-09-30T21:12:05.878+0000] {processor.py:175} INFO - Processing /home/airflow/.local/lib/python3.7/site-packages/airflow/example_dags/example_xcom.py took 0.151 seconds
[2026-09-30T21:12:36.701+0000] {processor.py:153} INFO - Started process (PID=20327) to work on /home/airflow/.local/lib/python3.7/site-packages/airflow/example_dags/example_xcom.py
[2026-09-30T21:12:36.702+0000] {processor.py:743} INFO - Processing file /home/airflow/.local/lib/python3.7/site-packages/airflow/example_dags/example_xcom.py for tasks to queue
[2026-09-30T21:12:36.703+0000] {logging_mixin.py:137} INFO - [2026-09-30T21:12:36.702+0000] {dagbag.py:538} INFO - Filling up the DagBag from /home/airflow/.local/lib/python3.7/site-packages/airflow/example_dags/example_xcom.py
[2026-09-30T21:12:36.743+0000] {processor.py:753} INFO - DAG(s) dict_keys(['example_xcom']) retrieved from /home/airflow/.local/lib/python3.7/site-packages/airflow/example_dags/example_xcom.py
[2026-09-30T21:12:36.791+0000] {logging_mixin.py:137} INFO - [2026-09-30T21:12:36.791+0000] {dag.py:2676} INFO - Sync 1 DAGs
[2026-09-30T21:12:36.838+0000] {logging_mixin.py:137} INFO - [2026-09-30T21:12:36.838+0000] {dag.py:3427} INFO - Setting next_dagrun for example_xcom to 2021-01-01T00:00:00+00:00, run_after=2021-01-01T00:00:00+00:00
[2026-09-30T21:12:36.860+0000] {processor.py:175} INFO - Processing /home/airflow/.local/lib/python3.7/site-packages/airflow/example_dags/example_xcom.py took 0.162 seconds
[2026-09-30T21:13:07.029+0000] {processor.py:153} INFO - Started process (PID=20406) to work on /home/airflow/.local/lib/python3.7/site-packages/airflow/example_dags/example_xcom.py
[2026-09-30T21:13:07.030+0000] {processor.py:743} INFO - Processing file /home/airflow/.local/lib/python3.7/site-packages/airflow/example_dags/example_xcom.py for tasks to queue
[2026-09-30T21:13:07.031+0000] {logging_mixin.py:137} INFO - [2026-09-30T21:13:07.031+0000] {dagbag.py:538} INFO - Filling up the DagBag from /home/airflow/.local/lib/python3.7/site-packages/airflow/example_dags/example_xcom.py
[2026-09-30T21:13:07.078+0000] {processor.py:753} INFO - DAG(s) dict_keys(['example_xcom']) retrieved from /home/airflow/.local/lib/python3.7/site-packages/airflow/example_dags/example_xcom.py
[2026-09-30T21:13:07.128+0000] {logging_mixin.py:137} INFO - [2026-09-30T21:13:07.128+0000] {dag.py:2676} INFO - Sync 1 DAGs
[2026-09-30T21:13:07.167+0000] {logging_mixin.py:137} INFO - [2026-09-30T21:13:07.166+0000] {dag.py:3427} INFO - Setting next_dagrun for example_xcom to 2021-01-01T00:00:00+00:00, run_after=2021-01-01T00:00:00+00:00
[2026-09-30T21:13:07.195+0000] {processor.py:175} INFO - Processing /home/airflow/.local/lib/python3.7/site-packages/airflow/example_dags/example_xcom.py took 0.173 seconds
[2026-09-30T21:13:37.732+0000] {processor.py:153} INFO - Started process (PID=20494) to work on /home/airflow/.local/lib/python3.7/site-packages/airflow/example_dags/example_xcom.py
[2026-09-30T21:13:37.733+0000] {processor.py:743} INFO - Processing file /home/airflow/.local/lib/python3.7/site-packages/airflow/example_dags/example_xcom.py for tasks to queue
[2026-09-30T21:13:37.735+0000] {logging_mixin.py:137} INFO - [2026-09-30T21:13:37.734+0000] {dagbag.py:538} INFO - Filling up the DagBag from /home/airflow/.local/lib/python3.7/site-packages/airflow/example_dags/example_xcom.py
[2026-09-30T21:13:37.802+0000] {processor.py:753} INFO - DAG(s) dict_keys(['example_xcom']) retrieved from /home/airflow/.local/lib/python3.7/site-packages/airflow/example_dags/example_xcom.py
[2026-09-30T21:13:37.864+0000] {logging_mixin.py:137} INFO - [2026-09-30T21:13:37.864+0000] {dag.py:2676} INFO - Sync 1 DAGs
[2026-09-30T21:13:37.909+0000] {logging_mixin.py:137} INFO - [2026-09-30T21:13:37.908+0000] {dag.py:3427} INFO - Setting next_dagrun for example_xcom to 2021-01-01T00:00:00+00:00, run_after=2021-01-01T00:00:00+00:00
[2026-09-30T21:13:37.953+0000] {processor.py:175} INFO - Processing /home/airflow/.local/lib/python3.7/site-packages/airflow/example_dags/example_xcom.py took 0.225 seconds
[2026-09-30T21:14:08.291+0000] {processor.py:153} INFO - Started process (PID=20584) to work on /home/airflow/.local/lib/python3.7/site-packages/airflow/example_dags/example_xcom.py
[2026-09-30T21:14:08.292+0000] {processor.py:743} INFO - Processing file /home/airflow/.local/lib/python3.7/site-packages/airflow/example_dags/example_xcom.py for tasks to queue
[2026-09-30T21:14:08.293+0000] {logging_mixin.py:137} INFO - [2026-09-30T21:14:08.293+0000] {dagbag.py:538} INFO - Filling up the DagBag from /home/airflow/.local/lib/python3.7/site-packages/airflow/example_dags/example_xcom.py
[2026-09-30T21:14:08.327+0000] {processor.py:753} INFO - DAG(s) dict_keys(['example_xcom']) retrieved from /home/airflow/.local/lib/python3.7/site-packages/airflow/example_dags/example_xcom.py
[2026-09-30T21:14:08.387+0000] {logging_mixin.py:137} INFO - [2026-09-30T21:14:08.387+0000] {dag.py:2676} INFO - Sync 1 DAGs
[2026-09-30T21:14:08.428+0000] {logging_mixin.py:137} INFO - [2026-09-30T21:14:08.428+0000] {dag.py:3427} INFO - Setting next_dagrun for example_xcom to 2021-01-01T00:00:00+00:00, run_after=2021-01-01T00:00:00+00:00
[2026-09-30T21:14:08.448+0000] {processor.py:175} INFO - Processing /home/airflow/.local/lib/python3.7/site-packages/airflow/example_dags/example_xcom.py took 0.161 seconds
[2026-09-30T21:14:38.845+0000] {processor.py:153} INFO - Started process (PID=20663) to work on /home/airflow/.local/lib/python3.7/site-packages/airflow/example_dags/example_xcom.py
[2026-09-30T21:14:38.846+0000] {processor.py:743} INFO - Processing file /home/airflow/.local/lib/python3.7/site-packages/airflow/example_dags/example_xcom.py for tasks to queue
[2026-09-30T21:14:38.847+0000] {logging_mixin.py:137} INFO - [2026-09-30T21:14:38.847+0000] {dagbag.py:538} INFO - Filling up the DagBag from /home/airflow/.local/lib/python3.7/site-packages/airflow/example_dags/example_xcom.py
[2026-09-30T21:14:38.879+0000] {processor.py:753} INFO - DAG(s) dict_keys(['example_xcom']) retrieved from /home/airflow/.local/lib/python3.7/site-packages/airflow/example_dags/example_xcom.py
[2026-09-30T21:14:38.934+0000] {logging_mixin.py:137} INFO - [2026-09-30T21:14:38.934+0000] {dag.py:2676} INFO - Sync 1 DAGs
[2026-09-30T21:14:38.966+0000] {logging_mixin.py:137} INFO - [2026-09-30T21:14:38.966+0000] {dag.py:3427} INFO - Setting next_dagrun for example_xcom to 2021-01-01T00:00:00+00:00, run_after=2021-01-01T00:00:00+00:00
[2026-09-30T21:14:38.987+0000] {processor.py:175} INFO - Processing /home/airflow/.local/lib/python3.7/site-packages/airflow/example_dags/example_xcom.py took 0.146 seconds
[2026-09-30T21:15:09.828+0000] {processor.py:153} INFO - Started process (PID=20742) to work on /home/airflow/.local/lib/python3.7/site-packages/airflow/example_dags/example_xcom.py
[2026-09-30T21:15:09.829+0000] {processor.py:743} INFO - Processing file /home/airflow/.local/lib/python3.7/site-packages/airflow/example_dags/example_xcom.py for tasks to queue
[2026-09-30T21:15:09.829+0000] {logging_mixin.py:137} INFO - [2026-09-30T21:15:09.829+0000] {dagbag.py:538} INFO - Filling up the DagBag from /home/airflow/.local/lib/python3.7/site-packages/airflow/example_dags/example_xcom.py
[2026-09-30T21:15:09.859+0000] {processor.py:753} INFO - DAG(s) dict_keys(['example_xcom']) retrieved from /home/airflow/.local/lib/python3.7/site-packages/airflow/example_dags/example_xcom.py
[2026-09-30T21:15:09.907+0000] {logging_mixin.py:137} INFO - [2026-09-30T21:15:09.907+0000] {dag.py:2676} INFO - Sync 1 DAGs
[2026-09-30T21:15:09.940+0000] {logging_mixin.py:137} INFO - [2026-09-30T21:15:09.940+0000] {dag.py:3427} INFO - Setting next_dagrun for example_xcom to 2021-01-01T00:00:00+00:00, run_after=2021-01-01T00:00:00+00:00
[2026-09-30T21:15:09.962+0000] {processor.py:175} INFO - Processing /home/airflow/.local/lib/python3.7/site-packages/airflow/example_dags/example_xcom.py took 0.137 seconds
[2026-09-30T21:15:40.603+0000] {processor.py:153} INFO - Started process (PID=20841) to work on /home/airflow/.local/lib/python3.7/site-packages/airflow/example_dags/example_xcom.py
[2026-09-30T21:15:40.604+0000] {processor.py:743} INFO - Processing file /home/airflow/.local/lib/python3.7/site-packages/airflow/example_dags/example_xcom.py for tasks to queue
[2026-09-30T21:15:40.605+0000] {logging_mixin.py:137} INFO - [2026-09-30T21:15:40.605+0000] {dagbag.py:538} INFO - Filling up the DagBag from /home/airflow/.local/lib/python3.7/site-packages/airflow/example_dags/example_xcom.py
[2026-09-30T21:15:40.652+0000] {processor.py:753} INFO - DAG(s) dict_keys(['example_xcom']) retrieved from /home/airflow/.local/lib/python3.7/site-packages/airflow/example_dags/example_xcom.py
[2026-09-30T21:15:40.714+0000] {logging_mixin.py:137} INFO - [2026-09-30T21:15:40.714+0000] {dag.py:2676} INFO - Sync 1 DAGs
[2026-09-30T21:15:40.765+0000] {logging_mixin.py:137} INFO - [2026-09-30T21:15:40.765+0000] {dag.py:3427} INFO - Setting next_dagrun for example_xcom to 2021-01-01T00:00:00+00:00, run_after=2021-01-01T00:00:00+00:00
[2026-09-30T21:15:40.791+0000] {processor.py:175} INFO - Processing /home/airflow/.local/lib/python3.7/site-packages/airflow/example_dags/example_xcom.py took 0.194 seconds
[2026-09-30T21:16:11.076+0000] {processor.py:153} INFO - Started process (PID=20920) to work on /home/airflow/.local/lib/python3.7/site-packages/airflow/example_dags/example_xcom.py
[2026-09-30T21:16:11.077+0000] {processor.py:743} INFO - Processing file /home/airflow/.local/lib/python3.7/site-packages/airflow/example_dags/example_xcom.py for tasks to queue
[2026-09-30T21:16:11.078+0000] {logging_mixin.py:137} INFO - [2026-09-30T21:16:11.078+0000] {dagbag.py:538} INFO - Filling up the DagBag from /home/airflow/.local/lib/python3.7/site-packages/airflow/example_dags/example_xcom.py
[2026-09-30T21:16:11.107+0000] {processor.py:753} INFO - DAG(s) dict_keys(['example_xcom']) retrieved from /home/airflow/.local/lib/python3.7/site-packages/airflow/example_dags/example_xcom.py
[2026-09-30T21:16:11.157+0000] {logging_mixin.py:137} INFO - [2026-09-30T21:16:11.157+0000] {dag.py:2676} INFO - Sync 1 DAGs
[2026-09-30T21:16:11.194+0000] {logging_mixin.py:137} INFO - [2026-09-30T21:16:11.193+0000] {dag.py:3427} INFO - Setting next_dagrun for example_xcom to 2021-01-01T00:00:00+00:00, run_after=2021-01-01T00:00:00+00:00
[2026-09-30T21:16:11.216+0000] {processor.py:175} INFO - Processing /home/airflow/.local/lib/python3.7/site-packages/airflow/example_dags/example_xcom.py took 0.146 seconds
[2026-09-30T21:16:41.428+0000] {processor.py:153} INFO - Started process (PID=20999) to work on /home/airflow/.local/lib/python3.7/site-packages/airflow/example_dags/example_xcom.py
[2026-09-30T21:16:41.430+0000] {processor.py:743} INFO - Processing file /home/airflow/.local/lib/python3.7/site-packages/airflow/example_dags/example_xcom.py for tasks to queue
[2026-09-30T21:16:41.430+0000] {logging_mixin.py:137} INFO - [2026-09-30T21:16:41.430+0000] {dagbag.py:538} INFO - Filling up the DagBag from /home/airflow/.local/lib/python3.7/site-packages/airflow/example_dags/example_xcom.py
[2026-09-30T21:16:41.459+0000] {processor.py:753} INFO - DAG(s) dict_keys(['example_xcom']) retrieved from /home/airflow/.local/lib/python3.7/site-packages/airflow/example_dags/example_xcom.py
[2026-09-30T21:16:41.506+0000] {logging_mixin.py:137} INFO - [2026-09-30T21:16:41.506+0000] {dag.py:2676} INFO - Sync 1 DAGs
[2026-09-30T21:16:41.540+0000] {logging_mixin.py:137} INFO - [2026-09-30T21:16:41.540+0000] {dag.py:3427} INFO - Setting next_dagrun for example_xcom to 2021-01-01T00:00:00+00:00, run_after=2021-01-01T00:00:00+00:00
[2026-09-30T21:16:41.570+0000] {processor.py:175} INFO - Processing /home/airflow/.local/lib/python3.7/site-packages/airflow/example_dags/example_xcom.py took 0.149 seconds
[2026-09-30T21:17:12.121+0000] {processor.py:153} INFO - Started process (PID=21078) to work on /home/airflow/.local/lib/python3.7/site-packages/airflow/example_dags/example_xcom.py
[2026-09-30T21:17:12.122+0000] {processor.py:743} INFO - Processing file /home/airflow/.local/lib/python3.7/site-packages/airflow/example_dags/example_xcom.py for tasks to queue
[2026-09-30T21:17:12.123+0000] {logging_mixin.py:137} INFO - [2026-09-30T21:17:12.123+0000] {dagbag.py:538} INFO - Filling up the DagBag from /home/airflow/.local/lib/python3.7/site-packages/airflow/example_dags/example_xcom.py
[2026-09-30T21:17:12.173+0000] {processor.py:753} INFO - DAG(s) dict_keys(['example_xcom']) retrieved from /home/airflow/.local/lib/python3.7/site-packages/airflow/example_dags/example_xcom.py
[2026-09-30T21:17:12.235+0000] {logging_mixin.py:137} INFO - [2026-09-30T21:17:12.235+0000] {dag.py:2676} INFO - Sync 1 DAGs
[2026-09-30T21:17:12.270+0000] {logging_mixin.py:137} INFO - [2026-09-30T21:17:12.269+0000] {dag.py:3427} INFO - Setting next_dagrun for example_xcom to 2021-01-01T00:00:00+00:00, run_after=2021-01-01T00:00:00+00:00
[2026-09-30T21:17:12.295+0000] {processor.py:175} INFO - Processing /home/airflow/.local/lib/python3.7/site-packages/airflow/example_dags/example_xcom.py took 0.180 seconds
[2026-09-30T21:17:42.810+0000] {processor.py:153} INFO - Started process (PID=21166) to work on /home/airflow/.local/lib/python3.7/site-packages/airflow/example_dags/example_xcom.py
[2026-09-30T21:17:42.811+0000] {processor.py:743} INFO - Processing file /home/airflow/.local/lib/python3.7/site-packages/airflow/example_dags/example_xcom.py for tasks to queue
[2026-09-30T21:17:42.812+0000] {logging_mixin.py:137} INFO - [2026-09-30T21:17:42.812+0000] {dagbag.py:538} INFO - Filling up the DagBag from /home/airflow/.local/lib/python3.7/site-packages/airflow/example_dags/example_xcom.py
[2026-09-30T21:17:42.842+0000] {processor.py:753} INFO - DAG(s) dict_keys(['example_xcom']) retrieved from /home/airflow/.local/lib/python3.7/site-packages/airflow/example_dags/example_xcom.py
[2026-09-30T21:17:42.890+0000] {logging_mixin.py:137} INFO - [2026-09-30T21:17:42.890+0000] {dag.py:2676} INFO - Sync 1 DAGs
[2026-09-30T21:17:42.921+0000] {logging_mixin.py:137} INFO - [2026-09-30T21:17:42.921+0000] {dag.py:3427} INFO - Setting next_dagrun for example_xcom to 2021-01-01T00:00:00+00:00, run_after=2021-01-01T00:00:00+00:00
[2026-09-30T21:17:42.942+0000] {processor.py:175} INFO - Processing /home/airflow/.local/lib/python3.7/site-packages/airflow/example_dags/example_xcom.py took 0.136 seconds
[2026-09-30T21:18:13.539+0000] {processor.py:153} INFO - Started process (PID=21256) to work on /home/airflow/.local/lib/python3.7/site-packages/airflow/example_dags/example_xcom.py
[2026-09-30T21:18:13.540+0000] {processor.py:743} INFO - Processing file /home/airflow/.local/lib/python3.7/site-packages/airflow/example_dags/example_xcom.py for tasks to queue
[2026-09-30T21:18:13.541+0000] {logging_mixin.py:137} INFO - [2026-09-30T21:18:13.541+0000] {dagbag.py:538} INFO - Filling up the DagBag from /home/airflow/.local/lib/python3.7/site-packages/airflow/example_dags/example_xcom.py
[2026-09-30T21:18:13.573+0000] {processor.py:753} INFO - DAG(s) dict_keys(['example_xcom']) retrieved from /home/airflow/.local/lib/python3.7/site-packages/airflow/example_dags/example_xcom.py
[2026-09-30T21:18:13.623+0000] {logging_mixin.py:137} INFO - [2026-09-30T21:18:13.623+0000] {dag.py:2676} INFO - Sync 1 DAGs
[2026-09-30T21:18:13.661+0000] {logging_mixin.py:137} INFO - [2026-09-30T21:18:13.660+0000] {dag.py:3427} INFO - Setting next_dagrun for example_xcom to 2021-01-01T00:00:00+00:00, run_after=2021-01-01T00:00:00+00:00
[2026-09-30T21:18:13.687+0000] {processor.py:175} INFO - Processing /home/airflow/.local/lib/python3.7/site-packages/airflow/example_dags/example_xcom.py took 0.151 seconds
[2026-09-30T21:18:44.299+0000] {processor.py:153} INFO - Started process (PID=21335) to work on /home/airflow/.local/lib/python3.7/site-packages/airflow/example_dags/example_xcom.py
[2026-09-30T21:18:44.300+0000] {processor.py:743} INFO - Processing file /home/airflow/.local/lib/python3.7/site-packages/airflow/example_dags/example_xcom.py for tasks to queue
[2026-09-30T21:18:44.301+0000] {logging_mixin.py:137} INFO - [2026-09-30T21:18:44.301+0000] {dagbag.py:538} INFO - Filling up the DagBag from /home/airflow/.local/lib/python3.7/site-packages/airflow/example_dags/example_xcom.py
[2026-09-30T21:18:44.332+0000] {processor.py:753} INFO - DAG(s) dict_keys(['example_xcom']) retrieved from /home/airflow/.local/lib/python3.7/site-packages/airflow/example_dags/example_xcom.py
[2026-09-30T21:18:44.385+0000] {logging_mixin.py:137} INFO - [2026-09-30T21:18:44.385+0000] {dag.py:2676} INFO - Sync 1 DAGs
[2026-09-30T21:18:44.418+0000] {logging_mixin.py:137} INFO - [2026-09-30T21:18:44.418+0000] {dag.py:3427} INFO - Setting next_dagrun for example_xcom to 2021-01-01T00:00:00+00:00, run_after=2021-01-01T00:00:00+00:00
[2026-09-30T21:18:44.441+0000] {processor.py:175} INFO - Processing /home/airflow/.local/lib/python3.7/site-packages/airflow/example_dags/example_xcom.py took 0.148 seconds
[2026-09-30T21:19:15.105+0000] {processor.py:153} INFO - Started process (PID=21423) to work on /home/airflow/.local/lib/python3.7/site-packages/airflow/example_dags/example_xcom.py
[2026-09-30T21:19:15.106+0000] {processor.py:743} INFO - Processing file /home/airflow/.local/lib/python3.7/site-packages/airflow/example_dags/example_xcom.py for tasks to queue
[2026-09-30T21:19:15.107+0000] {logging_mixin.py:137} INFO - [2026-09-30T21:19:15.107+0000] {dagbag.py:538} INFO - Filling up the DagBag from /home/airflow/.local/lib/python3.7/site-packages/airflow/example_dags/example_xcom.py
[2026-09-30T21:19:15.137+0000] {processor.py:753} INFO - DAG(s) dict_keys(['example_xcom']) retrieved from /home/airflow/.local/lib/python3.7/site-packages/airflow/example_dags/example_xcom.py
[2026-09-30T21:19:15.190+0000] {logging_mixin.py:137} INFO - [2026-09-30T21:19:15.189+0000] {dag.py:2676} INFO - Sync 1 DAGs
[2026-09-30T21:19:15.231+0000] {logging_mixin.py:137} INFO - [2026-09-30T21:19:15.231+0000] {dag.py:3427} INFO - Setting next_dagrun for example_xcom to 2021-01-01T00:00:00+00:00, run_after=2021-01-01T00:00:00+00:00
[2026-09-30T21:19:15.254+0000] {processor.py:175} INFO - Processing /home/airflow/.local/lib/python3.7/site-packages/airflow/example_dags/example_xcom.py took 0.152 seconds
[2026-09-30T21:19:45.403+0000] {processor.py:153} INFO - Started process (PID=21513) to work on /home/airflow/.local/lib/python3.7/site-packages/airflow/example_dags/example_xcom.py
[2026-09-30T21:19:45.404+0000] {processor.py:743} INFO - Processing file /home/airflow/.local/lib/python3.7/site-packages/airflow/example_dags/example_xcom.py for tasks to queue
[2026-09-30T21:19:45.404+0000] {logging_mixin.py:137} INFO - [2026-09-30T21:19:45.404+0000] {dagbag.py:538} INFO - Filling up the DagBag from /home/airflow/.local/lib/python3.7/site-packages/airflow/example_dags/example_xcom.py
[2026-09-30T21:19:45.436+0000] {processor.py:753} INFO - DAG(s) dict_keys(['example_xcom']) retrieved from /home/airflow/.local/lib/python3.7/site-packages/airflow/example_dags/example_xcom.py
[2026-09-30T21:19:45.481+0000] {logging_mixin.py:137} INFO - [2026-09-30T21:19:45.481+0000] {dag.py:2676} INFO - Sync 1 DAGs
[2026-09-30T21:19:45.509+0000] {logging_mixin.py:137} INFO - [2026-09-30T21:19:45.509+0000] {dag.py:3427} INFO - Setting next_dagrun for example_xcom to 2021-01-01T00:00:00+00:00, run_after=2021-01-01T00:00:00+00:00
[2026-09-30T21:19:45.532+0000] {processor.py:175} INFO - Processing /home/airflow/.local/lib/python3.7/site-packages/airflow/example_dags/example_xcom.py took 0.133 seconds
[2026-09-30T21:20:16.187+0000] {processor.py:153} INFO - Started process (PID=21592) to work on /home/airflow/.local/lib/python3.7/site-packages/airflow/example_dags/example_xcom.py
[2026-09-30T21:20:16.189+0000] {processor.py:743} INFO - Processing file /home/airflow/.local/lib/python3.7/site-packages/airflow/example_dags/example_xcom.py for tasks to queue
[2026-09-30T21:20:16.190+0000] {logging_mixin.py:137} INFO - [2026-09-30T21:20:16.190+0000] {dagbag.py:538} INFO - Filling up the DagBag from /home/airflow/.local/lib/python3.7/site-packages/airflow/example_dags/example_xcom.py
[2026-09-30T21:20:16.223+0000] {processor.py:753} INFO - DAG(s) dict_keys(['example_xcom']) retrieved from /home/airflow/.local/lib/python3.7/site-packages/airflow/example_dags/example_xcom.py
[2026-09-30T21:20:16.282+0000] {logging_mixin.py:137} INFO - [2026-09-30T21:20:16.282+0000] {dag.py:2676} INFO - Sync 1 DAGs
[2026-09-30T21:20:16.324+0000] {logging_mixin.py:137} INFO - [2026-09-30T21:20:16.323+0000] {dag.py:3427} INFO - Setting next_dagrun for example_xcom to 2021-01-01T00:00:00+00:00, run_after=2021-01-01T00:00:00+00:00
[2026-09-30T21:20:16.349+0000] {processor.py:175} INFO - Processing /home/airflow/.local/lib/python3.7/site-packages/airflow/example_dags/example_xcom.py took 0.168 seconds
[2026-09-30T21:20:46.514+0000] {processor.py:153} INFO - Started process (PID=21671) to work on /home/airflow/.local/lib/python3.7/site-packages/airflow/example_dags/example_xcom.py
[2026-09-30T21:20:46.515+0000] {processor.py:743} INFO - Processing file /home/airflow/.local/lib/python3.7/site-packages/airflow/example_dags/example_xcom.py for tasks to queue
[2026-09-30T21:20:46.516+0000] {logging_mixin.py:137} INFO - [2026-09-30T21:20:46.516+0000] {dagbag.py:538} INFO - Filling up the DagBag from /home/airflow/.local/lib/python3.7/site-packages/airflow/example_dags/example_xcom.py
[2026-09-30T21:20:46.546+0000] {processor.py:753} INFO - DAG(s) dict_keys(['example_xcom']) retrieved from /home/airflow/.local/lib/python3.7/site-packages/airflow/example_dags/example_xcom.py
[2026-09-30T21:20:46.599+0000] {logging_mixin.py:137} INFO - [2026-09-30T21:20:46.599+0000] {dag.py:2676} INFO - Sync 1 DAGs
[2026-09-30T21:20:46.633+0000] {logging_mixin.py:137} INFO - [2026-09-30T21:20:46.633+0000] {dag.py:3427} INFO - Setting next_dagrun for example_xcom to 2021-01-01T00:00:00+00:00, run_after=2021-01-01T00:00:00+00:00
[2026-09-30T21:20:46.659+0000] {processor.py:175} INFO - Processing /home/airflow/.local/lib/python3.7/site-packages/airflow/example_dags/example_xcom.py took 0.149 seconds
[2026-09-30T21:21:16.823+0000] {processor.py:153} INFO - Started process (PID=21770) to work on /home/airflow/.local/lib/python3.7/site-packages/airflow/example_dags/example_xcom.py
[2026-09-30T21:21:16.824+0000] {processor.py:743} INFO - Processing file /home/airflow/.local/lib/python3.7/site-packages/airflow/example_dags/example_xcom.py for tasks to queue
[2026-09-30T21:21:16.825+0000] {logging_mixin.py:137} INFO - [2026-09-30T21:21:16.824+0000] {dagbag.py:538} INFO - Filling up the DagBag from /home/airflow/.local/lib/python3.7/site-packages/airflow/example_dags/example_xcom.py
[2026-09-30T21:21:16.855+0000] {processor.py:753} INFO - DAG(s) dict_keys(['example_xcom']) retrieved from /home/airflow/.local/lib/python3.7/site-packages/airflow/example_dags/example_xcom.py
[2026-09-30T21:21:16.905+0000] {logging_mixin.py:137} INFO - [2026-09-30T21:21:16.904+0000] {dag.py:2676} INFO - Sync 1 DAGs
[2026-09-30T21:21:16.939+0000] {logging_mixin.py:137} INFO - [2026-09-30T21:21:16.939+0000] {dag.py:3427} INFO - Setting next_dagrun for example_xcom to 2021-01-01T00:00:00+00:00, run_after=2021-01-01T00:00:00+00:00
[2026-09-30T21:21:16.965+0000] {processor.py:175} INFO - Processing /home/airflow/.local/lib/python3.7/site-packages/airflow/example_dags/example_xcom.py took 0.147 seconds
[2026-09-30T21:21:47.095+0000] {processor.py:153} INFO - Started process (PID=21849) to work on /home/airflow/.local/lib/python3.7/site-packages/airflow/example_dags/example_xcom.py
[2026-09-30T21:21:47.096+0000] {processor.py:743} INFO - Processing file /home/airflow/.local/lib/python3.7/site-packages/airflow/example_dags/example_xcom.py for tasks to queue
[2026-09-30T21:21:47.097+0000] {logging_mixin.py:137} INFO - [2026-09-30T21:21:47.097+0000] {dagbag.py:538} INFO - Filling up the DagBag from /home/airflow/.local/lib/python3.7/site-packages/airflow/example_dags/example_xcom.py
[2026-09-30T21:21:47.127+0000] {processor.py:753} INFO - DAG(s) dict_keys(['example_xcom']) retrieved from /home/airflow/.local/lib/python3.7/site-packages/airflow/example_dags/example_xcom.py
[2026-09-30T21:21:47.190+0000] {logging_mixin.py:137} INFO - [2026-09-30T21:21:47.190+0000] {dag.py:2676} INFO - Sync 1 DAGs
[2026-09-30T21:21:47.229+0000] {logging_mixin.py:137} INFO - [2026-09-30T21:21:47.228+0000] {dag.py:3427} INFO - Setting next_dagrun for example_xcom to 2021-01-01T00:00:00+00:00, run_after=2021-01-01T00:00:00+00:00
[2026-09-30T21:21:47.262+0000] {processor.py:175} INFO - Processing /home/airflow/.local/lib/python3.7/site-packages/airflow/example_dags/example_xcom.py took 0.171 seconds
[2026-09-30T21:22:17.839+0000] {processor.py:153} INFO - Started process (PID=21928) to work on /home/airflow/.local/lib/python3.7/site-packages/airflow/example_dags/example_xcom.py
[2026-09-30T21:22:17.840+0000] {processor.py:743} INFO - Processing file /home/airflow/.local/lib/python3.7/site-packages/airflow/example_dags/example_xcom.py for tasks to queue
[2026-09-30T21:22:17.840+0000] {logging_mixin.py:137} INFO - [2026-09-30T21:22:17.840+0000] {dagbag.py:538} INFO - Filling up the DagBag from /home/airflow/.local/lib/python3.7/site-packages/airflow/example_dags/example_xcom.py
[2026-09-30T21:22:17.878+0000] {processor.py:753} INFO - DAG(s) dict_keys(['example_xcom']) retrieved from /home/airflow/.local/lib/python3.7/site-packages/airflow/example_dags/example_xcom.py
[2026-09-30T21:22:17.943+0000] {logging_mixin.py:137} INFO - [2026-09-30T21:22:17.943+0000] {dag.py:2676} INFO - Sync 1 DAGs
[2026-09-30T21:22:17.980+0000] {logging_mixin.py:137} INFO - [2026-09-30T21:22:17.979+0000] {dag.py:3427} INFO - Setting next_dagrun for example_xcom to 2021-01-01T00:00:00+00:00, run_after=2021-01-01T00:00:00+00:00
[2026-09-30T21:22:18.011+0000] {processor.py:175} INFO - Processing /home/airflow/.local/lib/python3.7/site-packages/airflow/example_dags/example_xcom.py took 0.176 seconds
[2026-09-30T21:22:48.522+0000] {processor.py:153} INFO - Started process (PID=22007) to work on /home/airflow/.local/lib/python3.7/site-packages/airflow/example_dags/example_xcom.py
[2026-09-30T21:22:48.523+0000] {processor.py:743} INFO - Processing file /home/airflow/.local/lib/python3.7/site-packages/airflow/example_dags/example_xcom.py for tasks to queue
[2026-09-30T21:22:48.525+0000] {logging_mixin.py:137} INFO - [2026-09-30T21:22:48.525+0000] {dagbag.py:538} INFO - Filling up the DagBag from /home/airflow/.local/lib/python3.7/site-packages/airflow/example_dags/example_xcom.py
[2026-09-30T21:22:48.557+0000] {processor.py:753} INFO - DAG(s) dict_keys(['example_xcom']) retrieved from /home/airflow/.local/lib/python3.7/site-packages/airflow/example_dags/example_xcom.py
[2026-09-30T21:22:48.613+0000] {logging_mixin.py:137} INFO - [2026-09-30T21:22:48.612+0000] {dag.py:2676} INFO - Sync 1 DAGs
[2026-09-30T21:22:48.646+0000] {logging_mixin.py:137} INFO - [2026-09-30T21:22:48.646+0000] {dag.py:3427} INFO - Setting next_dagrun for example_xcom to 2021-01-01T00:00:00+00:00, run_after=2021-01-01T00:00:00+00:00
[2026-09-30T21:22:48.670+0000] {processor.py:175} INFO - Processing /home/airflow/.local/lib/python3.7/site-packages/airflow/example_dags/example_xcom.py took 0.152 seconds
[2026-09-30T21:23:19.162+0000] {processor.py:153} INFO - Started process (PID=22106) to work on /home/airflow/.local/lib/python3.7/site-packages/airflow/example_dags/example_xcom.py
[2026-09-30T21:23:19.163+0000] {processor.py:743} INFO - Processing file /home/airflow/.local/lib/python3.7/site-packages/airflow/example_dags/example_xcom.py for tasks to queue
[2026-09-30T21:23:19.163+0000] {logging_mixin.py:137} INFO - [2026-09-30T21:23:19.163+0000] {dagbag.py:538} INFO - Filling up the DagBag from /home/airflow/.local/lib/python3.7/site-packages/airflow/example_dags/example_xcom.py
[2026-09-30T21:23:19.209+0000] {processor.py:753} INFO - DAG(s) dict_keys(['example_xcom']) retrieved from /home/airflow/.local/lib/python3.7/site-packages/airflow/example_dags/example_xcom.py
[2026-09-30T21:23:19.264+0000] {logging_mixin.py:137} INFO - [2026-09-30T21:23:19.263+0000] {dag.py:2676} INFO - Sync 1 DAGs
[2026-09-30T21:23:19.295+0000] {logging_mixin.py:137} INFO - [2026-09-30T21:23:19.295+0000] {dag.py:3427} INFO - Setting next_dagrun for example_xcom to 2021-01-01T00:00:00+00:00, run_after=2021-01-01T00:00:00+00:00
[2026-09-30T21:23:19.318+0000] {processor.py:175} INFO - Processing /home/airflow/.local/lib/python3.7/site-packages/airflow/example_dags/example_xcom.py took 0.161 seconds
[2026-09-30T21:23:49.534+0000] {processor.py:153} INFO - Started process (PID=22185) to work on /home/airflow/.local/lib/python3.7/site-packages/airflow/example_dags/example_xcom.py
[2026-09-30T21:23:49.535+0000] {processor.py:743} INFO - Processing file /home/airflow/.local/lib/python3.7/site-packages/airflow/example_dags/example_xcom.py for tasks to queue
[2026-09-30T21:23:49.536+0000] {logging_mixin.py:137} INFO - [2026-09-30T21:23:49.535+0000] {dagbag.py:538} INFO - Filling up the DagBag from /home/airflow/.local/lib/python3.7/site-packages/airflow/example_dags/example_xcom.py
[2026-09-30T21:23:49.574+0000] {processor.py:753} INFO - DAG(s) dict_keys(['example_xcom']) retrieved from /home/airflow/.local/lib/python3.7/site-packages/airflow/example_dags/example_xcom.py
[2026-09-30T21:23:49.638+0000] {logging_mixin.py:137} INFO - [2026-09-30T21:23:49.638+0000] {dag.py:2676} INFO - Sync 1 DAGs
[2026-09-30T21:23:49.667+0000] {logging_mixin.py:137} INFO - [2026-09-30T21:23:49.667+0000] {dag.py:3427} INFO - Setting next_dagrun for example_xcom to 2021-01-01T00:00:00+00:00, run_after=2021-01-01T00:00:00+00:00
[2026-09-30T21:23:49.691+0000] {processor.py:175} INFO - Processing /home/airflow/.local/lib/python3.7/site-packages/airflow/example_dags/example_xcom.py took 0.161 seconds
[2026-09-30T21:24:19.747+0000] {processor.py:153} INFO - Started process (PID=22265) to work on /home/airflow/.local/lib/python3.7/site-packages/airflow/example_dags/example_xcom.py
[2026-09-30T21:24:19.748+0000] {processor.py:743} INFO - Processing file /home/airflow/.local/lib/python3.7/site-packages/airflow/example_dags/example_xcom.py for tasks to queue
[2026-09-30T21:24:19.749+0000] {logging_mixin.py:137} INFO - [2026-09-30T21:24:19.748+0000] {dagbag.py:538} INFO - Filling up the DagBag from /home/airflow/.local/lib/python3.7/site-packages/airflow/example_dags/example_xcom.py
[2026-09-30T21:24:19.784+0000] {processor.py:753} INFO - DAG(s) dict_keys(['example_xcom']) retrieved from /home/airflow/.local/lib/python3.7/site-packages/airflow/example_dags/example_xcom.py
[2026-09-30T21:24:19.835+0000] {logging_mixin.py:137} INFO - [2026-09-30T21:24:19.835+0000] {dag.py:2676} INFO - Sync 1 DAGs
[2026-09-30T21:24:19.883+0000] {logging_mixin.py:137} INFO - [2026-09-30T21:24:19.883+0000] {dag.py:3427} INFO - Setting next_dagrun for example_xcom to 2021-01-01T00:00:00+00:00, run_after=2021-01-01T00:00:00+00:00
[2026-09-30T21:24:19.919+0000] {processor.py:175} INFO - Processing /home/airflow/.local/lib/python3.7/site-packages/airflow/example_dags/example_xcom.py took 0.177 seconds
[2026-09-30T21:24:50.062+0000] {processor.py:153} INFO - Started process (PID=22348) to work on /home/airflow/.local/lib/python3.7/site-packages/airflow/example_dags/example_xcom.py
[2026-09-30T21:24:50.063+0000] {processor.py:743} INFO - Processing file /home/airflow/.local/lib/python3.7/site-packages/airflow/example_dags/example_xcom.py for tasks to queue
[2026-09-30T21:24:50.064+0000] {logging_mixin.py:137} INFO - [2026-09-30T21:24:50.064+0000] {dagbag.py:538} INFO - Filling up the DagBag from /home/airflow/.local/lib/python3.7/site-packages/airflow/example_dags/example_xcom.py
[2026-09-30T21:24:50.097+0000] {processor.py:753} INFO - DAG(s) dict_keys(['example_xcom']) retrieved from /home/airflow/.local/lib/python3.7/site-packages/airflow/example_dags/example_xcom.py
[2026-09-30T21:24:50.148+0000] {logging_mixin.py:137} INFO - [2026-09-30T21:24:50.148+0000] {dag.py:2676} INFO - Sync 1 DAGs
[2026-09-30T21:24:50.186+0000] {logging_mixin.py:137} INFO - [2026-09-30T21:24:50.186+0000] {dag.py:3427} INFO - Setting next_dagrun for example_xcom to 2021-01-01T00:00:00+00:00, run_after=2021-01-01T00:00:00+00:00
[2026-09-30T21:24:50.214+0000] {processor.py:175} INFO - Processing /home/airflow/.local/lib/python3.7/site-packages/airflow/example_dags/example_xcom.py took 0.157 seconds
[2026-09-30T21:25:20.542+0000] {processor.py:153} INFO - Started process (PID=22453) to work on /home/airflow/.local/lib/python3.7/site-packages/airflow/example_dags/example_xcom.py
[2026-09-30T21:25:20.544+0000] {processor.py:743} INFO - Processing file /home/airflow/.local/lib/python3.7/site-packages/airflow/example_dags/example_xcom.py for tasks to queue
[2026-09-30T21:25:20.545+0000] {logging_mixin.py:137} INFO - [2026-09-30T21:25:20.544+0000] {dagbag.py:538} INFO - Filling up the DagBag from /home/airflow/.local/lib/python3.7/site-packages/airflow/example_dags/example_xcom.py
[2026-09-30T21:25:20.582+0000] {processor.py:753} INFO - DAG(s) dict_keys(['example_xcom']) retrieved from /home/airflow/.local/lib/python3.7/site-packages/airflow/example_dags/example_xcom.py
[2026-09-30T21:25:20.632+0000] {logging_mixin.py:137} INFO - [2026-09-30T21:25:20.632+0000] {dag.py:2676} INFO - Sync 1 DAGs
[2026-09-30T21:25:20.664+0000] {logging_mixin.py:137} INFO - [2026-09-30T21:25:20.664+0000] {dag.py:3427} INFO - Setting next_dagrun for example_xcom to 2021-01-01T00:00:00+00:00, run_after=2021-01-01T00:00:00+00:00
[2026-09-30T21:25:20.688+0000] {processor.py:175} INFO - Processing /home/airflow/.local/lib/python3.7/site-packages/airflow/example_dags/example_xcom.py took 0.154 seconds
[2026-09-30T21:25:50.869+0000] {processor.py:153} INFO - Started process (PID=22532) to work on /home/airflow/.local/lib/python3.7/site-packages/airflow/example_dags/example_xcom.py
[2026-09-30T21:25:50.870+0000] {processor.py:743} INFO - Processing file /home/airflow/.local/lib/python3.7/site-packages/airflow/example_dags/example_xcom.py for tasks to queue
[2026-09-30T21:25:50.871+0000] {logging_mixin.py:137} INFO - [2026-09-30T21:25:50.871+0000] {dagbag.py:538} INFO - Filling up the DagBag from /home/airflow/.local/lib/python3.7/site-packages/airflow/example_dags/example_xcom.py
[2026-09-30T21:25:50.920+0000] {processor.py:753} INFO - DAG(s) dict_keys(['example_xcom']) retrieved from /home/airflow/.local/lib/python3.7/site-packages/airflow/example_dags/example_xcom.py
[2026-09-30T21:25:50.990+0000] {logging_mixin.py:137} INFO - [2026-09-30T21:25:50.990+0000] {dag.py:2676} INFO - Sync 1 DAGs
[2026-09-30T21:25:51.038+0000] {logging_mixin.py:137} INFO - [2026-09-30T21:25:51.037+0000] {dag.py:3427} INFO - Setting next_dagrun for example_xcom to 2021-01-01T00:00:00+00:00, run_after=2021-01-01T00:00:00+00:00
[2026-09-30T21:25:51.075+0000] {processor.py:175} INFO - Processing /home/airflow/.local/lib/python3.7/site-packages/airflow/example_dags/example_xcom.py took 0.212 seconds
[2026-09-30T21:26:21.459+0000] {processor.py:153} INFO - Started process (PID=22611) to work on /home/airflow/.local/lib/python3.7/site-packages/airflow/example_dags/example_xcom.py
[2026-09-30T21:26:21.460+0000] {processor.py:743} INFO - Processing file /home/airflow/.local/lib/python3.7/site-packages/airflow/example_dags/example_xcom.py for tasks to queue
[2026-09-30T21:26:21.461+0000] {logging_mixin.py:137} INFO - [2026-09-30T21:26:21.460+0000] {dagbag.py:538} INFO - Filling up the DagBag from /home/airflow/.local/lib/python3.7/site-packages/airflow/example_dags/example_xcom.py
[2026-09-30T21:26:21.491+0000] {processor.py:753} INFO - DAG(s) dict_keys(['example_xcom']) retrieved from /home/airflow/.local/lib/python3.7/site-packages/airflow/example_dags/example_xcom.py
[2026-09-30T21:26:21.539+0000] {logging_mixin.py:137} INFO - [2026-09-30T21:26:21.539+0000] {dag.py:2676} INFO - Sync 1 DAGs
[2026-09-30T21:26:21.579+0000] {logging_mixin.py:137} INFO - [2026-09-30T21:26:21.578+0000] {dag.py:3427} INFO - Setting next_dagrun for example_xcom to 2021-01-01T00:00:00+00:00, run_after=2021-01-01T00:00:00+00:00
[2026-09-30T21:26:21.613+0000] {processor.py:175} INFO - Processing /home/airflow/.local/lib/python3.7/site-packages/airflow/example_dags/example_xcom.py took 0.158 seconds
[2026-09-30T21:26:52.218+0000] {processor.py:153} INFO - Started process (PID=22690) to work on /home/airflow/.local/lib/python3.7/site-packages/airflow/example_dags/example_xcom.py
[2026-09-30T21:26:52.219+0000] {processor.py:743} INFO - Processing file /home/airflow/.local/lib/python3.7/site-packages/airflow/example_dags/example_xcom.py for tasks to queue
[2026-09-30T21:26:52.219+0000] {logging_mixin.py:137} INFO - [2026-09-30T21:26:52.219+0000] {dagbag.py:538} INFO - Filling up the DagBag from /home/airflow/.local/lib/python3.7/site-packages/airflow/example_dags/example_xcom.py
[2026-09-30T21:26:52.256+0000] {processor.py:753} INFO - DAG(s) dict_keys(['example_xcom']) retrieved from /home/airflow/.local/lib/python3.7/site-packages/airflow/example_dags/example_xcom.py
[2026-09-30T21:26:52.307+0000] {logging_mixin.py:137} INFO - [2026-09-30T21:26:52.307+0000] {dag.py:2676} INFO - Sync 1 DAGs
[2026-09-30T21:26:52.344+0000] {logging_mixin.py:137} INFO - [2026-09-30T21:26:52.344+0000] {dag.py:3427} INFO - Setting next_dagrun for example_xcom to 2021-01-01T00:00:00+00:00, run_after=2021-01-01T00:00:00+00:00
[2026-09-30T21:26:52.376+0000] {processor.py:175} INFO - Processing /home/airflow/.local/lib/python3.7/site-packages/airflow/example_dags/example_xcom.py took 0.162 seconds
[2026-09-30T21:27:23.035+0000] {processor.py:153} INFO - Started process (PID=22794) to work on /home/airflow/.local/lib/python3.7/site-packages/airflow/example_dags/example_xcom.py
[2026-09-30T21:27:23.037+0000] {processor.py:743} INFO - Processing file /home/airflow/.local/lib/python3.7/site-packages/airflow/example_dags/example_xcom.py for tasks to queue
[2026-09-30T21:27:23.038+0000] {logging_mixin.py:137} INFO - [2026-09-30T21:27:23.038+0000] {dagbag.py:538} INFO - Filling up the DagBag from /home/airflow/.local/lib/python3.7/site-packages/airflow/example_dags/example_xcom.py
[2026-09-30T21:27:23.086+0000] {processor.py:753} INFO - DAG(s) dict_keys(['example_xcom']) retrieved from /home/airflow/.local/lib/python3.7/site-packages/airflow/example_dags/example_xcom.py
[2026-09-30T21:27:23.146+0000] {logging_mixin.py:137} INFO - [2026-09-30T21:27:23.146+0000] {dag.py:2676} INFO - Sync 1 DAGs
[2026-09-30T21:27:23.185+0000] {logging_mixin.py:137} INFO - [2026-09-30T21:27:23.185+0000] {dag.py:3427} INFO - Setting next_dagrun for example_xcom to 2021-01-01T00:00:00+00:00, run_after=2021-01-01T00:00:00+00:00
[2026-09-30T21:27:23.213+0000] {processor.py:175} INFO - Processing /home/airflow/.local/lib/python3.7/site-packages/airflow/example_dags/example_xcom.py took 0.184 seconds
[2026-09-30T21:27:53.647+0000] {processor.py:153} INFO - Started process (PID=22876) to work on /home/airflow/.local/lib/python3.7/site-packages/airflow/example_dags/example_xcom.py
[2026-09-30T21:27:53.647+0000] {processor.py:743} INFO - Processing file /home/airflow/.local/lib/python3.7/site-packages/airflow/example_dags/example_xcom.py for tasks to queue
[2026-09-30T21:27:53.648+0000] {logging_mixin.py:137} INFO - [2026-09-30T21:27:53.648+0000] {dagbag.py:538} INFO - Filling up the DagBag from /home/airflow/.local/lib/python3.7/site-packages/airflow/example_dags/example_xcom.py
[2026-09-30T21:27:53.670+0000] {processor.py:753} INFO - DAG(s) dict_keys(['example_xcom']) retrieved from /home/airflow/.local/lib/python3.7/site-packages/airflow/example_dags/example_xcom.py
[2026-09-30T21:27:53.712+0000] {logging_mixin.py:137} INFO - [2026-09-30T21:27:53.712+0000] {dag.py:2676} INFO - Sync 1 DAGs
[2026-09-30T21:27:53.737+0000] {logging_mixin.py:137} INFO - [2026-09-30T21:27:53.737+0000] {dag.py:3427} INFO - Setting next_dagrun for example_xcom to 2021-01-01T00:00:00+00:00, run_after=2021-01-01T00:00:00+00:00
[2026-09-30T21:27:53.755+0000] {processor.py:175} INFO - Processing /home/airflow/.local/lib/python3.7/site-packages/airflow/example_dags/example_xcom.py took 0.112 seconds
[2026-09-30T21:28:24.162+0000] {processor.py:153} INFO - Started process (PID=22980) to work on /home/airflow/.local/lib/python3.7/site-packages/airflow/example_dags/example_xcom.py
[2026-09-30T21:28:24.164+0000] {processor.py:743} INFO - Processing file /home/airflow/.local/lib/python3.7/site-packages/airflow/example_dags/example_xcom.py for tasks to queue
[2026-09-30T21:28:24.164+0000] {logging_mixin.py:137} INFO - [2026-09-30T21:28:24.164+0000] {dagbag.py:538} INFO - Filling up the DagBag from /home/airflow/.local/lib/python3.7/site-packages/airflow/example_dags/example_xcom.py
[2026-09-30T21:28:24.189+0000] {processor.py:753} INFO - DAG(s) dict_keys(['example_xcom']) retrieved from /home/airflow/.local/lib/python3.7/site-packages/airflow/example_dags/example_xcom.py
[2026-09-30T21:28:24.223+0000] {logging_mixin.py:137} INFO - [2026-09-30T21:28:24.223+0000] {dag.py:2676} INFO - Sync 1 DAGs
[2026-09-30T21:28:24.247+0000] {logging_mixin.py:137} INFO - [2026-09-30T21:28:24.247+0000] {dag.py:3427} INFO - Setting next_dagrun for example_xcom to 2021-01-01T00:00:00+00:00, run_after=2021-01-01T00:00:00+00:00
[2026-09-30T21:28:24.264+0000] {processor.py:175} INFO - Processing /home/airflow/.local/lib/python3.7/site-packages/airflow/example_dags/example_xcom.py took 0.104 seconds
[2026-09-30T21:28:54.853+0000] {processor.py:153} INFO - Started process (PID=23062) to work on /home/airflow/.local/lib/python3.7/site-packages/airflow/example_dags/example_xcom.py
[2026-09-30T21:28:54.854+0000] {processor.py:743} INFO - Processing file /home/airflow/.local/lib/python3.7/site-packages/airflow/example_dags/example_xcom.py for tasks to queue
[2026-09-30T21:28:54.855+0000] {logging_mixin.py:137} INFO - [2026-09-30T21:28:54.855+0000] {dagbag.py:538} INFO - Filling up the DagBag from /home/airflow/.local/lib/python3.7/site-packages/airflow/example_dags/example_xcom.py
[2026-09-30T21:28:54.896+0000] {processor.py:753} INFO - DAG(s) dict_keys(['example_xcom']) retrieved from /home/airflow/.local/lib/python3.7/site-packages/airflow/example_dags/example_xcom.py
[2026-09-30T21:28:54.962+0000] {logging_mixin.py:137} INFO - [2026-09-30T21:28:54.962+0000] {dag.py:2676} INFO - Sync 1 DAGs
[2026-09-30T21:28:55.001+0000] {logging_mixin.py:137} INFO - [2026-09-30T21:28:55.001+0000] {dag.py:3427} INFO - Setting next_dagrun for example_xcom to 2021-01-01T00:00:00+00:00, run_after=2021-01-01T00:00:00+00:00
[2026-09-30T21:28:55.027+0000] {processor.py:175} INFO - Processing /home/airflow/.local/lib/python3.7/site-packages/airflow/example_dags/example_xcom.py took 0.178 seconds
[2026-09-30T21:29:25.215+0000] {processor.py:153} INFO - Started process (PID=23147) to work on /home/airflow/.local/lib/python3.7/site-packages/airflow/example_dags/example_xcom.py
[2026-09-30T21:29:25.217+0000] {processor.py:743} INFO - Processing file /home/airflow/.local/lib/python3.7/site-packages/airflow/example_dags/example_xcom.py for tasks to queue
[2026-09-30T21:29:25.218+0000] {logging_mixin.py:137} INFO - [2026-09-30T21:29:25.217+0000] {dagbag.py:538} INFO - Filling up the DagBag from /home/airflow/.local/lib/python3.7/site-packages/airflow/example_dags/example_xcom.py
[2026-09-30T21:29:25.265+0000] {processor.py:753} INFO - DAG(s) dict_keys(['example_xcom']) retrieved from /home/airflow/.local/lib/python3.7/site-packages/airflow/example_dags/example_xcom.py
[2026-09-30T21:29:25.316+0000] {logging_mixin.py:137} INFO - [2026-09-30T21:29:25.315+0000] {dag.py:2676} INFO - Sync 1 DAGs
[2026-09-30T21:29:25.350+0000] {logging_mixin.py:137} INFO - [2026-09-30T21:29:25.350+0000] {dag.py:3427} INFO - Setting next_dagrun for example_xcom to 2021-01-01T00:00:00+00:00, run_after=2021-01-01T00:00:00+00:00
[2026-09-30T21:29:25.380+0000] {processor.py:175} INFO - Processing /home/airflow/.local/lib/python3.7/site-packages/airflow/example_dags/example_xcom.py took 0.171 seconds
[2026-09-30T21:29:55.719+0000] {processor.py:153} INFO - Started process (PID=23248) to work on /home/airflow/.local/lib/python3.7/site-packages/airflow/example_dags/example_xcom.py
[2026-09-30T21:29:55.719+0000] {processor.py:743} INFO - Processing file /home/airflow/.local/lib/python3.7/site-packages/airflow/example_dags/example_xcom.py for tasks to queue
[2026-09-30T21:29:55.720+0000] {logging_mixin.py:137} INFO - [2026-09-30T21:29:55.720+0000] {dagbag.py:538} INFO - Filling up the DagBag from /home/airflow/.local/lib/python3.7/site-packages/airflow/example_dags/example_xcom.py
[2026-09-30T21:29:55.742+0000] {processor.py:753} INFO - DAG(s) dict_keys(['example_xcom']) retrieved from /home/airflow/.local/lib/python3.7/site-packages/airflow/example_dags/example_xcom.py
[2026-09-30T21:29:55.779+0000] {logging_mixin.py:137} INFO - [2026-09-30T21:29:55.779+0000] {dag.py:2676} INFO - Sync 1 DAGs
[2026-09-30T21:29:55.802+0000] {logging_mixin.py:137} INFO - [2026-09-30T21:29:55.802+0000] {dag.py:3427} INFO - Setting next_dagrun for example_xcom to 2021-01-01T00:00:00+00:00, run_after=2021-01-01T00:00:00+00:00
[2026-09-30T21:29:55.819+0000] {processor.py:175} INFO - Processing /home/airflow/.local/lib/python3.7/site-packages/airflow/example_dags/example_xcom.py took 0.103 seconds
[2026-09-30T21:30:26.121+0000] {processor.py:153} INFO - Started process (PID=23329) to work on /home/airflow/.local/lib/python3.7/site-packages/airflow/example_dags/example_xcom.py
[2026-09-30T21:30:26.122+0000] {processor.py:743} INFO - Processing file /home/airflow/.local/lib/python3.7/site-packages/airflow/example_dags/example_xcom.py for tasks to queue
[2026-09-30T21:30:26.123+0000] {logging_mixin.py:137} INFO - [2026-09-30T21:30:26.123+0000] {dagbag.py:538} INFO - Filling up the DagBag from /home/airflow/.local/lib/python3.7/site-packages/airflow/example_dags/example_xcom.py
[2026-09-30T21:30:26.155+0000] {processor.py:753} INFO - DAG(s) dict_keys(['example_xcom']) retrieved from /home/airflow/.local/lib/python3.7/site-packages/airflow/example_dags/example_xcom.py
[2026-09-30T21:30:26.205+0000] {logging_mixin.py:137} INFO - [2026-09-30T21:30:26.205+0000] {dag.py:2676} INFO - Sync 1 DAGs
[2026-09-30T21:30:26.240+0000] {logging_mixin.py:137} INFO - [2026-09-30T21:30:26.240+0000] {dag.py:3427} INFO - Setting next_dagrun for example_xcom to 2021-01-01T00:00:00+00:00, run_after=2021-01-01T00:00:00+00:00
[2026-09-30T21:30:26.263+0000] {processor.py:175} INFO - Processing /home/airflow/.local/lib/python3.7/site-packages/airflow/example_dags/example_xcom.py took 0.145 seconds
[2026-09-30T21:30:56.495+0000] {processor.py:153} INFO - Started process (PID=23411) to work on /home/airflow/.local/lib/python3.7/site-packages/airflow/example_dags/example_xcom.py
[2026-09-30T21:30:56.496+0000] {processor.py:743} INFO - Processing file /home/airflow/.local/lib/python3.7/site-packages/airflow/example_dags/example_xcom.py for tasks to queue
[2026-09-30T21:30:56.497+0000] {logging_mixin.py:137} INFO - [2026-09-30T21:30:56.497+0000] {dagbag.py:538} INFO - Filling up the DagBag from /home/airflow/.local/lib/python3.7/site-packages/airflow/example_dags/example_xcom.py
[2026-09-30T21:30:56.536+0000] {processor.py:753} INFO - DAG(s) dict_keys(['example_xcom']) retrieved from /home/airflow/.local/lib/python3.7/site-packages/airflow/example_dags/example_xcom.py
[2026-09-30T21:30:56.597+0000] {logging_mixin.py:137} INFO - [2026-09-30T21:30:56.597+0000] {dag.py:2676} INFO - Sync 1 DAGs
[2026-09-30T21:30:56.637+0000] {logging_mixin.py:137} INFO - [2026-09-30T21:30:56.637+0000] {dag.py:3427} INFO - Setting next_dagrun for example_xcom to 2021-01-01T00:00:00+00:00, run_after=2021-01-01T00:00:00+00:00
[2026-09-30T21:30:56.661+0000] {processor.py:175} INFO - Processing /home/airflow/.local/lib/python3.7/site-packages/airflow/example_dags/example_xcom.py took 0.170 seconds
[2026-09-30T21:31:27.115+0000] {processor.py:153} INFO - Started process (PID=23510) to work on /home/airflow/.local/lib/python3.7/site-packages/airflow/example_dags/example_xcom.py
[2026-09-30T21:31:27.116+0000] {processor.py:743} INFO - Processing file /home/airflow/.local/lib/python3.7/site-packages/airflow/example_dags/example_xcom.py for tasks to queue
[2026-09-30T21:31:27.117+0000] {logging_mixin.py:137} INFO - [2026-09-30T21:31:27.116+0000] {dagbag.py:538} INFO - Filling up the DagBag from /home/airflow/.local/lib/python3.7/site-packages/airflow/example_dags/example_xcom.py
[2026-09-30T21:31:27.147+0000] {processor.py:753} INFO - DAG(s) dict_keys(['example_xcom']) retrieved from /home/airflow/.local/lib/python3.7/site-packages/airflow/example_dags/example_xcom.py
[2026-09-30T21:31:27.197+0000] {logging_mixin.py:137} INFO - [2026-09-30T21:31:27.196+0000] {dag.py:2676} INFO - Sync 1 DAGs
[2026-09-30T21:31:27.231+0000] {logging_mixin.py:137} INFO - [2026-09-30T21:31:27.231+0000] {dag.py:3427} INFO - Setting next_dagrun for example_xcom to 2021-01-01T00:00:00+00:00, run_after=2021-01-01T00:00:00+00:00
[2026-09-30T21:31:27.254+0000] {processor.py:175} INFO - Processing /home/airflow/.local/lib/python3.7/site-packages/airflow/example_dags/example_xcom.py took 0.143 seconds
[2026-09-30T21:31:57.677+0000] {processor.py:153} INFO - Started process (PID=23591) to work on /home/airflow/.local/lib/python3.7/site-packages/airflow/example_dags/example_xcom.py
[2026-09-30T21:31:57.678+0000] {processor.py:743} INFO - Processing file /home/airflow/.local/lib/python3.7/site-packages/airflow/example_dags/example_xcom.py for tasks to queue
[2026-09-30T21:31:57.679+0000] {logging_mixin.py:137} INFO - [2026-09-30T21:31:57.678+0000] {dagbag.py:538} INFO - Filling up the DagBag from /home/airflow/.local/lib/python3.7/site-packages/airflow/example_dags/example_xcom.py
[2026-09-30T21:31:57.709+0000] {processor.py:753} INFO - DAG(s) dict_keys(['example_xcom']) retrieved from /home/airflow/.local/lib/python3.7/site-packages/airflow/example_dags/example_xcom.py
[2026-09-30T21:31:57.758+0000] {logging_mixin.py:137} INFO - [2026-09-30T21:31:57.758+0000] {dag.py:2676} INFO - Sync 1 DAGs
[2026-09-30T21:31:57.797+0000] {logging_mixin.py:137} INFO - [2026-09-30T21:31:57.796+0000] {dag.py:3427} INFO - Setting next_dagrun for example_xcom to 2021-01-01T00:00:00+00:00, run_after=2021-01-01T00:00:00+00:00
[2026-09-30T21:31:57.820+0000] {processor.py:175} INFO - Processing /home/airflow/.local/lib/python3.7/site-packages/airflow/example_dags/example_xcom.py took 0.147 seconds
[2026-09-30T21:32:28.003+0000] {processor.py:153} INFO - Started process (PID=23670) to work on /home/airflow/.local/lib/python3.7/site-packages/airflow/example_dags/example_xcom.py
[2026-09-30T21:32:28.004+0000] {processor.py:743} INFO - Processing file /home/airflow/.local/lib/python3.7/site-packages/airflow/example_dags/example_xcom.py for tasks to queue
[2026-09-30T21:32:28.005+0000] {logging_mixin.py:137} INFO - [2026-09-30T21:32:28.005+0000] {dagbag.py:538} INFO - Filling up the DagBag from /home/airflow/.local/lib/python3.7/site-packages/airflow/example_dags/example_xcom.py
[2026-09-30T21:32:28.035+0000] {processor.py:753} INFO - DAG(s) dict_keys(['example_xcom']) retrieved from /home/airflow/.local/lib/python3.7/site-packages/airflow/example_dags/example_xcom.py
[2026-09-30T21:32:28.090+0000] {logging_mixin.py:137} INFO - [2026-09-30T21:32:28.090+0000] {dag.py:2676} INFO - Sync 1 DAGs
[2026-09-30T21:32:28.123+0000] {logging_mixin.py:137} INFO - [2026-09-30T21:32:28.122+0000] {dag.py:3427} INFO - Setting next_dagrun for example_xcom to 2021-01-01T00:00:00+00:00, run_after=2021-01-01T00:00:00+00:00
[2026-09-30T21:32:28.142+0000] {processor.py:175} INFO - Processing /home/airflow/.local/lib/python3.7/site-packages/airflow/example_dags/example_xcom.py took 0.143 seconds
[2026-09-30T21:32:58.849+0000] {processor.py:153} INFO - Started process (PID=23763) to work on /home/airflow/.local/lib/python3.7/site-packages/airflow/example_dags/example_xcom.py
[2026-09-30T21:32:58.851+0000] {processor.py:743} INFO - Processing file /home/airflow/.local/lib/python3.7/site-packages/airflow/example_dags/example_xcom.py for tasks to queue
[2026-09-30T21:32:58.851+0000] {logging_mixin.py:137} INFO - [2026-09-30T21:32:58.851+0000] {dagbag.py:538} INFO - Filling up the DagBag from /home/airflow/.local/lib/python3.7/site-packages/airflow/example_dags/example_xcom.py
[2026-09-30T21:32:58.889+0000] {processor.py:753} INFO - DAG(s) dict_keys(['example_xcom']) retrieved from /home/airflow/.local/lib/python3.7/site-packages/airflow/example_dags/example_xcom.py
[2026-09-30T21:32:58.960+0000] {logging_mixin.py:137} INFO - [2026-09-30T21:32:58.960+0000] {dag.py:2676} INFO - Sync 1 DAGs
[2026-09-30T21:32:59.032+0000] {logging_mixin.py:137} INFO - [2026-09-30T21:32:59.032+0000] {dag.py:3427} INFO - Setting next_dagrun for example_xcom to 2021-01-01T00:00:00+00:00, run_after=2021-01-01T00:00:00+00:00
[2026-09-30T21:32:59.063+0000] {processor.py:175} INFO - Processing /home/airflow/.local/lib/python3.7/site-packages/airflow/example_dags/example_xcom.py took 0.217 seconds
[2026-09-30T21:33:29.579+0000] {processor.py:153} INFO - Started process (PID=23859) to work on /home/airflow/.local/lib/python3.7/site-packages/airflow/example_dags/example_xcom.py
[2026-09-30T21:33:29.581+0000] {processor.py:743} INFO - Processing file /home/airflow/.local/lib/python3.7/site-packages/airflow/example_dags/example_xcom.py for tasks to queue
[2026-09-30T21:33:29.581+0000] {logging_mixin.py:137} INFO - [2026-09-30T21:33:29.581+0000] {dagbag.py:538} INFO - Filling up the DagBag from /home/airflow/.local/lib/python3.7/site-packages/airflow/example_dags/example_xcom.py
[2026-09-30T21:33:29.615+0000] {processor.py:753} INFO - DAG(s) dict_keys(['example_xcom']) retrieved from /home/airflow/.local/lib/python3.7/site-packages/airflow/example_dags/example_xcom.py
[2026-09-30T21:33:29.667+0000] {logging_mixin.py:137} INFO - [2026-09-30T21:33:29.667+0000] {dag.py:2676} INFO - Sync 1 DAGs
[2026-09-30T21:33:29.699+0000] {logging_mixin.py:137} INFO - [2026-09-30T21:33:29.699+0000] {dag.py:3427} INFO - Setting next_dagrun for example_xcom to 2021-01-01T00:00:00+00:00, run_after=2021-01-01T00:00:00+00:00
[2026-09-30T21:33:29.724+0000] {processor.py:175} INFO - Processing /home/airflow/.local/lib/python3.7/site-packages/airflow/example_dags/example_xcom.py took 0.149 seconds
[2026-09-30T21:34:00.410+0000] {processor.py:153} INFO - Started process (PID=23943) to work on /home/airflow/.local/lib/python3.7/site-packages/airflow/example_dags/example_xcom.py
[2026-09-30T21:34:00.412+0000] {processor.py:743} INFO - Processing file /home/airflow/.local/lib/python3.7/site-packages/airflow/example_dags/example_xcom.py for tasks to queue
[2026-09-30T21:34:00.413+0000] {logging_mixin.py:137} INFO - [2026-09-30T21:34:00.413+0000] {dagbag.py:538} INFO - Filling up the DagBag from /home/airflow/.local/lib/python3.7/site-packages/airflow/example_dags/example_xcom.py
[2026-09-30T21:34:00.462+0000] {processor.py:753} INFO - DAG(s) dict_keys(['example_xcom']) retrieved from /home/airflow/.local/lib/python3.7/site-packages/airflow/example_dags/example_xcom.py
[2026-09-30T21:34:00.536+0000] {logging_mixin.py:137} INFO - [2026-09-30T21:34:00.536+0000] {dag.py:2676} INFO - Sync 1 DAGs
[2026-09-30T21:34:00.588+0000] {logging_mixin.py:137} INFO - [2026-09-30T21:34:00.587+0000] {dag.py:3427} INFO - Setting next_dagrun for example_xcom to 2021-01-01T00:00:00+00:00, run_after=2021-01-01T00:00:00+00:00
[2026-09-30T21:34:00.619+0000] {processor.py:175} INFO - Processing /home/airflow/.local/lib/python3.7/site-packages/airflow/example_dags/example_xcom.py took 0.215 seconds
[2026-09-30T21:34:31.730+0000] {processor.py:153} INFO - Started process (PID=24049) to work on /home/airflow/.local/lib/python3.7/site-packages/airflow/example_dags/example_xcom.py
[2026-09-30T21:34:31.731+0000] {processor.py:743} INFO - Processing file /home/airflow/.local/lib/python3.7/site-packages/airflow/example_dags/example_xcom.py for tasks to queue
[2026-09-30T21:34:31.732+0000] {logging_mixin.py:137} INFO - [2026-09-30T21:34:31.732+0000] {dagbag.py:538} INFO - Filling up the DagBag from /home/airflow/.local/lib/python3.7/site-packages/airflow/example_dags/example_xcom.py
[2026-09-30T21:34:31.767+0000] {processor.py:753} INFO - DAG(s) dict_keys(['example_xcom']) retrieved from /home/airflow/.local/lib/python3.7/site-packages/airflow/example_dags/example_xcom.py
[2026-09-30T21:34:31.825+0000] {logging_mixin.py:137} INFO - [2026-09-30T21:34:31.825+0000] {dag.py:2676} INFO - Sync 1 DAGs
[2026-09-30T21:34:31.872+0000] {logging_mixin.py:137} INFO - [2026-09-30T21:34:31.871+0000] {dag.py:3427} INFO - Setting next_dagrun for example_xcom to 2021-01-01T00:00:00+00:00, run_after=2021-01-01T00:00:00+00:00
[2026-09-30T21:34:31.903+0000] {processor.py:175} INFO - Processing /home/airflow/.local/lib/python3.7/site-packages/airflow/example_dags/example_xcom.py took 0.176 seconds
[2026-09-30T21:35:02.193+0000] {processor.py:153} INFO - Started process (PID=24133) to work on /home/airflow/.local/lib/python3.7/site-packages/airflow/example_dags/example_xcom.py
[2026-09-30T21:35:02.193+0000] {processor.py:743} INFO - Processing file /home/airflow/.local/lib/python3.7/site-packages/airflow/example_dags/example_xcom.py for tasks to queue
[2026-09-30T21:35:02.194+0000] {logging_mixin.py:137} INFO - [2026-09-30T21:35:02.194+0000] {dagbag.py:538} INFO - Filling up the DagBag from /home/airflow/.local/lib/python3.7/site-packages/airflow/example_dags/example_xcom.py
[2026-09-30T21:35:02.217+0000] {processor.py:753} INFO - DAG(s) dict_keys(['example_xcom']) retrieved from /home/airflow/.local/lib/python3.7/site-packages/airflow/example_dags/example_xcom.py
[2026-09-30T21:35:02.254+0000] {logging_mixin.py:137} INFO - [2026-09-30T21:35:02.254+0000] {dag.py:2676} INFO - Sync 1 DAGs
[2026-09-30T21:35:02.279+0000] {logging_mixin.py:137} INFO - [2026-09-30T21:35:02.278+0000] {dag.py:3427} INFO - Setting next_dagrun for example_xcom to 2021-01-01T00:00:00+00:00, run_after=2021-01-01T00:00:00+00:00
[2026-09-30T21:35:02.295+0000] {processor.py:175} INFO - Processing /home/airflow/.local/lib/python3.7/site-packages/airflow/example_dags/example_xcom.py took 0.105 seconds
[2026-09-30T21:35:33.736+0000] {processor.py:153} INFO - Started process (PID=24212) to work on /home/airflow/.local/lib/python3.7/site-packages/airflow/example_dags/example_xcom.py
[2026-09-30T21:35:33.737+0000] {processor.py:743} INFO - Processing file /home/airflow/.local/lib/python3.7/site-packages/airflow/example_dags/example_xcom.py for tasks to queue
[2026-09-30T21:35:33.737+0000] {logging_mixin.py:137} INFO - [2026-09-30T21:35:33.737+0000] {dagbag.py:538} INFO - Filling up the DagBag from /home/airflow/.local/lib/python3.7/site-packages/airflow/example_dags/example_xcom.py
[2026-09-30T21:35:33.778+0000] {processor.py:753} INFO - DAG(s) dict_keys(['example_xcom']) retrieved from /home/airflow/.local/lib/python3.7/site-packages/airflow/example_dags/example_xcom.py
[2026-09-30T21:35:33.839+0000] {logging_mixin.py:137} INFO - [2026-09-30T21:35:33.839+0000] {dag.py:2676} INFO - Sync 1 DAGs
[2026-09-30T21:35:33.878+0000] {logging_mixin.py:137} INFO - [2026-09-30T21:35:33.878+0000] {dag.py:3427} INFO - Setting next_dagrun for example_xcom to 2021-01-01T00:00:00+00:00, run_after=2021-01-01T00:00:00+00:00
[2026-09-30T21:35:33.900+0000] {processor.py:175} INFO - Processing /home/airflow/.local/lib/python3.7/site-packages/airflow/example_dags/example_xcom.py took 0.170 seconds
[2026-09-30T21:36:04.078+0000] {processor.py:153} INFO - Started process (PID=24312) to work on /home/airflow/.local/lib/python3.7/site-packages/airflow/example_dags/example_xcom.py
[2026-09-30T21:36:04.079+0000] {processor.py:743} INFO - Processing file /home/airflow/.local/lib/python3.7/site-packages/airflow/example_dags/example_xcom.py for tasks to queue
[2026-09-30T21:36:04.080+0000] {logging_mixin.py:137} INFO - [2026-09-30T21:36:04.080+0000] {dagbag.py:538} INFO - Filling up the DagBag from /home/airflow/.local/lib/python3.7/site-packages/airflow/example_dags/example_xcom.py
[2026-09-30T21:36:04.115+0000] {processor.py:753} INFO - DAG(s) dict_keys(['example_xcom']) retrieved from /home/airflow/.local/lib/python3.7/site-packages/airflow/example_dags/example_xcom.py
[2026-09-30T21:36:04.165+0000] {logging_mixin.py:137} INFO - [2026-09-30T21:36:04.165+0000] {dag.py:2676} INFO - Sync 1 DAGs
[2026-09-30T21:36:04.200+0000] {logging_mixin.py:137} INFO - [2026-09-30T21:36:04.200+0000] {dag.py:3427} INFO - Setting next_dagrun for example_xcom to 2021-01-01T00:00:00+00:00, run_after=2021-01-01T00:00:00+00:00
[2026-09-30T21:36:04.228+0000] {processor.py:175} INFO - Processing /home/airflow/.local/lib/python3.7/site-packages/airflow/example_dags/example_xcom.py took 0.155 seconds
[2026-09-30T21:36:34.656+0000] {processor.py:153} INFO - Started process (PID=24391) to work on /home/airflow/.local/lib/python3.7/site-packages/airflow/example_dags/example_xcom.py
[2026-09-30T21:36:34.658+0000] {processor.py:743} INFO - Processing file /home/airflow/.local/lib/python3.7/site-packages/airflow/example_dags/example_xcom.py for tasks to queue
[2026-09-30T21:36:34.658+0000] {logging_mixin.py:137} INFO - [2026-09-30T21:36:34.658+0000] {dagbag.py:538} INFO - Filling up the DagBag from /home/airflow/.local/lib/python3.7/site-packages/airflow/example_dags/example_xcom.py
[2026-09-30T21:36:34.691+0000] {processor.py:753} INFO - DAG(s) dict_keys(['example_xcom']) retrieved from /home/airflow/.local/lib/python3.7/site-packages/airflow/example_dags/example_xcom.py
[2026-09-30T21:36:34.740+0000] {logging_mixin.py:137} INFO - [2026-09-30T21:36:34.740+0000] {dag.py:2676} INFO - Sync 1 DAGs
[2026-09-30T21:36:34.781+0000] {logging_mixin.py:137} INFO - [2026-09-30T21:36:34.781+0000] {dag.py:3427} INFO - Setting next_dagrun for example_xcom to 2021-01-01T00:00:00+00:00, run_after=2021-01-01T00:00:00+00:00
[2026-09-30T21:36:34.804+0000] {processor.py:175} INFO - Processing /home/airflow/.local/lib/python3.7/site-packages/airflow/example_dags/example_xcom.py took 0.151 seconds
[2026-09-30T21:37:05.055+0000] {processor.py:153} INFO - Started process (PID=24470) to work on /home/airflow/.local/lib/python3.7/site-packages/airflow/example_dags/example_xcom.py
[2026-09-30T21:37:05.056+0000] {processor.py:743} INFO - Processing file /home/airflow/.local/lib/python3.7/site-packages/airflow/example_dags/example_xcom.py for tasks to queue
[2026-09-30T21:37:05.056+0000] {logging_mixin.py:137} INFO - [2026-09-30T21:37:05.056+0000] {dagbag.py:538} INFO - Filling up the DagBag from /home/airflow/.local/lib/python3.7/site-packages/airflow/example_dags/example_xcom.py
[2026-09-30T21:37:05.092+0000] {processor.py:753} INFO - DAG(s) dict_keys(['example_xcom']) retrieved from /home/airflow/.local/lib/python3.7/site-packages/airflow/example_dags/example_xcom.py
[2026-09-30T21:37:05.155+0000] {logging_mixin.py:137} INFO - [2026-09-30T21:37:05.155+0000] {dag.py:2676} INFO - Sync 1 DAGs
[2026-09-30T21:37:05.190+0000] {logging_mixin.py:137} INFO - [2026-09-30T21:37:05.189+0000] {dag.py:3427} INFO - Setting next_dagrun for example_xcom to 2021-01-01T00:00:00+00:00, run_after=2021-01-01T00:00:00+00:00
[2026-09-30T21:37:05.210+0000] {processor.py:175} INFO - Processing /home/airflow/.local/lib/python3.7/site-packages/airflow/example_dags/example_xcom.py took 0.160 seconds
[2026-09-30T21:37:35.372+0000] {processor.py:153} INFO - Started process (PID=24558) to work on /home/airflow/.local/lib/python3.7/site-packages/airflow/example_dags/example_xcom.py
[2026-09-30T21:37:35.373+0000] {processor.py:743} INFO - Processing file /home/airflow/.local/lib/python3.7/site-packages/airflow/example_dags/example_xcom.py for tasks to queue
[2026-09-30T21:37:35.374+0000] {logging_mixin.py:137} INFO - [2026-09-30T21:37:35.374+0000] {dagbag.py:538} INFO - Filling up the DagBag from /home/airflow/.local/lib/python3.7/site-packages/airflow/example_dags/example_xcom.py
[2026-09-30T21:37:35.406+0000] {processor.py:753} INFO - DAG(s) dict_keys(['example_xcom']) retrieved from /home/airflow/.local/lib/python3.7/site-packages/airflow/example_dags/example_xcom.py
[2026-09-30T21:37:35.469+0000] {logging_mixin.py:137} INFO - [2026-09-30T21:37:35.469+0000] {dag.py:2676} INFO - Sync 1 DAGs
[2026-09-30T21:37:35.509+0000] {logging_mixin.py:137} INFO - [2026-09-30T21:37:35.509+0000] {dag.py:3427} INFO - Setting next_dagrun for example_xcom to 2021-01-01T00:00:00+00:00, run_after=2021-01-01T00:00:00+00:00
[2026-09-30T21:37:35.537+0000] {processor.py:175} INFO - Processing /home/airflow/.local/lib/python3.7/site-packages/airflow/example_dags/example_xcom.py took 0.171 seconds
[2026-09-30T21:38:06.273+0000] {processor.py:153} INFO - Started process (PID=24648) to work on /home/airflow/.local/lib/python3.7/site-packages/airflow/example_dags/example_xcom.py
[2026-09-30T21:38:06.274+0000] {processor.py:743} INFO - Processing file /home/airflow/.local/lib/python3.7/site-packages/airflow/example_dags/example_xcom.py for tasks to queue
[2026-09-30T21:38:06.274+0000] {logging_mixin.py:137} INFO - [2026-09-30T21:38:06.274+0000] {dagbag.py:538} INFO - Filling up the DagBag from /home/airflow/.local/lib/python3.7/site-packages/airflow/example_dags/example_xcom.py
[2026-09-30T21:38:06.304+0000] {processor.py:753} INFO - DAG(s) dict_keys(['example_xcom']) retrieved from /home/airflow/.local/lib/python3.7/site-packages/airflow/example_dags/example_xcom.py
[2026-09-30T21:38:06.360+0000] {logging_mixin.py:137} INFO - [2026-09-30T21:38:06.360+0000] {dag.py:2676} INFO - Sync 1 DAGs
[2026-09-30T21:38:06.395+0000] {logging_mixin.py:137} INFO - [2026-09-30T21:38:06.394+0000] {dag.py:3427} INFO - Setting next_dagrun for example_xcom to 2021-01-01T00:00:00+00:00, run_after=2021-01-01T00:00:00+00:00
[2026-09-30T21:38:06.422+0000] {processor.py:175} INFO - Processing /home/airflow/.local/lib/python3.7/site-packages/airflow/example_dags/example_xcom.py took 0.153 seconds
[2026-09-30T21:38:37.302+0000] {processor.py:153} INFO - Started process (PID=24727) to work on /home/airflow/.local/lib/python3.7/site-packages/airflow/example_dags/example_xcom.py
[2026-09-30T21:38:37.303+0000] {processor.py:743} INFO - Processing file /home/airflow/.local/lib/python3.7/site-packages/airflow/example_dags/example_xcom.py for tasks to queue
[2026-09-30T21:38:37.305+0000] {logging_mixin.py:137} INFO - [2026-09-30T21:38:37.304+0000] {dagbag.py:538} INFO - Filling up the DagBag from /home/airflow/.local/lib/python3.7/site-packages/airflow/example_dags/example_xcom.py
[2026-09-30T21:38:37.338+0000] {processor.py:753} INFO - DAG(s) dict_keys(['example_xcom']) retrieved from /home/airflow/.local/lib/python3.7/site-packages/airflow/example_dags/example_xcom.py
[2026-09-30T21:38:37.394+0000] {logging_mixin.py:137} INFO - [2026-09-30T21:38:37.394+0000] {dag.py:2676} INFO - Sync 1 DAGs
[2026-09-30T21:38:37.436+0000] {logging_mixin.py:137} INFO - [2026-09-30T21:38:37.435+0000] {dag.py:3427} INFO - Setting next_dagrun for example_xcom to 2021-01-01T00:00:00+00:00, run_after=2021-01-01T00:00:00+00:00
[2026-09-30T21:38:37.467+0000] {processor.py:175} INFO - Processing /home/airflow/.local/lib/python3.7/site-packages/airflow/example_dags/example_xcom.py took 0.170 seconds
[2026-09-30T21:39:07.889+0000] {processor.py:153} INFO - Started process (PID=24806) to work on /home/airflow/.local/lib/python3.7/site-packages/airflow/example_dags/example_xcom.py
[2026-09-30T21:39:07.890+0000] {processor.py:743} INFO - Processing file /home/airflow/.local/lib/python3.7/site-packages/airflow/example_dags/example_xcom.py for tasks to queue
[2026-09-30T21:39:07.890+0000] {logging_mixin.py:137} INFO - [2026-09-30T21:39:07.890+0000] {dagbag.py:538} INFO - Filling up the DagBag from /home/airflow/.local/lib/python3.7/site-packages/airflow/example_dags/example_xcom.py
[2026-09-30T21:39:07.921+0000] {processor.py:753} INFO - DAG(s) dict_keys(['example_xcom']) retrieved from /home/airflow/.local/lib/python3.7/site-packages/airflow/example_dags/example_xcom.py
[2026-09-30T21:39:07.972+0000] {logging_mixin.py:137} INFO - [2026-09-30T21:39:07.972+0000] {dag.py:2676} INFO - Sync 1 DAGs
[2026-09-30T21:39:08.004+0000] {logging_mixin.py:137} INFO - [2026-09-30T21:39:08.004+0000] {dag.py:3427} INFO - Setting next_dagrun for example_xcom to 2021-01-01T00:00:00+00:00, run_after=2021-01-01T00:00:00+00:00
[2026-09-30T21:39:08.024+0000] {processor.py:175} INFO - Processing /home/airflow/.local/lib/python3.7/site-packages/airflow/example_dags/example_xcom.py took 0.139 seconds
[2026-09-30T21:39:38.880+0000] {processor.py:153} INFO - Started process (PID=24905) to work on /home/airflow/.local/lib/python3.7/site-packages/airflow/example_dags/example_xcom.py
[2026-09-30T21:39:38.881+0000] {processor.py:743} INFO - Processing file /home/airflow/.local/lib/python3.7/site-packages/airflow/example_dags/example_xcom.py for tasks to queue
[2026-09-30T21:39:38.882+0000] {logging_mixin.py:137} INFO - [2026-09-30T21:39:38.882+0000] {dagbag.py:538} INFO - Filling up the DagBag from /home/airflow/.local/lib/python3.7/site-packages/airflow/example_dags/example_xcom.py
[2026-09-30T21:39:38.916+0000] {processor.py:753} INFO - DAG(s) dict_keys(['example_xcom']) retrieved from /home/airflow/.local/lib/python3.7/site-packages/airflow/example_dags/example_xcom.py
[2026-09-30T21:39:38.971+0000] {logging_mixin.py:137} INFO - [2026-09-30T21:39:38.970+0000] {dag.py:2676} INFO - Sync 1 DAGs
[2026-09-30T21:39:39.008+0000] {logging_mixin.py:137} INFO - [2026-09-30T21:39:39.008+0000] {dag.py:3427} INFO - Setting next_dagrun for example_xcom to 2021-01-01T00:00:00+00:00, run_after=2021-01-01T00:00:00+00:00
[2026-09-30T21:39:39.030+0000] {processor.py:175} INFO - Processing /home/airflow/.local/lib/python3.7/site-packages/airflow/example_dags/example_xcom.py took 0.155 seconds
[2026-09-30T21:40:09.781+0000] {processor.py:153} INFO - Started process (PID=24984) to work on /home/airflow/.local/lib/python3.7/site-packages/airflow/example_dags/example_xcom.py
[2026-09-30T21:40:09.782+0000] {processor.py:743} INFO - Processing file /home/airflow/.local/lib/python3.7/site-packages/airflow/example_dags/example_xcom.py for tasks to queue
[2026-09-30T21:40:09.782+0000] {logging_mixin.py:137} INFO - [2026-09-30T21:40:09.782+0000] {dagbag.py:538} INFO - Filling up the DagBag from /home/airflow/.local/lib/python3.7/site-packages/airflow/example_dags/example_xcom.py
[2026-09-30T21:40:09.817+0000] {processor.py:753} INFO - DAG(s) dict_keys(['example_xcom']) retrieved from /home/airflow/.local/lib/python3.7/site-packages/airflow/example_dags/example_xcom.py
[2026-09-30T21:40:09.867+0000] {logging_mixin.py:137} INFO - [2026-09-30T21:40:09.867+0000] {dag.py:2676} INFO - Sync 1 DAGs
[2026-09-30T21:40:09.901+0000] {logging_mixin.py:137} INFO - [2026-09-30T21:40:09.901+0000] {dag.py:3427} INFO - Setting next_dagrun for example_xcom to 2021-01-01T00:00:00+00:00, run_after=2021-01-01T00:00:00+00:00
[2026-09-30T21:40:09.923+0000] {processor.py:175} INFO - Processing /home/airflow/.local/lib/python3.7/site-packages/airflow/example_dags/example_xcom.py took 0.146 seconds
[2026-09-30T21:40:40.779+0000] {processor.py:153} INFO - Started process (PID=25064) to work on /home/airflow/.local/lib/python3.7/site-packages/airflow/example_dags/example_xcom.py
[2026-09-30T21:40:40.781+0000] {processor.py:743} INFO - Processing file /home/airflow/.local/lib/python3.7/site-packages/airflow/example_dags/example_xcom.py for tasks to queue
[2026-09-30T21:40:40.782+0000] {logging_mixin.py:137} INFO - [2026-09-30T21:40:40.782+0000] {dagbag.py:538} INFO - Filling up the DagBag from /home/airflow/.local/lib/python3.7/site-packages/airflow/example_dags/example_xcom.py
[2026-09-30T21:40:40.812+0000] {processor.py:753} INFO - DAG(s) dict_keys(['example_xcom']) retrieved from /home/airflow/.local/lib/python3.7/site-packages/airflow/example_dags/example_xcom.py
[2026-09-30T21:40:40.862+0000] {logging_mixin.py:137} INFO - [2026-09-30T21:40:40.862+0000] {dag.py:2676} INFO - Sync 1 DAGs
[2026-09-30T21:40:40.897+0000] {logging_mixin.py:137} INFO - [2026-09-30T21:40:40.896+0000] {dag.py:3427} INFO - Setting next_dagrun for example_xcom to 2021-01-01T00:00:00+00:00, run_after=2021-01-01T00:00:00+00:00
[2026-09-30T21:40:40.918+0000] {processor.py:175} INFO - Processing /home/airflow/.local/lib/python3.7/site-packages/airflow/example_dags/example_xcom.py took 0.145 seconds
[2026-09-30T21:41:11.236+0000] {processor.py:153} INFO - Started process (PID=25150) to work on /home/airflow/.local/lib/python3.7/site-packages/airflow/example_dags/example_xcom.py
[2026-09-30T21:41:11.237+0000] {processor.py:743} INFO - Processing file /home/airflow/.local/lib/python3.7/site-packages/airflow/example_dags/example_xcom.py for tasks to queue
[2026-09-30T21:41:11.237+0000] {logging_mixin.py:137} INFO - [2026-09-30T21:41:11.237+0000] {dagbag.py:538} INFO - Filling up the DagBag from /home/airflow/.local/lib/python3.7/site-packages/airflow/example_dags/example_xcom.py
[2026-09-30T21:41:11.269+0000] {processor.py:753} INFO - DAG(s) dict_keys(['example_xcom']) retrieved from /home/airflow/.local/lib/python3.7/site-packages/airflow/example_dags/example_xcom.py
[2026-09-30T21:41:11.323+0000] {logging_mixin.py:137} INFO - [2026-09-30T21:41:11.323+0000] {dag.py:2676} INFO - Sync 1 DAGs
[2026-09-30T21:41:11.357+0000] {logging_mixin.py:137} INFO - [2026-09-30T21:41:11.357+0000] {dag.py:3427} INFO - Setting next_dagrun for example_xcom to 2021-01-01T00:00:00+00:00, run_after=2021-01-01T00:00:00+00:00
[2026-09-30T21:41:11.379+0000] {processor.py:175} INFO - Processing /home/airflow/.local/lib/python3.7/site-packages/airflow/example_dags/example_xcom.py took 0.149 seconds
[2026-09-30T21:41:41.759+0000] {processor.py:153} INFO - Started process (PID=25245) to work on /home/airflow/.local/lib/python3.7/site-packages/airflow/example_dags/example_xcom.py
[2026-09-30T21:41:41.760+0000] {processor.py:743} INFO - Processing file /home/airflow/.local/lib/python3.7/site-packages/airflow/example_dags/example_xcom.py for tasks to queue
[2026-09-30T21:41:41.761+0000] {logging_mixin.py:137} INFO - [2026-09-30T21:41:41.761+0000] {dagbag.py:538} INFO - Filling up the DagBag from /home/airflow/.local/lib/python3.7/site-packages/airflow/example_dags/example_xcom.py
[2026-09-30T21:41:41.809+0000] {processor.py:753} INFO - DAG(s) dict_keys(['example_xcom']) retrieved from /home/airflow/.local/lib/python3.7/site-packages/airflow/example_dags/example_xcom.py
[2026-09-30T21:41:41.883+0000] {logging_mixin.py:137} INFO - [2026-09-30T21:41:41.882+0000] {dag.py:2676} INFO - Sync 1 DAGs
[2026-09-30T21:41:41.931+0000] {logging_mixin.py:137} INFO - [2026-09-30T21:41:41.931+0000] {dag.py:3427} INFO - Setting next_dagrun for example_xcom to 2021-01-01T00:00:00+00:00, run_after=2021-01-01T00:00:00+00:00
[2026-09-30T21:41:41.950+0000] {processor.py:175} INFO - Processing /home/airflow/.local/lib/python3.7/site-packages/airflow/example_dags/example_xcom.py took 0.198 seconds
[2026-09-30T21:42:12.190+0000] {processor.py:153} INFO - Started process (PID=25324) to work on /home/airflow/.local/lib/python3.7/site-packages/airflow/example_dags/example_xcom.py
[2026-09-30T21:42:12.192+0000] {processor.py:743} INFO - Processing file /home/airflow/.local/lib/python3.7/site-packages/airflow/example_dags/example_xcom.py for tasks to queue
[2026-09-30T21:42:12.193+0000] {logging_mixin.py:137} INFO - [2026-09-30T21:42:12.193+0000] {dagbag.py:538} INFO - Filling up the DagBag from /home/airflow/.local/lib/python3.7/site-packages/airflow/example_dags/example_xcom.py
[2026-09-30T21:42:12.249+0000] {processor.py:753} INFO - DAG(s) dict_keys(['example_xcom']) retrieved from /home/airflow/.local/lib/python3.7/site-packages/airflow/example_dags/example_xcom.py
[2026-09-30T21:42:12.323+0000] {logging_mixin.py:137} INFO - [2026-09-30T21:42:12.323+0000] {dag.py:2676} INFO - Sync 1 DAGs
[2026-09-30T21:42:12.358+0000] {logging_mixin.py:137} INFO - [2026-09-30T21:42:12.358+0000] {dag.py:3427} INFO - Setting next_dagrun for example_xcom to 2021-01-01T00:00:00+00:00, run_after=2021-01-01T00:00:00+00:00
[2026-09-30T21:42:12.385+0000] {processor.py:175} INFO - Processing /home/airflow/.local/lib/python3.7/site-packages/airflow/example_dags/example_xcom.py took 0.205 seconds
[2026-09-30T21:42:42.551+0000] {processor.py:153} INFO - Started process (PID=25408) to work on /home/airflow/.local/lib/python3.7/site-packages/airflow/example_dags/example_xcom.py
[2026-09-30T21:42:42.552+0000] {processor.py:743} INFO - Processing file /home/airflow/.local/lib/python3.7/site-packages/airflow/example_dags/example_xcom.py for tasks to queue
[2026-09-30T21:42:42.553+0000] {logging_mixin.py:137} INFO - [2026-09-30T21:42:42.553+0000] {dagbag.py:538} INFO - Filling up the DagBag from /home/airflow/.local/lib/python3.7/site-packages/airflow/example_dags/example_xcom.py
[2026-09-30T21:42:42.585+0000] {processor.py:753} INFO - DAG(s) dict_keys(['example_xcom']) retrieved from /home/airflow/.local/lib/python3.7/site-packages/airflow/example_dags/example_xcom.py
[2026-09-30T21:42:42.635+0000] {logging_mixin.py:137} INFO - [2026-09-30T21:42:42.635+0000] {dag.py:2676} INFO - Sync 1 DAGs
[2026-09-30T21:42:42.671+0000] {logging_mixin.py:137} INFO - [2026-09-30T21:42:42.670+0000] {dag.py:3427} INFO - Setting next_dagrun for example_xcom to 2021-01-01T00:00:00+00:00, run_after=2021-01-01T00:00:00+00:00
[2026-09-30T21:42:42.692+0000] {processor.py:175} INFO - Processing /home/airflow/.local/lib/python3.7/site-packages/airflow/example_dags/example_xcom.py took 0.145 seconds
[2026-09-30T21:43:12.786+0000] {processor.py:153} INFO - Started process (PID=25507) to work on /home/airflow/.local/lib/python3.7/site-packages/airflow/example_dags/example_xcom.py
[2026-09-30T21:43:12.787+0000] {processor.py:743} INFO - Processing file /home/airflow/.local/lib/python3.7/site-packages/airflow/example_dags/example_xcom.py for tasks to queue
[2026-09-30T21:43:12.788+0000] {logging_mixin.py:137} INFO - [2026-09-30T21:43:12.788+0000] {dagbag.py:538} INFO - Filling up the DagBag from /home/airflow/.local/lib/python3.7/site-packages/airflow/example_dags/example_xcom.py
[2026-09-30T21:43:12.829+0000] {processor.py:753} INFO - DAG(s) dict_keys(['example_xcom']) retrieved from /home/airflow/.local/lib/python3.7/site-packages/airflow/example_dags/example_xcom.py
[2026-09-30T21:43:12.885+0000] {logging_mixin.py:137} INFO - [2026-09-30T21:43:12.885+0000] {dag.py:2676} INFO - Sync 1 DAGs
[2026-09-30T21:43:12.928+0000] {logging_mixin.py:137} INFO - [2026-09-30T21:43:12.928+0000] {dag.py:3427} INFO - Setting next_dagrun for example_xcom to 2021-01-01T00:00:00+00:00, run_after=2021-01-01T00:00:00+00:00
[2026-09-30T21:43:12.947+0000] {processor.py:175} INFO - Processing /home/airflow/.local/lib/python3.7/site-packages/airflow/example_dags/example_xcom.py took 0.166 seconds
[2026-09-30T21:43:43.168+0000] {processor.py:153} INFO - Started process (PID=25587) to work on /home/airflow/.local/lib/python3.7/site-packages/airflow/example_dags/example_xcom.py
[2026-09-30T21:43:43.169+0000] {processor.py:743} INFO - Processing file /home/airflow/.local/lib/python3.7/site-packages/airflow/example_dags/example_xcom.py for tasks to queue
[2026-09-30T21:43:43.171+0000] {logging_mixin.py:137} INFO - [2026-09-30T21:43:43.170+0000] {dagbag.py:538} INFO - Filling up the DagBag from /home/airflow/.local/lib/python3.7/site-packages/airflow/example_dags/example_xcom.py
[2026-09-30T21:43:43.206+0000] {processor.py:753} INFO - DAG(s) dict_keys(['example_xcom']) retrieved from /home/airflow/.local/lib/python3.7/site-packages/airflow/example_dags/example_xcom.py
[2026-09-30T21:43:43.254+0000] {logging_mixin.py:137} INFO - [2026-09-30T21:43:43.254+0000] {dag.py:2676} INFO - Sync 1 DAGs
[2026-09-30T21:43:43.287+0000] {logging_mixin.py:137} INFO - [2026-09-30T21:43:43.287+0000] {dag.py:3427} INFO - Setting next_dagrun for example_xcom to 2021-01-01T00:00:00+00:00, run_after=2021-01-01T00:00:00+00:00
[2026-09-30T21:43:43.310+0000] {processor.py:175} INFO - Processing /home/airflow/.local/lib/python3.7/site-packages/airflow/example_dags/example_xcom.py took 0.145 seconds
[2026-09-30T21:44:13.662+0000] {processor.py:153} INFO - Started process (PID=25670) to work on /home/airflow/.local/lib/python3.7/site-packages/airflow/example_dags/example_xcom.py
[2026-09-30T21:44:13.664+0000] {processor.py:743} INFO - Processing file /home/airflow/.local/lib/python3.7/site-packages/airflow/example_dags/example_xcom.py for tasks to queue
[2026-09-30T21:44:13.665+0000] {logging_mixin.py:137} INFO - [2026-09-30T21:44:13.664+0000] {dagbag.py:538} INFO - Filling up the DagBag from /home/airflow/.local/lib/python3.7/site-packages/airflow/example_dags/example_xcom.py
[2026-09-30T21:44:13.713+0000] {processor.py:753} INFO - DAG(s) dict_keys(['example_xcom']) retrieved from /home/airflow/.local/lib/python3.7/site-packages/airflow/example_dags/example_xcom.py
[2026-09-30T21:44:13.763+0000] {logging_mixin.py:137} INFO - [2026-09-30T21:44:13.763+0000] {dag.py:2676} INFO - Sync 1 DAGs
[2026-09-30T21:44:13.796+0000] {logging_mixin.py:137} INFO - [2026-09-30T21:44:13.796+0000] {dag.py:3427} INFO - Setting next_dagrun for example_xcom to 2021-01-01T00:00:00+00:00, run_after=2021-01-01T00:00:00+00:00
[2026-09-30T21:44:13.820+0000] {processor.py:175} INFO - Processing /home/airflow/.local/lib/python3.7/site-packages/airflow/example_dags/example_xcom.py took 0.164 seconds
[2026-09-30T21:44:44.284+0000] {processor.py:153} INFO - Started process (PID=25751) to work on /home/airflow/.local/lib/python3.7/site-packages/airflow/example_dags/example_xcom.py
[2026-09-30T21:44:44.286+0000] {processor.py:743} INFO - Processing file /home/airflow/.local/lib/python3.7/site-packages/airflow/example_dags/example_xcom.py for tasks to queue
[2026-09-30T21:44:44.287+0000] {logging_mixin.py:137} INFO - [2026-09-30T21:44:44.286+0000] {dagbag.py:538} INFO - Filling up the DagBag from /home/airflow/.local/lib/python3.7/site-packages/airflow/example_dags/example_xcom.py
[2026-09-30T21:44:44.318+0000] {processor.py:753} INFO - DAG(s) dict_keys(['example_xcom']) retrieved from /home/airflow/.local/lib/python3.7/site-packages/airflow/example_dags/example_xcom.py
[2026-09-30T21:44:44.369+0000] {logging_mixin.py:137} INFO - [2026-09-30T21:44:44.369+0000] {dag.py:2676} INFO - Sync 1 DAGs
[2026-09-30T21:44:44.405+0000] {logging_mixin.py:137} INFO - [2026-09-30T21:44:44.405+0000] {dag.py:3427} INFO - Setting next_dagrun for example_xcom to 2021-01-01T00:00:00+00:00, run_after=2021-01-01T00:00:00+00:00
[2026-09-30T21:44:44.434+0000] {processor.py:175} INFO - Processing /home/airflow/.local/lib/python3.7/site-packages/airflow/example_dags/example_xcom.py took 0.153 seconds
[2026-09-30T21:45:15.307+0000] {processor.py:153} INFO - Started process (PID=25851) to work on /home/airflow/.local/lib/python3.7/site-packages/airflow/example_dags/example_xcom.py
[2026-09-30T21:45:15.308+0000] {processor.py:743} INFO - Processing file /home/airflow/.local/lib/python3.7/site-packages/airflow/example_dags/example_xcom.py for tasks to queue
[2026-09-30T21:45:15.309+0000] {logging_mixin.py:137} INFO - [2026-09-30T21:45:15.309+0000] {dagbag.py:538} INFO - Filling up the DagBag from /home/airflow/.local/lib/python3.7/site-packages/airflow/example_dags/example_xcom.py
[2026-09-30T21:45:15.359+0000] {processor.py:753} INFO - DAG(s) dict_keys(['example_xcom']) retrieved from /home/airflow/.local/lib/python3.7/site-packages/airflow/example_dags/example_xcom.py
[2026-09-30T21:45:15.427+0000] {logging_mixin.py:137} INFO - [2026-09-30T21:45:15.426+0000] {dag.py:2676} INFO - Sync 1 DAGs
[2026-09-30T21:45:15.473+0000] {logging_mixin.py:137} INFO - [2026-09-30T21:45:15.472+0000] {dag.py:3427} INFO - Setting next_dagrun for example_xcom to 2021-01-01T00:00:00+00:00, run_after=2021-01-01T00:00:00+00:00
[2026-09-30T21:45:15.504+0000] {processor.py:175} INFO - Processing /home/airflow/.local/lib/python3.7/site-packages/airflow/example_dags/example_xcom.py took 0.203 seconds
[2026-09-30T21:45:45.633+0000] {processor.py:153} INFO - Started process (PID=25931) to work on /home/airflow/.local/lib/python3.7/site-packages/airflow/example_dags/example_xcom.py
[2026-09-30T21:45:45.634+0000] {processor.py:743} INFO - Processing file /home/airflow/.local/lib/python3.7/site-packages/airflow/example_dags/example_xcom.py for tasks to queue
[2026-09-30T21:45:45.635+0000] {logging_mixin.py:137} INFO - [2026-09-30T21:45:45.634+0000] {dagbag.py:538} INFO - Filling up the DagBag from /home/airflow/.local/lib/python3.7/site-packages/airflow/example_dags/example_xcom.py
[2026-09-30T21:45:45.664+0000] {processor.py:753} INFO - DAG(s) dict_keys(['example_xcom']) retrieved from /home/airflow/.local/lib/python3.7/site-packages/airflow/example_dags/example_xcom.py
[2026-09-30T21:45:45.721+0000] {logging_mixin.py:137} INFO - [2026-09-30T21:45:45.721+0000] {dag.py:2676} INFO - Sync 1 DAGs
[2026-09-30T21:45:45.770+0000] {logging_mixin.py:137} INFO - [2026-09-30T21:45:45.770+0000] {dag.py:3427} INFO - Setting next_dagrun for example_xcom to 2021-01-01T00:00:00+00:00, run_after=2021-01-01T00:00:00+00:00
[2026-09-30T21:45:45.799+0000] {processor.py:175} INFO - Processing /home/airflow/.local/lib/python3.7/site-packages/airflow/example_dags/example_xcom.py took 0.173 seconds
[2026-09-30T21:46:15.915+0000] {processor.py:153} INFO - Started process (PID=26010) to work on /home/airflow/.local/lib/python3.7/site-packages/airflow/example_dags/example_xcom.py
[2026-09-30T21:46:15.917+0000] {processor.py:743} INFO - Processing file /home/airflow/.local/lib/python3.7/site-packages/airflow/example_dags/example_xcom.py for tasks to queue
[2026-09-30T21:46:15.918+0000] {logging_mixin.py:137} INFO - [2026-09-30T21:46:15.918+0000] {dagbag.py:538} INFO - Filling up the DagBag from /home/airflow/.local/lib/python3.7/site-packages/airflow/example_dags/example_xcom.py
[2026-09-30T21:46:15.968+0000] {processor.py:753} INFO - DAG(s) dict_keys(['example_xcom']) retrieved from /home/airflow/.local/lib/python3.7/site-packages/airflow/example_dags/example_xcom.py
[2026-09-30T21:46:16.036+0000] {logging_mixin.py:137} INFO - [2026-09-30T21:46:16.036+0000] {dag.py:2676} INFO - Sync 1 DAGs
[2026-09-30T21:46:16.074+0000] {logging_mixin.py:137} INFO - [2026-09-30T21:46:16.074+0000] {dag.py:3427} INFO - Setting next_dagrun for example_xcom to 2021-01-01T00:00:00+00:00, run_after=2021-01-01T00:00:00+00:00
[2026-09-30T21:46:16.099+0000] {processor.py:175} INFO - Processing /home/airflow/.local/lib/python3.7/site-packages/airflow/example_dags/example_xcom.py took 0.190 seconds
[2026-09-30T21:46:46.369+0000] {processor.py:153} INFO - Started process (PID=26100) to work on /home/airflow/.local/lib/python3.7/site-packages/airflow/example_dags/example_xcom.py
[2026-09-30T21:46:46.370+0000] {processor.py:743} INFO - Processing file /home/airflow/.local/lib/python3.7/site-packages/airflow/example_dags/example_xcom.py for tasks to queue
[2026-09-30T21:46:46.371+0000] {logging_mixin.py:137} INFO - [2026-09-30T21:46:46.371+0000] {dagbag.py:538} INFO - Filling up the DagBag from /home/airflow/.local/lib/python3.7/site-packages/airflow/example_dags/example_xcom.py
[2026-09-30T21:46:46.403+0000] {processor.py:753} INFO - DAG(s) dict_keys(['example_xcom']) retrieved from /home/airflow/.local/lib/python3.7/site-packages/airflow/example_dags/example_xcom.py
[2026-09-30T21:46:46.456+0000] {logging_mixin.py:137} INFO - [2026-09-30T21:46:46.456+0000] {dag.py:2676} INFO - Sync 1 DAGs
[2026-09-30T21:46:46.501+0000] {logging_mixin.py:137} INFO - [2026-09-30T21:46:46.501+0000] {dag.py:3427} INFO - Setting next_dagrun for example_xcom to 2021-01-01T00:00:00+00:00, run_after=2021-01-01T00:00:00+00:00
[2026-09-30T21:46:46.531+0000] {processor.py:175} INFO - Processing /home/airflow/.local/lib/python3.7/site-packages/airflow/example_dags/example_xcom.py took 0.166 seconds
[2026-09-30T21:47:16.703+0000] {processor.py:153} INFO - Started process (PID=26196) to work on /home/airflow/.local/lib/python3.7/site-packages/airflow/example_dags/example_xcom.py
[2026-09-30T21:47:16.704+0000] {processor.py:743} INFO - Processing file /home/airflow/.local/lib/python3.7/site-packages/airflow/example_dags/example_xcom.py for tasks to queue
[2026-09-30T21:47:16.705+0000] {logging_mixin.py:137} INFO - [2026-09-30T21:47:16.705+0000] {dagbag.py:538} INFO - Filling up the DagBag from /home/airflow/.local/lib/python3.7/site-packages/airflow/example_dags/example_xcom.py
[2026-09-30T21:47:16.749+0000] {processor.py:753} INFO - DAG(s) dict_keys(['example_xcom']) retrieved from /home/airflow/.local/lib/python3.7/site-packages/airflow/example_dags/example_xcom.py
[2026-09-30T21:47:16.809+0000] {logging_mixin.py:137} INFO - [2026-09-30T21:47:16.809+0000] {dag.py:2676} INFO - Sync 1 DAGs
[2026-09-30T21:47:16.848+0000] {logging_mixin.py:137} INFO - [2026-09-30T21:47:16.848+0000] {dag.py:3427} INFO - Setting next_dagrun for example_xcom to 2021-01-01T00:00:00+00:00, run_after=2021-01-01T00:00:00+00:00
[2026-09-30T21:47:16.871+0000] {processor.py:175} INFO - Processing /home/airflow/.local/lib/python3.7/site-packages/airflow/example_dags/example_xcom.py took 0.174 seconds
[2026-09-30T21:47:47.372+0000] {processor.py:153} INFO - Started process (PID=26282) to work on /home/airflow/.local/lib/python3.7/site-packages/airflow/example_dags/example_xcom.py
[2026-09-30T21:47:47.373+0000] {processor.py:743} INFO - Processing file /home/airflow/.local/lib/python3.7/site-packages/airflow/example_dags/example_xcom.py for tasks to queue
[2026-09-30T21:47:47.374+0000] {logging_mixin.py:137} INFO - [2026-09-30T21:47:47.374+0000] {dagbag.py:538} INFO - Filling up the DagBag from /home/airflow/.local/lib/python3.7/site-packages/airflow/example_dags/example_xcom.py
[2026-09-30T21:47:47.411+0000] {processor.py:753} INFO - DAG(s) dict_keys(['example_xcom']) retrieved from /home/airflow/.local/lib/python3.7/site-packages/airflow/example_dags/example_xcom.py
[2026-09-30T21:47:47.460+0000] {logging_mixin.py:137} INFO - [2026-09-30T21:47:47.460+0000] {dag.py:2676} INFO - Sync 1 DAGs
[2026-09-30T21:47:47.493+0000] {logging_mixin.py:137} INFO - [2026-09-30T21:47:47.493+0000] {dag.py:3427} INFO - Setting next_dagrun for example_xcom to 2021-01-01T00:00:00+00:00, run_after=2021-01-01T00:00:00+00:00
[2026-09-30T21:47:47.513+0000] {processor.py:175} INFO - Processing /home/airflow/.local/lib/python3.7/site-packages/airflow/example_dags/example_xcom.py took 0.146 seconds
[2026-09-30T21:48:17.796+0000] {processor.py:153} INFO - Started process (PID=26370) to work on /home/airflow/.local/lib/python3.7/site-packages/airflow/example_dags/example_xcom.py
[2026-09-30T21:48:17.797+0000] {processor.py:743} INFO - Processing file /home/airflow/.local/lib/python3.7/site-packages/airflow/example_dags/example_xcom.py for tasks to queue
[2026-09-30T21:48:17.798+0000] {logging_mixin.py:137} INFO - [2026-09-30T21:48:17.798+0000] {dagbag.py:538} INFO - Filling up the DagBag from /home/airflow/.local/lib/python3.7/site-packages/airflow/example_dags/example_xcom.py
[2026-09-30T21:48:17.828+0000] {processor.py:753} INFO - DAG(s) dict_keys(['example_xcom']) retrieved from /home/airflow/.local/lib/python3.7/site-packages/airflow/example_dags/example_xcom.py
[2026-09-30T21:48:17.876+0000] {logging_mixin.py:137} INFO - [2026-09-30T21:48:17.875+0000] {dag.py:2676} INFO - Sync 1 DAGs
[2026-09-30T21:48:17.907+0000] {logging_mixin.py:137} INFO - [2026-09-30T21:48:17.906+0000] {dag.py:3427} INFO - Setting next_dagrun for example_xcom to 2021-01-01T00:00:00+00:00, run_after=2021-01-01T00:00:00+00:00
[2026-09-30T21:48:17.929+0000] {processor.py:175} INFO - Processing /home/airflow/.local/lib/python3.7/site-packages/airflow/example_dags/example_xcom.py took 0.138 seconds
[2026-09-30T21:48:48.783+0000] {processor.py:153} INFO - Started process (PID=26469) to work on /home/airflow/.local/lib/python3.7/site-packages/airflow/example_dags/example_xcom.py
[2026-09-30T21:48:48.784+0000] {processor.py:743} INFO - Processing file /home/airflow/.local/lib/python3.7/site-packages/airflow/example_dags/example_xcom.py for tasks to queue
[2026-09-30T21:48:48.784+0000] {logging_mixin.py:137} INFO - [2026-09-30T21:48:48.784+0000] {dagbag.py:538} INFO - Filling up the DagBag from /home/airflow/.local/lib/python3.7/site-packages/airflow/example_dags/example_xcom.py
[2026-09-30T21:48:48.816+0000] {processor.py:753} INFO - DAG(s) dict_keys(['example_xcom']) retrieved from /home/airflow/.local/lib/python3.7/site-packages/airflow/example_dags/example_xcom.py
[2026-09-30T21:48:48.869+0000] {logging_mixin.py:137} INFO - [2026-09-30T21:48:48.869+0000] {dag.py:2676} INFO - Sync 1 DAGs
[2026-09-30T21:48:48.901+0000] {logging_mixin.py:137} INFO - [2026-09-30T21:48:48.900+0000] {dag.py:3427} INFO - Setting next_dagrun for example_xcom to 2021-01-01T00:00:00+00:00, run_after=2021-01-01T00:00:00+00:00
[2026-09-30T21:48:48.923+0000] {processor.py:175} INFO - Processing /home/airflow/.local/lib/python3.7/site-packages/airflow/example_dags/example_xcom.py took 0.145 seconds
[2026-09-30T21:49:19.448+0000] {processor.py:153} INFO - Started process (PID=26553) to work on /home/airflow/.local/lib/python3.7/site-packages/airflow/example_dags/example_xcom.py
[2026-09-30T21:49:19.449+0000] {processor.py:743} INFO - Processing file /home/airflow/.local/lib/python3.7/site-packages/airflow/example_dags/example_xcom.py for tasks to queue
[2026-09-30T21:49:19.450+0000] {logging_mixin.py:137} INFO - [2026-09-30T21:49:19.450+0000] {dagbag.py:538} INFO - Filling up the DagBag from /home/airflow/.local/lib/python3.7/site-packages/airflow/example_dags/example_xcom.py
[2026-09-30T21:49:19.499+0000] {processor.py:753} INFO - DAG(s) dict_keys(['example_xcom']) retrieved from /home/airflow/.local/lib/python3.7/site-packages/airflow/example_dags/example_xcom.py
[2026-09-30T21:49:19.552+0000] {logging_mixin.py:137} INFO - [2026-09-30T21:49:19.552+0000] {dag.py:2676} INFO - Sync 1 DAGs
[2026-09-30T21:49:19.584+0000] {logging_mixin.py:137} INFO - [2026-09-30T21:49:19.584+0000] {dag.py:3427} INFO - Setting next_dagrun for example_xcom to 2021-01-01T00:00:00+00:00, run_after=2021-01-01T00:00:00+00:00
[2026-09-30T21:49:19.607+0000] {processor.py:175} INFO - Processing /home/airflow/.local/lib/python3.7/site-packages/airflow/example_dags/example_xcom.py took 0.167 seconds
[2026-09-30T21:49:49.698+0000] {processor.py:153} INFO - Started process (PID=26632) to work on /home/airflow/.local/lib/python3.7/site-packages/airflow/example_dags/example_xcom.py
[2026-09-30T21:49:49.699+0000] {processor.py:743} INFO - Processing file /home/airflow/.local/lib/python3.7/site-packages/airflow/example_dags/example_xcom.py for tasks to queue
[2026-09-30T21:49:49.700+0000] {logging_mixin.py:137} INFO - [2026-09-30T21:49:49.700+0000] {dagbag.py:538} INFO - Filling up the DagBag from /home/airflow/.local/lib/python3.7/site-packages/airflow/example_dags/example_xcom.py
[2026-09-30T21:49:49.737+0000] {processor.py:753} INFO - DAG(s) dict_keys(['example_xcom']) retrieved from /home/airflow/.local/lib/python3.7/site-packages/airflow/example_dags/example_xcom.py
[2026-09-30T21:49:49.797+0000] {logging_mixin.py:137} INFO - [2026-09-30T21:49:49.796+0000] {dag.py:2676} INFO - Sync 1 DAGs
[2026-09-30T21:49:49.839+0000] {logging_mixin.py:137} INFO - [2026-09-30T21:49:49.839+0000] {dag.py:3427} INFO - Setting next_dagrun for example_xcom to 2021-01-01T00:00:00+00:00, run_after=2021-01-01T00:00:00+00:00
[2026-09-30T21:49:49.864+0000] {processor.py:175} INFO - Processing /home/airflow/.local/lib/python3.7/site-packages/airflow/example_dags/example_xcom.py took 0.173 seconds
[2026-09-30T21:50:20.661+0000] {processor.py:153} INFO - Started process (PID=26731) to work on /home/airflow/.local/lib/python3.7/site-packages/airflow/example_dags/example_xcom.py
[2026-09-30T21:50:20.661+0000] {processor.py:743} INFO - Processing file /home/airflow/.local/lib/python3.7/site-packages/airflow/example_dags/example_xcom.py for tasks to queue
[2026-09-30T21:50:20.662+0000] {logging_mixin.py:137} INFO - [2026-09-30T21:50:20.662+0000] {dagbag.py:538} INFO - Filling up the DagBag from /home/airflow/.local/lib/python3.7/site-packages/airflow/example_dags/example_xcom.py
[2026-09-30T21:50:20.685+0000] {processor.py:753} INFO - DAG(s) dict_keys(['example_xcom']) retrieved from /home/airflow/.local/lib/python3.7/site-packages/airflow/example_dags/example_xcom.py
[2026-09-30T21:50:20.722+0000] {logging_mixin.py:137} INFO - [2026-09-30T21:50:20.722+0000] {dag.py:2676} INFO - Sync 1 DAGs
[2026-09-30T21:50:20.745+0000] {logging_mixin.py:137} INFO - [2026-09-30T21:50:20.745+0000] {dag.py:3427} INFO - Setting next_dagrun for example_xcom to 2021-01-01T00:00:00+00:00, run_after=2021-01-01T00:00:00+00:00
[2026-09-30T21:50:20.759+0000] {processor.py:175} INFO - Processing /home/airflow/.local/lib/python3.7/site-packages/airflow/example_dags/example_xcom.py took 0.101 seconds
[2026-09-30T21:50:51.390+0000] {processor.py:153} INFO - Started process (PID=26810) to work on /home/airflow/.local/lib/python3.7/site-packages/airflow/example_dags/example_xcom.py
[2026-09-30T21:50:51.391+0000] {processor.py:743} INFO - Processing file /home/airflow/.local/lib/python3.7/site-packages/airflow/example_dags/example_xcom.py for tasks to queue
[2026-09-30T21:50:51.392+0000] {logging_mixin.py:137} INFO - [2026-09-30T21:50:51.392+0000] {dagbag.py:538} INFO - Filling up the DagBag from /home/airflow/.local/lib/python3.7/site-packages/airflow/example_dags/example_xcom.py
[2026-09-30T21:50:51.434+0000] {processor.py:753} INFO - DAG(s) dict_keys(['example_xcom']) retrieved from /home/airflow/.local/lib/python3.7/site-packages/airflow/example_dags/example_xcom.py
[2026-09-30T21:50:51.498+0000] {logging_mixin.py:137} INFO - [2026-09-30T21:50:51.498+0000] {dag.py:2676} INFO - Sync 1 DAGs
[2026-09-30T21:50:51.543+0000] {logging_mixin.py:137} INFO - [2026-09-30T21:50:51.542+0000] {dag.py:3427} INFO - Setting next_dagrun for example_xcom to 2021-01-01T00:00:00+00:00, run_after=2021-01-01T00:00:00+00:00
[2026-09-30T21:50:51.570+0000] {processor.py:175} INFO - Processing /home/airflow/.local/lib/python3.7/site-packages/airflow/example_dags/example_xcom.py took 0.185 seconds
[2026-09-30T21:51:21.757+0000] {processor.py:153} INFO - Started process (PID=26898) to work on /home/airflow/.local/lib/python3.7/site-packages/airflow/example_dags/example_xcom.py
[2026-09-30T21:51:21.758+0000] {processor.py:743} INFO - Processing file /home/airflow/.local/lib/python3.7/site-packages/airflow/example_dags/example_xcom.py for tasks to queue
[2026-09-30T21:51:21.759+0000] {logging_mixin.py:137} INFO - [2026-09-30T21:51:21.758+0000] {dagbag.py:538} INFO - Filling up the DagBag from /home/airflow/.local/lib/python3.7/site-packages/airflow/example_dags/example_xcom.py
[2026-09-30T21:51:21.797+0000] {processor.py:753} INFO - DAG(s) dict_keys(['example_xcom']) retrieved from /home/airflow/.local/lib/python3.7/site-packages/airflow/example_dags/example_xcom.py
[2026-09-30T21:51:21.865+0000] {logging_mixin.py:137} INFO - [2026-09-30T21:51:21.865+0000] {dag.py:2676} INFO - Sync 1 DAGs
[2026-09-30T21:51:21.907+0000] {logging_mixin.py:137} INFO - [2026-09-30T21:51:21.907+0000] {dag.py:3427} INFO - Setting next_dagrun for example_xcom to 2021-01-01T00:00:00+00:00, run_after=2021-01-01T00:00:00+00:00
[2026-09-30T21:51:21.937+0000] {processor.py:175} INFO - Processing /home/airflow/.local/lib/python3.7/site-packages/airflow/example_dags/example_xcom.py took 0.186 seconds
[2026-09-30T21:51:52.572+0000] {processor.py:153} INFO - Started process (PID=26988) to work on /home/airflow/.local/lib/python3.7/site-packages/airflow/example_dags/example_xcom.py
[2026-09-30T21:51:52.573+0000] {processor.py:743} INFO - Processing file /home/airflow/.local/lib/python3.7/site-packages/airflow/example_dags/example_xcom.py for tasks to queue
[2026-09-30T21:51:52.573+0000] {logging_mixin.py:137} INFO - [2026-09-30T21:51:52.573+0000] {dagbag.py:538} INFO - Filling up the DagBag from /home/airflow/.local/lib/python3.7/site-packages/airflow/example_dags/example_xcom.py
[2026-09-30T21:51:52.596+0000] {processor.py:753} INFO - DAG(s) dict_keys(['example_xcom']) retrieved from /home/airflow/.local/lib/python3.7/site-packages/airflow/example_dags/example_xcom.py
[2026-09-30T21:51:52.632+0000] {logging_mixin.py:137} INFO - [2026-09-30T21:51:52.632+0000] {dag.py:2676} INFO - Sync 1 DAGs
[2026-09-30T21:51:52.656+0000] {logging_mixin.py:137} INFO - [2026-09-30T21:51:52.656+0000] {dag.py:3427} INFO - Setting next_dagrun for example_xcom to 2021-01-01T00:00:00+00:00, run_after=2021-01-01T00:00:00+00:00
[2026-09-30T21:51:52.671+0000] {processor.py:175} INFO - Processing /home/airflow/.local/lib/python3.7/site-packages/airflow/example_dags/example_xcom.py took 0.102 seconds
[2026-09-30T21:52:23.345+0000] {processor.py:153} INFO - Started process (PID=27067) to work on /home/airflow/.local/lib/python3.7/site-packages/airflow/example_dags/example_xcom.py
[2026-09-30T21:52:23.346+0000] {processor.py:743} INFO - Processing file /home/airflow/.local/lib/python3.7/site-packages/airflow/example_dags/example_xcom.py for tasks to queue
[2026-09-30T21:52:23.347+0000] {logging_mixin.py:137} INFO - [2026-09-30T21:52:23.347+0000] {dagbag.py:538} INFO - Filling up the DagBag from /home/airflow/.local/lib/python3.7/site-packages/airflow/example_dags/example_xcom.py
[2026-09-30T21:52:23.382+0000] {processor.py:753} INFO - DAG(s) dict_keys(['example_xcom']) retrieved from /home/airflow/.local/lib/python3.7/site-packages/airflow/example_dags/example_xcom.py
[2026-09-30T21:52:23.446+0000] {logging_mixin.py:137} INFO - [2026-09-30T21:52:23.446+0000] {dag.py:2676} INFO - Sync 1 DAGs
[2026-09-30T21:52:23.494+0000] {logging_mixin.py:137} INFO - [2026-09-30T21:52:23.494+0000] {dag.py:3427} INFO - Setting next_dagrun for example_xcom to 2021-01-01T00:00:00+00:00, run_after=2021-01-01T00:00:00+00:00
[2026-09-30T21:52:23.522+0000] {processor.py:175} INFO - Processing /home/airflow/.local/lib/python3.7/site-packages/airflow/example_dags/example_xcom.py took 0.180 seconds
[2026-09-30T21:52:54.199+0000] {processor.py:153} INFO - Started process (PID=27146) to work on /home/airflow/.local/lib/python3.7/site-packages/airflow/example_dags/example_xcom.py
[2026-09-30T21:52:54.200+0000] {processor.py:743} INFO - Processing file /home/airflow/.local/lib/python3.7/site-packages/airflow/example_dags/example_xcom.py for tasks to queue
[2026-09-30T21:52:54.201+0000] {logging_mixin.py:137} INFO - [2026-09-30T21:52:54.201+0000] {dagbag.py:538} INFO - Filling up the DagBag from /home/airflow/.local/lib/python3.7/site-packages/airflow/example_dags/example_xcom.py
[2026-09-30T21:52:54.236+0000] {processor.py:753} INFO - DAG(s) dict_keys(['example_xcom']) retrieved from /home/airflow/.local/lib/python3.7/site-packages/airflow/example_dags/example_xcom.py
[2026-09-30T21:52:54.295+0000] {logging_mixin.py:137} INFO - [2026-09-30T21:52:54.295+0000] {dag.py:2676} INFO - Sync 1 DAGs
[2026-09-30T21:52:54.345+0000] {logging_mixin.py:137} INFO - [2026-09-30T21:52:54.345+0000] {dag.py:3427} INFO - Setting next_dagrun for example_xcom to 2021-01-01T00:00:00+00:00, run_after=2021-01-01T00:00:00+00:00
[2026-09-30T21:52:54.376+0000] {processor.py:175} INFO - Processing /home/airflow/.local/lib/python3.7/site-packages/airflow/example_dags/example_xcom.py took 0.182 seconds
[2026-09-30T21:53:24.951+0000] {processor.py:153} INFO - Started process (PID=27245) to work on /home/airflow/.local/lib/python3.7/site-packages/airflow/example_dags/example_xcom.py
[2026-09-30T21:53:24.952+0000] {processor.py:743} INFO - Processing file /home/airflow/.local/lib/python3.7/site-packages/airflow/example_dags/example_xcom.py for tasks to queue
[2026-09-30T21:53:24.954+0000] {logging_mixin.py:137} INFO - [2026-09-30T21:53:24.953+0000] {dagbag.py:538} INFO - Filling up the DagBag from /home/airflow/.local/lib/python3.7/site-packages/airflow/example_dags/example_xcom.py
[2026-09-30T21:53:24.988+0000] {processor.py:753} INFO - DAG(s) dict_keys(['example_xcom']) retrieved from /home/airflow/.local/lib/python3.7/site-packages/airflow/example_dags/example_xcom.py
[2026-09-30T21:53:25.038+0000] {logging_mixin.py:137} INFO - [2026-09-30T21:53:25.038+0000] {dag.py:2676} INFO - Sync 1 DAGs
[2026-09-30T21:53:25.071+0000] {logging_mixin.py:137} INFO - [2026-09-30T21:53:25.070+0000] {dag.py:3427} INFO - Setting next_dagrun for example_xcom to 2021-01-01T00:00:00+00:00, run_after=2021-01-01T00:00:00+00:00
[2026-09-30T21:53:25.094+0000] {processor.py:175} INFO - Processing /home/airflow/.local/lib/python3.7/site-packages/airflow/example_dags/example_xcom.py took 0.149 seconds
[2026-09-30T21:53:55.729+0000] {processor.py:153} INFO - Started process (PID=27324) to work on /home/airflow/.local/lib/python3.7/site-packages/airflow/example_dags/example_xcom.py
[2026-09-30T21:53:55.730+0000] {processor.py:743} INFO - Processing file /home/airflow/.local/lib/python3.7/site-packages/airflow/example_dags/example_xcom.py for tasks to queue
[2026-09-30T21:53:55.731+0000] {logging_mixin.py:137} INFO - [2026-09-30T21:53:55.731+0000] {dagbag.py:538} INFO - Filling up the DagBag from /home/airflow/.local/lib/python3.7/site-packages/airflow/example_dags/example_xcom.py
[2026-09-30T21:53:55.763+0000] {processor.py:753} INFO - DAG(s) dict_keys(['example_xcom']) retrieved from /home/airflow/.local/lib/python3.7/site-packages/airflow/example_dags/example_xcom.py
[2026-09-30T21:53:55.812+0000] {logging_mixin.py:137} INFO - [2026-09-30T21:53:55.812+0000] {dag.py:2676} INFO - Sync 1 DAGs
[2026-09-30T21:53:55.849+0000] {logging_mixin.py:137} INFO - [2026-09-30T21:53:55.849+0000] {dag.py:3427} INFO - Setting next_dagrun for example_xcom to 2021-01-01T00:00:00+00:00, run_after=2021-01-01T00:00:00+00:00
[2026-09-30T21:53:55.870+0000] {processor.py:175} INFO - Processing /home/airflow/.local/lib/python3.7/site-packages/airflow/example_dags/example_xcom.py took 0.145 seconds
[2026-09-30T21:54:26.340+0000] {processor.py:153} INFO - Started process (PID=27403) to work on /home/airflow/.local/lib/python3.7/site-packages/airflow/example_dags/example_xcom.py
[2026-09-30T21:54:26.341+0000] {processor.py:743} INFO - Processing file /home/airflow/.local/lib/python3.7/site-packages/airflow/example_dags/example_xcom.py for tasks to queue
[2026-09-30T21:54:26.341+0000] {logging_mixin.py:137} INFO - [2026-09-30T21:54:26.341+0000] {dagbag.py:538} INFO - Filling up the DagBag from /home/airflow/.local/lib/python3.7/site-packages/airflow/example_dags/example_xcom.py
[2026-09-30T21:54:26.391+0000] {processor.py:753} INFO - DAG(s) dict_keys(['example_xcom']) retrieved from /home/airflow/.local/lib/python3.7/site-packages/airflow/example_dags/example_xcom.py
[2026-09-30T21:54:26.447+0000] {logging_mixin.py:137} INFO - [2026-09-30T21:54:26.447+0000] {dag.py:2676} INFO - Sync 1 DAGs
[2026-09-30T21:54:26.481+0000] {logging_mixin.py:137} INFO - [2026-09-30T21:54:26.481+0000] {dag.py:3427} INFO - Setting next_dagrun for example_xcom to 2021-01-01T00:00:00+00:00, run_after=2021-01-01T00:00:00+00:00
[2026-09-30T21:54:26.504+0000] {processor.py:175} INFO - Processing /home/airflow/.local/lib/python3.7/site-packages/airflow/example_dags/example_xcom.py took 0.167 seconds
[2026-09-30T21:54:56.813+0000] {processor.py:153} INFO - Started process (PID=27491) to work on /home/airflow/.local/lib/python3.7/site-packages/airflow/example_dags/example_xcom.py
[2026-09-30T21:54:56.814+0000] {processor.py:743} INFO - Processing file /home/airflow/.local/lib/python3.7/site-packages/airflow/example_dags/example_xcom.py for tasks to queue
[2026-09-30T21:54:56.815+0000] {logging_mixin.py:137} INFO - [2026-09-30T21:54:56.815+0000] {dagbag.py:538} INFO - Filling up the DagBag from /home/airflow/.local/lib/python3.7/site-packages/airflow/example_dags/example_xcom.py
[2026-09-30T21:54:56.854+0000] {processor.py:753} INFO - DAG(s) dict_keys(['example_xcom']) retrieved from /home/airflow/.local/lib/python3.7/site-packages/airflow/example_dags/example_xcom.py
[2026-09-30T21:54:56.920+0000] {logging_mixin.py:137} INFO - [2026-09-30T21:54:56.920+0000] {dag.py:2676} INFO - Sync 1 DAGs
[2026-09-30T21:54:56.966+0000] {logging_mixin.py:137} INFO - [2026-09-30T21:54:56.966+0000] {dag.py:3427} INFO - Setting next_dagrun for example_xcom to 2021-01-01T00:00:00+00:00, run_after=2021-01-01T00:00:00+00:00
[2026-09-30T21:54:57.000+0000] {processor.py:175} INFO - Processing /home/airflow/.local/lib/python3.7/site-packages/airflow/example_dags/example_xcom.py took 0.191 seconds
[2026-09-30T21:55:27.152+0000] {processor.py:153} INFO - Started process (PID=27581) to work on /home/airflow/.local/lib/python3.7/site-packages/airflow/example_dags/example_xcom.py
[2026-09-30T21:55:27.153+0000] {processor.py:743} INFO - Processing file /home/airflow/.local/lib/python3.7/site-packages/airflow/example_dags/example_xcom.py for tasks to queue
[2026-09-30T21:55:27.154+0000] {logging_mixin.py:137} INFO - [2026-09-30T21:55:27.154+0000] {dagbag.py:538} INFO - Filling up the DagBag from /home/airflow/.local/lib/python3.7/site-packages/airflow/example_dags/example_xcom.py
[2026-09-30T21:55:27.186+0000] {processor.py:753} INFO - DAG(s) dict_keys(['example_xcom']) retrieved from /home/airflow/.local/lib/python3.7/site-packages/airflow/example_dags/example_xcom.py
[2026-09-30T21:55:27.236+0000] {logging_mixin.py:137} INFO - [2026-09-30T21:55:27.236+0000] {dag.py:2676} INFO - Sync 1 DAGs
[2026-09-30T21:55:27.269+0000] {logging_mixin.py:137} INFO - [2026-09-30T21:55:27.268+0000] {dag.py:3427} INFO - Setting next_dagrun for example_xcom to 2021-01-01T00:00:00+00:00, run_after=2021-01-01T00:00:00+00:00
[2026-09-30T21:55:27.291+0000] {processor.py:175} INFO - Processing /home/airflow/.local/lib/python3.7/site-packages/airflow/example_dags/example_xcom.py took 0.143 seconds
[2026-09-30T21:55:57.374+0000] {processor.py:153} INFO - Started process (PID=27660) to work on /home/airflow/.local/lib/python3.7/site-packages/airflow/example_dags/example_xcom.py
[2026-09-30T21:55:57.375+0000] {processor.py:743} INFO - Processing file /home/airflow/.local/lib/python3.7/site-packages/airflow/example_dags/example_xcom.py for tasks to queue
[2026-09-30T21:55:57.377+0000] {logging_mixin.py:137} INFO - [2026-09-30T21:55:57.376+0000] {dagbag.py:538} INFO - Filling up the DagBag from /home/airflow/.local/lib/python3.7/site-packages/airflow/example_dags/example_xcom.py
[2026-09-30T21:55:57.407+0000] {processor.py:753} INFO - DAG(s) dict_keys(['example_xcom']) retrieved from /home/airflow/.local/lib/python3.7/site-packages/airflow/example_dags/example_xcom.py
[2026-09-30T21:55:57.454+0000] {logging_mixin.py:137} INFO - [2026-09-30T21:55:57.453+0000] {dag.py:2676} INFO - Sync 1 DAGs
[2026-09-30T21:55:57.501+0000] {logging_mixin.py:137} INFO - [2026-09-30T21:55:57.501+0000] {dag.py:3427} INFO - Setting next_dagrun for example_xcom to 2021-01-01T00:00:00+00:00, run_after=2021-01-01T00:00:00+00:00
[2026-09-30T21:55:57.523+0000] {processor.py:175} INFO - Processing /home/airflow/.local/lib/python3.7/site-packages/airflow/example_dags/example_xcom.py took 0.153 seconds
[2026-09-30T21:56:28.254+0000] {processor.py:153} INFO - Started process (PID=27739) to work on /home/airflow/.local/lib/python3.7/site-packages/airflow/example_dags/example_xcom.py
[2026-09-30T21:56:28.255+0000] {processor.py:743} INFO - Processing file /home/airflow/.local/lib/python3.7/site-packages/airflow/example_dags/example_xcom.py for tasks to queue
[2026-09-30T21:56:28.258+0000] {logging_mixin.py:137} INFO - [2026-09-30T21:56:28.258+0000] {dagbag.py:538} INFO - Filling up the DagBag from /home/airflow/.local/lib/python3.7/site-packages/airflow/example_dags/example_xcom.py
[2026-09-30T21:56:28.308+0000] {processor.py:753} INFO - DAG(s) dict_keys(['example_xcom']) retrieved from /home/airflow/.local/lib/python3.7/site-packages/airflow/example_dags/example_xcom.py
[2026-09-30T21:56:28.370+0000] {logging_mixin.py:137} INFO - [2026-09-30T21:56:28.370+0000] {dag.py:2676} INFO - Sync 1 DAGs
[2026-09-30T21:56:28.408+0000] {logging_mixin.py:137} INFO - [2026-09-30T21:56:28.408+0000] {dag.py:3427} INFO - Setting next_dagrun for example_xcom to 2021-01-01T00:00:00+00:00, run_after=2021-01-01T00:00:00+00:00
[2026-09-30T21:56:28.430+0000] {processor.py:175} INFO - Processing /home/airflow/.local/lib/python3.7/site-packages/airflow/example_dags/example_xcom.py took 0.182 seconds
[2026-09-30T21:56:59.184+0000] {processor.py:153} INFO - Started process (PID=27818) to work on /home/airflow/.local/lib/python3.7/site-packages/airflow/example_dags/example_xcom.py
[2026-09-30T21:56:59.185+0000] {processor.py:743} INFO - Processing file /home/airflow/.local/lib/python3.7/site-packages/airflow/example_dags/example_xcom.py for tasks to queue
[2026-09-30T21:56:59.186+0000] {logging_mixin.py:137} INFO - [2026-09-30T21:56:59.186+0000] {dagbag.py:538} INFO - Filling up the DagBag from /home/airflow/.local/lib/python3.7/site-packages/airflow/example_dags/example_xcom.py
[2026-09-30T21:56:59.222+0000] {processor.py:753} INFO - DAG(s) dict_keys(['example_xcom']) retrieved from /home/airflow/.local/lib/python3.7/site-packages/airflow/example_dags/example_xcom.py
[2026-09-30T21:56:59.281+0000] {logging_mixin.py:137} INFO - [2026-09-30T21:56:59.280+0000] {dag.py:2676} INFO - Sync 1 DAGs
[2026-09-30T21:56:59.317+0000] {logging_mixin.py:137} INFO - [2026-09-30T21:56:59.317+0000] {dag.py:3427} INFO - Setting next_dagrun for example_xcom to 2021-01-01T00:00:00+00:00, run_after=2021-01-01T00:00:00+00:00
[2026-09-30T21:56:59.343+0000] {processor.py:175} INFO - Processing /home/airflow/.local/lib/python3.7/site-packages/airflow/example_dags/example_xcom.py took 0.165 seconds
[2026-09-30T21:57:29.636+0000] {processor.py:153} INFO - Started process (PID=27917) to work on /home/airflow/.local/lib/python3.7/site-packages/airflow/example_dags/example_xcom.py
[2026-09-30T21:57:29.637+0000] {processor.py:743} INFO - Processing file /home/airflow/.local/lib/python3.7/site-packages/airflow/example_dags/example_xcom.py for tasks to queue
[2026-09-30T21:57:29.638+0000] {logging_mixin.py:137} INFO - [2026-09-30T21:57:29.638+0000] {dagbag.py:538} INFO - Filling up the DagBag from /home/airflow/.local/lib/python3.7/site-packages/airflow/example_dags/example_xcom.py
[2026-09-30T21:57:29.669+0000] {processor.py:753} INFO - DAG(s) dict_keys(['example_xcom']) retrieved from /home/airflow/.local/lib/python3.7/site-packages/airflow/example_dags/example_xcom.py
[2026-09-30T21:57:29.721+0000] {logging_mixin.py:137} INFO - [2026-09-30T21:57:29.720+0000] {dag.py:2676} INFO - Sync 1 DAGs
[2026-09-30T21:57:29.754+0000] {logging_mixin.py:137} INFO - [2026-09-30T21:57:29.754+0000] {dag.py:3427} INFO - Setting next_dagrun for example_xcom to 2021-01-01T00:00:00+00:00, run_after=2021-01-01T00:00:00+00:00
[2026-09-30T21:57:29.775+0000] {processor.py:175} INFO - Processing /home/airflow/.local/lib/python3.7/site-packages/airflow/example_dags/example_xcom.py took 0.143 seconds
[2026-09-30T21:58:00.076+0000] {processor.py:153} INFO - Started process (PID=27996) to work on /home/airflow/.local/lib/python3.7/site-packages/airflow/example_dags/example_xcom.py
[2026-09-30T21:58:00.077+0000] {processor.py:743} INFO - Processing file /home/airflow/.local/lib/python3.7/site-packages/airflow/example_dags/example_xcom.py for tasks to queue
[2026-09-30T21:58:00.078+0000] {logging_mixin.py:137} INFO - [2026-09-30T21:58:00.078+0000] {dagbag.py:538} INFO - Filling up the DagBag from /home/airflow/.local/lib/python3.7/site-packages/airflow/example_dags/example_xcom.py
[2026-09-30T21:58:00.126+0000] {processor.py:753} INFO - DAG(s) dict_keys(['example_xcom']) retrieved from /home/airflow/.local/lib/python3.7/site-packages/airflow/example_dags/example_xcom.py
[2026-09-30T21:58:00.181+0000] {logging_mixin.py:137} INFO - [2026-09-30T21:58:00.181+0000] {dag.py:2676} INFO - Sync 1 DAGs
[2026-09-30T21:58:00.216+0000] {logging_mixin.py:137} INFO - [2026-09-30T21:58:00.215+0000] {dag.py:3427} INFO - Setting next_dagrun for example_xcom to 2021-01-01T00:00:00+00:00, run_after=2021-01-01T00:00:00+00:00
[2026-09-30T21:58:00.236+0000] {processor.py:175} INFO - Processing /home/airflow/.local/lib/python3.7/site-packages/airflow/example_dags/example_xcom.py took 0.164 seconds
[2026-09-30T21:58:30.766+0000] {processor.py:153} INFO - Started process (PID=28075) to work on /home/airflow/.local/lib/python3.7/site-packages/airflow/example_dags/example_xcom.py
[2026-09-30T21:58:30.768+0000] {processor.py:743} INFO - Processing file /home/airflow/.local/lib/python3.7/site-packages/airflow/example_dags/example_xcom.py for tasks to queue
[2026-09-30T21:58:30.769+0000] {logging_mixin.py:137} INFO - [2026-09-30T21:58:30.769+0000] {dagbag.py:538} INFO - Filling up the DagBag from /home/airflow/.local/lib/python3.7/site-packages/airflow/example_dags/example_xcom.py
[2026-09-30T21:58:30.817+0000] {processor.py:753} INFO - DAG(s) dict_keys(['example_xcom']) retrieved from /home/airflow/.local/lib/python3.7/site-packages/airflow/example_dags/example_xcom.py
[2026-09-30T21:58:30.876+0000] {logging_mixin.py:137} INFO - [2026-09-30T21:58:30.876+0000] {dag.py:2676} INFO - Sync 1 DAGs
[2026-09-30T21:58:30.923+0000] {logging_mixin.py:137} INFO - [2026-09-30T21:58:30.923+0000] {dag.py:3427} INFO - Setting next_dagrun for example_xcom to 2021-01-01T00:00:00+00:00, run_after=2021-01-01T00:00:00+00:00
[2026-09-30T21:58:30.955+0000] {processor.py:175} INFO - Processing /home/airflow/.local/lib/python3.7/site-packages/airflow/example_dags/example_xcom.py took 0.196 seconds
[2026-09-30T21:59:01.676+0000] {processor.py:153} INFO - Started process (PID=28163) to work on /home/airflow/.local/lib/python3.7/site-packages/airflow/example_dags/example_xcom.py
[2026-09-30T21:59:01.677+0000] {processor.py:743} INFO - Processing file /home/airflow/.local/lib/python3.7/site-packages/airflow/example_dags/example_xcom.py for tasks to queue
[2026-09-30T21:59:01.678+0000] {logging_mixin.py:137} INFO - [2026-09-30T21:59:01.678+0000] {dagbag.py:538} INFO - Filling up the DagBag from /home/airflow/.local/lib/python3.7/site-packages/airflow/example_dags/example_xcom.py
[2026-09-30T21:59:01.728+0000] {processor.py:753} INFO - DAG(s) dict_keys(['example_xcom']) retrieved from /home/airflow/.local/lib/python3.7/site-packages/airflow/example_dags/example_xcom.py
[2026-09-30T21:59:01.801+0000] {logging_mixin.py:137} INFO - [2026-09-30T21:59:01.800+0000] {dag.py:2676} INFO - Sync 1 DAGs
[2026-09-30T21:59:01.849+0000] {logging_mixin.py:137} INFO - [2026-09-30T21:59:01.849+0000] {dag.py:3427} INFO - Setting next_dagrun for example_xcom to 2021-01-01T00:00:00+00:00, run_after=2021-01-01T00:00:00+00:00
[2026-09-30T21:59:01.869+0000] {processor.py:175} INFO - Processing /home/airflow/.local/lib/python3.7/site-packages/airflow/example_dags/example_xcom.py took 0.200 seconds
[2026-09-30T21:59:32.059+0000] {processor.py:153} INFO - Started process (PID=28253) to work on /home/airflow/.local/lib/python3.7/site-packages/airflow/example_dags/example_xcom.py
[2026-09-30T21:59:32.060+0000] {processor.py:743} INFO - Processing file /home/airflow/.local/lib/python3.7/site-packages/airflow/example_dags/example_xcom.py for tasks to queue
[2026-09-30T21:59:32.061+0000] {logging_mixin.py:137} INFO - [2026-09-30T21:59:32.061+0000] {dagbag.py:538} INFO - Filling up the DagBag from /home/airflow/.local/lib/python3.7/site-packages/airflow/example_dags/example_xcom.py
[2026-09-30T21:59:32.098+0000] {processor.py:753} INFO - DAG(s) dict_keys(['example_xcom']) retrieved from /home/airflow/.local/lib/python3.7/site-packages/airflow/example_dags/example_xcom.py
[2026-09-30T21:59:32.158+0000] {logging_mixin.py:137} INFO - [2026-09-30T21:59:32.158+0000] {dag.py:2676} INFO - Sync 1 DAGs
[2026-09-30T21:59:32.206+0000] {logging_mixin.py:137} INFO - [2026-09-30T21:59:32.206+0000] {dag.py:3427} INFO - Setting next_dagrun for example_xcom to 2021-01-01T00:00:00+00:00, run_after=2021-01-01T00:00:00+00:00
[2026-09-30T21:59:32.227+0000] {processor.py:175} INFO - Processing /home/airflow/.local/lib/python3.7/site-packages/airflow/example_dags/example_xcom.py took 0.173 seconds
[2026-09-30T22:00:02.773+0000] {processor.py:153} INFO - Started process (PID=28333) to work on /home/airflow/.local/lib/python3.7/site-packages/airflow/example_dags/example_xcom.py
[2026-09-30T22:00:02.775+0000] {processor.py:743} INFO - Processing file /home/airflow/.local/lib/python3.7/site-packages/airflow/example_dags/example_xcom.py for tasks to queue
[2026-09-30T22:00:02.776+0000] {logging_mixin.py:137} INFO - [2026-09-30T22:00:02.776+0000] {dagbag.py:538} INFO - Filling up the DagBag from /home/airflow/.local/lib/python3.7/site-packages/airflow/example_dags/example_xcom.py
[2026-09-30T22:00:02.813+0000] {processor.py:753} INFO - DAG(s) dict_keys(['example_xcom']) retrieved from /home/airflow/.local/lib/python3.7/site-packages/airflow/example_dags/example_xcom.py
[2026-09-30T22:00:02.861+0000] {logging_mixin.py:137} INFO - [2026-09-30T22:00:02.861+0000] {dag.py:2676} INFO - Sync 1 DAGs
[2026-09-30T22:00:02.910+0000] {logging_mixin.py:137} INFO - [2026-09-30T22:00:02.910+0000] {dag.py:3427} INFO - Setting next_dagrun for example_xcom to 2021-01-01T00:00:00+00:00, run_after=2021-01-01T00:00:00+00:00
[2026-09-30T22:00:02.935+0000] {processor.py:175} INFO - Processing /home/airflow/.local/lib/python3.7/site-packages/airflow/example_dags/example_xcom.py took 0.168 seconds
[2026-09-30T22:00:33.006+0000] {processor.py:153} INFO - Started process (PID=28412) to work on /home/airflow/.local/lib/python3.7/site-packages/airflow/example_dags/example_xcom.py
[2026-09-30T22:00:33.007+0000] {processor.py:743} INFO - Processing file /home/airflow/.local/lib/python3.7/site-packages/airflow/example_dags/example_xcom.py for tasks to queue
[2026-09-30T22:00:33.009+0000] {logging_mixin.py:137} INFO - [2026-09-30T22:00:33.008+0000] {dagbag.py:538} INFO - Filling up the DagBag from /home/airflow/.local/lib/python3.7/site-packages/airflow/example_dags/example_xcom.py
[2026-09-30T22:00:33.050+0000] {processor.py:753} INFO - DAG(s) dict_keys(['example_xcom']) retrieved from /home/airflow/.local/lib/python3.7/site-packages/airflow/example_dags/example_xcom.py
[2026-09-30T22:00:33.102+0000] {logging_mixin.py:137} INFO - [2026-09-30T22:00:33.102+0000] {dag.py:2676} INFO - Sync 1 DAGs
[2026-09-30T22:00:33.136+0000] {logging_mixin.py:137} INFO - [2026-09-30T22:00:33.136+0000] {dag.py:3427} INFO - Setting next_dagrun for example_xcom to 2021-01-01T00:00:00+00:00, run_after=2021-01-01T00:00:00+00:00
[2026-09-30T22:00:33.158+0000] {processor.py:175} INFO - Processing /home/airflow/.local/lib/python3.7/site-packages/airflow/example_dags/example_xcom.py took 0.159 seconds
[2026-09-30T22:01:03.408+0000] {processor.py:153} INFO - Started process (PID=28500) to work on /home/airflow/.local/lib/python3.7/site-packages/airflow/example_dags/example_xcom.py
[2026-09-30T22:01:03.409+0000] {processor.py:743} INFO - Processing file /home/airflow/.local/lib/python3.7/site-packages/airflow/example_dags/example_xcom.py for tasks to queue
[2026-09-30T22:01:03.410+0000] {logging_mixin.py:137} INFO - [2026-09-30T22:01:03.410+0000] {dagbag.py:538} INFO - Filling up the DagBag from /home/airflow/.local/lib/python3.7/site-packages/airflow/example_dags/example_xcom.py
[2026-09-30T22:01:03.446+0000] {processor.py:753} INFO - DAG(s) dict_keys(['example_xcom']) retrieved from /home/airflow/.local/lib/python3.7/site-packages/airflow/example_dags/example_xcom.py
[2026-09-30T22:01:03.516+0000] {logging_mixin.py:137} INFO - [2026-09-30T22:01:03.516+0000] {dag.py:2676} INFO - Sync 1 DAGs
[2026-09-30T22:01:03.566+0000] {logging_mixin.py:137} INFO - [2026-09-30T22:01:03.566+0000] {dag.py:3427} INFO - Setting next_dagrun for example_xcom to 2021-01-01T00:00:00+00:00, run_after=2021-01-01T00:00:00+00:00
[2026-09-30T22:01:03.599+0000] {processor.py:175} INFO - Processing /home/airflow/.local/lib/python3.7/site-packages/airflow/example_dags/example_xcom.py took 0.196 seconds
[2026-09-30T22:01:33.750+0000] {processor.py:153} INFO - Started process (PID=28590) to work on /home/airflow/.local/lib/python3.7/site-packages/airflow/example_dags/example_xcom.py
[2026-09-30T22:01:33.751+0000] {processor.py:743} INFO - Processing file /home/airflow/.local/lib/python3.7/site-packages/airflow/example_dags/example_xcom.py for tasks to queue
[2026-09-30T22:01:33.752+0000] {logging_mixin.py:137} INFO - [2026-09-30T22:01:33.752+0000] {dagbag.py:538} INFO - Filling up the DagBag from /home/airflow/.local/lib/python3.7/site-packages/airflow/example_dags/example_xcom.py
[2026-09-30T22:01:33.784+0000] {processor.py:753} INFO - DAG(s) dict_keys(['example_xcom']) retrieved from /home/airflow/.local/lib/python3.7/site-packages/airflow/example_dags/example_xcom.py
[2026-09-30T22:01:33.859+0000] {logging_mixin.py:137} INFO - [2026-09-30T22:01:33.859+0000] {dag.py:2676} INFO - Sync 1 DAGs
[2026-09-30T22:01:33.908+0000] {logging_mixin.py:137} INFO - [2026-09-30T22:01:33.908+0000] {dag.py:3427} INFO - Setting next_dagrun for example_xcom to 2021-01-01T00:00:00+00:00, run_after=2021-01-01T00:00:00+00:00
[2026-09-30T22:01:33.936+0000] {processor.py:175} INFO - Processing /home/airflow/.local/lib/python3.7/site-packages/airflow/example_dags/example_xcom.py took 0.190 seconds
[2026-09-30T22:02:04.159+0000] {processor.py:153} INFO - Started process (PID=28669) to work on /home/airflow/.local/lib/python3.7/site-packages/airflow/example_dags/example_xcom.py
[2026-09-30T22:02:04.160+0000] {processor.py:743} INFO - Processing file /home/airflow/.local/lib/python3.7/site-packages/airflow/example_dags/example_xcom.py for tasks to queue
[2026-09-30T22:02:04.161+0000] {logging_mixin.py:137} INFO - [2026-09-30T22:02:04.161+0000] {dagbag.py:538} INFO - Filling up the DagBag from /home/airflow/.local/lib/python3.7/site-packages/airflow/example_dags/example_xcom.py
[2026-09-30T22:02:04.194+0000] {processor.py:753} INFO - DAG(s) dict_keys(['example_xcom']) retrieved from /home/airflow/.local/lib/python3.7/site-packages/airflow/example_dags/example_xcom.py
[2026-09-30T22:02:04.250+0000] {logging_mixin.py:137} INFO - [2026-09-30T22:02:04.250+0000] {dag.py:2676} INFO - Sync 1 DAGs
[2026-09-30T22:02:04.287+0000] {logging_mixin.py:137} INFO - [2026-09-30T22:02:04.287+0000] {dag.py:3427} INFO - Setting next_dagrun for example_xcom to 2021-01-01T00:00:00+00:00, run_after=2021-01-01T00:00:00+00:00
[2026-09-30T22:02:04.310+0000] {processor.py:175} INFO - Processing /home/airflow/.local/lib/python3.7/site-packages/airflow/example_dags/example_xcom.py took 0.156 seconds
[2026-09-30T22:02:34.727+0000] {processor.py:153} INFO - Started process (PID=28748) to work on /home/airflow/.local/lib/python3.7/site-packages/airflow/example_dags/example_xcom.py
[2026-09-30T22:02:34.728+0000] {processor.py:743} INFO - Processing file /home/airflow/.local/lib/python3.7/site-packages/airflow/example_dags/example_xcom.py for tasks to queue
[2026-09-30T22:02:34.729+0000] {logging_mixin.py:137} INFO - [2026-09-30T22:02:34.728+0000] {dagbag.py:538} INFO - Filling up the DagBag from /home/airflow/.local/lib/python3.7/site-packages/airflow/example_dags/example_xcom.py
[2026-09-30T22:02:34.763+0000] {processor.py:753} INFO - DAG(s) dict_keys(['example_xcom']) retrieved from /home/airflow/.local/lib/python3.7/site-packages/airflow/example_dags/example_xcom.py
[2026-09-30T22:02:34.812+0000] {logging_mixin.py:137} INFO - [2026-09-30T22:02:34.812+0000] {dag.py:2676} INFO - Sync 1 DAGs
[2026-09-30T22:02:34.858+0000] {logging_mixin.py:137} INFO - [2026-09-30T22:02:34.858+0000] {dag.py:3427} INFO - Setting next_dagrun for example_xcom to 2021-01-01T00:00:00+00:00, run_after=2021-01-01T00:00:00+00:00
[2026-09-30T22:02:34.892+0000] {processor.py:175} INFO - Processing /home/airflow/.local/lib/python3.7/site-packages/airflow/example_dags/example_xcom.py took 0.170 seconds
[2026-09-30T22:03:05.480+0000] {processor.py:153} INFO - Started process (PID=28836) to work on /home/airflow/.local/lib/python3.7/site-packages/airflow/example_dags/example_xcom.py
[2026-09-30T22:03:05.482+0000] {processor.py:743} INFO - Processing file /home/airflow/.local/lib/python3.7/site-packages/airflow/example_dags/example_xcom.py for tasks to queue
[2026-09-30T22:03:05.483+0000] {logging_mixin.py:137} INFO - [2026-09-30T22:03:05.483+0000] {dagbag.py:538} INFO - Filling up the DagBag from /home/airflow/.local/lib/python3.7/site-packages/airflow/example_dags/example_xcom.py
[2026-09-30T22:03:05.530+0000] {processor.py:753} INFO - DAG(s) dict_keys(['example_xcom']) retrieved from /home/airflow/.local/lib/python3.7/site-packages/airflow/example_dags/example_xcom.py
[2026-09-30T22:03:05.592+0000] {logging_mixin.py:137} INFO - [2026-09-30T22:03:05.592+0000] {dag.py:2676} INFO - Sync 1 DAGs
[2026-09-30T22:03:05.622+0000] {logging_mixin.py:137} INFO - [2026-09-30T22:03:05.622+0000] {dag.py:3427} INFO - Setting next_dagrun for example_xcom to 2021-01-01T00:00:00+00:00, run_after=2021-01-01T00:00:00+00:00
[2026-09-30T22:03:05.643+0000] {processor.py:175} INFO - Processing /home/airflow/.local/lib/python3.7/site-packages/airflow/example_dags/example_xcom.py took 0.169 seconds
[2026-09-30T22:03:35.854+0000] {processor.py:153} INFO - Started process (PID=28926) to work on /home/airflow/.local/lib/python3.7/site-packages/airflow/example_dags/example_xcom.py
[2026-09-30T22:03:35.856+0000] {processor.py:743} INFO - Processing file /home/airflow/.local/lib/python3.7/site-packages/airflow/example_dags/example_xcom.py for tasks to queue
[2026-09-30T22:03:35.857+0000] {logging_mixin.py:137} INFO - [2026-09-30T22:03:35.857+0000] {dagbag.py:538} INFO - Filling up the DagBag from /home/airflow/.local/lib/python3.7/site-packages/airflow/example_dags/example_xcom.py
[2026-09-30T22:03:35.905+0000] {processor.py:753} INFO - DAG(s) dict_keys(['example_xcom']) retrieved from /home/airflow/.local/lib/python3.7/site-packages/airflow/example_dags/example_xcom.py
[2026-09-30T22:03:35.967+0000] {logging_mixin.py:137} INFO - [2026-09-30T22:03:35.967+0000] {dag.py:2676} INFO - Sync 1 DAGs
[2026-09-30T22:03:36.003+0000] {logging_mixin.py:137} INFO - [2026-09-30T22:03:36.003+0000] {dag.py:3427} INFO - Setting next_dagrun for example_xcom to 2021-01-01T00:00:00+00:00, run_after=2021-01-01T00:00:00+00:00
[2026-09-30T22:03:36.025+0000] {processor.py:175} INFO - Processing /home/airflow/.local/lib/python3.7/site-packages/airflow/example_dags/example_xcom.py took 0.178 seconds
[2026-09-30T22:04:06.161+0000] {processor.py:153} INFO - Started process (PID=29005) to work on /home/airflow/.local/lib/python3.7/site-packages/airflow/example_dags/example_xcom.py
[2026-09-30T22:04:06.162+0000] {processor.py:743} INFO - Processing file /home/airflow/.local/lib/python3.7/site-packages/airflow/example_dags/example_xcom.py for tasks to queue
[2026-09-30T22:04:06.162+0000] {logging_mixin.py:137} INFO - [2026-09-30T22:04:06.162+0000] {dagbag.py:538} INFO - Filling up the DagBag from /home/airflow/.local/lib/python3.7/site-packages/airflow/example_dags/example_xcom.py
[2026-09-30T22:04:06.193+0000] {processor.py:753} INFO - DAG(s) dict_keys(['example_xcom']) retrieved from /home/airflow/.local/lib/python3.7/site-packages/airflow/example_dags/example_xcom.py
[2026-09-30T22:04:06.255+0000] {logging_mixin.py:137} INFO - [2026-09-30T22:04:06.255+0000] {dag.py:2676} INFO - Sync 1 DAGs
[2026-09-30T22:04:06.292+0000] {logging_mixin.py:137} INFO - [2026-09-30T22:04:06.291+0000] {dag.py:3427} INFO - Setting next_dagrun for example_xcom to 2021-01-01T00:00:00+00:00, run_after=2021-01-01T00:00:00+00:00
[2026-09-30T22:04:06.310+0000] {processor.py:175} INFO - Processing /home/airflow/.local/lib/python3.7/site-packages/airflow/example_dags/example_xcom.py took 0.155 seconds
[2026-09-30T22:04:36.551+0000] {processor.py:153} INFO - Started process (PID=29084) to work on /home/airflow/.local/lib/python3.7/site-packages/airflow/example_dags/example_xcom.py
[2026-09-30T22:04:36.552+0000] {processor.py:743} INFO - Processing file /home/airflow/.local/lib/python3.7/site-packages/airflow/example_dags/example_xcom.py for tasks to queue
[2026-09-30T22:04:36.553+0000] {logging_mixin.py:137} INFO - [2026-09-30T22:04:36.553+0000] {dagbag.py:538} INFO - Filling up the DagBag from /home/airflow/.local/lib/python3.7/site-packages/airflow/example_dags/example_xcom.py
[2026-09-30T22:04:36.586+0000] {processor.py:753} INFO - DAG(s) dict_keys(['example_xcom']) retrieved from /home/airflow/.local/lib/python3.7/site-packages/airflow/example_dags/example_xcom.py
[2026-09-30T22:04:36.648+0000] {logging_mixin.py:137} INFO - [2026-09-30T22:04:36.648+0000] {dag.py:2676} INFO - Sync 1 DAGs
[2026-09-30T22:04:36.681+0000] {logging_mixin.py:137} INFO - [2026-09-30T22:04:36.680+0000] {dag.py:3427} INFO - Setting next_dagrun for example_xcom to 2021-01-01T00:00:00+00:00, run_after=2021-01-01T00:00:00+00:00
[2026-09-30T22:04:36.703+0000] {processor.py:175} INFO - Processing /home/airflow/.local/lib/python3.7/site-packages/airflow/example_dags/example_xcom.py took 0.155 seconds
[2026-09-30T22:05:07.091+0000] {processor.py:153} INFO - Started process (PID=29163) to work on /home/airflow/.local/lib/python3.7/site-packages/airflow/example_dags/example_xcom.py
[2026-09-30T22:05:07.092+0000] {processor.py:743} INFO - Processing file /home/airflow/.local/lib/python3.7/site-packages/airflow/example_dags/example_xcom.py for tasks to queue
[2026-09-30T22:05:07.093+0000] {logging_mixin.py:137} INFO - [2026-09-30T22:05:07.093+0000] {dagbag.py:538} INFO - Filling up the DagBag from /home/airflow/.local/lib/python3.7/site-packages/airflow/example_dags/example_xcom.py
[2026-09-30T22:05:07.127+0000] {processor.py:753} INFO - DAG(s) dict_keys(['example_xcom']) retrieved from /home/airflow/.local/lib/python3.7/site-packages/airflow/example_dags/example_xcom.py
[2026-09-30T22:05:07.178+0000] {logging_mixin.py:137} INFO - [2026-09-30T22:05:07.178+0000] {dag.py:2676} INFO - Sync 1 DAGs
[2026-09-30T22:05:07.208+0000] {logging_mixin.py:137} INFO - [2026-09-30T22:05:07.208+0000] {dag.py:3427} INFO - Setting next_dagrun for example_xcom to 2021-01-01T00:00:00+00:00, run_after=2021-01-01T00:00:00+00:00
[2026-09-30T22:05:07.229+0000] {processor.py:175} INFO - Processing /home/airflow/.local/lib/python3.7/site-packages/airflow/example_dags/example_xcom.py took 0.143 seconds
[2026-09-30T22:05:37.371+0000] {processor.py:153} INFO - Started process (PID=29262) to work on /home/airflow/.local/lib/python3.7/site-packages/airflow/example_dags/example_xcom.py
[2026-09-30T22:05:37.372+0000] {processor.py:743} INFO - Processing file /home/airflow/.local/lib/python3.7/site-packages/airflow/example_dags/example_xcom.py for tasks to queue
[2026-09-30T22:05:37.373+0000] {logging_mixin.py:137} INFO - [2026-09-30T22:05:37.373+0000] {dagbag.py:538} INFO - Filling up the DagBag from /home/airflow/.local/lib/python3.7/site-packages/airflow/example_dags/example_xcom.py
[2026-09-30T22:05:37.411+0000] {processor.py:753} INFO - DAG(s) dict_keys(['example_xcom']) retrieved from /home/airflow/.local/lib/python3.7/site-packages/airflow/example_dags/example_xcom.py
[2026-09-30T22:05:37.467+0000] {logging_mixin.py:137} INFO - [2026-09-30T22:05:37.467+0000] {dag.py:2676} INFO - Sync 1 DAGs
[2026-09-30T22:05:37.502+0000] {logging_mixin.py:137} INFO - [2026-09-30T22:05:37.502+0000] {dag.py:3427} INFO - Setting next_dagrun for example_xcom to 2021-01-01T00:00:00+00:00, run_after=2021-01-01T00:00:00+00:00
[2026-09-30T22:05:37.525+0000] {processor.py:175} INFO - Processing /home/airflow/.local/lib/python3.7/site-packages/airflow/example_dags/example_xcom.py took 0.158 seconds
[2026-09-30T22:06:07.633+0000] {processor.py:153} INFO - Started process (PID=29341) to work on /home/airflow/.local/lib/python3.7/site-packages/airflow/example_dags/example_xcom.py
[2026-09-30T22:06:07.634+0000] {processor.py:743} INFO - Processing file /home/airflow/.local/lib/python3.7/site-packages/airflow/example_dags/example_xcom.py for tasks to queue
[2026-09-30T22:06:07.635+0000] {logging_mixin.py:137} INFO - [2026-09-30T22:06:07.635+0000] {dagbag.py:538} INFO - Filling up the DagBag from /home/airflow/.local/lib/python3.7/site-packages/airflow/example_dags/example_xcom.py
[2026-09-30T22:06:07.667+0000] {processor.py:753} INFO - DAG(s) dict_keys(['example_xcom']) retrieved from /home/airflow/.local/lib/python3.7/site-packages/airflow/example_dags/example_xcom.py
[2026-09-30T22:06:07.723+0000] {logging_mixin.py:137} INFO - [2026-09-30T22:06:07.722+0000] {dag.py:2676} INFO - Sync 1 DAGs
[2026-09-30T22:06:07.757+0000] {logging_mixin.py:137} INFO - [2026-09-30T22:06:07.756+0000] {dag.py:3427} INFO - Setting next_dagrun for example_xcom to 2021-01-01T00:00:00+00:00, run_after=2021-01-01T00:00:00+00:00
[2026-09-30T22:06:07.781+0000] {processor.py:175} INFO - Processing /home/airflow/.local/lib/python3.7/site-packages/airflow/example_dags/example_xcom.py took 0.152 seconds
[2026-09-30T22:06:38.726+0000] {processor.py:153} INFO - Started process (PID=29420) to work on /home/airflow/.local/lib/python3.7/site-packages/airflow/example_dags/example_xcom.py
[2026-09-30T22:06:38.727+0000] {processor.py:743} INFO - Processing file /home/airflow/.local/lib/python3.7/site-packages/airflow/example_dags/example_xcom.py for tasks to queue
[2026-09-30T22:06:38.728+0000] {logging_mixin.py:137} INFO - [2026-09-30T22:06:38.728+0000] {dagbag.py:538} INFO - Filling up the DagBag from /home/airflow/.local/lib/python3.7/site-packages/airflow/example_dags/example_xcom.py
[2026-09-30T22:06:38.766+0000] {processor.py:753} INFO - DAG(s) dict_keys(['example_xcom']) retrieved from /home/airflow/.local/lib/python3.7/site-packages/airflow/example_dags/example_xcom.py
[2026-09-30T22:06:38.814+0000] {logging_mixin.py:137} INFO - [2026-09-30T22:06:38.814+0000] {dag.py:2676} INFO - Sync 1 DAGs
[2026-09-30T22:06:38.845+0000] {logging_mixin.py:137} INFO - [2026-09-30T22:06:38.845+0000] {dag.py:3427} INFO - Setting next_dagrun for example_xcom to 2021-01-01T00:00:00+00:00, run_after=2021-01-01T00:00:00+00:00
[2026-09-30T22:06:38.869+0000] {processor.py:175} INFO - Processing /home/airflow/.local/lib/python3.7/site-packages/airflow/example_dags/example_xcom.py took 0.147 seconds
[2026-09-30T22:07:09.197+0000] {processor.py:153} INFO - Started process (PID=29508) to work on /home/airflow/.local/lib/python3.7/site-packages/airflow/example_dags/example_xcom.py
[2026-09-30T22:07:09.199+0000] {processor.py:743} INFO - Processing file /home/airflow/.local/lib/python3.7/site-packages/airflow/example_dags/example_xcom.py for tasks to queue
[2026-09-30T22:07:09.200+0000] {logging_mixin.py:137} INFO - [2026-09-30T22:07:09.199+0000] {dagbag.py:538} INFO - Filling up the DagBag from /home/airflow/.local/lib/python3.7/site-packages/airflow/example_dags/example_xcom.py
[2026-09-30T22:07:09.259+0000] {processor.py:753} INFO - DAG(s) dict_keys(['example_xcom']) retrieved from /home/airflow/.local/lib/python3.7/site-packages/airflow/example_dags/example_xcom.py
[2026-09-30T22:07:09.323+0000] {logging_mixin.py:137} INFO - [2026-09-30T22:07:09.323+0000] {dag.py:2676} INFO - Sync 1 DAGs
[2026-09-30T22:07:09.354+0000] {logging_mixin.py:137} INFO - [2026-09-30T22:07:09.353+0000] {dag.py:3427} INFO - Setting next_dagrun for example_xcom to 2021-01-01T00:00:00+00:00, run_after=2021-01-01T00:00:00+00:00
[2026-09-30T22:07:09.374+0000] {processor.py:175} INFO - Processing /home/airflow/.local/lib/python3.7/site-packages/airflow/example_dags/example_xcom.py took 0.181 seconds
[2026-09-30T22:07:39.447+0000] {processor.py:153} INFO - Started process (PID=29598) to work on /home/airflow/.local/lib/python3.7/site-packages/airflow/example_dags/example_xcom.py
[2026-09-30T22:07:39.447+0000] {processor.py:743} INFO - Processing file /home/airflow/.local/lib/python3.7/site-packages/airflow/example_dags/example_xcom.py for tasks to queue
[2026-09-30T22:07:39.448+0000] {logging_mixin.py:137} INFO - [2026-09-30T22:07:39.448+0000] {dagbag.py:538} INFO - Filling up the DagBag from /home/airflow/.local/lib/python3.7/site-packages/airflow/example_dags/example_xcom.py
[2026-09-30T22:07:39.493+0000] {processor.py:753} INFO - DAG(s) dict_keys(['example_xcom']) retrieved from /home/airflow/.local/lib/python3.7/site-packages/airflow/example_dags/example_xcom.py
[2026-09-30T22:07:39.546+0000] {logging_mixin.py:137} INFO - [2026-09-30T22:07:39.546+0000] {dag.py:2676} INFO - Sync 1 DAGs
[2026-09-30T22:07:39.598+0000] {logging_mixin.py:137} INFO - [2026-09-30T22:07:39.598+0000] {dag.py:3427} INFO - Setting next_dagrun for example_xcom to 2021-01-01T00:00:00+00:00, run_after=2021-01-01T00:00:00+00:00
[2026-09-30T22:07:39.631+0000] {processor.py:175} INFO - Processing /home/airflow/.local/lib/python3.7/site-packages/airflow/example_dags/example_xcom.py took 0.188 seconds
[2026-09-30T22:08:09.888+0000] {processor.py:153} INFO - Started process (PID=29677) to work on /home/airflow/.local/lib/python3.7/site-packages/airflow/example_dags/example_xcom.py
[2026-09-30T22:08:09.889+0000] {processor.py:743} INFO - Processing file /home/airflow/.local/lib/python3.7/site-packages/airflow/example_dags/example_xcom.py for tasks to queue
[2026-09-30T22:08:09.889+0000] {logging_mixin.py:137} INFO - [2026-09-30T22:08:09.889+0000] {dagbag.py:538} INFO - Filling up the DagBag from /home/airflow/.local/lib/python3.7/site-packages/airflow/example_dags/example_xcom.py
[2026-09-30T22:08:09.915+0000] {processor.py:753} INFO - DAG(s) dict_keys(['example_xcom']) retrieved from /home/airflow/.local/lib/python3.7/site-packages/airflow/example_dags/example_xcom.py
[2026-09-30T22:08:09.957+0000] {logging_mixin.py:137} INFO - [2026-09-30T22:08:09.956+0000] {dag.py:2676} INFO - Sync 1 DAGs
[2026-09-30T22:08:09.983+0000] {logging_mixin.py:137} INFO - [2026-09-30T22:08:09.983+0000] {dag.py:3427} INFO - Setting next_dagrun for example_xcom to 2021-01-01T00:00:00+00:00, run_after=2021-01-01T00:00:00+00:00
[2026-09-30T22:08:10.001+0000] {processor.py:175} INFO - Processing /home/airflow/.local/lib/python3.7/site-packages/airflow/example_dags/example_xcom.py took 0.116 seconds
[2026-09-30T22:08:40.099+0000] {processor.py:153} INFO - Started process (PID=29756) to work on /home/airflow/.local/lib/python3.7/site-packages/airflow/example_dags/example_xcom.py
[2026-09-30T22:08:40.100+0000] {processor.py:743} INFO - Processing file /home/airflow/.local/lib/python3.7/site-packages/airflow/example_dags/example_xcom.py for tasks to queue
[2026-09-30T22:08:40.101+0000] {logging_mixin.py:137} INFO - [2026-09-30T22:08:40.101+0000] {dagbag.py:538} INFO - Filling up the DagBag from /home/airflow/.local/lib/python3.7/site-packages/airflow/example_dags/example_xcom.py
[2026-09-30T22:08:40.132+0000] {processor.py:753} INFO - DAG(s) dict_keys(['example_xcom']) retrieved from /home/airflow/.local/lib/python3.7/site-packages/airflow/example_dags/example_xcom.py
[2026-09-30T22:08:40.183+0000] {logging_mixin.py:137} INFO - [2026-09-30T22:08:40.183+0000] {dag.py:2676} INFO - Sync 1 DAGs
[2026-09-30T22:08:40.215+0000] {logging_mixin.py:137} INFO - [2026-09-30T22:08:40.215+0000] {dag.py:3427} INFO - Setting next_dagrun for example_xcom to 2021-01-01T00:00:00+00:00, run_after=2021-01-01T00:00:00+00:00
[2026-09-30T22:08:40.238+0000] {processor.py:175} INFO - Processing /home/airflow/.local/lib/python3.7/site-packages/airflow/example_dags/example_xcom.py took 0.143 seconds
[2026-09-30T22:09:10.793+0000] {processor.py:153} INFO - Started process (PID=29842) to work on /home/airflow/.local/lib/python3.7/site-packages/airflow/example_dags/example_xcom.py
[2026-09-30T22:09:10.794+0000] {processor.py:743} INFO - Processing file /home/airflow/.local/lib/python3.7/site-packages/airflow/example_dags/example_xcom.py for tasks to queue
[2026-09-30T22:09:10.795+0000] {logging_mixin.py:137} INFO - [2026-09-30T22:09:10.795+0000] {dagbag.py:538} INFO - Filling up the DagBag from /home/airflow/.local/lib/python3.7/site-packages/airflow/example_dags/example_xcom.py
[2026-09-30T22:09:10.833+0000] {processor.py:753} INFO - DAG(s) dict_keys(['example_xcom']) retrieved from /home/airflow/.local/lib/python3.7/site-packages/airflow/example_dags/example_xcom.py
[2026-09-30T22:09:10.899+0000] {logging_mixin.py:137} INFO - [2026-09-30T22:09:10.899+0000] {dag.py:2676} INFO - Sync 1 DAGs
[2026-09-30T22:09:10.950+0000] {logging_mixin.py:137} INFO - [2026-09-30T22:09:10.950+0000] {dag.py:3427} INFO - Setting next_dagrun for example_xcom to 2021-01-01T00:00:00+00:00, run_after=2021-01-01T00:00:00+00:00
[2026-09-30T22:09:10.979+0000] {processor.py:175} INFO - Processing /home/airflow/.local/lib/python3.7/site-packages/airflow/example_dags/example_xcom.py took 0.190 seconds
[2026-09-30T22:09:41.765+0000] {processor.py:153} INFO - Started process (PID=29933) to work on /home/airflow/.local/lib/python3.7/site-packages/airflow/example_dags/example_xcom.py
[2026-09-30T22:09:41.766+0000] {processor.py:743} INFO - Processing file /home/airflow/.local/lib/python3.7/site-packages/airflow/example_dags/example_xcom.py for tasks to queue
[2026-09-30T22:09:41.767+0000] {logging_mixin.py:137} INFO - [2026-09-30T22:09:41.767+0000] {dagbag.py:538} INFO - Filling up the DagBag from /home/airflow/.local/lib/python3.7/site-packages/airflow/example_dags/example_xcom.py
[2026-09-30T22:09:41.800+0000] {processor.py:753} INFO - DAG(s) dict_keys(['example_xcom']) retrieved from /home/airflow/.local/lib/python3.7/site-packages/airflow/example_dags/example_xcom.py
[2026-09-30T22:09:41.854+0000] {logging_mixin.py:137} INFO - [2026-09-30T22:09:41.854+0000] {dag.py:2676} INFO - Sync 1 DAGs
[2026-09-30T22:09:41.896+0000] {logging_mixin.py:137} INFO - [2026-09-30T22:09:41.895+0000] {dag.py:3427} INFO - Setting next_dagrun for example_xcom to 2021-01-01T00:00:00+00:00, run_after=2021-01-01T00:00:00+00:00
[2026-09-30T22:09:41.918+0000] {processor.py:175} INFO - Processing /home/airflow/.local/lib/python3.7/site-packages/airflow/example_dags/example_xcom.py took 0.158 seconds
[2026-09-30T22:10:12.069+0000] {processor.py:153} INFO - Started process (PID=30012) to work on /home/airflow/.local/lib/python3.7/site-packages/airflow/example_dags/example_xcom.py
[2026-09-30T22:10:12.070+0000] {processor.py:743} INFO - Processing file /home/airflow/.local/lib/python3.7/site-packages/airflow/example_dags/example_xcom.py for tasks to queue
[2026-09-30T22:10:12.071+0000] {logging_mixin.py:137} INFO - [2026-09-30T22:10:12.071+0000] {dagbag.py:538} INFO - Filling up the DagBag from /home/airflow/.local/lib/python3.7/site-packages/airflow/example_dags/example_xcom.py
[2026-09-30T22:10:12.104+0000] {processor.py:753} INFO - DAG(s) dict_keys(['example_xcom']) retrieved from /home/airflow/.local/lib/python3.7/site-packages/airflow/example_dags/example_xcom.py
[2026-09-30T22:10:12.160+0000] {logging_mixin.py:137} INFO - [2026-09-30T22:10:12.160+0000] {dag.py:2676} INFO - Sync 1 DAGs
[2026-09-30T22:10:12.195+0000] {logging_mixin.py:137} INFO - [2026-09-30T22:10:12.194+0000] {dag.py:3427} INFO - Setting next_dagrun for example_xcom to 2021-01-01T00:00:00+00:00, run_after=2021-01-01T00:00:00+00:00
[2026-09-30T22:10:12.217+0000] {processor.py:175} INFO - Processing /home/airflow/.local/lib/python3.7/site-packages/airflow/example_dags/example_xcom.py took 0.152 seconds
[2026-09-30T22:10:42.395+0000] {processor.py:153} INFO - Started process (PID=30091) to work on /home/airflow/.local/lib/python3.7/site-packages/airflow/example_dags/example_xcom.py
[2026-09-30T22:10:42.396+0000] {processor.py:743} INFO - Processing file /home/airflow/.local/lib/python3.7/site-packages/airflow/example_dags/example_xcom.py for tasks to queue
[2026-09-30T22:10:42.397+0000] {logging_mixin.py:137} INFO - [2026-09-30T22:10:42.396+0000] {dagbag.py:538} INFO - Filling up the DagBag from /home/airflow/.local/lib/python3.7/site-packages/airflow/example_dags/example_xcom.py
[2026-09-30T22:10:42.434+0000] {processor.py:753} INFO - DAG(s) dict_keys(['example_xcom']) retrieved from /home/airflow/.local/lib/python3.7/site-packages/airflow/example_dags/example_xcom.py
[2026-09-30T22:10:42.489+0000] {logging_mixin.py:137} INFO - [2026-09-30T22:10:42.488+0000] {dag.py:2676} INFO - Sync 1 DAGs
[2026-09-30T22:10:42.527+0000] {logging_mixin.py:137} INFO - [2026-09-30T22:10:42.527+0000] {dag.py:3427} INFO - Setting next_dagrun for example_xcom to 2021-01-01T00:00:00+00:00, run_after=2021-01-01T00:00:00+00:00
[2026-09-30T22:10:42.549+0000] {processor.py:175} INFO - Processing /home/airflow/.local/lib/python3.7/site-packages/airflow/example_dags/example_xcom.py took 0.158 seconds
[2026-09-30T22:11:13.062+0000] {processor.py:153} INFO - Started process (PID=30224) to work on /home/airflow/.local/lib/python3.7/site-packages/airflow/example_dags/example_xcom.py
[2026-09-30T22:11:13.063+0000] {processor.py:743} INFO - Processing file /home/airflow/.local/lib/python3.7/site-packages/airflow/example_dags/example_xcom.py for tasks to queue
[2026-09-30T22:11:13.064+0000] {logging_mixin.py:137} INFO - [2026-09-30T22:11:13.064+0000] {dagbag.py:538} INFO - Filling up the DagBag from /home/airflow/.local/lib/python3.7/site-packages/airflow/example_dags/example_xcom.py
[2026-09-30T22:11:13.089+0000] {processor.py:753} INFO - DAG(s) dict_keys(['example_xcom']) retrieved from /home/airflow/.local/lib/python3.7/site-packages/airflow/example_dags/example_xcom.py
[2026-09-30T22:11:13.130+0000] {logging_mixin.py:137} INFO - [2026-09-30T22:11:13.130+0000] {dag.py:2676} INFO - Sync 1 DAGs
[2026-09-30T22:11:13.156+0000] {logging_mixin.py:137} INFO - [2026-09-30T22:11:13.155+0000] {dag.py:3427} INFO - Setting next_dagrun for example_xcom to 2021-01-01T00:00:00+00:00, run_after=2021-01-01T00:00:00+00:00
[2026-09-30T22:11:13.174+0000] {processor.py:175} INFO - Processing /home/airflow/.local/lib/python3.7/site-packages/airflow/example_dags/example_xcom.py took 0.114 seconds
[2026-09-30T22:11:44.355+0000] {processor.py:153} INFO - Started process (PID=30404) to work on /home/airflow/.local/lib/python3.7/site-packages/airflow/example_dags/example_xcom.py
[2026-09-30T22:11:44.356+0000] {processor.py:743} INFO - Processing file /home/airflow/.local/lib/python3.7/site-packages/airflow/example_dags/example_xcom.py for tasks to queue
[2026-09-30T22:11:44.357+0000] {logging_mixin.py:137} INFO - [2026-09-30T22:11:44.357+0000] {dagbag.py:538} INFO - Filling up the DagBag from /home/airflow/.local/lib/python3.7/site-packages/airflow/example_dags/example_xcom.py
[2026-09-30T22:11:44.382+0000] {processor.py:753} INFO - DAG(s) dict_keys(['example_xcom']) retrieved from /home/airflow/.local/lib/python3.7/site-packages/airflow/example_dags/example_xcom.py
[2026-09-30T22:11:44.421+0000] {logging_mixin.py:137} INFO - [2026-09-30T22:11:44.421+0000] {dag.py:2676} INFO - Sync 1 DAGs
[2026-09-30T22:11:44.446+0000] {logging_mixin.py:137} INFO - [2026-09-30T22:11:44.445+0000] {dag.py:3427} INFO - Setting next_dagrun for example_xcom to 2021-01-01T00:00:00+00:00, run_after=2021-01-01T00:00:00+00:00
[2026-09-30T22:11:44.464+0000] {processor.py:175} INFO - Processing /home/airflow/.local/lib/python3.7/site-packages/airflow/example_dags/example_xcom.py took 0.113 seconds
[2026-09-30T22:12:14.551+0000] {processor.py:153} INFO - Started process (PID=30568) to work on /home/airflow/.local/lib/python3.7/site-packages/airflow/example_dags/example_xcom.py
[2026-09-30T22:12:14.552+0000] {processor.py:743} INFO - Processing file /home/airflow/.local/lib/python3.7/site-packages/airflow/example_dags/example_xcom.py for tasks to queue
[2026-09-30T22:12:14.552+0000] {logging_mixin.py:137} INFO - [2026-09-30T22:12:14.552+0000] {dagbag.py:538} INFO - Filling up the DagBag from /home/airflow/.local/lib/python3.7/site-packages/airflow/example_dags/example_xcom.py
[2026-09-30T22:12:14.577+0000] {processor.py:753} INFO - DAG(s) dict_keys(['example_xcom']) retrieved from /home/airflow/.local/lib/python3.7/site-packages/airflow/example_dags/example_xcom.py
[2026-09-30T22:12:14.617+0000] {logging_mixin.py:137} INFO - [2026-09-30T22:12:14.617+0000] {dag.py:2676} INFO - Sync 1 DAGs
[2026-09-30T22:12:14.642+0000] {logging_mixin.py:137} INFO - [2026-09-30T22:12:14.642+0000] {dag.py:3427} INFO - Setting next_dagrun for example_xcom to 2021-01-01T00:00:00+00:00, run_after=2021-01-01T00:00:00+00:00
[2026-09-30T22:12:14.661+0000] {processor.py:175} INFO - Processing /home/airflow/.local/lib/python3.7/site-packages/airflow/example_dags/example_xcom.py took 0.113 seconds
[2026-09-30T22:12:45.121+0000] {processor.py:153} INFO - Started process (PID=30781) to work on /home/airflow/.local/lib/python3.7/site-packages/airflow/example_dags/example_xcom.py
[2026-09-30T22:12:45.122+0000] {processor.py:743} INFO - Processing file /home/airflow/.local/lib/python3.7/site-packages/airflow/example_dags/example_xcom.py for tasks to queue
[2026-09-30T22:12:45.123+0000] {logging_mixin.py:137} INFO - [2026-09-30T22:12:45.123+0000] {dagbag.py:538} INFO - Filling up the DagBag from /home/airflow/.local/lib/python3.7/site-packages/airflow/example_dags/example_xcom.py
[2026-09-30T22:12:45.152+0000] {processor.py:753} INFO - DAG(s) dict_keys(['example_xcom']) retrieved from /home/airflow/.local/lib/python3.7/site-packages/airflow/example_dags/example_xcom.py
[2026-09-30T22:12:45.201+0000] {logging_mixin.py:137} INFO - [2026-09-30T22:12:45.201+0000] {dag.py:2676} INFO - Sync 1 DAGs
[2026-09-30T22:12:45.229+0000] {logging_mixin.py:137} INFO - [2026-09-30T22:12:45.229+0000] {dag.py:3427} INFO - Setting next_dagrun for example_xcom to 2021-01-01T00:00:00+00:00, run_after=2021-01-01T00:00:00+00:00
[2026-09-30T22:12:45.248+0000] {processor.py:175} INFO - Processing /home/airflow/.local/lib/python3.7/site-packages/airflow/example_dags/example_xcom.py took 0.131 seconds
[2026-09-30T22:13:16.645+0000] {processor.py:153} INFO - Started process (PID=30966) to work on /home/airflow/.local/lib/python3.7/site-packages/airflow/example_dags/example_xcom.py
[2026-09-30T22:13:16.645+0000] {processor.py:743} INFO - Processing file /home/airflow/.local/lib/python3.7/site-packages/airflow/example_dags/example_xcom.py for tasks to queue
[2026-09-30T22:13:16.646+0000] {logging_mixin.py:137} INFO - [2026-09-30T22:13:16.646+0000] {dagbag.py:538} INFO - Filling up the DagBag from /home/airflow/.local/lib/python3.7/site-packages/airflow/example_dags/example_xcom.py
[2026-09-30T22:13:16.676+0000] {processor.py:753} INFO - DAG(s) dict_keys(['example_xcom']) retrieved from /home/airflow/.local/lib/python3.7/site-packages/airflow/example_dags/example_xcom.py
[2026-09-30T22:13:16.722+0000] {logging_mixin.py:137} INFO - [2026-09-30T22:13:16.722+0000] {dag.py:2676} INFO - Sync 1 DAGs
[2026-09-30T22:13:16.747+0000] {logging_mixin.py:137} INFO - [2026-09-30T22:13:16.747+0000] {dag.py:3427} INFO - Setting next_dagrun for example_xcom to 2021-01-01T00:00:00+00:00, run_after=2021-01-01T00:00:00+00:00
[2026-09-30T22:13:16.768+0000] {processor.py:175} INFO - Processing /home/airflow/.local/lib/python3.7/site-packages/airflow/example_dags/example_xcom.py took 0.126 seconds
[2026-09-30T22:13:47.005+0000] {processor.py:153} INFO - Started process (PID=31146) to work on /home/airflow/.local/lib/python3.7/site-packages/airflow/example_dags/example_xcom.py
[2026-09-30T22:13:47.006+0000] {processor.py:743} INFO - Processing file /home/airflow/.local/lib/python3.7/site-packages/airflow/example_dags/example_xcom.py for tasks to queue
[2026-09-30T22:13:47.006+0000] {logging_mixin.py:137} INFO - [2026-09-30T22:13:47.006+0000] {dagbag.py:538} INFO - Filling up the DagBag from /home/airflow/.local/lib/python3.7/site-packages/airflow/example_dags/example_xcom.py
[2026-09-30T22:13:47.033+0000] {processor.py:753} INFO - DAG(s) dict_keys(['example_xcom']) retrieved from /home/airflow/.local/lib/python3.7/site-packages/airflow/example_dags/example_xcom.py
[2026-09-30T22:13:47.071+0000] {logging_mixin.py:137} INFO - [2026-09-30T22:13:47.071+0000] {dag.py:2676} INFO - Sync 1 DAGs
[2026-09-30T22:13:47.098+0000] {logging_mixin.py:137} INFO - [2026-09-30T22:13:47.097+0000] {dag.py:3427} INFO - Setting next_dagrun for example_xcom to 2021-01-01T00:00:00+00:00, run_after=2021-01-01T00:00:00+00:00
[2026-09-30T22:13:47.114+0000] {processor.py:175} INFO - Processing /home/airflow/.local/lib/python3.7/site-packages/airflow/example_dags/example_xcom.py took 0.113 seconds
[2026-09-30T22:14:17.383+0000] {processor.py:153} INFO - Started process (PID=31296) to work on /home/airflow/.local/lib/python3.7/site-packages/airflow/example_dags/example_xcom.py
[2026-09-30T22:14:17.384+0000] {processor.py:743} INFO - Processing file /home/airflow/.local/lib/python3.7/site-packages/airflow/example_dags/example_xcom.py for tasks to queue
[2026-09-30T22:14:17.385+0000] {logging_mixin.py:137} INFO - [2026-09-30T22:14:17.385+0000] {dagbag.py:538} INFO - Filling up the DagBag from /home/airflow/.local/lib/python3.7/site-packages/airflow/example_dags/example_xcom.py
[2026-09-30T22:14:17.421+0000] {processor.py:753} INFO - DAG(s) dict_keys(['example_xcom']) retrieved from /home/airflow/.local/lib/python3.7/site-packages/airflow/example_dags/example_xcom.py
[2026-09-30T22:14:17.471+0000] {logging_mixin.py:137} INFO - [2026-09-30T22:14:17.471+0000] {dag.py:2676} INFO - Sync 1 DAGs
[2026-09-30T22:14:17.502+0000] {logging_mixin.py:137} INFO - [2026-09-30T22:14:17.501+0000] {dag.py:3427} INFO - Setting next_dagrun for example_xcom to 2021-01-01T00:00:00+00:00, run_after=2021-01-01T00:00:00+00:00
[2026-09-30T22:14:17.523+0000] {processor.py:175} INFO - Processing /home/airflow/.local/lib/python3.7/site-packages/airflow/example_dags/example_xcom.py took 0.144 seconds
[2026-09-30T22:14:47.818+0000] {processor.py:153} INFO - Started process (PID=31384) to work on /home/airflow/.local/lib/python3.7/site-packages/airflow/example_dags/example_xcom.py
[2026-09-30T22:14:47.819+0000] {processor.py:743} INFO - Processing file /home/airflow/.local/lib/python3.7/site-packages/airflow/example_dags/example_xcom.py for tasks to queue
[2026-09-30T22:14:47.820+0000] {logging_mixin.py:137} INFO - [2026-09-30T22:14:47.820+0000] {dagbag.py:538} INFO - Filling up the DagBag from /home/airflow/.local/lib/python3.7/site-packages/airflow/example_dags/example_xcom.py
[2026-09-30T22:14:47.852+0000] {processor.py:753} INFO - DAG(s) dict_keys(['example_xcom']) retrieved from /home/airflow/.local/lib/python3.7/site-packages/airflow/example_dags/example_xcom.py
[2026-09-30T22:14:47.901+0000] {logging_mixin.py:137} INFO - [2026-09-30T22:14:47.901+0000] {dag.py:2676} INFO - Sync 1 DAGs
[2026-09-30T22:14:47.933+0000] {logging_mixin.py:137} INFO - [2026-09-30T22:14:47.933+0000] {dag.py:3427} INFO - Setting next_dagrun for example_xcom to 2021-01-01T00:00:00+00:00, run_after=2021-01-01T00:00:00+00:00
[2026-09-30T22:14:47.954+0000] {processor.py:175} INFO - Processing /home/airflow/.local/lib/python3.7/site-packages/airflow/example_dags/example_xcom.py took 0.140 seconds
[2026-09-30T22:15:18.228+0000] {processor.py:153} INFO - Started process (PID=31474) to work on /home/airflow/.local/lib/python3.7/site-packages/airflow/example_dags/example_xcom.py
[2026-09-30T22:15:18.229+0000] {processor.py:743} INFO - Processing file /home/airflow/.local/lib/python3.7/site-packages/airflow/example_dags/example_xcom.py for tasks to queue
[2026-09-30T22:15:18.229+0000] {logging_mixin.py:137} INFO - [2026-09-30T22:15:18.229+0000] {dagbag.py:538} INFO - Filling up the DagBag from /home/airflow/.local/lib/python3.7/site-packages/airflow/example_dags/example_xcom.py
[2026-09-30T22:15:18.261+0000] {processor.py:753} INFO - DAG(s) dict_keys(['example_xcom']) retrieved from /home/airflow/.local/lib/python3.7/site-packages/airflow/example_dags/example_xcom.py
[2026-09-30T22:15:18.309+0000] {logging_mixin.py:137} INFO - [2026-09-30T22:15:18.308+0000] {dag.py:2676} INFO - Sync 1 DAGs
[2026-09-30T22:15:18.341+0000] {logging_mixin.py:137} INFO - [2026-09-30T22:15:18.341+0000] {dag.py:3427} INFO - Setting next_dagrun for example_xcom to 2021-01-01T00:00:00+00:00, run_after=2021-01-01T00:00:00+00:00
[2026-09-30T22:15:18.366+0000] {processor.py:175} INFO - Processing /home/airflow/.local/lib/python3.7/site-packages/airflow/example_dags/example_xcom.py took 0.142 seconds
[2026-09-30T22:15:48.544+0000] {processor.py:153} INFO - Started process (PID=31554) to work on /home/airflow/.local/lib/python3.7/site-packages/airflow/example_dags/example_xcom.py
[2026-09-30T22:15:48.545+0000] {processor.py:743} INFO - Processing file /home/airflow/.local/lib/python3.7/site-packages/airflow/example_dags/example_xcom.py for tasks to queue
[2026-09-30T22:15:48.546+0000] {logging_mixin.py:137} INFO - [2026-09-30T22:15:48.546+0000] {dagbag.py:538} INFO - Filling up the DagBag from /home/airflow/.local/lib/python3.7/site-packages/airflow/example_dags/example_xcom.py
[2026-09-30T22:15:48.597+0000] {processor.py:753} INFO - DAG(s) dict_keys(['example_xcom']) retrieved from /home/airflow/.local/lib/python3.7/site-packages/airflow/example_dags/example_xcom.py
[2026-09-30T22:15:48.666+0000] {logging_mixin.py:137} INFO - [2026-09-30T22:15:48.665+0000] {dag.py:2676} INFO - Sync 1 DAGs
[2026-09-30T22:15:48.706+0000] {logging_mixin.py:137} INFO - [2026-09-30T22:15:48.706+0000] {dag.py:3427} INFO - Setting next_dagrun for example_xcom to 2021-01-01T00:00:00+00:00, run_after=2021-01-01T00:00:00+00:00
[2026-09-30T22:15:48.729+0000] {processor.py:175} INFO - Processing /home/airflow/.local/lib/python3.7/site-packages/airflow/example_dags/example_xcom.py took 0.191 seconds
[2026-09-30T22:16:18.796+0000] {processor.py:153} INFO - Started process (PID=31633) to work on /home/airflow/.local/lib/python3.7/site-packages/airflow/example_dags/example_xcom.py
[2026-09-30T22:16:18.798+0000] {processor.py:743} INFO - Processing file /home/airflow/.local/lib/python3.7/site-packages/airflow/example_dags/example_xcom.py for tasks to queue
[2026-09-30T22:16:18.799+0000] {logging_mixin.py:137} INFO - [2026-09-30T22:16:18.799+0000] {dagbag.py:538} INFO - Filling up the DagBag from /home/airflow/.local/lib/python3.7/site-packages/airflow/example_dags/example_xcom.py
[2026-09-30T22:16:18.837+0000] {processor.py:753} INFO - DAG(s) dict_keys(['example_xcom']) retrieved from /home/airflow/.local/lib/python3.7/site-packages/airflow/example_dags/example_xcom.py
[2026-09-30T22:16:18.892+0000] {logging_mixin.py:137} INFO - [2026-09-30T22:16:18.891+0000] {dag.py:2676} INFO - Sync 1 DAGs
[2026-09-30T22:16:18.923+0000] {logging_mixin.py:137} INFO - [2026-09-30T22:16:18.923+0000] {dag.py:3427} INFO - Setting next_dagrun for example_xcom to 2021-01-01T00:00:00+00:00, run_after=2021-01-01T00:00:00+00:00
[2026-09-30T22:16:18.944+0000] {processor.py:175} INFO - Processing /home/airflow/.local/lib/python3.7/site-packages/airflow/example_dags/example_xcom.py took 0.152 seconds
[2026-09-30T22:16:48.997+0000] {processor.py:153} INFO - Started process (PID=31721) to work on /home/airflow/.local/lib/python3.7/site-packages/airflow/example_dags/example_xcom.py
[2026-09-30T22:16:48.998+0000] {processor.py:743} INFO - Processing file /home/airflow/.local/lib/python3.7/site-packages/airflow/example_dags/example_xcom.py for tasks to queue
[2026-09-30T22:16:48.999+0000] {logging_mixin.py:137} INFO - [2026-09-30T22:16:48.998+0000] {dagbag.py:538} INFO - Filling up the DagBag from /home/airflow/.local/lib/python3.7/site-packages/airflow/example_dags/example_xcom.py
[2026-09-30T22:16:49.045+0000] {processor.py:753} INFO - DAG(s) dict_keys(['example_xcom']) retrieved from /home/airflow/.local/lib/python3.7/site-packages/airflow/example_dags/example_xcom.py
[2026-09-30T22:16:49.094+0000] {logging_mixin.py:137} INFO - [2026-09-30T22:16:49.094+0000] {dag.py:2676} INFO - Sync 1 DAGs
[2026-09-30T22:16:49.126+0000] {logging_mixin.py:137} INFO - [2026-09-30T22:16:49.126+0000] {dag.py:3427} INFO - Setting next_dagrun for example_xcom to 2021-01-01T00:00:00+00:00, run_after=2021-01-01T00:00:00+00:00
[2026-09-30T22:16:49.151+0000] {processor.py:175} INFO - Processing /home/airflow/.local/lib/python3.7/site-packages/airflow/example_dags/example_xcom.py took 0.158 seconds
[2026-09-30T22:17:19.625+0000] {processor.py:153} INFO - Started process (PID=31811) to work on /home/airflow/.local/lib/python3.7/site-packages/airflow/example_dags/example_xcom.py
[2026-09-30T22:17:19.626+0000] {processor.py:743} INFO - Processing file /home/airflow/.local/lib/python3.7/site-packages/airflow/example_dags/example_xcom.py for tasks to queue
[2026-09-30T22:17:19.627+0000] {logging_mixin.py:137} INFO - [2026-09-30T22:17:19.627+0000] {dagbag.py:538} INFO - Filling up the DagBag from /home/airflow/.local/lib/python3.7/site-packages/airflow/example_dags/example_xcom.py
[2026-09-30T22:17:19.658+0000] {processor.py:753} INFO - DAG(s) dict_keys(['example_xcom']) retrieved from /home/airflow/.local/lib/python3.7/site-packages/airflow/example_dags/example_xcom.py
[2026-09-30T22:17:19.714+0000] {logging_mixin.py:137} INFO - [2026-09-30T22:17:19.714+0000] {dag.py:2676} INFO - Sync 1 DAGs
[2026-09-30T22:17:19.750+0000] {logging_mixin.py:137} INFO - [2026-09-30T22:17:19.750+0000] {dag.py:3427} INFO - Setting next_dagrun for example_xcom to 2021-01-01T00:00:00+00:00, run_after=2021-01-01T00:00:00+00:00
[2026-09-30T22:17:20.012+0000] {processor.py:175} INFO - Processing /home/airflow/.local/lib/python3.7/site-packages/airflow/example_dags/example_xcom.py took 0.391 seconds
[2026-09-30T22:17:50.726+0000] {processor.py:153} INFO - Started process (PID=31890) to work on /home/airflow/.local/lib/python3.7/site-packages/airflow/example_dags/example_xcom.py
[2026-09-30T22:17:50.727+0000] {processor.py:743} INFO - Processing file /home/airflow/.local/lib/python3.7/site-packages/airflow/example_dags/example_xcom.py for tasks to queue
[2026-09-30T22:17:50.727+0000] {logging_mixin.py:137} INFO - [2026-09-30T22:17:50.727+0000] {dagbag.py:538} INFO - Filling up the DagBag from /home/airflow/.local/lib/python3.7/site-packages/airflow/example_dags/example_xcom.py
[2026-09-30T22:17:50.774+0000] {processor.py:753} INFO - DAG(s) dict_keys(['example_xcom']) retrieved from /home/airflow/.local/lib/python3.7/site-packages/airflow/example_dags/example_xcom.py
[2026-09-30T22:17:50.828+0000] {logging_mixin.py:137} INFO - [2026-09-30T22:17:50.828+0000] {dag.py:2676} INFO - Sync 1 DAGs
[2026-09-30T22:17:50.864+0000] {logging_mixin.py:137} INFO - [2026-09-30T22:17:50.864+0000] {dag.py:3427} INFO - Setting next_dagrun for example_xcom to 2021-01-01T00:00:00+00:00, run_after=2021-01-01T00:00:00+00:00
[2026-09-30T22:17:50.890+0000] {processor.py:175} INFO - Processing /home/airflow/.local/lib/python3.7/site-packages/airflow/example_dags/example_xcom.py took 0.168 seconds
[2026-09-30T22:18:21.297+0000] {processor.py:153} INFO - Started process (PID=31969) to work on /home/airflow/.local/lib/python3.7/site-packages/airflow/example_dags/example_xcom.py
[2026-09-30T22:18:21.299+0000] {processor.py:743} INFO - Processing file /home/airflow/.local/lib/python3.7/site-packages/airflow/example_dags/example_xcom.py for tasks to queue
[2026-09-30T22:18:21.300+0000] {logging_mixin.py:137} INFO - [2026-09-30T22:18:21.300+0000] {dagbag.py:538} INFO - Filling up the DagBag from /home/airflow/.local/lib/python3.7/site-packages/airflow/example_dags/example_xcom.py
[2026-09-30T22:18:21.343+0000] {processor.py:753} INFO - DAG(s) dict_keys(['example_xcom']) retrieved from /home/airflow/.local/lib/python3.7/site-packages/airflow/example_dags/example_xcom.py
[2026-09-30T22:18:21.400+0000] {logging_mixin.py:137} INFO - [2026-09-30T22:18:21.400+0000] {dag.py:2676} INFO - Sync 1 DAGs
[2026-09-30T22:18:21.451+0000] {logging_mixin.py:137} INFO - [2026-09-30T22:18:21.451+0000] {dag.py:3427} INFO - Setting next_dagrun for example_xcom to 2021-01-01T00:00:00+00:00, run_after=2021-01-01T00:00:00+00:00
[2026-09-30T22:18:21.482+0000] {processor.py:175} INFO - Processing /home/airflow/.local/lib/python3.7/site-packages/airflow/example_dags/example_xcom.py took 0.193 seconds
[2026-09-30T22:18:52.007+0000] {processor.py:153} INFO - Started process (PID=32069) to work on /home/airflow/.local/lib/python3.7/site-packages/airflow/example_dags/example_xcom.py
[2026-09-30T22:18:52.008+0000] {processor.py:743} INFO - Processing file /home/airflow/.local/lib/python3.7/site-packages/airflow/example_dags/example_xcom.py for tasks to queue
[2026-09-30T22:18:52.009+0000] {logging_mixin.py:137} INFO - [2026-09-30T22:18:52.009+0000] {dagbag.py:538} INFO - Filling up the DagBag from /home/airflow/.local/lib/python3.7/site-packages/airflow/example_dags/example_xcom.py
[2026-09-30T22:18:52.040+0000] {processor.py:753} INFO - DAG(s) dict_keys(['example_xcom']) retrieved from /home/airflow/.local/lib/python3.7/site-packages/airflow/example_dags/example_xcom.py
[2026-09-30T22:18:52.110+0000] {logging_mixin.py:137} INFO - [2026-09-30T22:18:52.110+0000] {dag.py:2676} INFO - Sync 1 DAGs
[2026-09-30T22:18:52.149+0000] {logging_mixin.py:137} INFO - [2026-09-30T22:18:52.149+0000] {dag.py:3427} INFO - Setting next_dagrun for example_xcom to 2021-01-01T00:00:00+00:00, run_after=2021-01-01T00:00:00+00:00
[2026-09-30T22:18:52.177+0000] {processor.py:175} INFO - Processing /home/airflow/.local/lib/python3.7/site-packages/airflow/example_dags/example_xcom.py took 0.175 seconds
[2026-09-30T22:19:22.936+0000] {processor.py:153} INFO - Started process (PID=32149) to work on /home/airflow/.local/lib/python3.7/site-packages/airflow/example_dags/example_xcom.py
[2026-09-30T22:19:22.937+0000] {processor.py:743} INFO - Processing file /home/airflow/.local/lib/python3.7/site-packages/airflow/example_dags/example_xcom.py for tasks to queue
[2026-09-30T22:19:22.938+0000] {logging_mixin.py:137} INFO - [2026-09-30T22:19:22.938+0000] {dagbag.py:538} INFO - Filling up the DagBag from /home/airflow/.local/lib/python3.7/site-packages/airflow/example_dags/example_xcom.py
[2026-09-30T22:19:22.978+0000] {processor.py:753} INFO - DAG(s) dict_keys(['example_xcom']) retrieved from /home/airflow/.local/lib/python3.7/site-packages/airflow/example_dags/example_xcom.py
[2026-09-30T22:19:23.026+0000] {logging_mixin.py:137} INFO - [2026-09-30T22:19:23.026+0000] {dag.py:2676} INFO - Sync 1 DAGs
[2026-09-30T22:19:23.057+0000] {logging_mixin.py:137} INFO - [2026-09-30T22:19:23.056+0000] {dag.py:3427} INFO - Setting next_dagrun for example_xcom to 2021-01-01T00:00:00+00:00, run_after=2021-01-01T00:00:00+00:00
[2026-09-30T22:19:23.269+0000] {processor.py:175} INFO - Processing /home/airflow/.local/lib/python3.7/site-packages/airflow/example_dags/example_xcom.py took 0.337 seconds
[2026-09-30T22:19:53.814+0000] {processor.py:153} INFO - Started process (PID=32228) to work on /home/airflow/.local/lib/python3.7/site-packages/airflow/example_dags/example_xcom.py
[2026-09-30T22:19:53.815+0000] {processor.py:743} INFO - Processing file /home/airflow/.local/lib/python3.7/site-packages/airflow/example_dags/example_xcom.py for tasks to queue
[2026-09-30T22:19:53.815+0000] {logging_mixin.py:137} INFO - [2026-09-30T22:19:53.815+0000] {dagbag.py:538} INFO - Filling up the DagBag from /home/airflow/.local/lib/python3.7/site-packages/airflow/example_dags/example_xcom.py
[2026-09-30T22:19:53.851+0000] {processor.py:753} INFO - DAG(s) dict_keys(['example_xcom']) retrieved from /home/airflow/.local/lib/python3.7/site-packages/airflow/example_dags/example_xcom.py
[2026-09-30T22:19:53.901+0000] {logging_mixin.py:137} INFO - [2026-09-30T22:19:53.900+0000] {dag.py:2676} INFO - Sync 1 DAGs
[2026-09-30T22:19:53.935+0000] {logging_mixin.py:137} INFO - [2026-09-30T22:19:53.934+0000] {dag.py:3427} INFO - Setting next_dagrun for example_xcom to 2021-01-01T00:00:00+00:00, run_after=2021-01-01T00:00:00+00:00
[2026-09-30T22:19:53.956+0000] {processor.py:175} INFO - Processing /home/airflow/.local/lib/python3.7/site-packages/airflow/example_dags/example_xcom.py took 0.147 seconds
[2026-09-30T22:20:24.135+0000] {processor.py:153} INFO - Started process (PID=32327) to work on /home/airflow/.local/lib/python3.7/site-packages/airflow/example_dags/example_xcom.py
[2026-09-30T22:20:24.136+0000] {processor.py:743} INFO - Processing file /home/airflow/.local/lib/python3.7/site-packages/airflow/example_dags/example_xcom.py for tasks to queue
[2026-09-30T22:20:24.137+0000] {logging_mixin.py:137} INFO - [2026-09-30T22:20:24.137+0000] {dagbag.py:538} INFO - Filling up the DagBag from /home/airflow/.local/lib/python3.7/site-packages/airflow/example_dags/example_xcom.py
[2026-09-30T22:20:24.170+0000] {processor.py:753} INFO - DAG(s) dict_keys(['example_xcom']) retrieved from /home/airflow/.local/lib/python3.7/site-packages/airflow/example_dags/example_xcom.py
[2026-09-30T22:20:24.225+0000] {logging_mixin.py:137} INFO - [2026-09-30T22:20:24.225+0000] {dag.py:2676} INFO - Sync 1 DAGs
[2026-09-30T22:20:24.264+0000] {logging_mixin.py:137} INFO - [2026-09-30T22:20:24.264+0000] {dag.py:3427} INFO - Setting next_dagrun for example_xcom to 2021-01-01T00:00:00+00:00, run_after=2021-01-01T00:00:00+00:00
[2026-09-30T22:20:24.293+0000] {processor.py:175} INFO - Processing /home/airflow/.local/lib/python3.7/site-packages/airflow/example_dags/example_xcom.py took 0.163 seconds
[2026-09-30T22:20:54.404+0000] {processor.py:153} INFO - Started process (PID=32406) to work on /home/airflow/.local/lib/python3.7/site-packages/airflow/example_dags/example_xcom.py
[2026-09-30T22:20:54.405+0000] {processor.py:743} INFO - Processing file /home/airflow/.local/lib/python3.7/site-packages/airflow/example_dags/example_xcom.py for tasks to queue
[2026-09-30T22:20:54.405+0000] {logging_mixin.py:137} INFO - [2026-09-30T22:20:54.405+0000] {dagbag.py:538} INFO - Filling up the DagBag from /home/airflow/.local/lib/python3.7/site-packages/airflow/example_dags/example_xcom.py
[2026-09-30T22:20:54.439+0000] {processor.py:753} INFO - DAG(s) dict_keys(['example_xcom']) retrieved from /home/airflow/.local/lib/python3.7/site-packages/airflow/example_dags/example_xcom.py
[2026-09-30T22:20:54.505+0000] {logging_mixin.py:137} INFO - [2026-09-30T22:20:54.505+0000] {dag.py:2676} INFO - Sync 1 DAGs
[2026-09-30T22:20:54.553+0000] {logging_mixin.py:137} INFO - [2026-09-30T22:20:54.552+0000] {dag.py:3427} INFO - Setting next_dagrun for example_xcom to 2021-01-01T00:00:00+00:00, run_after=2021-01-01T00:00:00+00:00
[2026-09-30T22:20:54.583+0000] {processor.py:175} INFO - Processing /home/airflow/.local/lib/python3.7/site-packages/airflow/example_dags/example_xcom.py took 0.183 seconds
[2026-09-30T22:21:25.264+0000] {processor.py:153} INFO - Started process (PID=32484) to work on /home/airflow/.local/lib/python3.7/site-packages/airflow/example_dags/example_xcom.py
[2026-09-30T22:21:25.265+0000] {processor.py:743} INFO - Processing file /home/airflow/.local/lib/python3.7/site-packages/airflow/example_dags/example_xcom.py for tasks to queue
[2026-09-30T22:21:25.266+0000] {logging_mixin.py:137} INFO - [2026-09-30T22:21:25.266+0000] {dagbag.py:538} INFO - Filling up the DagBag from /home/airflow/.local/lib/python3.7/site-packages/airflow/example_dags/example_xcom.py
[2026-09-30T22:21:25.305+0000] {processor.py:753} INFO - DAG(s) dict_keys(['example_xcom']) retrieved from /home/airflow/.local/lib/python3.7/site-packages/airflow/example_dags/example_xcom.py
[2026-09-30T22:21:25.366+0000] {logging_mixin.py:137} INFO - [2026-09-30T22:21:25.365+0000] {dag.py:2676} INFO - Sync 1 DAGs
[2026-09-30T22:21:25.398+0000] {logging_mixin.py:137} INFO - [2026-09-30T22:21:25.398+0000] {dag.py:3427} INFO - Setting next_dagrun for example_xcom to 2021-01-01T00:00:00+00:00, run_after=2021-01-01T00:00:00+00:00
[2026-09-30T22:21:25.617+0000] {processor.py:175} INFO - Processing /home/airflow/.local/lib/python3.7/site-packages/airflow/example_dags/example_xcom.py took 0.360 seconds
[2026-09-30T22:21:56.119+0000] {processor.py:153} INFO - Started process (PID=32563) to work on /home/airflow/.local/lib/python3.7/site-packages/airflow/example_dags/example_xcom.py
[2026-09-30T22:21:56.120+0000] {processor.py:743} INFO - Processing file /home/airflow/.local/lib/python3.7/site-packages/airflow/example_dags/example_xcom.py for tasks to queue
[2026-09-30T22:21:56.122+0000] {logging_mixin.py:137} INFO - [2026-09-30T22:21:56.121+0000] {dagbag.py:538} INFO - Filling up the DagBag from /home/airflow/.local/lib/python3.7/site-packages/airflow/example_dags/example_xcom.py
[2026-09-30T22:21:56.171+0000] {processor.py:753} INFO - DAG(s) dict_keys(['example_xcom']) retrieved from /home/airflow/.local/lib/python3.7/site-packages/airflow/example_dags/example_xcom.py
[2026-09-30T22:21:56.237+0000] {logging_mixin.py:137} INFO - [2026-09-30T22:21:56.237+0000] {dag.py:2676} INFO - Sync 1 DAGs
[2026-09-30T22:21:56.289+0000] {logging_mixin.py:137} INFO - [2026-09-30T22:21:56.288+0000] {dag.py:3427} INFO - Setting next_dagrun for example_xcom to 2021-01-01T00:00:00+00:00, run_after=2021-01-01T00:00:00+00:00
[2026-09-30T22:21:56.322+0000] {processor.py:175} INFO - Processing /home/airflow/.local/lib/python3.7/site-packages/airflow/example_dags/example_xcom.py took 0.209 seconds
[2026-09-30T22:22:26.367+0000] {processor.py:153} INFO - Started process (PID=32662) to work on /home/airflow/.local/lib/python3.7/site-packages/airflow/example_dags/example_xcom.py
[2026-09-30T22:22:26.368+0000] {processor.py:743} INFO - Processing file /home/airflow/.local/lib/python3.7/site-packages/airflow/example_dags/example_xcom.py for tasks to queue
[2026-09-30T22:22:26.368+0000] {logging_mixin.py:137} INFO - [2026-09-30T22:22:26.368+0000] {dagbag.py:538} INFO - Filling up the DagBag from /home/airflow/.local/lib/python3.7/site-packages/airflow/example_dags/example_xcom.py
[2026-09-30T22:22:26.402+0000] {processor.py:753} INFO - DAG(s) dict_keys(['example_xcom']) retrieved from /home/airflow/.local/lib/python3.7/site-packages/airflow/example_dags/example_xcom.py
[2026-09-30T22:22:26.459+0000] {logging_mixin.py:137} INFO - [2026-09-30T22:22:26.459+0000] {dag.py:2676} INFO - Sync 1 DAGs
[2026-09-30T22:22:26.499+0000] {logging_mixin.py:137} INFO - [2026-09-30T22:22:26.499+0000] {dag.py:3427} INFO - Setting next_dagrun for example_xcom to 2021-01-01T00:00:00+00:00, run_after=2021-01-01T00:00:00+00:00
[2026-09-30T22:22:26.523+0000] {processor.py:175} INFO - Processing /home/airflow/.local/lib/python3.7/site-packages/airflow/example_dags/example_xcom.py took 0.160 seconds
[2026-09-30T22:22:56.598+0000] {processor.py:153} INFO - Started process (PID=32741) to work on /home/airflow/.local/lib/python3.7/site-packages/airflow/example_dags/example_xcom.py
[2026-09-30T22:22:56.599+0000] {processor.py:743} INFO - Processing file /home/airflow/.local/lib/python3.7/site-packages/airflow/example_dags/example_xcom.py for tasks to queue
[2026-09-30T22:22:56.600+0000] {logging_mixin.py:137} INFO - [2026-09-30T22:22:56.600+0000] {dagbag.py:538} INFO - Filling up the DagBag from /home/airflow/.local/lib/python3.7/site-packages/airflow/example_dags/example_xcom.py
[2026-09-30T22:22:56.628+0000] {processor.py:753} INFO - DAG(s) dict_keys(['example_xcom']) retrieved from /home/airflow/.local/lib/python3.7/site-packages/airflow/example_dags/example_xcom.py
[2026-09-30T22:22:56.675+0000] {logging_mixin.py:137} INFO - [2026-09-30T22:22:56.674+0000] {dag.py:2676} INFO - Sync 1 DAGs
[2026-09-30T22:22:56.702+0000] {logging_mixin.py:137} INFO - [2026-09-30T22:22:56.701+0000] {dag.py:3427} INFO - Setting next_dagrun for example_xcom to 2021-01-01T00:00:00+00:00, run_after=2021-01-01T00:00:00+00:00
[2026-09-30T22:22:56.718+0000] {processor.py:175} INFO - Processing /home/airflow/.local/lib/python3.7/site-packages/airflow/example_dags/example_xcom.py took 0.123 seconds
[2026-09-30T22:23:27.079+0000] {processor.py:153} INFO - Started process (PID=32820) to work on /home/airflow/.local/lib/python3.7/site-packages/airflow/example_dags/example_xcom.py
[2026-09-30T22:23:27.081+0000] {processor.py:743} INFO - Processing file /home/airflow/.local/lib/python3.7/site-packages/airflow/example_dags/example_xcom.py for tasks to queue
[2026-09-30T22:23:27.082+0000] {logging_mixin.py:137} INFO - [2026-09-30T22:23:27.082+0000] {dagbag.py:538} INFO - Filling up the DagBag from /home/airflow/.local/lib/python3.7/site-packages/airflow/example_dags/example_xcom.py
[2026-09-30T22:23:27.125+0000] {processor.py:753} INFO - DAG(s) dict_keys(['example_xcom']) retrieved from /home/airflow/.local/lib/python3.7/site-packages/airflow/example_dags/example_xcom.py
[2026-09-30T22:23:27.198+0000] {logging_mixin.py:137} INFO - [2026-09-30T22:23:27.197+0000] {dag.py:2676} INFO - Sync 1 DAGs
[2026-09-30T22:23:27.242+0000] {logging_mixin.py:137} INFO - [2026-09-30T22:23:27.242+0000] {dag.py:3427} INFO - Setting next_dagrun for example_xcom to 2021-01-01T00:00:00+00:00, run_after=2021-01-01T00:00:00+00:00
[2026-09-30T22:23:27.264+0000] {processor.py:175} INFO - Processing /home/airflow/.local/lib/python3.7/site-packages/airflow/example_dags/example_xcom.py took 0.190 seconds
[2026-09-30T22:23:58.227+0000] {processor.py:153} INFO - Started process (PID=32899) to work on /home/airflow/.local/lib/python3.7/site-packages/airflow/example_dags/example_xcom.py
[2026-09-30T22:23:58.228+0000] {processor.py:743} INFO - Processing file /home/airflow/.local/lib/python3.7/site-packages/airflow/example_dags/example_xcom.py for tasks to queue
[2026-09-30T22:23:58.229+0000] {logging_mixin.py:137} INFO - [2026-09-30T22:23:58.229+0000] {dagbag.py:538} INFO - Filling up the DagBag from /home/airflow/.local/lib/python3.7/site-packages/airflow/example_dags/example_xcom.py
[2026-09-30T22:23:58.261+0000] {processor.py:753} INFO - DAG(s) dict_keys(['example_xcom']) retrieved from /home/airflow/.local/lib/python3.7/site-packages/airflow/example_dags/example_xcom.py
[2026-09-30T22:23:58.317+0000] {logging_mixin.py:137} INFO - [2026-09-30T22:23:58.317+0000] {dag.py:2676} INFO - Sync 1 DAGs
[2026-09-30T22:23:58.351+0000] {logging_mixin.py:137} INFO - [2026-09-30T22:23:58.350+0000] {dag.py:3427} INFO - Setting next_dagrun for example_xcom to 2021-01-01T00:00:00+00:00, run_after=2021-01-01T00:00:00+00:00
[2026-09-30T22:23:58.371+0000] {processor.py:175} INFO - Processing /home/airflow/.local/lib/python3.7/site-packages/airflow/example_dags/example_xcom.py took 0.148 seconds
[2026-09-30T22:24:28.436+0000] {processor.py:153} INFO - Started process (PID=32997) to work on /home/airflow/.local/lib/python3.7/site-packages/airflow/example_dags/example_xcom.py
[2026-09-30T22:24:28.437+0000] {processor.py:743} INFO - Processing file /home/airflow/.local/lib/python3.7/site-packages/airflow/example_dags/example_xcom.py for tasks to queue
[2026-09-30T22:24:28.438+0000] {logging_mixin.py:137} INFO - [2026-09-30T22:24:28.437+0000] {dagbag.py:538} INFO - Filling up the DagBag from /home/airflow/.local/lib/python3.7/site-packages/airflow/example_dags/example_xcom.py
[2026-09-30T22:24:28.470+0000] {processor.py:753} INFO - DAG(s) dict_keys(['example_xcom']) retrieved from /home/airflow/.local/lib/python3.7/site-packages/airflow/example_dags/example_xcom.py
[2026-09-30T22:24:28.525+0000] {logging_mixin.py:137} INFO - [2026-09-30T22:24:28.525+0000] {dag.py:2676} INFO - Sync 1 DAGs
[2026-09-30T22:24:28.561+0000] {logging_mixin.py:137} INFO - [2026-09-30T22:24:28.561+0000] {dag.py:3427} INFO - Setting next_dagrun for example_xcom to 2021-01-01T00:00:00+00:00, run_after=2021-01-01T00:00:00+00:00
[2026-09-30T22:24:28.584+0000] {processor.py:175} INFO - Processing /home/airflow/.local/lib/python3.7/site-packages/airflow/example_dags/example_xcom.py took 0.152 seconds
[2026-09-30T22:24:58.670+0000] {processor.py:153} INFO - Started process (PID=33076) to work on /home/airflow/.local/lib/python3.7/site-packages/airflow/example_dags/example_xcom.py
[2026-09-30T22:24:58.671+0000] {processor.py:743} INFO - Processing file /home/airflow/.local/lib/python3.7/site-packages/airflow/example_dags/example_xcom.py for tasks to queue
[2026-09-30T22:24:58.673+0000] {logging_mixin.py:137} INFO - [2026-09-30T22:24:58.672+0000] {dagbag.py:538} INFO - Filling up the DagBag from /home/airflow/.local/lib/python3.7/site-packages/airflow/example_dags/example_xcom.py
[2026-09-30T22:24:58.724+0000] {processor.py:753} INFO - DAG(s) dict_keys(['example_xcom']) retrieved from /home/airflow/.local/lib/python3.7/site-packages/airflow/example_dags/example_xcom.py
[2026-09-30T22:24:58.780+0000] {logging_mixin.py:137} INFO - [2026-09-30T22:24:58.780+0000] {dag.py:2676} INFO - Sync 1 DAGs
[2026-09-30T22:24:58.815+0000] {logging_mixin.py:137} INFO - [2026-09-30T22:24:58.815+0000] {dag.py:3427} INFO - Setting next_dagrun for example_xcom to 2021-01-01T00:00:00+00:00, run_after=2021-01-01T00:00:00+00:00
[2026-09-30T22:24:58.837+0000] {processor.py:175} INFO - Processing /home/airflow/.local/lib/python3.7/site-packages/airflow/example_dags/example_xcom.py took 0.174 seconds
[2026-09-30T22:25:29.387+0000] {processor.py:153} INFO - Started process (PID=33155) to work on /home/airflow/.local/lib/python3.7/site-packages/airflow/example_dags/example_xcom.py
[2026-09-30T22:25:29.389+0000] {processor.py:743} INFO - Processing file /home/airflow/.local/lib/python3.7/site-packages/airflow/example_dags/example_xcom.py for tasks to queue
[2026-09-30T22:25:29.390+0000] {logging_mixin.py:137} INFO - [2026-09-30T22:25:29.390+0000] {dagbag.py:538} INFO - Filling up the DagBag from /home/airflow/.local/lib/python3.7/site-packages/airflow/example_dags/example_xcom.py
[2026-09-30T22:25:29.442+0000] {processor.py:753} INFO - DAG(s) dict_keys(['example_xcom']) retrieved from /home/airflow/.local/lib/python3.7/site-packages/airflow/example_dags/example_xcom.py
[2026-09-30T22:25:29.519+0000] {logging_mixin.py:137} INFO - [2026-09-30T22:25:29.519+0000] {dag.py:2676} INFO - Sync 1 DAGs
[2026-09-30T22:25:29.568+0000] {logging_mixin.py:137} INFO - [2026-09-30T22:25:29.568+0000] {dag.py:3427} INFO - Setting next_dagrun for example_xcom to 2021-01-01T00:00:00+00:00, run_after=2021-01-01T00:00:00+00:00
[2026-09-30T22:25:29.871+0000] {processor.py:175} INFO - Processing /home/airflow/.local/lib/python3.7/site-packages/airflow/example_dags/example_xcom.py took 0.492 seconds
[2026-09-30T22:26:00.617+0000] {processor.py:153} INFO - Started process (PID=33234) to work on /home/airflow/.local/lib/python3.7/site-packages/airflow/example_dags/example_xcom.py
[2026-09-30T22:26:00.618+0000] {processor.py:743} INFO - Processing file /home/airflow/.local/lib/python3.7/site-packages/airflow/example_dags/example_xcom.py for tasks to queue
[2026-09-30T22:26:00.619+0000] {logging_mixin.py:137} INFO - [2026-09-30T22:26:00.619+0000] {dagbag.py:538} INFO - Filling up the DagBag from /home/airflow/.local/lib/python3.7/site-packages/airflow/example_dags/example_xcom.py
[2026-09-30T22:26:00.653+0000] {processor.py:753} INFO - DAG(s) dict_keys(['example_xcom']) retrieved from /home/airflow/.local/lib/python3.7/site-packages/airflow/example_dags/example_xcom.py
[2026-09-30T22:26:00.703+0000] {logging_mixin.py:137} INFO - [2026-09-30T22:26:00.703+0000] {dag.py:2676} INFO - Sync 1 DAGs
[2026-09-30T22:26:00.743+0000] {logging_mixin.py:137} INFO - [2026-09-30T22:26:00.742+0000] {dag.py:3427} INFO - Setting next_dagrun for example_xcom to 2021-01-01T00:00:00+00:00, run_after=2021-01-01T00:00:00+00:00
[2026-09-30T22:26:00.761+0000] {processor.py:175} INFO - Processing /home/airflow/.local/lib/python3.7/site-packages/airflow/example_dags/example_xcom.py took 0.148 seconds
[2026-09-30T22:26:30.985+0000] {processor.py:153} INFO - Started process (PID=33339) to work on /home/airflow/.local/lib/python3.7/site-packages/airflow/example_dags/example_xcom.py
[2026-09-30T22:26:30.986+0000] {processor.py:743} INFO - Processing file /home/airflow/.local/lib/python3.7/site-packages/airflow/example_dags/example_xcom.py for tasks to queue
[2026-09-30T22:26:30.987+0000] {logging_mixin.py:137} INFO - [2026-09-30T22:26:30.987+0000] {dagbag.py:538} INFO - Filling up the DagBag from /home/airflow/.local/lib/python3.7/site-packages/airflow/example_dags/example_xcom.py
[2026-09-30T22:26:31.017+0000] {processor.py:753} INFO - DAG(s) dict_keys(['example_xcom']) retrieved from /home/airflow/.local/lib/python3.7/site-packages/airflow/example_dags/example_xcom.py
[2026-09-30T22:26:31.064+0000] {logging_mixin.py:137} INFO - [2026-09-30T22:26:31.064+0000] {dag.py:2676} INFO - Sync 1 DAGs
[2026-09-30T22:26:31.093+0000] {logging_mixin.py:137} INFO - [2026-09-30T22:26:31.093+0000] {dag.py:3427} INFO - Setting next_dagrun for example_xcom to 2021-01-01T00:00:00+00:00, run_after=2021-01-01T00:00:00+00:00
[2026-09-30T22:26:31.113+0000] {processor.py:175} INFO - Processing /home/airflow/.local/lib/python3.7/site-packages/airflow/example_dags/example_xcom.py took 0.132 seconds
[2026-09-30T22:27:01.880+0000] {processor.py:153} INFO - Started process (PID=33424) to work on /home/airflow/.local/lib/python3.7/site-packages/airflow/example_dags/example_xcom.py
[2026-09-30T22:27:01.881+0000] {processor.py:743} INFO - Processing file /home/airflow/.local/lib/python3.7/site-packages/airflow/example_dags/example_xcom.py for tasks to queue
[2026-09-30T22:27:01.882+0000] {logging_mixin.py:137} INFO - [2026-09-30T22:27:01.882+0000] {dagbag.py:538} INFO - Filling up the DagBag from /home/airflow/.local/lib/python3.7/site-packages/airflow/example_dags/example_xcom.py
[2026-09-30T22:27:01.919+0000] {processor.py:753} INFO - DAG(s) dict_keys(['example_xcom']) retrieved from /home/airflow/.local/lib/python3.7/site-packages/airflow/example_dags/example_xcom.py
[2026-09-30T22:27:01.973+0000] {logging_mixin.py:137} INFO - [2026-09-30T22:27:01.972+0000] {dag.py:2676} INFO - Sync 1 DAGs
[2026-09-30T22:27:02.011+0000] {logging_mixin.py:137} INFO - [2026-09-30T22:27:02.010+0000] {dag.py:3427} INFO - Setting next_dagrun for example_xcom to 2021-01-01T00:00:00+00:00, run_after=2021-01-01T00:00:00+00:00
[2026-09-30T22:27:02.032+0000] {processor.py:175} INFO - Processing /home/airflow/.local/lib/python3.7/site-packages/airflow/example_dags/example_xcom.py took 0.161 seconds
[2026-09-30T22:27:32.733+0000] {processor.py:153} INFO - Started process (PID=33503) to work on /home/airflow/.local/lib/python3.7/site-packages/airflow/example_dags/example_xcom.py
[2026-09-30T22:27:32.735+0000] {processor.py:743} INFO - Processing file /home/airflow/.local/lib/python3.7/site-packages/airflow/example_dags/example_xcom.py for tasks to queue
[2026-09-30T22:27:32.736+0000] {logging_mixin.py:137} INFO - [2026-09-30T22:27:32.736+0000] {dagbag.py:538} INFO - Filling up the DagBag from /home/airflow/.local/lib/python3.7/site-packages/airflow/example_dags/example_xcom.py
[2026-09-30T22:27:32.787+0000] {processor.py:753} INFO - DAG(s) dict_keys(['example_xcom']) retrieved from /home/airflow/.local/lib/python3.7/site-packages/airflow/example_dags/example_xcom.py
[2026-09-30T22:27:32.849+0000] {logging_mixin.py:137} INFO - [2026-09-30T22:27:32.849+0000] {dag.py:2676} INFO - Sync 1 DAGs
[2026-09-30T22:27:32.897+0000] {logging_mixin.py:137} INFO - [2026-09-30T22:27:32.896+0000] {dag.py:3427} INFO - Setting next_dagrun for example_xcom to 2021-01-01T00:00:00+00:00, run_after=2021-01-01T00:00:00+00:00
[2026-09-30T22:27:33.196+0000] {processor.py:175} INFO - Processing /home/airflow/.local/lib/python3.7/site-packages/airflow/example_dags/example_xcom.py took 0.469 seconds
[2026-09-30T22:28:04.100+0000] {processor.py:153} INFO - Started process (PID=33602) to work on /home/airflow/.local/lib/python3.7/site-packages/airflow/example_dags/example_xcom.py
[2026-09-30T22:28:04.101+0000] {processor.py:743} INFO - Processing file /home/airflow/.local/lib/python3.7/site-packages/airflow/example_dags/example_xcom.py for tasks to queue
[2026-09-30T22:28:04.102+0000] {logging_mixin.py:137} INFO - [2026-09-30T22:28:04.102+0000] {dagbag.py:538} INFO - Filling up the DagBag from /home/airflow/.local/lib/python3.7/site-packages/airflow/example_dags/example_xcom.py
[2026-09-30T22:28:04.132+0000] {processor.py:753} INFO - DAG(s) dict_keys(['example_xcom']) retrieved from /home/airflow/.local/lib/python3.7/site-packages/airflow/example_dags/example_xcom.py
[2026-09-30T22:28:04.179+0000] {logging_mixin.py:137} INFO - [2026-09-30T22:28:04.179+0000] {dag.py:2676} INFO - Sync 1 DAGs
[2026-09-30T22:28:04.212+0000] {logging_mixin.py:137} INFO - [2026-09-30T22:28:04.212+0000] {dag.py:3427} INFO - Setting next_dagrun for example_xcom to 2021-01-01T00:00:00+00:00, run_after=2021-01-01T00:00:00+00:00
[2026-09-30T22:28:04.234+0000] {processor.py:175} INFO - Processing /home/airflow/.local/lib/python3.7/site-packages/airflow/example_dags/example_xcom.py took 0.138 seconds
[2026-09-30T22:28:34.722+0000] {processor.py:153} INFO - Started process (PID=33681) to work on /home/airflow/.local/lib/python3.7/site-packages/airflow/example_dags/example_xcom.py
[2026-09-30T22:28:34.724+0000] {processor.py:743} INFO - Processing file /home/airflow/.local/lib/python3.7/site-packages/airflow/example_dags/example_xcom.py for tasks to queue
[2026-09-30T22:28:34.725+0000] {logging_mixin.py:137} INFO - [2026-09-30T22:28:34.725+0000] {dagbag.py:538} INFO - Filling up the DagBag from /home/airflow/.local/lib/python3.7/site-packages/airflow/example_dags/example_xcom.py
[2026-09-30T22:28:34.760+0000] {processor.py:753} INFO - DAG(s) dict_keys(['example_xcom']) retrieved from /home/airflow/.local/lib/python3.7/site-packages/airflow/example_dags/example_xcom.py
[2026-09-30T22:28:34.816+0000] {logging_mixin.py:137} INFO - [2026-09-30T22:28:34.815+0000] {dag.py:2676} INFO - Sync 1 DAGs
[2026-09-30T22:28:34.852+0000] {logging_mixin.py:137} INFO - [2026-09-30T22:28:34.852+0000] {dag.py:3427} INFO - Setting next_dagrun for example_xcom to 2021-01-01T00:00:00+00:00, run_after=2021-01-01T00:00:00+00:00
[2026-09-30T22:28:34.878+0000] {processor.py:175} INFO - Processing /home/airflow/.local/lib/python3.7/site-packages/airflow/example_dags/example_xcom.py took 0.161 seconds
[2026-09-30T22:29:05.064+0000] {processor.py:153} INFO - Started process (PID=33760) to work on /home/airflow/.local/lib/python3.7/site-packages/airflow/example_dags/example_xcom.py
[2026-09-30T22:29:05.064+0000] {processor.py:743} INFO - Processing file /home/airflow/.local/lib/python3.7/site-packages/airflow/example_dags/example_xcom.py for tasks to queue
[2026-09-30T22:29:05.065+0000] {logging_mixin.py:137} INFO - [2026-09-30T22:29:05.065+0000] {dagbag.py:538} INFO - Filling up the DagBag from /home/airflow/.local/lib/python3.7/site-packages/airflow/example_dags/example_xcom.py
[2026-09-30T22:29:05.107+0000] {processor.py:753} INFO - DAG(s) dict_keys(['example_xcom']) retrieved from /home/airflow/.local/lib/python3.7/site-packages/airflow/example_dags/example_xcom.py
[2026-09-30T22:29:05.160+0000] {logging_mixin.py:137} INFO - [2026-09-30T22:29:05.160+0000] {dag.py:2676} INFO - Sync 1 DAGs
[2026-09-30T22:29:05.190+0000] {logging_mixin.py:137} INFO - [2026-09-30T22:29:05.190+0000] {dag.py:3427} INFO - Setting next_dagrun for example_xcom to 2021-01-01T00:00:00+00:00, run_after=2021-01-01T00:00:00+00:00
[2026-09-30T22:29:05.211+0000] {processor.py:175} INFO - Processing /home/airflow/.local/lib/python3.7/site-packages/airflow/example_dags/example_xcom.py took 0.151 seconds
[2026-09-30T22:29:35.392+0000] {processor.py:153} INFO - Started process (PID=33848) to work on /home/airflow/.local/lib/python3.7/site-packages/airflow/example_dags/example_xcom.py
[2026-09-30T22:29:35.393+0000] {processor.py:743} INFO - Processing file /home/airflow/.local/lib/python3.7/site-packages/airflow/example_dags/example_xcom.py for tasks to queue
[2026-09-30T22:29:35.395+0000] {logging_mixin.py:137} INFO - [2026-09-30T22:29:35.394+0000] {dagbag.py:538} INFO - Filling up the DagBag from /home/airflow/.local/lib/python3.7/site-packages/airflow/example_dags/example_xcom.py
[2026-09-30T22:29:35.434+0000] {processor.py:753} INFO - DAG(s) dict_keys(['example_xcom']) retrieved from /home/airflow/.local/lib/python3.7/site-packages/airflow/example_dags/example_xcom.py
[2026-09-30T22:29:35.487+0000] {logging_mixin.py:137} INFO - [2026-09-30T22:29:35.486+0000] {dag.py:2676} INFO - Sync 1 DAGs
[2026-09-30T22:29:35.522+0000] {logging_mixin.py:137} INFO - [2026-09-30T22:29:35.522+0000] {dag.py:3427} INFO - Setting next_dagrun for example_xcom to 2021-01-01T00:00:00+00:00, run_after=2021-01-01T00:00:00+00:00
[2026-09-30T22:29:35.769+0000] {processor.py:175} INFO - Processing /home/airflow/.local/lib/python3.7/site-packages/airflow/example_dags/example_xcom.py took 0.383 seconds
[2026-09-30T22:30:21.555+0000] {processor.py:153} INFO - Started process (PID=70) to work on /home/airflow/.local/lib/python3.7/site-packages/airflow/example_dags/example_xcom.py
[2026-09-30T22:30:21.556+0000] {processor.py:743} INFO - Processing file /home/airflow/.local/lib/python3.7/site-packages/airflow/example_dags/example_xcom.py for tasks to queue
[2026-09-30T22:30:21.557+0000] {logging_mixin.py:137} INFO - [2026-09-30T22:30:21.557+0000] {dagbag.py:538} INFO - Filling up the DagBag from /home/airflow/.local/lib/python3.7/site-packages/airflow/example_dags/example_xcom.py
[2026-09-30T22:30:21.590+0000] {processor.py:753} INFO - DAG(s) dict_keys(['example_xcom']) retrieved from /home/airflow/.local/lib/python3.7/site-packages/airflow/example_dags/example_xcom.py
[2026-09-30T22:30:21.614+0000] {logging_mixin.py:137} INFO - [2026-09-30T22:30:21.614+0000] {dag.py:2676} INFO - Sync 1 DAGs
[2026-09-30T22:30:21.639+0000] {logging_mixin.py:137} INFO - [2026-09-30T22:30:21.639+0000] {dag.py:3427} INFO - Setting next_dagrun for example_xcom to 2021-01-01T00:00:00+00:00, run_after=2021-01-01T00:00:00+00:00
[2026-09-30T22:30:21.657+0000] {processor.py:175} INFO - Processing /home/airflow/.local/lib/python3.7/site-packages/airflow/example_dags/example_xcom.py took 0.105 seconds
[2026-09-30T22:30:53.278+0000] {processor.py:153} INFO - Started process (PID=160) to work on /home/airflow/.local/lib/python3.7/site-packages/airflow/example_dags/example_xcom.py
[2026-09-30T22:30:53.279+0000] {processor.py:743} INFO - Processing file /home/airflow/.local/lib/python3.7/site-packages/airflow/example_dags/example_xcom.py for tasks to queue
[2026-09-30T22:30:53.280+0000] {logging_mixin.py:137} INFO - [2026-09-30T22:30:53.279+0000] {dagbag.py:538} INFO - Filling up the DagBag from /home/airflow/.local/lib/python3.7/site-packages/airflow/example_dags/example_xcom.py
[2026-09-30T22:30:53.316+0000] {processor.py:753} INFO - DAG(s) dict_keys(['example_xcom']) retrieved from /home/airflow/.local/lib/python3.7/site-packages/airflow/example_dags/example_xcom.py
[2026-09-30T22:30:53.379+0000] {logging_mixin.py:137} INFO - [2026-09-30T22:30:53.379+0000] {dag.py:2676} INFO - Sync 1 DAGs
[2026-09-30T22:30:53.411+0000] {logging_mixin.py:137} INFO - [2026-09-30T22:30:53.411+0000] {dag.py:3427} INFO - Setting next_dagrun for example_xcom to 2021-01-01T00:00:00+00:00, run_after=2021-01-01T00:00:00+00:00
[2026-09-30T22:30:53.432+0000] {processor.py:175} INFO - Processing /home/airflow/.local/lib/python3.7/site-packages/airflow/example_dags/example_xcom.py took 0.159 seconds
[2026-09-30T22:31:23.520+0000] {processor.py:153} INFO - Started process (PID=239) to work on /home/airflow/.local/lib/python3.7/site-packages/airflow/example_dags/example_xcom.py
[2026-09-30T22:31:23.521+0000] {processor.py:743} INFO - Processing file /home/airflow/.local/lib/python3.7/site-packages/airflow/example_dags/example_xcom.py for tasks to queue
[2026-09-30T22:31:23.522+0000] {logging_mixin.py:137} INFO - [2026-09-30T22:31:23.521+0000] {dagbag.py:538} INFO - Filling up the DagBag from /home/airflow/.local/lib/python3.7/site-packages/airflow/example_dags/example_xcom.py
[2026-09-30T22:31:23.551+0000] {processor.py:753} INFO - DAG(s) dict_keys(['example_xcom']) retrieved from /home/airflow/.local/lib/python3.7/site-packages/airflow/example_dags/example_xcom.py
[2026-09-30T22:31:23.604+0000] {logging_mixin.py:137} INFO - [2026-09-30T22:31:23.604+0000] {dag.py:2676} INFO - Sync 1 DAGs
[2026-09-30T22:31:23.638+0000] {logging_mixin.py:137} INFO - [2026-09-30T22:31:23.638+0000] {dag.py:3427} INFO - Setting next_dagrun for example_xcom to 2021-01-01T00:00:00+00:00, run_after=2021-01-01T00:00:00+00:00
[2026-09-30T22:31:23.660+0000] {processor.py:175} INFO - Processing /home/airflow/.local/lib/python3.7/site-packages/airflow/example_dags/example_xcom.py took 0.144 seconds
[2026-09-30T22:31:54.342+0000] {processor.py:153} INFO - Started process (PID=338) to work on /home/airflow/.local/lib/python3.7/site-packages/airflow/example_dags/example_xcom.py
[2026-09-30T22:31:54.343+0000] {processor.py:743} INFO - Processing file /home/airflow/.local/lib/python3.7/site-packages/airflow/example_dags/example_xcom.py for tasks to queue
[2026-09-30T22:31:54.343+0000] {logging_mixin.py:137} INFO - [2026-09-30T22:31:54.343+0000] {dagbag.py:538} INFO - Filling up the DagBag from /home/airflow/.local/lib/python3.7/site-packages/airflow/example_dags/example_xcom.py
[2026-09-30T22:31:54.372+0000] {processor.py:753} INFO - DAG(s) dict_keys(['example_xcom']) retrieved from /home/airflow/.local/lib/python3.7/site-packages/airflow/example_dags/example_xcom.py
[2026-09-30T22:31:54.433+0000] {logging_mixin.py:137} INFO - [2026-09-30T22:31:54.433+0000] {dag.py:2676} INFO - Sync 1 DAGs
[2026-09-30T22:31:54.469+0000] {logging_mixin.py:137} INFO - [2026-09-30T22:31:54.468+0000] {dag.py:3427} INFO - Setting next_dagrun for example_xcom to 2021-01-01T00:00:00+00:00, run_after=2021-01-01T00:00:00+00:00
[2026-09-30T22:31:54.491+0000] {processor.py:175} INFO - Processing /home/airflow/.local/lib/python3.7/site-packages/airflow/example_dags/example_xcom.py took 0.153 seconds
[2026-09-30T22:32:25.187+0000] {processor.py:153} INFO - Started process (PID=417) to work on /home/airflow/.local/lib/python3.7/site-packages/airflow/example_dags/example_xcom.py
[2026-09-30T22:32:25.188+0000] {processor.py:743} INFO - Processing file /home/airflow/.local/lib/python3.7/site-packages/airflow/example_dags/example_xcom.py for tasks to queue
[2026-09-30T22:32:25.188+0000] {logging_mixin.py:137} INFO - [2026-09-30T22:32:25.188+0000] {dagbag.py:538} INFO - Filling up the DagBag from /home/airflow/.local/lib/python3.7/site-packages/airflow/example_dags/example_xcom.py
[2026-09-30T22:32:25.211+0000] {processor.py:753} INFO - DAG(s) dict_keys(['example_xcom']) retrieved from /home/airflow/.local/lib/python3.7/site-packages/airflow/example_dags/example_xcom.py
[2026-09-30T22:32:25.248+0000] {logging_mixin.py:137} INFO - [2026-09-30T22:32:25.248+0000] {dag.py:2676} INFO - Sync 1 DAGs
[2026-09-30T22:32:25.275+0000] {logging_mixin.py:137} INFO - [2026-09-30T22:32:25.275+0000] {dag.py:3427} INFO - Setting next_dagrun for example_xcom to 2021-01-01T00:00:00+00:00, run_after=2021-01-01T00:00:00+00:00
[2026-09-30T22:32:25.292+0000] {processor.py:175} INFO - Processing /home/airflow/.local/lib/python3.7/site-packages/airflow/example_dags/example_xcom.py took 0.109 seconds
[2026-09-30T22:32:55.884+0000] {processor.py:153} INFO - Started process (PID=496) to work on /home/airflow/.local/lib/python3.7/site-packages/airflow/example_dags/example_xcom.py
[2026-09-30T22:32:55.885+0000] {processor.py:743} INFO - Processing file /home/airflow/.local/lib/python3.7/site-packages/airflow/example_dags/example_xcom.py for tasks to queue
[2026-09-30T22:32:55.886+0000] {logging_mixin.py:137} INFO - [2026-09-30T22:32:55.886+0000] {dagbag.py:538} INFO - Filling up the DagBag from /home/airflow/.local/lib/python3.7/site-packages/airflow/example_dags/example_xcom.py
[2026-09-30T22:32:55.933+0000] {processor.py:753} INFO - DAG(s) dict_keys(['example_xcom']) retrieved from /home/airflow/.local/lib/python3.7/site-packages/airflow/example_dags/example_xcom.py
[2026-09-30T22:32:55.991+0000] {logging_mixin.py:137} INFO - [2026-09-30T22:32:55.991+0000] {dag.py:2676} INFO - Sync 1 DAGs
[2026-09-30T22:32:56.023+0000] {logging_mixin.py:137} INFO - [2026-09-30T22:32:56.023+0000] {dag.py:3427} INFO - Setting next_dagrun for example_xcom to 2021-01-01T00:00:00+00:00, run_after=2021-01-01T00:00:00+00:00
[2026-09-30T22:32:56.044+0000] {processor.py:175} INFO - Processing /home/airflow/.local/lib/python3.7/site-packages/airflow/example_dags/example_xcom.py took 0.163 seconds
[2026-09-30T22:33:27.258+0000] {processor.py:153} INFO - Started process (PID=595) to work on /home/airflow/.local/lib/python3.7/site-packages/airflow/example_dags/example_xcom.py
[2026-09-30T22:33:27.260+0000] {processor.py:743} INFO - Processing file /home/airflow/.local/lib/python3.7/site-packages/airflow/example_dags/example_xcom.py for tasks to queue
[2026-09-30T22:33:27.261+0000] {logging_mixin.py:137} INFO - [2026-09-30T22:33:27.260+0000] {dagbag.py:538} INFO - Filling up the DagBag from /home/airflow/.local/lib/python3.7/site-packages/airflow/example_dags/example_xcom.py
[2026-09-30T22:33:27.292+0000] {processor.py:753} INFO - DAG(s) dict_keys(['example_xcom']) retrieved from /home/airflow/.local/lib/python3.7/site-packages/airflow/example_dags/example_xcom.py
[2026-09-30T22:33:27.345+0000] {logging_mixin.py:137} INFO - [2026-09-30T22:33:27.345+0000] {dag.py:2676} INFO - Sync 1 DAGs
[2026-09-30T22:33:27.374+0000] {logging_mixin.py:137} INFO - [2026-09-30T22:33:27.374+0000] {dag.py:3427} INFO - Setting next_dagrun for example_xcom to 2021-01-01T00:00:00+00:00, run_after=2021-01-01T00:00:00+00:00
[2026-09-30T22:33:27.393+0000] {processor.py:175} INFO - Processing /home/airflow/.local/lib/python3.7/site-packages/airflow/example_dags/example_xcom.py took 0.141 seconds
[2026-09-30T22:33:58.207+0000] {processor.py:153} INFO - Started process (PID=674) to work on /home/airflow/.local/lib/python3.7/site-packages/airflow/example_dags/example_xcom.py
[2026-09-30T22:33:58.208+0000] {processor.py:743} INFO - Processing file /home/airflow/.local/lib/python3.7/site-packages/airflow/example_dags/example_xcom.py for tasks to queue
[2026-09-30T22:33:58.208+0000] {logging_mixin.py:137} INFO - [2026-09-30T22:33:58.208+0000] {dagbag.py:538} INFO - Filling up the DagBag from /home/airflow/.local/lib/python3.7/site-packages/airflow/example_dags/example_xcom.py
[2026-09-30T22:33:58.248+0000] {processor.py:753} INFO - DAG(s) dict_keys(['example_xcom']) retrieved from /home/airflow/.local/lib/python3.7/site-packages/airflow/example_dags/example_xcom.py
[2026-09-30T22:33:58.296+0000] {logging_mixin.py:137} INFO - [2026-09-30T22:33:58.296+0000] {dag.py:2676} INFO - Sync 1 DAGs
[2026-09-30T22:33:58.334+0000] {logging_mixin.py:137} INFO - [2026-09-30T22:33:58.334+0000] {dag.py:3427} INFO - Setting next_dagrun for example_xcom to 2021-01-01T00:00:00+00:00, run_after=2021-01-01T00:00:00+00:00
[2026-09-30T22:33:58.354+0000] {processor.py:175} INFO - Processing /home/airflow/.local/lib/python3.7/site-packages/airflow/example_dags/example_xcom.py took 0.151 seconds
[2026-09-30T22:34:28.540+0000] {processor.py:153} INFO - Started process (PID=753) to work on /home/airflow/.local/lib/python3.7/site-packages/airflow/example_dags/example_xcom.py
[2026-09-30T22:34:28.541+0000] {processor.py:743} INFO - Processing file /home/airflow/.local/lib/python3.7/site-packages/airflow/example_dags/example_xcom.py for tasks to queue
[2026-09-30T22:34:28.542+0000] {logging_mixin.py:137} INFO - [2026-09-30T22:34:28.541+0000] {dagbag.py:538} INFO - Filling up the DagBag from /home/airflow/.local/lib/python3.7/site-packages/airflow/example_dags/example_xcom.py
[2026-09-30T22:34:28.571+0000] {processor.py:753} INFO - DAG(s) dict_keys(['example_xcom']) retrieved from /home/airflow/.local/lib/python3.7/site-packages/airflow/example_dags/example_xcom.py
[2026-09-30T22:34:28.620+0000] {logging_mixin.py:137} INFO - [2026-09-30T22:34:28.619+0000] {dag.py:2676} INFO - Sync 1 DAGs
[2026-09-30T22:34:28.655+0000] {logging_mixin.py:137} INFO - [2026-09-30T22:34:28.655+0000] {dag.py:3427} INFO - Setting next_dagrun for example_xcom to 2021-01-01T00:00:00+00:00, run_after=2021-01-01T00:00:00+00:00
[2026-09-30T22:34:28.674+0000] {processor.py:175} INFO - Processing /home/airflow/.local/lib/python3.7/site-packages/airflow/example_dags/example_xcom.py took 0.139 seconds
[2026-09-30T22:34:58.958+0000] {processor.py:153} INFO - Started process (PID=833) to work on /home/airflow/.local/lib/python3.7/site-packages/airflow/example_dags/example_xcom.py
[2026-09-30T22:34:58.959+0000] {processor.py:743} INFO - Processing file /home/airflow/.local/lib/python3.7/site-packages/airflow/example_dags/example_xcom.py for tasks to queue
[2026-09-30T22:34:58.960+0000] {logging_mixin.py:137} INFO - [2026-09-30T22:34:58.960+0000] {dagbag.py:538} INFO - Filling up the DagBag from /home/airflow/.local/lib/python3.7/site-packages/airflow/example_dags/example_xcom.py
[2026-09-30T22:34:58.991+0000] {processor.py:753} INFO - DAG(s) dict_keys(['example_xcom']) retrieved from /home/airflow/.local/lib/python3.7/site-packages/airflow/example_dags/example_xcom.py
[2026-09-30T22:34:59.044+0000] {logging_mixin.py:137} INFO - [2026-09-30T22:34:59.044+0000] {dag.py:2676} INFO - Sync 1 DAGs
[2026-09-30T22:34:59.085+0000] {logging_mixin.py:137} INFO - [2026-09-30T22:34:59.085+0000] {dag.py:3427} INFO - Setting next_dagrun for example_xcom to 2021-01-01T00:00:00+00:00, run_after=2021-01-01T00:00:00+00:00
[2026-09-30T22:34:59.105+0000] {processor.py:175} INFO - Processing /home/airflow/.local/lib/python3.7/site-packages/airflow/example_dags/example_xcom.py took 0.151 seconds
[2026-09-30T22:35:29.539+0000] {processor.py:153} INFO - Started process (PID=931) to work on /home/airflow/.local/lib/python3.7/site-packages/airflow/example_dags/example_xcom.py
[2026-09-30T22:35:29.540+0000] {processor.py:743} INFO - Processing file /home/airflow/.local/lib/python3.7/site-packages/airflow/example_dags/example_xcom.py for tasks to queue
[2026-09-30T22:35:29.541+0000] {logging_mixin.py:137} INFO - [2026-09-30T22:35:29.541+0000] {dagbag.py:538} INFO - Filling up the DagBag from /home/airflow/.local/lib/python3.7/site-packages/airflow/example_dags/example_xcom.py
[2026-09-30T22:35:29.571+0000] {processor.py:753} INFO - DAG(s) dict_keys(['example_xcom']) retrieved from /home/airflow/.local/lib/python3.7/site-packages/airflow/example_dags/example_xcom.py
[2026-09-30T22:35:29.622+0000] {logging_mixin.py:137} INFO - [2026-09-30T22:35:29.622+0000] {dag.py:2676} INFO - Sync 1 DAGs
[2026-09-30T22:35:29.657+0000] {logging_mixin.py:137} INFO - [2026-09-30T22:35:29.657+0000] {dag.py:3427} INFO - Setting next_dagrun for example_xcom to 2021-01-01T00:00:00+00:00, run_after=2021-01-01T00:00:00+00:00
[2026-09-30T22:35:29.682+0000] {processor.py:175} INFO - Processing /home/airflow/.local/lib/python3.7/site-packages/airflow/example_dags/example_xcom.py took 0.147 seconds
[2026-09-30T22:36:00.713+0000] {processor.py:153} INFO - Started process (PID=1010) to work on /home/airflow/.local/lib/python3.7/site-packages/airflow/example_dags/example_xcom.py
[2026-09-30T22:36:00.715+0000] {processor.py:743} INFO - Processing file /home/airflow/.local/lib/python3.7/site-packages/airflow/example_dags/example_xcom.py for tasks to queue
[2026-09-30T22:36:00.716+0000] {logging_mixin.py:137} INFO - [2026-09-30T22:36:00.716+0000] {dagbag.py:538} INFO - Filling up the DagBag from /home/airflow/.local/lib/python3.7/site-packages/airflow/example_dags/example_xcom.py
[2026-09-30T22:36:00.748+0000] {processor.py:753} INFO - DAG(s) dict_keys(['example_xcom']) retrieved from /home/airflow/.local/lib/python3.7/site-packages/airflow/example_dags/example_xcom.py
[2026-09-30T22:36:00.798+0000] {logging_mixin.py:137} INFO - [2026-09-30T22:36:00.798+0000] {dag.py:2676} INFO - Sync 1 DAGs
[2026-09-30T22:36:00.830+0000] {logging_mixin.py:137} INFO - [2026-09-30T22:36:00.829+0000] {dag.py:3427} INFO - Setting next_dagrun for example_xcom to 2021-01-01T00:00:00+00:00, run_after=2021-01-01T00:00:00+00:00
[2026-09-30T22:36:00.853+0000] {processor.py:175} INFO - Processing /home/airflow/.local/lib/python3.7/site-packages/airflow/example_dags/example_xcom.py took 0.146 seconds
[2026-09-30T22:36:31.044+0000] {processor.py:153} INFO - Started process (PID=1089) to work on /home/airflow/.local/lib/python3.7/site-packages/airflow/example_dags/example_xcom.py
[2026-09-30T22:36:31.046+0000] {processor.py:743} INFO - Processing file /home/airflow/.local/lib/python3.7/site-packages/airflow/example_dags/example_xcom.py for tasks to queue
[2026-09-30T22:36:31.046+0000] {logging_mixin.py:137} INFO - [2026-09-30T22:36:31.046+0000] {dagbag.py:538} INFO - Filling up the DagBag from /home/airflow/.local/lib/python3.7/site-packages/airflow/example_dags/example_xcom.py
[2026-09-30T22:36:31.077+0000] {processor.py:753} INFO - DAG(s) dict_keys(['example_xcom']) retrieved from /home/airflow/.local/lib/python3.7/site-packages/airflow/example_dags/example_xcom.py
[2026-09-30T22:36:31.137+0000] {logging_mixin.py:137} INFO - [2026-09-30T22:36:31.137+0000] {dag.py:2676} INFO - Sync 1 DAGs
[2026-09-30T22:36:31.179+0000] {logging_mixin.py:137} INFO - [2026-09-30T22:36:31.179+0000] {dag.py:3427} INFO - Setting next_dagrun for example_xcom to 2021-01-01T00:00:00+00:00, run_after=2021-01-01T00:00:00+00:00
[2026-09-30T22:36:31.206+0000] {processor.py:175} INFO - Processing /home/airflow/.local/lib/python3.7/site-packages/airflow/example_dags/example_xcom.py took 0.166 seconds
[2026-09-30T22:37:01.353+0000] {processor.py:153} INFO - Started process (PID=1168) to work on /home/airflow/.local/lib/python3.7/site-packages/airflow/example_dags/example_xcom.py
[2026-09-30T22:37:01.354+0000] {processor.py:743} INFO - Processing file /home/airflow/.local/lib/python3.7/site-packages/airflow/example_dags/example_xcom.py for tasks to queue
[2026-09-30T22:37:01.355+0000] {logging_mixin.py:137} INFO - [2026-09-30T22:37:01.355+0000] {dagbag.py:538} INFO - Filling up the DagBag from /home/airflow/.local/lib/python3.7/site-packages/airflow/example_dags/example_xcom.py
[2026-09-30T22:37:01.388+0000] {processor.py:753} INFO - DAG(s) dict_keys(['example_xcom']) retrieved from /home/airflow/.local/lib/python3.7/site-packages/airflow/example_dags/example_xcom.py
[2026-09-30T22:37:01.438+0000] {logging_mixin.py:137} INFO - [2026-09-30T22:37:01.437+0000] {dag.py:2676} INFO - Sync 1 DAGs
[2026-09-30T22:37:01.475+0000] {logging_mixin.py:137} INFO - [2026-09-30T22:37:01.475+0000] {dag.py:3427} INFO - Setting next_dagrun for example_xcom to 2021-01-01T00:00:00+00:00, run_after=2021-01-01T00:00:00+00:00
[2026-09-30T22:37:01.502+0000] {processor.py:175} INFO - Processing /home/airflow/.local/lib/python3.7/site-packages/airflow/example_dags/example_xcom.py took 0.152 seconds
[2026-09-30T22:37:31.819+0000] {processor.py:153} INFO - Started process (PID=1267) to work on /home/airflow/.local/lib/python3.7/site-packages/airflow/example_dags/example_xcom.py
[2026-09-30T22:37:31.819+0000] {processor.py:743} INFO - Processing file /home/airflow/.local/lib/python3.7/site-packages/airflow/example_dags/example_xcom.py for tasks to queue
[2026-09-30T22:37:31.820+0000] {logging_mixin.py:137} INFO - [2026-09-30T22:37:31.820+0000] {dagbag.py:538} INFO - Filling up the DagBag from /home/airflow/.local/lib/python3.7/site-packages/airflow/example_dags/example_xcom.py
[2026-09-30T22:37:31.850+0000] {processor.py:753} INFO - DAG(s) dict_keys(['example_xcom']) retrieved from /home/airflow/.local/lib/python3.7/site-packages/airflow/example_dags/example_xcom.py
[2026-09-30T22:37:31.919+0000] {logging_mixin.py:137} INFO - [2026-09-30T22:37:31.918+0000] {dag.py:2676} INFO - Sync 1 DAGs
[2026-09-30T22:37:31.955+0000] {logging_mixin.py:137} INFO - [2026-09-30T22:37:31.955+0000] {dag.py:3427} INFO - Setting next_dagrun for example_xcom to 2021-01-01T00:00:00+00:00, run_after=2021-01-01T00:00:00+00:00
[2026-09-30T22:37:31.977+0000] {processor.py:175} INFO - Processing /home/airflow/.local/lib/python3.7/site-packages/airflow/example_dags/example_xcom.py took 0.162 seconds
[2026-09-30T22:38:02.951+0000] {processor.py:153} INFO - Started process (PID=1346) to work on /home/airflow/.local/lib/python3.7/site-packages/airflow/example_dags/example_xcom.py
[2026-09-30T22:38:02.952+0000] {processor.py:743} INFO - Processing file /home/airflow/.local/lib/python3.7/site-packages/airflow/example_dags/example_xcom.py for tasks to queue
[2026-09-30T22:38:02.953+0000] {logging_mixin.py:137} INFO - [2026-09-30T22:38:02.952+0000] {dagbag.py:538} INFO - Filling up the DagBag from /home/airflow/.local/lib/python3.7/site-packages/airflow/example_dags/example_xcom.py
[2026-09-30T22:38:02.984+0000] {processor.py:753} INFO - DAG(s) dict_keys(['example_xcom']) retrieved from /home/airflow/.local/lib/python3.7/site-packages/airflow/example_dags/example_xcom.py
[2026-09-30T22:38:03.037+0000] {logging_mixin.py:137} INFO - [2026-09-30T22:38:03.037+0000] {dag.py:2676} INFO - Sync 1 DAGs
[2026-09-30T22:38:03.066+0000] {logging_mixin.py:137} INFO - [2026-09-30T22:38:03.066+0000] {dag.py:3427} INFO - Setting next_dagrun for example_xcom to 2021-01-01T00:00:00+00:00, run_after=2021-01-01T00:00:00+00:00
[2026-09-30T22:38:03.084+0000] {processor.py:175} INFO - Processing /home/airflow/.local/lib/python3.7/site-packages/airflow/example_dags/example_xcom.py took 0.137 seconds
[2026-09-30T22:38:33.978+0000] {processor.py:153} INFO - Started process (PID=1425) to work on /home/airflow/.local/lib/python3.7/site-packages/airflow/example_dags/example_xcom.py
[2026-09-30T22:38:33.980+0000] {processor.py:743} INFO - Processing file /home/airflow/.local/lib/python3.7/site-packages/airflow/example_dags/example_xcom.py for tasks to queue
[2026-09-30T22:38:33.981+0000] {logging_mixin.py:137} INFO - [2026-09-30T22:38:33.980+0000] {dagbag.py:538} INFO - Filling up the DagBag from /home/airflow/.local/lib/python3.7/site-packages/airflow/example_dags/example_xcom.py
[2026-09-30T22:38:34.017+0000] {processor.py:753} INFO - DAG(s) dict_keys(['example_xcom']) retrieved from /home/airflow/.local/lib/python3.7/site-packages/airflow/example_dags/example_xcom.py
[2026-09-30T22:38:34.074+0000] {logging_mixin.py:137} INFO - [2026-09-30T22:38:34.074+0000] {dag.py:2676} INFO - Sync 1 DAGs
[2026-09-30T22:38:34.113+0000] {logging_mixin.py:137} INFO - [2026-09-30T22:38:34.112+0000] {dag.py:3427} INFO - Setting next_dagrun for example_xcom to 2021-01-01T00:00:00+00:00, run_after=2021-01-01T00:00:00+00:00
[2026-09-30T22:38:34.136+0000] {processor.py:175} INFO - Processing /home/airflow/.local/lib/python3.7/site-packages/airflow/example_dags/example_xcom.py took 0.161 seconds
[2026-09-30T22:39:05.063+0000] {processor.py:153} INFO - Started process (PID=1524) to work on /home/airflow/.local/lib/python3.7/site-packages/airflow/example_dags/example_xcom.py
[2026-09-30T22:39:05.064+0000] {processor.py:743} INFO - Processing file /home/airflow/.local/lib/python3.7/site-packages/airflow/example_dags/example_xcom.py for tasks to queue
[2026-09-30T22:39:05.065+0000] {logging_mixin.py:137} INFO - [2026-09-30T22:39:05.065+0000] {dagbag.py:538} INFO - Filling up the DagBag from /home/airflow/.local/lib/python3.7/site-packages/airflow/example_dags/example_xcom.py
[2026-09-30T22:39:05.103+0000] {processor.py:753} INFO - DAG(s) dict_keys(['example_xcom']) retrieved from /home/airflow/.local/lib/python3.7/site-packages/airflow/example_dags/example_xcom.py
[2026-09-30T22:39:05.165+0000] {logging_mixin.py:137} INFO - [2026-09-30T22:39:05.165+0000] {dag.py:2676} INFO - Sync 1 DAGs
[2026-09-30T22:39:05.207+0000] {logging_mixin.py:137} INFO - [2026-09-30T22:39:05.206+0000] {dag.py:3427} INFO - Setting next_dagrun for example_xcom to 2021-01-01T00:00:00+00:00, run_after=2021-01-01T00:00:00+00:00
[2026-09-30T22:39:05.241+0000] {processor.py:175} INFO - Processing /home/airflow/.local/lib/python3.7/site-packages/airflow/example_dags/example_xcom.py took 0.182 seconds
[2026-09-30T22:39:35.625+0000] {processor.py:153} INFO - Started process (PID=1603) to work on /home/airflow/.local/lib/python3.7/site-packages/airflow/example_dags/example_xcom.py
[2026-09-30T22:39:35.626+0000] {processor.py:743} INFO - Processing file /home/airflow/.local/lib/python3.7/site-packages/airflow/example_dags/example_xcom.py for tasks to queue
[2026-09-30T22:39:35.626+0000] {logging_mixin.py:137} INFO - [2026-09-30T22:39:35.626+0000] {dagbag.py:538} INFO - Filling up the DagBag from /home/airflow/.local/lib/python3.7/site-packages/airflow/example_dags/example_xcom.py
[2026-09-30T22:39:35.650+0000] {processor.py:753} INFO - DAG(s) dict_keys(['example_xcom']) retrieved from /home/airflow/.local/lib/python3.7/site-packages/airflow/example_dags/example_xcom.py
[2026-09-30T22:39:35.691+0000] {logging_mixin.py:137} INFO - [2026-09-30T22:39:35.690+0000] {dag.py:2676} INFO - Sync 1 DAGs
[2026-09-30T22:39:35.718+0000] {logging_mixin.py:137} INFO - [2026-09-30T22:39:35.718+0000] {dag.py:3427} INFO - Setting next_dagrun for example_xcom to 2021-01-01T00:00:00+00:00, run_after=2021-01-01T00:00:00+00:00
[2026-09-30T22:39:35.736+0000] {processor.py:175} INFO - Processing /home/airflow/.local/lib/python3.7/site-packages/airflow/example_dags/example_xcom.py took 0.114 seconds
[2026-09-30T22:40:06.370+0000] {processor.py:153} INFO - Started process (PID=1682) to work on /home/airflow/.local/lib/python3.7/site-packages/airflow/example_dags/example_xcom.py
[2026-09-30T22:40:06.371+0000] {processor.py:743} INFO - Processing file /home/airflow/.local/lib/python3.7/site-packages/airflow/example_dags/example_xcom.py for tasks to queue
[2026-09-30T22:40:06.372+0000] {logging_mixin.py:137} INFO - [2026-09-30T22:40:06.372+0000] {dagbag.py:538} INFO - Filling up the DagBag from /home/airflow/.local/lib/python3.7/site-packages/airflow/example_dags/example_xcom.py
[2026-09-30T22:40:06.403+0000] {processor.py:753} INFO - DAG(s) dict_keys(['example_xcom']) retrieved from /home/airflow/.local/lib/python3.7/site-packages/airflow/example_dags/example_xcom.py
[2026-09-30T22:40:06.461+0000] {logging_mixin.py:137} INFO - [2026-09-30T22:40:06.461+0000] {dag.py:2676} INFO - Sync 1 DAGs
[2026-09-30T22:40:06.498+0000] {logging_mixin.py:137} INFO - [2026-09-30T22:40:06.498+0000] {dag.py:3427} INFO - Setting next_dagrun for example_xcom to 2021-01-01T00:00:00+00:00, run_after=2021-01-01T00:00:00+00:00
[2026-09-30T22:40:06.528+0000] {processor.py:175} INFO - Processing /home/airflow/.local/lib/python3.7/site-packages/airflow/example_dags/example_xcom.py took 0.161 seconds
[2026-09-30T22:40:36.901+0000] {processor.py:153} INFO - Started process (PID=1761) to work on /home/airflow/.local/lib/python3.7/site-packages/airflow/example_dags/example_xcom.py
[2026-09-30T22:40:36.902+0000] {processor.py:743} INFO - Processing file /home/airflow/.local/lib/python3.7/site-packages/airflow/example_dags/example_xcom.py for tasks to queue
[2026-09-30T22:40:36.903+0000] {logging_mixin.py:137} INFO - [2026-09-30T22:40:36.903+0000] {dagbag.py:538} INFO - Filling up the DagBag from /home/airflow/.local/lib/python3.7/site-packages/airflow/example_dags/example_xcom.py
[2026-09-30T22:40:36.937+0000] {processor.py:753} INFO - DAG(s) dict_keys(['example_xcom']) retrieved from /home/airflow/.local/lib/python3.7/site-packages/airflow/example_dags/example_xcom.py
[2026-09-30T22:40:36.997+0000] {logging_mixin.py:137} INFO - [2026-09-30T22:40:36.997+0000] {dag.py:2676} INFO - Sync 1 DAGs
[2026-09-30T22:40:37.049+0000] {logging_mixin.py:137} INFO - [2026-09-30T22:40:37.049+0000] {dag.py:3427} INFO - Setting next_dagrun for example_xcom to 2021-01-01T00:00:00+00:00, run_after=2021-01-01T00:00:00+00:00
[2026-09-30T22:40:37.072+0000] {processor.py:175} INFO - Processing /home/airflow/.local/lib/python3.7/site-packages/airflow/example_dags/example_xcom.py took 0.175 seconds
[2026-09-30T22:41:07.245+0000] {processor.py:153} INFO - Started process (PID=1860) to work on /home/airflow/.local/lib/python3.7/site-packages/airflow/example_dags/example_xcom.py
[2026-09-30T22:41:07.246+0000] {processor.py:743} INFO - Processing file /home/airflow/.local/lib/python3.7/site-packages/airflow/example_dags/example_xcom.py for tasks to queue
[2026-09-30T22:41:07.248+0000] {logging_mixin.py:137} INFO - [2026-09-30T22:41:07.248+0000] {dagbag.py:538} INFO - Filling up the DagBag from /home/airflow/.local/lib/python3.7/site-packages/airflow/example_dags/example_xcom.py
[2026-09-30T22:41:07.279+0000] {processor.py:753} INFO - DAG(s) dict_keys(['example_xcom']) retrieved from /home/airflow/.local/lib/python3.7/site-packages/airflow/example_dags/example_xcom.py
[2026-09-30T22:41:07.326+0000] {logging_mixin.py:137} INFO - [2026-09-30T22:41:07.326+0000] {dag.py:2676} INFO - Sync 1 DAGs
[2026-09-30T22:41:07.360+0000] {logging_mixin.py:137} INFO - [2026-09-30T22:41:07.360+0000] {dag.py:3427} INFO - Setting next_dagrun for example_xcom to 2021-01-01T00:00:00+00:00, run_after=2021-01-01T00:00:00+00:00
[2026-09-30T22:41:07.385+0000] {processor.py:175} INFO - Processing /home/airflow/.local/lib/python3.7/site-packages/airflow/example_dags/example_xcom.py took 0.145 seconds
[2026-09-30T22:41:38.098+0000] {processor.py:153} INFO - Started process (PID=1939) to work on /home/airflow/.local/lib/python3.7/site-packages/airflow/example_dags/example_xcom.py
[2026-09-30T22:41:38.100+0000] {processor.py:743} INFO - Processing file /home/airflow/.local/lib/python3.7/site-packages/airflow/example_dags/example_xcom.py for tasks to queue
[2026-09-30T22:41:38.100+0000] {logging_mixin.py:137} INFO - [2026-09-30T22:41:38.100+0000] {dagbag.py:538} INFO - Filling up the DagBag from /home/airflow/.local/lib/python3.7/site-packages/airflow/example_dags/example_xcom.py
[2026-09-30T22:41:38.148+0000] {processor.py:753} INFO - DAG(s) dict_keys(['example_xcom']) retrieved from /home/airflow/.local/lib/python3.7/site-packages/airflow/example_dags/example_xcom.py
[2026-09-30T22:41:38.218+0000] {logging_mixin.py:137} INFO - [2026-09-30T22:41:38.218+0000] {dag.py:2676} INFO - Sync 1 DAGs
[2026-09-30T22:41:38.256+0000] {logging_mixin.py:137} INFO - [2026-09-30T22:41:38.256+0000] {dag.py:3427} INFO - Setting next_dagrun for example_xcom to 2021-01-01T00:00:00+00:00, run_after=2021-01-01T00:00:00+00:00
[2026-09-30T22:41:38.275+0000] {processor.py:175} INFO - Processing /home/airflow/.local/lib/python3.7/site-packages/airflow/example_dags/example_xcom.py took 0.181 seconds
[2026-09-30T22:42:08.882+0000] {processor.py:153} INFO - Started process (PID=2018) to work on /home/airflow/.local/lib/python3.7/site-packages/airflow/example_dags/example_xcom.py
[2026-09-30T22:42:08.883+0000] {processor.py:743} INFO - Processing file /home/airflow/.local/lib/python3.7/site-packages/airflow/example_dags/example_xcom.py for tasks to queue
[2026-09-30T22:42:08.884+0000] {logging_mixin.py:137} INFO - [2026-09-30T22:42:08.884+0000] {dagbag.py:538} INFO - Filling up the DagBag from /home/airflow/.local/lib/python3.7/site-packages/airflow/example_dags/example_xcom.py
[2026-09-30T22:42:08.918+0000] {processor.py:753} INFO - DAG(s) dict_keys(['example_xcom']) retrieved from /home/airflow/.local/lib/python3.7/site-packages/airflow/example_dags/example_xcom.py
[2026-09-30T22:42:08.974+0000] {logging_mixin.py:137} INFO - [2026-09-30T22:42:08.974+0000] {dag.py:2676} INFO - Sync 1 DAGs
[2026-09-30T22:42:09.018+0000] {logging_mixin.py:137} INFO - [2026-09-30T22:42:09.017+0000] {dag.py:3427} INFO - Setting next_dagrun for example_xcom to 2021-01-01T00:00:00+00:00, run_after=2021-01-01T00:00:00+00:00
[2026-09-30T22:42:09.038+0000] {processor.py:175} INFO - Processing /home/airflow/.local/lib/python3.7/site-packages/airflow/example_dags/example_xcom.py took 0.160 seconds
[2026-09-30T22:42:39.867+0000] {processor.py:153} INFO - Started process (PID=2117) to work on /home/airflow/.local/lib/python3.7/site-packages/airflow/example_dags/example_xcom.py
[2026-09-30T22:42:39.868+0000] {processor.py:743} INFO - Processing file /home/airflow/.local/lib/python3.7/site-packages/airflow/example_dags/example_xcom.py for tasks to queue
[2026-09-30T22:42:39.869+0000] {logging_mixin.py:137} INFO - [2026-09-30T22:42:39.869+0000] {dagbag.py:538} INFO - Filling up the DagBag from /home/airflow/.local/lib/python3.7/site-packages/airflow/example_dags/example_xcom.py
[2026-09-30T22:42:39.907+0000] {processor.py:753} INFO - DAG(s) dict_keys(['example_xcom']) retrieved from /home/airflow/.local/lib/python3.7/site-packages/airflow/example_dags/example_xcom.py
[2026-09-30T22:42:39.978+0000] {logging_mixin.py:137} INFO - [2026-09-30T22:42:39.977+0000] {dag.py:2676} INFO - Sync 1 DAGs
[2026-09-30T22:42:40.020+0000] {logging_mixin.py:137} INFO - [2026-09-30T22:42:40.020+0000] {dag.py:3427} INFO - Setting next_dagrun for example_xcom to 2021-01-01T00:00:00+00:00, run_after=2021-01-01T00:00:00+00:00
[2026-09-30T22:42:40.044+0000] {processor.py:175} INFO - Processing /home/airflow/.local/lib/python3.7/site-packages/airflow/example_dags/example_xcom.py took 0.181 seconds
[2026-09-30T22:43:10.254+0000] {processor.py:153} INFO - Started process (PID=2196) to work on /home/airflow/.local/lib/python3.7/site-packages/airflow/example_dags/example_xcom.py
[2026-09-30T22:43:10.255+0000] {processor.py:743} INFO - Processing file /home/airflow/.local/lib/python3.7/site-packages/airflow/example_dags/example_xcom.py for tasks to queue
[2026-09-30T22:43:10.255+0000] {logging_mixin.py:137} INFO - [2026-09-30T22:43:10.255+0000] {dagbag.py:538} INFO - Filling up the DagBag from /home/airflow/.local/lib/python3.7/site-packages/airflow/example_dags/example_xcom.py
[2026-09-30T22:43:10.292+0000] {processor.py:753} INFO - DAG(s) dict_keys(['example_xcom']) retrieved from /home/airflow/.local/lib/python3.7/site-packages/airflow/example_dags/example_xcom.py
[2026-09-30T22:43:10.349+0000] {logging_mixin.py:137} INFO - [2026-09-30T22:43:10.349+0000] {dag.py:2676} INFO - Sync 1 DAGs
[2026-09-30T22:43:10.388+0000] {logging_mixin.py:137} INFO - [2026-09-30T22:43:10.388+0000] {dag.py:3427} INFO - Setting next_dagrun for example_xcom to 2021-01-01T00:00:00+00:00, run_after=2021-01-01T00:00:00+00:00
[2026-09-30T22:43:10.410+0000] {processor.py:175} INFO - Processing /home/airflow/.local/lib/python3.7/site-packages/airflow/example_dags/example_xcom.py took 0.162 seconds
[2026-09-30T22:43:41.297+0000] {processor.py:153} INFO - Started process (PID=2275) to work on /home/airflow/.local/lib/python3.7/site-packages/airflow/example_dags/example_xcom.py
[2026-09-30T22:43:41.299+0000] {processor.py:743} INFO - Processing file /home/airflow/.local/lib/python3.7/site-packages/airflow/example_dags/example_xcom.py for tasks to queue
[2026-09-30T22:43:41.300+0000] {logging_mixin.py:137} INFO - [2026-09-30T22:43:41.300+0000] {dagbag.py:538} INFO - Filling up the DagBag from /home/airflow/.local/lib/python3.7/site-packages/airflow/example_dags/example_xcom.py
[2026-09-30T22:43:41.335+0000] {processor.py:753} INFO - DAG(s) dict_keys(['example_xcom']) retrieved from /home/airflow/.local/lib/python3.7/site-packages/airflow/example_dags/example_xcom.py
[2026-09-30T22:43:41.390+0000] {logging_mixin.py:137} INFO - [2026-09-30T22:43:41.390+0000] {dag.py:2676} INFO - Sync 1 DAGs
[2026-09-30T22:43:41.426+0000] {logging_mixin.py:137} INFO - [2026-09-30T22:43:41.426+0000] {dag.py:3427} INFO - Setting next_dagrun for example_xcom to 2021-01-01T00:00:00+00:00, run_after=2021-01-01T00:00:00+00:00
[2026-09-30T22:43:41.449+0000] {processor.py:175} INFO - Processing /home/airflow/.local/lib/python3.7/site-packages/airflow/example_dags/example_xcom.py took 0.158 seconds
[2026-09-30T22:44:12.223+0000] {processor.py:153} INFO - Started process (PID=2354) to work on /home/airflow/.local/lib/python3.7/site-packages/airflow/example_dags/example_xcom.py
[2026-09-30T22:44:12.224+0000] {processor.py:743} INFO - Processing file /home/airflow/.local/lib/python3.7/site-packages/airflow/example_dags/example_xcom.py for tasks to queue
[2026-09-30T22:44:12.225+0000] {logging_mixin.py:137} INFO - [2026-09-30T22:44:12.225+0000] {dagbag.py:538} INFO - Filling up the DagBag from /home/airflow/.local/lib/python3.7/site-packages/airflow/example_dags/example_xcom.py
[2026-09-30T22:44:12.257+0000] {processor.py:753} INFO - DAG(s) dict_keys(['example_xcom']) retrieved from /home/airflow/.local/lib/python3.7/site-packages/airflow/example_dags/example_xcom.py
[2026-09-30T22:44:12.308+0000] {logging_mixin.py:137} INFO - [2026-09-30T22:44:12.308+0000] {dag.py:2676} INFO - Sync 1 DAGs
[2026-09-30T22:44:12.339+0000] {logging_mixin.py:137} INFO - [2026-09-30T22:44:12.339+0000] {dag.py:3427} INFO - Setting next_dagrun for example_xcom to 2021-01-01T00:00:00+00:00, run_after=2021-01-01T00:00:00+00:00
[2026-09-30T22:44:12.364+0000] {processor.py:175} INFO - Processing /home/airflow/.local/lib/python3.7/site-packages/airflow/example_dags/example_xcom.py took 0.144 seconds
[2026-09-30T22:44:43.486+0000] {processor.py:153} INFO - Started process (PID=2453) to work on /home/airflow/.local/lib/python3.7/site-packages/airflow/example_dags/example_xcom.py
[2026-09-30T22:44:43.488+0000] {processor.py:743} INFO - Processing file /home/airflow/.local/lib/python3.7/site-packages/airflow/example_dags/example_xcom.py for tasks to queue
[2026-09-30T22:44:43.489+0000] {logging_mixin.py:137} INFO - [2026-09-30T22:44:43.489+0000] {dagbag.py:538} INFO - Filling up the DagBag from /home/airflow/.local/lib/python3.7/site-packages/airflow/example_dags/example_xcom.py
[2026-09-30T22:44:43.521+0000] {processor.py:753} INFO - DAG(s) dict_keys(['example_xcom']) retrieved from /home/airflow/.local/lib/python3.7/site-packages/airflow/example_dags/example_xcom.py
[2026-09-30T22:44:43.574+0000] {logging_mixin.py:137} INFO - [2026-09-30T22:44:43.574+0000] {dag.py:2676} INFO - Sync 1 DAGs
[2026-09-30T22:44:43.614+0000] {logging_mixin.py:137} INFO - [2026-09-30T22:44:43.614+0000] {dag.py:3427} INFO - Setting next_dagrun for example_xcom to 2021-01-01T00:00:00+00:00, run_after=2021-01-01T00:00:00+00:00
[2026-09-30T22:44:43.640+0000] {processor.py:175} INFO - Processing /home/airflow/.local/lib/python3.7/site-packages/airflow/example_dags/example_xcom.py took 0.159 seconds
[2026-09-30T22:45:13.790+0000] {processor.py:153} INFO - Started process (PID=2532) to work on /home/airflow/.local/lib/python3.7/site-packages/airflow/example_dags/example_xcom.py
[2026-09-30T22:45:13.791+0000] {processor.py:743} INFO - Processing file /home/airflow/.local/lib/python3.7/site-packages/airflow/example_dags/example_xcom.py for tasks to queue
[2026-09-30T22:45:13.792+0000] {logging_mixin.py:137} INFO - [2026-09-30T22:45:13.791+0000] {dagbag.py:538} INFO - Filling up the DagBag from /home/airflow/.local/lib/python3.7/site-packages/airflow/example_dags/example_xcom.py
[2026-09-30T22:45:13.823+0000] {processor.py:753} INFO - DAG(s) dict_keys(['example_xcom']) retrieved from /home/airflow/.local/lib/python3.7/site-packages/airflow/example_dags/example_xcom.py
[2026-09-30T22:45:13.872+0000] {logging_mixin.py:137} INFO - [2026-09-30T22:45:13.872+0000] {dag.py:2676} INFO - Sync 1 DAGs
[2026-09-30T22:45:13.911+0000] {logging_mixin.py:137} INFO - [2026-09-30T22:45:13.910+0000] {dag.py:3427} INFO - Setting next_dagrun for example_xcom to 2021-01-01T00:00:00+00:00, run_after=2021-01-01T00:00:00+00:00
[2026-09-30T22:45:13.935+0000] {processor.py:175} INFO - Processing /home/airflow/.local/lib/python3.7/site-packages/airflow/example_dags/example_xcom.py took 0.149 seconds
[2026-09-30T22:45:43.998+0000] {processor.py:153} INFO - Started process (PID=2611) to work on /home/airflow/.local/lib/python3.7/site-packages/airflow/example_dags/example_xcom.py
[2026-09-30T22:45:43.999+0000] {processor.py:743} INFO - Processing file /home/airflow/.local/lib/python3.7/site-packages/airflow/example_dags/example_xcom.py for tasks to queue
[2026-09-30T22:45:44.000+0000] {logging_mixin.py:137} INFO - [2026-09-30T22:45:44.000+0000] {dagbag.py:538} INFO - Filling up the DagBag from /home/airflow/.local/lib/python3.7/site-packages/airflow/example_dags/example_xcom.py
[2026-09-30T22:45:44.032+0000] {processor.py:753} INFO - DAG(s) dict_keys(['example_xcom']) retrieved from /home/airflow/.local/lib/python3.7/site-packages/airflow/example_dags/example_xcom.py
[2026-09-30T22:45:44.081+0000] {logging_mixin.py:137} INFO - [2026-09-30T22:45:44.081+0000] {dag.py:2676} INFO - Sync 1 DAGs
[2026-09-30T22:45:44.111+0000] {logging_mixin.py:137} INFO - [2026-09-30T22:45:44.111+0000] {dag.py:3427} INFO - Setting next_dagrun for example_xcom to 2021-01-01T00:00:00+00:00, run_after=2021-01-01T00:00:00+00:00
[2026-09-30T22:45:44.132+0000] {processor.py:175} INFO - Processing /home/airflow/.local/lib/python3.7/site-packages/airflow/example_dags/example_xcom.py took 0.137 seconds
[2026-09-30T22:46:14.477+0000] {processor.py:153} INFO - Started process (PID=2690) to work on /home/airflow/.local/lib/python3.7/site-packages/airflow/example_dags/example_xcom.py
[2026-09-30T22:46:14.478+0000] {processor.py:743} INFO - Processing file /home/airflow/.local/lib/python3.7/site-packages/airflow/example_dags/example_xcom.py for tasks to queue
[2026-09-30T22:46:14.479+0000] {logging_mixin.py:137} INFO - [2026-09-30T22:46:14.479+0000] {dagbag.py:538} INFO - Filling up the DagBag from /home/airflow/.local/lib/python3.7/site-packages/airflow/example_dags/example_xcom.py
[2026-09-30T22:46:14.509+0000] {processor.py:753} INFO - DAG(s) dict_keys(['example_xcom']) retrieved from /home/airflow/.local/lib/python3.7/site-packages/airflow/example_dags/example_xcom.py
[2026-09-30T22:46:14.559+0000] {logging_mixin.py:137} INFO - [2026-09-30T22:46:14.559+0000] {dag.py:2676} INFO - Sync 1 DAGs
[2026-09-30T22:46:14.589+0000] {logging_mixin.py:137} INFO - [2026-09-30T22:46:14.589+0000] {dag.py:3427} INFO - Setting next_dagrun for example_xcom to 2021-01-01T00:00:00+00:00, run_after=2021-01-01T00:00:00+00:00
[2026-09-30T22:46:14.615+0000] {processor.py:175} INFO - Processing /home/airflow/.local/lib/python3.7/site-packages/airflow/example_dags/example_xcom.py took 0.141 seconds
[2026-09-30T22:46:44.910+0000] {processor.py:153} INFO - Started process (PID=2789) to work on /home/airflow/.local/lib/python3.7/site-packages/airflow/example_dags/example_xcom.py
[2026-09-30T22:46:44.912+0000] {processor.py:743} INFO - Processing file /home/airflow/.local/lib/python3.7/site-packages/airflow/example_dags/example_xcom.py for tasks to queue
[2026-09-30T22:46:44.913+0000] {logging_mixin.py:137} INFO - [2026-09-30T22:46:44.913+0000] {dagbag.py:538} INFO - Filling up the DagBag from /home/airflow/.local/lib/python3.7/site-packages/airflow/example_dags/example_xcom.py
[2026-09-30T22:46:44.949+0000] {processor.py:753} INFO - DAG(s) dict_keys(['example_xcom']) retrieved from /home/airflow/.local/lib/python3.7/site-packages/airflow/example_dags/example_xcom.py
[2026-09-30T22:46:44.997+0000] {logging_mixin.py:137} INFO - [2026-09-30T22:46:44.996+0000] {dag.py:2676} INFO - Sync 1 DAGs
[2026-09-30T22:46:45.034+0000] {logging_mixin.py:137} INFO - [2026-09-30T22:46:45.034+0000] {dag.py:3427} INFO - Setting next_dagrun for example_xcom to 2021-01-01T00:00:00+00:00, run_after=2021-01-01T00:00:00+00:00
[2026-09-30T22:46:45.059+0000] {processor.py:175} INFO - Processing /home/airflow/.local/lib/python3.7/site-packages/airflow/example_dags/example_xcom.py took 0.154 seconds
[2026-09-30T22:47:15.258+0000] {processor.py:153} INFO - Started process (PID=2868) to work on /home/airflow/.local/lib/python3.7/site-packages/airflow/example_dags/example_xcom.py
[2026-09-30T22:47:15.260+0000] {processor.py:743} INFO - Processing file /home/airflow/.local/lib/python3.7/site-packages/airflow/example_dags/example_xcom.py for tasks to queue
[2026-09-30T22:47:15.260+0000] {logging_mixin.py:137} INFO - [2026-09-30T22:47:15.260+0000] {dagbag.py:538} INFO - Filling up the DagBag from /home/airflow/.local/lib/python3.7/site-packages/airflow/example_dags/example_xcom.py
[2026-09-30T22:47:15.293+0000] {processor.py:753} INFO - DAG(s) dict_keys(['example_xcom']) retrieved from /home/airflow/.local/lib/python3.7/site-packages/airflow/example_dags/example_xcom.py
[2026-09-30T22:47:15.342+0000] {logging_mixin.py:137} INFO - [2026-09-30T22:47:15.342+0000] {dag.py:2676} INFO - Sync 1 DAGs
[2026-09-30T22:47:15.373+0000] {logging_mixin.py:137} INFO - [2026-09-30T22:47:15.373+0000] {dag.py:3427} INFO - Setting next_dagrun for example_xcom to 2021-01-01T00:00:00+00:00, run_after=2021-01-01T00:00:00+00:00
[2026-09-30T22:47:15.396+0000] {processor.py:175} INFO - Processing /home/airflow/.local/lib/python3.7/site-packages/airflow/example_dags/example_xcom.py took 0.141 seconds
[2026-09-30T22:47:45.488+0000] {processor.py:153} INFO - Started process (PID=2947) to work on /home/airflow/.local/lib/python3.7/site-packages/airflow/example_dags/example_xcom.py
[2026-09-30T22:47:45.489+0000] {processor.py:743} INFO - Processing file /home/airflow/.local/lib/python3.7/site-packages/airflow/example_dags/example_xcom.py for tasks to queue
[2026-09-30T22:47:45.491+0000] {logging_mixin.py:137} INFO - [2026-09-30T22:47:45.490+0000] {dagbag.py:538} INFO - Filling up the DagBag from /home/airflow/.local/lib/python3.7/site-packages/airflow/example_dags/example_xcom.py
[2026-09-30T22:47:45.537+0000] {processor.py:753} INFO - DAG(s) dict_keys(['example_xcom']) retrieved from /home/airflow/.local/lib/python3.7/site-packages/airflow/example_dags/example_xcom.py
[2026-09-30T22:47:45.603+0000] {logging_mixin.py:137} INFO - [2026-09-30T22:47:45.603+0000] {dag.py:2676} INFO - Sync 1 DAGs
[2026-09-30T22:47:45.645+0000] {logging_mixin.py:137} INFO - [2026-09-30T22:47:45.645+0000] {dag.py:3427} INFO - Setting next_dagrun for example_xcom to 2021-01-01T00:00:00+00:00, run_after=2021-01-01T00:00:00+00:00
[2026-09-30T22:47:45.673+0000] {processor.py:175} INFO - Processing /home/airflow/.local/lib/python3.7/site-packages/airflow/example_dags/example_xcom.py took 0.191 seconds
[2026-09-30T22:48:15.927+0000] {processor.py:153} INFO - Started process (PID=3032) to work on /home/airflow/.local/lib/python3.7/site-packages/airflow/example_dags/example_xcom.py
[2026-09-30T22:48:15.929+0000] {processor.py:743} INFO - Processing file /home/airflow/.local/lib/python3.7/site-packages/airflow/example_dags/example_xcom.py for tasks to queue
[2026-09-30T22:48:15.929+0000] {logging_mixin.py:137} INFO - [2026-09-30T22:48:15.929+0000] {dagbag.py:538} INFO - Filling up the DagBag from /home/airflow/.local/lib/python3.7/site-packages/airflow/example_dags/example_xcom.py
[2026-09-30T22:48:15.963+0000] {processor.py:753} INFO - DAG(s) dict_keys(['example_xcom']) retrieved from /home/airflow/.local/lib/python3.7/site-packages/airflow/example_dags/example_xcom.py
[2026-09-30T22:48:16.040+0000] {logging_mixin.py:137} INFO - [2026-09-30T22:48:16.040+0000] {dag.py:2676} INFO - Sync 1 DAGs
[2026-09-30T22:48:16.120+0000] {logging_mixin.py:137} INFO - [2026-09-30T22:48:16.120+0000] {dag.py:3427} INFO - Setting next_dagrun for example_xcom to 2021-01-01T00:00:00+00:00, run_after=2021-01-01T00:00:00+00:00
[2026-09-30T22:48:16.161+0000] {processor.py:175} INFO - Processing /home/airflow/.local/lib/python3.7/site-packages/airflow/example_dags/example_xcom.py took 0.237 seconds
[2026-09-30T22:48:46.294+0000] {processor.py:153} INFO - Started process (PID=3125) to work on /home/airflow/.local/lib/python3.7/site-packages/airflow/example_dags/example_xcom.py
[2026-09-30T22:48:46.294+0000] {processor.py:743} INFO - Processing file /home/airflow/.local/lib/python3.7/site-packages/airflow/example_dags/example_xcom.py for tasks to queue
[2026-09-30T22:48:46.295+0000] {logging_mixin.py:137} INFO - [2026-09-30T22:48:46.295+0000] {dagbag.py:538} INFO - Filling up the DagBag from /home/airflow/.local/lib/python3.7/site-packages/airflow/example_dags/example_xcom.py
[2026-09-30T22:48:46.325+0000] {processor.py:753} INFO - DAG(s) dict_keys(['example_xcom']) retrieved from /home/airflow/.local/lib/python3.7/site-packages/airflow/example_dags/example_xcom.py
[2026-09-30T22:48:46.377+0000] {logging_mixin.py:137} INFO - [2026-09-30T22:48:46.377+0000] {dag.py:2676} INFO - Sync 1 DAGs
[2026-09-30T22:48:46.415+0000] {logging_mixin.py:137} INFO - [2026-09-30T22:48:46.414+0000] {dag.py:3427} INFO - Setting next_dagrun for example_xcom to 2021-01-01T00:00:00+00:00, run_after=2021-01-01T00:00:00+00:00
[2026-09-30T22:48:46.438+0000] {processor.py:175} INFO - Processing /home/airflow/.local/lib/python3.7/site-packages/airflow/example_dags/example_xcom.py took 0.149 seconds
[2026-09-30T22:49:16.762+0000] {processor.py:153} INFO - Started process (PID=3204) to work on /home/airflow/.local/lib/python3.7/site-packages/airflow/example_dags/example_xcom.py
[2026-09-30T22:49:16.763+0000] {processor.py:743} INFO - Processing file /home/airflow/.local/lib/python3.7/site-packages/airflow/example_dags/example_xcom.py for tasks to queue
[2026-09-30T22:49:16.764+0000] {logging_mixin.py:137} INFO - [2026-09-30T22:49:16.764+0000] {dagbag.py:538} INFO - Filling up the DagBag from /home/airflow/.local/lib/python3.7/site-packages/airflow/example_dags/example_xcom.py
[2026-09-30T22:49:16.794+0000] {processor.py:753} INFO - DAG(s) dict_keys(['example_xcom']) retrieved from /home/airflow/.local/lib/python3.7/site-packages/airflow/example_dags/example_xcom.py
[2026-09-30T22:49:16.843+0000] {logging_mixin.py:137} INFO - [2026-09-30T22:49:16.843+0000] {dag.py:2676} INFO - Sync 1 DAGs
[2026-09-30T22:49:16.875+0000] {logging_mixin.py:137} INFO - [2026-09-30T22:49:16.875+0000] {dag.py:3427} INFO - Setting next_dagrun for example_xcom to 2021-01-01T00:00:00+00:00, run_after=2021-01-01T00:00:00+00:00
[2026-09-30T22:49:16.896+0000] {processor.py:175} INFO - Processing /home/airflow/.local/lib/python3.7/site-packages/airflow/example_dags/example_xcom.py took 0.140 seconds
[2026-09-30T22:49:47.234+0000] {processor.py:153} INFO - Started process (PID=3283) to work on /home/airflow/.local/lib/python3.7/site-packages/airflow/example_dags/example_xcom.py
[2026-09-30T22:49:47.236+0000] {processor.py:743} INFO - Processing file /home/airflow/.local/lib/python3.7/site-packages/airflow/example_dags/example_xcom.py for tasks to queue
[2026-09-30T22:49:47.237+0000] {logging_mixin.py:137} INFO - [2026-09-30T22:49:47.237+0000] {dagbag.py:538} INFO - Filling up the DagBag from /home/airflow/.local/lib/python3.7/site-packages/airflow/example_dags/example_xcom.py
[2026-09-30T22:49:47.279+0000] {processor.py:753} INFO - DAG(s) dict_keys(['example_xcom']) retrieved from /home/airflow/.local/lib/python3.7/site-packages/airflow/example_dags/example_xcom.py
[2026-09-30T22:49:47.353+0000] {logging_mixin.py:137} INFO - [2026-09-30T22:49:47.353+0000] {dag.py:2676} INFO - Sync 1 DAGs
[2026-09-30T22:49:47.401+0000] {logging_mixin.py:137} INFO - [2026-09-30T22:49:47.401+0000] {dag.py:3427} INFO - Setting next_dagrun for example_xcom to 2021-01-01T00:00:00+00:00, run_after=2021-01-01T00:00:00+00:00
[2026-09-30T22:49:47.434+0000] {processor.py:175} INFO - Processing /home/airflow/.local/lib/python3.7/site-packages/airflow/example_dags/example_xcom.py took 0.207 seconds
[2026-09-30T22:50:17.521+0000] {processor.py:153} INFO - Started process (PID=3371) to work on /home/airflow/.local/lib/python3.7/site-packages/airflow/example_dags/example_xcom.py
[2026-09-30T22:50:17.522+0000] {processor.py:743} INFO - Processing file /home/airflow/.local/lib/python3.7/site-packages/airflow/example_dags/example_xcom.py for tasks to queue
[2026-09-30T22:50:17.523+0000] {logging_mixin.py:137} INFO - [2026-09-30T22:50:17.523+0000] {dagbag.py:538} INFO - Filling up the DagBag from /home/airflow/.local/lib/python3.7/site-packages/airflow/example_dags/example_xcom.py
[2026-09-30T22:50:17.559+0000] {processor.py:753} INFO - DAG(s) dict_keys(['example_xcom']) retrieved from /home/airflow/.local/lib/python3.7/site-packages/airflow/example_dags/example_xcom.py
[2026-09-30T22:50:17.632+0000] {logging_mixin.py:137} INFO - [2026-09-30T22:50:17.632+0000] {dag.py:2676} INFO - Sync 1 DAGs
[2026-09-30T22:50:17.680+0000] {logging_mixin.py:137} INFO - [2026-09-30T22:50:17.679+0000] {dag.py:3427} INFO - Setting next_dagrun for example_xcom to 2021-01-01T00:00:00+00:00, run_after=2021-01-01T00:00:00+00:00
[2026-09-30T22:50:17.715+0000] {processor.py:175} INFO - Processing /home/airflow/.local/lib/python3.7/site-packages/airflow/example_dags/example_xcom.py took 0.197 seconds
[2026-09-30T22:50:47.983+0000] {processor.py:153} INFO - Started process (PID=3461) to work on /home/airflow/.local/lib/python3.7/site-packages/airflow/example_dags/example_xcom.py
[2026-09-30T22:50:47.984+0000] {processor.py:743} INFO - Processing file /home/airflow/.local/lib/python3.7/site-packages/airflow/example_dags/example_xcom.py for tasks to queue
[2026-09-30T22:50:47.984+0000] {logging_mixin.py:137} INFO - [2026-09-30T22:50:47.984+0000] {dagbag.py:538} INFO - Filling up the DagBag from /home/airflow/.local/lib/python3.7/site-packages/airflow/example_dags/example_xcom.py
[2026-09-30T22:50:48.017+0000] {processor.py:753} INFO - DAG(s) dict_keys(['example_xcom']) retrieved from /home/airflow/.local/lib/python3.7/site-packages/airflow/example_dags/example_xcom.py
[2026-09-30T22:50:48.065+0000] {logging_mixin.py:137} INFO - [2026-09-30T22:50:48.064+0000] {dag.py:2676} INFO - Sync 1 DAGs
[2026-09-30T22:50:48.098+0000] {logging_mixin.py:137} INFO - [2026-09-30T22:50:48.098+0000] {dag.py:3427} INFO - Setting next_dagrun for example_xcom to 2021-01-01T00:00:00+00:00, run_after=2021-01-01T00:00:00+00:00
[2026-09-30T22:50:48.120+0000] {processor.py:175} INFO - Processing /home/airflow/.local/lib/python3.7/site-packages/airflow/example_dags/example_xcom.py took 0.141 seconds
[2026-09-30T22:51:19.671+0000] {processor.py:153} INFO - Started process (PID=3540) to work on /home/airflow/.local/lib/python3.7/site-packages/airflow/example_dags/example_xcom.py
[2026-09-30T22:51:19.672+0000] {processor.py:743} INFO - Processing file /home/airflow/.local/lib/python3.7/site-packages/airflow/example_dags/example_xcom.py for tasks to queue
[2026-09-30T22:51:19.672+0000] {logging_mixin.py:137} INFO - [2026-09-30T22:51:19.672+0000] {dagbag.py:538} INFO - Filling up the DagBag from /home/airflow/.local/lib/python3.7/site-packages/airflow/example_dags/example_xcom.py
[2026-09-30T22:51:19.702+0000] {processor.py:753} INFO - DAG(s) dict_keys(['example_xcom']) retrieved from /home/airflow/.local/lib/python3.7/site-packages/airflow/example_dags/example_xcom.py
[2026-09-30T22:51:19.751+0000] {logging_mixin.py:137} INFO - [2026-09-30T22:51:19.751+0000] {dag.py:2676} INFO - Sync 1 DAGs
[2026-09-30T22:51:19.784+0000] {logging_mixin.py:137} INFO - [2026-09-30T22:51:19.784+0000] {dag.py:3427} INFO - Setting next_dagrun for example_xcom to 2021-01-01T00:00:00+00:00, run_after=2021-01-01T00:00:00+00:00
[2026-09-30T22:51:19.803+0000] {processor.py:175} INFO - Processing /home/airflow/.local/lib/python3.7/site-packages/airflow/example_dags/example_xcom.py took 0.136 seconds
[2026-09-30T22:51:50.759+0000] {processor.py:153} INFO - Started process (PID=3628) to work on /home/airflow/.local/lib/python3.7/site-packages/airflow/example_dags/example_xcom.py
[2026-09-30T22:51:50.760+0000] {processor.py:743} INFO - Processing file /home/airflow/.local/lib/python3.7/site-packages/airflow/example_dags/example_xcom.py for tasks to queue
[2026-09-30T22:51:50.761+0000] {logging_mixin.py:137} INFO - [2026-09-30T22:51:50.761+0000] {dagbag.py:538} INFO - Filling up the DagBag from /home/airflow/.local/lib/python3.7/site-packages/airflow/example_dags/example_xcom.py
[2026-09-30T22:51:50.792+0000] {processor.py:753} INFO - DAG(s) dict_keys(['example_xcom']) retrieved from /home/airflow/.local/lib/python3.7/site-packages/airflow/example_dags/example_xcom.py
[2026-09-30T22:51:50.842+0000] {logging_mixin.py:137} INFO - [2026-09-30T22:51:50.842+0000] {dag.py:2676} INFO - Sync 1 DAGs
[2026-09-30T22:51:50.873+0000] {logging_mixin.py:137} INFO - [2026-09-30T22:51:50.873+0000] {dag.py:3427} INFO - Setting next_dagrun for example_xcom to 2021-01-01T00:00:00+00:00, run_after=2021-01-01T00:00:00+00:00
[2026-09-30T22:51:50.896+0000] {processor.py:175} INFO - Processing /home/airflow/.local/lib/python3.7/site-packages/airflow/example_dags/example_xcom.py took 0.140 seconds
[2026-09-30T22:52:21.691+0000] {processor.py:153} INFO - Started process (PID=3718) to work on /home/airflow/.local/lib/python3.7/site-packages/airflow/example_dags/example_xcom.py
[2026-09-30T22:52:21.693+0000] {processor.py:743} INFO - Processing file /home/airflow/.local/lib/python3.7/site-packages/airflow/example_dags/example_xcom.py for tasks to queue
[2026-09-30T22:52:21.694+0000] {logging_mixin.py:137} INFO - [2026-09-30T22:52:21.694+0000] {dagbag.py:538} INFO - Filling up the DagBag from /home/airflow/.local/lib/python3.7/site-packages/airflow/example_dags/example_xcom.py
[2026-09-30T22:52:21.729+0000] {processor.py:753} INFO - DAG(s) dict_keys(['example_xcom']) retrieved from /home/airflow/.local/lib/python3.7/site-packages/airflow/example_dags/example_xcom.py
[2026-09-30T22:52:21.782+0000] {logging_mixin.py:137} INFO - [2026-09-30T22:52:21.782+0000] {dag.py:2676} INFO - Sync 1 DAGs
[2026-09-30T22:52:21.819+0000] {logging_mixin.py:137} INFO - [2026-09-30T22:52:21.819+0000] {dag.py:3427} INFO - Setting next_dagrun for example_xcom to 2021-01-01T00:00:00+00:00, run_after=2021-01-01T00:00:00+00:00
[2026-09-30T22:52:21.850+0000] {processor.py:175} INFO - Processing /home/airflow/.local/lib/python3.7/site-packages/airflow/example_dags/example_xcom.py took 0.164 seconds
[2026-09-30T22:52:52.648+0000] {processor.py:153} INFO - Started process (PID=3798) to work on /home/airflow/.local/lib/python3.7/site-packages/airflow/example_dags/example_xcom.py
[2026-09-30T22:52:52.650+0000] {processor.py:743} INFO - Processing file /home/airflow/.local/lib/python3.7/site-packages/airflow/example_dags/example_xcom.py for tasks to queue
[2026-09-30T22:52:52.651+0000] {logging_mixin.py:137} INFO - [2026-09-30T22:52:52.651+0000] {dagbag.py:538} INFO - Filling up the DagBag from /home/airflow/.local/lib/python3.7/site-packages/airflow/example_dags/example_xcom.py
[2026-09-30T22:52:52.688+0000] {processor.py:753} INFO - DAG(s) dict_keys(['example_xcom']) retrieved from /home/airflow/.local/lib/python3.7/site-packages/airflow/example_dags/example_xcom.py
[2026-09-30T22:52:52.745+0000] {logging_mixin.py:137} INFO - [2026-09-30T22:52:52.745+0000] {dag.py:2676} INFO - Sync 1 DAGs
[2026-09-30T22:52:52.777+0000] {logging_mixin.py:137} INFO - [2026-09-30T22:52:52.777+0000] {dag.py:3427} INFO - Setting next_dagrun for example_xcom to 2021-01-01T00:00:00+00:00, run_after=2021-01-01T00:00:00+00:00
[2026-09-30T22:52:52.799+0000] {processor.py:175} INFO - Processing /home/airflow/.local/lib/python3.7/site-packages/airflow/example_dags/example_xcom.py took 0.157 seconds
[2026-09-30T22:53:23.603+0000] {processor.py:153} INFO - Started process (PID=3886) to work on /home/airflow/.local/lib/python3.7/site-packages/airflow/example_dags/example_xcom.py
[2026-09-30T22:53:23.605+0000] {processor.py:743} INFO - Processing file /home/airflow/.local/lib/python3.7/site-packages/airflow/example_dags/example_xcom.py for tasks to queue
[2026-09-30T22:53:23.606+0000] {logging_mixin.py:137} INFO - [2026-09-30T22:53:23.606+0000] {dagbag.py:538} INFO - Filling up the DagBag from /home/airflow/.local/lib/python3.7/site-packages/airflow/example_dags/example_xcom.py
[2026-09-30T22:53:23.653+0000] {processor.py:753} INFO - DAG(s) dict_keys(['example_xcom']) retrieved from /home/airflow/.local/lib/python3.7/site-packages/airflow/example_dags/example_xcom.py
[2026-09-30T22:53:23.708+0000] {logging_mixin.py:137} INFO - [2026-09-30T22:53:23.708+0000] {dag.py:2676} INFO - Sync 1 DAGs
[2026-09-30T22:53:23.737+0000] {logging_mixin.py:137} INFO - [2026-09-30T22:53:23.737+0000] {dag.py:3427} INFO - Setting next_dagrun for example_xcom to 2021-01-01T00:00:00+00:00, run_after=2021-01-01T00:00:00+00:00
[2026-09-30T22:53:23.761+0000] {processor.py:175} INFO - Processing /home/airflow/.local/lib/python3.7/site-packages/airflow/example_dags/example_xcom.py took 0.164 seconds
[2026-09-30T22:53:54.527+0000] {processor.py:153} INFO - Started process (PID=3976) to work on /home/airflow/.local/lib/python3.7/site-packages/airflow/example_dags/example_xcom.py
[2026-09-30T22:53:54.528+0000] {processor.py:743} INFO - Processing file /home/airflow/.local/lib/python3.7/site-packages/airflow/example_dags/example_xcom.py for tasks to queue
[2026-09-30T22:53:54.529+0000] {logging_mixin.py:137} INFO - [2026-09-30T22:53:54.529+0000] {dagbag.py:538} INFO - Filling up the DagBag from /home/airflow/.local/lib/python3.7/site-packages/airflow/example_dags/example_xcom.py
[2026-09-30T22:53:54.560+0000] {processor.py:753} INFO - DAG(s) dict_keys(['example_xcom']) retrieved from /home/airflow/.local/lib/python3.7/site-packages/airflow/example_dags/example_xcom.py
[2026-09-30T22:53:54.606+0000] {logging_mixin.py:137} INFO - [2026-09-30T22:53:54.606+0000] {dag.py:2676} INFO - Sync 1 DAGs
[2026-09-30T22:53:54.634+0000] {logging_mixin.py:137} INFO - [2026-09-30T22:53:54.634+0000] {dag.py:3427} INFO - Setting next_dagrun for example_xcom to 2021-01-01T00:00:00+00:00, run_after=2021-01-01T00:00:00+00:00
[2026-09-30T22:53:54.651+0000] {processor.py:175} INFO - Processing /home/airflow/.local/lib/python3.7/site-packages/airflow/example_dags/example_xcom.py took 0.127 seconds
[2026-09-30T22:54:24.798+0000] {processor.py:153} INFO - Started process (PID=4055) to work on /home/airflow/.local/lib/python3.7/site-packages/airflow/example_dags/example_xcom.py
[2026-09-30T22:54:24.798+0000] {processor.py:743} INFO - Processing file /home/airflow/.local/lib/python3.7/site-packages/airflow/example_dags/example_xcom.py for tasks to queue
[2026-09-30T22:54:24.799+0000] {logging_mixin.py:137} INFO - [2026-09-30T22:54:24.799+0000] {dagbag.py:538} INFO - Filling up the DagBag from /home/airflow/.local/lib/python3.7/site-packages/airflow/example_dags/example_xcom.py
[2026-09-30T22:54:24.824+0000] {processor.py:753} INFO - DAG(s) dict_keys(['example_xcom']) retrieved from /home/airflow/.local/lib/python3.7/site-packages/airflow/example_dags/example_xcom.py
[2026-09-30T22:54:24.867+0000] {logging_mixin.py:137} INFO - [2026-09-30T22:54:24.867+0000] {dag.py:2676} INFO - Sync 1 DAGs
[2026-09-30T22:54:24.892+0000] {logging_mixin.py:137} INFO - [2026-09-30T22:54:24.892+0000] {dag.py:3427} INFO - Setting next_dagrun for example_xcom to 2021-01-01T00:00:00+00:00, run_after=2021-01-01T00:00:00+00:00
[2026-09-30T22:54:24.908+0000] {processor.py:175} INFO - Processing /home/airflow/.local/lib/python3.7/site-packages/airflow/example_dags/example_xcom.py took 0.114 seconds
[2026-09-30T22:54:55.384+0000] {processor.py:153} INFO - Started process (PID=4134) to work on /home/airflow/.local/lib/python3.7/site-packages/airflow/example_dags/example_xcom.py
[2026-09-30T22:54:55.386+0000] {processor.py:743} INFO - Processing file /home/airflow/.local/lib/python3.7/site-packages/airflow/example_dags/example_xcom.py for tasks to queue
[2026-09-30T22:54:55.387+0000] {logging_mixin.py:137} INFO - [2026-09-30T22:54:55.387+0000] {dagbag.py:538} INFO - Filling up the DagBag from /home/airflow/.local/lib/python3.7/site-packages/airflow/example_dags/example_xcom.py
[2026-09-30T22:54:55.427+0000] {processor.py:753} INFO - DAG(s) dict_keys(['example_xcom']) retrieved from /home/airflow/.local/lib/python3.7/site-packages/airflow/example_dags/example_xcom.py
[2026-09-30T22:54:55.486+0000] {logging_mixin.py:137} INFO - [2026-09-30T22:54:55.486+0000] {dag.py:2676} INFO - Sync 1 DAGs
[2026-09-30T22:54:55.526+0000] {logging_mixin.py:137} INFO - [2026-09-30T22:54:55.526+0000] {dag.py:3427} INFO - Setting next_dagrun for example_xcom to 2021-01-01T00:00:00+00:00, run_after=2021-01-01T00:00:00+00:00
[2026-09-30T22:54:55.551+0000] {processor.py:175} INFO - Processing /home/airflow/.local/lib/python3.7/site-packages/airflow/example_dags/example_xcom.py took 0.173 seconds
[2026-09-30T22:55:26.515+0000] {processor.py:153} INFO - Started process (PID=4233) to work on /home/airflow/.local/lib/python3.7/site-packages/airflow/example_dags/example_xcom.py
[2026-09-30T22:55:26.517+0000] {processor.py:743} INFO - Processing file /home/airflow/.local/lib/python3.7/site-packages/airflow/example_dags/example_xcom.py for tasks to queue
[2026-09-30T22:55:26.519+0000] {logging_mixin.py:137} INFO - [2026-09-30T22:55:26.519+0000] {dagbag.py:538} INFO - Filling up the DagBag from /home/airflow/.local/lib/python3.7/site-packages/airflow/example_dags/example_xcom.py
[2026-09-30T22:55:26.577+0000] {processor.py:753} INFO - DAG(s) dict_keys(['example_xcom']) retrieved from /home/airflow/.local/lib/python3.7/site-packages/airflow/example_dags/example_xcom.py
[2026-09-30T22:55:26.642+0000] {logging_mixin.py:137} INFO - [2026-09-30T22:55:26.642+0000] {dag.py:2676} INFO - Sync 1 DAGs
[2026-09-30T22:55:26.688+0000] {logging_mixin.py:137} INFO - [2026-09-30T22:55:26.688+0000] {dag.py:3427} INFO - Setting next_dagrun for example_xcom to 2021-01-01T00:00:00+00:00, run_after=2021-01-01T00:00:00+00:00
[2026-09-30T22:55:26.715+0000] {processor.py:175} INFO - Processing /home/airflow/.local/lib/python3.7/site-packages/airflow/example_dags/example_xcom.py took 0.210 seconds
[2026-09-30T22:55:56.798+0000] {processor.py:153} INFO - Started process (PID=4312) to work on /home/airflow/.local/lib/python3.7/site-packages/airflow/example_dags/example_xcom.py
[2026-09-30T22:55:56.799+0000] {processor.py:743} INFO - Processing file /home/airflow/.local/lib/python3.7/site-packages/airflow/example_dags/example_xcom.py for tasks to queue
[2026-09-30T22:55:56.800+0000] {logging_mixin.py:137} INFO - [2026-09-30T22:55:56.799+0000] {dagbag.py:538} INFO - Filling up the DagBag from /home/airflow/.local/lib/python3.7/site-packages/airflow/example_dags/example_xcom.py
[2026-09-30T22:55:56.830+0000] {processor.py:753} INFO - DAG(s) dict_keys(['example_xcom']) retrieved from /home/airflow/.local/lib/python3.7/site-packages/airflow/example_dags/example_xcom.py
[2026-09-30T22:55:56.892+0000] {logging_mixin.py:137} INFO - [2026-09-30T22:55:56.892+0000] {dag.py:2676} INFO - Sync 1 DAGs
[2026-09-30T22:55:56.943+0000] {logging_mixin.py:137} INFO - [2026-09-30T22:55:56.943+0000] {dag.py:3427} INFO - Setting next_dagrun for example_xcom to 2021-01-01T00:00:00+00:00, run_after=2021-01-01T00:00:00+00:00
[2026-09-30T22:55:56.964+0000] {processor.py:175} INFO - Processing /home/airflow/.local/lib/python3.7/site-packages/airflow/example_dags/example_xcom.py took 0.171 seconds
[2026-09-30T22:56:27.246+0000] {processor.py:153} INFO - Started process (PID=4391) to work on /home/airflow/.local/lib/python3.7/site-packages/airflow/example_dags/example_xcom.py
[2026-09-30T22:56:27.247+0000] {processor.py:743} INFO - Processing file /home/airflow/.local/lib/python3.7/site-packages/airflow/example_dags/example_xcom.py for tasks to queue
[2026-09-30T22:56:27.248+0000] {logging_mixin.py:137} INFO - [2026-09-30T22:56:27.247+0000] {dagbag.py:538} INFO - Filling up the DagBag from /home/airflow/.local/lib/python3.7/site-packages/airflow/example_dags/example_xcom.py
[2026-09-30T22:56:27.282+0000] {processor.py:753} INFO - DAG(s) dict_keys(['example_xcom']) retrieved from /home/airflow/.local/lib/python3.7/site-packages/airflow/example_dags/example_xcom.py
[2026-09-30T22:56:27.331+0000] {logging_mixin.py:137} INFO - [2026-09-30T22:56:27.331+0000] {dag.py:2676} INFO - Sync 1 DAGs
[2026-09-30T22:56:27.370+0000] {logging_mixin.py:137} INFO - [2026-09-30T22:56:27.370+0000] {dag.py:3427} INFO - Setting next_dagrun for example_xcom to 2021-01-01T00:00:00+00:00, run_after=2021-01-01T00:00:00+00:00
[2026-09-30T22:56:27.400+0000] {processor.py:175} INFO - Processing /home/airflow/.local/lib/python3.7/site-packages/airflow/example_dags/example_xcom.py took 0.158 seconds
[2026-09-30T22:56:57.911+0000] {processor.py:153} INFO - Started process (PID=4470) to work on /home/airflow/.local/lib/python3.7/site-packages/airflow/example_dags/example_xcom.py
[2026-09-30T22:56:57.913+0000] {processor.py:743} INFO - Processing file /home/airflow/.local/lib/python3.7/site-packages/airflow/example_dags/example_xcom.py for tasks to queue
[2026-09-30T22:56:57.914+0000] {logging_mixin.py:137} INFO - [2026-09-30T22:56:57.914+0000] {dagbag.py:538} INFO - Filling up the DagBag from /home/airflow/.local/lib/python3.7/site-packages/airflow/example_dags/example_xcom.py
[2026-09-30T22:56:57.960+0000] {processor.py:753} INFO - DAG(s) dict_keys(['example_xcom']) retrieved from /home/airflow/.local/lib/python3.7/site-packages/airflow/example_dags/example_xcom.py
[2026-09-30T22:56:58.023+0000] {logging_mixin.py:137} INFO - [2026-09-30T22:56:58.023+0000] {dag.py:2676} INFO - Sync 1 DAGs
[2026-09-30T22:56:58.065+0000] {logging_mixin.py:137} INFO - [2026-09-30T22:56:58.065+0000] {dag.py:3427} INFO - Setting next_dagrun for example_xcom to 2021-01-01T00:00:00+00:00, run_after=2021-01-01T00:00:00+00:00
[2026-09-30T22:56:58.093+0000] {processor.py:175} INFO - Processing /home/airflow/.local/lib/python3.7/site-packages/airflow/example_dags/example_xcom.py took 0.189 seconds
[2026-09-30T22:57:28.565+0000] {processor.py:153} INFO - Started process (PID=4559) to work on /home/airflow/.local/lib/python3.7/site-packages/airflow/example_dags/example_xcom.py
[2026-09-30T22:57:28.566+0000] {processor.py:743} INFO - Processing file /home/airflow/.local/lib/python3.7/site-packages/airflow/example_dags/example_xcom.py for tasks to queue
[2026-09-30T22:57:28.568+0000] {logging_mixin.py:137} INFO - [2026-09-30T22:57:28.568+0000] {dagbag.py:538} INFO - Filling up the DagBag from /home/airflow/.local/lib/python3.7/site-packages/airflow/example_dags/example_xcom.py
[2026-09-30T22:57:28.600+0000] {processor.py:753} INFO - DAG(s) dict_keys(['example_xcom']) retrieved from /home/airflow/.local/lib/python3.7/site-packages/airflow/example_dags/example_xcom.py
[2026-09-30T22:57:28.659+0000] {logging_mixin.py:137} INFO - [2026-09-30T22:57:28.659+0000] {dag.py:2676} INFO - Sync 1 DAGs
[2026-09-30T22:57:28.695+0000] {logging_mixin.py:137} INFO - [2026-09-30T22:57:28.695+0000] {dag.py:3427} INFO - Setting next_dagrun for example_xcom to 2021-01-01T00:00:00+00:00, run_after=2021-01-01T00:00:00+00:00
[2026-09-30T22:57:28.722+0000] {processor.py:175} INFO - Processing /home/airflow/.local/lib/python3.7/site-packages/airflow/example_dags/example_xcom.py took 0.161 seconds
[2026-09-30T22:57:59.138+0000] {processor.py:153} INFO - Started process (PID=4648) to work on /home/airflow/.local/lib/python3.7/site-packages/airflow/example_dags/example_xcom.py
[2026-09-30T22:57:59.139+0000] {processor.py:743} INFO - Processing file /home/airflow/.local/lib/python3.7/site-packages/airflow/example_dags/example_xcom.py for tasks to queue
[2026-09-30T22:57:59.139+0000] {logging_mixin.py:137} INFO - [2026-09-30T22:57:59.139+0000] {dagbag.py:538} INFO - Filling up the DagBag from /home/airflow/.local/lib/python3.7/site-packages/airflow/example_dags/example_xcom.py
[2026-09-30T22:57:59.165+0000] {processor.py:753} INFO - DAG(s) dict_keys(['example_xcom']) retrieved from /home/airflow/.local/lib/python3.7/site-packages/airflow/example_dags/example_xcom.py
[2026-09-30T22:57:59.206+0000] {logging_mixin.py:137} INFO - [2026-09-30T22:57:59.205+0000] {dag.py:2676} INFO - Sync 1 DAGs
[2026-09-30T22:57:59.233+0000] {logging_mixin.py:137} INFO - [2026-09-30T22:57:59.233+0000] {dag.py:3427} INFO - Setting next_dagrun for example_xcom to 2021-01-01T00:00:00+00:00, run_after=2021-01-01T00:00:00+00:00
[2026-09-30T22:57:59.248+0000] {processor.py:175} INFO - Processing /home/airflow/.local/lib/python3.7/site-packages/airflow/example_dags/example_xcom.py took 0.113 seconds
[2026-09-30T22:58:30.054+0000] {processor.py:153} INFO - Started process (PID=4727) to work on /home/airflow/.local/lib/python3.7/site-packages/airflow/example_dags/example_xcom.py
[2026-09-30T22:58:30.055+0000] {processor.py:743} INFO - Processing file /home/airflow/.local/lib/python3.7/site-packages/airflow/example_dags/example_xcom.py for tasks to queue
[2026-09-30T22:58:30.056+0000] {logging_mixin.py:137} INFO - [2026-09-30T22:58:30.056+0000] {dagbag.py:538} INFO - Filling up the DagBag from /home/airflow/.local/lib/python3.7/site-packages/airflow/example_dags/example_xcom.py
[2026-09-30T22:58:30.086+0000] {processor.py:753} INFO - DAG(s) dict_keys(['example_xcom']) retrieved from /home/airflow/.local/lib/python3.7/site-packages/airflow/example_dags/example_xcom.py
[2026-09-30T22:58:30.136+0000] {logging_mixin.py:137} INFO - [2026-09-30T22:58:30.136+0000] {dag.py:2676} INFO - Sync 1 DAGs
[2026-09-30T22:58:30.173+0000] {logging_mixin.py:137} INFO - [2026-09-30T22:58:30.173+0000] {dag.py:3427} INFO - Setting next_dagrun for example_xcom to 2021-01-01T00:00:00+00:00, run_after=2021-01-01T00:00:00+00:00
[2026-09-30T22:58:30.201+0000] {processor.py:175} INFO - Processing /home/airflow/.local/lib/python3.7/site-packages/airflow/example_dags/example_xcom.py took 0.151 seconds
[2026-09-30T22:59:00.457+0000] {processor.py:153} INFO - Started process (PID=4806) to work on /home/airflow/.local/lib/python3.7/site-packages/airflow/example_dags/example_xcom.py
[2026-09-30T22:59:00.458+0000] {processor.py:743} INFO - Processing file /home/airflow/.local/lib/python3.7/site-packages/airflow/example_dags/example_xcom.py for tasks to queue
[2026-09-30T22:59:00.459+0000] {logging_mixin.py:137} INFO - [2026-09-30T22:59:00.459+0000] {dagbag.py:538} INFO - Filling up the DagBag from /home/airflow/.local/lib/python3.7/site-packages/airflow/example_dags/example_xcom.py
[2026-09-30T22:59:00.492+0000] {processor.py:753} INFO - DAG(s) dict_keys(['example_xcom']) retrieved from /home/airflow/.local/lib/python3.7/site-packages/airflow/example_dags/example_xcom.py
[2026-09-30T22:59:00.550+0000] {logging_mixin.py:137} INFO - [2026-09-30T22:59:00.550+0000] {dag.py:2676} INFO - Sync 1 DAGs
[2026-09-30T22:59:00.590+0000] {logging_mixin.py:137} INFO - [2026-09-30T22:59:00.590+0000] {dag.py:3427} INFO - Setting next_dagrun for example_xcom to 2021-01-01T00:00:00+00:00, run_after=2021-01-01T00:00:00+00:00
[2026-09-30T22:59:00.618+0000] {processor.py:175} INFO - Processing /home/airflow/.local/lib/python3.7/site-packages/airflow/example_dags/example_xcom.py took 0.165 seconds
[2026-09-30T22:59:31.167+0000] {processor.py:153} INFO - Started process (PID=4905) to work on /home/airflow/.local/lib/python3.7/site-packages/airflow/example_dags/example_xcom.py
[2026-09-30T22:59:31.168+0000] {processor.py:743} INFO - Processing file /home/airflow/.local/lib/python3.7/site-packages/airflow/example_dags/example_xcom.py for tasks to queue
[2026-09-30T22:59:31.168+0000] {logging_mixin.py:137} INFO - [2026-09-30T22:59:31.168+0000] {dagbag.py:538} INFO - Filling up the DagBag from /home/airflow/.local/lib/python3.7/site-packages/airflow/example_dags/example_xcom.py
[2026-09-30T22:59:31.190+0000] {processor.py:753} INFO - DAG(s) dict_keys(['example_xcom']) retrieved from /home/airflow/.local/lib/python3.7/site-packages/airflow/example_dags/example_xcom.py
[2026-09-30T22:59:31.230+0000] {logging_mixin.py:137} INFO - [2026-09-30T22:59:31.230+0000] {dag.py:2676} INFO - Sync 1 DAGs
[2026-09-30T22:59:31.254+0000] {logging_mixin.py:137} INFO - [2026-09-30T22:59:31.253+0000] {dag.py:3427} INFO - Setting next_dagrun for example_xcom to 2021-01-01T00:00:00+00:00, run_after=2021-01-01T00:00:00+00:00
[2026-09-30T22:59:31.269+0000] {processor.py:175} INFO - Processing /home/airflow/.local/lib/python3.7/site-packages/airflow/example_dags/example_xcom.py took 0.104 seconds
[2026-09-30T23:00:02.265+0000] {processor.py:153} INFO - Started process (PID=4984) to work on /home/airflow/.local/lib/python3.7/site-packages/airflow/example_dags/example_xcom.py
[2026-09-30T23:00:02.268+0000] {processor.py:743} INFO - Processing file /home/airflow/.local/lib/python3.7/site-packages/airflow/example_dags/example_xcom.py for tasks to queue
[2026-09-30T23:00:02.269+0000] {logging_mixin.py:137} INFO - [2026-09-30T23:00:02.268+0000] {dagbag.py:538} INFO - Filling up the DagBag from /home/airflow/.local/lib/python3.7/site-packages/airflow/example_dags/example_xcom.py
[2026-09-30T23:00:02.317+0000] {processor.py:753} INFO - DAG(s) dict_keys(['example_xcom']) retrieved from /home/airflow/.local/lib/python3.7/site-packages/airflow/example_dags/example_xcom.py
[2026-09-30T23:00:02.381+0000] {logging_mixin.py:137} INFO - [2026-09-30T23:00:02.381+0000] {dag.py:2676} INFO - Sync 1 DAGs
[2026-09-30T23:00:02.412+0000] {logging_mixin.py:137} INFO - [2026-09-30T23:00:02.412+0000] {dag.py:3427} INFO - Setting next_dagrun for example_xcom to 2021-01-01T00:00:00+00:00, run_after=2021-01-01T00:00:00+00:00
[2026-09-30T23:00:02.435+0000] {processor.py:175} INFO - Processing /home/airflow/.local/lib/python3.7/site-packages/airflow/example_dags/example_xcom.py took 0.177 seconds
[2026-09-30T23:00:33.467+0000] {processor.py:153} INFO - Started process (PID=5063) to work on /home/airflow/.local/lib/python3.7/site-packages/airflow/example_dags/example_xcom.py
[2026-09-30T23:00:33.468+0000] {processor.py:743} INFO - Processing file /home/airflow/.local/lib/python3.7/site-packages/airflow/example_dags/example_xcom.py for tasks to queue
[2026-09-30T23:00:33.468+0000] {logging_mixin.py:137} INFO - [2026-09-30T23:00:33.468+0000] {dagbag.py:538} INFO - Filling up the DagBag from /home/airflow/.local/lib/python3.7/site-packages/airflow/example_dags/example_xcom.py
[2026-09-30T23:00:33.497+0000] {processor.py:753} INFO - DAG(s) dict_keys(['example_xcom']) retrieved from /home/airflow/.local/lib/python3.7/site-packages/airflow/example_dags/example_xcom.py
[2026-09-30T23:00:33.547+0000] {logging_mixin.py:137} INFO - [2026-09-30T23:00:33.547+0000] {dag.py:2676} INFO - Sync 1 DAGs
[2026-09-30T23:00:33.581+0000] {logging_mixin.py:137} INFO - [2026-09-30T23:00:33.581+0000] {dag.py:3427} INFO - Setting next_dagrun for example_xcom to 2021-01-01T00:00:00+00:00, run_after=2021-01-01T00:00:00+00:00
[2026-09-30T23:00:33.602+0000] {processor.py:175} INFO - Processing /home/airflow/.local/lib/python3.7/site-packages/airflow/example_dags/example_xcom.py took 0.139 seconds
[2026-09-30T23:01:04.014+0000] {processor.py:153} INFO - Started process (PID=5162) to work on /home/airflow/.local/lib/python3.7/site-packages/airflow/example_dags/example_xcom.py
[2026-09-30T23:01:04.016+0000] {processor.py:743} INFO - Processing file /home/airflow/.local/lib/python3.7/site-packages/airflow/example_dags/example_xcom.py for tasks to queue
[2026-09-30T23:01:04.017+0000] {logging_mixin.py:137} INFO - [2026-09-30T23:01:04.017+0000] {dagbag.py:538} INFO - Filling up the DagBag from /home/airflow/.local/lib/python3.7/site-packages/airflow/example_dags/example_xcom.py
[2026-09-30T23:01:04.065+0000] {processor.py:753} INFO - DAG(s) dict_keys(['example_xcom']) retrieved from /home/airflow/.local/lib/python3.7/site-packages/airflow/example_dags/example_xcom.py
[2026-09-30T23:01:04.126+0000] {logging_mixin.py:137} INFO - [2026-09-30T23:01:04.126+0000] {dag.py:2676} INFO - Sync 1 DAGs
[2026-09-30T23:01:04.171+0000] {logging_mixin.py:137} INFO - [2026-09-30T23:01:04.171+0000] {dag.py:3427} INFO - Setting next_dagrun for example_xcom to 2021-01-01T00:00:00+00:00, run_after=2021-01-01T00:00:00+00:00
[2026-09-30T23:01:04.194+0000] {processor.py:175} INFO - Processing /home/airflow/.local/lib/python3.7/site-packages/airflow/example_dags/example_xcom.py took 0.187 seconds
[2026-09-30T23:01:34.391+0000] {processor.py:153} INFO - Started process (PID=5241) to work on /home/airflow/.local/lib/python3.7/site-packages/airflow/example_dags/example_xcom.py
[2026-09-30T23:01:34.392+0000] {processor.py:743} INFO - Processing file /home/airflow/.local/lib/python3.7/site-packages/airflow/example_dags/example_xcom.py for tasks to queue
[2026-09-30T23:01:34.393+0000] {logging_mixin.py:137} INFO - [2026-09-30T23:01:34.393+0000] {dagbag.py:538} INFO - Filling up the DagBag from /home/airflow/.local/lib/python3.7/site-packages/airflow/example_dags/example_xcom.py
[2026-09-30T23:01:34.422+0000] {processor.py:753} INFO - DAG(s) dict_keys(['example_xcom']) retrieved from /home/airflow/.local/lib/python3.7/site-packages/airflow/example_dags/example_xcom.py
[2026-09-30T23:01:34.474+0000] {logging_mixin.py:137} INFO - [2026-09-30T23:01:34.474+0000] {dag.py:2676} INFO - Sync 1 DAGs
[2026-09-30T23:01:34.508+0000] {logging_mixin.py:137} INFO - [2026-09-30T23:01:34.508+0000] {dag.py:3427} INFO - Setting next_dagrun for example_xcom to 2021-01-01T00:00:00+00:00, run_after=2021-01-01T00:00:00+00:00
[2026-09-30T23:01:34.530+0000] {processor.py:175} INFO - Processing /home/airflow/.local/lib/python3.7/site-packages/airflow/example_dags/example_xcom.py took 0.144 seconds
[2026-09-30T23:02:05.025+0000] {processor.py:153} INFO - Started process (PID=5320) to work on /home/airflow/.local/lib/python3.7/site-packages/airflow/example_dags/example_xcom.py
[2026-09-30T23:02:05.026+0000] {processor.py:743} INFO - Processing file /home/airflow/.local/lib/python3.7/site-packages/airflow/example_dags/example_xcom.py for tasks to queue
[2026-09-30T23:02:05.027+0000] {logging_mixin.py:137} INFO - [2026-09-30T23:02:05.027+0000] {dagbag.py:538} INFO - Filling up the DagBag from /home/airflow/.local/lib/python3.7/site-packages/airflow/example_dags/example_xcom.py
[2026-09-30T23:02:05.053+0000] {processor.py:753} INFO - DAG(s) dict_keys(['example_xcom']) retrieved from /home/airflow/.local/lib/python3.7/site-packages/airflow/example_dags/example_xcom.py
[2026-09-30T23:02:05.097+0000] {logging_mixin.py:137} INFO - [2026-09-30T23:02:05.097+0000] {dag.py:2676} INFO - Sync 1 DAGs
[2026-09-30T23:02:05.126+0000] {logging_mixin.py:137} INFO - [2026-09-30T23:02:05.125+0000] {dag.py:3427} INFO - Setting next_dagrun for example_xcom to 2021-01-01T00:00:00+00:00, run_after=2021-01-01T00:00:00+00:00
[2026-09-30T23:02:05.148+0000] {processor.py:175} INFO - Processing /home/airflow/.local/lib/python3.7/site-packages/airflow/example_dags/example_xcom.py took 0.126 seconds
[2026-09-30T23:02:35.941+0000] {processor.py:153} INFO - Started process (PID=5399) to work on /home/airflow/.local/lib/python3.7/site-packages/airflow/example_dags/example_xcom.py
[2026-09-30T23:02:35.942+0000] {processor.py:743} INFO - Processing file /home/airflow/.local/lib/python3.7/site-packages/airflow/example_dags/example_xcom.py for tasks to queue
[2026-09-30T23:02:35.942+0000] {logging_mixin.py:137} INFO - [2026-09-30T23:02:35.942+0000] {dagbag.py:538} INFO - Filling up the DagBag from /home/airflow/.local/lib/python3.7/site-packages/airflow/example_dags/example_xcom.py
[2026-09-30T23:02:35.984+0000] {processor.py:753} INFO - DAG(s) dict_keys(['example_xcom']) retrieved from /home/airflow/.local/lib/python3.7/site-packages/airflow/example_dags/example_xcom.py
[2026-09-30T23:02:36.060+0000] {logging_mixin.py:137} INFO - [2026-09-30T23:02:36.059+0000] {dag.py:2676} INFO - Sync 1 DAGs
[2026-09-30T23:02:36.108+0000] {logging_mixin.py:137} INFO - [2026-09-30T23:02:36.108+0000] {dag.py:3427} INFO - Setting next_dagrun for example_xcom to 2021-01-01T00:00:00+00:00, run_after=2021-01-01T00:00:00+00:00
[2026-09-30T23:02:36.138+0000] {processor.py:175} INFO - Processing /home/airflow/.local/lib/python3.7/site-packages/airflow/example_dags/example_xcom.py took 0.200 seconds
[2026-09-30T23:03:06.623+0000] {processor.py:153} INFO - Started process (PID=5498) to work on /home/airflow/.local/lib/python3.7/site-packages/airflow/example_dags/example_xcom.py
[2026-09-30T23:03:06.625+0000] {processor.py:743} INFO - Processing file /home/airflow/.local/lib/python3.7/site-packages/airflow/example_dags/example_xcom.py for tasks to queue
[2026-09-30T23:03:06.626+0000] {logging_mixin.py:137} INFO - [2026-09-30T23:03:06.626+0000] {dagbag.py:538} INFO - Filling up the DagBag from /home/airflow/.local/lib/python3.7/site-packages/airflow/example_dags/example_xcom.py
[2026-09-30T23:03:06.674+0000] {processor.py:753} INFO - DAG(s) dict_keys(['example_xcom']) retrieved from /home/airflow/.local/lib/python3.7/site-packages/airflow/example_dags/example_xcom.py
[2026-09-30T23:03:06.740+0000] {logging_mixin.py:137} INFO - [2026-09-30T23:03:06.740+0000] {dag.py:2676} INFO - Sync 1 DAGs
[2026-09-30T23:03:06.788+0000] {logging_mixin.py:137} INFO - [2026-09-30T23:03:06.788+0000] {dag.py:3427} INFO - Setting next_dagrun for example_xcom to 2021-01-01T00:00:00+00:00, run_after=2021-01-01T00:00:00+00:00
[2026-09-30T23:03:06.817+0000] {processor.py:175} INFO - Processing /home/airflow/.local/lib/python3.7/site-packages/airflow/example_dags/example_xcom.py took 0.200 seconds
[2026-09-30T23:03:37.389+0000] {processor.py:153} INFO - Started process (PID=5577) to work on /home/airflow/.local/lib/python3.7/site-packages/airflow/example_dags/example_xcom.py
[2026-09-30T23:03:37.390+0000] {processor.py:743} INFO - Processing file /home/airflow/.local/lib/python3.7/site-packages/airflow/example_dags/example_xcom.py for tasks to queue
[2026-09-30T23:03:37.391+0000] {logging_mixin.py:137} INFO - [2026-09-30T23:03:37.391+0000] {dagbag.py:538} INFO - Filling up the DagBag from /home/airflow/.local/lib/python3.7/site-packages/airflow/example_dags/example_xcom.py
[2026-09-30T23:03:37.422+0000] {processor.py:753} INFO - DAG(s) dict_keys(['example_xcom']) retrieved from /home/airflow/.local/lib/python3.7/site-packages/airflow/example_dags/example_xcom.py
[2026-09-30T23:03:37.475+0000] {logging_mixin.py:137} INFO - [2026-09-30T23:03:37.475+0000] {dag.py:2676} INFO - Sync 1 DAGs
[2026-09-30T23:03:37.509+0000] {logging_mixin.py:137} INFO - [2026-09-30T23:03:37.509+0000] {dag.py:3427} INFO - Setting next_dagrun for example_xcom to 2021-01-01T00:00:00+00:00, run_after=2021-01-01T00:00:00+00:00
[2026-09-30T23:03:37.534+0000] {processor.py:175} INFO - Processing /home/airflow/.local/lib/python3.7/site-packages/airflow/example_dags/example_xcom.py took 0.152 seconds
[2026-09-30T23:04:07.637+0000] {processor.py:153} INFO - Started process (PID=5656) to work on /home/airflow/.local/lib/python3.7/site-packages/airflow/example_dags/example_xcom.py
[2026-09-30T23:04:07.638+0000] {processor.py:743} INFO - Processing file /home/airflow/.local/lib/python3.7/site-packages/airflow/example_dags/example_xcom.py for tasks to queue
[2026-09-30T23:04:07.639+0000] {logging_mixin.py:137} INFO - [2026-09-30T23:04:07.639+0000] {dagbag.py:538} INFO - Filling up the DagBag from /home/airflow/.local/lib/python3.7/site-packages/airflow/example_dags/example_xcom.py
[2026-09-30T23:04:07.676+0000] {processor.py:753} INFO - DAG(s) dict_keys(['example_xcom']) retrieved from /home/airflow/.local/lib/python3.7/site-packages/airflow/example_dags/example_xcom.py
[2026-09-30T23:04:07.735+0000] {logging_mixin.py:137} INFO - [2026-09-30T23:04:07.735+0000] {dag.py:2676} INFO - Sync 1 DAGs
[2026-09-30T23:04:07.767+0000] {logging_mixin.py:137} INFO - [2026-09-30T23:04:07.767+0000] {dag.py:3427} INFO - Setting next_dagrun for example_xcom to 2021-01-01T00:00:00+00:00, run_after=2021-01-01T00:00:00+00:00
[2026-09-30T23:04:07.789+0000] {processor.py:175} INFO - Processing /home/airflow/.local/lib/python3.7/site-packages/airflow/example_dags/example_xcom.py took 0.158 seconds
[2026-09-30T23:04:37.985+0000] {processor.py:153} INFO - Started process (PID=5735) to work on /home/airflow/.local/lib/python3.7/site-packages/airflow/example_dags/example_xcom.py
[2026-09-30T23:04:37.986+0000] {processor.py:743} INFO - Processing file /home/airflow/.local/lib/python3.7/site-packages/airflow/example_dags/example_xcom.py for tasks to queue
[2026-09-30T23:04:37.987+0000] {logging_mixin.py:137} INFO - [2026-09-30T23:04:37.987+0000] {dagbag.py:538} INFO - Filling up the DagBag from /home/airflow/.local/lib/python3.7/site-packages/airflow/example_dags/example_xcom.py
[2026-09-30T23:04:38.017+0000] {processor.py:753} INFO - DAG(s) dict_keys(['example_xcom']) retrieved from /home/airflow/.local/lib/python3.7/site-packages/airflow/example_dags/example_xcom.py
[2026-09-30T23:04:38.066+0000] {logging_mixin.py:137} INFO - [2026-09-30T23:04:38.065+0000] {dag.py:2676} INFO - Sync 1 DAGs
[2026-09-30T23:04:38.095+0000] {logging_mixin.py:137} INFO - [2026-09-30T23:04:38.095+0000] {dag.py:3427} INFO - Setting next_dagrun for example_xcom to 2021-01-01T00:00:00+00:00, run_after=2021-01-01T00:00:00+00:00
[2026-09-30T23:04:38.118+0000] {processor.py:175} INFO - Processing /home/airflow/.local/lib/python3.7/site-packages/airflow/example_dags/example_xcom.py took 0.137 seconds
[2026-09-30T23:05:08.322+0000] {processor.py:153} INFO - Started process (PID=5834) to work on /home/airflow/.local/lib/python3.7/site-packages/airflow/example_dags/example_xcom.py
[2026-09-30T23:05:08.323+0000] {processor.py:743} INFO - Processing file /home/airflow/.local/lib/python3.7/site-packages/airflow/example_dags/example_xcom.py for tasks to queue
[2026-09-30T23:05:08.324+0000] {logging_mixin.py:137} INFO - [2026-09-30T23:05:08.324+0000] {dagbag.py:538} INFO - Filling up the DagBag from /home/airflow/.local/lib/python3.7/site-packages/airflow/example_dags/example_xcom.py
[2026-09-30T23:05:08.347+0000] {processor.py:753} INFO - DAG(s) dict_keys(['example_xcom']) retrieved from /home/airflow/.local/lib/python3.7/site-packages/airflow/example_dags/example_xcom.py
[2026-09-30T23:05:08.386+0000] {logging_mixin.py:137} INFO - [2026-09-30T23:05:08.385+0000] {dag.py:2676} INFO - Sync 1 DAGs
[2026-09-30T23:05:08.411+0000] {logging_mixin.py:137} INFO - [2026-09-30T23:05:08.411+0000] {dag.py:3427} INFO - Setting next_dagrun for example_xcom to 2021-01-01T00:00:00+00:00, run_after=2021-01-01T00:00:00+00:00
[2026-09-30T23:05:08.427+0000] {processor.py:175} INFO - Processing /home/airflow/.local/lib/python3.7/site-packages/airflow/example_dags/example_xcom.py took 0.108 seconds
[2026-09-30T23:05:39.418+0000] {processor.py:153} INFO - Started process (PID=5913) to work on /home/airflow/.local/lib/python3.7/site-packages/airflow/example_dags/example_xcom.py
[2026-09-30T23:05:39.420+0000] {processor.py:743} INFO - Processing file /home/airflow/.local/lib/python3.7/site-packages/airflow/example_dags/example_xcom.py for tasks to queue
[2026-09-30T23:05:39.421+0000] {logging_mixin.py:137} INFO - [2026-09-30T23:05:39.421+0000] {dagbag.py:538} INFO - Filling up the DagBag from /home/airflow/.local/lib/python3.7/site-packages/airflow/example_dags/example_xcom.py
[2026-09-30T23:05:39.468+0000] {processor.py:753} INFO - DAG(s) dict_keys(['example_xcom']) retrieved from /home/airflow/.local/lib/python3.7/site-packages/airflow/example_dags/example_xcom.py
[2026-09-30T23:05:39.519+0000] {logging_mixin.py:137} INFO - [2026-09-30T23:05:39.519+0000] {dag.py:2676} INFO - Sync 1 DAGs
[2026-09-30T23:05:39.553+0000] {logging_mixin.py:137} INFO - [2026-09-30T23:05:39.553+0000] {dag.py:3427} INFO - Setting next_dagrun for example_xcom to 2021-01-01T00:00:00+00:00, run_after=2021-01-01T00:00:00+00:00
[2026-09-30T23:05:39.575+0000] {processor.py:175} INFO - Processing /home/airflow/.local/lib/python3.7/site-packages/airflow/example_dags/example_xcom.py took 0.162 seconds
[2026-09-30T23:06:10.318+0000] {processor.py:153} INFO - Started process (PID=5992) to work on /home/airflow/.local/lib/python3.7/site-packages/airflow/example_dags/example_xcom.py
[2026-09-30T23:06:10.320+0000] {processor.py:743} INFO - Processing file /home/airflow/.local/lib/python3.7/site-packages/airflow/example_dags/example_xcom.py for tasks to queue
[2026-09-30T23:06:10.321+0000] {logging_mixin.py:137} INFO - [2026-09-30T23:06:10.321+0000] {dagbag.py:538} INFO - Filling up the DagBag from /home/airflow/.local/lib/python3.7/site-packages/airflow/example_dags/example_xcom.py
[2026-09-30T23:06:10.366+0000] {processor.py:753} INFO - DAG(s) dict_keys(['example_xcom']) retrieved from /home/airflow/.local/lib/python3.7/site-packages/airflow/example_dags/example_xcom.py
[2026-09-30T23:06:10.424+0000] {logging_mixin.py:137} INFO - [2026-09-30T23:06:10.424+0000] {dag.py:2676} INFO - Sync 1 DAGs
[2026-09-30T23:06:10.457+0000] {logging_mixin.py:137} INFO - [2026-09-30T23:06:10.457+0000] {dag.py:3427} INFO - Setting next_dagrun for example_xcom to 2021-01-01T00:00:00+00:00, run_after=2021-01-01T00:00:00+00:00
[2026-09-30T23:06:10.484+0000] {processor.py:175} INFO - Processing /home/airflow/.local/lib/python3.7/site-packages/airflow/example_dags/example_xcom.py took 0.171 seconds
[2026-09-30T23:06:40.682+0000] {processor.py:153} INFO - Started process (PID=6091) to work on /home/airflow/.local/lib/python3.7/site-packages/airflow/example_dags/example_xcom.py
[2026-09-30T23:06:40.683+0000] {processor.py:743} INFO - Processing file /home/airflow/.local/lib/python3.7/site-packages/airflow/example_dags/example_xcom.py for tasks to queue
[2026-09-30T23:06:40.684+0000] {logging_mixin.py:137} INFO - [2026-09-30T23:06:40.684+0000] {dagbag.py:538} INFO - Filling up the DagBag from /home/airflow/.local/lib/python3.7/site-packages/airflow/example_dags/example_xcom.py
[2026-09-30T23:06:40.727+0000] {processor.py:753} INFO - DAG(s) dict_keys(['example_xcom']) retrieved from /home/airflow/.local/lib/python3.7/site-packages/airflow/example_dags/example_xcom.py
[2026-09-30T23:06:40.784+0000] {logging_mixin.py:137} INFO - [2026-09-30T23:06:40.784+0000] {dag.py:2676} INFO - Sync 1 DAGs
[2026-09-30T23:06:40.826+0000] {logging_mixin.py:137} INFO - [2026-09-30T23:06:40.826+0000] {dag.py:3427} INFO - Setting next_dagrun for example_xcom to 2021-01-01T00:00:00+00:00, run_after=2021-01-01T00:00:00+00:00
[2026-09-30T23:06:40.850+0000] {processor.py:175} INFO - Processing /home/airflow/.local/lib/python3.7/site-packages/airflow/example_dags/example_xcom.py took 0.173 seconds
[2026-09-30T23:07:11.661+0000] {processor.py:153} INFO - Started process (PID=6170) to work on /home/airflow/.local/lib/python3.7/site-packages/airflow/example_dags/example_xcom.py
[2026-09-30T23:07:11.663+0000] {processor.py:743} INFO - Processing file /home/airflow/.local/lib/python3.7/site-packages/airflow/example_dags/example_xcom.py for tasks to queue
[2026-09-30T23:07:11.664+0000] {logging_mixin.py:137} INFO - [2026-09-30T23:07:11.663+0000] {dagbag.py:538} INFO - Filling up the DagBag from /home/airflow/.local/lib/python3.7/site-packages/airflow/example_dags/example_xcom.py
[2026-09-30T23:07:11.695+0000] {processor.py:753} INFO - DAG(s) dict_keys(['example_xcom']) retrieved from /home/airflow/.local/lib/python3.7/site-packages/airflow/example_dags/example_xcom.py
[2026-09-30T23:07:11.743+0000] {logging_mixin.py:137} INFO - [2026-09-30T23:07:11.743+0000] {dag.py:2676} INFO - Sync 1 DAGs
[2026-09-30T23:07:11.779+0000] {logging_mixin.py:137} INFO - [2026-09-30T23:07:11.779+0000] {dag.py:3427} INFO - Setting next_dagrun for example_xcom to 2021-01-01T00:00:00+00:00, run_after=2021-01-01T00:00:00+00:00
[2026-09-30T23:07:11.801+0000] {processor.py:175} INFO - Processing /home/airflow/.local/lib/python3.7/site-packages/airflow/example_dags/example_xcom.py took 0.144 seconds
[2026-09-30T23:07:42.440+0000] {processor.py:153} INFO - Started process (PID=6249) to work on /home/airflow/.local/lib/python3.7/site-packages/airflow/example_dags/example_xcom.py
[2026-09-30T23:07:42.441+0000] {processor.py:743} INFO - Processing file /home/airflow/.local/lib/python3.7/site-packages/airflow/example_dags/example_xcom.py for tasks to queue
[2026-09-30T23:07:42.442+0000] {logging_mixin.py:137} INFO - [2026-09-30T23:07:42.442+0000] {dagbag.py:538} INFO - Filling up the DagBag from /home/airflow/.local/lib/python3.7/site-packages/airflow/example_dags/example_xcom.py
[2026-09-30T23:07:42.473+0000] {processor.py:753} INFO - DAG(s) dict_keys(['example_xcom']) retrieved from /home/airflow/.local/lib/python3.7/site-packages/airflow/example_dags/example_xcom.py
[2026-09-30T23:07:42.527+0000] {logging_mixin.py:137} INFO - [2026-09-30T23:07:42.527+0000] {dag.py:2676} INFO - Sync 1 DAGs
[2026-09-30T23:07:42.566+0000] {logging_mixin.py:137} INFO - [2026-09-30T23:07:42.565+0000] {dag.py:3427} INFO - Setting next_dagrun for example_xcom to 2021-01-01T00:00:00+00:00, run_after=2021-01-01T00:00:00+00:00
[2026-09-30T23:07:42.588+0000] {processor.py:175} INFO - Processing /home/airflow/.local/lib/python3.7/site-packages/airflow/example_dags/example_xcom.py took 0.153 seconds
[2026-09-30T23:08:13.248+0000] {processor.py:153} INFO - Started process (PID=6348) to work on /home/airflow/.local/lib/python3.7/site-packages/airflow/example_dags/example_xcom.py
[2026-09-30T23:08:13.249+0000] {processor.py:743} INFO - Processing file /home/airflow/.local/lib/python3.7/site-packages/airflow/example_dags/example_xcom.py for tasks to queue
[2026-09-30T23:08:13.250+0000] {logging_mixin.py:137} INFO - [2026-09-30T23:08:13.250+0000] {dagbag.py:538} INFO - Filling up the DagBag from /home/airflow/.local/lib/python3.7/site-packages/airflow/example_dags/example_xcom.py
[2026-09-30T23:08:13.281+0000] {processor.py:753} INFO - DAG(s) dict_keys(['example_xcom']) retrieved from /home/airflow/.local/lib/python3.7/site-packages/airflow/example_dags/example_xcom.py
[2026-09-30T23:08:13.331+0000] {logging_mixin.py:137} INFO - [2026-09-30T23:08:13.330+0000] {dag.py:2676} INFO - Sync 1 DAGs
[2026-09-30T23:08:13.361+0000] {logging_mixin.py:137} INFO - [2026-09-30T23:08:13.361+0000] {dag.py:3427} INFO - Setting next_dagrun for example_xcom to 2021-01-01T00:00:00+00:00, run_after=2021-01-01T00:00:00+00:00
[2026-09-30T23:08:13.382+0000] {processor.py:175} INFO - Processing /home/airflow/.local/lib/python3.7/site-packages/airflow/example_dags/example_xcom.py took 0.137 seconds
[2026-09-30T23:08:43.862+0000] {processor.py:153} INFO - Started process (PID=6427) to work on /home/airflow/.local/lib/python3.7/site-packages/airflow/example_dags/example_xcom.py
[2026-09-30T23:08:43.863+0000] {processor.py:743} INFO - Processing file /home/airflow/.local/lib/python3.7/site-packages/airflow/example_dags/example_xcom.py for tasks to queue
[2026-09-30T23:08:43.864+0000] {logging_mixin.py:137} INFO - [2026-09-30T23:08:43.864+0000] {dagbag.py:538} INFO - Filling up the DagBag from /home/airflow/.local/lib/python3.7/site-packages/airflow/example_dags/example_xcom.py
[2026-09-30T23:08:43.896+0000] {processor.py:753} INFO - DAG(s) dict_keys(['example_xcom']) retrieved from /home/airflow/.local/lib/python3.7/site-packages/airflow/example_dags/example_xcom.py
[2026-09-30T23:08:43.950+0000] {logging_mixin.py:137} INFO - [2026-09-30T23:08:43.950+0000] {dag.py:2676} INFO - Sync 1 DAGs
[2026-09-30T23:08:44.002+0000] {logging_mixin.py:137} INFO - [2026-09-30T23:08:44.002+0000] {dag.py:3427} INFO - Setting next_dagrun for example_xcom to 2021-01-01T00:00:00+00:00, run_after=2021-01-01T00:00:00+00:00
[2026-09-30T23:08:44.030+0000] {processor.py:175} INFO - Processing /home/airflow/.local/lib/python3.7/site-packages/airflow/example_dags/example_xcom.py took 0.173 seconds
[2026-09-30T23:09:14.356+0000] {processor.py:153} INFO - Started process (PID=6506) to work on /home/airflow/.local/lib/python3.7/site-packages/airflow/example_dags/example_xcom.py
[2026-09-30T23:09:14.357+0000] {processor.py:743} INFO - Processing file /home/airflow/.local/lib/python3.7/site-packages/airflow/example_dags/example_xcom.py for tasks to queue
[2026-09-30T23:09:14.358+0000] {logging_mixin.py:137} INFO - [2026-09-30T23:09:14.358+0000] {dagbag.py:538} INFO - Filling up the DagBag from /home/airflow/.local/lib/python3.7/site-packages/airflow/example_dags/example_xcom.py
[2026-09-30T23:09:14.388+0000] {processor.py:753} INFO - DAG(s) dict_keys(['example_xcom']) retrieved from /home/airflow/.local/lib/python3.7/site-packages/airflow/example_dags/example_xcom.py
[2026-09-30T23:09:14.440+0000] {logging_mixin.py:137} INFO - [2026-09-30T23:09:14.440+0000] {dag.py:2676} INFO - Sync 1 DAGs
[2026-09-30T23:09:14.480+0000] {logging_mixin.py:137} INFO - [2026-09-30T23:09:14.480+0000] {dag.py:3427} INFO - Setting next_dagrun for example_xcom to 2021-01-01T00:00:00+00:00, run_after=2021-01-01T00:00:00+00:00
[2026-09-30T23:09:14.506+0000] {processor.py:175} INFO - Processing /home/airflow/.local/lib/python3.7/site-packages/airflow/example_dags/example_xcom.py took 0.154 seconds
[2026-09-30T23:09:44.692+0000] {processor.py:153} INFO - Started process (PID=6605) to work on /home/airflow/.local/lib/python3.7/site-packages/airflow/example_dags/example_xcom.py
[2026-09-30T23:09:44.693+0000] {processor.py:743} INFO - Processing file /home/airflow/.local/lib/python3.7/site-packages/airflow/example_dags/example_xcom.py for tasks to queue
[2026-09-30T23:09:44.694+0000] {logging_mixin.py:137} INFO - [2026-09-30T23:09:44.694+0000] {dagbag.py:538} INFO - Filling up the DagBag from /home/airflow/.local/lib/python3.7/site-packages/airflow/example_dags/example_xcom.py
[2026-09-30T23:09:44.728+0000] {processor.py:753} INFO - DAG(s) dict_keys(['example_xcom']) retrieved from /home/airflow/.local/lib/python3.7/site-packages/airflow/example_dags/example_xcom.py
[2026-09-30T23:09:44.779+0000] {logging_mixin.py:137} INFO - [2026-09-30T23:09:44.779+0000] {dag.py:2676} INFO - Sync 1 DAGs
[2026-09-30T23:09:44.810+0000] {logging_mixin.py:137} INFO - [2026-09-30T23:09:44.810+0000] {dag.py:3427} INFO - Setting next_dagrun for example_xcom to 2021-01-01T00:00:00+00:00, run_after=2021-01-01T00:00:00+00:00
[2026-09-30T23:09:44.832+0000] {processor.py:175} INFO - Processing /home/airflow/.local/lib/python3.7/site-packages/airflow/example_dags/example_xcom.py took 0.145 seconds
[2026-09-30T23:10:15.723+0000] {processor.py:153} INFO - Started process (PID=6684) to work on /home/airflow/.local/lib/python3.7/site-packages/airflow/example_dags/example_xcom.py
[2026-09-30T23:10:15.725+0000] {processor.py:743} INFO - Processing file /home/airflow/.local/lib/python3.7/site-packages/airflow/example_dags/example_xcom.py for tasks to queue
[2026-09-30T23:10:15.726+0000] {logging_mixin.py:137} INFO - [2026-09-30T23:10:15.726+0000] {dagbag.py:538} INFO - Filling up the DagBag from /home/airflow/.local/lib/python3.7/site-packages/airflow/example_dags/example_xcom.py
[2026-09-30T23:10:15.774+0000] {processor.py:753} INFO - DAG(s) dict_keys(['example_xcom']) retrieved from /home/airflow/.local/lib/python3.7/site-packages/airflow/example_dags/example_xcom.py
[2026-09-30T23:10:15.850+0000] {logging_mixin.py:137} INFO - [2026-09-30T23:10:15.849+0000] {dag.py:2676} INFO - Sync 1 DAGs
[2026-09-30T23:10:15.897+0000] {logging_mixin.py:137} INFO - [2026-09-30T23:10:15.896+0000] {dag.py:3427} INFO - Setting next_dagrun for example_xcom to 2021-01-01T00:00:00+00:00, run_after=2021-01-01T00:00:00+00:00
[2026-09-30T23:10:15.925+0000] {processor.py:175} INFO - Processing /home/airflow/.local/lib/python3.7/site-packages/airflow/example_dags/example_xcom.py took 0.208 seconds
[2026-09-30T23:10:46.864+0000] {processor.py:153} INFO - Started process (PID=6763) to work on /home/airflow/.local/lib/python3.7/site-packages/airflow/example_dags/example_xcom.py
[2026-09-30T23:10:46.865+0000] {processor.py:743} INFO - Processing file /home/airflow/.local/lib/python3.7/site-packages/airflow/example_dags/example_xcom.py for tasks to queue
[2026-09-30T23:10:46.865+0000] {logging_mixin.py:137} INFO - [2026-09-30T23:10:46.865+0000] {dagbag.py:538} INFO - Filling up the DagBag from /home/airflow/.local/lib/python3.7/site-packages/airflow/example_dags/example_xcom.py
[2026-09-30T23:10:46.896+0000] {processor.py:753} INFO - DAG(s) dict_keys(['example_xcom']) retrieved from /home/airflow/.local/lib/python3.7/site-packages/airflow/example_dags/example_xcom.py
[2026-09-30T23:10:46.947+0000] {logging_mixin.py:137} INFO - [2026-09-30T23:10:46.947+0000] {dag.py:2676} INFO - Sync 1 DAGs
[2026-09-30T23:10:46.989+0000] {logging_mixin.py:137} INFO - [2026-09-30T23:10:46.989+0000] {dag.py:3427} INFO - Setting next_dagrun for example_xcom to 2021-01-01T00:00:00+00:00, run_after=2021-01-01T00:00:00+00:00
[2026-09-30T23:10:47.025+0000] {processor.py:175} INFO - Processing /home/airflow/.local/lib/python3.7/site-packages/airflow/example_dags/example_xcom.py took 0.164 seconds
[2026-09-30T23:11:17.939+0000] {processor.py:153} INFO - Started process (PID=6851) to work on /home/airflow/.local/lib/python3.7/site-packages/airflow/example_dags/example_xcom.py
[2026-09-30T23:11:17.940+0000] {processor.py:743} INFO - Processing file /home/airflow/.local/lib/python3.7/site-packages/airflow/example_dags/example_xcom.py for tasks to queue
[2026-09-30T23:11:17.941+0000] {logging_mixin.py:137} INFO - [2026-09-30T23:11:17.941+0000] {dagbag.py:538} INFO - Filling up the DagBag from /home/airflow/.local/lib/python3.7/site-packages/airflow/example_dags/example_xcom.py
[2026-09-30T23:11:17.974+0000] {processor.py:753} INFO - DAG(s) dict_keys(['example_xcom']) retrieved from /home/airflow/.local/lib/python3.7/site-packages/airflow/example_dags/example_xcom.py
[2026-09-30T23:11:18.028+0000] {logging_mixin.py:137} INFO - [2026-09-30T23:11:18.027+0000] {dag.py:2676} INFO - Sync 1 DAGs
[2026-09-30T23:11:18.064+0000] {logging_mixin.py:137} INFO - [2026-09-30T23:11:18.064+0000] {dag.py:3427} INFO - Setting next_dagrun for example_xcom to 2021-01-01T00:00:00+00:00, run_after=2021-01-01T00:00:00+00:00
[2026-09-30T23:11:18.087+0000] {processor.py:175} INFO - Processing /home/airflow/.local/lib/python3.7/site-packages/airflow/example_dags/example_xcom.py took 0.152 seconds
[2026-09-30T23:11:48.177+0000] {processor.py:153} INFO - Started process (PID=6941) to work on /home/airflow/.local/lib/python3.7/site-packages/airflow/example_dags/example_xcom.py
[2026-09-30T23:11:48.178+0000] {processor.py:743} INFO - Processing file /home/airflow/.local/lib/python3.7/site-packages/airflow/example_dags/example_xcom.py for tasks to queue
[2026-09-30T23:11:48.179+0000] {logging_mixin.py:137} INFO - [2026-09-30T23:11:48.179+0000] {dagbag.py:538} INFO - Filling up the DagBag from /home/airflow/.local/lib/python3.7/site-packages/airflow/example_dags/example_xcom.py
[2026-09-30T23:11:48.202+0000] {processor.py:753} INFO - DAG(s) dict_keys(['example_xcom']) retrieved from /home/airflow/.local/lib/python3.7/site-packages/airflow/example_dags/example_xcom.py
[2026-09-30T23:11:48.239+0000] {logging_mixin.py:137} INFO - [2026-09-30T23:11:48.239+0000] {dag.py:2676} INFO - Sync 1 DAGs
[2026-09-30T23:11:48.261+0000] {logging_mixin.py:137} INFO - [2026-09-30T23:11:48.261+0000] {dag.py:3427} INFO - Setting next_dagrun for example_xcom to 2021-01-01T00:00:00+00:00, run_after=2021-01-01T00:00:00+00:00
[2026-09-30T23:11:48.276+0000] {processor.py:175} INFO - Processing /home/airflow/.local/lib/python3.7/site-packages/airflow/example_dags/example_xcom.py took 0.102 seconds
[2026-09-30T23:12:19.258+0000] {processor.py:153} INFO - Started process (PID=7020) to work on /home/airflow/.local/lib/python3.7/site-packages/airflow/example_dags/example_xcom.py
[2026-09-30T23:12:19.260+0000] {processor.py:743} INFO - Processing file /home/airflow/.local/lib/python3.7/site-packages/airflow/example_dags/example_xcom.py for tasks to queue
[2026-09-30T23:12:19.261+0000] {logging_mixin.py:137} INFO - [2026-09-30T23:12:19.261+0000] {dagbag.py:538} INFO - Filling up the DagBag from /home/airflow/.local/lib/python3.7/site-packages/airflow/example_dags/example_xcom.py
[2026-09-30T23:12:19.302+0000] {processor.py:753} INFO - DAG(s) dict_keys(['example_xcom']) retrieved from /home/airflow/.local/lib/python3.7/site-packages/airflow/example_dags/example_xcom.py
[2026-09-30T23:12:19.367+0000] {logging_mixin.py:137} INFO - [2026-09-30T23:12:19.367+0000] {dag.py:2676} INFO - Sync 1 DAGs
[2026-09-30T23:12:19.397+0000] {logging_mixin.py:137} INFO - [2026-09-30T23:12:19.397+0000] {dag.py:3427} INFO - Setting next_dagrun for example_xcom to 2021-01-01T00:00:00+00:00, run_after=2021-01-01T00:00:00+00:00
[2026-09-30T23:12:19.419+0000] {processor.py:175} INFO - Processing /home/airflow/.local/lib/python3.7/site-packages/airflow/example_dags/example_xcom.py took 0.166 seconds
[2026-09-30T23:12:50.044+0000] {processor.py:153} INFO - Started process (PID=7099) to work on /home/airflow/.local/lib/python3.7/site-packages/airflow/example_dags/example_xcom.py
[2026-09-30T23:12:50.045+0000] {processor.py:743} INFO - Processing file /home/airflow/.local/lib/python3.7/site-packages/airflow/example_dags/example_xcom.py for tasks to queue
[2026-09-30T23:12:50.046+0000] {logging_mixin.py:137} INFO - [2026-09-30T23:12:50.046+0000] {dagbag.py:538} INFO - Filling up the DagBag from /home/airflow/.local/lib/python3.7/site-packages/airflow/example_dags/example_xcom.py
[2026-09-30T23:12:50.091+0000] {processor.py:753} INFO - DAG(s) dict_keys(['example_xcom']) retrieved from /home/airflow/.local/lib/python3.7/site-packages/airflow/example_dags/example_xcom.py
[2026-09-30T23:12:50.155+0000] {logging_mixin.py:137} INFO - [2026-09-30T23:12:50.155+0000] {dag.py:2676} INFO - Sync 1 DAGs
[2026-09-30T23:12:50.186+0000] {logging_mixin.py:137} INFO - [2026-09-30T23:12:50.185+0000] {dag.py:3427} INFO - Setting next_dagrun for example_xcom to 2021-01-01T00:00:00+00:00, run_after=2021-01-01T00:00:00+00:00
[2026-09-30T23:12:50.205+0000] {processor.py:175} INFO - Processing /home/airflow/.local/lib/python3.7/site-packages/airflow/example_dags/example_xcom.py took 0.167 seconds
[2026-09-30T23:13:20.502+0000] {processor.py:153} INFO - Started process (PID=7198) to work on /home/airflow/.local/lib/python3.7/site-packages/airflow/example_dags/example_xcom.py
[2026-09-30T23:13:20.504+0000] {processor.py:743} INFO - Processing file /home/airflow/.local/lib/python3.7/site-packages/airflow/example_dags/example_xcom.py for tasks to queue
[2026-09-30T23:13:20.505+0000] {logging_mixin.py:137} INFO - [2026-09-30T23:13:20.505+0000] {dagbag.py:538} INFO - Filling up the DagBag from /home/airflow/.local/lib/python3.7/site-packages/airflow/example_dags/example_xcom.py
[2026-09-30T23:13:20.537+0000] {processor.py:753} INFO - DAG(s) dict_keys(['example_xcom']) retrieved from /home/airflow/.local/lib/python3.7/site-packages/airflow/example_dags/example_xcom.py
[2026-09-30T23:13:20.585+0000] {logging_mixin.py:137} INFO - [2026-09-30T23:13:20.585+0000] {dag.py:2676} INFO - Sync 1 DAGs
[2026-09-30T23:13:20.645+0000] {logging_mixin.py:137} INFO - [2026-09-30T23:13:20.645+0000] {dag.py:3427} INFO - Setting next_dagrun for example_xcom to 2021-01-01T00:00:00+00:00, run_after=2021-01-01T00:00:00+00:00
[2026-09-30T23:13:20.681+0000] {processor.py:175} INFO - Processing /home/airflow/.local/lib/python3.7/site-packages/airflow/example_dags/example_xcom.py took 0.182 seconds
[2026-09-30T23:13:51.692+0000] {processor.py:153} INFO - Started process (PID=7277) to work on /home/airflow/.local/lib/python3.7/site-packages/airflow/example_dags/example_xcom.py
[2026-09-30T23:13:51.693+0000] {processor.py:743} INFO - Processing file /home/airflow/.local/lib/python3.7/site-packages/airflow/example_dags/example_xcom.py for tasks to queue
[2026-09-30T23:13:51.694+0000] {logging_mixin.py:137} INFO - [2026-09-30T23:13:51.693+0000] {dagbag.py:538} INFO - Filling up the DagBag from /home/airflow/.local/lib/python3.7/site-packages/airflow/example_dags/example_xcom.py
[2026-09-30T23:13:51.721+0000] {processor.py:753} INFO - DAG(s) dict_keys(['example_xcom']) retrieved from /home/airflow/.local/lib/python3.7/site-packages/airflow/example_dags/example_xcom.py
[2026-09-30T23:13:51.766+0000] {logging_mixin.py:137} INFO - [2026-09-30T23:13:51.766+0000] {dag.py:2676} INFO - Sync 1 DAGs
[2026-09-30T23:13:51.793+0000] {logging_mixin.py:137} INFO - [2026-09-30T23:13:51.793+0000] {dag.py:3427} INFO - Setting next_dagrun for example_xcom to 2021-01-01T00:00:00+00:00, run_after=2021-01-01T00:00:00+00:00
[2026-09-30T23:13:51.811+0000] {processor.py:175} INFO - Processing /home/airflow/.local/lib/python3.7/site-packages/airflow/example_dags/example_xcom.py took 0.123 seconds
[2026-09-30T23:14:22.756+0000] {processor.py:153} INFO - Started process (PID=7356) to work on /home/airflow/.local/lib/python3.7/site-packages/airflow/example_dags/example_xcom.py
[2026-09-30T23:14:22.757+0000] {processor.py:743} INFO - Processing file /home/airflow/.local/lib/python3.7/site-packages/airflow/example_dags/example_xcom.py for tasks to queue
[2026-09-30T23:14:22.758+0000] {logging_mixin.py:137} INFO - [2026-09-30T23:14:22.757+0000] {dagbag.py:538} INFO - Filling up the DagBag from /home/airflow/.local/lib/python3.7/site-packages/airflow/example_dags/example_xcom.py
[2026-09-30T23:14:22.788+0000] {processor.py:753} INFO - DAG(s) dict_keys(['example_xcom']) retrieved from /home/airflow/.local/lib/python3.7/site-packages/airflow/example_dags/example_xcom.py
[2026-09-30T23:14:22.840+0000] {logging_mixin.py:137} INFO - [2026-09-30T23:14:22.840+0000] {dag.py:2676} INFO - Sync 1 DAGs
[2026-09-30T23:14:22.888+0000] {logging_mixin.py:137} INFO - [2026-09-30T23:14:22.888+0000] {dag.py:3427} INFO - Setting next_dagrun for example_xcom to 2021-01-01T00:00:00+00:00, run_after=2021-01-01T00:00:00+00:00
[2026-09-30T23:14:22.914+0000] {processor.py:175} INFO - Processing /home/airflow/.local/lib/python3.7/site-packages/airflow/example_dags/example_xcom.py took 0.162 seconds
[2026-09-30T23:14:53.368+0000] {processor.py:153} INFO - Started process (PID=7455) to work on /home/airflow/.local/lib/python3.7/site-packages/airflow/example_dags/example_xcom.py
[2026-09-30T23:14:53.368+0000] {processor.py:743} INFO - Processing file /home/airflow/.local/lib/python3.7/site-packages/airflow/example_dags/example_xcom.py for tasks to queue
[2026-09-30T23:14:53.369+0000] {logging_mixin.py:137} INFO - [2026-09-30T23:14:53.369+0000] {dagbag.py:538} INFO - Filling up the DagBag from /home/airflow/.local/lib/python3.7/site-packages/airflow/example_dags/example_xcom.py
[2026-09-30T23:14:53.402+0000] {processor.py:753} INFO - DAG(s) dict_keys(['example_xcom']) retrieved from /home/airflow/.local/lib/python3.7/site-packages/airflow/example_dags/example_xcom.py
[2026-09-30T23:14:53.461+0000] {logging_mixin.py:137} INFO - [2026-09-30T23:14:53.461+0000] {dag.py:2676} INFO - Sync 1 DAGs
[2026-09-30T23:14:53.501+0000] {logging_mixin.py:137} INFO - [2026-09-30T23:14:53.501+0000] {dag.py:3427} INFO - Setting next_dagrun for example_xcom to 2021-01-01T00:00:00+00:00, run_after=2021-01-01T00:00:00+00:00
[2026-09-30T23:14:53.523+0000] {processor.py:175} INFO - Processing /home/airflow/.local/lib/python3.7/site-packages/airflow/example_dags/example_xcom.py took 0.159 seconds
[2026-09-30T23:15:23.984+0000] {processor.py:153} INFO - Started process (PID=7534) to work on /home/airflow/.local/lib/python3.7/site-packages/airflow/example_dags/example_xcom.py
[2026-09-30T23:15:23.985+0000] {processor.py:743} INFO - Processing file /home/airflow/.local/lib/python3.7/site-packages/airflow/example_dags/example_xcom.py for tasks to queue
[2026-09-30T23:15:23.986+0000] {logging_mixin.py:137} INFO - [2026-09-30T23:15:23.986+0000] {dagbag.py:538} INFO - Filling up the DagBag from /home/airflow/.local/lib/python3.7/site-packages/airflow/example_dags/example_xcom.py
[2026-09-30T23:15:24.024+0000] {processor.py:753} INFO - DAG(s) dict_keys(['example_xcom']) retrieved from /home/airflow/.local/lib/python3.7/site-packages/airflow/example_dags/example_xcom.py
[2026-09-30T23:15:24.082+0000] {logging_mixin.py:137} INFO - [2026-09-30T23:15:24.082+0000] {dag.py:2676} INFO - Sync 1 DAGs
[2026-09-30T23:15:24.122+0000] {logging_mixin.py:137} INFO - [2026-09-30T23:15:24.121+0000] {dag.py:3427} INFO - Setting next_dagrun for example_xcom to 2021-01-01T00:00:00+00:00, run_after=2021-01-01T00:00:00+00:00
[2026-09-30T23:15:24.150+0000] {processor.py:175} INFO - Processing /home/airflow/.local/lib/python3.7/site-packages/airflow/example_dags/example_xcom.py took 0.170 seconds
[2026-09-30T23:15:54.603+0000] {processor.py:153} INFO - Started process (PID=7613) to work on /home/airflow/.local/lib/python3.7/site-packages/airflow/example_dags/example_xcom.py
[2026-09-30T23:15:54.604+0000] {processor.py:743} INFO - Processing file /home/airflow/.local/lib/python3.7/site-packages/airflow/example_dags/example_xcom.py for tasks to queue
[2026-09-30T23:15:54.605+0000] {logging_mixin.py:137} INFO - [2026-09-30T23:15:54.605+0000] {dagbag.py:538} INFO - Filling up the DagBag from /home/airflow/.local/lib/python3.7/site-packages/airflow/example_dags/example_xcom.py
[2026-09-30T23:15:54.638+0000] {processor.py:753} INFO - DAG(s) dict_keys(['example_xcom']) retrieved from /home/airflow/.local/lib/python3.7/site-packages/airflow/example_dags/example_xcom.py
[2026-09-30T23:15:54.695+0000] {logging_mixin.py:137} INFO - [2026-09-30T23:15:54.695+0000] {dag.py:2676} INFO - Sync 1 DAGs
[2026-09-30T23:15:54.729+0000] {logging_mixin.py:137} INFO - [2026-09-30T23:15:54.729+0000] {dag.py:3427} INFO - Setting next_dagrun for example_xcom to 2021-01-01T00:00:00+00:00, run_after=2021-01-01T00:00:00+00:00
[2026-09-30T23:15:54.754+0000] {processor.py:175} INFO - Processing /home/airflow/.local/lib/python3.7/site-packages/airflow/example_dags/example_xcom.py took 0.155 seconds
[2026-09-30T23:16:25.706+0000] {processor.py:153} INFO - Started process (PID=7692) to work on /home/airflow/.local/lib/python3.7/site-packages/airflow/example_dags/example_xcom.py
[2026-09-30T23:16:25.707+0000] {processor.py:743} INFO - Processing file /home/airflow/.local/lib/python3.7/site-packages/airflow/example_dags/example_xcom.py for tasks to queue
[2026-09-30T23:16:25.709+0000] {logging_mixin.py:137} INFO - [2026-09-30T23:16:25.708+0000] {dagbag.py:538} INFO - Filling up the DagBag from /home/airflow/.local/lib/python3.7/site-packages/airflow/example_dags/example_xcom.py
[2026-09-30T23:16:25.755+0000] {processor.py:753} INFO - DAG(s) dict_keys(['example_xcom']) retrieved from /home/airflow/.local/lib/python3.7/site-packages/airflow/example_dags/example_xcom.py
[2026-09-30T23:16:25.804+0000] {logging_mixin.py:137} INFO - [2026-09-30T23:16:25.804+0000] {dag.py:2676} INFO - Sync 1 DAGs
[2026-09-30T23:16:25.842+0000] {logging_mixin.py:137} INFO - [2026-09-30T23:16:25.842+0000] {dag.py:3427} INFO - Setting next_dagrun for example_xcom to 2021-01-01T00:00:00+00:00, run_after=2021-01-01T00:00:00+00:00
[2026-09-30T23:16:25.863+0000] {processor.py:175} INFO - Processing /home/airflow/.local/lib/python3.7/site-packages/airflow/example_dags/example_xcom.py took 0.163 seconds
[2026-09-30T23:16:56.391+0000] {processor.py:153} INFO - Started process (PID=7780) to work on /home/airflow/.local/lib/python3.7/site-packages/airflow/example_dags/example_xcom.py
[2026-09-30T23:16:56.392+0000] {processor.py:743} INFO - Processing file /home/airflow/.local/lib/python3.7/site-packages/airflow/example_dags/example_xcom.py for tasks to queue
[2026-09-30T23:16:56.393+0000] {logging_mixin.py:137} INFO - [2026-09-30T23:16:56.393+0000] {dagbag.py:538} INFO - Filling up the DagBag from /home/airflow/.local/lib/python3.7/site-packages/airflow/example_dags/example_xcom.py
[2026-09-30T23:16:56.434+0000] {processor.py:753} INFO - DAG(s) dict_keys(['example_xcom']) retrieved from /home/airflow/.local/lib/python3.7/site-packages/airflow/example_dags/example_xcom.py
[2026-09-30T23:16:56.486+0000] {logging_mixin.py:137} INFO - [2026-09-30T23:16:56.485+0000] {dag.py:2676} INFO - Sync 1 DAGs
[2026-09-30T23:16:56.534+0000] {logging_mixin.py:137} INFO - [2026-09-30T23:16:56.534+0000] {dag.py:3427} INFO - Setting next_dagrun for example_xcom to 2021-01-01T00:00:00+00:00, run_after=2021-01-01T00:00:00+00:00
[2026-09-30T23:16:56.555+0000] {processor.py:175} INFO - Processing /home/airflow/.local/lib/python3.7/site-packages/airflow/example_dags/example_xcom.py took 0.167 seconds
[2026-09-30T23:17:26.883+0000] {processor.py:153} INFO - Started process (PID=7870) to work on /home/airflow/.local/lib/python3.7/site-packages/airflow/example_dags/example_xcom.py
[2026-09-30T23:17:26.885+0000] {processor.py:743} INFO - Processing file /home/airflow/.local/lib/python3.7/site-packages/airflow/example_dags/example_xcom.py for tasks to queue
[2026-09-30T23:17:26.886+0000] {logging_mixin.py:137} INFO - [2026-09-30T23:17:26.886+0000] {dagbag.py:538} INFO - Filling up the DagBag from /home/airflow/.local/lib/python3.7/site-packages/airflow/example_dags/example_xcom.py
[2026-09-30T23:17:26.924+0000] {processor.py:753} INFO - DAG(s) dict_keys(['example_xcom']) retrieved from /home/airflow/.local/lib/python3.7/site-packages/airflow/example_dags/example_xcom.py
[2026-09-30T23:17:26.975+0000] {logging_mixin.py:137} INFO - [2026-09-30T23:17:26.975+0000] {dag.py:2676} INFO - Sync 1 DAGs
[2026-09-30T23:17:27.007+0000] {logging_mixin.py:137} INFO - [2026-09-30T23:17:27.006+0000] {dag.py:3427} INFO - Setting next_dagrun for example_xcom to 2021-01-01T00:00:00+00:00, run_after=2021-01-01T00:00:00+00:00
[2026-09-30T23:17:27.028+0000] {processor.py:175} INFO - Processing /home/airflow/.local/lib/python3.7/site-packages/airflow/example_dags/example_xcom.py took 0.151 seconds
[2026-09-30T23:17:57.400+0000] {processor.py:153} INFO - Started process (PID=7949) to work on /home/airflow/.local/lib/python3.7/site-packages/airflow/example_dags/example_xcom.py
[2026-09-30T23:17:57.401+0000] {processor.py:743} INFO - Processing file /home/airflow/.local/lib/python3.7/site-packages/airflow/example_dags/example_xcom.py for tasks to queue
[2026-09-30T23:17:57.402+0000] {logging_mixin.py:137} INFO - [2026-09-30T23:17:57.402+0000] {dagbag.py:538} INFO - Filling up the DagBag from /home/airflow/.local/lib/python3.7/site-packages/airflow/example_dags/example_xcom.py
[2026-09-30T23:17:57.437+0000] {processor.py:753} INFO - DAG(s) dict_keys(['example_xcom']) retrieved from /home/airflow/.local/lib/python3.7/site-packages/airflow/example_dags/example_xcom.py
[2026-09-30T23:17:57.488+0000] {logging_mixin.py:137} INFO - [2026-09-30T23:17:57.488+0000] {dag.py:2676} INFO - Sync 1 DAGs
[2026-09-30T23:17:57.521+0000] {logging_mixin.py:137} INFO - [2026-09-30T23:17:57.521+0000] {dag.py:3427} INFO - Setting next_dagrun for example_xcom to 2021-01-01T00:00:00+00:00, run_after=2021-01-01T00:00:00+00:00
[2026-09-30T23:17:57.540+0000] {processor.py:175} INFO - Processing /home/airflow/.local/lib/python3.7/site-packages/airflow/example_dags/example_xcom.py took 0.144 seconds
[2026-09-30T23:18:28.047+0000] {processor.py:153} INFO - Started process (PID=8028) to work on /home/airflow/.local/lib/python3.7/site-packages/airflow/example_dags/example_xcom.py
[2026-09-30T23:18:28.048+0000] {processor.py:743} INFO - Processing file /home/airflow/.local/lib/python3.7/site-packages/airflow/example_dags/example_xcom.py for tasks to queue
[2026-09-30T23:18:28.050+0000] {logging_mixin.py:137} INFO - [2026-09-30T23:18:28.050+0000] {dagbag.py:538} INFO - Filling up the DagBag from /home/airflow/.local/lib/python3.7/site-packages/airflow/example_dags/example_xcom.py
[2026-09-30T23:18:28.079+0000] {processor.py:753} INFO - DAG(s) dict_keys(['example_xcom']) retrieved from /home/airflow/.local/lib/python3.7/site-packages/airflow/example_dags/example_xcom.py
[2026-09-30T23:18:28.131+0000] {logging_mixin.py:137} INFO - [2026-09-30T23:18:28.131+0000] {dag.py:2676} INFO - Sync 1 DAGs
[2026-09-30T23:18:28.170+0000] {logging_mixin.py:137} INFO - [2026-09-30T23:18:28.169+0000] {dag.py:3427} INFO - Setting next_dagrun for example_xcom to 2021-01-01T00:00:00+00:00, run_after=2021-01-01T00:00:00+00:00
[2026-09-30T23:18:28.195+0000] {processor.py:175} INFO - Processing /home/airflow/.local/lib/python3.7/site-packages/airflow/example_dags/example_xcom.py took 0.152 seconds
[2026-09-30T23:18:58.470+0000] {processor.py:153} INFO - Started process (PID=8114) to work on /home/airflow/.local/lib/python3.7/site-packages/airflow/example_dags/example_xcom.py
[2026-09-30T23:18:58.470+0000] {processor.py:743} INFO - Processing file /home/airflow/.local/lib/python3.7/site-packages/airflow/example_dags/example_xcom.py for tasks to queue
[2026-09-30T23:18:58.471+0000] {logging_mixin.py:137} INFO - [2026-09-30T23:18:58.471+0000] {dagbag.py:538} INFO - Filling up the DagBag from /home/airflow/.local/lib/python3.7/site-packages/airflow/example_dags/example_xcom.py
[2026-09-30T23:18:58.519+0000] {processor.py:753} INFO - DAG(s) dict_keys(['example_xcom']) retrieved from /home/airflow/.local/lib/python3.7/site-packages/airflow/example_dags/example_xcom.py
[2026-09-30T23:18:58.592+0000] {logging_mixin.py:137} INFO - [2026-09-30T23:18:58.591+0000] {dag.py:2676} INFO - Sync 1 DAGs
[2026-09-30T23:18:58.641+0000] {logging_mixin.py:137} INFO - [2026-09-30T23:18:58.641+0000] {dag.py:3427} INFO - Setting next_dagrun for example_xcom to 2021-01-01T00:00:00+00:00, run_after=2021-01-01T00:00:00+00:00
[2026-09-30T23:18:58.675+0000] {processor.py:175} INFO - Processing /home/airflow/.local/lib/python3.7/site-packages/airflow/example_dags/example_xcom.py took 0.209 seconds
[2026-09-30T23:19:29.331+0000] {processor.py:153} INFO - Started process (PID=8206) to work on /home/airflow/.local/lib/python3.7/site-packages/airflow/example_dags/example_xcom.py
[2026-09-30T23:19:29.333+0000] {processor.py:743} INFO - Processing file /home/airflow/.local/lib/python3.7/site-packages/airflow/example_dags/example_xcom.py for tasks to queue
[2026-09-30T23:19:29.334+0000] {logging_mixin.py:137} INFO - [2026-09-30T23:19:29.334+0000] {dagbag.py:538} INFO - Filling up the DagBag from /home/airflow/.local/lib/python3.7/site-packages/airflow/example_dags/example_xcom.py
[2026-09-30T23:19:29.391+0000] {processor.py:753} INFO - DAG(s) dict_keys(['example_xcom']) retrieved from /home/airflow/.local/lib/python3.7/site-packages/airflow/example_dags/example_xcom.py
[2026-09-30T23:19:29.474+0000] {logging_mixin.py:137} INFO - [2026-09-30T23:19:29.474+0000] {dag.py:2676} INFO - Sync 1 DAGs
[2026-09-30T23:19:29.518+0000] {logging_mixin.py:137} INFO - [2026-09-30T23:19:29.518+0000] {dag.py:3427} INFO - Setting next_dagrun for example_xcom to 2021-01-01T00:00:00+00:00, run_after=2021-01-01T00:00:00+00:00
[2026-09-30T23:19:29.546+0000] {processor.py:175} INFO - Processing /home/airflow/.local/lib/python3.7/site-packages/airflow/example_dags/example_xcom.py took 0.220 seconds
[2026-09-30T23:19:59.731+0000] {processor.py:153} INFO - Started process (PID=8285) to work on /home/airflow/.local/lib/python3.7/site-packages/airflow/example_dags/example_xcom.py
[2026-09-30T23:19:59.732+0000] {processor.py:743} INFO - Processing file /home/airflow/.local/lib/python3.7/site-packages/airflow/example_dags/example_xcom.py for tasks to queue
[2026-09-30T23:19:59.733+0000] {logging_mixin.py:137} INFO - [2026-09-30T23:19:59.733+0000] {dagbag.py:538} INFO - Filling up the DagBag from /home/airflow/.local/lib/python3.7/site-packages/airflow/example_dags/example_xcom.py
[2026-09-30T23:19:59.781+0000] {processor.py:753} INFO - DAG(s) dict_keys(['example_xcom']) retrieved from /home/airflow/.local/lib/python3.7/site-packages/airflow/example_dags/example_xcom.py
[2026-09-30T23:19:59.842+0000] {logging_mixin.py:137} INFO - [2026-09-30T23:19:59.842+0000] {dag.py:2676} INFO - Sync 1 DAGs
[2026-09-30T23:19:59.873+0000] {logging_mixin.py:137} INFO - [2026-09-30T23:19:59.872+0000] {dag.py:3427} INFO - Setting next_dagrun for example_xcom to 2021-01-01T00:00:00+00:00, run_after=2021-01-01T00:00:00+00:00
[2026-09-30T23:19:59.893+0000] {processor.py:175} INFO - Processing /home/airflow/.local/lib/python3.7/site-packages/airflow/example_dags/example_xcom.py took 0.168 seconds
[2026-09-30T23:20:30.164+0000] {processor.py:153} INFO - Started process (PID=8364) to work on /home/airflow/.local/lib/python3.7/site-packages/airflow/example_dags/example_xcom.py
[2026-09-30T23:20:30.165+0000] {processor.py:743} INFO - Processing file /home/airflow/.local/lib/python3.7/site-packages/airflow/example_dags/example_xcom.py for tasks to queue
[2026-09-30T23:20:30.166+0000] {logging_mixin.py:137} INFO - [2026-09-30T23:20:30.165+0000] {dagbag.py:538} INFO - Filling up the DagBag from /home/airflow/.local/lib/python3.7/site-packages/airflow/example_dags/example_xcom.py
[2026-09-30T23:20:30.197+0000] {processor.py:753} INFO - DAG(s) dict_keys(['example_xcom']) retrieved from /home/airflow/.local/lib/python3.7/site-packages/airflow/example_dags/example_xcom.py
[2026-09-30T23:20:30.246+0000] {logging_mixin.py:137} INFO - [2026-09-30T23:20:30.245+0000] {dag.py:2676} INFO - Sync 1 DAGs
[2026-09-30T23:20:30.281+0000] {logging_mixin.py:137} INFO - [2026-09-30T23:20:30.281+0000] {dag.py:3427} INFO - Setting next_dagrun for example_xcom to 2021-01-01T00:00:00+00:00, run_after=2021-01-01T00:00:00+00:00
[2026-09-30T23:20:30.305+0000] {processor.py:175} INFO - Processing /home/airflow/.local/lib/python3.7/site-packages/airflow/example_dags/example_xcom.py took 0.146 seconds
[2026-09-30T23:21:00.626+0000] {processor.py:153} INFO - Started process (PID=8443) to work on /home/airflow/.local/lib/python3.7/site-packages/airflow/example_dags/example_xcom.py
[2026-09-30T23:21:00.627+0000] {processor.py:743} INFO - Processing file /home/airflow/.local/lib/python3.7/site-packages/airflow/example_dags/example_xcom.py for tasks to queue
[2026-09-30T23:21:00.628+0000] {logging_mixin.py:137} INFO - [2026-09-30T23:21:00.628+0000] {dagbag.py:538} INFO - Filling up the DagBag from /home/airflow/.local/lib/python3.7/site-packages/airflow/example_dags/example_xcom.py
[2026-09-30T23:21:00.668+0000] {processor.py:753} INFO - DAG(s) dict_keys(['example_xcom']) retrieved from /home/airflow/.local/lib/python3.7/site-packages/airflow/example_dags/example_xcom.py
[2026-09-30T23:21:00.721+0000] {logging_mixin.py:137} INFO - [2026-09-30T23:21:00.721+0000] {dag.py:2676} INFO - Sync 1 DAGs
[2026-09-30T23:21:00.757+0000] {logging_mixin.py:137} INFO - [2026-09-30T23:21:00.756+0000] {dag.py:3427} INFO - Setting next_dagrun for example_xcom to 2021-01-01T00:00:00+00:00, run_after=2021-01-01T00:00:00+00:00
[2026-09-30T23:21:00.777+0000] {processor.py:175} INFO - Processing /home/airflow/.local/lib/python3.7/site-packages/airflow/example_dags/example_xcom.py took 0.156 seconds
[2026-09-30T23:21:30.957+0000] {processor.py:153} INFO - Started process (PID=8542) to work on /home/airflow/.local/lib/python3.7/site-packages/airflow/example_dags/example_xcom.py
[2026-09-30T23:21:30.958+0000] {processor.py:743} INFO - Processing file /home/airflow/.local/lib/python3.7/site-packages/airflow/example_dags/example_xcom.py for tasks to queue
[2026-09-30T23:21:30.959+0000] {logging_mixin.py:137} INFO - [2026-09-30T23:21:30.959+0000] {dagbag.py:538} INFO - Filling up the DagBag from /home/airflow/.local/lib/python3.7/site-packages/airflow/example_dags/example_xcom.py
[2026-09-30T23:21:30.985+0000] {processor.py:753} INFO - DAG(s) dict_keys(['example_xcom']) retrieved from /home/airflow/.local/lib/python3.7/site-packages/airflow/example_dags/example_xcom.py
[2026-09-30T23:21:31.028+0000] {logging_mixin.py:137} INFO - [2026-09-30T23:21:31.028+0000] {dag.py:2676} INFO - Sync 1 DAGs
[2026-09-30T23:21:31.053+0000] {logging_mixin.py:137} INFO - [2026-09-30T23:21:31.053+0000] {dag.py:3427} INFO - Setting next_dagrun for example_xcom to 2021-01-01T00:00:00+00:00, run_after=2021-01-01T00:00:00+00:00
[2026-09-30T23:21:31.073+0000] {processor.py:175} INFO - Processing /home/airflow/.local/lib/python3.7/site-packages/airflow/example_dags/example_xcom.py took 0.120 seconds
[2026-09-30T23:22:01.233+0000] {processor.py:153} INFO - Started process (PID=8621) to work on /home/airflow/.local/lib/python3.7/site-packages/airflow/example_dags/example_xcom.py
[2026-09-30T23:22:01.234+0000] {processor.py:743} INFO - Processing file /home/airflow/.local/lib/python3.7/site-packages/airflow/example_dags/example_xcom.py for tasks to queue
[2026-09-30T23:22:01.234+0000] {logging_mixin.py:137} INFO - [2026-09-30T23:22:01.234+0000] {dagbag.py:538} INFO - Filling up the DagBag from /home/airflow/.local/lib/python3.7/site-packages/airflow/example_dags/example_xcom.py
[2026-09-30T23:22:01.258+0000] {processor.py:753} INFO - DAG(s) dict_keys(['example_xcom']) retrieved from /home/airflow/.local/lib/python3.7/site-packages/airflow/example_dags/example_xcom.py
[2026-09-30T23:22:01.298+0000] {logging_mixin.py:137} INFO - [2026-09-30T23:22:01.298+0000] {dag.py:2676} INFO - Sync 1 DAGs
[2026-09-30T23:22:01.322+0000] {logging_mixin.py:137} INFO - [2026-09-30T23:22:01.322+0000] {dag.py:3427} INFO - Setting next_dagrun for example_xcom to 2021-01-01T00:00:00+00:00, run_after=2021-01-01T00:00:00+00:00
[2026-09-30T23:22:01.341+0000] {processor.py:175} INFO - Processing /home/airflow/.local/lib/python3.7/site-packages/airflow/example_dags/example_xcom.py took 0.111 seconds
[2026-09-30T23:22:31.911+0000] {processor.py:153} INFO - Started process (PID=8700) to work on /home/airflow/.local/lib/python3.7/site-packages/airflow/example_dags/example_xcom.py
[2026-09-30T23:22:31.912+0000] {processor.py:743} INFO - Processing file /home/airflow/.local/lib/python3.7/site-packages/airflow/example_dags/example_xcom.py for tasks to queue
[2026-09-30T23:22:31.913+0000] {logging_mixin.py:137} INFO - [2026-09-30T23:22:31.913+0000] {dagbag.py:538} INFO - Filling up the DagBag from /home/airflow/.local/lib/python3.7/site-packages/airflow/example_dags/example_xcom.py
[2026-09-30T23:22:31.943+0000] {processor.py:753} INFO - DAG(s) dict_keys(['example_xcom']) retrieved from /home/airflow/.local/lib/python3.7/site-packages/airflow/example_dags/example_xcom.py
[2026-09-30T23:22:31.996+0000] {logging_mixin.py:137} INFO - [2026-09-30T23:22:31.996+0000] {dag.py:2676} INFO - Sync 1 DAGs
[2026-09-30T23:22:32.023+0000] {logging_mixin.py:137} INFO - [2026-09-30T23:22:32.023+0000] {dag.py:3427} INFO - Setting next_dagrun for example_xcom to 2021-01-01T00:00:00+00:00, run_after=2021-01-01T00:00:00+00:00
[2026-09-30T23:22:32.045+0000] {processor.py:175} INFO - Processing /home/airflow/.local/lib/python3.7/site-packages/airflow/example_dags/example_xcom.py took 0.137 seconds
[2026-09-30T23:23:03.336+0000] {processor.py:153} INFO - Started process (PID=8786) to work on /home/airflow/.local/lib/python3.7/site-packages/airflow/example_dags/example_xcom.py
[2026-09-30T23:23:03.338+0000] {processor.py:743} INFO - Processing file /home/airflow/.local/lib/python3.7/site-packages/airflow/example_dags/example_xcom.py for tasks to queue
[2026-09-30T23:23:03.339+0000] {logging_mixin.py:137} INFO - [2026-09-30T23:23:03.339+0000] {dagbag.py:538} INFO - Filling up the DagBag from /home/airflow/.local/lib/python3.7/site-packages/airflow/example_dags/example_xcom.py
[2026-09-30T23:23:03.380+0000] {processor.py:753} INFO - DAG(s) dict_keys(['example_xcom']) retrieved from /home/airflow/.local/lib/python3.7/site-packages/airflow/example_dags/example_xcom.py
[2026-09-30T23:23:03.472+0000] {logging_mixin.py:137} INFO - [2026-09-30T23:23:03.472+0000] {dag.py:2676} INFO - Sync 1 DAGs
[2026-09-30T23:23:03.518+0000] {logging_mixin.py:137} INFO - [2026-09-30T23:23:03.517+0000] {dag.py:3427} INFO - Setting next_dagrun for example_xcom to 2021-01-01T00:00:00+00:00, run_after=2021-01-01T00:00:00+00:00
[2026-09-30T23:23:03.547+0000] {processor.py:175} INFO - Processing /home/airflow/.local/lib/python3.7/site-packages/airflow/example_dags/example_xcom.py took 0.216 seconds
[2026-09-30T23:23:34.396+0000] {processor.py:153} INFO - Started process (PID=8878) to work on /home/airflow/.local/lib/python3.7/site-packages/airflow/example_dags/example_xcom.py
[2026-09-30T23:23:34.397+0000] {processor.py:743} INFO - Processing file /home/airflow/.local/lib/python3.7/site-packages/airflow/example_dags/example_xcom.py for tasks to queue
[2026-09-30T23:23:34.398+0000] {logging_mixin.py:137} INFO - [2026-09-30T23:23:34.398+0000] {dagbag.py:538} INFO - Filling up the DagBag from /home/airflow/.local/lib/python3.7/site-packages/airflow/example_dags/example_xcom.py
[2026-09-30T23:23:34.430+0000] {processor.py:753} INFO - DAG(s) dict_keys(['example_xcom']) retrieved from /home/airflow/.local/lib/python3.7/site-packages/airflow/example_dags/example_xcom.py
[2026-09-30T23:23:34.484+0000] {logging_mixin.py:137} INFO - [2026-09-30T23:23:34.484+0000] {dag.py:2676} INFO - Sync 1 DAGs
[2026-09-30T23:23:34.521+0000] {logging_mixin.py:137} INFO - [2026-09-30T23:23:34.521+0000] {dag.py:3427} INFO - Setting next_dagrun for example_xcom to 2021-01-01T00:00:00+00:00, run_after=2021-01-01T00:00:00+00:00
[2026-09-30T23:23:34.541+0000] {processor.py:175} INFO - Processing /home/airflow/.local/lib/python3.7/site-packages/airflow/example_dags/example_xcom.py took 0.149 seconds
[2026-09-30T23:24:05.129+0000] {processor.py:153} INFO - Started process (PID=8957) to work on /home/airflow/.local/lib/python3.7/site-packages/airflow/example_dags/example_xcom.py
[2026-09-30T23:24:05.129+0000] {processor.py:743} INFO - Processing file /home/airflow/.local/lib/python3.7/site-packages/airflow/example_dags/example_xcom.py for tasks to queue
[2026-09-30T23:24:05.130+0000] {logging_mixin.py:137} INFO - [2026-09-30T23:24:05.130+0000] {dagbag.py:538} INFO - Filling up the DagBag from /home/airflow/.local/lib/python3.7/site-packages/airflow/example_dags/example_xcom.py
[2026-09-30T23:24:05.172+0000] {processor.py:753} INFO - DAG(s) dict_keys(['example_xcom']) retrieved from /home/airflow/.local/lib/python3.7/site-packages/airflow/example_dags/example_xcom.py
[2026-09-30T23:24:05.238+0000] {logging_mixin.py:137} INFO - [2026-09-30T23:24:05.237+0000] {dag.py:2676} INFO - Sync 1 DAGs
[2026-09-30T23:24:05.281+0000] {logging_mixin.py:137} INFO - [2026-09-30T23:24:05.281+0000] {dag.py:3427} INFO - Setting next_dagrun for example_xcom to 2021-01-01T00:00:00+00:00, run_after=2021-01-01T00:00:00+00:00
[2026-09-30T23:24:05.316+0000] {processor.py:175} INFO - Processing /home/airflow/.local/lib/python3.7/site-packages/airflow/example_dags/example_xcom.py took 0.190 seconds
[2026-09-30T23:24:35.882+0000] {processor.py:153} INFO - Started process (PID=9036) to work on /home/airflow/.local/lib/python3.7/site-packages/airflow/example_dags/example_xcom.py
[2026-09-30T23:24:35.882+0000] {processor.py:743} INFO - Processing file /home/airflow/.local/lib/python3.7/site-packages/airflow/example_dags/example_xcom.py for tasks to queue
[2026-09-30T23:24:35.884+0000] {logging_mixin.py:137} INFO - [2026-09-30T23:24:35.884+0000] {dagbag.py:538} INFO - Filling up the DagBag from /home/airflow/.local/lib/python3.7/site-packages/airflow/example_dags/example_xcom.py
[2026-09-30T23:24:35.915+0000] {processor.py:753} INFO - DAG(s) dict_keys(['example_xcom']) retrieved from /home/airflow/.local/lib/python3.7/site-packages/airflow/example_dags/example_xcom.py
[2026-09-30T23:24:35.967+0000] {logging_mixin.py:137} INFO - [2026-09-30T23:24:35.967+0000] {dag.py:2676} INFO - Sync 1 DAGs
[2026-09-30T23:24:36.001+0000] {logging_mixin.py:137} INFO - [2026-09-30T23:24:36.001+0000] {dag.py:3427} INFO - Setting next_dagrun for example_xcom to 2021-01-01T00:00:00+00:00, run_after=2021-01-01T00:00:00+00:00
[2026-09-30T23:24:36.029+0000] {processor.py:175} INFO - Processing /home/airflow/.local/lib/python3.7/site-packages/airflow/example_dags/example_xcom.py took 0.152 seconds
[2026-09-30T23:25:06.683+0000] {processor.py:153} INFO - Started process (PID=9135) to work on /home/airflow/.local/lib/python3.7/site-packages/airflow/example_dags/example_xcom.py
[2026-09-30T23:25:06.684+0000] {processor.py:743} INFO - Processing file /home/airflow/.local/lib/python3.7/site-packages/airflow/example_dags/example_xcom.py for tasks to queue
[2026-09-30T23:25:06.685+0000] {logging_mixin.py:137} INFO - [2026-09-30T23:25:06.684+0000] {dagbag.py:538} INFO - Filling up the DagBag from /home/airflow/.local/lib/python3.7/site-packages/airflow/example_dags/example_xcom.py
[2026-09-30T23:25:06.718+0000] {processor.py:753} INFO - DAG(s) dict_keys(['example_xcom']) retrieved from /home/airflow/.local/lib/python3.7/site-packages/airflow/example_dags/example_xcom.py
[2026-09-30T23:25:06.770+0000] {logging_mixin.py:137} INFO - [2026-09-30T23:25:06.769+0000] {dag.py:2676} INFO - Sync 1 DAGs
[2026-09-30T23:25:06.805+0000] {logging_mixin.py:137} INFO - [2026-09-30T23:25:06.804+0000] {dag.py:3427} INFO - Setting next_dagrun for example_xcom to 2021-01-01T00:00:00+00:00, run_after=2021-01-01T00:00:00+00:00
[2026-09-30T23:25:06.838+0000] {processor.py:175} INFO - Processing /home/airflow/.local/lib/python3.7/site-packages/airflow/example_dags/example_xcom.py took 0.161 seconds
[2026-09-30T23:25:37.349+0000] {processor.py:153} INFO - Started process (PID=9214) to work on /home/airflow/.local/lib/python3.7/site-packages/airflow/example_dags/example_xcom.py
[2026-09-30T23:25:37.351+0000] {processor.py:743} INFO - Processing file /home/airflow/.local/lib/python3.7/site-packages/airflow/example_dags/example_xcom.py for tasks to queue
[2026-09-30T23:25:37.352+0000] {logging_mixin.py:137} INFO - [2026-09-30T23:25:37.352+0000] {dagbag.py:538} INFO - Filling up the DagBag from /home/airflow/.local/lib/python3.7/site-packages/airflow/example_dags/example_xcom.py
[2026-09-30T23:25:37.401+0000] {processor.py:753} INFO - DAG(s) dict_keys(['example_xcom']) retrieved from /home/airflow/.local/lib/python3.7/site-packages/airflow/example_dags/example_xcom.py
[2026-09-30T23:25:37.474+0000] {logging_mixin.py:137} INFO - [2026-09-30T23:25:37.474+0000] {dag.py:2676} INFO - Sync 1 DAGs
[2026-09-30T23:25:37.509+0000] {logging_mixin.py:137} INFO - [2026-09-30T23:25:37.508+0000] {dag.py:3427} INFO - Setting next_dagrun for example_xcom to 2021-01-01T00:00:00+00:00, run_after=2021-01-01T00:00:00+00:00
[2026-09-30T23:25:37.536+0000] {processor.py:175} INFO - Processing /home/airflow/.local/lib/python3.7/site-packages/airflow/example_dags/example_xcom.py took 0.193 seconds
[2026-09-30T23:26:07.697+0000] {processor.py:153} INFO - Started process (PID=9293) to work on /home/airflow/.local/lib/python3.7/site-packages/airflow/example_dags/example_xcom.py
[2026-09-30T23:26:07.698+0000] {processor.py:743} INFO - Processing file /home/airflow/.local/lib/python3.7/site-packages/airflow/example_dags/example_xcom.py for tasks to queue
[2026-09-30T23:26:07.698+0000] {logging_mixin.py:137} INFO - [2026-09-30T23:26:07.698+0000] {dagbag.py:538} INFO - Filling up the DagBag from /home/airflow/.local/lib/python3.7/site-packages/airflow/example_dags/example_xcom.py
[2026-09-30T23:26:07.731+0000] {processor.py:753} INFO - DAG(s) dict_keys(['example_xcom']) retrieved from /home/airflow/.local/lib/python3.7/site-packages/airflow/example_dags/example_xcom.py
[2026-09-30T23:26:07.783+0000] {logging_mixin.py:137} INFO - [2026-09-30T23:26:07.783+0000] {dag.py:2676} INFO - Sync 1 DAGs
[2026-09-30T23:26:07.815+0000] {logging_mixin.py:137} INFO - [2026-09-30T23:26:07.815+0000] {dag.py:3427} INFO - Setting next_dagrun for example_xcom to 2021-01-01T00:00:00+00:00, run_after=2021-01-01T00:00:00+00:00
[2026-09-30T23:26:07.836+0000] {processor.py:175} INFO - Processing /home/airflow/.local/lib/python3.7/site-packages/airflow/example_dags/example_xcom.py took 0.143 seconds
[2026-09-30T23:26:38.237+0000] {processor.py:153} INFO - Started process (PID=9372) to work on /home/airflow/.local/lib/python3.7/site-packages/airflow/example_dags/example_xcom.py
[2026-09-30T23:26:38.238+0000] {processor.py:743} INFO - Processing file /home/airflow/.local/lib/python3.7/site-packages/airflow/example_dags/example_xcom.py for tasks to queue
[2026-09-30T23:26:38.239+0000] {logging_mixin.py:137} INFO - [2026-09-30T23:26:38.239+0000] {dagbag.py:538} INFO - Filling up the DagBag from /home/airflow/.local/lib/python3.7/site-packages/airflow/example_dags/example_xcom.py
[2026-09-30T23:26:38.275+0000] {processor.py:753} INFO - DAG(s) dict_keys(['example_xcom']) retrieved from /home/airflow/.local/lib/python3.7/site-packages/airflow/example_dags/example_xcom.py
[2026-09-30T23:26:38.328+0000] {logging_mixin.py:137} INFO - [2026-09-30T23:26:38.327+0000] {dag.py:2676} INFO - Sync 1 DAGs
[2026-09-30T23:26:38.365+0000] {logging_mixin.py:137} INFO - [2026-09-30T23:26:38.365+0000] {dag.py:3427} INFO - Setting next_dagrun for example_xcom to 2021-01-01T00:00:00+00:00, run_after=2021-01-01T00:00:00+00:00
[2026-09-30T23:26:38.388+0000] {processor.py:175} INFO - Processing /home/airflow/.local/lib/python3.7/site-packages/airflow/example_dags/example_xcom.py took 0.155 seconds
[2026-09-30T23:27:09.053+0000] {processor.py:153} INFO - Started process (PID=9471) to work on /home/airflow/.local/lib/python3.7/site-packages/airflow/example_dags/example_xcom.py
[2026-09-30T23:27:09.054+0000] {processor.py:743} INFO - Processing file /home/airflow/.local/lib/python3.7/site-packages/airflow/example_dags/example_xcom.py for tasks to queue
[2026-09-30T23:27:09.055+0000] {logging_mixin.py:137} INFO - [2026-09-30T23:27:09.055+0000] {dagbag.py:538} INFO - Filling up the DagBag from /home/airflow/.local/lib/python3.7/site-packages/airflow/example_dags/example_xcom.py
[2026-09-30T23:27:09.090+0000] {processor.py:753} INFO - DAG(s) dict_keys(['example_xcom']) retrieved from /home/airflow/.local/lib/python3.7/site-packages/airflow/example_dags/example_xcom.py
[2026-09-30T23:27:09.141+0000] {logging_mixin.py:137} INFO - [2026-09-30T23:27:09.141+0000] {dag.py:2676} INFO - Sync 1 DAGs
[2026-09-30T23:27:09.177+0000] {logging_mixin.py:137} INFO - [2026-09-30T23:27:09.177+0000] {dag.py:3427} INFO - Setting next_dagrun for example_xcom to 2021-01-01T00:00:00+00:00, run_after=2021-01-01T00:00:00+00:00
[2026-09-30T23:27:09.199+0000] {processor.py:175} INFO - Processing /home/airflow/.local/lib/python3.7/site-packages/airflow/example_dags/example_xcom.py took 0.149 seconds
[2026-09-30T23:27:39.443+0000] {processor.py:153} INFO - Started process (PID=9550) to work on /home/airflow/.local/lib/python3.7/site-packages/airflow/example_dags/example_xcom.py
[2026-09-30T23:27:39.445+0000] {processor.py:743} INFO - Processing file /home/airflow/.local/lib/python3.7/site-packages/airflow/example_dags/example_xcom.py for tasks to queue
[2026-09-30T23:27:39.446+0000] {logging_mixin.py:137} INFO - [2026-09-30T23:27:39.446+0000] {dagbag.py:538} INFO - Filling up the DagBag from /home/airflow/.local/lib/python3.7/site-packages/airflow/example_dags/example_xcom.py
[2026-09-30T23:27:39.482+0000] {processor.py:753} INFO - DAG(s) dict_keys(['example_xcom']) retrieved from /home/airflow/.local/lib/python3.7/site-packages/airflow/example_dags/example_xcom.py
[2026-09-30T23:27:39.538+0000] {logging_mixin.py:137} INFO - [2026-09-30T23:27:39.538+0000] {dag.py:2676} INFO - Sync 1 DAGs
[2026-09-30T23:27:39.570+0000] {logging_mixin.py:137} INFO - [2026-09-30T23:27:39.570+0000] {dag.py:3427} INFO - Setting next_dagrun for example_xcom to 2021-01-01T00:00:00+00:00, run_after=2021-01-01T00:00:00+00:00
[2026-09-30T23:27:39.591+0000] {processor.py:175} INFO - Processing /home/airflow/.local/lib/python3.7/site-packages/airflow/example_dags/example_xcom.py took 0.152 seconds
[2026-09-30T23:28:09.665+0000] {processor.py:153} INFO - Started process (PID=9629) to work on /home/airflow/.local/lib/python3.7/site-packages/airflow/example_dags/example_xcom.py
[2026-09-30T23:28:09.666+0000] {processor.py:743} INFO - Processing file /home/airflow/.local/lib/python3.7/site-packages/airflow/example_dags/example_xcom.py for tasks to queue
[2026-09-30T23:28:09.667+0000] {logging_mixin.py:137} INFO - [2026-09-30T23:28:09.667+0000] {dagbag.py:538} INFO - Filling up the DagBag from /home/airflow/.local/lib/python3.7/site-packages/airflow/example_dags/example_xcom.py
[2026-09-30T23:28:09.696+0000] {processor.py:753} INFO - DAG(s) dict_keys(['example_xcom']) retrieved from /home/airflow/.local/lib/python3.7/site-packages/airflow/example_dags/example_xcom.py
[2026-09-30T23:28:09.746+0000] {logging_mixin.py:137} INFO - [2026-09-30T23:28:09.746+0000] {dag.py:2676} INFO - Sync 1 DAGs
[2026-09-30T23:28:09.777+0000] {logging_mixin.py:137} INFO - [2026-09-30T23:28:09.777+0000] {dag.py:3427} INFO - Setting next_dagrun for example_xcom to 2021-01-01T00:00:00+00:00, run_after=2021-01-01T00:00:00+00:00
[2026-09-30T23:28:09.796+0000] {processor.py:175} INFO - Processing /home/airflow/.local/lib/python3.7/site-packages/airflow/example_dags/example_xcom.py took 0.136 seconds
[2026-09-30T23:28:40.008+0000] {processor.py:153} INFO - Started process (PID=9728) to work on /home/airflow/.local/lib/python3.7/site-packages/airflow/example_dags/example_xcom.py
[2026-09-30T23:28:40.010+0000] {processor.py:743} INFO - Processing file /home/airflow/.local/lib/python3.7/site-packages/airflow/example_dags/example_xcom.py for tasks to queue
[2026-09-30T23:28:40.010+0000] {logging_mixin.py:137} INFO - [2026-09-30T23:28:40.010+0000] {dagbag.py:538} INFO - Filling up the DagBag from /home/airflow/.local/lib/python3.7/site-packages/airflow/example_dags/example_xcom.py
[2026-09-30T23:28:40.044+0000] {processor.py:753} INFO - DAG(s) dict_keys(['example_xcom']) retrieved from /home/airflow/.local/lib/python3.7/site-packages/airflow/example_dags/example_xcom.py
[2026-09-30T23:28:40.093+0000] {logging_mixin.py:137} INFO - [2026-09-30T23:28:40.093+0000] {dag.py:2676} INFO - Sync 1 DAGs
[2026-09-30T23:28:40.126+0000] {logging_mixin.py:137} INFO - [2026-09-30T23:28:40.126+0000] {dag.py:3427} INFO - Setting next_dagrun for example_xcom to 2021-01-01T00:00:00+00:00, run_after=2021-01-01T00:00:00+00:00
[2026-09-30T23:28:40.151+0000] {processor.py:175} INFO - Processing /home/airflow/.local/lib/python3.7/site-packages/airflow/example_dags/example_xcom.py took 0.149 seconds
[2026-09-30T23:29:10.205+0000] {processor.py:153} INFO - Started process (PID=9807) to work on /home/airflow/.local/lib/python3.7/site-packages/airflow/example_dags/example_xcom.py
[2026-09-30T23:29:10.206+0000] {processor.py:743} INFO - Processing file /home/airflow/.local/lib/python3.7/site-packages/airflow/example_dags/example_xcom.py for tasks to queue
[2026-09-30T23:29:10.207+0000] {logging_mixin.py:137} INFO - [2026-09-30T23:29:10.207+0000] {dagbag.py:538} INFO - Filling up the DagBag from /home/airflow/.local/lib/python3.7/site-packages/airflow/example_dags/example_xcom.py
[2026-09-30T23:29:10.234+0000] {processor.py:753} INFO - DAG(s) dict_keys(['example_xcom']) retrieved from /home/airflow/.local/lib/python3.7/site-packages/airflow/example_dags/example_xcom.py
[2026-09-30T23:29:10.276+0000] {logging_mixin.py:137} INFO - [2026-09-30T23:29:10.276+0000] {dag.py:2676} INFO - Sync 1 DAGs
[2026-09-30T23:29:10.304+0000] {logging_mixin.py:137} INFO - [2026-09-30T23:29:10.303+0000] {dag.py:3427} INFO - Setting next_dagrun for example_xcom to 2021-01-01T00:00:00+00:00, run_after=2021-01-01T00:00:00+00:00
[2026-09-30T23:29:10.322+0000] {processor.py:175} INFO - Processing /home/airflow/.local/lib/python3.7/site-packages/airflow/example_dags/example_xcom.py took 0.120 seconds
[2026-09-30T23:29:41.101+0000] {processor.py:153} INFO - Started process (PID=9886) to work on /home/airflow/.local/lib/python3.7/site-packages/airflow/example_dags/example_xcom.py
[2026-09-30T23:29:41.102+0000] {processor.py:743} INFO - Processing file /home/airflow/.local/lib/python3.7/site-packages/airflow/example_dags/example_xcom.py for tasks to queue
[2026-09-30T23:29:41.103+0000] {logging_mixin.py:137} INFO - [2026-09-30T23:29:41.103+0000] {dagbag.py:538} INFO - Filling up the DagBag from /home/airflow/.local/lib/python3.7/site-packages/airflow/example_dags/example_xcom.py
[2026-09-30T23:29:41.126+0000] {processor.py:753} INFO - DAG(s) dict_keys(['example_xcom']) retrieved from /home/airflow/.local/lib/python3.7/site-packages/airflow/example_dags/example_xcom.py
[2026-09-30T23:29:41.164+0000] {logging_mixin.py:137} INFO - [2026-09-30T23:29:41.163+0000] {dag.py:2676} INFO - Sync 1 DAGs
[2026-09-30T23:29:41.189+0000] {logging_mixin.py:137} INFO - [2026-09-30T23:29:41.189+0000] {dag.py:3427} INFO - Setting next_dagrun for example_xcom to 2021-01-01T00:00:00+00:00, run_after=2021-01-01T00:00:00+00:00
[2026-09-30T23:29:41.206+0000] {processor.py:175} INFO - Processing /home/airflow/.local/lib/python3.7/site-packages/airflow/example_dags/example_xcom.py took 0.108 seconds
[2026-09-30T23:30:12.357+0000] {processor.py:153} INFO - Started process (PID=9972) to work on /home/airflow/.local/lib/python3.7/site-packages/airflow/example_dags/example_xcom.py
[2026-09-30T23:30:12.358+0000] {processor.py:743} INFO - Processing file /home/airflow/.local/lib/python3.7/site-packages/airflow/example_dags/example_xcom.py for tasks to queue
[2026-09-30T23:30:12.359+0000] {logging_mixin.py:137} INFO - [2026-09-30T23:30:12.359+0000] {dagbag.py:538} INFO - Filling up the DagBag from /home/airflow/.local/lib/python3.7/site-packages/airflow/example_dags/example_xcom.py
[2026-09-30T23:30:12.392+0000] {processor.py:753} INFO - DAG(s) dict_keys(['example_xcom']) retrieved from /home/airflow/.local/lib/python3.7/site-packages/airflow/example_dags/example_xcom.py
[2026-09-30T23:30:12.442+0000] {logging_mixin.py:137} INFO - [2026-09-30T23:30:12.442+0000] {dag.py:2676} INFO - Sync 1 DAGs
[2026-09-30T23:30:12.473+0000] {logging_mixin.py:137} INFO - [2026-09-30T23:30:12.473+0000] {dag.py:3427} INFO - Setting next_dagrun for example_xcom to 2021-01-01T00:00:00+00:00, run_after=2021-01-01T00:00:00+00:00
[2026-09-30T23:30:12.494+0000] {processor.py:175} INFO - Processing /home/airflow/.local/lib/python3.7/site-packages/airflow/example_dags/example_xcom.py took 0.141 seconds
[2026-09-30T23:30:43.172+0000] {processor.py:153} INFO - Started process (PID=10063) to work on /home/airflow/.local/lib/python3.7/site-packages/airflow/example_dags/example_xcom.py
[2026-09-30T23:30:43.173+0000] {processor.py:743} INFO - Processing file /home/airflow/.local/lib/python3.7/site-packages/airflow/example_dags/example_xcom.py for tasks to queue
[2026-09-30T23:30:43.174+0000] {logging_mixin.py:137} INFO - [2026-09-30T23:30:43.174+0000] {dagbag.py:538} INFO - Filling up the DagBag from /home/airflow/.local/lib/python3.7/site-packages/airflow/example_dags/example_xcom.py
[2026-09-30T23:30:43.220+0000] {processor.py:753} INFO - DAG(s) dict_keys(['example_xcom']) retrieved from /home/airflow/.local/lib/python3.7/site-packages/airflow/example_dags/example_xcom.py
[2026-09-30T23:30:43.280+0000] {logging_mixin.py:137} INFO - [2026-09-30T23:30:43.280+0000] {dag.py:2676} INFO - Sync 1 DAGs
[2026-09-30T23:30:43.347+0000] {logging_mixin.py:137} INFO - [2026-09-30T23:30:43.347+0000] {dag.py:3427} INFO - Setting next_dagrun for example_xcom to 2021-01-01T00:00:00+00:00, run_after=2021-01-01T00:00:00+00:00
[2026-09-30T23:30:43.381+0000] {processor.py:175} INFO - Processing /home/airflow/.local/lib/python3.7/site-packages/airflow/example_dags/example_xcom.py took 0.214 seconds
[2026-09-30T23:31:13.738+0000] {processor.py:153} INFO - Started process (PID=10142) to work on /home/airflow/.local/lib/python3.7/site-packages/airflow/example_dags/example_xcom.py
[2026-09-30T23:31:13.739+0000] {processor.py:743} INFO - Processing file /home/airflow/.local/lib/python3.7/site-packages/airflow/example_dags/example_xcom.py for tasks to queue
[2026-09-30T23:31:13.740+0000] {logging_mixin.py:137} INFO - [2026-09-30T23:31:13.740+0000] {dagbag.py:538} INFO - Filling up the DagBag from /home/airflow/.local/lib/python3.7/site-packages/airflow/example_dags/example_xcom.py
[2026-09-30T23:31:13.772+0000] {processor.py:753} INFO - DAG(s) dict_keys(['example_xcom']) retrieved from /home/airflow/.local/lib/python3.7/site-packages/airflow/example_dags/example_xcom.py
[2026-09-30T23:31:13.826+0000] {logging_mixin.py:137} INFO - [2026-09-30T23:31:13.826+0000] {dag.py:2676} INFO - Sync 1 DAGs
[2026-09-30T23:31:13.862+0000] {logging_mixin.py:137} INFO - [2026-09-30T23:31:13.862+0000] {dag.py:3427} INFO - Setting next_dagrun for example_xcom to 2021-01-01T00:00:00+00:00, run_after=2021-01-01T00:00:00+00:00
[2026-09-30T23:31:13.884+0000] {processor.py:175} INFO - Processing /home/airflow/.local/lib/python3.7/site-packages/airflow/example_dags/example_xcom.py took 0.149 seconds
[2026-09-30T23:31:44.757+0000] {processor.py:153} INFO - Started process (PID=10221) to work on /home/airflow/.local/lib/python3.7/site-packages/airflow/example_dags/example_xcom.py
[2026-09-30T23:31:44.759+0000] {processor.py:743} INFO - Processing file /home/airflow/.local/lib/python3.7/site-packages/airflow/example_dags/example_xcom.py for tasks to queue
[2026-09-30T23:31:44.760+0000] {logging_mixin.py:137} INFO - [2026-09-30T23:31:44.760+0000] {dagbag.py:538} INFO - Filling up the DagBag from /home/airflow/.local/lib/python3.7/site-packages/airflow/example_dags/example_xcom.py
[2026-09-30T23:31:44.789+0000] {processor.py:753} INFO - DAG(s) dict_keys(['example_xcom']) retrieved from /home/airflow/.local/lib/python3.7/site-packages/airflow/example_dags/example_xcom.py
[2026-09-30T23:31:44.841+0000] {logging_mixin.py:137} INFO - [2026-09-30T23:31:44.841+0000] {dag.py:2676} INFO - Sync 1 DAGs
[2026-09-30T23:31:44.881+0000] {logging_mixin.py:137} INFO - [2026-09-30T23:31:44.880+0000] {dag.py:3427} INFO - Setting next_dagrun for example_xcom to 2021-01-01T00:00:00+00:00, run_after=2021-01-01T00:00:00+00:00
[2026-09-30T23:31:44.903+0000] {processor.py:175} INFO - Processing /home/airflow/.local/lib/python3.7/site-packages/airflow/example_dags/example_xcom.py took 0.151 seconds
[2026-09-30T23:32:15.073+0000] {processor.py:153} INFO - Started process (PID=10309) to work on /home/airflow/.local/lib/python3.7/site-packages/airflow/example_dags/example_xcom.py
[2026-09-30T23:32:15.074+0000] {processor.py:743} INFO - Processing file /home/airflow/.local/lib/python3.7/site-packages/airflow/example_dags/example_xcom.py for tasks to queue
[2026-09-30T23:32:15.075+0000] {logging_mixin.py:137} INFO - [2026-09-30T23:32:15.075+0000] {dagbag.py:538} INFO - Filling up the DagBag from /home/airflow/.local/lib/python3.7/site-packages/airflow/example_dags/example_xcom.py
[2026-09-30T23:32:15.111+0000] {processor.py:753} INFO - DAG(s) dict_keys(['example_xcom']) retrieved from /home/airflow/.local/lib/python3.7/site-packages/airflow/example_dags/example_xcom.py
[2026-09-30T23:32:15.162+0000] {logging_mixin.py:137} INFO - [2026-09-30T23:32:15.162+0000] {dag.py:2676} INFO - Sync 1 DAGs
[2026-09-30T23:32:15.197+0000] {logging_mixin.py:137} INFO - [2026-09-30T23:32:15.197+0000] {dag.py:3427} INFO - Setting next_dagrun for example_xcom to 2021-01-01T00:00:00+00:00, run_after=2021-01-01T00:00:00+00:00
[2026-09-30T23:32:15.219+0000] {processor.py:175} INFO - Processing /home/airflow/.local/lib/python3.7/site-packages/airflow/example_dags/example_xcom.py took 0.149 seconds
[2026-09-30T23:32:45.518+0000] {processor.py:153} INFO - Started process (PID=10399) to work on /home/airflow/.local/lib/python3.7/site-packages/airflow/example_dags/example_xcom.py
[2026-09-30T23:32:45.519+0000] {processor.py:743} INFO - Processing file /home/airflow/.local/lib/python3.7/site-packages/airflow/example_dags/example_xcom.py for tasks to queue
[2026-09-30T23:32:45.520+0000] {logging_mixin.py:137} INFO - [2026-09-30T23:32:45.520+0000] {dagbag.py:538} INFO - Filling up the DagBag from /home/airflow/.local/lib/python3.7/site-packages/airflow/example_dags/example_xcom.py
[2026-09-30T23:32:45.558+0000] {processor.py:753} INFO - DAG(s) dict_keys(['example_xcom']) retrieved from /home/airflow/.local/lib/python3.7/site-packages/airflow/example_dags/example_xcom.py
[2026-09-30T23:32:45.613+0000] {logging_mixin.py:137} INFO - [2026-09-30T23:32:45.613+0000] {dag.py:2676} INFO - Sync 1 DAGs
[2026-09-30T23:32:45.649+0000] {logging_mixin.py:137} INFO - [2026-09-30T23:32:45.649+0000] {dag.py:3427} INFO - Setting next_dagrun for example_xcom to 2021-01-01T00:00:00+00:00, run_after=2021-01-01T00:00:00+00:00
[2026-09-30T23:32:45.672+0000] {processor.py:175} INFO - Processing /home/airflow/.local/lib/python3.7/site-packages/airflow/example_dags/example_xcom.py took 0.159 seconds
[2026-09-30T23:33:16.520+0000] {processor.py:153} INFO - Started process (PID=10478) to work on /home/airflow/.local/lib/python3.7/site-packages/airflow/example_dags/example_xcom.py
[2026-09-30T23:33:16.521+0000] {processor.py:743} INFO - Processing file /home/airflow/.local/lib/python3.7/site-packages/airflow/example_dags/example_xcom.py for tasks to queue
[2026-09-30T23:33:16.522+0000] {logging_mixin.py:137} INFO - [2026-09-30T23:33:16.522+0000] {dagbag.py:538} INFO - Filling up the DagBag from /home/airflow/.local/lib/python3.7/site-packages/airflow/example_dags/example_xcom.py
[2026-09-30T23:33:16.552+0000] {processor.py:753} INFO - DAG(s) dict_keys(['example_xcom']) retrieved from /home/airflow/.local/lib/python3.7/site-packages/airflow/example_dags/example_xcom.py
[2026-09-30T23:33:16.606+0000] {logging_mixin.py:137} INFO - [2026-09-30T23:33:16.605+0000] {dag.py:2676} INFO - Sync 1 DAGs
[2026-09-30T23:33:16.638+0000] {logging_mixin.py:137} INFO - [2026-09-30T23:33:16.638+0000] {dag.py:3427} INFO - Setting next_dagrun for example_xcom to 2021-01-01T00:00:00+00:00, run_after=2021-01-01T00:00:00+00:00
[2026-09-30T23:33:16.659+0000] {processor.py:175} INFO - Processing /home/airflow/.local/lib/python3.7/site-packages/airflow/example_dags/example_xcom.py took 0.142 seconds
[2026-09-30T23:33:47.600+0000] {processor.py:153} INFO - Started process (PID=10557) to work on /home/airflow/.local/lib/python3.7/site-packages/airflow/example_dags/example_xcom.py
[2026-09-30T23:33:47.601+0000] {processor.py:743} INFO - Processing file /home/airflow/.local/lib/python3.7/site-packages/airflow/example_dags/example_xcom.py for tasks to queue
[2026-09-30T23:33:47.601+0000] {logging_mixin.py:137} INFO - [2026-09-30T23:33:47.601+0000] {dagbag.py:538} INFO - Filling up the DagBag from /home/airflow/.local/lib/python3.7/site-packages/airflow/example_dags/example_xcom.py
[2026-09-30T23:33:47.642+0000] {processor.py:753} INFO - DAG(s) dict_keys(['example_xcom']) retrieved from /home/airflow/.local/lib/python3.7/site-packages/airflow/example_dags/example_xcom.py
[2026-09-30T23:33:47.695+0000] {logging_mixin.py:137} INFO - [2026-09-30T23:33:47.695+0000] {dag.py:2676} INFO - Sync 1 DAGs
[2026-09-30T23:33:47.739+0000] {logging_mixin.py:137} INFO - [2026-09-30T23:33:47.739+0000] {dag.py:3427} INFO - Setting next_dagrun for example_xcom to 2021-01-01T00:00:00+00:00, run_after=2021-01-01T00:00:00+00:00
[2026-09-30T23:33:47.758+0000] {processor.py:175} INFO - Processing /home/airflow/.local/lib/python3.7/site-packages/airflow/example_dags/example_xcom.py took 0.163 seconds
[2026-09-30T23:34:17.874+0000] {processor.py:153} INFO - Started process (PID=10656) to work on /home/airflow/.local/lib/python3.7/site-packages/airflow/example_dags/example_xcom.py
[2026-09-30T23:34:17.875+0000] {processor.py:743} INFO - Processing file /home/airflow/.local/lib/python3.7/site-packages/airflow/example_dags/example_xcom.py for tasks to queue
[2026-09-30T23:34:17.875+0000] {logging_mixin.py:137} INFO - [2026-09-30T23:34:17.875+0000] {dagbag.py:538} INFO - Filling up the DagBag from /home/airflow/.local/lib/python3.7/site-packages/airflow/example_dags/example_xcom.py
[2026-09-30T23:34:17.904+0000] {processor.py:753} INFO - DAG(s) dict_keys(['example_xcom']) retrieved from /home/airflow/.local/lib/python3.7/site-packages/airflow/example_dags/example_xcom.py
[2026-09-30T23:34:17.950+0000] {logging_mixin.py:137} INFO - [2026-09-30T23:34:17.949+0000] {dag.py:2676} INFO - Sync 1 DAGs
[2026-09-30T23:34:17.978+0000] {logging_mixin.py:137} INFO - [2026-09-30T23:34:17.977+0000] {dag.py:3427} INFO - Setting next_dagrun for example_xcom to 2021-01-01T00:00:00+00:00, run_after=2021-01-01T00:00:00+00:00
[2026-09-30T23:34:17.997+0000] {processor.py:175} INFO - Processing /home/airflow/.local/lib/python3.7/site-packages/airflow/example_dags/example_xcom.py took 0.127 seconds
[2026-09-30T23:34:48.243+0000] {processor.py:153} INFO - Started process (PID=10735) to work on /home/airflow/.local/lib/python3.7/site-packages/airflow/example_dags/example_xcom.py
[2026-09-30T23:34:48.244+0000] {processor.py:743} INFO - Processing file /home/airflow/.local/lib/python3.7/site-packages/airflow/example_dags/example_xcom.py for tasks to queue
[2026-09-30T23:34:48.245+0000] {logging_mixin.py:137} INFO - [2026-09-30T23:34:48.245+0000] {dagbag.py:538} INFO - Filling up the DagBag from /home/airflow/.local/lib/python3.7/site-packages/airflow/example_dags/example_xcom.py
[2026-09-30T23:34:48.284+0000] {processor.py:753} INFO - DAG(s) dict_keys(['example_xcom']) retrieved from /home/airflow/.local/lib/python3.7/site-packages/airflow/example_dags/example_xcom.py
[2026-09-30T23:34:48.335+0000] {logging_mixin.py:137} INFO - [2026-09-30T23:34:48.335+0000] {dag.py:2676} INFO - Sync 1 DAGs
[2026-09-30T23:34:48.369+0000] {logging_mixin.py:137} INFO - [2026-09-30T23:34:48.369+0000] {dag.py:3427} INFO - Setting next_dagrun for example_xcom to 2021-01-01T00:00:00+00:00, run_after=2021-01-01T00:00:00+00:00
[2026-09-30T23:34:48.391+0000] {processor.py:175} INFO - Processing /home/airflow/.local/lib/python3.7/site-packages/airflow/example_dags/example_xcom.py took 0.152 seconds
[2026-09-30T23:35:18.836+0000] {processor.py:153} INFO - Started process (PID=10814) to work on /home/airflow/.local/lib/python3.7/site-packages/airflow/example_dags/example_xcom.py
[2026-09-30T23:35:18.837+0000] {processor.py:743} INFO - Processing file /home/airflow/.local/lib/python3.7/site-packages/airflow/example_dags/example_xcom.py for tasks to queue
[2026-09-30T23:35:18.837+0000] {logging_mixin.py:137} INFO - [2026-09-30T23:35:18.837+0000] {dagbag.py:538} INFO - Filling up the DagBag from /home/airflow/.local/lib/python3.7/site-packages/airflow/example_dags/example_xcom.py
[2026-09-30T23:35:18.870+0000] {processor.py:753} INFO - DAG(s) dict_keys(['example_xcom']) retrieved from /home/airflow/.local/lib/python3.7/site-packages/airflow/example_dags/example_xcom.py
[2026-09-30T23:35:18.917+0000] {logging_mixin.py:137} INFO - [2026-09-30T23:35:18.917+0000] {dag.py:2676} INFO - Sync 1 DAGs
[2026-09-30T23:35:18.950+0000] {logging_mixin.py:137} INFO - [2026-09-30T23:35:18.950+0000] {dag.py:3427} INFO - Setting next_dagrun for example_xcom to 2021-01-01T00:00:00+00:00, run_after=2021-01-01T00:00:00+00:00
[2026-09-30T23:35:18.978+0000] {processor.py:175} INFO - Processing /home/airflow/.local/lib/python3.7/site-packages/airflow/example_dags/example_xcom.py took 0.146 seconds
[2026-09-30T23:35:49.249+0000] {processor.py:153} INFO - Started process (PID=10893) to work on /home/airflow/.local/lib/python3.7/site-packages/airflow/example_dags/example_xcom.py
[2026-09-30T23:35:49.250+0000] {processor.py:743} INFO - Processing file /home/airflow/.local/lib/python3.7/site-packages/airflow/example_dags/example_xcom.py for tasks to queue
[2026-09-30T23:35:49.251+0000] {logging_mixin.py:137} INFO - [2026-09-30T23:35:49.251+0000] {dagbag.py:538} INFO - Filling up the DagBag from /home/airflow/.local/lib/python3.7/site-packages/airflow/example_dags/example_xcom.py
[2026-09-30T23:35:49.284+0000] {processor.py:753} INFO - DAG(s) dict_keys(['example_xcom']) retrieved from /home/airflow/.local/lib/python3.7/site-packages/airflow/example_dags/example_xcom.py
[2026-09-30T23:35:49.337+0000] {logging_mixin.py:137} INFO - [2026-09-30T23:35:49.337+0000] {dag.py:2676} INFO - Sync 1 DAGs
[2026-09-30T23:35:49.371+0000] {logging_mixin.py:137} INFO - [2026-09-30T23:35:49.370+0000] {dag.py:3427} INFO - Setting next_dagrun for example_xcom to 2021-01-01T00:00:00+00:00, run_after=2021-01-01T00:00:00+00:00
[2026-09-30T23:35:49.393+0000] {processor.py:175} INFO - Processing /home/airflow/.local/lib/python3.7/site-packages/airflow/example_dags/example_xcom.py took 0.148 seconds
[2026-09-30T23:36:19.557+0000] {processor.py:153} INFO - Started process (PID=10992) to work on /home/airflow/.local/lib/python3.7/site-packages/airflow/example_dags/example_xcom.py
[2026-09-30T23:36:19.560+0000] {processor.py:743} INFO - Processing file /home/airflow/.local/lib/python3.7/site-packages/airflow/example_dags/example_xcom.py for tasks to queue
[2026-09-30T23:36:19.561+0000] {logging_mixin.py:137} INFO - [2026-09-30T23:36:19.561+0000] {dagbag.py:538} INFO - Filling up the DagBag from /home/airflow/.local/lib/python3.7/site-packages/airflow/example_dags/example_xcom.py
[2026-09-30T23:36:19.606+0000] {processor.py:753} INFO - DAG(s) dict_keys(['example_xcom']) retrieved from /home/airflow/.local/lib/python3.7/site-packages/airflow/example_dags/example_xcom.py
[2026-09-30T23:36:19.675+0000] {logging_mixin.py:137} INFO - [2026-09-30T23:36:19.675+0000] {dag.py:2676} INFO - Sync 1 DAGs
[2026-09-30T23:36:19.715+0000] {logging_mixin.py:137} INFO - [2026-09-30T23:36:19.715+0000] {dag.py:3427} INFO - Setting next_dagrun for example_xcom to 2021-01-01T00:00:00+00:00, run_after=2021-01-01T00:00:00+00:00
[2026-09-30T23:36:19.740+0000] {processor.py:175} INFO - Processing /home/airflow/.local/lib/python3.7/site-packages/airflow/example_dags/example_xcom.py took 0.190 seconds
[2026-09-30T23:36:50.634+0000] {processor.py:153} INFO - Started process (PID=11072) to work on /home/airflow/.local/lib/python3.7/site-packages/airflow/example_dags/example_xcom.py
[2026-09-30T23:36:50.636+0000] {processor.py:743} INFO - Processing file /home/airflow/.local/lib/python3.7/site-packages/airflow/example_dags/example_xcom.py for tasks to queue
[2026-09-30T23:36:50.637+0000] {logging_mixin.py:137} INFO - [2026-09-30T23:36:50.637+0000] {dagbag.py:538} INFO - Filling up the DagBag from /home/airflow/.local/lib/python3.7/site-packages/airflow/example_dags/example_xcom.py
[2026-09-30T23:36:50.686+0000] {processor.py:753} INFO - DAG(s) dict_keys(['example_xcom']) retrieved from /home/airflow/.local/lib/python3.7/site-packages/airflow/example_dags/example_xcom.py
[2026-09-30T23:36:50.752+0000] {logging_mixin.py:137} INFO - [2026-09-30T23:36:50.752+0000] {dag.py:2676} INFO - Sync 1 DAGs
[2026-09-30T23:36:50.791+0000] {logging_mixin.py:137} INFO - [2026-09-30T23:36:50.791+0000] {dag.py:3427} INFO - Setting next_dagrun for example_xcom to 2021-01-01T00:00:00+00:00, run_after=2021-01-01T00:00:00+00:00
[2026-09-30T23:36:50.841+0000] {processor.py:175} INFO - Processing /home/airflow/.local/lib/python3.7/site-packages/airflow/example_dags/example_xcom.py took 0.213 seconds
[2026-09-30T23:37:20.933+0000] {processor.py:153} INFO - Started process (PID=11151) to work on /home/airflow/.local/lib/python3.7/site-packages/airflow/example_dags/example_xcom.py
[2026-09-30T23:37:20.933+0000] {processor.py:743} INFO - Processing file /home/airflow/.local/lib/python3.7/site-packages/airflow/example_dags/example_xcom.py for tasks to queue
[2026-09-30T23:37:20.934+0000] {logging_mixin.py:137} INFO - [2026-09-30T23:37:20.934+0000] {dagbag.py:538} INFO - Filling up the DagBag from /home/airflow/.local/lib/python3.7/site-packages/airflow/example_dags/example_xcom.py
[2026-09-30T23:37:20.966+0000] {processor.py:753} INFO - DAG(s) dict_keys(['example_xcom']) retrieved from /home/airflow/.local/lib/python3.7/site-packages/airflow/example_dags/example_xcom.py
[2026-09-30T23:37:21.018+0000] {logging_mixin.py:137} INFO - [2026-09-30T23:37:21.018+0000] {dag.py:2676} INFO - Sync 1 DAGs
[2026-09-30T23:37:21.053+0000] {logging_mixin.py:137} INFO - [2026-09-30T23:37:21.052+0000] {dag.py:3427} INFO - Setting next_dagrun for example_xcom to 2021-01-01T00:00:00+00:00, run_after=2021-01-01T00:00:00+00:00
[2026-09-30T23:37:21.074+0000] {processor.py:175} INFO - Processing /home/airflow/.local/lib/python3.7/site-packages/airflow/example_dags/example_xcom.py took 0.145 seconds
[2026-09-30T23:37:51.148+0000] {processor.py:153} INFO - Started process (PID=11230) to work on /home/airflow/.local/lib/python3.7/site-packages/airflow/example_dags/example_xcom.py
[2026-09-30T23:37:51.149+0000] {processor.py:743} INFO - Processing file /home/airflow/.local/lib/python3.7/site-packages/airflow/example_dags/example_xcom.py for tasks to queue
[2026-09-30T23:37:51.150+0000] {logging_mixin.py:137} INFO - [2026-09-30T23:37:51.150+0000] {dagbag.py:538} INFO - Filling up the DagBag from /home/airflow/.local/lib/python3.7/site-packages/airflow/example_dags/example_xcom.py
[2026-09-30T23:37:51.180+0000] {processor.py:753} INFO - DAG(s) dict_keys(['example_xcom']) retrieved from /home/airflow/.local/lib/python3.7/site-packages/airflow/example_dags/example_xcom.py
[2026-09-30T23:37:51.228+0000] {logging_mixin.py:137} INFO - [2026-09-30T23:37:51.227+0000] {dag.py:2676} INFO - Sync 1 DAGs
[2026-09-30T23:37:51.260+0000] {logging_mixin.py:137} INFO - [2026-09-30T23:37:51.260+0000] {dag.py:3427} INFO - Setting next_dagrun for example_xcom to 2021-01-01T00:00:00+00:00, run_after=2021-01-01T00:00:00+00:00
[2026-09-30T23:37:51.278+0000] {processor.py:175} INFO - Processing /home/airflow/.local/lib/python3.7/site-packages/airflow/example_dags/example_xcom.py took 0.134 seconds
[2026-09-30T23:38:22.172+0000] {processor.py:153} INFO - Started process (PID=11329) to work on /home/airflow/.local/lib/python3.7/site-packages/airflow/example_dags/example_xcom.py
[2026-09-30T23:38:22.173+0000] {processor.py:743} INFO - Processing file /home/airflow/.local/lib/python3.7/site-packages/airflow/example_dags/example_xcom.py for tasks to queue
[2026-09-30T23:38:22.174+0000] {logging_mixin.py:137} INFO - [2026-09-30T23:38:22.174+0000] {dagbag.py:538} INFO - Filling up the DagBag from /home/airflow/.local/lib/python3.7/site-packages/airflow/example_dags/example_xcom.py
[2026-09-30T23:38:22.210+0000] {processor.py:753} INFO - DAG(s) dict_keys(['example_xcom']) retrieved from /home/airflow/.local/lib/python3.7/site-packages/airflow/example_dags/example_xcom.py
[2026-09-30T23:38:22.274+0000] {logging_mixin.py:137} INFO - [2026-09-30T23:38:22.274+0000] {dag.py:2676} INFO - Sync 1 DAGs
[2026-09-30T23:38:22.304+0000] {logging_mixin.py:137} INFO - [2026-09-30T23:38:22.303+0000] {dag.py:3427} INFO - Setting next_dagrun for example_xcom to 2021-01-01T00:00:00+00:00, run_after=2021-01-01T00:00:00+00:00
[2026-09-30T23:38:22.324+0000] {processor.py:175} INFO - Processing /home/airflow/.local/lib/python3.7/site-packages/airflow/example_dags/example_xcom.py took 0.158 seconds
[2026-09-30T23:38:52.611+0000] {processor.py:153} INFO - Started process (PID=11408) to work on /home/airflow/.local/lib/python3.7/site-packages/airflow/example_dags/example_xcom.py
[2026-09-30T23:38:52.614+0000] {processor.py:743} INFO - Processing file /home/airflow/.local/lib/python3.7/site-packages/airflow/example_dags/example_xcom.py for tasks to queue
[2026-09-30T23:38:52.615+0000] {logging_mixin.py:137} INFO - [2026-09-30T23:38:52.615+0000] {dagbag.py:538} INFO - Filling up the DagBag from /home/airflow/.local/lib/python3.7/site-packages/airflow/example_dags/example_xcom.py
[2026-09-30T23:38:52.654+0000] {processor.py:753} INFO - DAG(s) dict_keys(['example_xcom']) retrieved from /home/airflow/.local/lib/python3.7/site-packages/airflow/example_dags/example_xcom.py
[2026-09-30T23:38:52.705+0000] {logging_mixin.py:137} INFO - [2026-09-30T23:38:52.705+0000] {dag.py:2676} INFO - Sync 1 DAGs
[2026-09-30T23:38:52.739+0000] {logging_mixin.py:137} INFO - [2026-09-30T23:38:52.738+0000] {dag.py:3427} INFO - Setting next_dagrun for example_xcom to 2021-01-01T00:00:00+00:00, run_after=2021-01-01T00:00:00+00:00
[2026-09-30T23:38:52.763+0000] {processor.py:175} INFO - Processing /home/airflow/.local/lib/python3.7/site-packages/airflow/example_dags/example_xcom.py took 0.157 seconds
[2026-09-30T23:39:23.453+0000] {processor.py:153} INFO - Started process (PID=11487) to work on /home/airflow/.local/lib/python3.7/site-packages/airflow/example_dags/example_xcom.py
[2026-09-30T23:39:23.455+0000] {processor.py:743} INFO - Processing file /home/airflow/.local/lib/python3.7/site-packages/airflow/example_dags/example_xcom.py for tasks to queue
[2026-09-30T23:39:23.456+0000] {logging_mixin.py:137} INFO - [2026-09-30T23:39:23.455+0000] {dagbag.py:538} INFO - Filling up the DagBag from /home/airflow/.local/lib/python3.7/site-packages/airflow/example_dags/example_xcom.py
[2026-09-30T23:39:23.505+0000] {processor.py:753} INFO - DAG(s) dict_keys(['example_xcom']) retrieved from /home/airflow/.local/lib/python3.7/site-packages/airflow/example_dags/example_xcom.py
[2026-09-30T23:39:23.573+0000] {logging_mixin.py:137} INFO - [2026-09-30T23:39:23.573+0000] {dag.py:2676} INFO - Sync 1 DAGs
[2026-09-30T23:39:23.620+0000] {logging_mixin.py:137} INFO - [2026-09-30T23:39:23.620+0000] {dag.py:3427} INFO - Setting next_dagrun for example_xcom to 2021-01-01T00:00:00+00:00, run_after=2021-01-01T00:00:00+00:00
[2026-09-30T23:39:23.643+0000] {processor.py:175} INFO - Processing /home/airflow/.local/lib/python3.7/site-packages/airflow/example_dags/example_xcom.py took 0.195 seconds
[2026-09-30T23:39:54.340+0000] {processor.py:153} INFO - Started process (PID=11586) to work on /home/airflow/.local/lib/python3.7/site-packages/airflow/example_dags/example_xcom.py
[2026-09-30T23:39:54.341+0000] {processor.py:743} INFO - Processing file /home/airflow/.local/lib/python3.7/site-packages/airflow/example_dags/example_xcom.py for tasks to queue
[2026-09-30T23:39:54.341+0000] {logging_mixin.py:137} INFO - [2026-09-30T23:39:54.341+0000] {dagbag.py:538} INFO - Filling up the DagBag from /home/airflow/.local/lib/python3.7/site-packages/airflow/example_dags/example_xcom.py
[2026-09-30T23:39:54.373+0000] {processor.py:753} INFO - DAG(s) dict_keys(['example_xcom']) retrieved from /home/airflow/.local/lib/python3.7/site-packages/airflow/example_dags/example_xcom.py
[2026-09-30T23:39:54.425+0000] {logging_mixin.py:137} INFO - [2026-09-30T23:39:54.425+0000] {dag.py:2676} INFO - Sync 1 DAGs
[2026-09-30T23:39:54.456+0000] {logging_mixin.py:137} INFO - [2026-09-30T23:39:54.456+0000] {dag.py:3427} INFO - Setting next_dagrun for example_xcom to 2021-01-01T00:00:00+00:00, run_after=2021-01-01T00:00:00+00:00
[2026-09-30T23:39:54.476+0000] {processor.py:175} INFO - Processing /home/airflow/.local/lib/python3.7/site-packages/airflow/example_dags/example_xcom.py took 0.140 seconds
[2026-09-30T23:40:24.724+0000] {processor.py:153} INFO - Started process (PID=11665) to work on /home/airflow/.local/lib/python3.7/site-packages/airflow/example_dags/example_xcom.py
[2026-09-30T23:40:24.725+0000] {processor.py:743} INFO - Processing file /home/airflow/.local/lib/python3.7/site-packages/airflow/example_dags/example_xcom.py for tasks to queue
[2026-09-30T23:40:24.725+0000] {logging_mixin.py:137} INFO - [2026-09-30T23:40:24.725+0000] {dagbag.py:538} INFO - Filling up the DagBag from /home/airflow/.local/lib/python3.7/site-packages/airflow/example_dags/example_xcom.py
[2026-09-30T23:40:24.758+0000] {processor.py:753} INFO - DAG(s) dict_keys(['example_xcom']) retrieved from /home/airflow/.local/lib/python3.7/site-packages/airflow/example_dags/example_xcom.py
[2026-09-30T23:40:24.814+0000] {logging_mixin.py:137} INFO - [2026-09-30T23:40:24.814+0000] {dag.py:2676} INFO - Sync 1 DAGs
[2026-09-30T23:40:24.848+0000] {logging_mixin.py:137} INFO - [2026-09-30T23:40:24.847+0000] {dag.py:3427} INFO - Setting next_dagrun for example_xcom to 2021-01-01T00:00:00+00:00, run_after=2021-01-01T00:00:00+00:00
[2026-09-30T23:40:24.878+0000] {processor.py:175} INFO - Processing /home/airflow/.local/lib/python3.7/site-packages/airflow/example_dags/example_xcom.py took 0.159 seconds
[2026-09-30T23:40:55.553+0000] {processor.py:153} INFO - Started process (PID=11744) to work on /home/airflow/.local/lib/python3.7/site-packages/airflow/example_dags/example_xcom.py
[2026-09-30T23:40:55.555+0000] {processor.py:743} INFO - Processing file /home/airflow/.local/lib/python3.7/site-packages/airflow/example_dags/example_xcom.py for tasks to queue
[2026-09-30T23:40:55.556+0000] {logging_mixin.py:137} INFO - [2026-09-30T23:40:55.555+0000] {dagbag.py:538} INFO - Filling up the DagBag from /home/airflow/.local/lib/python3.7/site-packages/airflow/example_dags/example_xcom.py
[2026-09-30T23:40:55.579+0000] {processor.py:753} INFO - DAG(s) dict_keys(['example_xcom']) retrieved from /home/airflow/.local/lib/python3.7/site-packages/airflow/example_dags/example_xcom.py
[2026-09-30T23:40:55.616+0000] {logging_mixin.py:137} INFO - [2026-09-30T23:40:55.615+0000] {dag.py:2676} INFO - Sync 1 DAGs
[2026-09-30T23:40:55.639+0000] {logging_mixin.py:137} INFO - [2026-09-30T23:40:55.639+0000] {dag.py:3427} INFO - Setting next_dagrun for example_xcom to 2021-01-01T00:00:00+00:00, run_after=2021-01-01T00:00:00+00:00
[2026-09-30T23:40:55.657+0000] {processor.py:175} INFO - Processing /home/airflow/.local/lib/python3.7/site-packages/airflow/example_dags/example_xcom.py took 0.107 seconds
[2026-09-30T23:41:26.168+0000] {processor.py:153} INFO - Started process (PID=11830) to work on /home/airflow/.local/lib/python3.7/site-packages/airflow/example_dags/example_xcom.py
[2026-09-30T23:41:26.170+0000] {processor.py:743} INFO - Processing file /home/airflow/.local/lib/python3.7/site-packages/airflow/example_dags/example_xcom.py for tasks to queue
[2026-09-30T23:41:26.171+0000] {logging_mixin.py:137} INFO - [2026-09-30T23:41:26.171+0000] {dagbag.py:538} INFO - Filling up the DagBag from /home/airflow/.local/lib/python3.7/site-packages/airflow/example_dags/example_xcom.py
[2026-09-30T23:41:26.219+0000] {processor.py:753} INFO - DAG(s) dict_keys(['example_xcom']) retrieved from /home/airflow/.local/lib/python3.7/site-packages/airflow/example_dags/example_xcom.py
[2026-09-30T23:41:26.278+0000] {logging_mixin.py:137} INFO - [2026-09-30T23:41:26.278+0000] {dag.py:2676} INFO - Sync 1 DAGs
[2026-09-30T23:41:26.311+0000] {logging_mixin.py:137} INFO - [2026-09-30T23:41:26.310+0000] {dag.py:3427} INFO - Setting next_dagrun for example_xcom to 2021-01-01T00:00:00+00:00, run_after=2021-01-01T00:00:00+00:00
[2026-09-30T23:41:26.332+0000] {processor.py:175} INFO - Processing /home/airflow/.local/lib/python3.7/site-packages/airflow/example_dags/example_xcom.py took 0.171 seconds
[2026-09-30T23:41:56.822+0000] {processor.py:153} INFO - Started process (PID=11922) to work on /home/airflow/.local/lib/python3.7/site-packages/airflow/example_dags/example_xcom.py
[2026-09-30T23:41:56.823+0000] {processor.py:743} INFO - Processing file /home/airflow/.local/lib/python3.7/site-packages/airflow/example_dags/example_xcom.py for tasks to queue
[2026-09-30T23:41:56.823+0000] {logging_mixin.py:137} INFO - [2026-09-30T23:41:56.823+0000] {dagbag.py:538} INFO - Filling up the DagBag from /home/airflow/.local/lib/python3.7/site-packages/airflow/example_dags/example_xcom.py
[2026-09-30T23:41:56.856+0000] {processor.py:753} INFO - DAG(s) dict_keys(['example_xcom']) retrieved from /home/airflow/.local/lib/python3.7/site-packages/airflow/example_dags/example_xcom.py
[2026-09-30T23:41:56.905+0000] {logging_mixin.py:137} INFO - [2026-09-30T23:41:56.905+0000] {dag.py:2676} INFO - Sync 1 DAGs
[2026-09-30T23:41:56.940+0000] {logging_mixin.py:137} INFO - [2026-09-30T23:41:56.940+0000] {dag.py:3427} INFO - Setting next_dagrun for example_xcom to 2021-01-01T00:00:00+00:00, run_after=2021-01-01T00:00:00+00:00
[2026-09-30T23:41:56.964+0000] {processor.py:175} INFO - Processing /home/airflow/.local/lib/python3.7/site-packages/airflow/example_dags/example_xcom.py took 0.146 seconds
[2026-09-30T23:42:27.736+0000] {processor.py:153} INFO - Started process (PID=12001) to work on /home/airflow/.local/lib/python3.7/site-packages/airflow/example_dags/example_xcom.py
[2026-09-30T23:42:27.736+0000] {processor.py:743} INFO - Processing file /home/airflow/.local/lib/python3.7/site-packages/airflow/example_dags/example_xcom.py for tasks to queue
[2026-09-30T23:42:27.737+0000] {logging_mixin.py:137} INFO - [2026-09-30T23:42:27.737+0000] {dagbag.py:538} INFO - Filling up the DagBag from /home/airflow/.local/lib/python3.7/site-packages/airflow/example_dags/example_xcom.py
[2026-09-30T23:42:27.772+0000] {processor.py:753} INFO - DAG(s) dict_keys(['example_xcom']) retrieved from /home/airflow/.local/lib/python3.7/site-packages/airflow/example_dags/example_xcom.py
[2026-09-30T23:42:27.826+0000] {logging_mixin.py:137} INFO - [2026-09-30T23:42:27.826+0000] {dag.py:2676} INFO - Sync 1 DAGs
[2026-09-30T23:42:27.859+0000] {logging_mixin.py:137} INFO - [2026-09-30T23:42:27.858+0000] {dag.py:3427} INFO - Setting next_dagrun for example_xcom to 2021-01-01T00:00:00+00:00, run_after=2021-01-01T00:00:00+00:00
[2026-09-30T23:42:27.884+0000] {processor.py:175} INFO - Processing /home/airflow/.local/lib/python3.7/site-packages/airflow/example_dags/example_xcom.py took 0.153 seconds
[2026-09-30T23:42:58.239+0000] {processor.py:153} INFO - Started process (PID=12080) to work on /home/airflow/.local/lib/python3.7/site-packages/airflow/example_dags/example_xcom.py
[2026-09-30T23:42:58.240+0000] {processor.py:743} INFO - Processing file /home/airflow/.local/lib/python3.7/site-packages/airflow/example_dags/example_xcom.py for tasks to queue
[2026-09-30T23:42:58.241+0000] {logging_mixin.py:137} INFO - [2026-09-30T23:42:58.241+0000] {dagbag.py:538} INFO - Filling up the DagBag from /home/airflow/.local/lib/python3.7/site-packages/airflow/example_dags/example_xcom.py
[2026-09-30T23:42:58.268+0000] {processor.py:753} INFO - DAG(s) dict_keys(['example_xcom']) retrieved from /home/airflow/.local/lib/python3.7/site-packages/airflow/example_dags/example_xcom.py
[2026-09-30T23:42:58.312+0000] {logging_mixin.py:137} INFO - [2026-09-30T23:42:58.312+0000] {dag.py:2676} INFO - Sync 1 DAGs
[2026-09-30T23:42:58.339+0000] {logging_mixin.py:137} INFO - [2026-09-30T23:42:58.339+0000] {dag.py:3427} INFO - Setting next_dagrun for example_xcom to 2021-01-01T00:00:00+00:00, run_after=2021-01-01T00:00:00+00:00
[2026-09-30T23:42:58.360+0000] {processor.py:175} INFO - Processing /home/airflow/.local/lib/python3.7/site-packages/airflow/example_dags/example_xcom.py took 0.125 seconds
[2026-09-30T23:43:28.676+0000] {processor.py:153} INFO - Started process (PID=12178) to work on /home/airflow/.local/lib/python3.7/site-packages/airflow/example_dags/example_xcom.py
[2026-09-30T23:43:28.677+0000] {processor.py:743} INFO - Processing file /home/airflow/.local/lib/python3.7/site-packages/airflow/example_dags/example_xcom.py for tasks to queue
[2026-09-30T23:43:28.679+0000] {logging_mixin.py:137} INFO - [2026-09-30T23:43:28.678+0000] {dagbag.py:538} INFO - Filling up the DagBag from /home/airflow/.local/lib/python3.7/site-packages/airflow/example_dags/example_xcom.py
[2026-09-30T23:43:28.729+0000] {processor.py:753} INFO - DAG(s) dict_keys(['example_xcom']) retrieved from /home/airflow/.local/lib/python3.7/site-packages/airflow/example_dags/example_xcom.py
[2026-09-30T23:43:28.790+0000] {logging_mixin.py:137} INFO - [2026-09-30T23:43:28.790+0000] {dag.py:2676} INFO - Sync 1 DAGs
[2026-09-30T23:43:28.832+0000] {logging_mixin.py:137} INFO - [2026-09-30T23:43:28.832+0000] {dag.py:3427} INFO - Setting next_dagrun for example_xcom to 2021-01-01T00:00:00+00:00, run_after=2021-01-01T00:00:00+00:00
[2026-09-30T23:43:28.864+0000] {processor.py:175} INFO - Processing /home/airflow/.local/lib/python3.7/site-packages/airflow/example_dags/example_xcom.py took 0.194 seconds
[2026-09-30T23:43:59.034+0000] {processor.py:153} INFO - Started process (PID=12257) to work on /home/airflow/.local/lib/python3.7/site-packages/airflow/example_dags/example_xcom.py
[2026-09-30T23:43:59.037+0000] {processor.py:743} INFO - Processing file /home/airflow/.local/lib/python3.7/site-packages/airflow/example_dags/example_xcom.py for tasks to queue
[2026-09-30T23:43:59.037+0000] {logging_mixin.py:137} INFO - [2026-09-30T23:43:59.037+0000] {dagbag.py:538} INFO - Filling up the DagBag from /home/airflow/.local/lib/python3.7/site-packages/airflow/example_dags/example_xcom.py
[2026-09-30T23:43:59.074+0000] {processor.py:753} INFO - DAG(s) dict_keys(['example_xcom']) retrieved from /home/airflow/.local/lib/python3.7/site-packages/airflow/example_dags/example_xcom.py
[2026-09-30T23:43:59.141+0000] {logging_mixin.py:137} INFO - [2026-09-30T23:43:59.141+0000] {dag.py:2676} INFO - Sync 1 DAGs
[2026-09-30T23:43:59.174+0000] {logging_mixin.py:137} INFO - [2026-09-30T23:43:59.174+0000] {dag.py:3427} INFO - Setting next_dagrun for example_xcom to 2021-01-01T00:00:00+00:00, run_after=2021-01-01T00:00:00+00:00
[2026-09-30T23:43:59.200+0000] {processor.py:175} INFO - Processing /home/airflow/.local/lib/python3.7/site-packages/airflow/example_dags/example_xcom.py took 0.169 seconds
[2026-09-30T23:44:29.374+0000] {processor.py:153} INFO - Started process (PID=12336) to work on /home/airflow/.local/lib/python3.7/site-packages/airflow/example_dags/example_xcom.py
[2026-09-30T23:44:29.375+0000] {processor.py:743} INFO - Processing file /home/airflow/.local/lib/python3.7/site-packages/airflow/example_dags/example_xcom.py for tasks to queue
[2026-09-30T23:44:29.375+0000] {logging_mixin.py:137} INFO - [2026-09-30T23:44:29.375+0000] {dagbag.py:538} INFO - Filling up the DagBag from /home/airflow/.local/lib/python3.7/site-packages/airflow/example_dags/example_xcom.py
[2026-09-30T23:44:29.407+0000] {processor.py:753} INFO - DAG(s) dict_keys(['example_xcom']) retrieved from /home/airflow/.local/lib/python3.7/site-packages/airflow/example_dags/example_xcom.py
[2026-09-30T23:44:29.466+0000] {logging_mixin.py:137} INFO - [2026-09-30T23:44:29.466+0000] {dag.py:2676} INFO - Sync 1 DAGs
[2026-09-30T23:44:29.503+0000] {logging_mixin.py:137} INFO - [2026-09-30T23:44:29.503+0000] {dag.py:3427} INFO - Setting next_dagrun for example_xcom to 2021-01-01T00:00:00+00:00, run_after=2021-01-01T00:00:00+00:00
[2026-09-30T23:44:29.527+0000] {processor.py:175} INFO - Processing /home/airflow/.local/lib/python3.7/site-packages/airflow/example_dags/example_xcom.py took 0.159 seconds
[2026-09-30T23:44:59.701+0000] {processor.py:153} INFO - Started process (PID=12415) to work on /home/airflow/.local/lib/python3.7/site-packages/airflow/example_dags/example_xcom.py
[2026-09-30T23:44:59.704+0000] {processor.py:743} INFO - Processing file /home/airflow/.local/lib/python3.7/site-packages/airflow/example_dags/example_xcom.py for tasks to queue
[2026-09-30T23:44:59.705+0000] {logging_mixin.py:137} INFO - [2026-09-30T23:44:59.705+0000] {dagbag.py:538} INFO - Filling up the DagBag from /home/airflow/.local/lib/python3.7/site-packages/airflow/example_dags/example_xcom.py
[2026-09-30T23:44:59.749+0000] {processor.py:753} INFO - DAG(s) dict_keys(['example_xcom']) retrieved from /home/airflow/.local/lib/python3.7/site-packages/airflow/example_dags/example_xcom.py
[2026-09-30T23:44:59.804+0000] {logging_mixin.py:137} INFO - [2026-09-30T23:44:59.804+0000] {dag.py:2676} INFO - Sync 1 DAGs
[2026-09-30T23:44:59.837+0000] {logging_mixin.py:137} INFO - [2026-09-30T23:44:59.837+0000] {dag.py:3427} INFO - Setting next_dagrun for example_xcom to 2021-01-01T00:00:00+00:00, run_after=2021-01-01T00:00:00+00:00
[2026-09-30T23:44:59.871+0000] {processor.py:175} INFO - Processing /home/airflow/.local/lib/python3.7/site-packages/airflow/example_dags/example_xcom.py took 0.177 seconds
[2026-09-30T23:45:29.932+0000] {processor.py:153} INFO - Started process (PID=12514) to work on /home/airflow/.local/lib/python3.7/site-packages/airflow/example_dags/example_xcom.py
[2026-09-30T23:45:29.933+0000] {processor.py:743} INFO - Processing file /home/airflow/.local/lib/python3.7/site-packages/airflow/example_dags/example_xcom.py for tasks to queue
[2026-09-30T23:45:29.934+0000] {logging_mixin.py:137} INFO - [2026-09-30T23:45:29.933+0000] {dagbag.py:538} INFO - Filling up the DagBag from /home/airflow/.local/lib/python3.7/site-packages/airflow/example_dags/example_xcom.py
[2026-09-30T23:45:29.974+0000] {processor.py:753} INFO - DAG(s) dict_keys(['example_xcom']) retrieved from /home/airflow/.local/lib/python3.7/site-packages/airflow/example_dags/example_xcom.py
[2026-09-30T23:45:30.047+0000] {logging_mixin.py:137} INFO - [2026-09-30T23:45:30.046+0000] {dag.py:2676} INFO - Sync 1 DAGs
[2026-09-30T23:45:30.093+0000] {logging_mixin.py:137} INFO - [2026-09-30T23:45:30.092+0000] {dag.py:3427} INFO - Setting next_dagrun for example_xcom to 2021-01-01T00:00:00+00:00, run_after=2021-01-01T00:00:00+00:00
[2026-09-30T23:45:30.121+0000] {processor.py:175} INFO - Processing /home/airflow/.local/lib/python3.7/site-packages/airflow/example_dags/example_xcom.py took 0.193 seconds
[2026-09-30T23:46:00.557+0000] {processor.py:153} INFO - Started process (PID=12593) to work on /home/airflow/.local/lib/python3.7/site-packages/airflow/example_dags/example_xcom.py
[2026-09-30T23:46:00.558+0000] {processor.py:743} INFO - Processing file /home/airflow/.local/lib/python3.7/site-packages/airflow/example_dags/example_xcom.py for tasks to queue
[2026-09-30T23:46:00.559+0000] {logging_mixin.py:137} INFO - [2026-09-30T23:46:00.558+0000] {dagbag.py:538} INFO - Filling up the DagBag from /home/airflow/.local/lib/python3.7/site-packages/airflow/example_dags/example_xcom.py
[2026-09-30T23:46:00.597+0000] {processor.py:753} INFO - DAG(s) dict_keys(['example_xcom']) retrieved from /home/airflow/.local/lib/python3.7/site-packages/airflow/example_dags/example_xcom.py
[2026-09-30T23:46:00.679+0000] {logging_mixin.py:137} INFO - [2026-09-30T23:46:00.679+0000] {dag.py:2676} INFO - Sync 1 DAGs
[2026-09-30T23:46:00.728+0000] {logging_mixin.py:137} INFO - [2026-09-30T23:46:00.727+0000] {dag.py:3427} INFO - Setting next_dagrun for example_xcom to 2021-01-01T00:00:00+00:00, run_after=2021-01-01T00:00:00+00:00
[2026-09-30T23:46:00.755+0000] {processor.py:175} INFO - Processing /home/airflow/.local/lib/python3.7/site-packages/airflow/example_dags/example_xcom.py took 0.202 seconds
[2026-09-30T23:46:30.833+0000] {processor.py:153} INFO - Started process (PID=12672) to work on /home/airflow/.local/lib/python3.7/site-packages/airflow/example_dags/example_xcom.py
[2026-09-30T23:46:30.835+0000] {processor.py:743} INFO - Processing file /home/airflow/.local/lib/python3.7/site-packages/airflow/example_dags/example_xcom.py for tasks to queue
[2026-09-30T23:46:30.836+0000] {logging_mixin.py:137} INFO - [2026-09-30T23:46:30.835+0000] {dagbag.py:538} INFO - Filling up the DagBag from /home/airflow/.local/lib/python3.7/site-packages/airflow/example_dags/example_xcom.py
[2026-09-30T23:46:30.869+0000] {processor.py:753} INFO - DAG(s) dict_keys(['example_xcom']) retrieved from /home/airflow/.local/lib/python3.7/site-packages/airflow/example_dags/example_xcom.py
[2026-09-30T23:46:30.919+0000] {logging_mixin.py:137} INFO - [2026-09-30T23:46:30.919+0000] {dag.py:2676} INFO - Sync 1 DAGs
[2026-09-30T23:46:30.952+0000] {logging_mixin.py:137} INFO - [2026-09-30T23:46:30.952+0000] {dag.py:3427} INFO - Setting next_dagrun for example_xcom to 2021-01-01T00:00:00+00:00, run_after=2021-01-01T00:00:00+00:00
[2026-09-30T23:46:30.974+0000] {processor.py:175} INFO - Processing /home/airflow/.local/lib/python3.7/site-packages/airflow/example_dags/example_xcom.py took 0.145 seconds
[2026-09-30T23:47:01.335+0000] {processor.py:153} INFO - Started process (PID=12751) to work on /home/airflow/.local/lib/python3.7/site-packages/airflow/example_dags/example_xcom.py
[2026-09-30T23:47:01.336+0000] {processor.py:743} INFO - Processing file /home/airflow/.local/lib/python3.7/site-packages/airflow/example_dags/example_xcom.py for tasks to queue
[2026-09-30T23:47:01.337+0000] {logging_mixin.py:137} INFO - [2026-09-30T23:47:01.337+0000] {dagbag.py:538} INFO - Filling up the DagBag from /home/airflow/.local/lib/python3.7/site-packages/airflow/example_dags/example_xcom.py
[2026-09-30T23:47:01.386+0000] {processor.py:753} INFO - DAG(s) dict_keys(['example_xcom']) retrieved from /home/airflow/.local/lib/python3.7/site-packages/airflow/example_dags/example_xcom.py
[2026-09-30T23:47:01.462+0000] {logging_mixin.py:137} INFO - [2026-09-30T23:47:01.462+0000] {dag.py:2676} INFO - Sync 1 DAGs
[2026-09-30T23:47:01.512+0000] {logging_mixin.py:137} INFO - [2026-09-30T23:47:01.512+0000] {dag.py:3427} INFO - Setting next_dagrun for example_xcom to 2021-01-01T00:00:00+00:00, run_after=2021-01-01T00:00:00+00:00
[2026-09-30T23:47:01.542+0000] {processor.py:175} INFO - Processing /home/airflow/.local/lib/python3.7/site-packages/airflow/example_dags/example_xcom.py took 0.214 seconds
[2026-09-30T23:47:32.000+0000] {processor.py:153} INFO - Started process (PID=12850) to work on /home/airflow/.local/lib/python3.7/site-packages/airflow/example_dags/example_xcom.py
[2026-09-30T23:47:32.001+0000] {processor.py:743} INFO - Processing file /home/airflow/.local/lib/python3.7/site-packages/airflow/example_dags/example_xcom.py for tasks to queue
[2026-09-30T23:47:32.002+0000] {logging_mixin.py:137} INFO - [2026-09-30T23:47:32.002+0000] {dagbag.py:538} INFO - Filling up the DagBag from /home/airflow/.local/lib/python3.7/site-packages/airflow/example_dags/example_xcom.py
[2026-09-30T23:47:32.033+0000] {processor.py:753} INFO - DAG(s) dict_keys(['example_xcom']) retrieved from /home/airflow/.local/lib/python3.7/site-packages/airflow/example_dags/example_xcom.py
[2026-09-30T23:47:32.082+0000] {logging_mixin.py:137} INFO - [2026-09-30T23:47:32.082+0000] {dag.py:2676} INFO - Sync 1 DAGs
[2026-09-30T23:47:32.115+0000] {logging_mixin.py:137} INFO - [2026-09-30T23:47:32.115+0000] {dag.py:3427} INFO - Setting next_dagrun for example_xcom to 2021-01-01T00:00:00+00:00, run_after=2021-01-01T00:00:00+00:00
[2026-09-30T23:47:32.136+0000] {processor.py:175} INFO - Processing /home/airflow/.local/lib/python3.7/site-packages/airflow/example_dags/example_xcom.py took 0.140 seconds
[2026-09-30T23:48:02.778+0000] {processor.py:153} INFO - Started process (PID=12929) to work on /home/airflow/.local/lib/python3.7/site-packages/airflow/example_dags/example_xcom.py
[2026-09-30T23:48:02.780+0000] {processor.py:743} INFO - Processing file /home/airflow/.local/lib/python3.7/site-packages/airflow/example_dags/example_xcom.py for tasks to queue
[2026-09-30T23:48:02.780+0000] {logging_mixin.py:137} INFO - [2026-09-30T23:48:02.780+0000] {dagbag.py:538} INFO - Filling up the DagBag from /home/airflow/.local/lib/python3.7/site-packages/airflow/example_dags/example_xcom.py
[2026-09-30T23:48:02.811+0000] {processor.py:753} INFO - DAG(s) dict_keys(['example_xcom']) retrieved from /home/airflow/.local/lib/python3.7/site-packages/airflow/example_dags/example_xcom.py
[2026-09-30T23:48:02.862+0000] {logging_mixin.py:137} INFO - [2026-09-30T23:48:02.862+0000] {dag.py:2676} INFO - Sync 1 DAGs
[2026-09-30T23:48:02.895+0000] {logging_mixin.py:137} INFO - [2026-09-30T23:48:02.895+0000] {dag.py:3427} INFO - Setting next_dagrun for example_xcom to 2021-01-01T00:00:00+00:00, run_after=2021-01-01T00:00:00+00:00
[2026-09-30T23:48:02.918+0000] {processor.py:175} INFO - Processing /home/airflow/.local/lib/python3.7/site-packages/airflow/example_dags/example_xcom.py took 0.146 seconds
[2026-09-30T23:48:33.450+0000] {processor.py:153} INFO - Started process (PID=13008) to work on /home/airflow/.local/lib/python3.7/site-packages/airflow/example_dags/example_xcom.py
[2026-09-30T23:48:33.451+0000] {processor.py:743} INFO - Processing file /home/airflow/.local/lib/python3.7/site-packages/airflow/example_dags/example_xcom.py for tasks to queue
[2026-09-30T23:48:33.451+0000] {logging_mixin.py:137} INFO - [2026-09-30T23:48:33.451+0000] {dagbag.py:538} INFO - Filling up the DagBag from /home/airflow/.local/lib/python3.7/site-packages/airflow/example_dags/example_xcom.py
[2026-09-30T23:48:33.484+0000] {processor.py:753} INFO - DAG(s) dict_keys(['example_xcom']) retrieved from /home/airflow/.local/lib/python3.7/site-packages/airflow/example_dags/example_xcom.py
[2026-09-30T23:48:33.542+0000] {logging_mixin.py:137} INFO - [2026-09-30T23:48:33.542+0000] {dag.py:2676} INFO - Sync 1 DAGs
[2026-09-30T23:48:33.575+0000] {logging_mixin.py:137} INFO - [2026-09-30T23:48:33.574+0000] {dag.py:3427} INFO - Setting next_dagrun for example_xcom to 2021-01-01T00:00:00+00:00, run_after=2021-01-01T00:00:00+00:00
[2026-09-30T23:48:33.597+0000] {processor.py:175} INFO - Processing /home/airflow/.local/lib/python3.7/site-packages/airflow/example_dags/example_xcom.py took 0.153 seconds
[2026-09-30T23:49:04.299+0000] {processor.py:153} INFO - Started process (PID=13096) to work on /home/airflow/.local/lib/python3.7/site-packages/airflow/example_dags/example_xcom.py
[2026-09-30T23:49:04.300+0000] {processor.py:743} INFO - Processing file /home/airflow/.local/lib/python3.7/site-packages/airflow/example_dags/example_xcom.py for tasks to queue
[2026-09-30T23:49:04.301+0000] {logging_mixin.py:137} INFO - [2026-09-30T23:49:04.301+0000] {dagbag.py:538} INFO - Filling up the DagBag from /home/airflow/.local/lib/python3.7/site-packages/airflow/example_dags/example_xcom.py
[2026-09-30T23:49:04.335+0000] {processor.py:753} INFO - DAG(s) dict_keys(['example_xcom']) retrieved from /home/airflow/.local/lib/python3.7/site-packages/airflow/example_dags/example_xcom.py
[2026-09-30T23:49:04.390+0000] {logging_mixin.py:137} INFO - [2026-09-30T23:49:04.390+0000] {dag.py:2676} INFO - Sync 1 DAGs
[2026-09-30T23:49:04.459+0000] {logging_mixin.py:137} INFO - [2026-09-30T23:49:04.458+0000] {dag.py:3427} INFO - Setting next_dagrun for example_xcom to 2021-01-01T00:00:00+00:00, run_after=2021-01-01T00:00:00+00:00
[2026-09-30T23:49:04.489+0000] {processor.py:175} INFO - Processing /home/airflow/.local/lib/python3.7/site-packages/airflow/example_dags/example_xcom.py took 0.194 seconds
[2026-09-30T23:49:34.891+0000] {processor.py:153} INFO - Started process (PID=13186) to work on /home/airflow/.local/lib/python3.7/site-packages/airflow/example_dags/example_xcom.py
[2026-09-30T23:49:34.892+0000] {processor.py:743} INFO - Processing file /home/airflow/.local/lib/python3.7/site-packages/airflow/example_dags/example_xcom.py for tasks to queue
[2026-09-30T23:49:34.892+0000] {logging_mixin.py:137} INFO - [2026-09-30T23:49:34.892+0000] {dagbag.py:538} INFO - Filling up the DagBag from /home/airflow/.local/lib/python3.7/site-packages/airflow/example_dags/example_xcom.py
[2026-09-30T23:49:34.922+0000] {processor.py:753} INFO - DAG(s) dict_keys(['example_xcom']) retrieved from /home/airflow/.local/lib/python3.7/site-packages/airflow/example_dags/example_xcom.py
[2026-09-30T23:49:34.969+0000] {logging_mixin.py:137} INFO - [2026-09-30T23:49:34.969+0000] {dag.py:2676} INFO - Sync 1 DAGs
[2026-09-30T23:49:35.000+0000] {logging_mixin.py:137} INFO - [2026-09-30T23:49:34.999+0000] {dag.py:3427} INFO - Setting next_dagrun for example_xcom to 2021-01-01T00:00:00+00:00, run_after=2021-01-01T00:00:00+00:00
[2026-09-30T23:49:35.023+0000] {processor.py:175} INFO - Processing /home/airflow/.local/lib/python3.7/site-packages/airflow/example_dags/example_xcom.py took 0.136 seconds
[2026-09-30T23:50:05.319+0000] {processor.py:153} INFO - Started process (PID=13265) to work on /home/airflow/.local/lib/python3.7/site-packages/airflow/example_dags/example_xcom.py
[2026-09-30T23:50:05.320+0000] {processor.py:743} INFO - Processing file /home/airflow/.local/lib/python3.7/site-packages/airflow/example_dags/example_xcom.py for tasks to queue
[2026-09-30T23:50:05.321+0000] {logging_mixin.py:137} INFO - [2026-09-30T23:50:05.321+0000] {dagbag.py:538} INFO - Filling up the DagBag from /home/airflow/.local/lib/python3.7/site-packages/airflow/example_dags/example_xcom.py
[2026-09-30T23:50:05.353+0000] {processor.py:753} INFO - DAG(s) dict_keys(['example_xcom']) retrieved from /home/airflow/.local/lib/python3.7/site-packages/airflow/example_dags/example_xcom.py
[2026-09-30T23:50:05.402+0000] {logging_mixin.py:137} INFO - [2026-09-30T23:50:05.401+0000] {dag.py:2676} INFO - Sync 1 DAGs
[2026-09-30T23:50:05.433+0000] {logging_mixin.py:137} INFO - [2026-09-30T23:50:05.433+0000] {dag.py:3427} INFO - Setting next_dagrun for example_xcom to 2021-01-01T00:00:00+00:00, run_after=2021-01-01T00:00:00+00:00
[2026-09-30T23:50:05.455+0000] {processor.py:175} INFO - Processing /home/airflow/.local/lib/python3.7/site-packages/airflow/example_dags/example_xcom.py took 0.140 seconds
[2026-09-30T23:50:36.425+0000] {processor.py:153} INFO - Started process (PID=13344) to work on /home/airflow/.local/lib/python3.7/site-packages/airflow/example_dags/example_xcom.py
[2026-09-30T23:50:36.426+0000] {processor.py:743} INFO - Processing file /home/airflow/.local/lib/python3.7/site-packages/airflow/example_dags/example_xcom.py for tasks to queue
[2026-09-30T23:50:36.427+0000] {logging_mixin.py:137} INFO - [2026-09-30T23:50:36.427+0000] {dagbag.py:538} INFO - Filling up the DagBag from /home/airflow/.local/lib/python3.7/site-packages/airflow/example_dags/example_xcom.py
[2026-09-30T23:50:36.461+0000] {processor.py:753} INFO - DAG(s) dict_keys(['example_xcom']) retrieved from /home/airflow/.local/lib/python3.7/site-packages/airflow/example_dags/example_xcom.py
[2026-09-30T23:50:36.515+0000] {logging_mixin.py:137} INFO - [2026-09-30T23:50:36.514+0000] {dag.py:2676} INFO - Sync 1 DAGs
[2026-09-30T23:50:36.551+0000] {logging_mixin.py:137} INFO - [2026-09-30T23:50:36.550+0000] {dag.py:3427} INFO - Setting next_dagrun for example_xcom to 2021-01-01T00:00:00+00:00, run_after=2021-01-01T00:00:00+00:00
[2026-09-30T23:50:36.580+0000] {processor.py:175} INFO - Processing /home/airflow/.local/lib/python3.7/site-packages/airflow/example_dags/example_xcom.py took 0.159 seconds
[2026-09-30T23:51:06.960+0000] {processor.py:153} INFO - Started process (PID=13443) to work on /home/airflow/.local/lib/python3.7/site-packages/airflow/example_dags/example_xcom.py
[2026-09-30T23:51:06.961+0000] {processor.py:743} INFO - Processing file /home/airflow/.local/lib/python3.7/site-packages/airflow/example_dags/example_xcom.py for tasks to queue
[2026-09-30T23:51:06.962+0000] {logging_mixin.py:137} INFO - [2026-09-30T23:51:06.961+0000] {dagbag.py:538} INFO - Filling up the DagBag from /home/airflow/.local/lib/python3.7/site-packages/airflow/example_dags/example_xcom.py
[2026-09-30T23:51:06.992+0000] {processor.py:753} INFO - DAG(s) dict_keys(['example_xcom']) retrieved from /home/airflow/.local/lib/python3.7/site-packages/airflow/example_dags/example_xcom.py
[2026-09-30T23:51:07.054+0000] {logging_mixin.py:137} INFO - [2026-09-30T23:51:07.054+0000] {dag.py:2676} INFO - Sync 1 DAGs
[2026-09-30T23:51:07.088+0000] {logging_mixin.py:137} INFO - [2026-09-30T23:51:07.088+0000] {dag.py:3427} INFO - Setting next_dagrun for example_xcom to 2021-01-01T00:00:00+00:00, run_after=2021-01-01T00:00:00+00:00
[2026-09-30T23:51:07.111+0000] {processor.py:175} INFO - Processing /home/airflow/.local/lib/python3.7/site-packages/airflow/example_dags/example_xcom.py took 0.158 seconds
[2026-09-30T23:51:37.230+0000] {processor.py:153} INFO - Started process (PID=13522) to work on /home/airflow/.local/lib/python3.7/site-packages/airflow/example_dags/example_xcom.py
[2026-09-30T23:51:37.231+0000] {processor.py:743} INFO - Processing file /home/airflow/.local/lib/python3.7/site-packages/airflow/example_dags/example_xcom.py for tasks to queue
[2026-09-30T23:51:37.232+0000] {logging_mixin.py:137} INFO - [2026-09-30T23:51:37.232+0000] {dagbag.py:538} INFO - Filling up the DagBag from /home/airflow/.local/lib/python3.7/site-packages/airflow/example_dags/example_xcom.py
[2026-09-30T23:51:37.271+0000] {processor.py:753} INFO - DAG(s) dict_keys(['example_xcom']) retrieved from /home/airflow/.local/lib/python3.7/site-packages/airflow/example_dags/example_xcom.py
[2026-09-30T23:51:37.329+0000] {logging_mixin.py:137} INFO - [2026-09-30T23:51:37.328+0000] {dag.py:2676} INFO - Sync 1 DAGs
[2026-09-30T23:51:37.364+0000] {logging_mixin.py:137} INFO - [2026-09-30T23:51:37.363+0000] {dag.py:3427} INFO - Setting next_dagrun for example_xcom to 2021-01-01T00:00:00+00:00, run_after=2021-01-01T00:00:00+00:00
[2026-09-30T23:51:37.385+0000] {processor.py:175} INFO - Processing /home/airflow/.local/lib/python3.7/site-packages/airflow/example_dags/example_xcom.py took 0.158 seconds
[2026-09-30T23:52:08.287+0000] {processor.py:153} INFO - Started process (PID=13602) to work on /home/airflow/.local/lib/python3.7/site-packages/airflow/example_dags/example_xcom.py
[2026-09-30T23:52:08.289+0000] {processor.py:743} INFO - Processing file /home/airflow/.local/lib/python3.7/site-packages/airflow/example_dags/example_xcom.py for tasks to queue
[2026-09-30T23:52:08.289+0000] {logging_mixin.py:137} INFO - [2026-09-30T23:52:08.289+0000] {dagbag.py:538} INFO - Filling up the DagBag from /home/airflow/.local/lib/python3.7/site-packages/airflow/example_dags/example_xcom.py
[2026-09-30T23:52:08.323+0000] {processor.py:753} INFO - DAG(s) dict_keys(['example_xcom']) retrieved from /home/airflow/.local/lib/python3.7/site-packages/airflow/example_dags/example_xcom.py
[2026-09-30T23:52:08.377+0000] {logging_mixin.py:137} INFO - [2026-09-30T23:52:08.377+0000] {dag.py:2676} INFO - Sync 1 DAGs
[2026-09-30T23:52:08.412+0000] {logging_mixin.py:137} INFO - [2026-09-30T23:52:08.412+0000] {dag.py:3427} INFO - Setting next_dagrun for example_xcom to 2021-01-01T00:00:00+00:00, run_after=2021-01-01T00:00:00+00:00
[2026-09-30T23:52:08.440+0000] {processor.py:175} INFO - Processing /home/airflow/.local/lib/python3.7/site-packages/airflow/example_dags/example_xcom.py took 0.157 seconds
[2026-09-30T23:52:38.959+0000] {processor.py:153} INFO - Started process (PID=13701) to work on /home/airflow/.local/lib/python3.7/site-packages/airflow/example_dags/example_xcom.py
[2026-09-30T23:52:38.961+0000] {processor.py:743} INFO - Processing file /home/airflow/.local/lib/python3.7/site-packages/airflow/example_dags/example_xcom.py for tasks to queue
[2026-09-30T23:52:38.962+0000] {logging_mixin.py:137} INFO - [2026-09-30T23:52:38.961+0000] {dagbag.py:538} INFO - Filling up the DagBag from /home/airflow/.local/lib/python3.7/site-packages/airflow/example_dags/example_xcom.py
[2026-09-30T23:52:39.011+0000] {processor.py:753} INFO - DAG(s) dict_keys(['example_xcom']) retrieved from /home/airflow/.local/lib/python3.7/site-packages/airflow/example_dags/example_xcom.py
[2026-09-30T23:52:39.080+0000] {logging_mixin.py:137} INFO - [2026-09-30T23:52:39.080+0000] {dag.py:2676} INFO - Sync 1 DAGs
[2026-09-30T23:52:39.121+0000] {logging_mixin.py:137} INFO - [2026-09-30T23:52:39.120+0000] {dag.py:3427} INFO - Setting next_dagrun for example_xcom to 2021-01-01T00:00:00+00:00, run_after=2021-01-01T00:00:00+00:00
[2026-09-30T23:52:39.143+0000] {processor.py:175} INFO - Processing /home/airflow/.local/lib/python3.7/site-packages/airflow/example_dags/example_xcom.py took 0.190 seconds
[2026-09-30T23:53:10.220+0000] {processor.py:153} INFO - Started process (PID=13780) to work on /home/airflow/.local/lib/python3.7/site-packages/airflow/example_dags/example_xcom.py
[2026-09-30T23:53:10.222+0000] {processor.py:743} INFO - Processing file /home/airflow/.local/lib/python3.7/site-packages/airflow/example_dags/example_xcom.py for tasks to queue
[2026-09-30T23:53:10.222+0000] {logging_mixin.py:137} INFO - [2026-09-30T23:53:10.222+0000] {dagbag.py:538} INFO - Filling up the DagBag from /home/airflow/.local/lib/python3.7/site-packages/airflow/example_dags/example_xcom.py
[2026-09-30T23:53:10.267+0000] {processor.py:753} INFO - DAG(s) dict_keys(['example_xcom']) retrieved from /home/airflow/.local/lib/python3.7/site-packages/airflow/example_dags/example_xcom.py
[2026-09-30T23:53:10.331+0000] {logging_mixin.py:137} INFO - [2026-09-30T23:53:10.331+0000] {dag.py:2676} INFO - Sync 1 DAGs
[2026-09-30T23:53:10.369+0000] {logging_mixin.py:137} INFO - [2026-09-30T23:53:10.369+0000] {dag.py:3427} INFO - Setting next_dagrun for example_xcom to 2021-01-01T00:00:00+00:00, run_after=2021-01-01T00:00:00+00:00
[2026-09-30T23:53:10.391+0000] {processor.py:175} INFO - Processing /home/airflow/.local/lib/python3.7/site-packages/airflow/example_dags/example_xcom.py took 0.174 seconds
[2026-09-30T23:53:40.560+0000] {processor.py:153} INFO - Started process (PID=13859) to work on /home/airflow/.local/lib/python3.7/site-packages/airflow/example_dags/example_xcom.py
[2026-09-30T23:53:40.561+0000] {processor.py:743} INFO - Processing file /home/airflow/.local/lib/python3.7/site-packages/airflow/example_dags/example_xcom.py for tasks to queue
[2026-09-30T23:53:40.562+0000] {logging_mixin.py:137} INFO - [2026-09-30T23:53:40.562+0000] {dagbag.py:538} INFO - Filling up the DagBag from /home/airflow/.local/lib/python3.7/site-packages/airflow/example_dags/example_xcom.py
[2026-09-30T23:53:40.593+0000] {processor.py:753} INFO - DAG(s) dict_keys(['example_xcom']) retrieved from /home/airflow/.local/lib/python3.7/site-packages/airflow/example_dags/example_xcom.py
[2026-09-30T23:53:40.642+0000] {logging_mixin.py:137} INFO - [2026-09-30T23:53:40.641+0000] {dag.py:2676} INFO - Sync 1 DAGs
[2026-09-30T23:53:40.670+0000] {logging_mixin.py:137} INFO - [2026-09-30T23:53:40.670+0000] {dag.py:3427} INFO - Setting next_dagrun for example_xcom to 2021-01-01T00:00:00+00:00, run_after=2021-01-01T00:00:00+00:00
[2026-09-30T23:53:40.691+0000] {processor.py:175} INFO - Processing /home/airflow/.local/lib/python3.7/site-packages/airflow/example_dags/example_xcom.py took 0.137 seconds
[2026-09-30T23:54:11.726+0000] {processor.py:153} INFO - Started process (PID=13958) to work on /home/airflow/.local/lib/python3.7/site-packages/airflow/example_dags/example_xcom.py
[2026-09-30T23:54:11.727+0000] {processor.py:743} INFO - Processing file /home/airflow/.local/lib/python3.7/site-packages/airflow/example_dags/example_xcom.py for tasks to queue
[2026-09-30T23:54:11.728+0000] {logging_mixin.py:137} INFO - [2026-09-30T23:54:11.728+0000] {dagbag.py:538} INFO - Filling up the DagBag from /home/airflow/.local/lib/python3.7/site-packages/airflow/example_dags/example_xcom.py
[2026-09-30T23:54:11.758+0000] {processor.py:753} INFO - DAG(s) dict_keys(['example_xcom']) retrieved from /home/airflow/.local/lib/python3.7/site-packages/airflow/example_dags/example_xcom.py
[2026-09-30T23:54:11.808+0000] {logging_mixin.py:137} INFO - [2026-09-30T23:54:11.808+0000] {dag.py:2676} INFO - Sync 1 DAGs
[2026-09-30T23:54:11.855+0000] {logging_mixin.py:137} INFO - [2026-09-30T23:54:11.855+0000] {dag.py:3427} INFO - Setting next_dagrun for example_xcom to 2021-01-01T00:00:00+00:00, run_after=2021-01-01T00:00:00+00:00
[2026-09-30T23:54:11.889+0000] {processor.py:175} INFO - Processing /home/airflow/.local/lib/python3.7/site-packages/airflow/example_dags/example_xcom.py took 0.167 seconds
[2026-09-30T23:54:42.090+0000] {processor.py:153} INFO - Started process (PID=14037) to work on /home/airflow/.local/lib/python3.7/site-packages/airflow/example_dags/example_xcom.py
[2026-09-30T23:54:42.094+0000] {processor.py:743} INFO - Processing file /home/airflow/.local/lib/python3.7/site-packages/airflow/example_dags/example_xcom.py for tasks to queue
[2026-09-30T23:54:42.095+0000] {logging_mixin.py:137} INFO - [2026-09-30T23:54:42.095+0000] {dagbag.py:538} INFO - Filling up the DagBag from /home/airflow/.local/lib/python3.7/site-packages/airflow/example_dags/example_xcom.py
[2026-09-30T23:54:42.127+0000] {processor.py:753} INFO - DAG(s) dict_keys(['example_xcom']) retrieved from /home/airflow/.local/lib/python3.7/site-packages/airflow/example_dags/example_xcom.py
[2026-09-30T23:54:42.177+0000] {logging_mixin.py:137} INFO - [2026-09-30T23:54:42.176+0000] {dag.py:2676} INFO - Sync 1 DAGs
[2026-09-30T23:54:42.220+0000] {logging_mixin.py:137} INFO - [2026-09-30T23:54:42.220+0000] {dag.py:3427} INFO - Setting next_dagrun for example_xcom to 2021-01-01T00:00:00+00:00, run_after=2021-01-01T00:00:00+00:00
[2026-09-30T23:54:42.242+0000] {processor.py:175} INFO - Processing /home/airflow/.local/lib/python3.7/site-packages/airflow/example_dags/example_xcom.py took 0.156 seconds
[2026-09-30T23:55:12.394+0000] {processor.py:153} INFO - Started process (PID=14116) to work on /home/airflow/.local/lib/python3.7/site-packages/airflow/example_dags/example_xcom.py
[2026-09-30T23:55:12.395+0000] {processor.py:743} INFO - Processing file /home/airflow/.local/lib/python3.7/site-packages/airflow/example_dags/example_xcom.py for tasks to queue
[2026-09-30T23:55:12.396+0000] {logging_mixin.py:137} INFO - [2026-09-30T23:55:12.396+0000] {dagbag.py:538} INFO - Filling up the DagBag from /home/airflow/.local/lib/python3.7/site-packages/airflow/example_dags/example_xcom.py
[2026-09-30T23:55:12.431+0000] {processor.py:753} INFO - DAG(s) dict_keys(['example_xcom']) retrieved from /home/airflow/.local/lib/python3.7/site-packages/airflow/example_dags/example_xcom.py
[2026-09-30T23:55:12.485+0000] {logging_mixin.py:137} INFO - [2026-09-30T23:55:12.485+0000] {dag.py:2676} INFO - Sync 1 DAGs
[2026-09-30T23:55:12.526+0000] {logging_mixin.py:137} INFO - [2026-09-30T23:55:12.525+0000] {dag.py:3427} INFO - Setting next_dagrun for example_xcom to 2021-01-01T00:00:00+00:00, run_after=2021-01-01T00:00:00+00:00
[2026-09-30T23:55:12.553+0000] {processor.py:175} INFO - Processing /home/airflow/.local/lib/python3.7/site-packages/airflow/example_dags/example_xcom.py took 0.164 seconds
[2026-09-30T23:55:42.693+0000] {processor.py:153} INFO - Started process (PID=14194) to work on /home/airflow/.local/lib/python3.7/site-packages/airflow/example_dags/example_xcom.py
[2026-09-30T23:55:42.694+0000] {processor.py:743} INFO - Processing file /home/airflow/.local/lib/python3.7/site-packages/airflow/example_dags/example_xcom.py for tasks to queue
[2026-09-30T23:55:42.695+0000] {logging_mixin.py:137} INFO - [2026-09-30T23:55:42.695+0000] {dagbag.py:538} INFO - Filling up the DagBag from /home/airflow/.local/lib/python3.7/site-packages/airflow/example_dags/example_xcom.py
[2026-09-30T23:55:42.725+0000] {processor.py:753} INFO - DAG(s) dict_keys(['example_xcom']) retrieved from /home/airflow/.local/lib/python3.7/site-packages/airflow/example_dags/example_xcom.py
[2026-09-30T23:55:42.774+0000] {logging_mixin.py:137} INFO - [2026-09-30T23:55:42.774+0000] {dag.py:2676} INFO - Sync 1 DAGs
[2026-09-30T23:55:42.804+0000] {logging_mixin.py:137} INFO - [2026-09-30T23:55:42.804+0000] {dag.py:3427} INFO - Setting next_dagrun for example_xcom to 2021-01-01T00:00:00+00:00, run_after=2021-01-01T00:00:00+00:00
[2026-09-30T23:55:42.823+0000] {processor.py:175} INFO - Processing /home/airflow/.local/lib/python3.7/site-packages/airflow/example_dags/example_xcom.py took 0.134 seconds
[2026-09-30T23:56:13.017+0000] {processor.py:153} INFO - Started process (PID=14282) to work on /home/airflow/.local/lib/python3.7/site-packages/airflow/example_dags/example_xcom.py
[2026-09-30T23:56:13.019+0000] {processor.py:743} INFO - Processing file /home/airflow/.local/lib/python3.7/site-packages/airflow/example_dags/example_xcom.py for tasks to queue
[2026-09-30T23:56:13.020+0000] {logging_mixin.py:137} INFO - [2026-09-30T23:56:13.019+0000] {dagbag.py:538} INFO - Filling up the DagBag from /home/airflow/.local/lib/python3.7/site-packages/airflow/example_dags/example_xcom.py
[2026-09-30T23:56:13.070+0000] {processor.py:753} INFO - DAG(s) dict_keys(['example_xcom']) retrieved from /home/airflow/.local/lib/python3.7/site-packages/airflow/example_dags/example_xcom.py
[2026-09-30T23:56:13.126+0000] {logging_mixin.py:137} INFO - [2026-09-30T23:56:13.126+0000] {dag.py:2676} INFO - Sync 1 DAGs
[2026-09-30T23:56:13.173+0000] {logging_mixin.py:137} INFO - [2026-09-30T23:56:13.173+0000] {dag.py:3427} INFO - Setting next_dagrun for example_xcom to 2021-01-01T00:00:00+00:00, run_after=2021-01-01T00:00:00+00:00
[2026-09-30T23:56:13.205+0000] {processor.py:175} INFO - Processing /home/airflow/.local/lib/python3.7/site-packages/airflow/example_dags/example_xcom.py took 0.194 seconds
[2026-09-30T23:56:43.280+0000] {processor.py:153} INFO - Started process (PID=14372) to work on /home/airflow/.local/lib/python3.7/site-packages/airflow/example_dags/example_xcom.py
[2026-09-30T23:56:43.281+0000] {processor.py:743} INFO - Processing file /home/airflow/.local/lib/python3.7/site-packages/airflow/example_dags/example_xcom.py for tasks to queue
[2026-09-30T23:56:43.282+0000] {logging_mixin.py:137} INFO - [2026-09-30T23:56:43.282+0000] {dagbag.py:538} INFO - Filling up the DagBag from /home/airflow/.local/lib/python3.7/site-packages/airflow/example_dags/example_xcom.py
[2026-09-30T23:56:43.311+0000] {processor.py:753} INFO - DAG(s) dict_keys(['example_xcom']) retrieved from /home/airflow/.local/lib/python3.7/site-packages/airflow/example_dags/example_xcom.py
[2026-09-30T23:56:43.363+0000] {logging_mixin.py:137} INFO - [2026-09-30T23:56:43.362+0000] {dag.py:2676} INFO - Sync 1 DAGs
[2026-09-30T23:56:43.392+0000] {logging_mixin.py:137} INFO - [2026-09-30T23:56:43.392+0000] {dag.py:3427} INFO - Setting next_dagrun for example_xcom to 2021-01-01T00:00:00+00:00, run_after=2021-01-01T00:00:00+00:00
[2026-09-30T23:56:43.413+0000] {processor.py:175} INFO - Processing /home/airflow/.local/lib/python3.7/site-packages/airflow/example_dags/example_xcom.py took 0.137 seconds
[2026-09-30T23:57:13.558+0000] {processor.py:153} INFO - Started process (PID=14451) to work on /home/airflow/.local/lib/python3.7/site-packages/airflow/example_dags/example_xcom.py
[2026-09-30T23:57:13.560+0000] {processor.py:743} INFO - Processing file /home/airflow/.local/lib/python3.7/site-packages/airflow/example_dags/example_xcom.py for tasks to queue
[2026-09-30T23:57:13.561+0000] {logging_mixin.py:137} INFO - [2026-09-30T23:57:13.561+0000] {dagbag.py:538} INFO - Filling up the DagBag from /home/airflow/.local/lib/python3.7/site-packages/airflow/example_dags/example_xcom.py
[2026-09-30T23:57:13.598+0000] {processor.py:753} INFO - DAG(s) dict_keys(['example_xcom']) retrieved from /home/airflow/.local/lib/python3.7/site-packages/airflow/example_dags/example_xcom.py
[2026-09-30T23:57:13.670+0000] {logging_mixin.py:137} INFO - [2026-09-30T23:57:13.670+0000] {dag.py:2676} INFO - Sync 1 DAGs
[2026-09-30T23:57:13.714+0000] {logging_mixin.py:137} INFO - [2026-09-30T23:57:13.714+0000] {dag.py:3427} INFO - Setting next_dagrun for example_xcom to 2021-01-01T00:00:00+00:00, run_after=2021-01-01T00:00:00+00:00
[2026-09-30T23:57:13.735+0000] {processor.py:175} INFO - Processing /home/airflow/.local/lib/python3.7/site-packages/airflow/example_dags/example_xcom.py took 0.184 seconds
[2026-09-30T23:57:44.111+0000] {processor.py:153} INFO - Started process (PID=14530) to work on /home/airflow/.local/lib/python3.7/site-packages/airflow/example_dags/example_xcom.py
[2026-09-30T23:57:44.112+0000] {processor.py:743} INFO - Processing file /home/airflow/.local/lib/python3.7/site-packages/airflow/example_dags/example_xcom.py for tasks to queue
[2026-09-30T23:57:44.113+0000] {logging_mixin.py:137} INFO - [2026-09-30T23:57:44.113+0000] {dagbag.py:538} INFO - Filling up the DagBag from /home/airflow/.local/lib/python3.7/site-packages/airflow/example_dags/example_xcom.py
[2026-09-30T23:57:44.156+0000] {processor.py:753} INFO - DAG(s) dict_keys(['example_xcom']) retrieved from /home/airflow/.local/lib/python3.7/site-packages/airflow/example_dags/example_xcom.py
[2026-09-30T23:57:44.221+0000] {logging_mixin.py:137} INFO - [2026-09-30T23:57:44.220+0000] {dag.py:2676} INFO - Sync 1 DAGs
[2026-09-30T23:57:44.258+0000] {logging_mixin.py:137} INFO - [2026-09-30T23:57:44.258+0000] {dag.py:3427} INFO - Setting next_dagrun for example_xcom to 2021-01-01T00:00:00+00:00, run_after=2021-01-01T00:00:00+00:00
[2026-09-30T23:57:44.285+0000] {processor.py:175} INFO - Processing /home/airflow/.local/lib/python3.7/site-packages/airflow/example_dags/example_xcom.py took 0.178 seconds
[2026-09-30T23:58:14.396+0000] {processor.py:153} INFO - Started process (PID=14629) to work on /home/airflow/.local/lib/python3.7/site-packages/airflow/example_dags/example_xcom.py
[2026-09-30T23:58:14.397+0000] {processor.py:743} INFO - Processing file /home/airflow/.local/lib/python3.7/site-packages/airflow/example_dags/example_xcom.py for tasks to queue
[2026-09-30T23:58:14.398+0000] {logging_mixin.py:137} INFO - [2026-09-30T23:58:14.397+0000] {dagbag.py:538} INFO - Filling up the DagBag from /home/airflow/.local/lib/python3.7/site-packages/airflow/example_dags/example_xcom.py
[2026-09-30T23:58:14.429+0000] {processor.py:753} INFO - DAG(s) dict_keys(['example_xcom']) retrieved from /home/airflow/.local/lib/python3.7/site-packages/airflow/example_dags/example_xcom.py
[2026-09-30T23:58:14.478+0000] {logging_mixin.py:137} INFO - [2026-09-30T23:58:14.478+0000] {dag.py:2676} INFO - Sync 1 DAGs
[2026-09-30T23:58:14.516+0000] {logging_mixin.py:137} INFO - [2026-09-30T23:58:14.516+0000] {dag.py:3427} INFO - Setting next_dagrun for example_xcom to 2021-01-01T00:00:00+00:00, run_after=2021-01-01T00:00:00+00:00
[2026-09-30T23:58:14.539+0000] {processor.py:175} INFO - Processing /home/airflow/.local/lib/python3.7/site-packages/airflow/example_dags/example_xcom.py took 0.147 seconds
[2026-09-30T23:58:45.137+0000] {processor.py:153} INFO - Started process (PID=14708) to work on /home/airflow/.local/lib/python3.7/site-packages/airflow/example_dags/example_xcom.py
[2026-09-30T23:58:45.137+0000] {processor.py:743} INFO - Processing file /home/airflow/.local/lib/python3.7/site-packages/airflow/example_dags/example_xcom.py for tasks to queue
[2026-09-30T23:58:45.138+0000] {logging_mixin.py:137} INFO - [2026-09-30T23:58:45.138+0000] {dagbag.py:538} INFO - Filling up the DagBag from /home/airflow/.local/lib/python3.7/site-packages/airflow/example_dags/example_xcom.py
[2026-09-30T23:58:45.169+0000] {processor.py:753} INFO - DAG(s) dict_keys(['example_xcom']) retrieved from /home/airflow/.local/lib/python3.7/site-packages/airflow/example_dags/example_xcom.py
[2026-09-30T23:58:45.220+0000] {logging_mixin.py:137} INFO - [2026-09-30T23:58:45.220+0000] {dag.py:2676} INFO - Sync 1 DAGs
[2026-09-30T23:58:45.251+0000] {logging_mixin.py:137} INFO - [2026-09-30T23:58:45.251+0000] {dag.py:3427} INFO - Setting next_dagrun for example_xcom to 2021-01-01T00:00:00+00:00, run_after=2021-01-01T00:00:00+00:00
[2026-09-30T23:58:45.272+0000] {processor.py:175} INFO - Processing /home/airflow/.local/lib/python3.7/site-packages/airflow/example_dags/example_xcom.py took 0.141 seconds
[2026-09-30T23:59:15.812+0000] {processor.py:153} INFO - Started process (PID=14787) to work on /home/airflow/.local/lib/python3.7/site-packages/airflow/example_dags/example_xcom.py
[2026-09-30T23:59:15.813+0000] {processor.py:743} INFO - Processing file /home/airflow/.local/lib/python3.7/site-packages/airflow/example_dags/example_xcom.py for tasks to queue
[2026-09-30T23:59:15.814+0000] {logging_mixin.py:137} INFO - [2026-09-30T23:59:15.814+0000] {dagbag.py:538} INFO - Filling up the DagBag from /home/airflow/.local/lib/python3.7/site-packages/airflow/example_dags/example_xcom.py
[2026-09-30T23:59:15.854+0000] {processor.py:753} INFO - DAG(s) dict_keys(['example_xcom']) retrieved from /home/airflow/.local/lib/python3.7/site-packages/airflow/example_dags/example_xcom.py
[2026-09-30T23:59:15.927+0000] {logging_mixin.py:137} INFO - [2026-09-30T23:59:15.927+0000] {dag.py:2676} INFO - Sync 1 DAGs
[2026-09-30T23:59:15.959+0000] {logging_mixin.py:137} INFO - [2026-09-30T23:59:15.958+0000] {dag.py:3427} INFO - Setting next_dagrun for example_xcom to 2021-01-01T00:00:00+00:00, run_after=2021-01-01T00:00:00+00:00
[2026-09-30T23:59:15.980+0000] {processor.py:175} INFO - Processing /home/airflow/.local/lib/python3.7/site-packages/airflow/example_dags/example_xcom.py took 0.172 seconds
[2026-09-30T23:59:46.515+0000] {processor.py:153} INFO - Started process (PID=14875) to work on /home/airflow/.local/lib/python3.7/site-packages/airflow/example_dags/example_xcom.py
[2026-09-30T23:59:46.516+0000] {processor.py:743} INFO - Processing file /home/airflow/.local/lib/python3.7/site-packages/airflow/example_dags/example_xcom.py for tasks to queue
[2026-09-30T23:59:46.517+0000] {logging_mixin.py:137} INFO - [2026-09-30T23:59:46.516+0000] {dagbag.py:538} INFO - Filling up the DagBag from /home/airflow/.local/lib/python3.7/site-packages/airflow/example_dags/example_xcom.py
[2026-09-30T23:59:46.548+0000] {processor.py:753} INFO - DAG(s) dict_keys(['example_xcom']) retrieved from /home/airflow/.local/lib/python3.7/site-packages/airflow/example_dags/example_xcom.py
[2026-09-30T23:59:46.601+0000] {logging_mixin.py:137} INFO - [2026-09-30T23:59:46.601+0000] {dag.py:2676} INFO - Sync 1 DAGs
[2026-09-30T23:59:46.635+0000] {logging_mixin.py:137} INFO - [2026-09-30T23:59:46.634+0000] {dag.py:3427} INFO - Setting next_dagrun for example_xcom to 2021-01-01T00:00:00+00:00, run_after=2021-01-01T00:00:00+00:00
[2026-09-30T23:59:46.656+0000] {processor.py:175} INFO - Processing /home/airflow/.local/lib/python3.7/site-packages/airflow/example_dags/example_xcom.py took 0.145 seconds
