[2026-09-30T19:10:09.375+0000] {processor.py:153} INFO - Started process (PID=98) to work on /home/airflow/.local/lib/python3.7/site-packages/airflow/example_dags/subdags/subdag.py
[2026-09-30T19:10:09.376+0000] {processor.py:743} INFO - Processing file /home/airflow/.local/lib/python3.7/site-packages/airflow/example_dags/subdags/subdag.py for tasks to queue
[2026-09-30T19:10:09.377+0000] {logging_mixin.py:137} INFO - [2026-09-30T19:10:09.377+0000] {dagbag.py:538} INFO - Filling up the DagBag from /home/airflow/.local/lib/python3.7/site-packages/airflow/example_dags/subdags/subdag.py
[2026-09-30T19:10:09.382+0000] {processor.py:755} WARNING - No viable dags retrieved from /home/airflow/.local/lib/python3.7/site-packages/airflow/example_dags/subdags/subdag.py
[2026-09-30T19:10:09.398+0000] {processor.py:175} INFO - Processing /home/airflow/.local/lib/python3.7/site-packages/airflow/example_dags/subdags/subdag.py took 0.028 seconds
[2026-09-30T19:10:40.796+0000] {processor.py:153} INFO - Started process (PID=176) to work on /home/airflow/.local/lib/python3.7/site-packages/airflow/example_dags/subdags/subdag.py
[2026-09-30T19:10:40.798+0000] {processor.py:743} INFO - Processing file /home/airflow/.local/lib/python3.7/site-packages/airflow/example_dags/subdags/subdag.py for tasks to queue
[2026-09-30T19:10:40.799+0000] {logging_mixin.py:137} INFO - [2026-09-30T19:10:40.799+0000] {dagbag.py:538} INFO - Filling up the DagBag from /home/airflow/.local/lib/python3.7/site-packages/airflow/example_dags/subdags/subdag.py
[2026-09-30T19:10:40.803+0000] {processor.py:755} WARNING - No viable dags retrieved from /home/airflow/.local/lib/python3.7/site-packages/airflow/example_dags/subdags/subdag.py
[2026-09-30T19:10:40.823+0000] {processor.py:175} INFO - Processing /home/airflow/.local/lib/python3.7/site-packages/airflow/example_dags/subdags/subdag.py took 0.032 seconds
[2026-09-30T19:11:11.438+0000] {processor.py:153} INFO - Started process (PID=254) to work on /home/airflow/.local/lib/python3.7/site-packages/airflow/example_dags/subdags/subdag.py
[2026-09-30T19:11:11.439+0000] {processor.py:743} INFO - Processing file /home/airflow/.local/lib/python3.7/site-packages/airflow/example_dags/subdags/subdag.py for tasks to queue
[2026-09-30T19:11:11.440+0000] {logging_mixin.py:137} INFO - [2026-09-30T19:11:11.440+0000] {dagbag.py:538} INFO - Filling up the DagBag from /home/airflow/.local/lib/python3.7/site-packages/airflow/example_dags/subdags/subdag.py
[2026-09-30T19:11:11.444+0000] {processor.py:755} WARNING - No viable dags retrieved from /home/airflow/.local/lib/python3.7/site-packages/airflow/example_dags/subdags/subdag.py
[2026-09-30T19:11:11.458+0000] {processor.py:175} INFO - Processing /home/airflow/.local/lib/python3.7/site-packages/airflow/example_dags/subdags/subdag.py took 0.024 seconds
[2026-09-30T19:11:42.148+0000] {processor.py:153} INFO - Started process (PID=341) to work on /home/airflow/.local/lib/python3.7/site-packages/airflow/example_dags/subdags/subdag.py
[2026-09-30T19:11:42.149+0000] {processor.py:743} INFO - Processing file /home/airflow/.local/lib/python3.7/site-packages/airflow/example_dags/subdags/subdag.py for tasks to queue
[2026-09-30T19:11:42.149+0000] {logging_mixin.py:137} INFO - [2026-09-30T19:11:42.149+0000] {dagbag.py:538} INFO - Filling up the DagBag from /home/airflow/.local/lib/python3.7/site-packages/airflow/example_dags/subdags/subdag.py
[2026-09-30T19:11:42.153+0000] {processor.py:755} WARNING - No viable dags retrieved from /home/airflow/.local/lib/python3.7/site-packages/airflow/example_dags/subdags/subdag.py
[2026-09-30T19:11:42.170+0000] {processor.py:175} INFO - Processing /home/airflow/.local/lib/python3.7/site-packages/airflow/example_dags/subdags/subdag.py took 0.027 seconds
[2026-09-30T19:12:13.369+0000] {processor.py:153} INFO - Started process (PID=430) to work on /home/airflow/.local/lib/python3.7/site-packages/airflow/example_dags/subdags/subdag.py
[2026-09-30T19:12:13.370+0000] {processor.py:743} INFO - Processing file /home/airflow/.local/lib/python3.7/site-packages/airflow/example_dags/subdags/subdag.py for tasks to queue
[2026-09-30T19:12:13.370+0000] {logging_mixin.py:137} INFO - [2026-09-30T19:12:13.370+0000] {dagbag.py:538} INFO - Filling up the DagBag from /home/airflow/.local/lib/python3.7/site-packages/airflow/example_dags/subdags/subdag.py
[2026-09-30T19:12:13.375+0000] {processor.py:755} WARNING - No viable dags retrieved from /home/airflow/.local/lib/python3.7/site-packages/airflow/example_dags/subdags/subdag.py
[2026-09-30T19:12:13.393+0000] {processor.py:175} INFO - Processing /home/airflow/.local/lib/python3.7/site-packages/airflow/example_dags/subdags/subdag.py took 0.028 seconds
[2026-09-30T19:12:43.621+0000] {processor.py:153} INFO - Started process (PID=507) to work on /home/airflow/.local/lib/python3.7/site-packages/airflow/example_dags/subdags/subdag.py
[2026-09-30T19:12:43.622+0000] {processor.py:743} INFO - Processing file /home/airflow/.local/lib/python3.7/site-packages/airflow/example_dags/subdags/subdag.py for tasks to queue
[2026-09-30T19:12:43.622+0000] {logging_mixin.py:137} INFO - [2026-09-30T19:12:43.622+0000] {dagbag.py:538} INFO - Filling up the DagBag from /home/airflow/.local/lib/python3.7/site-packages/airflow/example_dags/subdags/subdag.py
[2026-09-30T19:12:43.626+0000] {processor.py:755} WARNING - No viable dags retrieved from /home/airflow/.local/lib/python3.7/site-packages/airflow/example_dags/subdags/subdag.py
[2026-09-30T19:12:43.641+0000] {processor.py:175} INFO - Processing /home/airflow/.local/lib/python3.7/site-packages/airflow/example_dags/subdags/subdag.py took 0.024 seconds
[2026-09-30T19:13:14.168+0000] {processor.py:153} INFO - Started process (PID=586) to work on /home/airflow/.local/lib/python3.7/site-packages/airflow/example_dags/subdags/subdag.py
[2026-09-30T19:13:14.169+0000] {processor.py:743} INFO - Processing file /home/airflow/.local/lib/python3.7/site-packages/airflow/example_dags/subdags/subdag.py for tasks to queue
[2026-09-30T19:13:14.170+0000] {logging_mixin.py:137} INFO - [2026-09-30T19:13:14.170+0000] {dagbag.py:538} INFO - Filling up the DagBag from /home/airflow/.local/lib/python3.7/site-packages/airflow/example_dags/subdags/subdag.py
[2026-09-30T19:13:14.176+0000] {processor.py:755} WARNING - No viable dags retrieved from /home/airflow/.local/lib/python3.7/site-packages/airflow/example_dags/subdags/subdag.py
[2026-09-30T19:13:14.198+0000] {processor.py:175} INFO - Processing /home/airflow/.local/lib/python3.7/site-packages/airflow/example_dags/subdags/subdag.py took 0.036 seconds
[2026-09-30T19:13:45.318+0000] {processor.py:153} INFO - Started process (PID=673) to work on /home/airflow/.local/lib/python3.7/site-packages/airflow/example_dags/subdags/subdag.py
[2026-09-30T19:13:45.319+0000] {processor.py:743} INFO - Processing file /home/airflow/.local/lib/python3.7/site-packages/airflow/example_dags/subdags/subdag.py for tasks to queue
[2026-09-30T19:13:45.321+0000] {logging_mixin.py:137} INFO - [2026-09-30T19:13:45.320+0000] {dagbag.py:538} INFO - Filling up the DagBag from /home/airflow/.local/lib/python3.7/site-packages/airflow/example_dags/subdags/subdag.py
[2026-09-30T19:13:45.326+0000] {processor.py:755} WARNING - No viable dags retrieved from /home/airflow/.local/lib/python3.7/site-packages/airflow/example_dags/subdags/subdag.py
[2026-09-30T19:13:45.351+0000] {processor.py:175} INFO - Processing /home/airflow/.local/lib/python3.7/site-packages/airflow/example_dags/subdags/subdag.py took 0.039 seconds
[2026-09-30T19:14:15.526+0000] {processor.py:153} INFO - Started process (PID=761) to work on /home/airflow/.local/lib/python3.7/site-packages/airflow/example_dags/subdags/subdag.py
[2026-09-30T19:14:15.527+0000] {processor.py:743} INFO - Processing file /home/airflow/.local/lib/python3.7/site-packages/airflow/example_dags/subdags/subdag.py for tasks to queue
[2026-09-30T19:14:15.527+0000] {logging_mixin.py:137} INFO - [2026-09-30T19:14:15.527+0000] {dagbag.py:538} INFO - Filling up the DagBag from /home/airflow/.local/lib/python3.7/site-packages/airflow/example_dags/subdags/subdag.py
[2026-09-30T19:14:15.531+0000] {processor.py:755} WARNING - No viable dags retrieved from /home/airflow/.local/lib/python3.7/site-packages/airflow/example_dags/subdags/subdag.py
[2026-09-30T19:14:15.546+0000] {processor.py:175} INFO - Processing /home/airflow/.local/lib/python3.7/site-packages/airflow/example_dags/subdags/subdag.py took 0.025 seconds
[2026-09-30T19:14:45.836+0000] {processor.py:153} INFO - Started process (PID=839) to work on /home/airflow/.local/lib/python3.7/site-packages/airflow/example_dags/subdags/subdag.py
[2026-09-30T19:14:45.837+0000] {processor.py:743} INFO - Processing file /home/airflow/.local/lib/python3.7/site-packages/airflow/example_dags/subdags/subdag.py for tasks to queue
[2026-09-30T19:14:45.839+0000] {logging_mixin.py:137} INFO - [2026-09-30T19:14:45.839+0000] {dagbag.py:538} INFO - Filling up the DagBag from /home/airflow/.local/lib/python3.7/site-packages/airflow/example_dags/subdags/subdag.py
[2026-09-30T19:14:45.842+0000] {processor.py:755} WARNING - No viable dags retrieved from /home/airflow/.local/lib/python3.7/site-packages/airflow/example_dags/subdags/subdag.py
[2026-09-30T19:14:45.855+0000] {processor.py:175} INFO - Processing /home/airflow/.local/lib/python3.7/site-packages/airflow/example_dags/subdags/subdag.py took 0.022 seconds
[2026-09-30T19:15:16.408+0000] {processor.py:153} INFO - Started process (PID=917) to work on /home/airflow/.local/lib/python3.7/site-packages/airflow/example_dags/subdags/subdag.py
[2026-09-30T19:15:16.409+0000] {processor.py:743} INFO - Processing file /home/airflow/.local/lib/python3.7/site-packages/airflow/example_dags/subdags/subdag.py for tasks to queue
[2026-09-30T19:15:16.410+0000] {logging_mixin.py:137} INFO - [2026-09-30T19:15:16.409+0000] {dagbag.py:538} INFO - Filling up the DagBag from /home/airflow/.local/lib/python3.7/site-packages/airflow/example_dags/subdags/subdag.py
[2026-09-30T19:15:16.414+0000] {processor.py:755} WARNING - No viable dags retrieved from /home/airflow/.local/lib/python3.7/site-packages/airflow/example_dags/subdags/subdag.py
[2026-09-30T19:15:16.429+0000] {processor.py:175} INFO - Processing /home/airflow/.local/lib/python3.7/site-packages/airflow/example_dags/subdags/subdag.py took 0.025 seconds
[2026-09-30T19:15:46.757+0000] {processor.py:153} INFO - Started process (PID=1002) to work on /home/airflow/.local/lib/python3.7/site-packages/airflow/example_dags/subdags/subdag.py
[2026-09-30T19:15:46.758+0000] {processor.py:743} INFO - Processing file /home/airflow/.local/lib/python3.7/site-packages/airflow/example_dags/subdags/subdag.py for tasks to queue
[2026-09-30T19:15:46.759+0000] {logging_mixin.py:137} INFO - [2026-09-30T19:15:46.759+0000] {dagbag.py:538} INFO - Filling up the DagBag from /home/airflow/.local/lib/python3.7/site-packages/airflow/example_dags/subdags/subdag.py
[2026-09-30T19:15:46.764+0000] {processor.py:755} WARNING - No viable dags retrieved from /home/airflow/.local/lib/python3.7/site-packages/airflow/example_dags/subdags/subdag.py
[2026-09-30T19:15:46.782+0000] {processor.py:175} INFO - Processing /home/airflow/.local/lib/python3.7/site-packages/airflow/example_dags/subdags/subdag.py took 0.029 seconds
[2026-09-30T19:16:17.056+0000] {processor.py:153} INFO - Started process (PID=1092) to work on /home/airflow/.local/lib/python3.7/site-packages/airflow/example_dags/subdags/subdag.py
[2026-09-30T19:16:17.057+0000] {processor.py:743} INFO - Processing file /home/airflow/.local/lib/python3.7/site-packages/airflow/example_dags/subdags/subdag.py for tasks to queue
[2026-09-30T19:16:17.058+0000] {logging_mixin.py:137} INFO - [2026-09-30T19:16:17.058+0000] {dagbag.py:538} INFO - Filling up the DagBag from /home/airflow/.local/lib/python3.7/site-packages/airflow/example_dags/subdags/subdag.py
[2026-09-30T19:16:17.062+0000] {processor.py:755} WARNING - No viable dags retrieved from /home/airflow/.local/lib/python3.7/site-packages/airflow/example_dags/subdags/subdag.py
[2026-09-30T19:16:17.081+0000] {processor.py:175} INFO - Processing /home/airflow/.local/lib/python3.7/site-packages/airflow/example_dags/subdags/subdag.py took 0.029 seconds
[2026-09-30T19:16:48.288+0000] {processor.py:153} INFO - Started process (PID=1171) to work on /home/airflow/.local/lib/python3.7/site-packages/airflow/example_dags/subdags/subdag.py
[2026-09-30T19:16:48.290+0000] {processor.py:743} INFO - Processing file /home/airflow/.local/lib/python3.7/site-packages/airflow/example_dags/subdags/subdag.py for tasks to queue
[2026-09-30T19:16:48.290+0000] {logging_mixin.py:137} INFO - [2026-09-30T19:16:48.290+0000] {dagbag.py:538} INFO - Filling up the DagBag from /home/airflow/.local/lib/python3.7/site-packages/airflow/example_dags/subdags/subdag.py
[2026-09-30T19:16:48.294+0000] {processor.py:755} WARNING - No viable dags retrieved from /home/airflow/.local/lib/python3.7/site-packages/airflow/example_dags/subdags/subdag.py
[2026-09-30T19:16:48.309+0000] {processor.py:175} INFO - Processing /home/airflow/.local/lib/python3.7/site-packages/airflow/example_dags/subdags/subdag.py took 0.025 seconds
[2026-09-30T19:17:19.148+0000] {processor.py:153} INFO - Started process (PID=1250) to work on /home/airflow/.local/lib/python3.7/site-packages/airflow/example_dags/subdags/subdag.py
[2026-09-30T19:17:19.149+0000] {processor.py:743} INFO - Processing file /home/airflow/.local/lib/python3.7/site-packages/airflow/example_dags/subdags/subdag.py for tasks to queue
[2026-09-30T19:17:19.150+0000] {logging_mixin.py:137} INFO - [2026-09-30T19:17:19.149+0000] {dagbag.py:538} INFO - Filling up the DagBag from /home/airflow/.local/lib/python3.7/site-packages/airflow/example_dags/subdags/subdag.py
[2026-09-30T19:17:19.153+0000] {processor.py:755} WARNING - No viable dags retrieved from /home/airflow/.local/lib/python3.7/site-packages/airflow/example_dags/subdags/subdag.py
[2026-09-30T19:17:19.178+0000] {processor.py:175} INFO - Processing /home/airflow/.local/lib/python3.7/site-packages/airflow/example_dags/subdags/subdag.py took 0.034 seconds
[2026-09-30T19:17:49.711+0000] {processor.py:153} INFO - Started process (PID=1348) to work on /home/airflow/.local/lib/python3.7/site-packages/airflow/example_dags/subdags/subdag.py
[2026-09-30T19:17:49.713+0000] {processor.py:743} INFO - Processing file /home/airflow/.local/lib/python3.7/site-packages/airflow/example_dags/subdags/subdag.py for tasks to queue
[2026-09-30T19:17:49.714+0000] {logging_mixin.py:137} INFO - [2026-09-30T19:17:49.714+0000] {dagbag.py:538} INFO - Filling up the DagBag from /home/airflow/.local/lib/python3.7/site-packages/airflow/example_dags/subdags/subdag.py
[2026-09-30T19:17:49.718+0000] {processor.py:755} WARNING - No viable dags retrieved from /home/airflow/.local/lib/python3.7/site-packages/airflow/example_dags/subdags/subdag.py
[2026-09-30T19:17:49.735+0000] {processor.py:175} INFO - Processing /home/airflow/.local/lib/python3.7/site-packages/airflow/example_dags/subdags/subdag.py took 0.027 seconds
[2026-09-30T19:18:20.235+0000] {processor.py:153} INFO - Started process (PID=1426) to work on /home/airflow/.local/lib/python3.7/site-packages/airflow/example_dags/subdags/subdag.py
[2026-09-30T19:18:20.236+0000] {processor.py:743} INFO - Processing file /home/airflow/.local/lib/python3.7/site-packages/airflow/example_dags/subdags/subdag.py for tasks to queue
[2026-09-30T19:18:20.237+0000] {logging_mixin.py:137} INFO - [2026-09-30T19:18:20.236+0000] {dagbag.py:538} INFO - Filling up the DagBag from /home/airflow/.local/lib/python3.7/site-packages/airflow/example_dags/subdags/subdag.py
[2026-09-30T19:18:20.240+0000] {processor.py:755} WARNING - No viable dags retrieved from /home/airflow/.local/lib/python3.7/site-packages/airflow/example_dags/subdags/subdag.py
[2026-09-30T19:18:20.255+0000] {processor.py:175} INFO - Processing /home/airflow/.local/lib/python3.7/site-packages/airflow/example_dags/subdags/subdag.py took 0.023 seconds
[2026-09-30T19:18:51.157+0000] {processor.py:153} INFO - Started process (PID=1504) to work on /home/airflow/.local/lib/python3.7/site-packages/airflow/example_dags/subdags/subdag.py
[2026-09-30T19:18:51.159+0000] {processor.py:743} INFO - Processing file /home/airflow/.local/lib/python3.7/site-packages/airflow/example_dags/subdags/subdag.py for tasks to queue
[2026-09-30T19:18:51.159+0000] {logging_mixin.py:137} INFO - [2026-09-30T19:18:51.159+0000] {dagbag.py:538} INFO - Filling up the DagBag from /home/airflow/.local/lib/python3.7/site-packages/airflow/example_dags/subdags/subdag.py
[2026-09-30T19:18:51.163+0000] {processor.py:755} WARNING - No viable dags retrieved from /home/airflow/.local/lib/python3.7/site-packages/airflow/example_dags/subdags/subdag.py
[2026-09-30T19:18:51.181+0000] {processor.py:175} INFO - Processing /home/airflow/.local/lib/python3.7/site-packages/airflow/example_dags/subdags/subdag.py took 0.029 seconds
[2026-09-30T19:19:22.382+0000] {processor.py:153} INFO - Started process (PID=1582) to work on /home/airflow/.local/lib/python3.7/site-packages/airflow/example_dags/subdags/subdag.py
[2026-09-30T19:19:22.383+0000] {processor.py:743} INFO - Processing file /home/airflow/.local/lib/python3.7/site-packages/airflow/example_dags/subdags/subdag.py for tasks to queue
[2026-09-30T19:19:22.383+0000] {logging_mixin.py:137} INFO - [2026-09-30T19:19:22.383+0000] {dagbag.py:538} INFO - Filling up the DagBag from /home/airflow/.local/lib/python3.7/site-packages/airflow/example_dags/subdags/subdag.py
[2026-09-30T19:19:22.387+0000] {processor.py:755} WARNING - No viable dags retrieved from /home/airflow/.local/lib/python3.7/site-packages/airflow/example_dags/subdags/subdag.py
[2026-09-30T19:19:22.402+0000] {processor.py:175} INFO - Processing /home/airflow/.local/lib/python3.7/site-packages/airflow/example_dags/subdags/subdag.py took 0.024 seconds
[2026-09-30T19:19:53.078+0000] {processor.py:153} INFO - Started process (PID=1680) to work on /home/airflow/.local/lib/python3.7/site-packages/airflow/example_dags/subdags/subdag.py
[2026-09-30T19:19:53.079+0000] {processor.py:743} INFO - Processing file /home/airflow/.local/lib/python3.7/site-packages/airflow/example_dags/subdags/subdag.py for tasks to queue
[2026-09-30T19:19:53.080+0000] {logging_mixin.py:137} INFO - [2026-09-30T19:19:53.080+0000] {dagbag.py:538} INFO - Filling up the DagBag from /home/airflow/.local/lib/python3.7/site-packages/airflow/example_dags/subdags/subdag.py
[2026-09-30T19:19:53.083+0000] {processor.py:755} WARNING - No viable dags retrieved from /home/airflow/.local/lib/python3.7/site-packages/airflow/example_dags/subdags/subdag.py
[2026-09-30T19:19:53.096+0000] {processor.py:175} INFO - Processing /home/airflow/.local/lib/python3.7/site-packages/airflow/example_dags/subdags/subdag.py took 0.021 seconds
[2026-09-30T19:20:23.820+0000] {processor.py:153} INFO - Started process (PID=1759) to work on /home/airflow/.local/lib/python3.7/site-packages/airflow/example_dags/subdags/subdag.py
[2026-09-30T19:20:23.821+0000] {processor.py:743} INFO - Processing file /home/airflow/.local/lib/python3.7/site-packages/airflow/example_dags/subdags/subdag.py for tasks to queue
[2026-09-30T19:20:23.822+0000] {logging_mixin.py:137} INFO - [2026-09-30T19:20:23.821+0000] {dagbag.py:538} INFO - Filling up the DagBag from /home/airflow/.local/lib/python3.7/site-packages/airflow/example_dags/subdags/subdag.py
[2026-09-30T19:20:23.825+0000] {processor.py:755} WARNING - No viable dags retrieved from /home/airflow/.local/lib/python3.7/site-packages/airflow/example_dags/subdags/subdag.py
[2026-09-30T19:20:23.841+0000] {processor.py:175} INFO - Processing /home/airflow/.local/lib/python3.7/site-packages/airflow/example_dags/subdags/subdag.py took 0.025 seconds
[2026-09-30T19:20:54.301+0000] {processor.py:153} INFO - Started process (PID=1838) to work on /home/airflow/.local/lib/python3.7/site-packages/airflow/example_dags/subdags/subdag.py
[2026-09-30T19:20:54.302+0000] {processor.py:743} INFO - Processing file /home/airflow/.local/lib/python3.7/site-packages/airflow/example_dags/subdags/subdag.py for tasks to queue
[2026-09-30T19:20:54.302+0000] {logging_mixin.py:137} INFO - [2026-09-30T19:20:54.302+0000] {dagbag.py:538} INFO - Filling up the DagBag from /home/airflow/.local/lib/python3.7/site-packages/airflow/example_dags/subdags/subdag.py
[2026-09-30T19:20:54.305+0000] {processor.py:755} WARNING - No viable dags retrieved from /home/airflow/.local/lib/python3.7/site-packages/airflow/example_dags/subdags/subdag.py
[2026-09-30T19:20:54.320+0000] {processor.py:175} INFO - Processing /home/airflow/.local/lib/python3.7/site-packages/airflow/example_dags/subdags/subdag.py took 0.023 seconds
[2026-09-30T19:21:25.472+0000] {processor.py:153} INFO - Started process (PID=1937) to work on /home/airflow/.local/lib/python3.7/site-packages/airflow/example_dags/subdags/subdag.py
[2026-09-30T19:21:25.474+0000] {processor.py:743} INFO - Processing file /home/airflow/.local/lib/python3.7/site-packages/airflow/example_dags/subdags/subdag.py for tasks to queue
[2026-09-30T19:21:25.475+0000] {logging_mixin.py:137} INFO - [2026-09-30T19:21:25.475+0000] {dagbag.py:538} INFO - Filling up the DagBag from /home/airflow/.local/lib/python3.7/site-packages/airflow/example_dags/subdags/subdag.py
[2026-09-30T19:21:25.481+0000] {processor.py:755} WARNING - No viable dags retrieved from /home/airflow/.local/lib/python3.7/site-packages/airflow/example_dags/subdags/subdag.py
[2026-09-30T19:21:25.500+0000] {processor.py:175} INFO - Processing /home/airflow/.local/lib/python3.7/site-packages/airflow/example_dags/subdags/subdag.py took 0.035 seconds
[2026-09-30T19:21:56.513+0000] {processor.py:153} INFO - Started process (PID=2016) to work on /home/airflow/.local/lib/python3.7/site-packages/airflow/example_dags/subdags/subdag.py
[2026-09-30T19:21:56.514+0000] {processor.py:743} INFO - Processing file /home/airflow/.local/lib/python3.7/site-packages/airflow/example_dags/subdags/subdag.py for tasks to queue
[2026-09-30T19:21:56.515+0000] {logging_mixin.py:137} INFO - [2026-09-30T19:21:56.515+0000] {dagbag.py:538} INFO - Filling up the DagBag from /home/airflow/.local/lib/python3.7/site-packages/airflow/example_dags/subdags/subdag.py
[2026-09-30T19:21:56.520+0000] {processor.py:755} WARNING - No viable dags retrieved from /home/airflow/.local/lib/python3.7/site-packages/airflow/example_dags/subdags/subdag.py
[2026-09-30T19:21:56.535+0000] {processor.py:175} INFO - Processing /home/airflow/.local/lib/python3.7/site-packages/airflow/example_dags/subdags/subdag.py took 0.027 seconds
[2026-09-30T19:22:26.907+0000] {processor.py:153} INFO - Started process (PID=2095) to work on /home/airflow/.local/lib/python3.7/site-packages/airflow/example_dags/subdags/subdag.py
[2026-09-30T19:22:26.907+0000] {processor.py:743} INFO - Processing file /home/airflow/.local/lib/python3.7/site-packages/airflow/example_dags/subdags/subdag.py for tasks to queue
[2026-09-30T19:22:26.908+0000] {logging_mixin.py:137} INFO - [2026-09-30T19:22:26.908+0000] {dagbag.py:538} INFO - Filling up the DagBag from /home/airflow/.local/lib/python3.7/site-packages/airflow/example_dags/subdags/subdag.py
[2026-09-30T19:22:26.911+0000] {processor.py:755} WARNING - No viable dags retrieved from /home/airflow/.local/lib/python3.7/site-packages/airflow/example_dags/subdags/subdag.py
[2026-09-30T19:22:26.927+0000] {processor.py:175} INFO - Processing /home/airflow/.local/lib/python3.7/site-packages/airflow/example_dags/subdags/subdag.py took 0.023 seconds
[2026-09-30T19:22:57.653+0000] {processor.py:153} INFO - Started process (PID=2178) to work on /home/airflow/.local/lib/python3.7/site-packages/airflow/example_dags/subdags/subdag.py
[2026-09-30T19:22:57.654+0000] {processor.py:743} INFO - Processing file /home/airflow/.local/lib/python3.7/site-packages/airflow/example_dags/subdags/subdag.py for tasks to queue
[2026-09-30T19:22:57.655+0000] {logging_mixin.py:137} INFO - [2026-09-30T19:22:57.655+0000] {dagbag.py:538} INFO - Filling up the DagBag from /home/airflow/.local/lib/python3.7/site-packages/airflow/example_dags/subdags/subdag.py
[2026-09-30T19:22:57.659+0000] {processor.py:755} WARNING - No viable dags retrieved from /home/airflow/.local/lib/python3.7/site-packages/airflow/example_dags/subdags/subdag.py
[2026-09-30T19:22:57.675+0000] {processor.py:175} INFO - Processing /home/airflow/.local/lib/python3.7/site-packages/airflow/example_dags/subdags/subdag.py took 0.026 seconds
[2026-09-30T19:23:28.444+0000] {processor.py:153} INFO - Started process (PID=2277) to work on /home/airflow/.local/lib/python3.7/site-packages/airflow/example_dags/subdags/subdag.py
[2026-09-30T19:23:28.446+0000] {processor.py:743} INFO - Processing file /home/airflow/.local/lib/python3.7/site-packages/airflow/example_dags/subdags/subdag.py for tasks to queue
[2026-09-30T19:23:28.447+0000] {logging_mixin.py:137} INFO - [2026-09-30T19:23:28.447+0000] {dagbag.py:538} INFO - Filling up the DagBag from /home/airflow/.local/lib/python3.7/site-packages/airflow/example_dags/subdags/subdag.py
[2026-09-30T19:23:28.452+0000] {processor.py:755} WARNING - No viable dags retrieved from /home/airflow/.local/lib/python3.7/site-packages/airflow/example_dags/subdags/subdag.py
[2026-09-30T19:23:28.473+0000] {processor.py:175} INFO - Processing /home/airflow/.local/lib/python3.7/site-packages/airflow/example_dags/subdags/subdag.py took 0.033 seconds
[2026-09-30T19:23:58.999+0000] {processor.py:153} INFO - Started process (PID=2361) to work on /home/airflow/.local/lib/python3.7/site-packages/airflow/example_dags/subdags/subdag.py
[2026-09-30T19:23:59.000+0000] {processor.py:743} INFO - Processing file /home/airflow/.local/lib/python3.7/site-packages/airflow/example_dags/subdags/subdag.py for tasks to queue
[2026-09-30T19:23:59.000+0000] {logging_mixin.py:137} INFO - [2026-09-30T19:23:59.000+0000] {dagbag.py:538} INFO - Filling up the DagBag from /home/airflow/.local/lib/python3.7/site-packages/airflow/example_dags/subdags/subdag.py
[2026-09-30T19:23:59.005+0000] {processor.py:755} WARNING - No viable dags retrieved from /home/airflow/.local/lib/python3.7/site-packages/airflow/example_dags/subdags/subdag.py
[2026-09-30T19:23:59.024+0000] {processor.py:175} INFO - Processing /home/airflow/.local/lib/python3.7/site-packages/airflow/example_dags/subdags/subdag.py took 0.029 seconds
[2026-09-30T19:24:29.254+0000] {processor.py:153} INFO - Started process (PID=2443) to work on /home/airflow/.local/lib/python3.7/site-packages/airflow/example_dags/subdags/subdag.py
[2026-09-30T19:24:29.255+0000] {processor.py:743} INFO - Processing file /home/airflow/.local/lib/python3.7/site-packages/airflow/example_dags/subdags/subdag.py for tasks to queue
[2026-09-30T19:24:29.256+0000] {logging_mixin.py:137} INFO - [2026-09-30T19:24:29.256+0000] {dagbag.py:538} INFO - Filling up the DagBag from /home/airflow/.local/lib/python3.7/site-packages/airflow/example_dags/subdags/subdag.py
[2026-09-30T19:24:29.260+0000] {processor.py:755} WARNING - No viable dags retrieved from /home/airflow/.local/lib/python3.7/site-packages/airflow/example_dags/subdags/subdag.py
[2026-09-30T19:24:29.277+0000] {processor.py:175} INFO - Processing /home/airflow/.local/lib/python3.7/site-packages/airflow/example_dags/subdags/subdag.py took 0.028 seconds
[2026-09-30T19:24:59.835+0000] {processor.py:153} INFO - Started process (PID=2521) to work on /home/airflow/.local/lib/python3.7/site-packages/airflow/example_dags/subdags/subdag.py
[2026-09-30T19:24:59.836+0000] {processor.py:743} INFO - Processing file /home/airflow/.local/lib/python3.7/site-packages/airflow/example_dags/subdags/subdag.py for tasks to queue
[2026-09-30T19:24:59.837+0000] {logging_mixin.py:137} INFO - [2026-09-30T19:24:59.837+0000] {dagbag.py:538} INFO - Filling up the DagBag from /home/airflow/.local/lib/python3.7/site-packages/airflow/example_dags/subdags/subdag.py
[2026-09-30T19:24:59.841+0000] {processor.py:755} WARNING - No viable dags retrieved from /home/airflow/.local/lib/python3.7/site-packages/airflow/example_dags/subdags/subdag.py
[2026-09-30T19:24:59.856+0000] {processor.py:175} INFO - Processing /home/airflow/.local/lib/python3.7/site-packages/airflow/example_dags/subdags/subdag.py took 0.025 seconds
[2026-09-30T19:25:30.172+0000] {processor.py:153} INFO - Started process (PID=2623) to work on /home/airflow/.local/lib/python3.7/site-packages/airflow/example_dags/subdags/subdag.py
[2026-09-30T19:25:30.173+0000] {processor.py:743} INFO - Processing file /home/airflow/.local/lib/python3.7/site-packages/airflow/example_dags/subdags/subdag.py for tasks to queue
[2026-09-30T19:25:30.174+0000] {logging_mixin.py:137} INFO - [2026-09-30T19:25:30.174+0000] {dagbag.py:538} INFO - Filling up the DagBag from /home/airflow/.local/lib/python3.7/site-packages/airflow/example_dags/subdags/subdag.py
[2026-09-30T19:25:30.180+0000] {processor.py:755} WARNING - No viable dags retrieved from /home/airflow/.local/lib/python3.7/site-packages/airflow/example_dags/subdags/subdag.py
[2026-09-30T19:25:30.200+0000] {processor.py:175} INFO - Processing /home/airflow/.local/lib/python3.7/site-packages/airflow/example_dags/subdags/subdag.py took 0.032 seconds
[2026-09-30T19:26:00.539+0000] {processor.py:153} INFO - Started process (PID=2702) to work on /home/airflow/.local/lib/python3.7/site-packages/airflow/example_dags/subdags/subdag.py
[2026-09-30T19:26:00.540+0000] {processor.py:743} INFO - Processing file /home/airflow/.local/lib/python3.7/site-packages/airflow/example_dags/subdags/subdag.py for tasks to queue
[2026-09-30T19:26:00.541+0000] {logging_mixin.py:137} INFO - [2026-09-30T19:26:00.541+0000] {dagbag.py:538} INFO - Filling up the DagBag from /home/airflow/.local/lib/python3.7/site-packages/airflow/example_dags/subdags/subdag.py
[2026-09-30T19:26:00.545+0000] {processor.py:755} WARNING - No viable dags retrieved from /home/airflow/.local/lib/python3.7/site-packages/airflow/example_dags/subdags/subdag.py
[2026-09-30T19:26:00.560+0000] {processor.py:175} INFO - Processing /home/airflow/.local/lib/python3.7/site-packages/airflow/example_dags/subdags/subdag.py took 0.025 seconds
[2026-09-30T19:26:31.487+0000] {processor.py:153} INFO - Started process (PID=2782) to work on /home/airflow/.local/lib/python3.7/site-packages/airflow/example_dags/subdags/subdag.py
[2026-09-30T19:26:31.488+0000] {processor.py:743} INFO - Processing file /home/airflow/.local/lib/python3.7/site-packages/airflow/example_dags/subdags/subdag.py for tasks to queue
[2026-09-30T19:26:31.489+0000] {logging_mixin.py:137} INFO - [2026-09-30T19:26:31.489+0000] {dagbag.py:538} INFO - Filling up the DagBag from /home/airflow/.local/lib/python3.7/site-packages/airflow/example_dags/subdags/subdag.py
[2026-09-30T19:26:31.495+0000] {processor.py:755} WARNING - No viable dags retrieved from /home/airflow/.local/lib/python3.7/site-packages/airflow/example_dags/subdags/subdag.py
[2026-09-30T19:26:31.512+0000] {processor.py:175} INFO - Processing /home/airflow/.local/lib/python3.7/site-packages/airflow/example_dags/subdags/subdag.py took 0.028 seconds
[2026-09-30T19:27:02.080+0000] {processor.py:153} INFO - Started process (PID=2862) to work on /home/airflow/.local/lib/python3.7/site-packages/airflow/example_dags/subdags/subdag.py
[2026-09-30T19:27:02.082+0000] {processor.py:743} INFO - Processing file /home/airflow/.local/lib/python3.7/site-packages/airflow/example_dags/subdags/subdag.py for tasks to queue
[2026-09-30T19:27:02.083+0000] {logging_mixin.py:137} INFO - [2026-09-30T19:27:02.083+0000] {dagbag.py:538} INFO - Filling up the DagBag from /home/airflow/.local/lib/python3.7/site-packages/airflow/example_dags/subdags/subdag.py
[2026-09-30T19:27:02.090+0000] {processor.py:755} WARNING - No viable dags retrieved from /home/airflow/.local/lib/python3.7/site-packages/airflow/example_dags/subdags/subdag.py
[2026-09-30T19:27:02.110+0000] {processor.py:175} INFO - Processing /home/airflow/.local/lib/python3.7/site-packages/airflow/example_dags/subdags/subdag.py took 0.035 seconds
[2026-09-30T19:27:32.502+0000] {processor.py:153} INFO - Started process (PID=2961) to work on /home/airflow/.local/lib/python3.7/site-packages/airflow/example_dags/subdags/subdag.py
[2026-09-30T19:27:32.503+0000] {processor.py:743} INFO - Processing file /home/airflow/.local/lib/python3.7/site-packages/airflow/example_dags/subdags/subdag.py for tasks to queue
[2026-09-30T19:27:32.505+0000] {logging_mixin.py:137} INFO - [2026-09-30T19:27:32.504+0000] {dagbag.py:538} INFO - Filling up the DagBag from /home/airflow/.local/lib/python3.7/site-packages/airflow/example_dags/subdags/subdag.py
[2026-09-30T19:27:32.512+0000] {processor.py:755} WARNING - No viable dags retrieved from /home/airflow/.local/lib/python3.7/site-packages/airflow/example_dags/subdags/subdag.py
[2026-09-30T19:27:32.534+0000] {processor.py:175} INFO - Processing /home/airflow/.local/lib/python3.7/site-packages/airflow/example_dags/subdags/subdag.py took 0.038 seconds
[2026-09-30T19:28:03.257+0000] {processor.py:153} INFO - Started process (PID=3040) to work on /home/airflow/.local/lib/python3.7/site-packages/airflow/example_dags/subdags/subdag.py
[2026-09-30T19:28:03.258+0000] {processor.py:743} INFO - Processing file /home/airflow/.local/lib/python3.7/site-packages/airflow/example_dags/subdags/subdag.py for tasks to queue
[2026-09-30T19:28:03.260+0000] {logging_mixin.py:137} INFO - [2026-09-30T19:28:03.259+0000] {dagbag.py:538} INFO - Filling up the DagBag from /home/airflow/.local/lib/python3.7/site-packages/airflow/example_dags/subdags/subdag.py
[2026-09-30T19:28:03.266+0000] {processor.py:755} WARNING - No viable dags retrieved from /home/airflow/.local/lib/python3.7/site-packages/airflow/example_dags/subdags/subdag.py
[2026-09-30T19:28:03.289+0000] {processor.py:175} INFO - Processing /home/airflow/.local/lib/python3.7/site-packages/airflow/example_dags/subdags/subdag.py took 0.039 seconds
[2026-09-30T19:28:34.138+0000] {processor.py:153} INFO - Started process (PID=3119) to work on /home/airflow/.local/lib/python3.7/site-packages/airflow/example_dags/subdags/subdag.py
[2026-09-30T19:28:34.139+0000] {processor.py:743} INFO - Processing file /home/airflow/.local/lib/python3.7/site-packages/airflow/example_dags/subdags/subdag.py for tasks to queue
[2026-09-30T19:28:34.140+0000] {logging_mixin.py:137} INFO - [2026-09-30T19:28:34.139+0000] {dagbag.py:538} INFO - Filling up the DagBag from /home/airflow/.local/lib/python3.7/site-packages/airflow/example_dags/subdags/subdag.py
[2026-09-30T19:28:34.143+0000] {processor.py:755} WARNING - No viable dags retrieved from /home/airflow/.local/lib/python3.7/site-packages/airflow/example_dags/subdags/subdag.py
[2026-09-30T19:28:34.155+0000] {processor.py:175} INFO - Processing /home/airflow/.local/lib/python3.7/site-packages/airflow/example_dags/subdags/subdag.py took 0.020 seconds
[2026-09-30T19:29:04.941+0000] {processor.py:153} INFO - Started process (PID=3198) to work on /home/airflow/.local/lib/python3.7/site-packages/airflow/example_dags/subdags/subdag.py
[2026-09-30T19:29:04.942+0000] {processor.py:743} INFO - Processing file /home/airflow/.local/lib/python3.7/site-packages/airflow/example_dags/subdags/subdag.py for tasks to queue
[2026-09-30T19:29:04.943+0000] {logging_mixin.py:137} INFO - [2026-09-30T19:29:04.943+0000] {dagbag.py:538} INFO - Filling up the DagBag from /home/airflow/.local/lib/python3.7/site-packages/airflow/example_dags/subdags/subdag.py
[2026-09-30T19:29:04.947+0000] {processor.py:755} WARNING - No viable dags retrieved from /home/airflow/.local/lib/python3.7/site-packages/airflow/example_dags/subdags/subdag.py
[2026-09-30T19:29:04.967+0000] {processor.py:175} INFO - Processing /home/airflow/.local/lib/python3.7/site-packages/airflow/example_dags/subdags/subdag.py took 0.030 seconds
[2026-09-30T19:29:35.387+0000] {processor.py:153} INFO - Started process (PID=3286) to work on /home/airflow/.local/lib/python3.7/site-packages/airflow/example_dags/subdags/subdag.py
[2026-09-30T19:29:35.388+0000] {processor.py:743} INFO - Processing file /home/airflow/.local/lib/python3.7/site-packages/airflow/example_dags/subdags/subdag.py for tasks to queue
[2026-09-30T19:29:35.389+0000] {logging_mixin.py:137} INFO - [2026-09-30T19:29:35.389+0000] {dagbag.py:538} INFO - Filling up the DagBag from /home/airflow/.local/lib/python3.7/site-packages/airflow/example_dags/subdags/subdag.py
[2026-09-30T19:29:35.394+0000] {processor.py:755} WARNING - No viable dags retrieved from /home/airflow/.local/lib/python3.7/site-packages/airflow/example_dags/subdags/subdag.py
[2026-09-30T19:29:35.412+0000] {processor.py:175} INFO - Processing /home/airflow/.local/lib/python3.7/site-packages/airflow/example_dags/subdags/subdag.py took 0.029 seconds
[2026-09-30T19:30:06.253+0000] {processor.py:153} INFO - Started process (PID=3376) to work on /home/airflow/.local/lib/python3.7/site-packages/airflow/example_dags/subdags/subdag.py
[2026-09-30T19:30:06.255+0000] {processor.py:743} INFO - Processing file /home/airflow/.local/lib/python3.7/site-packages/airflow/example_dags/subdags/subdag.py for tasks to queue
[2026-09-30T19:30:06.257+0000] {logging_mixin.py:137} INFO - [2026-09-30T19:30:06.256+0000] {dagbag.py:538} INFO - Filling up the DagBag from /home/airflow/.local/lib/python3.7/site-packages/airflow/example_dags/subdags/subdag.py
[2026-09-30T19:30:06.264+0000] {processor.py:755} WARNING - No viable dags retrieved from /home/airflow/.local/lib/python3.7/site-packages/airflow/example_dags/subdags/subdag.py
[2026-09-30T19:30:06.284+0000] {processor.py:175} INFO - Processing /home/airflow/.local/lib/python3.7/site-packages/airflow/example_dags/subdags/subdag.py took 0.037 seconds
[2026-09-30T19:30:37.089+0000] {processor.py:153} INFO - Started process (PID=3455) to work on /home/airflow/.local/lib/python3.7/site-packages/airflow/example_dags/subdags/subdag.py
[2026-09-30T19:30:37.090+0000] {processor.py:743} INFO - Processing file /home/airflow/.local/lib/python3.7/site-packages/airflow/example_dags/subdags/subdag.py for tasks to queue
[2026-09-30T19:30:37.091+0000] {logging_mixin.py:137} INFO - [2026-09-30T19:30:37.091+0000] {dagbag.py:538} INFO - Filling up the DagBag from /home/airflow/.local/lib/python3.7/site-packages/airflow/example_dags/subdags/subdag.py
[2026-09-30T19:30:37.095+0000] {processor.py:755} WARNING - No viable dags retrieved from /home/airflow/.local/lib/python3.7/site-packages/airflow/example_dags/subdags/subdag.py
[2026-09-30T19:30:37.112+0000] {processor.py:175} INFO - Processing /home/airflow/.local/lib/python3.7/site-packages/airflow/example_dags/subdags/subdag.py took 0.027 seconds
[2026-09-30T19:31:07.804+0000] {processor.py:153} INFO - Started process (PID=3534) to work on /home/airflow/.local/lib/python3.7/site-packages/airflow/example_dags/subdags/subdag.py
[2026-09-30T19:31:07.805+0000] {processor.py:743} INFO - Processing file /home/airflow/.local/lib/python3.7/site-packages/airflow/example_dags/subdags/subdag.py for tasks to queue
[2026-09-30T19:31:07.807+0000] {logging_mixin.py:137} INFO - [2026-09-30T19:31:07.806+0000] {dagbag.py:538} INFO - Filling up the DagBag from /home/airflow/.local/lib/python3.7/site-packages/airflow/example_dags/subdags/subdag.py
[2026-09-30T19:31:07.811+0000] {processor.py:755} WARNING - No viable dags retrieved from /home/airflow/.local/lib/python3.7/site-packages/airflow/example_dags/subdags/subdag.py
[2026-09-30T19:31:07.827+0000] {processor.py:175} INFO - Processing /home/airflow/.local/lib/python3.7/site-packages/airflow/example_dags/subdags/subdag.py took 0.028 seconds
[2026-09-30T19:31:37.912+0000] {processor.py:153} INFO - Started process (PID=3632) to work on /home/airflow/.local/lib/python3.7/site-packages/airflow/example_dags/subdags/subdag.py
[2026-09-30T19:31:37.913+0000] {processor.py:743} INFO - Processing file /home/airflow/.local/lib/python3.7/site-packages/airflow/example_dags/subdags/subdag.py for tasks to queue
[2026-09-30T19:31:37.914+0000] {logging_mixin.py:137} INFO - [2026-09-30T19:31:37.914+0000] {dagbag.py:538} INFO - Filling up the DagBag from /home/airflow/.local/lib/python3.7/site-packages/airflow/example_dags/subdags/subdag.py
[2026-09-30T19:31:37.918+0000] {processor.py:755} WARNING - No viable dags retrieved from /home/airflow/.local/lib/python3.7/site-packages/airflow/example_dags/subdags/subdag.py
[2026-09-30T19:31:37.938+0000] {processor.py:175} INFO - Processing /home/airflow/.local/lib/python3.7/site-packages/airflow/example_dags/subdags/subdag.py took 0.029 seconds
[2026-09-30T19:32:08.034+0000] {processor.py:153} INFO - Started process (PID=3711) to work on /home/airflow/.local/lib/python3.7/site-packages/airflow/example_dags/subdags/subdag.py
[2026-09-30T19:32:08.035+0000] {processor.py:743} INFO - Processing file /home/airflow/.local/lib/python3.7/site-packages/airflow/example_dags/subdags/subdag.py for tasks to queue
[2026-09-30T19:32:08.035+0000] {logging_mixin.py:137} INFO - [2026-09-30T19:32:08.035+0000] {dagbag.py:538} INFO - Filling up the DagBag from /home/airflow/.local/lib/python3.7/site-packages/airflow/example_dags/subdags/subdag.py
[2026-09-30T19:32:08.039+0000] {processor.py:755} WARNING - No viable dags retrieved from /home/airflow/.local/lib/python3.7/site-packages/airflow/example_dags/subdags/subdag.py
[2026-09-30T19:32:08.051+0000] {processor.py:175} INFO - Processing /home/airflow/.local/lib/python3.7/site-packages/airflow/example_dags/subdags/subdag.py took 0.020 seconds
[2026-09-30T19:32:39.594+0000] {processor.py:153} INFO - Started process (PID=3791) to work on /home/airflow/.local/lib/python3.7/site-packages/airflow/example_dags/subdags/subdag.py
[2026-09-30T19:32:39.595+0000] {processor.py:743} INFO - Processing file /home/airflow/.local/lib/python3.7/site-packages/airflow/example_dags/subdags/subdag.py for tasks to queue
[2026-09-30T19:32:39.597+0000] {logging_mixin.py:137} INFO - [2026-09-30T19:32:39.597+0000] {dagbag.py:538} INFO - Filling up the DagBag from /home/airflow/.local/lib/python3.7/site-packages/airflow/example_dags/subdags/subdag.py
[2026-09-30T19:32:39.603+0000] {processor.py:755} WARNING - No viable dags retrieved from /home/airflow/.local/lib/python3.7/site-packages/airflow/example_dags/subdags/subdag.py
[2026-09-30T19:32:39.623+0000] {processor.py:175} INFO - Processing /home/airflow/.local/lib/python3.7/site-packages/airflow/example_dags/subdags/subdag.py took 0.032 seconds
[2026-09-30T19:33:09.825+0000] {processor.py:153} INFO - Started process (PID=3870) to work on /home/airflow/.local/lib/python3.7/site-packages/airflow/example_dags/subdags/subdag.py
[2026-09-30T19:33:09.827+0000] {processor.py:743} INFO - Processing file /home/airflow/.local/lib/python3.7/site-packages/airflow/example_dags/subdags/subdag.py for tasks to queue
[2026-09-30T19:33:09.828+0000] {logging_mixin.py:137} INFO - [2026-09-30T19:33:09.827+0000] {dagbag.py:538} INFO - Filling up the DagBag from /home/airflow/.local/lib/python3.7/site-packages/airflow/example_dags/subdags/subdag.py
[2026-09-30T19:33:09.833+0000] {processor.py:755} WARNING - No viable dags retrieved from /home/airflow/.local/lib/python3.7/site-packages/airflow/example_dags/subdags/subdag.py
[2026-09-30T19:33:09.855+0000] {processor.py:175} INFO - Processing /home/airflow/.local/lib/python3.7/site-packages/airflow/example_dags/subdags/subdag.py took 0.037 seconds
[2026-09-30T19:33:40.981+0000] {processor.py:153} INFO - Started process (PID=3969) to work on /home/airflow/.local/lib/python3.7/site-packages/airflow/example_dags/subdags/subdag.py
[2026-09-30T19:33:40.982+0000] {processor.py:743} INFO - Processing file /home/airflow/.local/lib/python3.7/site-packages/airflow/example_dags/subdags/subdag.py for tasks to queue
[2026-09-30T19:33:40.983+0000] {logging_mixin.py:137} INFO - [2026-09-30T19:33:40.983+0000] {dagbag.py:538} INFO - Filling up the DagBag from /home/airflow/.local/lib/python3.7/site-packages/airflow/example_dags/subdags/subdag.py
[2026-09-30T19:33:40.986+0000] {processor.py:755} WARNING - No viable dags retrieved from /home/airflow/.local/lib/python3.7/site-packages/airflow/example_dags/subdags/subdag.py
[2026-09-30T19:33:41.009+0000] {processor.py:175} INFO - Processing /home/airflow/.local/lib/python3.7/site-packages/airflow/example_dags/subdags/subdag.py took 0.032 seconds
[2026-09-30T19:34:11.702+0000] {processor.py:153} INFO - Started process (PID=4048) to work on /home/airflow/.local/lib/python3.7/site-packages/airflow/example_dags/subdags/subdag.py
[2026-09-30T19:34:11.703+0000] {processor.py:743} INFO - Processing file /home/airflow/.local/lib/python3.7/site-packages/airflow/example_dags/subdags/subdag.py for tasks to queue
[2026-09-30T19:34:11.704+0000] {logging_mixin.py:137} INFO - [2026-09-30T19:34:11.704+0000] {dagbag.py:538} INFO - Filling up the DagBag from /home/airflow/.local/lib/python3.7/site-packages/airflow/example_dags/subdags/subdag.py
[2026-09-30T19:34:11.707+0000] {processor.py:755} WARNING - No viable dags retrieved from /home/airflow/.local/lib/python3.7/site-packages/airflow/example_dags/subdags/subdag.py
[2026-09-30T19:34:11.721+0000] {processor.py:175} INFO - Processing /home/airflow/.local/lib/python3.7/site-packages/airflow/example_dags/subdags/subdag.py took 0.021 seconds
[2026-09-30T19:34:42.803+0000] {processor.py:153} INFO - Started process (PID=4127) to work on /home/airflow/.local/lib/python3.7/site-packages/airflow/example_dags/subdags/subdag.py
[2026-09-30T19:34:42.804+0000] {processor.py:743} INFO - Processing file /home/airflow/.local/lib/python3.7/site-packages/airflow/example_dags/subdags/subdag.py for tasks to queue
[2026-09-30T19:34:42.805+0000] {logging_mixin.py:137} INFO - [2026-09-30T19:34:42.805+0000] {dagbag.py:538} INFO - Filling up the DagBag from /home/airflow/.local/lib/python3.7/site-packages/airflow/example_dags/subdags/subdag.py
[2026-09-30T19:34:42.810+0000] {processor.py:755} WARNING - No viable dags retrieved from /home/airflow/.local/lib/python3.7/site-packages/airflow/example_dags/subdags/subdag.py
[2026-09-30T19:34:42.826+0000] {processor.py:175} INFO - Processing /home/airflow/.local/lib/python3.7/site-packages/airflow/example_dags/subdags/subdag.py took 0.026 seconds
[2026-09-30T19:35:13.548+0000] {processor.py:153} INFO - Started process (PID=4206) to work on /home/airflow/.local/lib/python3.7/site-packages/airflow/example_dags/subdags/subdag.py
[2026-09-30T19:35:13.550+0000] {processor.py:743} INFO - Processing file /home/airflow/.local/lib/python3.7/site-packages/airflow/example_dags/subdags/subdag.py for tasks to queue
[2026-09-30T19:35:13.551+0000] {logging_mixin.py:137} INFO - [2026-09-30T19:35:13.550+0000] {dagbag.py:538} INFO - Filling up the DagBag from /home/airflow/.local/lib/python3.7/site-packages/airflow/example_dags/subdags/subdag.py
[2026-09-30T19:35:13.556+0000] {processor.py:755} WARNING - No viable dags retrieved from /home/airflow/.local/lib/python3.7/site-packages/airflow/example_dags/subdags/subdag.py
[2026-09-30T19:35:13.573+0000] {processor.py:175} INFO - Processing /home/airflow/.local/lib/python3.7/site-packages/airflow/example_dags/subdags/subdag.py took 0.029 seconds
[2026-09-30T19:35:44.541+0000] {processor.py:153} INFO - Started process (PID=4305) to work on /home/airflow/.local/lib/python3.7/site-packages/airflow/example_dags/subdags/subdag.py
[2026-09-30T19:35:44.542+0000] {processor.py:743} INFO - Processing file /home/airflow/.local/lib/python3.7/site-packages/airflow/example_dags/subdags/subdag.py for tasks to queue
[2026-09-30T19:35:44.544+0000] {logging_mixin.py:137} INFO - [2026-09-30T19:35:44.543+0000] {dagbag.py:538} INFO - Filling up the DagBag from /home/airflow/.local/lib/python3.7/site-packages/airflow/example_dags/subdags/subdag.py
[2026-09-30T19:35:44.550+0000] {processor.py:755} WARNING - No viable dags retrieved from /home/airflow/.local/lib/python3.7/site-packages/airflow/example_dags/subdags/subdag.py
[2026-09-30T19:35:44.569+0000] {processor.py:175} INFO - Processing /home/airflow/.local/lib/python3.7/site-packages/airflow/example_dags/subdags/subdag.py took 0.033 seconds
[2026-09-30T19:36:14.807+0000] {processor.py:153} INFO - Started process (PID=4383) to work on /home/airflow/.local/lib/python3.7/site-packages/airflow/example_dags/subdags/subdag.py
[2026-09-30T19:36:14.808+0000] {processor.py:743} INFO - Processing file /home/airflow/.local/lib/python3.7/site-packages/airflow/example_dags/subdags/subdag.py for tasks to queue
[2026-09-30T19:36:14.809+0000] {logging_mixin.py:137} INFO - [2026-09-30T19:36:14.809+0000] {dagbag.py:538} INFO - Filling up the DagBag from /home/airflow/.local/lib/python3.7/site-packages/airflow/example_dags/subdags/subdag.py
[2026-09-30T19:36:14.813+0000] {processor.py:755} WARNING - No viable dags retrieved from /home/airflow/.local/lib/python3.7/site-packages/airflow/example_dags/subdags/subdag.py
[2026-09-30T19:36:14.831+0000] {processor.py:175} INFO - Processing /home/airflow/.local/lib/python3.7/site-packages/airflow/example_dags/subdags/subdag.py took 0.027 seconds
[2026-09-30T19:36:45.172+0000] {processor.py:153} INFO - Started process (PID=4462) to work on /home/airflow/.local/lib/python3.7/site-packages/airflow/example_dags/subdags/subdag.py
[2026-09-30T19:36:45.173+0000] {processor.py:743} INFO - Processing file /home/airflow/.local/lib/python3.7/site-packages/airflow/example_dags/subdags/subdag.py for tasks to queue
[2026-09-30T19:36:45.173+0000] {logging_mixin.py:137} INFO - [2026-09-30T19:36:45.173+0000] {dagbag.py:538} INFO - Filling up the DagBag from /home/airflow/.local/lib/python3.7/site-packages/airflow/example_dags/subdags/subdag.py
[2026-09-30T19:36:45.177+0000] {processor.py:755} WARNING - No viable dags retrieved from /home/airflow/.local/lib/python3.7/site-packages/airflow/example_dags/subdags/subdag.py
[2026-09-30T19:36:45.196+0000] {processor.py:175} INFO - Processing /home/airflow/.local/lib/python3.7/site-packages/airflow/example_dags/subdags/subdag.py took 0.028 seconds
[2026-09-30T19:37:15.398+0000] {processor.py:153} INFO - Started process (PID=4541) to work on /home/airflow/.local/lib/python3.7/site-packages/airflow/example_dags/subdags/subdag.py
[2026-09-30T19:37:15.399+0000] {processor.py:743} INFO - Processing file /home/airflow/.local/lib/python3.7/site-packages/airflow/example_dags/subdags/subdag.py for tasks to queue
[2026-09-30T19:37:15.400+0000] {logging_mixin.py:137} INFO - [2026-09-30T19:37:15.400+0000] {dagbag.py:538} INFO - Filling up the DagBag from /home/airflow/.local/lib/python3.7/site-packages/airflow/example_dags/subdags/subdag.py
[2026-09-30T19:37:15.404+0000] {processor.py:755} WARNING - No viable dags retrieved from /home/airflow/.local/lib/python3.7/site-packages/airflow/example_dags/subdags/subdag.py
[2026-09-30T19:37:15.420+0000] {processor.py:175} INFO - Processing /home/airflow/.local/lib/python3.7/site-packages/airflow/example_dags/subdags/subdag.py took 0.026 seconds
[2026-09-30T19:37:45.892+0000] {processor.py:153} INFO - Started process (PID=4641) to work on /home/airflow/.local/lib/python3.7/site-packages/airflow/example_dags/subdags/subdag.py
[2026-09-30T19:37:45.893+0000] {processor.py:743} INFO - Processing file /home/airflow/.local/lib/python3.7/site-packages/airflow/example_dags/subdags/subdag.py for tasks to queue
[2026-09-30T19:37:45.894+0000] {logging_mixin.py:137} INFO - [2026-09-30T19:37:45.894+0000] {dagbag.py:538} INFO - Filling up the DagBag from /home/airflow/.local/lib/python3.7/site-packages/airflow/example_dags/subdags/subdag.py
[2026-09-30T19:37:45.898+0000] {processor.py:755} WARNING - No viable dags retrieved from /home/airflow/.local/lib/python3.7/site-packages/airflow/example_dags/subdags/subdag.py
[2026-09-30T19:37:45.915+0000] {processor.py:175} INFO - Processing /home/airflow/.local/lib/python3.7/site-packages/airflow/example_dags/subdags/subdag.py took 0.026 seconds
[2026-09-30T19:38:17.113+0000] {processor.py:153} INFO - Started process (PID=4723) to work on /home/airflow/.local/lib/python3.7/site-packages/airflow/example_dags/subdags/subdag.py
[2026-09-30T19:38:17.114+0000] {processor.py:743} INFO - Processing file /home/airflow/.local/lib/python3.7/site-packages/airflow/example_dags/subdags/subdag.py for tasks to queue
[2026-09-30T19:38:17.115+0000] {logging_mixin.py:137} INFO - [2026-09-30T19:38:17.115+0000] {dagbag.py:538} INFO - Filling up the DagBag from /home/airflow/.local/lib/python3.7/site-packages/airflow/example_dags/subdags/subdag.py
[2026-09-30T19:38:17.120+0000] {processor.py:755} WARNING - No viable dags retrieved from /home/airflow/.local/lib/python3.7/site-packages/airflow/example_dags/subdags/subdag.py
[2026-09-30T19:38:17.137+0000] {processor.py:175} INFO - Processing /home/airflow/.local/lib/python3.7/site-packages/airflow/example_dags/subdags/subdag.py took 0.028 seconds
[2026-09-30T19:38:47.942+0000] {processor.py:153} INFO - Started process (PID=4805) to work on /home/airflow/.local/lib/python3.7/site-packages/airflow/example_dags/subdags/subdag.py
[2026-09-30T19:38:47.943+0000] {processor.py:743} INFO - Processing file /home/airflow/.local/lib/python3.7/site-packages/airflow/example_dags/subdags/subdag.py for tasks to queue
[2026-09-30T19:38:47.944+0000] {logging_mixin.py:137} INFO - [2026-09-30T19:38:47.944+0000] {dagbag.py:538} INFO - Filling up the DagBag from /home/airflow/.local/lib/python3.7/site-packages/airflow/example_dags/subdags/subdag.py
[2026-09-30T19:38:47.948+0000] {processor.py:755} WARNING - No viable dags retrieved from /home/airflow/.local/lib/python3.7/site-packages/airflow/example_dags/subdags/subdag.py
[2026-09-30T19:38:47.964+0000] {processor.py:175} INFO - Processing /home/airflow/.local/lib/python3.7/site-packages/airflow/example_dags/subdags/subdag.py took 0.028 seconds
[2026-09-30T19:39:19.048+0000] {processor.py:153} INFO - Started process (PID=4899) to work on /home/airflow/.local/lib/python3.7/site-packages/airflow/example_dags/subdags/subdag.py
[2026-09-30T19:39:19.049+0000] {processor.py:743} INFO - Processing file /home/airflow/.local/lib/python3.7/site-packages/airflow/example_dags/subdags/subdag.py for tasks to queue
[2026-09-30T19:39:19.051+0000] {logging_mixin.py:137} INFO - [2026-09-30T19:39:19.050+0000] {dagbag.py:538} INFO - Filling up the DagBag from /home/airflow/.local/lib/python3.7/site-packages/airflow/example_dags/subdags/subdag.py
[2026-09-30T19:39:19.055+0000] {processor.py:755} WARNING - No viable dags retrieved from /home/airflow/.local/lib/python3.7/site-packages/airflow/example_dags/subdags/subdag.py
[2026-09-30T19:39:19.071+0000] {processor.py:175} INFO - Processing /home/airflow/.local/lib/python3.7/site-packages/airflow/example_dags/subdags/subdag.py took 0.028 seconds
[2026-09-30T19:39:49.254+0000] {processor.py:153} INFO - Started process (PID=4993) to work on /home/airflow/.local/lib/python3.7/site-packages/airflow/example_dags/subdags/subdag.py
[2026-09-30T19:39:49.255+0000] {processor.py:743} INFO - Processing file /home/airflow/.local/lib/python3.7/site-packages/airflow/example_dags/subdags/subdag.py for tasks to queue
[2026-09-30T19:39:49.255+0000] {logging_mixin.py:137} INFO - [2026-09-30T19:39:49.255+0000] {dagbag.py:538} INFO - Filling up the DagBag from /home/airflow/.local/lib/python3.7/site-packages/airflow/example_dags/subdags/subdag.py
[2026-09-30T19:39:49.259+0000] {processor.py:755} WARNING - No viable dags retrieved from /home/airflow/.local/lib/python3.7/site-packages/airflow/example_dags/subdags/subdag.py
[2026-09-30T19:39:49.272+0000] {processor.py:175} INFO - Processing /home/airflow/.local/lib/python3.7/site-packages/airflow/example_dags/subdags/subdag.py took 0.021 seconds
[2026-09-30T19:40:19.911+0000] {processor.py:153} INFO - Started process (PID=5078) to work on /home/airflow/.local/lib/python3.7/site-packages/airflow/example_dags/subdags/subdag.py
[2026-09-30T19:40:19.912+0000] {processor.py:743} INFO - Processing file /home/airflow/.local/lib/python3.7/site-packages/airflow/example_dags/subdags/subdag.py for tasks to queue
[2026-09-30T19:40:19.913+0000] {logging_mixin.py:137} INFO - [2026-09-30T19:40:19.913+0000] {dagbag.py:538} INFO - Filling up the DagBag from /home/airflow/.local/lib/python3.7/site-packages/airflow/example_dags/subdags/subdag.py
[2026-09-30T19:40:19.917+0000] {processor.py:755} WARNING - No viable dags retrieved from /home/airflow/.local/lib/python3.7/site-packages/airflow/example_dags/subdags/subdag.py
[2026-09-30T19:40:19.935+0000] {processor.py:175} INFO - Processing /home/airflow/.local/lib/python3.7/site-packages/airflow/example_dags/subdags/subdag.py took 0.029 seconds
[2026-09-30T19:40:50.719+0000] {processor.py:153} INFO - Started process (PID=5163) to work on /home/airflow/.local/lib/python3.7/site-packages/airflow/example_dags/subdags/subdag.py
[2026-09-30T19:40:50.721+0000] {processor.py:743} INFO - Processing file /home/airflow/.local/lib/python3.7/site-packages/airflow/example_dags/subdags/subdag.py for tasks to queue
[2026-09-30T19:40:50.722+0000] {logging_mixin.py:137} INFO - [2026-09-30T19:40:50.722+0000] {dagbag.py:538} INFO - Filling up the DagBag from /home/airflow/.local/lib/python3.7/site-packages/airflow/example_dags/subdags/subdag.py
[2026-09-30T19:40:50.728+0000] {processor.py:755} WARNING - No viable dags retrieved from /home/airflow/.local/lib/python3.7/site-packages/airflow/example_dags/subdags/subdag.py
[2026-09-30T19:40:50.746+0000] {processor.py:175} INFO - Processing /home/airflow/.local/lib/python3.7/site-packages/airflow/example_dags/subdags/subdag.py took 0.031 seconds
[2026-09-30T19:41:20.961+0000] {processor.py:153} INFO - Started process (PID=5268) to work on /home/airflow/.local/lib/python3.7/site-packages/airflow/example_dags/subdags/subdag.py
[2026-09-30T19:41:20.962+0000] {processor.py:743} INFO - Processing file /home/airflow/.local/lib/python3.7/site-packages/airflow/example_dags/subdags/subdag.py for tasks to queue
[2026-09-30T19:41:20.962+0000] {logging_mixin.py:137} INFO - [2026-09-30T19:41:20.962+0000] {dagbag.py:538} INFO - Filling up the DagBag from /home/airflow/.local/lib/python3.7/site-packages/airflow/example_dags/subdags/subdag.py
[2026-09-30T19:41:20.966+0000] {processor.py:755} WARNING - No viable dags retrieved from /home/airflow/.local/lib/python3.7/site-packages/airflow/example_dags/subdags/subdag.py
[2026-09-30T19:41:20.979+0000] {processor.py:175} INFO - Processing /home/airflow/.local/lib/python3.7/site-packages/airflow/example_dags/subdags/subdag.py took 0.021 seconds
[2026-09-30T19:41:51.807+0000] {processor.py:153} INFO - Started process (PID=5356) to work on /home/airflow/.local/lib/python3.7/site-packages/airflow/example_dags/subdags/subdag.py
[2026-09-30T19:41:51.808+0000] {processor.py:743} INFO - Processing file /home/airflow/.local/lib/python3.7/site-packages/airflow/example_dags/subdags/subdag.py for tasks to queue
[2026-09-30T19:41:51.809+0000] {logging_mixin.py:137} INFO - [2026-09-30T19:41:51.809+0000] {dagbag.py:538} INFO - Filling up the DagBag from /home/airflow/.local/lib/python3.7/site-packages/airflow/example_dags/subdags/subdag.py
[2026-09-30T19:41:51.813+0000] {processor.py:755} WARNING - No viable dags retrieved from /home/airflow/.local/lib/python3.7/site-packages/airflow/example_dags/subdags/subdag.py
[2026-09-30T19:41:51.829+0000] {processor.py:175} INFO - Processing /home/airflow/.local/lib/python3.7/site-packages/airflow/example_dags/subdags/subdag.py took 0.027 seconds
[2026-09-30T19:42:22.597+0000] {processor.py:153} INFO - Started process (PID=5441) to work on /home/airflow/.local/lib/python3.7/site-packages/airflow/example_dags/subdags/subdag.py
[2026-09-30T19:42:22.599+0000] {processor.py:743} INFO - Processing file /home/airflow/.local/lib/python3.7/site-packages/airflow/example_dags/subdags/subdag.py for tasks to queue
[2026-09-30T19:42:22.599+0000] {logging_mixin.py:137} INFO - [2026-09-30T19:42:22.599+0000] {dagbag.py:538} INFO - Filling up the DagBag from /home/airflow/.local/lib/python3.7/site-packages/airflow/example_dags/subdags/subdag.py
[2026-09-30T19:42:22.603+0000] {processor.py:755} WARNING - No viable dags retrieved from /home/airflow/.local/lib/python3.7/site-packages/airflow/example_dags/subdags/subdag.py
[2026-09-30T19:42:22.618+0000] {processor.py:175} INFO - Processing /home/airflow/.local/lib/python3.7/site-packages/airflow/example_dags/subdags/subdag.py took 0.024 seconds
[2026-09-30T19:42:53.664+0000] {processor.py:153} INFO - Started process (PID=5544) to work on /home/airflow/.local/lib/python3.7/site-packages/airflow/example_dags/subdags/subdag.py
[2026-09-30T19:42:53.665+0000] {processor.py:743} INFO - Processing file /home/airflow/.local/lib/python3.7/site-packages/airflow/example_dags/subdags/subdag.py for tasks to queue
[2026-09-30T19:42:53.665+0000] {logging_mixin.py:137} INFO - [2026-09-30T19:42:53.665+0000] {dagbag.py:538} INFO - Filling up the DagBag from /home/airflow/.local/lib/python3.7/site-packages/airflow/example_dags/subdags/subdag.py
[2026-09-30T19:42:53.670+0000] {processor.py:755} WARNING - No viable dags retrieved from /home/airflow/.local/lib/python3.7/site-packages/airflow/example_dags/subdags/subdag.py
[2026-09-30T19:42:53.689+0000] {processor.py:175} INFO - Processing /home/airflow/.local/lib/python3.7/site-packages/airflow/example_dags/subdags/subdag.py took 0.029 seconds
[2026-09-30T19:43:23.855+0000] {processor.py:153} INFO - Started process (PID=5624) to work on /home/airflow/.local/lib/python3.7/site-packages/airflow/example_dags/subdags/subdag.py
[2026-09-30T19:43:23.856+0000] {processor.py:743} INFO - Processing file /home/airflow/.local/lib/python3.7/site-packages/airflow/example_dags/subdags/subdag.py for tasks to queue
[2026-09-30T19:43:23.857+0000] {logging_mixin.py:137} INFO - [2026-09-30T19:43:23.857+0000] {dagbag.py:538} INFO - Filling up the DagBag from /home/airflow/.local/lib/python3.7/site-packages/airflow/example_dags/subdags/subdag.py
[2026-09-30T19:43:23.861+0000] {processor.py:755} WARNING - No viable dags retrieved from /home/airflow/.local/lib/python3.7/site-packages/airflow/example_dags/subdags/subdag.py
[2026-09-30T19:43:23.873+0000] {processor.py:175} INFO - Processing /home/airflow/.local/lib/python3.7/site-packages/airflow/example_dags/subdags/subdag.py took 0.021 seconds
[2026-09-30T19:43:55.091+0000] {processor.py:153} INFO - Started process (PID=5703) to work on /home/airflow/.local/lib/python3.7/site-packages/airflow/example_dags/subdags/subdag.py
[2026-09-30T19:43:55.092+0000] {processor.py:743} INFO - Processing file /home/airflow/.local/lib/python3.7/site-packages/airflow/example_dags/subdags/subdag.py for tasks to queue
[2026-09-30T19:43:55.093+0000] {logging_mixin.py:137} INFO - [2026-09-30T19:43:55.093+0000] {dagbag.py:538} INFO - Filling up the DagBag from /home/airflow/.local/lib/python3.7/site-packages/airflow/example_dags/subdags/subdag.py
[2026-09-30T19:43:55.097+0000] {processor.py:755} WARNING - No viable dags retrieved from /home/airflow/.local/lib/python3.7/site-packages/airflow/example_dags/subdags/subdag.py
[2026-09-30T19:43:55.114+0000] {processor.py:175} INFO - Processing /home/airflow/.local/lib/python3.7/site-packages/airflow/example_dags/subdags/subdag.py took 0.026 seconds
[2026-09-30T19:44:25.543+0000] {processor.py:153} INFO - Started process (PID=5792) to work on /home/airflow/.local/lib/python3.7/site-packages/airflow/example_dags/subdags/subdag.py
[2026-09-30T19:44:25.544+0000] {processor.py:743} INFO - Processing file /home/airflow/.local/lib/python3.7/site-packages/airflow/example_dags/subdags/subdag.py for tasks to queue
[2026-09-30T19:44:25.544+0000] {logging_mixin.py:137} INFO - [2026-09-30T19:44:25.544+0000] {dagbag.py:538} INFO - Filling up the DagBag from /home/airflow/.local/lib/python3.7/site-packages/airflow/example_dags/subdags/subdag.py
[2026-09-30T19:44:25.548+0000] {processor.py:755} WARNING - No viable dags retrieved from /home/airflow/.local/lib/python3.7/site-packages/airflow/example_dags/subdags/subdag.py
[2026-09-30T19:44:25.559+0000] {processor.py:175} INFO - Processing /home/airflow/.local/lib/python3.7/site-packages/airflow/example_dags/subdags/subdag.py took 0.019 seconds
[2026-09-30T19:44:55.961+0000] {processor.py:153} INFO - Started process (PID=5888) to work on /home/airflow/.local/lib/python3.7/site-packages/airflow/example_dags/subdags/subdag.py
[2026-09-30T19:44:55.962+0000] {processor.py:743} INFO - Processing file /home/airflow/.local/lib/python3.7/site-packages/airflow/example_dags/subdags/subdag.py for tasks to queue
[2026-09-30T19:44:55.964+0000] {logging_mixin.py:137} INFO - [2026-09-30T19:44:55.963+0000] {dagbag.py:538} INFO - Filling up the DagBag from /home/airflow/.local/lib/python3.7/site-packages/airflow/example_dags/subdags/subdag.py
[2026-09-30T19:44:55.970+0000] {processor.py:755} WARNING - No viable dags retrieved from /home/airflow/.local/lib/python3.7/site-packages/airflow/example_dags/subdags/subdag.py
[2026-09-30T19:44:55.994+0000] {processor.py:175} INFO - Processing /home/airflow/.local/lib/python3.7/site-packages/airflow/example_dags/subdags/subdag.py took 0.041 seconds
[2026-09-30T19:45:26.374+0000] {processor.py:153} INFO - Started process (PID=5971) to work on /home/airflow/.local/lib/python3.7/site-packages/airflow/example_dags/subdags/subdag.py
[2026-09-30T19:45:26.375+0000] {processor.py:743} INFO - Processing file /home/airflow/.local/lib/python3.7/site-packages/airflow/example_dags/subdags/subdag.py for tasks to queue
[2026-09-30T19:45:26.376+0000] {logging_mixin.py:137} INFO - [2026-09-30T19:45:26.376+0000] {dagbag.py:538} INFO - Filling up the DagBag from /home/airflow/.local/lib/python3.7/site-packages/airflow/example_dags/subdags/subdag.py
[2026-09-30T19:45:26.379+0000] {processor.py:755} WARNING - No viable dags retrieved from /home/airflow/.local/lib/python3.7/site-packages/airflow/example_dags/subdags/subdag.py
[2026-09-30T19:45:26.393+0000] {processor.py:175} INFO - Processing /home/airflow/.local/lib/python3.7/site-packages/airflow/example_dags/subdags/subdag.py took 0.022 seconds
[2026-09-30T19:45:56.711+0000] {processor.py:153} INFO - Started process (PID=6050) to work on /home/airflow/.local/lib/python3.7/site-packages/airflow/example_dags/subdags/subdag.py
[2026-09-30T19:45:56.713+0000] {processor.py:743} INFO - Processing file /home/airflow/.local/lib/python3.7/site-packages/airflow/example_dags/subdags/subdag.py for tasks to queue
[2026-09-30T19:45:56.714+0000] {logging_mixin.py:137} INFO - [2026-09-30T19:45:56.713+0000] {dagbag.py:538} INFO - Filling up the DagBag from /home/airflow/.local/lib/python3.7/site-packages/airflow/example_dags/subdags/subdag.py
[2026-09-30T19:45:56.719+0000] {processor.py:755} WARNING - No viable dags retrieved from /home/airflow/.local/lib/python3.7/site-packages/airflow/example_dags/subdags/subdag.py
[2026-09-30T19:45:56.740+0000] {processor.py:175} INFO - Processing /home/airflow/.local/lib/python3.7/site-packages/airflow/example_dags/subdags/subdag.py took 0.035 seconds
[2026-09-30T19:46:27.711+0000] {processor.py:153} INFO - Started process (PID=6149) to work on /home/airflow/.local/lib/python3.7/site-packages/airflow/example_dags/subdags/subdag.py
[2026-09-30T19:46:27.713+0000] {processor.py:743} INFO - Processing file /home/airflow/.local/lib/python3.7/site-packages/airflow/example_dags/subdags/subdag.py for tasks to queue
[2026-09-30T19:46:27.714+0000] {logging_mixin.py:137} INFO - [2026-09-30T19:46:27.714+0000] {dagbag.py:538} INFO - Filling up the DagBag from /home/airflow/.local/lib/python3.7/site-packages/airflow/example_dags/subdags/subdag.py
[2026-09-30T19:46:27.720+0000] {processor.py:755} WARNING - No viable dags retrieved from /home/airflow/.local/lib/python3.7/site-packages/airflow/example_dags/subdags/subdag.py
[2026-09-30T19:46:27.737+0000] {processor.py:175} INFO - Processing /home/airflow/.local/lib/python3.7/site-packages/airflow/example_dags/subdags/subdag.py took 0.037 seconds
[2026-09-30T19:46:58.614+0000] {processor.py:153} INFO - Started process (PID=6228) to work on /home/airflow/.local/lib/python3.7/site-packages/airflow/example_dags/subdags/subdag.py
[2026-09-30T19:46:58.615+0000] {processor.py:743} INFO - Processing file /home/airflow/.local/lib/python3.7/site-packages/airflow/example_dags/subdags/subdag.py for tasks to queue
[2026-09-30T19:46:58.616+0000] {logging_mixin.py:137} INFO - [2026-09-30T19:46:58.616+0000] {dagbag.py:538} INFO - Filling up the DagBag from /home/airflow/.local/lib/python3.7/site-packages/airflow/example_dags/subdags/subdag.py
[2026-09-30T19:46:58.620+0000] {processor.py:755} WARNING - No viable dags retrieved from /home/airflow/.local/lib/python3.7/site-packages/airflow/example_dags/subdags/subdag.py
[2026-09-30T19:46:58.637+0000] {processor.py:175} INFO - Processing /home/airflow/.local/lib/python3.7/site-packages/airflow/example_dags/subdags/subdag.py took 0.026 seconds
[2026-09-30T19:47:29.142+0000] {processor.py:153} INFO - Started process (PID=6307) to work on /home/airflow/.local/lib/python3.7/site-packages/airflow/example_dags/subdags/subdag.py
[2026-09-30T19:47:29.143+0000] {processor.py:743} INFO - Processing file /home/airflow/.local/lib/python3.7/site-packages/airflow/example_dags/subdags/subdag.py for tasks to queue
[2026-09-30T19:47:29.144+0000] {logging_mixin.py:137} INFO - [2026-09-30T19:47:29.144+0000] {dagbag.py:538} INFO - Filling up the DagBag from /home/airflow/.local/lib/python3.7/site-packages/airflow/example_dags/subdags/subdag.py
[2026-09-30T19:47:29.151+0000] {processor.py:755} WARNING - No viable dags retrieved from /home/airflow/.local/lib/python3.7/site-packages/airflow/example_dags/subdags/subdag.py
[2026-09-30T19:47:29.168+0000] {processor.py:175} INFO - Processing /home/airflow/.local/lib/python3.7/site-packages/airflow/example_dags/subdags/subdag.py took 0.030 seconds
[2026-09-30T19:48:00.100+0000] {processor.py:153} INFO - Started process (PID=6393) to work on /home/airflow/.local/lib/python3.7/site-packages/airflow/example_dags/subdags/subdag.py
[2026-09-30T19:48:00.101+0000] {processor.py:743} INFO - Processing file /home/airflow/.local/lib/python3.7/site-packages/airflow/example_dags/subdags/subdag.py for tasks to queue
[2026-09-30T19:48:00.102+0000] {logging_mixin.py:137} INFO - [2026-09-30T19:48:00.102+0000] {dagbag.py:538} INFO - Filling up the DagBag from /home/airflow/.local/lib/python3.7/site-packages/airflow/example_dags/subdags/subdag.py
[2026-09-30T19:48:00.107+0000] {processor.py:755} WARNING - No viable dags retrieved from /home/airflow/.local/lib/python3.7/site-packages/airflow/example_dags/subdags/subdag.py
[2026-09-30T19:48:00.124+0000] {processor.py:175} INFO - Processing /home/airflow/.local/lib/python3.7/site-packages/airflow/example_dags/subdags/subdag.py took 0.028 seconds
[2026-09-30T19:48:30.890+0000] {processor.py:153} INFO - Started process (PID=6486) to work on /home/airflow/.local/lib/python3.7/site-packages/airflow/example_dags/subdags/subdag.py
[2026-09-30T19:48:30.891+0000] {processor.py:743} INFO - Processing file /home/airflow/.local/lib/python3.7/site-packages/airflow/example_dags/subdags/subdag.py for tasks to queue
[2026-09-30T19:48:30.892+0000] {logging_mixin.py:137} INFO - [2026-09-30T19:48:30.892+0000] {dagbag.py:538} INFO - Filling up the DagBag from /home/airflow/.local/lib/python3.7/site-packages/airflow/example_dags/subdags/subdag.py
[2026-09-30T19:48:30.899+0000] {processor.py:755} WARNING - No viable dags retrieved from /home/airflow/.local/lib/python3.7/site-packages/airflow/example_dags/subdags/subdag.py
[2026-09-30T19:48:30.920+0000] {processor.py:175} INFO - Processing /home/airflow/.local/lib/python3.7/site-packages/airflow/example_dags/subdags/subdag.py took 0.037 seconds
[2026-09-30T19:49:01.776+0000] {processor.py:153} INFO - Started process (PID=6565) to work on /home/airflow/.local/lib/python3.7/site-packages/airflow/example_dags/subdags/subdag.py
[2026-09-30T19:49:01.777+0000] {processor.py:743} INFO - Processing file /home/airflow/.local/lib/python3.7/site-packages/airflow/example_dags/subdags/subdag.py for tasks to queue
[2026-09-30T19:49:01.778+0000] {logging_mixin.py:137} INFO - [2026-09-30T19:49:01.778+0000] {dagbag.py:538} INFO - Filling up the DagBag from /home/airflow/.local/lib/python3.7/site-packages/airflow/example_dags/subdags/subdag.py
[2026-09-30T19:49:01.782+0000] {processor.py:755} WARNING - No viable dags retrieved from /home/airflow/.local/lib/python3.7/site-packages/airflow/example_dags/subdags/subdag.py
[2026-09-30T19:49:01.797+0000] {processor.py:175} INFO - Processing /home/airflow/.local/lib/python3.7/site-packages/airflow/example_dags/subdags/subdag.py took 0.024 seconds
[2026-09-30T19:49:32.340+0000] {processor.py:153} INFO - Started process (PID=6644) to work on /home/airflow/.local/lib/python3.7/site-packages/airflow/example_dags/subdags/subdag.py
[2026-09-30T19:49:32.341+0000] {processor.py:743} INFO - Processing file /home/airflow/.local/lib/python3.7/site-packages/airflow/example_dags/subdags/subdag.py for tasks to queue
[2026-09-30T19:49:32.342+0000] {logging_mixin.py:137} INFO - [2026-09-30T19:49:32.342+0000] {dagbag.py:538} INFO - Filling up the DagBag from /home/airflow/.local/lib/python3.7/site-packages/airflow/example_dags/subdags/subdag.py
[2026-09-30T19:49:32.346+0000] {processor.py:755} WARNING - No viable dags retrieved from /home/airflow/.local/lib/python3.7/site-packages/airflow/example_dags/subdags/subdag.py
[2026-09-30T19:49:32.364+0000] {processor.py:175} INFO - Processing /home/airflow/.local/lib/python3.7/site-packages/airflow/example_dags/subdags/subdag.py took 0.027 seconds
[2026-09-30T19:50:02.951+0000] {processor.py:153} INFO - Started process (PID=6742) to work on /home/airflow/.local/lib/python3.7/site-packages/airflow/example_dags/subdags/subdag.py
[2026-09-30T19:50:02.952+0000] {processor.py:743} INFO - Processing file /home/airflow/.local/lib/python3.7/site-packages/airflow/example_dags/subdags/subdag.py for tasks to queue
[2026-09-30T19:50:02.953+0000] {logging_mixin.py:137} INFO - [2026-09-30T19:50:02.952+0000] {dagbag.py:538} INFO - Filling up the DagBag from /home/airflow/.local/lib/python3.7/site-packages/airflow/example_dags/subdags/subdag.py
[2026-09-30T19:50:02.957+0000] {processor.py:755} WARNING - No viable dags retrieved from /home/airflow/.local/lib/python3.7/site-packages/airflow/example_dags/subdags/subdag.py
[2026-09-30T19:50:02.974+0000] {processor.py:175} INFO - Processing /home/airflow/.local/lib/python3.7/site-packages/airflow/example_dags/subdags/subdag.py took 0.027 seconds
[2026-09-30T19:50:33.910+0000] {processor.py:153} INFO - Started process (PID=6821) to work on /home/airflow/.local/lib/python3.7/site-packages/airflow/example_dags/subdags/subdag.py
[2026-09-30T19:50:33.911+0000] {processor.py:743} INFO - Processing file /home/airflow/.local/lib/python3.7/site-packages/airflow/example_dags/subdags/subdag.py for tasks to queue
[2026-09-30T19:50:33.911+0000] {logging_mixin.py:137} INFO - [2026-09-30T19:50:33.911+0000] {dagbag.py:538} INFO - Filling up the DagBag from /home/airflow/.local/lib/python3.7/site-packages/airflow/example_dags/subdags/subdag.py
[2026-09-30T19:50:33.915+0000] {processor.py:755} WARNING - No viable dags retrieved from /home/airflow/.local/lib/python3.7/site-packages/airflow/example_dags/subdags/subdag.py
[2026-09-30T19:50:33.931+0000] {processor.py:175} INFO - Processing /home/airflow/.local/lib/python3.7/site-packages/airflow/example_dags/subdags/subdag.py took 0.025 seconds
[2026-09-30T19:51:04.821+0000] {processor.py:153} INFO - Started process (PID=6900) to work on /home/airflow/.local/lib/python3.7/site-packages/airflow/example_dags/subdags/subdag.py
[2026-09-30T19:51:04.822+0000] {processor.py:743} INFO - Processing file /home/airflow/.local/lib/python3.7/site-packages/airflow/example_dags/subdags/subdag.py for tasks to queue
[2026-09-30T19:51:04.823+0000] {logging_mixin.py:137} INFO - [2026-09-30T19:51:04.823+0000] {dagbag.py:538} INFO - Filling up the DagBag from /home/airflow/.local/lib/python3.7/site-packages/airflow/example_dags/subdags/subdag.py
[2026-09-30T19:51:04.828+0000] {processor.py:755} WARNING - No viable dags retrieved from /home/airflow/.local/lib/python3.7/site-packages/airflow/example_dags/subdags/subdag.py
[2026-09-30T19:51:04.847+0000] {processor.py:175} INFO - Processing /home/airflow/.local/lib/python3.7/site-packages/airflow/example_dags/subdags/subdag.py took 0.033 seconds
[2026-09-30T19:51:35.995+0000] {processor.py:153} INFO - Started process (PID=6979) to work on /home/airflow/.local/lib/python3.7/site-packages/airflow/example_dags/subdags/subdag.py
[2026-09-30T19:51:35.997+0000] {processor.py:743} INFO - Processing file /home/airflow/.local/lib/python3.7/site-packages/airflow/example_dags/subdags/subdag.py for tasks to queue
[2026-09-30T19:51:35.998+0000] {logging_mixin.py:137} INFO - [2026-09-30T19:51:35.997+0000] {dagbag.py:538} INFO - Filling up the DagBag from /home/airflow/.local/lib/python3.7/site-packages/airflow/example_dags/subdags/subdag.py
[2026-09-30T19:51:36.004+0000] {processor.py:755} WARNING - No viable dags retrieved from /home/airflow/.local/lib/python3.7/site-packages/airflow/example_dags/subdags/subdag.py
[2026-09-30T19:51:36.020+0000] {processor.py:175} INFO - Processing /home/airflow/.local/lib/python3.7/site-packages/airflow/example_dags/subdags/subdag.py took 0.031 seconds
[2026-09-30T19:52:06.593+0000] {processor.py:153} INFO - Started process (PID=7078) to work on /home/airflow/.local/lib/python3.7/site-packages/airflow/example_dags/subdags/subdag.py
[2026-09-30T19:52:06.595+0000] {processor.py:743} INFO - Processing file /home/airflow/.local/lib/python3.7/site-packages/airflow/example_dags/subdags/subdag.py for tasks to queue
[2026-09-30T19:52:06.595+0000] {logging_mixin.py:137} INFO - [2026-09-30T19:52:06.595+0000] {dagbag.py:538} INFO - Filling up the DagBag from /home/airflow/.local/lib/python3.7/site-packages/airflow/example_dags/subdags/subdag.py
[2026-09-30T19:52:06.600+0000] {processor.py:755} WARNING - No viable dags retrieved from /home/airflow/.local/lib/python3.7/site-packages/airflow/example_dags/subdags/subdag.py
[2026-09-30T19:52:06.614+0000] {processor.py:175} INFO - Processing /home/airflow/.local/lib/python3.7/site-packages/airflow/example_dags/subdags/subdag.py took 0.024 seconds
[2026-09-30T19:52:36.942+0000] {processor.py:153} INFO - Started process (PID=7157) to work on /home/airflow/.local/lib/python3.7/site-packages/airflow/example_dags/subdags/subdag.py
[2026-09-30T19:52:36.943+0000] {processor.py:743} INFO - Processing file /home/airflow/.local/lib/python3.7/site-packages/airflow/example_dags/subdags/subdag.py for tasks to queue
[2026-09-30T19:52:36.944+0000] {logging_mixin.py:137} INFO - [2026-09-30T19:52:36.944+0000] {dagbag.py:538} INFO - Filling up the DagBag from /home/airflow/.local/lib/python3.7/site-packages/airflow/example_dags/subdags/subdag.py
[2026-09-30T19:52:36.949+0000] {processor.py:755} WARNING - No viable dags retrieved from /home/airflow/.local/lib/python3.7/site-packages/airflow/example_dags/subdags/subdag.py
[2026-09-30T19:52:36.967+0000] {processor.py:175} INFO - Processing /home/airflow/.local/lib/python3.7/site-packages/airflow/example_dags/subdags/subdag.py took 0.029 seconds
[2026-09-30T19:53:07.991+0000] {processor.py:153} INFO - Started process (PID=7236) to work on /home/airflow/.local/lib/python3.7/site-packages/airflow/example_dags/subdags/subdag.py
[2026-09-30T19:53:07.993+0000] {processor.py:743} INFO - Processing file /home/airflow/.local/lib/python3.7/site-packages/airflow/example_dags/subdags/subdag.py for tasks to queue
[2026-09-30T19:53:07.994+0000] {logging_mixin.py:137} INFO - [2026-09-30T19:53:07.993+0000] {dagbag.py:538} INFO - Filling up the DagBag from /home/airflow/.local/lib/python3.7/site-packages/airflow/example_dags/subdags/subdag.py
[2026-09-30T19:53:08.001+0000] {processor.py:755} WARNING - No viable dags retrieved from /home/airflow/.local/lib/python3.7/site-packages/airflow/example_dags/subdags/subdag.py
[2026-09-30T19:53:08.023+0000] {processor.py:175} INFO - Processing /home/airflow/.local/lib/python3.7/site-packages/airflow/example_dags/subdags/subdag.py took 0.035 seconds
[2026-09-30T19:53:38.560+0000] {processor.py:153} INFO - Started process (PID=7324) to work on /home/airflow/.local/lib/python3.7/site-packages/airflow/example_dags/subdags/subdag.py
[2026-09-30T19:53:38.562+0000] {processor.py:743} INFO - Processing file /home/airflow/.local/lib/python3.7/site-packages/airflow/example_dags/subdags/subdag.py for tasks to queue
[2026-09-30T19:53:38.563+0000] {logging_mixin.py:137} INFO - [2026-09-30T19:53:38.563+0000] {dagbag.py:538} INFO - Filling up the DagBag from /home/airflow/.local/lib/python3.7/site-packages/airflow/example_dags/subdags/subdag.py
[2026-09-30T19:53:38.570+0000] {processor.py:755} WARNING - No viable dags retrieved from /home/airflow/.local/lib/python3.7/site-packages/airflow/example_dags/subdags/subdag.py
[2026-09-30T19:53:38.589+0000] {processor.py:175} INFO - Processing /home/airflow/.local/lib/python3.7/site-packages/airflow/example_dags/subdags/subdag.py took 0.035 seconds
[2026-09-30T19:54:08.768+0000] {processor.py:153} INFO - Started process (PID=7417) to work on /home/airflow/.local/lib/python3.7/site-packages/airflow/example_dags/subdags/subdag.py
[2026-09-30T19:54:08.768+0000] {processor.py:743} INFO - Processing file /home/airflow/.local/lib/python3.7/site-packages/airflow/example_dags/subdags/subdag.py for tasks to queue
[2026-09-30T19:54:08.769+0000] {logging_mixin.py:137} INFO - [2026-09-30T19:54:08.769+0000] {dagbag.py:538} INFO - Filling up the DagBag from /home/airflow/.local/lib/python3.7/site-packages/airflow/example_dags/subdags/subdag.py
[2026-09-30T19:54:08.771+0000] {processor.py:755} WARNING - No viable dags retrieved from /home/airflow/.local/lib/python3.7/site-packages/airflow/example_dags/subdags/subdag.py
[2026-09-30T19:54:08.783+0000] {processor.py:175} INFO - Processing /home/airflow/.local/lib/python3.7/site-packages/airflow/example_dags/subdags/subdag.py took 0.018 seconds
[2026-09-30T19:54:39.718+0000] {processor.py:153} INFO - Started process (PID=7496) to work on /home/airflow/.local/lib/python3.7/site-packages/airflow/example_dags/subdags/subdag.py
[2026-09-30T19:54:39.719+0000] {processor.py:743} INFO - Processing file /home/airflow/.local/lib/python3.7/site-packages/airflow/example_dags/subdags/subdag.py for tasks to queue
[2026-09-30T19:54:39.719+0000] {logging_mixin.py:137} INFO - [2026-09-30T19:54:39.719+0000] {dagbag.py:538} INFO - Filling up the DagBag from /home/airflow/.local/lib/python3.7/site-packages/airflow/example_dags/subdags/subdag.py
[2026-09-30T19:54:39.723+0000] {processor.py:755} WARNING - No viable dags retrieved from /home/airflow/.local/lib/python3.7/site-packages/airflow/example_dags/subdags/subdag.py
[2026-09-30T19:54:39.743+0000] {processor.py:175} INFO - Processing /home/airflow/.local/lib/python3.7/site-packages/airflow/example_dags/subdags/subdag.py took 0.029 seconds
[2026-09-30T19:55:10.631+0000] {processor.py:153} INFO - Started process (PID=7575) to work on /home/airflow/.local/lib/python3.7/site-packages/airflow/example_dags/subdags/subdag.py
[2026-09-30T19:55:10.633+0000] {processor.py:743} INFO - Processing file /home/airflow/.local/lib/python3.7/site-packages/airflow/example_dags/subdags/subdag.py for tasks to queue
[2026-09-30T19:55:10.634+0000] {logging_mixin.py:137} INFO - [2026-09-30T19:55:10.634+0000] {dagbag.py:538} INFO - Filling up the DagBag from /home/airflow/.local/lib/python3.7/site-packages/airflow/example_dags/subdags/subdag.py
[2026-09-30T19:55:10.640+0000] {processor.py:755} WARNING - No viable dags retrieved from /home/airflow/.local/lib/python3.7/site-packages/airflow/example_dags/subdags/subdag.py
[2026-09-30T19:55:10.665+0000] {processor.py:175} INFO - Processing /home/airflow/.local/lib/python3.7/site-packages/airflow/example_dags/subdags/subdag.py took 0.041 seconds
[2026-09-30T19:55:40.996+0000] {processor.py:153} INFO - Started process (PID=7662) to work on /home/airflow/.local/lib/python3.7/site-packages/airflow/example_dags/subdags/subdag.py
[2026-09-30T19:55:40.997+0000] {processor.py:743} INFO - Processing file /home/airflow/.local/lib/python3.7/site-packages/airflow/example_dags/subdags/subdag.py for tasks to queue
[2026-09-30T19:55:40.998+0000] {logging_mixin.py:137} INFO - [2026-09-30T19:55:40.998+0000] {dagbag.py:538} INFO - Filling up the DagBag from /home/airflow/.local/lib/python3.7/site-packages/airflow/example_dags/subdags/subdag.py
[2026-09-30T19:55:41.004+0000] {processor.py:755} WARNING - No viable dags retrieved from /home/airflow/.local/lib/python3.7/site-packages/airflow/example_dags/subdags/subdag.py
[2026-09-30T19:55:41.029+0000] {processor.py:175} INFO - Processing /home/airflow/.local/lib/python3.7/site-packages/airflow/example_dags/subdags/subdag.py took 0.040 seconds
[2026-09-30T19:56:11.541+0000] {processor.py:153} INFO - Started process (PID=7752) to work on /home/airflow/.local/lib/python3.7/site-packages/airflow/example_dags/subdags/subdag.py
[2026-09-30T19:56:11.543+0000] {processor.py:743} INFO - Processing file /home/airflow/.local/lib/python3.7/site-packages/airflow/example_dags/subdags/subdag.py for tasks to queue
[2026-09-30T19:56:11.544+0000] {logging_mixin.py:137} INFO - [2026-09-30T19:56:11.544+0000] {dagbag.py:538} INFO - Filling up the DagBag from /home/airflow/.local/lib/python3.7/site-packages/airflow/example_dags/subdags/subdag.py
[2026-09-30T19:56:11.551+0000] {processor.py:755} WARNING - No viable dags retrieved from /home/airflow/.local/lib/python3.7/site-packages/airflow/example_dags/subdags/subdag.py
[2026-09-30T19:56:11.571+0000] {processor.py:175} INFO - Processing /home/airflow/.local/lib/python3.7/site-packages/airflow/example_dags/subdags/subdag.py took 0.034 seconds
[2026-09-30T19:56:41.802+0000] {processor.py:153} INFO - Started process (PID=7831) to work on /home/airflow/.local/lib/python3.7/site-packages/airflow/example_dags/subdags/subdag.py
[2026-09-30T19:56:41.803+0000] {processor.py:743} INFO - Processing file /home/airflow/.local/lib/python3.7/site-packages/airflow/example_dags/subdags/subdag.py for tasks to queue
[2026-09-30T19:56:41.804+0000] {logging_mixin.py:137} INFO - [2026-09-30T19:56:41.803+0000] {dagbag.py:538} INFO - Filling up the DagBag from /home/airflow/.local/lib/python3.7/site-packages/airflow/example_dags/subdags/subdag.py
[2026-09-30T19:56:41.810+0000] {processor.py:755} WARNING - No viable dags retrieved from /home/airflow/.local/lib/python3.7/site-packages/airflow/example_dags/subdags/subdag.py
[2026-09-30T19:56:41.828+0000] {processor.py:175} INFO - Processing /home/airflow/.local/lib/python3.7/site-packages/airflow/example_dags/subdags/subdag.py took 0.029 seconds
[2026-09-30T19:57:12.256+0000] {processor.py:153} INFO - Started process (PID=7911) to work on /home/airflow/.local/lib/python3.7/site-packages/airflow/example_dags/subdags/subdag.py
[2026-09-30T19:57:12.258+0000] {processor.py:743} INFO - Processing file /home/airflow/.local/lib/python3.7/site-packages/airflow/example_dags/subdags/subdag.py for tasks to queue
[2026-09-30T19:57:12.259+0000] {logging_mixin.py:137} INFO - [2026-09-30T19:57:12.258+0000] {dagbag.py:538} INFO - Filling up the DagBag from /home/airflow/.local/lib/python3.7/site-packages/airflow/example_dags/subdags/subdag.py
[2026-09-30T19:57:12.266+0000] {processor.py:755} WARNING - No viable dags retrieved from /home/airflow/.local/lib/python3.7/site-packages/airflow/example_dags/subdags/subdag.py
[2026-09-30T19:57:12.284+0000] {processor.py:175} INFO - Processing /home/airflow/.local/lib/python3.7/site-packages/airflow/example_dags/subdags/subdag.py took 0.033 seconds
[2026-09-30T19:57:42.635+0000] {processor.py:153} INFO - Started process (PID=7990) to work on /home/airflow/.local/lib/python3.7/site-packages/airflow/example_dags/subdags/subdag.py
[2026-09-30T19:57:42.636+0000] {processor.py:743} INFO - Processing file /home/airflow/.local/lib/python3.7/site-packages/airflow/example_dags/subdags/subdag.py for tasks to queue
[2026-09-30T19:57:42.637+0000] {logging_mixin.py:137} INFO - [2026-09-30T19:57:42.637+0000] {dagbag.py:538} INFO - Filling up the DagBag from /home/airflow/.local/lib/python3.7/site-packages/airflow/example_dags/subdags/subdag.py
[2026-09-30T19:57:42.644+0000] {processor.py:755} WARNING - No viable dags retrieved from /home/airflow/.local/lib/python3.7/site-packages/airflow/example_dags/subdags/subdag.py
[2026-09-30T19:57:42.669+0000] {processor.py:175} INFO - Processing /home/airflow/.local/lib/python3.7/site-packages/airflow/example_dags/subdags/subdag.py took 0.041 seconds
[2026-09-30T19:58:12.974+0000] {processor.py:153} INFO - Started process (PID=8078) to work on /home/airflow/.local/lib/python3.7/site-packages/airflow/example_dags/subdags/subdag.py
[2026-09-30T19:58:12.976+0000] {processor.py:743} INFO - Processing file /home/airflow/.local/lib/python3.7/site-packages/airflow/example_dags/subdags/subdag.py for tasks to queue
[2026-09-30T19:58:12.977+0000] {logging_mixin.py:137} INFO - [2026-09-30T19:58:12.977+0000] {dagbag.py:538} INFO - Filling up the DagBag from /home/airflow/.local/lib/python3.7/site-packages/airflow/example_dags/subdags/subdag.py
[2026-09-30T19:58:12.982+0000] {processor.py:755} WARNING - No viable dags retrieved from /home/airflow/.local/lib/python3.7/site-packages/airflow/example_dags/subdags/subdag.py
[2026-09-30T19:58:12.997+0000] {processor.py:175} INFO - Processing /home/airflow/.local/lib/python3.7/site-packages/airflow/example_dags/subdags/subdag.py took 0.029 seconds
[2026-09-30T19:58:43.248+0000] {processor.py:153} INFO - Started process (PID=8168) to work on /home/airflow/.local/lib/python3.7/site-packages/airflow/example_dags/subdags/subdag.py
[2026-09-30T19:58:43.249+0000] {processor.py:743} INFO - Processing file /home/airflow/.local/lib/python3.7/site-packages/airflow/example_dags/subdags/subdag.py for tasks to queue
[2026-09-30T19:58:43.249+0000] {logging_mixin.py:137} INFO - [2026-09-30T19:58:43.249+0000] {dagbag.py:538} INFO - Filling up the DagBag from /home/airflow/.local/lib/python3.7/site-packages/airflow/example_dags/subdags/subdag.py
[2026-09-30T19:58:43.253+0000] {processor.py:755} WARNING - No viable dags retrieved from /home/airflow/.local/lib/python3.7/site-packages/airflow/example_dags/subdags/subdag.py
[2026-09-30T19:58:43.267+0000] {processor.py:175} INFO - Processing /home/airflow/.local/lib/python3.7/site-packages/airflow/example_dags/subdags/subdag.py took 0.022 seconds
[2026-09-30T19:59:13.542+0000] {processor.py:153} INFO - Started process (PID=8247) to work on /home/airflow/.local/lib/python3.7/site-packages/airflow/example_dags/subdags/subdag.py
[2026-09-30T19:59:13.543+0000] {processor.py:743} INFO - Processing file /home/airflow/.local/lib/python3.7/site-packages/airflow/example_dags/subdags/subdag.py for tasks to queue
[2026-09-30T19:59:13.544+0000] {logging_mixin.py:137} INFO - [2026-09-30T19:59:13.544+0000] {dagbag.py:538} INFO - Filling up the DagBag from /home/airflow/.local/lib/python3.7/site-packages/airflow/example_dags/subdags/subdag.py
[2026-09-30T19:59:13.549+0000] {processor.py:755} WARNING - No viable dags retrieved from /home/airflow/.local/lib/python3.7/site-packages/airflow/example_dags/subdags/subdag.py
[2026-09-30T19:59:13.569+0000] {processor.py:175} INFO - Processing /home/airflow/.local/lib/python3.7/site-packages/airflow/example_dags/subdags/subdag.py took 0.032 seconds
[2026-09-30T19:59:44.123+0000] {processor.py:153} INFO - Started process (PID=8326) to work on /home/airflow/.local/lib/python3.7/site-packages/airflow/example_dags/subdags/subdag.py
[2026-09-30T19:59:44.124+0000] {processor.py:743} INFO - Processing file /home/airflow/.local/lib/python3.7/site-packages/airflow/example_dags/subdags/subdag.py for tasks to queue
[2026-09-30T19:59:44.125+0000] {logging_mixin.py:137} INFO - [2026-09-30T19:59:44.124+0000] {dagbag.py:538} INFO - Filling up the DagBag from /home/airflow/.local/lib/python3.7/site-packages/airflow/example_dags/subdags/subdag.py
[2026-09-30T19:59:44.129+0000] {processor.py:755} WARNING - No viable dags retrieved from /home/airflow/.local/lib/python3.7/site-packages/airflow/example_dags/subdags/subdag.py
[2026-09-30T19:59:44.144+0000] {processor.py:175} INFO - Processing /home/airflow/.local/lib/python3.7/site-packages/airflow/example_dags/subdags/subdag.py took 0.025 seconds
[2026-09-30T20:00:14.382+0000] {processor.py:153} INFO - Started process (PID=8405) to work on /home/airflow/.local/lib/python3.7/site-packages/airflow/example_dags/subdags/subdag.py
[2026-09-30T20:00:14.384+0000] {processor.py:743} INFO - Processing file /home/airflow/.local/lib/python3.7/site-packages/airflow/example_dags/subdags/subdag.py for tasks to queue
[2026-09-30T20:00:14.385+0000] {logging_mixin.py:137} INFO - [2026-09-30T20:00:14.385+0000] {dagbag.py:538} INFO - Filling up the DagBag from /home/airflow/.local/lib/python3.7/site-packages/airflow/example_dags/subdags/subdag.py
[2026-09-30T20:00:14.391+0000] {processor.py:755} WARNING - No viable dags retrieved from /home/airflow/.local/lib/python3.7/site-packages/airflow/example_dags/subdags/subdag.py
[2026-09-30T20:00:14.417+0000] {processor.py:175} INFO - Processing /home/airflow/.local/lib/python3.7/site-packages/airflow/example_dags/subdags/subdag.py took 0.041 seconds
[2026-09-30T20:00:44.955+0000] {processor.py:153} INFO - Started process (PID=8504) to work on /home/airflow/.local/lib/python3.7/site-packages/airflow/example_dags/subdags/subdag.py
[2026-09-30T20:00:44.956+0000] {processor.py:743} INFO - Processing file /home/airflow/.local/lib/python3.7/site-packages/airflow/example_dags/subdags/subdag.py for tasks to queue
[2026-09-30T20:00:44.957+0000] {logging_mixin.py:137} INFO - [2026-09-30T20:00:44.956+0000] {dagbag.py:538} INFO - Filling up the DagBag from /home/airflow/.local/lib/python3.7/site-packages/airflow/example_dags/subdags/subdag.py
[2026-09-30T20:00:44.962+0000] {processor.py:755} WARNING - No viable dags retrieved from /home/airflow/.local/lib/python3.7/site-packages/airflow/example_dags/subdags/subdag.py
[2026-09-30T20:00:44.984+0000] {processor.py:175} INFO - Processing /home/airflow/.local/lib/python3.7/site-packages/airflow/example_dags/subdags/subdag.py took 0.033 seconds
[2026-09-30T20:01:15.608+0000] {processor.py:153} INFO - Started process (PID=8583) to work on /home/airflow/.local/lib/python3.7/site-packages/airflow/example_dags/subdags/subdag.py
[2026-09-30T20:01:15.609+0000] {processor.py:743} INFO - Processing file /home/airflow/.local/lib/python3.7/site-packages/airflow/example_dags/subdags/subdag.py for tasks to queue
[2026-09-30T20:01:15.610+0000] {logging_mixin.py:137} INFO - [2026-09-30T20:01:15.610+0000] {dagbag.py:538} INFO - Filling up the DagBag from /home/airflow/.local/lib/python3.7/site-packages/airflow/example_dags/subdags/subdag.py
[2026-09-30T20:01:15.614+0000] {processor.py:755} WARNING - No viable dags retrieved from /home/airflow/.local/lib/python3.7/site-packages/airflow/example_dags/subdags/subdag.py
[2026-09-30T20:01:15.630+0000] {processor.py:175} INFO - Processing /home/airflow/.local/lib/python3.7/site-packages/airflow/example_dags/subdags/subdag.py took 0.026 seconds
[2026-09-30T20:01:46.791+0000] {processor.py:153} INFO - Started process (PID=8662) to work on /home/airflow/.local/lib/python3.7/site-packages/airflow/example_dags/subdags/subdag.py
[2026-09-30T20:01:46.792+0000] {processor.py:743} INFO - Processing file /home/airflow/.local/lib/python3.7/site-packages/airflow/example_dags/subdags/subdag.py for tasks to queue
[2026-09-30T20:01:46.793+0000] {logging_mixin.py:137} INFO - [2026-09-30T20:01:46.793+0000] {dagbag.py:538} INFO - Filling up the DagBag from /home/airflow/.local/lib/python3.7/site-packages/airflow/example_dags/subdags/subdag.py
[2026-09-30T20:01:46.798+0000] {processor.py:755} WARNING - No viable dags retrieved from /home/airflow/.local/lib/python3.7/site-packages/airflow/example_dags/subdags/subdag.py
[2026-09-30T20:01:46.818+0000] {processor.py:175} INFO - Processing /home/airflow/.local/lib/python3.7/site-packages/airflow/example_dags/subdags/subdag.py took 0.033 seconds
[2026-09-30T20:02:17.037+0000] {processor.py:153} INFO - Started process (PID=8741) to work on /home/airflow/.local/lib/python3.7/site-packages/airflow/example_dags/subdags/subdag.py
[2026-09-30T20:02:17.038+0000] {processor.py:743} INFO - Processing file /home/airflow/.local/lib/python3.7/site-packages/airflow/example_dags/subdags/subdag.py for tasks to queue
[2026-09-30T20:02:17.039+0000] {logging_mixin.py:137} INFO - [2026-09-30T20:02:17.039+0000] {dagbag.py:538} INFO - Filling up the DagBag from /home/airflow/.local/lib/python3.7/site-packages/airflow/example_dags/subdags/subdag.py
[2026-09-30T20:02:17.043+0000] {processor.py:755} WARNING - No viable dags retrieved from /home/airflow/.local/lib/python3.7/site-packages/airflow/example_dags/subdags/subdag.py
[2026-09-30T20:02:17.062+0000] {processor.py:175} INFO - Processing /home/airflow/.local/lib/python3.7/site-packages/airflow/example_dags/subdags/subdag.py took 0.029 seconds
[2026-09-30T20:02:47.714+0000] {processor.py:153} INFO - Started process (PID=8829) to work on /home/airflow/.local/lib/python3.7/site-packages/airflow/example_dags/subdags/subdag.py
[2026-09-30T20:02:47.715+0000] {processor.py:743} INFO - Processing file /home/airflow/.local/lib/python3.7/site-packages/airflow/example_dags/subdags/subdag.py for tasks to queue
[2026-09-30T20:02:47.716+0000] {logging_mixin.py:137} INFO - [2026-09-30T20:02:47.716+0000] {dagbag.py:538} INFO - Filling up the DagBag from /home/airflow/.local/lib/python3.7/site-packages/airflow/example_dags/subdags/subdag.py
[2026-09-30T20:02:47.721+0000] {processor.py:755} WARNING - No viable dags retrieved from /home/airflow/.local/lib/python3.7/site-packages/airflow/example_dags/subdags/subdag.py
[2026-09-30T20:02:47.742+0000] {processor.py:175} INFO - Processing /home/airflow/.local/lib/python3.7/site-packages/airflow/example_dags/subdags/subdag.py took 0.034 seconds
[2026-09-30T20:03:18.087+0000] {processor.py:153} INFO - Started process (PID=8919) to work on /home/airflow/.local/lib/python3.7/site-packages/airflow/example_dags/subdags/subdag.py
[2026-09-30T20:03:18.088+0000] {processor.py:743} INFO - Processing file /home/airflow/.local/lib/python3.7/site-packages/airflow/example_dags/subdags/subdag.py for tasks to queue
[2026-09-30T20:03:18.089+0000] {logging_mixin.py:137} INFO - [2026-09-30T20:03:18.089+0000] {dagbag.py:538} INFO - Filling up the DagBag from /home/airflow/.local/lib/python3.7/site-packages/airflow/example_dags/subdags/subdag.py
[2026-09-30T20:03:18.094+0000] {processor.py:755} WARNING - No viable dags retrieved from /home/airflow/.local/lib/python3.7/site-packages/airflow/example_dags/subdags/subdag.py
[2026-09-30T20:03:18.108+0000] {processor.py:175} INFO - Processing /home/airflow/.local/lib/python3.7/site-packages/airflow/example_dags/subdags/subdag.py took 0.024 seconds
[2026-09-30T20:03:48.454+0000] {processor.py:153} INFO - Started process (PID=8998) to work on /home/airflow/.local/lib/python3.7/site-packages/airflow/example_dags/subdags/subdag.py
[2026-09-30T20:03:48.456+0000] {processor.py:743} INFO - Processing file /home/airflow/.local/lib/python3.7/site-packages/airflow/example_dags/subdags/subdag.py for tasks to queue
[2026-09-30T20:03:48.457+0000] {logging_mixin.py:137} INFO - [2026-09-30T20:03:48.456+0000] {dagbag.py:538} INFO - Filling up the DagBag from /home/airflow/.local/lib/python3.7/site-packages/airflow/example_dags/subdags/subdag.py
[2026-09-30T20:03:48.462+0000] {processor.py:755} WARNING - No viable dags retrieved from /home/airflow/.local/lib/python3.7/site-packages/airflow/example_dags/subdags/subdag.py
[2026-09-30T20:03:48.483+0000] {processor.py:175} INFO - Processing /home/airflow/.local/lib/python3.7/site-packages/airflow/example_dags/subdags/subdag.py took 0.035 seconds
[2026-09-30T20:04:18.727+0000] {processor.py:153} INFO - Started process (PID=9077) to work on /home/airflow/.local/lib/python3.7/site-packages/airflow/example_dags/subdags/subdag.py
[2026-09-30T20:04:18.728+0000] {processor.py:743} INFO - Processing file /home/airflow/.local/lib/python3.7/site-packages/airflow/example_dags/subdags/subdag.py for tasks to queue
[2026-09-30T20:04:18.729+0000] {logging_mixin.py:137} INFO - [2026-09-30T20:04:18.728+0000] {dagbag.py:538} INFO - Filling up the DagBag from /home/airflow/.local/lib/python3.7/site-packages/airflow/example_dags/subdags/subdag.py
[2026-09-30T20:04:18.733+0000] {processor.py:755} WARNING - No viable dags retrieved from /home/airflow/.local/lib/python3.7/site-packages/airflow/example_dags/subdags/subdag.py
[2026-09-30T20:04:18.749+0000] {processor.py:175} INFO - Processing /home/airflow/.local/lib/python3.7/site-packages/airflow/example_dags/subdags/subdag.py took 0.026 seconds
[2026-09-30T20:04:49.795+0000] {processor.py:153} INFO - Started process (PID=9156) to work on /home/airflow/.local/lib/python3.7/site-packages/airflow/example_dags/subdags/subdag.py
[2026-09-30T20:04:49.796+0000] {processor.py:743} INFO - Processing file /home/airflow/.local/lib/python3.7/site-packages/airflow/example_dags/subdags/subdag.py for tasks to queue
[2026-09-30T20:04:49.797+0000] {logging_mixin.py:137} INFO - [2026-09-30T20:04:49.797+0000] {dagbag.py:538} INFO - Filling up the DagBag from /home/airflow/.local/lib/python3.7/site-packages/airflow/example_dags/subdags/subdag.py
[2026-09-30T20:04:49.804+0000] {processor.py:755} WARNING - No viable dags retrieved from /home/airflow/.local/lib/python3.7/site-packages/airflow/example_dags/subdags/subdag.py
[2026-09-30T20:04:49.825+0000] {processor.py:175} INFO - Processing /home/airflow/.local/lib/python3.7/site-packages/airflow/example_dags/subdags/subdag.py took 0.036 seconds
[2026-09-30T20:05:20.670+0000] {processor.py:153} INFO - Started process (PID=9255) to work on /home/airflow/.local/lib/python3.7/site-packages/airflow/example_dags/subdags/subdag.py
[2026-09-30T20:05:20.671+0000] {processor.py:743} INFO - Processing file /home/airflow/.local/lib/python3.7/site-packages/airflow/example_dags/subdags/subdag.py for tasks to queue
[2026-09-30T20:05:20.672+0000] {logging_mixin.py:137} INFO - [2026-09-30T20:05:20.672+0000] {dagbag.py:538} INFO - Filling up the DagBag from /home/airflow/.local/lib/python3.7/site-packages/airflow/example_dags/subdags/subdag.py
[2026-09-30T20:05:20.677+0000] {processor.py:755} WARNING - No viable dags retrieved from /home/airflow/.local/lib/python3.7/site-packages/airflow/example_dags/subdags/subdag.py
[2026-09-30T20:05:20.693+0000] {processor.py:175} INFO - Processing /home/airflow/.local/lib/python3.7/site-packages/airflow/example_dags/subdags/subdag.py took 0.027 seconds
[2026-09-30T20:05:51.333+0000] {processor.py:153} INFO - Started process (PID=9334) to work on /home/airflow/.local/lib/python3.7/site-packages/airflow/example_dags/subdags/subdag.py
[2026-09-30T20:05:51.335+0000] {processor.py:743} INFO - Processing file /home/airflow/.local/lib/python3.7/site-packages/airflow/example_dags/subdags/subdag.py for tasks to queue
[2026-09-30T20:05:51.336+0000] {logging_mixin.py:137} INFO - [2026-09-30T20:05:51.336+0000] {dagbag.py:538} INFO - Filling up the DagBag from /home/airflow/.local/lib/python3.7/site-packages/airflow/example_dags/subdags/subdag.py
[2026-09-30T20:05:51.342+0000] {processor.py:755} WARNING - No viable dags retrieved from /home/airflow/.local/lib/python3.7/site-packages/airflow/example_dags/subdags/subdag.py
[2026-09-30T20:05:51.358+0000] {processor.py:175} INFO - Processing /home/airflow/.local/lib/python3.7/site-packages/airflow/example_dags/subdags/subdag.py took 0.029 seconds
[2026-09-30T20:06:22.356+0000] {processor.py:153} INFO - Started process (PID=9413) to work on /home/airflow/.local/lib/python3.7/site-packages/airflow/example_dags/subdags/subdag.py
[2026-09-30T20:06:22.358+0000] {processor.py:743} INFO - Processing file /home/airflow/.local/lib/python3.7/site-packages/airflow/example_dags/subdags/subdag.py for tasks to queue
[2026-09-30T20:06:22.359+0000] {logging_mixin.py:137} INFO - [2026-09-30T20:06:22.359+0000] {dagbag.py:538} INFO - Filling up the DagBag from /home/airflow/.local/lib/python3.7/site-packages/airflow/example_dags/subdags/subdag.py
[2026-09-30T20:06:22.365+0000] {processor.py:755} WARNING - No viable dags retrieved from /home/airflow/.local/lib/python3.7/site-packages/airflow/example_dags/subdags/subdag.py
[2026-09-30T20:06:22.386+0000] {processor.py:175} INFO - Processing /home/airflow/.local/lib/python3.7/site-packages/airflow/example_dags/subdags/subdag.py took 0.035 seconds
[2026-09-30T20:06:52.702+0000] {processor.py:153} INFO - Started process (PID=9492) to work on /home/airflow/.local/lib/python3.7/site-packages/airflow/example_dags/subdags/subdag.py
[2026-09-30T20:06:52.703+0000] {processor.py:743} INFO - Processing file /home/airflow/.local/lib/python3.7/site-packages/airflow/example_dags/subdags/subdag.py for tasks to queue
[2026-09-30T20:06:52.704+0000] {logging_mixin.py:137} INFO - [2026-09-30T20:06:52.704+0000] {dagbag.py:538} INFO - Filling up the DagBag from /home/airflow/.local/lib/python3.7/site-packages/airflow/example_dags/subdags/subdag.py
[2026-09-30T20:06:52.710+0000] {processor.py:755} WARNING - No viable dags retrieved from /home/airflow/.local/lib/python3.7/site-packages/airflow/example_dags/subdags/subdag.py
[2026-09-30T20:06:52.731+0000] {processor.py:175} INFO - Processing /home/airflow/.local/lib/python3.7/site-packages/airflow/example_dags/subdags/subdag.py took 0.036 seconds
[2026-09-30T20:07:22.926+0000] {processor.py:153} INFO - Started process (PID=9571) to work on /home/airflow/.local/lib/python3.7/site-packages/airflow/example_dags/subdags/subdag.py
[2026-09-30T20:07:22.927+0000] {processor.py:743} INFO - Processing file /home/airflow/.local/lib/python3.7/site-packages/airflow/example_dags/subdags/subdag.py for tasks to queue
[2026-09-30T20:07:22.927+0000] {logging_mixin.py:137} INFO - [2026-09-30T20:07:22.927+0000] {dagbag.py:538} INFO - Filling up the DagBag from /home/airflow/.local/lib/python3.7/site-packages/airflow/example_dags/subdags/subdag.py
[2026-09-30T20:07:22.931+0000] {processor.py:755} WARNING - No viable dags retrieved from /home/airflow/.local/lib/python3.7/site-packages/airflow/example_dags/subdags/subdag.py
[2026-09-30T20:07:22.949+0000] {processor.py:175} INFO - Processing /home/airflow/.local/lib/python3.7/site-packages/airflow/example_dags/subdags/subdag.py took 0.028 seconds
[2026-09-30T20:07:53.273+0000] {processor.py:153} INFO - Started process (PID=9670) to work on /home/airflow/.local/lib/python3.7/site-packages/airflow/example_dags/subdags/subdag.py
[2026-09-30T20:07:53.274+0000] {processor.py:743} INFO - Processing file /home/airflow/.local/lib/python3.7/site-packages/airflow/example_dags/subdags/subdag.py for tasks to queue
[2026-09-30T20:07:53.274+0000] {logging_mixin.py:137} INFO - [2026-09-30T20:07:53.274+0000] {dagbag.py:538} INFO - Filling up the DagBag from /home/airflow/.local/lib/python3.7/site-packages/airflow/example_dags/subdags/subdag.py
[2026-09-30T20:07:53.278+0000] {processor.py:755} WARNING - No viable dags retrieved from /home/airflow/.local/lib/python3.7/site-packages/airflow/example_dags/subdags/subdag.py
[2026-09-30T20:07:53.295+0000] {processor.py:175} INFO - Processing /home/airflow/.local/lib/python3.7/site-packages/airflow/example_dags/subdags/subdag.py took 0.027 seconds
[2026-09-30T20:08:23.714+0000] {processor.py:153} INFO - Started process (PID=9749) to work on /home/airflow/.local/lib/python3.7/site-packages/airflow/example_dags/subdags/subdag.py
[2026-09-30T20:08:23.716+0000] {processor.py:743} INFO - Processing file /home/airflow/.local/lib/python3.7/site-packages/airflow/example_dags/subdags/subdag.py for tasks to queue
[2026-09-30T20:08:23.716+0000] {logging_mixin.py:137} INFO - [2026-09-30T20:08:23.716+0000] {dagbag.py:538} INFO - Filling up the DagBag from /home/airflow/.local/lib/python3.7/site-packages/airflow/example_dags/subdags/subdag.py
[2026-09-30T20:08:23.720+0000] {processor.py:755} WARNING - No viable dags retrieved from /home/airflow/.local/lib/python3.7/site-packages/airflow/example_dags/subdags/subdag.py
[2026-09-30T20:08:23.735+0000] {processor.py:175} INFO - Processing /home/airflow/.local/lib/python3.7/site-packages/airflow/example_dags/subdags/subdag.py took 0.024 seconds
[2026-09-30T20:08:54.001+0000] {processor.py:153} INFO - Started process (PID=9828) to work on /home/airflow/.local/lib/python3.7/site-packages/airflow/example_dags/subdags/subdag.py
[2026-09-30T20:08:54.002+0000] {processor.py:743} INFO - Processing file /home/airflow/.local/lib/python3.7/site-packages/airflow/example_dags/subdags/subdag.py for tasks to queue
[2026-09-30T20:08:54.003+0000] {logging_mixin.py:137} INFO - [2026-09-30T20:08:54.003+0000] {dagbag.py:538} INFO - Filling up the DagBag from /home/airflow/.local/lib/python3.7/site-packages/airflow/example_dags/subdags/subdag.py
[2026-09-30T20:08:54.009+0000] {processor.py:755} WARNING - No viable dags retrieved from /home/airflow/.local/lib/python3.7/site-packages/airflow/example_dags/subdags/subdag.py
[2026-09-30T20:08:54.033+0000] {processor.py:175} INFO - Processing /home/airflow/.local/lib/python3.7/site-packages/airflow/example_dags/subdags/subdag.py took 0.038 seconds
[2026-09-30T20:09:24.480+0000] {processor.py:153} INFO - Started process (PID=9907) to work on /home/airflow/.local/lib/python3.7/site-packages/airflow/example_dags/subdags/subdag.py
[2026-09-30T20:09:24.481+0000] {processor.py:743} INFO - Processing file /home/airflow/.local/lib/python3.7/site-packages/airflow/example_dags/subdags/subdag.py for tasks to queue
[2026-09-30T20:09:24.481+0000] {logging_mixin.py:137} INFO - [2026-09-30T20:09:24.481+0000] {dagbag.py:538} INFO - Filling up the DagBag from /home/airflow/.local/lib/python3.7/site-packages/airflow/example_dags/subdags/subdag.py
[2026-09-30T20:09:24.485+0000] {processor.py:755} WARNING - No viable dags retrieved from /home/airflow/.local/lib/python3.7/site-packages/airflow/example_dags/subdags/subdag.py
[2026-09-30T20:09:24.500+0000] {processor.py:175} INFO - Processing /home/airflow/.local/lib/python3.7/site-packages/airflow/example_dags/subdags/subdag.py took 0.025 seconds
[2026-09-30T20:09:54.982+0000] {processor.py:153} INFO - Started process (PID=9986) to work on /home/airflow/.local/lib/python3.7/site-packages/airflow/example_dags/subdags/subdag.py
[2026-09-30T20:09:54.983+0000] {processor.py:743} INFO - Processing file /home/airflow/.local/lib/python3.7/site-packages/airflow/example_dags/subdags/subdag.py for tasks to queue
[2026-09-30T20:09:54.983+0000] {logging_mixin.py:137} INFO - [2026-09-30T20:09:54.983+0000] {dagbag.py:538} INFO - Filling up the DagBag from /home/airflow/.local/lib/python3.7/site-packages/airflow/example_dags/subdags/subdag.py
[2026-09-30T20:09:54.987+0000] {processor.py:755} WARNING - No viable dags retrieved from /home/airflow/.local/lib/python3.7/site-packages/airflow/example_dags/subdags/subdag.py
[2026-09-30T20:09:55.002+0000] {processor.py:175} INFO - Processing /home/airflow/.local/lib/python3.7/site-packages/airflow/example_dags/subdags/subdag.py took 0.025 seconds
[2026-09-30T20:10:25.590+0000] {processor.py:153} INFO - Started process (PID=10085) to work on /home/airflow/.local/lib/python3.7/site-packages/airflow/example_dags/subdags/subdag.py
[2026-09-30T20:10:25.591+0000] {processor.py:743} INFO - Processing file /home/airflow/.local/lib/python3.7/site-packages/airflow/example_dags/subdags/subdag.py for tasks to queue
[2026-09-30T20:10:25.592+0000] {logging_mixin.py:137} INFO - [2026-09-30T20:10:25.592+0000] {dagbag.py:538} INFO - Filling up the DagBag from /home/airflow/.local/lib/python3.7/site-packages/airflow/example_dags/subdags/subdag.py
[2026-09-30T20:10:25.596+0000] {processor.py:755} WARNING - No viable dags retrieved from /home/airflow/.local/lib/python3.7/site-packages/airflow/example_dags/subdags/subdag.py
[2026-09-30T20:10:25.612+0000] {processor.py:175} INFO - Processing /home/airflow/.local/lib/python3.7/site-packages/airflow/example_dags/subdags/subdag.py took 0.026 seconds
[2026-09-30T20:10:55.692+0000] {processor.py:153} INFO - Started process (PID=10164) to work on /home/airflow/.local/lib/python3.7/site-packages/airflow/example_dags/subdags/subdag.py
[2026-09-30T20:10:55.693+0000] {processor.py:743} INFO - Processing file /home/airflow/.local/lib/python3.7/site-packages/airflow/example_dags/subdags/subdag.py for tasks to queue
[2026-09-30T20:10:55.694+0000] {logging_mixin.py:137} INFO - [2026-09-30T20:10:55.694+0000] {dagbag.py:538} INFO - Filling up the DagBag from /home/airflow/.local/lib/python3.7/site-packages/airflow/example_dags/subdags/subdag.py
[2026-09-30T20:10:55.700+0000] {processor.py:755} WARNING - No viable dags retrieved from /home/airflow/.local/lib/python3.7/site-packages/airflow/example_dags/subdags/subdag.py
[2026-09-30T20:10:55.723+0000] {processor.py:175} INFO - Processing /home/airflow/.local/lib/python3.7/site-packages/airflow/example_dags/subdags/subdag.py took 0.038 seconds
[2026-09-30T20:11:26.238+0000] {processor.py:153} INFO - Started process (PID=10242) to work on /home/airflow/.local/lib/python3.7/site-packages/airflow/example_dags/subdags/subdag.py
[2026-09-30T20:11:26.240+0000] {processor.py:743} INFO - Processing file /home/airflow/.local/lib/python3.7/site-packages/airflow/example_dags/subdags/subdag.py for tasks to queue
[2026-09-30T20:11:26.241+0000] {logging_mixin.py:137} INFO - [2026-09-30T20:11:26.241+0000] {dagbag.py:538} INFO - Filling up the DagBag from /home/airflow/.local/lib/python3.7/site-packages/airflow/example_dags/subdags/subdag.py
[2026-09-30T20:11:26.247+0000] {processor.py:755} WARNING - No viable dags retrieved from /home/airflow/.local/lib/python3.7/site-packages/airflow/example_dags/subdags/subdag.py
[2026-09-30T20:11:26.273+0000] {processor.py:175} INFO - Processing /home/airflow/.local/lib/python3.7/site-packages/airflow/example_dags/subdags/subdag.py took 0.042 seconds
[2026-09-30T20:11:56.830+0000] {processor.py:153} INFO - Started process (PID=10321) to work on /home/airflow/.local/lib/python3.7/site-packages/airflow/example_dags/subdags/subdag.py
[2026-09-30T20:11:56.831+0000] {processor.py:743} INFO - Processing file /home/airflow/.local/lib/python3.7/site-packages/airflow/example_dags/subdags/subdag.py for tasks to queue
[2026-09-30T20:11:56.831+0000] {logging_mixin.py:137} INFO - [2026-09-30T20:11:56.831+0000] {dagbag.py:538} INFO - Filling up the DagBag from /home/airflow/.local/lib/python3.7/site-packages/airflow/example_dags/subdags/subdag.py
[2026-09-30T20:11:56.835+0000] {processor.py:755} WARNING - No viable dags retrieved from /home/airflow/.local/lib/python3.7/site-packages/airflow/example_dags/subdags/subdag.py
[2026-09-30T20:11:56.851+0000] {processor.py:175} INFO - Processing /home/airflow/.local/lib/python3.7/site-packages/airflow/example_dags/subdags/subdag.py took 0.026 seconds
[2026-09-30T20:12:27.198+0000] {processor.py:153} INFO - Started process (PID=10409) to work on /home/airflow/.local/lib/python3.7/site-packages/airflow/example_dags/subdags/subdag.py
[2026-09-30T20:12:27.199+0000] {processor.py:743} INFO - Processing file /home/airflow/.local/lib/python3.7/site-packages/airflow/example_dags/subdags/subdag.py for tasks to queue
[2026-09-30T20:12:27.200+0000] {logging_mixin.py:137} INFO - [2026-09-30T20:12:27.200+0000] {dagbag.py:538} INFO - Filling up the DagBag from /home/airflow/.local/lib/python3.7/site-packages/airflow/example_dags/subdags/subdag.py
[2026-09-30T20:12:27.204+0000] {processor.py:755} WARNING - No viable dags retrieved from /home/airflow/.local/lib/python3.7/site-packages/airflow/example_dags/subdags/subdag.py
[2026-09-30T20:12:27.221+0000] {processor.py:175} INFO - Processing /home/airflow/.local/lib/python3.7/site-packages/airflow/example_dags/subdags/subdag.py took 0.027 seconds
[2026-09-30T20:12:58.024+0000] {processor.py:153} INFO - Started process (PID=10499) to work on /home/airflow/.local/lib/python3.7/site-packages/airflow/example_dags/subdags/subdag.py
[2026-09-30T20:12:58.025+0000] {processor.py:743} INFO - Processing file /home/airflow/.local/lib/python3.7/site-packages/airflow/example_dags/subdags/subdag.py for tasks to queue
[2026-09-30T20:12:58.025+0000] {logging_mixin.py:137} INFO - [2026-09-30T20:12:58.025+0000] {dagbag.py:538} INFO - Filling up the DagBag from /home/airflow/.local/lib/python3.7/site-packages/airflow/example_dags/subdags/subdag.py
[2026-09-30T20:12:58.029+0000] {processor.py:755} WARNING - No viable dags retrieved from /home/airflow/.local/lib/python3.7/site-packages/airflow/example_dags/subdags/subdag.py
[2026-09-30T20:12:58.051+0000] {processor.py:175} INFO - Processing /home/airflow/.local/lib/python3.7/site-packages/airflow/example_dags/subdags/subdag.py took 0.031 seconds
[2026-09-30T20:13:28.819+0000] {processor.py:153} INFO - Started process (PID=10579) to work on /home/airflow/.local/lib/python3.7/site-packages/airflow/example_dags/subdags/subdag.py
[2026-09-30T20:13:28.820+0000] {processor.py:743} INFO - Processing file /home/airflow/.local/lib/python3.7/site-packages/airflow/example_dags/subdags/subdag.py for tasks to queue
[2026-09-30T20:13:28.821+0000] {logging_mixin.py:137} INFO - [2026-09-30T20:13:28.821+0000] {dagbag.py:538} INFO - Filling up the DagBag from /home/airflow/.local/lib/python3.7/site-packages/airflow/example_dags/subdags/subdag.py
[2026-09-30T20:13:28.827+0000] {processor.py:755} WARNING - No viable dags retrieved from /home/airflow/.local/lib/python3.7/site-packages/airflow/example_dags/subdags/subdag.py
[2026-09-30T20:13:28.844+0000] {processor.py:175} INFO - Processing /home/airflow/.local/lib/python3.7/site-packages/airflow/example_dags/subdags/subdag.py took 0.031 seconds
[2026-09-30T20:13:59.087+0000] {processor.py:153} INFO - Started process (PID=10658) to work on /home/airflow/.local/lib/python3.7/site-packages/airflow/example_dags/subdags/subdag.py
[2026-09-30T20:13:59.088+0000] {processor.py:743} INFO - Processing file /home/airflow/.local/lib/python3.7/site-packages/airflow/example_dags/subdags/subdag.py for tasks to queue
[2026-09-30T20:13:59.088+0000] {logging_mixin.py:137} INFO - [2026-09-30T20:13:59.088+0000] {dagbag.py:538} INFO - Filling up the DagBag from /home/airflow/.local/lib/python3.7/site-packages/airflow/example_dags/subdags/subdag.py
[2026-09-30T20:13:59.093+0000] {processor.py:755} WARNING - No viable dags retrieved from /home/airflow/.local/lib/python3.7/site-packages/airflow/example_dags/subdags/subdag.py
[2026-09-30T20:13:59.114+0000] {processor.py:175} INFO - Processing /home/airflow/.local/lib/python3.7/site-packages/airflow/example_dags/subdags/subdag.py took 0.030 seconds
[2026-09-30T20:14:29.403+0000] {processor.py:153} INFO - Started process (PID=10746) to work on /home/airflow/.local/lib/python3.7/site-packages/airflow/example_dags/subdags/subdag.py
[2026-09-30T20:14:29.404+0000] {processor.py:743} INFO - Processing file /home/airflow/.local/lib/python3.7/site-packages/airflow/example_dags/subdags/subdag.py for tasks to queue
[2026-09-30T20:14:29.405+0000] {logging_mixin.py:137} INFO - [2026-09-30T20:14:29.405+0000] {dagbag.py:538} INFO - Filling up the DagBag from /home/airflow/.local/lib/python3.7/site-packages/airflow/example_dags/subdags/subdag.py
[2026-09-30T20:14:29.409+0000] {processor.py:755} WARNING - No viable dags retrieved from /home/airflow/.local/lib/python3.7/site-packages/airflow/example_dags/subdags/subdag.py
[2026-09-30T20:14:29.425+0000] {processor.py:175} INFO - Processing /home/airflow/.local/lib/python3.7/site-packages/airflow/example_dags/subdags/subdag.py took 0.025 seconds
[2026-09-30T20:15:00.113+0000] {processor.py:153} INFO - Started process (PID=10836) to work on /home/airflow/.local/lib/python3.7/site-packages/airflow/example_dags/subdags/subdag.py
[2026-09-30T20:15:00.114+0000] {processor.py:743} INFO - Processing file /home/airflow/.local/lib/python3.7/site-packages/airflow/example_dags/subdags/subdag.py for tasks to queue
[2026-09-30T20:15:00.115+0000] {logging_mixin.py:137} INFO - [2026-09-30T20:15:00.115+0000] {dagbag.py:538} INFO - Filling up the DagBag from /home/airflow/.local/lib/python3.7/site-packages/airflow/example_dags/subdags/subdag.py
[2026-09-30T20:15:00.119+0000] {processor.py:755} WARNING - No viable dags retrieved from /home/airflow/.local/lib/python3.7/site-packages/airflow/example_dags/subdags/subdag.py
[2026-09-30T20:15:00.134+0000] {processor.py:175} INFO - Processing /home/airflow/.local/lib/python3.7/site-packages/airflow/example_dags/subdags/subdag.py took 0.025 seconds
[2026-09-30T20:15:30.537+0000] {processor.py:153} INFO - Started process (PID=10915) to work on /home/airflow/.local/lib/python3.7/site-packages/airflow/example_dags/subdags/subdag.py
[2026-09-30T20:15:30.538+0000] {processor.py:743} INFO - Processing file /home/airflow/.local/lib/python3.7/site-packages/airflow/example_dags/subdags/subdag.py for tasks to queue
[2026-09-30T20:15:30.538+0000] {logging_mixin.py:137} INFO - [2026-09-30T20:15:30.538+0000] {dagbag.py:538} INFO - Filling up the DagBag from /home/airflow/.local/lib/python3.7/site-packages/airflow/example_dags/subdags/subdag.py
[2026-09-30T20:15:30.543+0000] {processor.py:755} WARNING - No viable dags retrieved from /home/airflow/.local/lib/python3.7/site-packages/airflow/example_dags/subdags/subdag.py
[2026-09-30T20:15:30.559+0000] {processor.py:175} INFO - Processing /home/airflow/.local/lib/python3.7/site-packages/airflow/example_dags/subdags/subdag.py took 0.026 seconds
[2026-09-30T20:16:00.944+0000] {processor.py:153} INFO - Started process (PID=10994) to work on /home/airflow/.local/lib/python3.7/site-packages/airflow/example_dags/subdags/subdag.py
[2026-09-30T20:16:00.944+0000] {processor.py:743} INFO - Processing file /home/airflow/.local/lib/python3.7/site-packages/airflow/example_dags/subdags/subdag.py for tasks to queue
[2026-09-30T20:16:00.945+0000] {logging_mixin.py:137} INFO - [2026-09-30T20:16:00.945+0000] {dagbag.py:538} INFO - Filling up the DagBag from /home/airflow/.local/lib/python3.7/site-packages/airflow/example_dags/subdags/subdag.py
[2026-09-30T20:16:00.950+0000] {processor.py:755} WARNING - No viable dags retrieved from /home/airflow/.local/lib/python3.7/site-packages/airflow/example_dags/subdags/subdag.py
[2026-09-30T20:16:00.966+0000] {processor.py:175} INFO - Processing /home/airflow/.local/lib/python3.7/site-packages/airflow/example_dags/subdags/subdag.py took 0.026 seconds
[2026-09-30T20:16:31.992+0000] {processor.py:153} INFO - Started process (PID=11093) to work on /home/airflow/.local/lib/python3.7/site-packages/airflow/example_dags/subdags/subdag.py
[2026-09-30T20:16:31.993+0000] {processor.py:743} INFO - Processing file /home/airflow/.local/lib/python3.7/site-packages/airflow/example_dags/subdags/subdag.py for tasks to queue
[2026-09-30T20:16:31.994+0000] {logging_mixin.py:137} INFO - [2026-09-30T20:16:31.994+0000] {dagbag.py:538} INFO - Filling up the DagBag from /home/airflow/.local/lib/python3.7/site-packages/airflow/example_dags/subdags/subdag.py
[2026-09-30T20:16:31.998+0000] {processor.py:755} WARNING - No viable dags retrieved from /home/airflow/.local/lib/python3.7/site-packages/airflow/example_dags/subdags/subdag.py
[2026-09-30T20:16:32.014+0000] {processor.py:175} INFO - Processing /home/airflow/.local/lib/python3.7/site-packages/airflow/example_dags/subdags/subdag.py took 0.026 seconds
[2026-09-30T20:17:02.603+0000] {processor.py:153} INFO - Started process (PID=11172) to work on /home/airflow/.local/lib/python3.7/site-packages/airflow/example_dags/subdags/subdag.py
[2026-09-30T20:17:02.605+0000] {processor.py:743} INFO - Processing file /home/airflow/.local/lib/python3.7/site-packages/airflow/example_dags/subdags/subdag.py for tasks to queue
[2026-09-30T20:17:02.606+0000] {logging_mixin.py:137} INFO - [2026-09-30T20:17:02.606+0000] {dagbag.py:538} INFO - Filling up the DagBag from /home/airflow/.local/lib/python3.7/site-packages/airflow/example_dags/subdags/subdag.py
[2026-09-30T20:17:02.612+0000] {processor.py:755} WARNING - No viable dags retrieved from /home/airflow/.local/lib/python3.7/site-packages/airflow/example_dags/subdags/subdag.py
[2026-09-30T20:17:02.636+0000] {processor.py:175} INFO - Processing /home/airflow/.local/lib/python3.7/site-packages/airflow/example_dags/subdags/subdag.py took 0.037 seconds
[2026-09-30T20:17:33.303+0000] {processor.py:153} INFO - Started process (PID=11251) to work on /home/airflow/.local/lib/python3.7/site-packages/airflow/example_dags/subdags/subdag.py
[2026-09-30T20:17:33.304+0000] {processor.py:743} INFO - Processing file /home/airflow/.local/lib/python3.7/site-packages/airflow/example_dags/subdags/subdag.py for tasks to queue
[2026-09-30T20:17:33.305+0000] {logging_mixin.py:137} INFO - [2026-09-30T20:17:33.304+0000] {dagbag.py:538} INFO - Filling up the DagBag from /home/airflow/.local/lib/python3.7/site-packages/airflow/example_dags/subdags/subdag.py
[2026-09-30T20:17:33.309+0000] {processor.py:755} WARNING - No viable dags retrieved from /home/airflow/.local/lib/python3.7/site-packages/airflow/example_dags/subdags/subdag.py
[2026-09-30T20:17:33.325+0000] {processor.py:175} INFO - Processing /home/airflow/.local/lib/python3.7/site-packages/airflow/example_dags/subdags/subdag.py took 0.026 seconds
[2026-09-30T20:18:03.617+0000] {processor.py:153} INFO - Started process (PID=11330) to work on /home/airflow/.local/lib/python3.7/site-packages/airflow/example_dags/subdags/subdag.py
[2026-09-30T20:18:03.618+0000] {processor.py:743} INFO - Processing file /home/airflow/.local/lib/python3.7/site-packages/airflow/example_dags/subdags/subdag.py for tasks to queue
[2026-09-30T20:18:03.620+0000] {logging_mixin.py:137} INFO - [2026-09-30T20:18:03.619+0000] {dagbag.py:538} INFO - Filling up the DagBag from /home/airflow/.local/lib/python3.7/site-packages/airflow/example_dags/subdags/subdag.py
[2026-09-30T20:18:03.626+0000] {processor.py:755} WARNING - No viable dags retrieved from /home/airflow/.local/lib/python3.7/site-packages/airflow/example_dags/subdags/subdag.py
[2026-09-30T20:18:03.650+0000] {processor.py:175} INFO - Processing /home/airflow/.local/lib/python3.7/site-packages/airflow/example_dags/subdags/subdag.py took 0.037 seconds
[2026-09-30T20:18:34.468+0000] {processor.py:153} INFO - Started process (PID=11429) to work on /home/airflow/.local/lib/python3.7/site-packages/airflow/example_dags/subdags/subdag.py
[2026-09-30T20:18:34.470+0000] {processor.py:743} INFO - Processing file /home/airflow/.local/lib/python3.7/site-packages/airflow/example_dags/subdags/subdag.py for tasks to queue
[2026-09-30T20:18:34.470+0000] {logging_mixin.py:137} INFO - [2026-09-30T20:18:34.470+0000] {dagbag.py:538} INFO - Filling up the DagBag from /home/airflow/.local/lib/python3.7/site-packages/airflow/example_dags/subdags/subdag.py
[2026-09-30T20:18:34.474+0000] {processor.py:755} WARNING - No viable dags retrieved from /home/airflow/.local/lib/python3.7/site-packages/airflow/example_dags/subdags/subdag.py
[2026-09-30T20:18:34.487+0000] {processor.py:175} INFO - Processing /home/airflow/.local/lib/python3.7/site-packages/airflow/example_dags/subdags/subdag.py took 0.022 seconds
[2026-09-30T20:19:05.064+0000] {processor.py:153} INFO - Started process (PID=11508) to work on /home/airflow/.local/lib/python3.7/site-packages/airflow/example_dags/subdags/subdag.py
[2026-09-30T20:19:05.065+0000] {processor.py:743} INFO - Processing file /home/airflow/.local/lib/python3.7/site-packages/airflow/example_dags/subdags/subdag.py for tasks to queue
[2026-09-30T20:19:05.066+0000] {logging_mixin.py:137} INFO - [2026-09-30T20:19:05.066+0000] {dagbag.py:538} INFO - Filling up the DagBag from /home/airflow/.local/lib/python3.7/site-packages/airflow/example_dags/subdags/subdag.py
[2026-09-30T20:19:05.073+0000] {processor.py:755} WARNING - No viable dags retrieved from /home/airflow/.local/lib/python3.7/site-packages/airflow/example_dags/subdags/subdag.py
[2026-09-30T20:19:05.095+0000] {processor.py:175} INFO - Processing /home/airflow/.local/lib/python3.7/site-packages/airflow/example_dags/subdags/subdag.py took 0.037 seconds
[2026-09-30T20:19:35.527+0000] {processor.py:153} INFO - Started process (PID=11587) to work on /home/airflow/.local/lib/python3.7/site-packages/airflow/example_dags/subdags/subdag.py
[2026-09-30T20:19:35.529+0000] {processor.py:743} INFO - Processing file /home/airflow/.local/lib/python3.7/site-packages/airflow/example_dags/subdags/subdag.py for tasks to queue
[2026-09-30T20:19:35.529+0000] {logging_mixin.py:137} INFO - [2026-09-30T20:19:35.529+0000] {dagbag.py:538} INFO - Filling up the DagBag from /home/airflow/.local/lib/python3.7/site-packages/airflow/example_dags/subdags/subdag.py
[2026-09-30T20:19:35.534+0000] {processor.py:755} WARNING - No viable dags retrieved from /home/airflow/.local/lib/python3.7/site-packages/airflow/example_dags/subdags/subdag.py
[2026-09-30T20:19:35.552+0000] {processor.py:175} INFO - Processing /home/airflow/.local/lib/python3.7/site-packages/airflow/example_dags/subdags/subdag.py took 0.029 seconds
[2026-09-30T20:20:06.339+0000] {processor.py:153} INFO - Started process (PID=11675) to work on /home/airflow/.local/lib/python3.7/site-packages/airflow/example_dags/subdags/subdag.py
[2026-09-30T20:20:06.340+0000] {processor.py:743} INFO - Processing file /home/airflow/.local/lib/python3.7/site-packages/airflow/example_dags/subdags/subdag.py for tasks to queue
[2026-09-30T20:20:06.341+0000] {logging_mixin.py:137} INFO - [2026-09-30T20:20:06.341+0000] {dagbag.py:538} INFO - Filling up the DagBag from /home/airflow/.local/lib/python3.7/site-packages/airflow/example_dags/subdags/subdag.py
[2026-09-30T20:20:06.346+0000] {processor.py:755} WARNING - No viable dags retrieved from /home/airflow/.local/lib/python3.7/site-packages/airflow/example_dags/subdags/subdag.py
[2026-09-30T20:20:06.361+0000] {processor.py:175} INFO - Processing /home/airflow/.local/lib/python3.7/site-packages/airflow/example_dags/subdags/subdag.py took 0.026 seconds
[2026-09-30T20:20:36.597+0000] {processor.py:153} INFO - Started process (PID=11765) to work on /home/airflow/.local/lib/python3.7/site-packages/airflow/example_dags/subdags/subdag.py
[2026-09-30T20:20:36.598+0000] {processor.py:743} INFO - Processing file /home/airflow/.local/lib/python3.7/site-packages/airflow/example_dags/subdags/subdag.py for tasks to queue
[2026-09-30T20:20:36.599+0000] {logging_mixin.py:137} INFO - [2026-09-30T20:20:36.599+0000] {dagbag.py:538} INFO - Filling up the DagBag from /home/airflow/.local/lib/python3.7/site-packages/airflow/example_dags/subdags/subdag.py
[2026-09-30T20:20:36.603+0000] {processor.py:755} WARNING - No viable dags retrieved from /home/airflow/.local/lib/python3.7/site-packages/airflow/example_dags/subdags/subdag.py
[2026-09-30T20:20:36.618+0000] {processor.py:175} INFO - Processing /home/airflow/.local/lib/python3.7/site-packages/airflow/example_dags/subdags/subdag.py took 0.024 seconds
[2026-09-30T20:21:06.970+0000] {processor.py:153} INFO - Started process (PID=11844) to work on /home/airflow/.local/lib/python3.7/site-packages/airflow/example_dags/subdags/subdag.py
[2026-09-30T20:21:06.971+0000] {processor.py:743} INFO - Processing file /home/airflow/.local/lib/python3.7/site-packages/airflow/example_dags/subdags/subdag.py for tasks to queue
[2026-09-30T20:21:06.973+0000] {logging_mixin.py:137} INFO - [2026-09-30T20:21:06.972+0000] {dagbag.py:538} INFO - Filling up the DagBag from /home/airflow/.local/lib/python3.7/site-packages/airflow/example_dags/subdags/subdag.py
[2026-09-30T20:21:06.977+0000] {processor.py:755} WARNING - No viable dags retrieved from /home/airflow/.local/lib/python3.7/site-packages/airflow/example_dags/subdags/subdag.py
[2026-09-30T20:21:06.992+0000] {processor.py:175} INFO - Processing /home/airflow/.local/lib/python3.7/site-packages/airflow/example_dags/subdags/subdag.py took 0.027 seconds
[2026-09-30T20:21:38.241+0000] {processor.py:153} INFO - Started process (PID=11923) to work on /home/airflow/.local/lib/python3.7/site-packages/airflow/example_dags/subdags/subdag.py
[2026-09-30T20:21:38.242+0000] {processor.py:743} INFO - Processing file /home/airflow/.local/lib/python3.7/site-packages/airflow/example_dags/subdags/subdag.py for tasks to queue
[2026-09-30T20:21:38.243+0000] {logging_mixin.py:137} INFO - [2026-09-30T20:21:38.243+0000] {dagbag.py:538} INFO - Filling up the DagBag from /home/airflow/.local/lib/python3.7/site-packages/airflow/example_dags/subdags/subdag.py
[2026-09-30T20:21:38.247+0000] {processor.py:755} WARNING - No viable dags retrieved from /home/airflow/.local/lib/python3.7/site-packages/airflow/example_dags/subdags/subdag.py
[2026-09-30T20:21:38.262+0000] {processor.py:175} INFO - Processing /home/airflow/.local/lib/python3.7/site-packages/airflow/example_dags/subdags/subdag.py took 0.025 seconds
[2026-09-30T20:22:08.518+0000] {processor.py:153} INFO - Started process (PID=12022) to work on /home/airflow/.local/lib/python3.7/site-packages/airflow/example_dags/subdags/subdag.py
[2026-09-30T20:22:08.519+0000] {processor.py:743} INFO - Processing file /home/airflow/.local/lib/python3.7/site-packages/airflow/example_dags/subdags/subdag.py for tasks to queue
[2026-09-30T20:22:08.520+0000] {logging_mixin.py:137} INFO - [2026-09-30T20:22:08.519+0000] {dagbag.py:538} INFO - Filling up the DagBag from /home/airflow/.local/lib/python3.7/site-packages/airflow/example_dags/subdags/subdag.py
[2026-09-30T20:22:08.523+0000] {processor.py:755} WARNING - No viable dags retrieved from /home/airflow/.local/lib/python3.7/site-packages/airflow/example_dags/subdags/subdag.py
[2026-09-30T20:22:08.538+0000] {processor.py:175} INFO - Processing /home/airflow/.local/lib/python3.7/site-packages/airflow/example_dags/subdags/subdag.py took 0.023 seconds
[2026-09-30T20:22:39.389+0000] {processor.py:153} INFO - Started process (PID=12101) to work on /home/airflow/.local/lib/python3.7/site-packages/airflow/example_dags/subdags/subdag.py
[2026-09-30T20:22:39.390+0000] {processor.py:743} INFO - Processing file /home/airflow/.local/lib/python3.7/site-packages/airflow/example_dags/subdags/subdag.py for tasks to queue
[2026-09-30T20:22:39.391+0000] {logging_mixin.py:137} INFO - [2026-09-30T20:22:39.390+0000] {dagbag.py:538} INFO - Filling up the DagBag from /home/airflow/.local/lib/python3.7/site-packages/airflow/example_dags/subdags/subdag.py
[2026-09-30T20:22:39.396+0000] {processor.py:755} WARNING - No viable dags retrieved from /home/airflow/.local/lib/python3.7/site-packages/airflow/example_dags/subdags/subdag.py
[2026-09-30T20:22:39.413+0000] {processor.py:175} INFO - Processing /home/airflow/.local/lib/python3.7/site-packages/airflow/example_dags/subdags/subdag.py took 0.028 seconds
[2026-09-30T20:23:10.341+0000] {processor.py:153} INFO - Started process (PID=12180) to work on /home/airflow/.local/lib/python3.7/site-packages/airflow/example_dags/subdags/subdag.py
[2026-09-30T20:23:10.342+0000] {processor.py:743} INFO - Processing file /home/airflow/.local/lib/python3.7/site-packages/airflow/example_dags/subdags/subdag.py for tasks to queue
[2026-09-30T20:23:10.343+0000] {logging_mixin.py:137} INFO - [2026-09-30T20:23:10.343+0000] {dagbag.py:538} INFO - Filling up the DagBag from /home/airflow/.local/lib/python3.7/site-packages/airflow/example_dags/subdags/subdag.py
[2026-09-30T20:23:10.350+0000] {processor.py:755} WARNING - No viable dags retrieved from /home/airflow/.local/lib/python3.7/site-packages/airflow/example_dags/subdags/subdag.py
[2026-09-30T20:23:10.375+0000] {processor.py:175} INFO - Processing /home/airflow/.local/lib/python3.7/site-packages/airflow/example_dags/subdags/subdag.py took 0.041 seconds
[2026-09-30T20:23:40.994+0000] {processor.py:153} INFO - Started process (PID=12266) to work on /home/airflow/.local/lib/python3.7/site-packages/airflow/example_dags/subdags/subdag.py
[2026-09-30T20:23:40.995+0000] {processor.py:743} INFO - Processing file /home/airflow/.local/lib/python3.7/site-packages/airflow/example_dags/subdags/subdag.py for tasks to queue
[2026-09-30T20:23:40.996+0000] {logging_mixin.py:137} INFO - [2026-09-30T20:23:40.996+0000] {dagbag.py:538} INFO - Filling up the DagBag from /home/airflow/.local/lib/python3.7/site-packages/airflow/example_dags/subdags/subdag.py
[2026-09-30T20:23:41.001+0000] {processor.py:755} WARNING - No viable dags retrieved from /home/airflow/.local/lib/python3.7/site-packages/airflow/example_dags/subdags/subdag.py
[2026-09-30T20:23:41.017+0000] {processor.py:175} INFO - Processing /home/airflow/.local/lib/python3.7/site-packages/airflow/example_dags/subdags/subdag.py took 0.027 seconds
[2026-09-30T20:24:12.208+0000] {processor.py:153} INFO - Started process (PID=12358) to work on /home/airflow/.local/lib/python3.7/site-packages/airflow/example_dags/subdags/subdag.py
[2026-09-30T20:24:12.209+0000] {processor.py:743} INFO - Processing file /home/airflow/.local/lib/python3.7/site-packages/airflow/example_dags/subdags/subdag.py for tasks to queue
[2026-09-30T20:24:12.209+0000] {logging_mixin.py:137} INFO - [2026-09-30T20:24:12.209+0000] {dagbag.py:538} INFO - Filling up the DagBag from /home/airflow/.local/lib/python3.7/site-packages/airflow/example_dags/subdags/subdag.py
[2026-09-30T20:24:12.214+0000] {processor.py:755} WARNING - No viable dags retrieved from /home/airflow/.local/lib/python3.7/site-packages/airflow/example_dags/subdags/subdag.py
[2026-09-30T20:24:12.230+0000] {processor.py:175} INFO - Processing /home/airflow/.local/lib/python3.7/site-packages/airflow/example_dags/subdags/subdag.py took 0.026 seconds
[2026-09-30T20:24:43.062+0000] {processor.py:153} INFO - Started process (PID=12437) to work on /home/airflow/.local/lib/python3.7/site-packages/airflow/example_dags/subdags/subdag.py
[2026-09-30T20:24:43.063+0000] {processor.py:743} INFO - Processing file /home/airflow/.local/lib/python3.7/site-packages/airflow/example_dags/subdags/subdag.py for tasks to queue
[2026-09-30T20:24:43.064+0000] {logging_mixin.py:137} INFO - [2026-09-30T20:24:43.064+0000] {dagbag.py:538} INFO - Filling up the DagBag from /home/airflow/.local/lib/python3.7/site-packages/airflow/example_dags/subdags/subdag.py
[2026-09-30T20:24:43.069+0000] {processor.py:755} WARNING - No viable dags retrieved from /home/airflow/.local/lib/python3.7/site-packages/airflow/example_dags/subdags/subdag.py
[2026-09-30T20:24:43.084+0000] {processor.py:175} INFO - Processing /home/airflow/.local/lib/python3.7/site-packages/airflow/example_dags/subdags/subdag.py took 0.026 seconds
[2026-09-30T20:25:13.787+0000] {processor.py:153} INFO - Started process (PID=12516) to work on /home/airflow/.local/lib/python3.7/site-packages/airflow/example_dags/subdags/subdag.py
[2026-09-30T20:25:13.789+0000] {processor.py:743} INFO - Processing file /home/airflow/.local/lib/python3.7/site-packages/airflow/example_dags/subdags/subdag.py for tasks to queue
[2026-09-30T20:25:13.790+0000] {logging_mixin.py:137} INFO - [2026-09-30T20:25:13.790+0000] {dagbag.py:538} INFO - Filling up the DagBag from /home/airflow/.local/lib/python3.7/site-packages/airflow/example_dags/subdags/subdag.py
[2026-09-30T20:25:13.796+0000] {processor.py:755} WARNING - No viable dags retrieved from /home/airflow/.local/lib/python3.7/site-packages/airflow/example_dags/subdags/subdag.py
[2026-09-30T20:25:13.821+0000] {processor.py:175} INFO - Processing /home/airflow/.local/lib/python3.7/site-packages/airflow/example_dags/subdags/subdag.py took 0.039 seconds
[2026-09-30T20:25:44.421+0000] {processor.py:153} INFO - Started process (PID=12595) to work on /home/airflow/.local/lib/python3.7/site-packages/airflow/example_dags/subdags/subdag.py
[2026-09-30T20:25:44.422+0000] {processor.py:743} INFO - Processing file /home/airflow/.local/lib/python3.7/site-packages/airflow/example_dags/subdags/subdag.py for tasks to queue
[2026-09-30T20:25:44.423+0000] {logging_mixin.py:137} INFO - [2026-09-30T20:25:44.423+0000] {dagbag.py:538} INFO - Filling up the DagBag from /home/airflow/.local/lib/python3.7/site-packages/airflow/example_dags/subdags/subdag.py
[2026-09-30T20:25:44.429+0000] {processor.py:755} WARNING - No viable dags retrieved from /home/airflow/.local/lib/python3.7/site-packages/airflow/example_dags/subdags/subdag.py
[2026-09-30T20:25:44.446+0000] {processor.py:175} INFO - Processing /home/airflow/.local/lib/python3.7/site-packages/airflow/example_dags/subdags/subdag.py took 0.030 seconds
[2026-09-30T20:26:15.222+0000] {processor.py:153} INFO - Started process (PID=12694) to work on /home/airflow/.local/lib/python3.7/site-packages/airflow/example_dags/subdags/subdag.py
[2026-09-30T20:26:15.222+0000] {processor.py:743} INFO - Processing file /home/airflow/.local/lib/python3.7/site-packages/airflow/example_dags/subdags/subdag.py for tasks to queue
[2026-09-30T20:26:15.223+0000] {logging_mixin.py:137} INFO - [2026-09-30T20:26:15.223+0000] {dagbag.py:538} INFO - Filling up the DagBag from /home/airflow/.local/lib/python3.7/site-packages/airflow/example_dags/subdags/subdag.py
[2026-09-30T20:26:15.228+0000] {processor.py:755} WARNING - No viable dags retrieved from /home/airflow/.local/lib/python3.7/site-packages/airflow/example_dags/subdags/subdag.py
[2026-09-30T20:26:15.248+0000] {processor.py:175} INFO - Processing /home/airflow/.local/lib/python3.7/site-packages/airflow/example_dags/subdags/subdag.py took 0.030 seconds
[2026-09-30T20:26:45.576+0000] {processor.py:153} INFO - Started process (PID=12773) to work on /home/airflow/.local/lib/python3.7/site-packages/airflow/example_dags/subdags/subdag.py
[2026-09-30T20:26:45.577+0000] {processor.py:743} INFO - Processing file /home/airflow/.local/lib/python3.7/site-packages/airflow/example_dags/subdags/subdag.py for tasks to queue
[2026-09-30T20:26:45.578+0000] {logging_mixin.py:137} INFO - [2026-09-30T20:26:45.578+0000] {dagbag.py:538} INFO - Filling up the DagBag from /home/airflow/.local/lib/python3.7/site-packages/airflow/example_dags/subdags/subdag.py
[2026-09-30T20:26:45.582+0000] {processor.py:755} WARNING - No viable dags retrieved from /home/airflow/.local/lib/python3.7/site-packages/airflow/example_dags/subdags/subdag.py
[2026-09-30T20:26:45.600+0000] {processor.py:175} INFO - Processing /home/airflow/.local/lib/python3.7/site-packages/airflow/example_dags/subdags/subdag.py took 0.029 seconds
[2026-09-30T20:27:15.946+0000] {processor.py:153} INFO - Started process (PID=12852) to work on /home/airflow/.local/lib/python3.7/site-packages/airflow/example_dags/subdags/subdag.py
[2026-09-30T20:27:15.948+0000] {processor.py:743} INFO - Processing file /home/airflow/.local/lib/python3.7/site-packages/airflow/example_dags/subdags/subdag.py for tasks to queue
[2026-09-30T20:27:15.949+0000] {logging_mixin.py:137} INFO - [2026-09-30T20:27:15.948+0000] {dagbag.py:538} INFO - Filling up the DagBag from /home/airflow/.local/lib/python3.7/site-packages/airflow/example_dags/subdags/subdag.py
[2026-09-30T20:27:15.955+0000] {processor.py:755} WARNING - No viable dags retrieved from /home/airflow/.local/lib/python3.7/site-packages/airflow/example_dags/subdags/subdag.py
[2026-09-30T20:27:15.973+0000] {processor.py:175} INFO - Processing /home/airflow/.local/lib/python3.7/site-packages/airflow/example_dags/subdags/subdag.py took 0.033 seconds
[2026-09-30T20:27:46.215+0000] {processor.py:153} INFO - Started process (PID=12951) to work on /home/airflow/.local/lib/python3.7/site-packages/airflow/example_dags/subdags/subdag.py
[2026-09-30T20:27:46.217+0000] {processor.py:743} INFO - Processing file /home/airflow/.local/lib/python3.7/site-packages/airflow/example_dags/subdags/subdag.py for tasks to queue
[2026-09-30T20:27:46.218+0000] {logging_mixin.py:137} INFO - [2026-09-30T20:27:46.217+0000] {dagbag.py:538} INFO - Filling up the DagBag from /home/airflow/.local/lib/python3.7/site-packages/airflow/example_dags/subdags/subdag.py
[2026-09-30T20:27:46.224+0000] {processor.py:755} WARNING - No viable dags retrieved from /home/airflow/.local/lib/python3.7/site-packages/airflow/example_dags/subdags/subdag.py
[2026-09-30T20:27:46.241+0000] {processor.py:175} INFO - Processing /home/airflow/.local/lib/python3.7/site-packages/airflow/example_dags/subdags/subdag.py took 0.031 seconds
[2026-09-30T20:28:16.514+0000] {processor.py:153} INFO - Started process (PID=13029) to work on /home/airflow/.local/lib/python3.7/site-packages/airflow/example_dags/subdags/subdag.py
[2026-09-30T20:28:16.515+0000] {processor.py:743} INFO - Processing file /home/airflow/.local/lib/python3.7/site-packages/airflow/example_dags/subdags/subdag.py for tasks to queue
[2026-09-30T20:28:16.516+0000] {logging_mixin.py:137} INFO - [2026-09-30T20:28:16.516+0000] {dagbag.py:538} INFO - Filling up the DagBag from /home/airflow/.local/lib/python3.7/site-packages/airflow/example_dags/subdags/subdag.py
[2026-09-30T20:28:16.524+0000] {processor.py:755} WARNING - No viable dags retrieved from /home/airflow/.local/lib/python3.7/site-packages/airflow/example_dags/subdags/subdag.py
[2026-09-30T20:28:16.544+0000] {processor.py:175} INFO - Processing /home/airflow/.local/lib/python3.7/site-packages/airflow/example_dags/subdags/subdag.py took 0.035 seconds
[2026-09-30T20:28:47.466+0000] {processor.py:153} INFO - Started process (PID=13109) to work on /home/airflow/.local/lib/python3.7/site-packages/airflow/example_dags/subdags/subdag.py
[2026-09-30T20:28:47.467+0000] {processor.py:743} INFO - Processing file /home/airflow/.local/lib/python3.7/site-packages/airflow/example_dags/subdags/subdag.py for tasks to queue
[2026-09-30T20:28:47.468+0000] {logging_mixin.py:137} INFO - [2026-09-30T20:28:47.468+0000] {dagbag.py:538} INFO - Filling up the DagBag from /home/airflow/.local/lib/python3.7/site-packages/airflow/example_dags/subdags/subdag.py
[2026-09-30T20:28:47.472+0000] {processor.py:755} WARNING - No viable dags retrieved from /home/airflow/.local/lib/python3.7/site-packages/airflow/example_dags/subdags/subdag.py
[2026-09-30T20:28:47.487+0000] {processor.py:175} INFO - Processing /home/airflow/.local/lib/python3.7/site-packages/airflow/example_dags/subdags/subdag.py took 0.027 seconds
[2026-09-30T20:29:17.878+0000] {processor.py:153} INFO - Started process (PID=13188) to work on /home/airflow/.local/lib/python3.7/site-packages/airflow/example_dags/subdags/subdag.py
[2026-09-30T20:29:17.879+0000] {processor.py:743} INFO - Processing file /home/airflow/.local/lib/python3.7/site-packages/airflow/example_dags/subdags/subdag.py for tasks to queue
[2026-09-30T20:29:17.880+0000] {logging_mixin.py:137} INFO - [2026-09-30T20:29:17.880+0000] {dagbag.py:538} INFO - Filling up the DagBag from /home/airflow/.local/lib/python3.7/site-packages/airflow/example_dags/subdags/subdag.py
[2026-09-30T20:29:17.885+0000] {processor.py:755} WARNING - No viable dags retrieved from /home/airflow/.local/lib/python3.7/site-packages/airflow/example_dags/subdags/subdag.py
[2026-09-30T20:29:17.902+0000] {processor.py:175} INFO - Processing /home/airflow/.local/lib/python3.7/site-packages/airflow/example_dags/subdags/subdag.py took 0.028 seconds
[2026-09-30T20:29:48.847+0000] {processor.py:153} INFO - Started process (PID=13276) to work on /home/airflow/.local/lib/python3.7/site-packages/airflow/example_dags/subdags/subdag.py
[2026-09-30T20:29:48.848+0000] {processor.py:743} INFO - Processing file /home/airflow/.local/lib/python3.7/site-packages/airflow/example_dags/subdags/subdag.py for tasks to queue
[2026-09-30T20:29:48.849+0000] {logging_mixin.py:137} INFO - [2026-09-30T20:29:48.849+0000] {dagbag.py:538} INFO - Filling up the DagBag from /home/airflow/.local/lib/python3.7/site-packages/airflow/example_dags/subdags/subdag.py
[2026-09-30T20:29:48.854+0000] {processor.py:755} WARNING - No viable dags retrieved from /home/airflow/.local/lib/python3.7/site-packages/airflow/example_dags/subdags/subdag.py
[2026-09-30T20:29:48.870+0000] {processor.py:175} INFO - Processing /home/airflow/.local/lib/python3.7/site-packages/airflow/example_dags/subdags/subdag.py took 0.027 seconds
[2026-09-30T20:30:19.203+0000] {processor.py:153} INFO - Started process (PID=13366) to work on /home/airflow/.local/lib/python3.7/site-packages/airflow/example_dags/subdags/subdag.py
[2026-09-30T20:30:19.204+0000] {processor.py:743} INFO - Processing file /home/airflow/.local/lib/python3.7/site-packages/airflow/example_dags/subdags/subdag.py for tasks to queue
[2026-09-30T20:30:19.204+0000] {logging_mixin.py:137} INFO - [2026-09-30T20:30:19.204+0000] {dagbag.py:538} INFO - Filling up the DagBag from /home/airflow/.local/lib/python3.7/site-packages/airflow/example_dags/subdags/subdag.py
[2026-09-30T20:30:19.210+0000] {processor.py:755} WARNING - No viable dags retrieved from /home/airflow/.local/lib/python3.7/site-packages/airflow/example_dags/subdags/subdag.py
[2026-09-30T20:30:19.233+0000] {processor.py:175} INFO - Processing /home/airflow/.local/lib/python3.7/site-packages/airflow/example_dags/subdags/subdag.py took 0.034 seconds
[2026-09-30T20:30:49.509+0000] {processor.py:153} INFO - Started process (PID=13445) to work on /home/airflow/.local/lib/python3.7/site-packages/airflow/example_dags/subdags/subdag.py
[2026-09-30T20:30:49.511+0000] {processor.py:743} INFO - Processing file /home/airflow/.local/lib/python3.7/site-packages/airflow/example_dags/subdags/subdag.py for tasks to queue
[2026-09-30T20:30:49.511+0000] {logging_mixin.py:137} INFO - [2026-09-30T20:30:49.511+0000] {dagbag.py:538} INFO - Filling up the DagBag from /home/airflow/.local/lib/python3.7/site-packages/airflow/example_dags/subdags/subdag.py
[2026-09-30T20:30:49.517+0000] {processor.py:755} WARNING - No viable dags retrieved from /home/airflow/.local/lib/python3.7/site-packages/airflow/example_dags/subdags/subdag.py
[2026-09-30T20:30:49.538+0000] {processor.py:175} INFO - Processing /home/airflow/.local/lib/python3.7/site-packages/airflow/example_dags/subdags/subdag.py took 0.033 seconds
[2026-09-30T20:31:19.777+0000] {processor.py:153} INFO - Started process (PID=13524) to work on /home/airflow/.local/lib/python3.7/site-packages/airflow/example_dags/subdags/subdag.py
[2026-09-30T20:31:19.778+0000] {processor.py:743} INFO - Processing file /home/airflow/.local/lib/python3.7/site-packages/airflow/example_dags/subdags/subdag.py for tasks to queue
[2026-09-30T20:31:19.780+0000] {logging_mixin.py:137} INFO - [2026-09-30T20:31:19.779+0000] {dagbag.py:538} INFO - Filling up the DagBag from /home/airflow/.local/lib/python3.7/site-packages/airflow/example_dags/subdags/subdag.py
[2026-09-30T20:31:19.785+0000] {processor.py:755} WARNING - No viable dags retrieved from /home/airflow/.local/lib/python3.7/site-packages/airflow/example_dags/subdags/subdag.py
[2026-09-30T20:31:19.808+0000] {processor.py:175} INFO - Processing /home/airflow/.local/lib/python3.7/site-packages/airflow/example_dags/subdags/subdag.py took 0.037 seconds
[2026-09-30T20:31:50.947+0000] {processor.py:153} INFO - Started process (PID=13603) to work on /home/airflow/.local/lib/python3.7/site-packages/airflow/example_dags/subdags/subdag.py
[2026-09-30T20:31:50.948+0000] {processor.py:743} INFO - Processing file /home/airflow/.local/lib/python3.7/site-packages/airflow/example_dags/subdags/subdag.py for tasks to queue
[2026-09-30T20:31:50.948+0000] {logging_mixin.py:137} INFO - [2026-09-30T20:31:50.948+0000] {dagbag.py:538} INFO - Filling up the DagBag from /home/airflow/.local/lib/python3.7/site-packages/airflow/example_dags/subdags/subdag.py
[2026-09-30T20:31:50.952+0000] {processor.py:755} WARNING - No viable dags retrieved from /home/airflow/.local/lib/python3.7/site-packages/airflow/example_dags/subdags/subdag.py
[2026-09-30T20:31:50.969+0000] {processor.py:175} INFO - Processing /home/airflow/.local/lib/python3.7/site-packages/airflow/example_dags/subdags/subdag.py took 0.026 seconds
[2026-09-30T20:32:21.480+0000] {processor.py:153} INFO - Started process (PID=13702) to work on /home/airflow/.local/lib/python3.7/site-packages/airflow/example_dags/subdags/subdag.py
[2026-09-30T20:32:21.481+0000] {processor.py:743} INFO - Processing file /home/airflow/.local/lib/python3.7/site-packages/airflow/example_dags/subdags/subdag.py for tasks to queue
[2026-09-30T20:32:21.482+0000] {logging_mixin.py:137} INFO - [2026-09-30T20:32:21.481+0000] {dagbag.py:538} INFO - Filling up the DagBag from /home/airflow/.local/lib/python3.7/site-packages/airflow/example_dags/subdags/subdag.py
[2026-09-30T20:32:21.485+0000] {processor.py:755} WARNING - No viable dags retrieved from /home/airflow/.local/lib/python3.7/site-packages/airflow/example_dags/subdags/subdag.py
[2026-09-30T20:32:21.498+0000] {processor.py:175} INFO - Processing /home/airflow/.local/lib/python3.7/site-packages/airflow/example_dags/subdags/subdag.py took 0.021 seconds
[2026-09-30T20:32:52.502+0000] {processor.py:153} INFO - Started process (PID=13781) to work on /home/airflow/.local/lib/python3.7/site-packages/airflow/example_dags/subdags/subdag.py
[2026-09-30T20:32:52.503+0000] {processor.py:743} INFO - Processing file /home/airflow/.local/lib/python3.7/site-packages/airflow/example_dags/subdags/subdag.py for tasks to queue
[2026-09-30T20:32:52.504+0000] {logging_mixin.py:137} INFO - [2026-09-30T20:32:52.504+0000] {dagbag.py:538} INFO - Filling up the DagBag from /home/airflow/.local/lib/python3.7/site-packages/airflow/example_dags/subdags/subdag.py
[2026-09-30T20:32:52.508+0000] {processor.py:755} WARNING - No viable dags retrieved from /home/airflow/.local/lib/python3.7/site-packages/airflow/example_dags/subdags/subdag.py
[2026-09-30T20:32:52.532+0000] {processor.py:175} INFO - Processing /home/airflow/.local/lib/python3.7/site-packages/airflow/example_dags/subdags/subdag.py took 0.036 seconds
[2026-09-30T20:33:23.441+0000] {processor.py:153} INFO - Started process (PID=13860) to work on /home/airflow/.local/lib/python3.7/site-packages/airflow/example_dags/subdags/subdag.py
[2026-09-30T20:33:23.443+0000] {processor.py:743} INFO - Processing file /home/airflow/.local/lib/python3.7/site-packages/airflow/example_dags/subdags/subdag.py for tasks to queue
[2026-09-30T20:33:23.444+0000] {logging_mixin.py:137} INFO - [2026-09-30T20:33:23.444+0000] {dagbag.py:538} INFO - Filling up the DagBag from /home/airflow/.local/lib/python3.7/site-packages/airflow/example_dags/subdags/subdag.py
[2026-09-30T20:33:23.450+0000] {processor.py:755} WARNING - No viable dags retrieved from /home/airflow/.local/lib/python3.7/site-packages/airflow/example_dags/subdags/subdag.py
[2026-09-30T20:33:23.468+0000] {processor.py:175} INFO - Processing /home/airflow/.local/lib/python3.7/site-packages/airflow/example_dags/subdags/subdag.py took 0.033 seconds
[2026-09-30T20:33:53.725+0000] {processor.py:153} INFO - Started process (PID=13959) to work on /home/airflow/.local/lib/python3.7/site-packages/airflow/example_dags/subdags/subdag.py
[2026-09-30T20:33:53.725+0000] {processor.py:743} INFO - Processing file /home/airflow/.local/lib/python3.7/site-packages/airflow/example_dags/subdags/subdag.py for tasks to queue
[2026-09-30T20:33:53.726+0000] {logging_mixin.py:137} INFO - [2026-09-30T20:33:53.726+0000] {dagbag.py:538} INFO - Filling up the DagBag from /home/airflow/.local/lib/python3.7/site-packages/airflow/example_dags/subdags/subdag.py
[2026-09-30T20:33:53.729+0000] {processor.py:755} WARNING - No viable dags retrieved from /home/airflow/.local/lib/python3.7/site-packages/airflow/example_dags/subdags/subdag.py
[2026-09-30T20:33:53.742+0000] {processor.py:175} INFO - Processing /home/airflow/.local/lib/python3.7/site-packages/airflow/example_dags/subdags/subdag.py took 0.020 seconds
[2026-09-30T20:34:23.935+0000] {processor.py:153} INFO - Started process (PID=14038) to work on /home/airflow/.local/lib/python3.7/site-packages/airflow/example_dags/subdags/subdag.py
[2026-09-30T20:34:23.936+0000] {processor.py:743} INFO - Processing file /home/airflow/.local/lib/python3.7/site-packages/airflow/example_dags/subdags/subdag.py for tasks to queue
[2026-09-30T20:34:23.937+0000] {logging_mixin.py:137} INFO - [2026-09-30T20:34:23.937+0000] {dagbag.py:538} INFO - Filling up the DagBag from /home/airflow/.local/lib/python3.7/site-packages/airflow/example_dags/subdags/subdag.py
[2026-09-30T20:34:23.941+0000] {processor.py:755} WARNING - No viable dags retrieved from /home/airflow/.local/lib/python3.7/site-packages/airflow/example_dags/subdags/subdag.py
[2026-09-30T20:34:23.959+0000] {processor.py:175} INFO - Processing /home/airflow/.local/lib/python3.7/site-packages/airflow/example_dags/subdags/subdag.py took 0.028 seconds
[2026-09-30T20:34:54.804+0000] {processor.py:153} INFO - Started process (PID=14117) to work on /home/airflow/.local/lib/python3.7/site-packages/airflow/example_dags/subdags/subdag.py
[2026-09-30T20:34:54.804+0000] {processor.py:743} INFO - Processing file /home/airflow/.local/lib/python3.7/site-packages/airflow/example_dags/subdags/subdag.py for tasks to queue
[2026-09-30T20:34:54.805+0000] {logging_mixin.py:137} INFO - [2026-09-30T20:34:54.805+0000] {dagbag.py:538} INFO - Filling up the DagBag from /home/airflow/.local/lib/python3.7/site-packages/airflow/example_dags/subdags/subdag.py
[2026-09-30T20:34:54.809+0000] {processor.py:755} WARNING - No viable dags retrieved from /home/airflow/.local/lib/python3.7/site-packages/airflow/example_dags/subdags/subdag.py
[2026-09-30T20:34:54.824+0000] {processor.py:175} INFO - Processing /home/airflow/.local/lib/python3.7/site-packages/airflow/example_dags/subdags/subdag.py took 0.025 seconds
[2026-09-30T20:35:25.655+0000] {processor.py:153} INFO - Started process (PID=14203) to work on /home/airflow/.local/lib/python3.7/site-packages/airflow/example_dags/subdags/subdag.py
[2026-09-30T20:35:25.656+0000] {processor.py:743} INFO - Processing file /home/airflow/.local/lib/python3.7/site-packages/airflow/example_dags/subdags/subdag.py for tasks to queue
[2026-09-30T20:35:25.657+0000] {logging_mixin.py:137} INFO - [2026-09-30T20:35:25.657+0000] {dagbag.py:538} INFO - Filling up the DagBag from /home/airflow/.local/lib/python3.7/site-packages/airflow/example_dags/subdags/subdag.py
[2026-09-30T20:35:25.661+0000] {processor.py:755} WARNING - No viable dags retrieved from /home/airflow/.local/lib/python3.7/site-packages/airflow/example_dags/subdags/subdag.py
[2026-09-30T20:35:25.676+0000] {processor.py:175} INFO - Processing /home/airflow/.local/lib/python3.7/site-packages/airflow/example_dags/subdags/subdag.py took 0.025 seconds
[2026-09-30T20:35:56.298+0000] {processor.py:153} INFO - Started process (PID=14295) to work on /home/airflow/.local/lib/python3.7/site-packages/airflow/example_dags/subdags/subdag.py
[2026-09-30T20:35:56.299+0000] {processor.py:743} INFO - Processing file /home/airflow/.local/lib/python3.7/site-packages/airflow/example_dags/subdags/subdag.py for tasks to queue
[2026-09-30T20:35:56.300+0000] {logging_mixin.py:137} INFO - [2026-09-30T20:35:56.299+0000] {dagbag.py:538} INFO - Filling up the DagBag from /home/airflow/.local/lib/python3.7/site-packages/airflow/example_dags/subdags/subdag.py
[2026-09-30T20:35:56.304+0000] {processor.py:755} WARNING - No viable dags retrieved from /home/airflow/.local/lib/python3.7/site-packages/airflow/example_dags/subdags/subdag.py
[2026-09-30T20:35:56.320+0000] {processor.py:175} INFO - Processing /home/airflow/.local/lib/python3.7/site-packages/airflow/example_dags/subdags/subdag.py took 0.028 seconds
[2026-09-30T20:36:27.111+0000] {processor.py:153} INFO - Started process (PID=14374) to work on /home/airflow/.local/lib/python3.7/site-packages/airflow/example_dags/subdags/subdag.py
[2026-09-30T20:36:27.113+0000] {processor.py:743} INFO - Processing file /home/airflow/.local/lib/python3.7/site-packages/airflow/example_dags/subdags/subdag.py for tasks to queue
[2026-09-30T20:36:27.113+0000] {logging_mixin.py:137} INFO - [2026-09-30T20:36:27.113+0000] {dagbag.py:538} INFO - Filling up the DagBag from /home/airflow/.local/lib/python3.7/site-packages/airflow/example_dags/subdags/subdag.py
[2026-09-30T20:36:27.117+0000] {processor.py:755} WARNING - No viable dags retrieved from /home/airflow/.local/lib/python3.7/site-packages/airflow/example_dags/subdags/subdag.py
[2026-09-30T20:36:27.134+0000] {processor.py:175} INFO - Processing /home/airflow/.local/lib/python3.7/site-packages/airflow/example_dags/subdags/subdag.py took 0.027 seconds
[2026-09-30T20:36:57.979+0000] {processor.py:153} INFO - Started process (PID=14453) to work on /home/airflow/.local/lib/python3.7/site-packages/airflow/example_dags/subdags/subdag.py
[2026-09-30T20:36:57.980+0000] {processor.py:743} INFO - Processing file /home/airflow/.local/lib/python3.7/site-packages/airflow/example_dags/subdags/subdag.py for tasks to queue
[2026-09-30T20:36:57.980+0000] {logging_mixin.py:137} INFO - [2026-09-30T20:36:57.980+0000] {dagbag.py:538} INFO - Filling up the DagBag from /home/airflow/.local/lib/python3.7/site-packages/airflow/example_dags/subdags/subdag.py
[2026-09-30T20:36:57.984+0000] {processor.py:755} WARNING - No viable dags retrieved from /home/airflow/.local/lib/python3.7/site-packages/airflow/example_dags/subdags/subdag.py
[2026-09-30T20:36:58.000+0000] {processor.py:175} INFO - Processing /home/airflow/.local/lib/python3.7/site-packages/airflow/example_dags/subdags/subdag.py took 0.025 seconds
[2026-09-30T20:37:28.510+0000] {processor.py:153} INFO - Started process (PID=14552) to work on /home/airflow/.local/lib/python3.7/site-packages/airflow/example_dags/subdags/subdag.py
[2026-09-30T20:37:28.511+0000] {processor.py:743} INFO - Processing file /home/airflow/.local/lib/python3.7/site-packages/airflow/example_dags/subdags/subdag.py for tasks to queue
[2026-09-30T20:37:28.512+0000] {logging_mixin.py:137} INFO - [2026-09-30T20:37:28.511+0000] {dagbag.py:538} INFO - Filling up the DagBag from /home/airflow/.local/lib/python3.7/site-packages/airflow/example_dags/subdags/subdag.py
[2026-09-30T20:37:28.516+0000] {processor.py:755} WARNING - No viable dags retrieved from /home/airflow/.local/lib/python3.7/site-packages/airflow/example_dags/subdags/subdag.py
[2026-09-30T20:37:28.533+0000] {processor.py:175} INFO - Processing /home/airflow/.local/lib/python3.7/site-packages/airflow/example_dags/subdags/subdag.py took 0.027 seconds
[2026-09-30T20:37:58.871+0000] {processor.py:153} INFO - Started process (PID=14631) to work on /home/airflow/.local/lib/python3.7/site-packages/airflow/example_dags/subdags/subdag.py
[2026-09-30T20:37:58.872+0000] {processor.py:743} INFO - Processing file /home/airflow/.local/lib/python3.7/site-packages/airflow/example_dags/subdags/subdag.py for tasks to queue
[2026-09-30T20:37:58.872+0000] {logging_mixin.py:137} INFO - [2026-09-30T20:37:58.872+0000] {dagbag.py:538} INFO - Filling up the DagBag from /home/airflow/.local/lib/python3.7/site-packages/airflow/example_dags/subdags/subdag.py
[2026-09-30T20:37:58.877+0000] {processor.py:755} WARNING - No viable dags retrieved from /home/airflow/.local/lib/python3.7/site-packages/airflow/example_dags/subdags/subdag.py
[2026-09-30T20:37:58.895+0000] {processor.py:175} INFO - Processing /home/airflow/.local/lib/python3.7/site-packages/airflow/example_dags/subdags/subdag.py took 0.028 seconds
[2026-09-30T20:38:29.743+0000] {processor.py:153} INFO - Started process (PID=14710) to work on /home/airflow/.local/lib/python3.7/site-packages/airflow/example_dags/subdags/subdag.py
[2026-09-30T20:38:29.745+0000] {processor.py:743} INFO - Processing file /home/airflow/.local/lib/python3.7/site-packages/airflow/example_dags/subdags/subdag.py for tasks to queue
[2026-09-30T20:38:29.746+0000] {logging_mixin.py:137} INFO - [2026-09-30T20:38:29.745+0000] {dagbag.py:538} INFO - Filling up the DagBag from /home/airflow/.local/lib/python3.7/site-packages/airflow/example_dags/subdags/subdag.py
[2026-09-30T20:38:29.752+0000] {processor.py:755} WARNING - No viable dags retrieved from /home/airflow/.local/lib/python3.7/site-packages/airflow/example_dags/subdags/subdag.py
[2026-09-30T20:38:29.768+0000] {processor.py:175} INFO - Processing /home/airflow/.local/lib/python3.7/site-packages/airflow/example_dags/subdags/subdag.py took 0.029 seconds
[2026-09-30T20:39:00.416+0000] {processor.py:153} INFO - Started process (PID=14789) to work on /home/airflow/.local/lib/python3.7/site-packages/airflow/example_dags/subdags/subdag.py
[2026-09-30T20:39:00.417+0000] {processor.py:743} INFO - Processing file /home/airflow/.local/lib/python3.7/site-packages/airflow/example_dags/subdags/subdag.py for tasks to queue
[2026-09-30T20:39:00.418+0000] {logging_mixin.py:137} INFO - [2026-09-30T20:39:00.418+0000] {dagbag.py:538} INFO - Filling up the DagBag from /home/airflow/.local/lib/python3.7/site-packages/airflow/example_dags/subdags/subdag.py
[2026-09-30T20:39:00.424+0000] {processor.py:755} WARNING - No viable dags retrieved from /home/airflow/.local/lib/python3.7/site-packages/airflow/example_dags/subdags/subdag.py
[2026-09-30T20:39:00.447+0000] {processor.py:175} INFO - Processing /home/airflow/.local/lib/python3.7/site-packages/airflow/example_dags/subdags/subdag.py took 0.038 seconds
[2026-09-30T20:39:30.906+0000] {processor.py:153} INFO - Started process (PID=14877) to work on /home/airflow/.local/lib/python3.7/site-packages/airflow/example_dags/subdags/subdag.py
[2026-09-30T20:39:30.908+0000] {processor.py:743} INFO - Processing file /home/airflow/.local/lib/python3.7/site-packages/airflow/example_dags/subdags/subdag.py for tasks to queue
[2026-09-30T20:39:30.909+0000] {logging_mixin.py:137} INFO - [2026-09-30T20:39:30.909+0000] {dagbag.py:538} INFO - Filling up the DagBag from /home/airflow/.local/lib/python3.7/site-packages/airflow/example_dags/subdags/subdag.py
[2026-09-30T20:39:30.913+0000] {processor.py:755} WARNING - No viable dags retrieved from /home/airflow/.local/lib/python3.7/site-packages/airflow/example_dags/subdags/subdag.py
[2026-09-30T20:39:30.932+0000] {processor.py:175} INFO - Processing /home/airflow/.local/lib/python3.7/site-packages/airflow/example_dags/subdags/subdag.py took 0.031 seconds
[2026-09-30T20:40:01.408+0000] {processor.py:153} INFO - Started process (PID=14967) to work on /home/airflow/.local/lib/python3.7/site-packages/airflow/example_dags/subdags/subdag.py
[2026-09-30T20:40:01.409+0000] {processor.py:743} INFO - Processing file /home/airflow/.local/lib/python3.7/site-packages/airflow/example_dags/subdags/subdag.py for tasks to queue
[2026-09-30T20:40:01.409+0000] {logging_mixin.py:137} INFO - [2026-09-30T20:40:01.409+0000] {dagbag.py:538} INFO - Filling up the DagBag from /home/airflow/.local/lib/python3.7/site-packages/airflow/example_dags/subdags/subdag.py
[2026-09-30T20:40:01.414+0000] {processor.py:755} WARNING - No viable dags retrieved from /home/airflow/.local/lib/python3.7/site-packages/airflow/example_dags/subdags/subdag.py
[2026-09-30T20:40:01.431+0000] {processor.py:175} INFO - Processing /home/airflow/.local/lib/python3.7/site-packages/airflow/example_dags/subdags/subdag.py took 0.026 seconds
[2026-09-30T20:40:32.103+0000] {processor.py:153} INFO - Started process (PID=15046) to work on /home/airflow/.local/lib/python3.7/site-packages/airflow/example_dags/subdags/subdag.py
[2026-09-30T20:40:32.104+0000] {processor.py:743} INFO - Processing file /home/airflow/.local/lib/python3.7/site-packages/airflow/example_dags/subdags/subdag.py for tasks to queue
[2026-09-30T20:40:32.105+0000] {logging_mixin.py:137} INFO - [2026-09-30T20:40:32.105+0000] {dagbag.py:538} INFO - Filling up the DagBag from /home/airflow/.local/lib/python3.7/site-packages/airflow/example_dags/subdags/subdag.py
[2026-09-30T20:40:32.109+0000] {processor.py:755} WARNING - No viable dags retrieved from /home/airflow/.local/lib/python3.7/site-packages/airflow/example_dags/subdags/subdag.py
[2026-09-30T20:40:32.126+0000] {processor.py:175} INFO - Processing /home/airflow/.local/lib/python3.7/site-packages/airflow/example_dags/subdags/subdag.py took 0.026 seconds
[2026-09-30T20:41:03.202+0000] {processor.py:153} INFO - Started process (PID=15126) to work on /home/airflow/.local/lib/python3.7/site-packages/airflow/example_dags/subdags/subdag.py
[2026-09-30T20:41:03.204+0000] {processor.py:743} INFO - Processing file /home/airflow/.local/lib/python3.7/site-packages/airflow/example_dags/subdags/subdag.py for tasks to queue
[2026-09-30T20:41:03.205+0000] {logging_mixin.py:137} INFO - [2026-09-30T20:41:03.204+0000] {dagbag.py:538} INFO - Filling up the DagBag from /home/airflow/.local/lib/python3.7/site-packages/airflow/example_dags/subdags/subdag.py
[2026-09-30T20:41:03.211+0000] {processor.py:755} WARNING - No viable dags retrieved from /home/airflow/.local/lib/python3.7/site-packages/airflow/example_dags/subdags/subdag.py
[2026-09-30T20:41:03.231+0000] {processor.py:175} INFO - Processing /home/airflow/.local/lib/python3.7/site-packages/airflow/example_dags/subdags/subdag.py took 0.035 seconds
[2026-09-30T20:41:33.273+0000] {processor.py:153} INFO - Started process (PID=15205) to work on /home/airflow/.local/lib/python3.7/site-packages/airflow/example_dags/subdags/subdag.py
[2026-09-30T20:41:33.275+0000] {processor.py:743} INFO - Processing file /home/airflow/.local/lib/python3.7/site-packages/airflow/example_dags/subdags/subdag.py for tasks to queue
[2026-09-30T20:41:33.276+0000] {logging_mixin.py:137} INFO - [2026-09-30T20:41:33.276+0000] {dagbag.py:538} INFO - Filling up the DagBag from /home/airflow/.local/lib/python3.7/site-packages/airflow/example_dags/subdags/subdag.py
[2026-09-30T20:41:33.280+0000] {processor.py:755} WARNING - No viable dags retrieved from /home/airflow/.local/lib/python3.7/site-packages/airflow/example_dags/subdags/subdag.py
[2026-09-30T20:41:33.297+0000] {processor.py:175} INFO - Processing /home/airflow/.local/lib/python3.7/site-packages/airflow/example_dags/subdags/subdag.py took 0.029 seconds
[2026-09-30T20:42:04.021+0000] {processor.py:153} INFO - Started process (PID=15304) to work on /home/airflow/.local/lib/python3.7/site-packages/airflow/example_dags/subdags/subdag.py
[2026-09-30T20:42:04.023+0000] {processor.py:743} INFO - Processing file /home/airflow/.local/lib/python3.7/site-packages/airflow/example_dags/subdags/subdag.py for tasks to queue
[2026-09-30T20:42:04.024+0000] {logging_mixin.py:137} INFO - [2026-09-30T20:42:04.023+0000] {dagbag.py:538} INFO - Filling up the DagBag from /home/airflow/.local/lib/python3.7/site-packages/airflow/example_dags/subdags/subdag.py
[2026-09-30T20:42:04.029+0000] {processor.py:755} WARNING - No viable dags retrieved from /home/airflow/.local/lib/python3.7/site-packages/airflow/example_dags/subdags/subdag.py
[2026-09-30T20:42:04.052+0000] {processor.py:175} INFO - Processing /home/airflow/.local/lib/python3.7/site-packages/airflow/example_dags/subdags/subdag.py took 0.035 seconds
[2026-09-30T20:42:34.527+0000] {processor.py:153} INFO - Started process (PID=15383) to work on /home/airflow/.local/lib/python3.7/site-packages/airflow/example_dags/subdags/subdag.py
[2026-09-30T20:42:34.528+0000] {processor.py:743} INFO - Processing file /home/airflow/.local/lib/python3.7/site-packages/airflow/example_dags/subdags/subdag.py for tasks to queue
[2026-09-30T20:42:34.528+0000] {logging_mixin.py:137} INFO - [2026-09-30T20:42:34.528+0000] {dagbag.py:538} INFO - Filling up the DagBag from /home/airflow/.local/lib/python3.7/site-packages/airflow/example_dags/subdags/subdag.py
[2026-09-30T20:42:34.532+0000] {processor.py:755} WARNING - No viable dags retrieved from /home/airflow/.local/lib/python3.7/site-packages/airflow/example_dags/subdags/subdag.py
[2026-09-30T20:42:34.549+0000] {processor.py:175} INFO - Processing /home/airflow/.local/lib/python3.7/site-packages/airflow/example_dags/subdags/subdag.py took 0.026 seconds
[2026-09-30T20:43:04.914+0000] {processor.py:153} INFO - Started process (PID=15462) to work on /home/airflow/.local/lib/python3.7/site-packages/airflow/example_dags/subdags/subdag.py
[2026-09-30T20:43:04.915+0000] {processor.py:743} INFO - Processing file /home/airflow/.local/lib/python3.7/site-packages/airflow/example_dags/subdags/subdag.py for tasks to queue
[2026-09-30T20:43:04.916+0000] {logging_mixin.py:137} INFO - [2026-09-30T20:43:04.916+0000] {dagbag.py:538} INFO - Filling up the DagBag from /home/airflow/.local/lib/python3.7/site-packages/airflow/example_dags/subdags/subdag.py
[2026-09-30T20:43:04.920+0000] {processor.py:755} WARNING - No viable dags retrieved from /home/airflow/.local/lib/python3.7/site-packages/airflow/example_dags/subdags/subdag.py
[2026-09-30T20:43:04.941+0000] {processor.py:175} INFO - Processing /home/airflow/.local/lib/python3.7/site-packages/airflow/example_dags/subdags/subdag.py took 0.030 seconds
[2026-09-30T20:43:35.058+0000] {processor.py:153} INFO - Started process (PID=15541) to work on /home/airflow/.local/lib/python3.7/site-packages/airflow/example_dags/subdags/subdag.py
[2026-09-30T20:43:35.060+0000] {processor.py:743} INFO - Processing file /home/airflow/.local/lib/python3.7/site-packages/airflow/example_dags/subdags/subdag.py for tasks to queue
[2026-09-30T20:43:35.061+0000] {logging_mixin.py:137} INFO - [2026-09-30T20:43:35.061+0000] {dagbag.py:538} INFO - Filling up the DagBag from /home/airflow/.local/lib/python3.7/site-packages/airflow/example_dags/subdags/subdag.py
[2026-09-30T20:43:35.067+0000] {processor.py:755} WARNING - No viable dags retrieved from /home/airflow/.local/lib/python3.7/site-packages/airflow/example_dags/subdags/subdag.py
[2026-09-30T20:43:35.090+0000] {processor.py:175} INFO - Processing /home/airflow/.local/lib/python3.7/site-packages/airflow/example_dags/subdags/subdag.py took 0.037 seconds
[2026-09-30T20:44:05.328+0000] {processor.py:153} INFO - Started process (PID=15639) to work on /home/airflow/.local/lib/python3.7/site-packages/airflow/example_dags/subdags/subdag.py
[2026-09-30T20:44:05.329+0000] {processor.py:743} INFO - Processing file /home/airflow/.local/lib/python3.7/site-packages/airflow/example_dags/subdags/subdag.py for tasks to queue
[2026-09-30T20:44:05.330+0000] {logging_mixin.py:137} INFO - [2026-09-30T20:44:05.330+0000] {dagbag.py:538} INFO - Filling up the DagBag from /home/airflow/.local/lib/python3.7/site-packages/airflow/example_dags/subdags/subdag.py
[2026-09-30T20:44:05.337+0000] {processor.py:755} WARNING - No viable dags retrieved from /home/airflow/.local/lib/python3.7/site-packages/airflow/example_dags/subdags/subdag.py
[2026-09-30T20:44:05.357+0000] {processor.py:175} INFO - Processing /home/airflow/.local/lib/python3.7/site-packages/airflow/example_dags/subdags/subdag.py took 0.035 seconds
[2026-09-30T20:44:35.811+0000] {processor.py:153} INFO - Started process (PID=15718) to work on /home/airflow/.local/lib/python3.7/site-packages/airflow/example_dags/subdags/subdag.py
[2026-09-30T20:44:35.812+0000] {processor.py:743} INFO - Processing file /home/airflow/.local/lib/python3.7/site-packages/airflow/example_dags/subdags/subdag.py for tasks to queue
[2026-09-30T20:44:35.813+0000] {logging_mixin.py:137} INFO - [2026-09-30T20:44:35.813+0000] {dagbag.py:538} INFO - Filling up the DagBag from /home/airflow/.local/lib/python3.7/site-packages/airflow/example_dags/subdags/subdag.py
[2026-09-30T20:44:35.817+0000] {processor.py:755} WARNING - No viable dags retrieved from /home/airflow/.local/lib/python3.7/site-packages/airflow/example_dags/subdags/subdag.py
[2026-09-30T20:44:35.834+0000] {processor.py:175} INFO - Processing /home/airflow/.local/lib/python3.7/site-packages/airflow/example_dags/subdags/subdag.py took 0.027 seconds
[2026-09-30T20:45:06.215+0000] {processor.py:153} INFO - Started process (PID=15797) to work on /home/airflow/.local/lib/python3.7/site-packages/airflow/example_dags/subdags/subdag.py
[2026-09-30T20:45:06.216+0000] {processor.py:743} INFO - Processing file /home/airflow/.local/lib/python3.7/site-packages/airflow/example_dags/subdags/subdag.py for tasks to queue
[2026-09-30T20:45:06.217+0000] {logging_mixin.py:137} INFO - [2026-09-30T20:45:06.217+0000] {dagbag.py:538} INFO - Filling up the DagBag from /home/airflow/.local/lib/python3.7/site-packages/airflow/example_dags/subdags/subdag.py
[2026-09-30T20:45:06.221+0000] {processor.py:755} WARNING - No viable dags retrieved from /home/airflow/.local/lib/python3.7/site-packages/airflow/example_dags/subdags/subdag.py
[2026-09-30T20:45:06.238+0000] {processor.py:175} INFO - Processing /home/airflow/.local/lib/python3.7/site-packages/airflow/example_dags/subdags/subdag.py took 0.027 seconds
[2026-09-30T20:45:36.473+0000] {processor.py:153} INFO - Started process (PID=15876) to work on /home/airflow/.local/lib/python3.7/site-packages/airflow/example_dags/subdags/subdag.py
[2026-09-30T20:45:36.474+0000] {processor.py:743} INFO - Processing file /home/airflow/.local/lib/python3.7/site-packages/airflow/example_dags/subdags/subdag.py for tasks to queue
[2026-09-30T20:45:36.475+0000] {logging_mixin.py:137} INFO - [2026-09-30T20:45:36.475+0000] {dagbag.py:538} INFO - Filling up the DagBag from /home/airflow/.local/lib/python3.7/site-packages/airflow/example_dags/subdags/subdag.py
[2026-09-30T20:45:36.479+0000] {processor.py:755} WARNING - No viable dags retrieved from /home/airflow/.local/lib/python3.7/site-packages/airflow/example_dags/subdags/subdag.py
[2026-09-30T20:45:36.495+0000] {processor.py:175} INFO - Processing /home/airflow/.local/lib/python3.7/site-packages/airflow/example_dags/subdags/subdag.py took 0.026 seconds
[2026-09-30T20:46:07.384+0000] {processor.py:153} INFO - Started process (PID=15965) to work on /home/airflow/.local/lib/python3.7/site-packages/airflow/example_dags/subdags/subdag.py
[2026-09-30T20:46:07.385+0000] {processor.py:743} INFO - Processing file /home/airflow/.local/lib/python3.7/site-packages/airflow/example_dags/subdags/subdag.py for tasks to queue
[2026-09-30T20:46:07.386+0000] {logging_mixin.py:137} INFO - [2026-09-30T20:46:07.386+0000] {dagbag.py:538} INFO - Filling up the DagBag from /home/airflow/.local/lib/python3.7/site-packages/airflow/example_dags/subdags/subdag.py
[2026-09-30T20:46:07.391+0000] {processor.py:755} WARNING - No viable dags retrieved from /home/airflow/.local/lib/python3.7/site-packages/airflow/example_dags/subdags/subdag.py
[2026-09-30T20:46:07.407+0000] {processor.py:175} INFO - Processing /home/airflow/.local/lib/python3.7/site-packages/airflow/example_dags/subdags/subdag.py took 0.027 seconds
[2026-09-30T20:46:38.234+0000] {processor.py:153} INFO - Started process (PID=16055) to work on /home/airflow/.local/lib/python3.7/site-packages/airflow/example_dags/subdags/subdag.py
[2026-09-30T20:46:38.235+0000] {processor.py:743} INFO - Processing file /home/airflow/.local/lib/python3.7/site-packages/airflow/example_dags/subdags/subdag.py for tasks to queue
[2026-09-30T20:46:38.236+0000] {logging_mixin.py:137} INFO - [2026-09-30T20:46:38.236+0000] {dagbag.py:538} INFO - Filling up the DagBag from /home/airflow/.local/lib/python3.7/site-packages/airflow/example_dags/subdags/subdag.py
[2026-09-30T20:46:38.242+0000] {processor.py:755} WARNING - No viable dags retrieved from /home/airflow/.local/lib/python3.7/site-packages/airflow/example_dags/subdags/subdag.py
[2026-09-30T20:46:38.261+0000] {processor.py:175} INFO - Processing /home/airflow/.local/lib/python3.7/site-packages/airflow/example_dags/subdags/subdag.py took 0.032 seconds
[2026-09-30T20:47:08.960+0000] {processor.py:153} INFO - Started process (PID=16134) to work on /home/airflow/.local/lib/python3.7/site-packages/airflow/example_dags/subdags/subdag.py
[2026-09-30T20:47:08.961+0000] {processor.py:743} INFO - Processing file /home/airflow/.local/lib/python3.7/site-packages/airflow/example_dags/subdags/subdag.py for tasks to queue
[2026-09-30T20:47:08.961+0000] {logging_mixin.py:137} INFO - [2026-09-30T20:47:08.961+0000] {dagbag.py:538} INFO - Filling up the DagBag from /home/airflow/.local/lib/python3.7/site-packages/airflow/example_dags/subdags/subdag.py
[2026-09-30T20:47:08.966+0000] {processor.py:755} WARNING - No viable dags retrieved from /home/airflow/.local/lib/python3.7/site-packages/airflow/example_dags/subdags/subdag.py
[2026-09-30T20:47:08.983+0000] {processor.py:175} INFO - Processing /home/airflow/.local/lib/python3.7/site-packages/airflow/example_dags/subdags/subdag.py took 0.027 seconds
[2026-09-30T20:47:39.983+0000] {processor.py:153} INFO - Started process (PID=16223) to work on /home/airflow/.local/lib/python3.7/site-packages/airflow/example_dags/subdags/subdag.py
[2026-09-30T20:47:39.985+0000] {processor.py:743} INFO - Processing file /home/airflow/.local/lib/python3.7/site-packages/airflow/example_dags/subdags/subdag.py for tasks to queue
[2026-09-30T20:47:39.986+0000] {logging_mixin.py:137} INFO - [2026-09-30T20:47:39.986+0000] {dagbag.py:538} INFO - Filling up the DagBag from /home/airflow/.local/lib/python3.7/site-packages/airflow/example_dags/subdags/subdag.py
[2026-09-30T20:47:39.991+0000] {processor.py:755} WARNING - No viable dags retrieved from /home/airflow/.local/lib/python3.7/site-packages/airflow/example_dags/subdags/subdag.py
[2026-09-30T20:47:40.007+0000] {processor.py:175} INFO - Processing /home/airflow/.local/lib/python3.7/site-packages/airflow/example_dags/subdags/subdag.py took 0.028 seconds
[2026-09-30T20:48:10.260+0000] {processor.py:153} INFO - Started process (PID=16313) to work on /home/airflow/.local/lib/python3.7/site-packages/airflow/example_dags/subdags/subdag.py
[2026-09-30T20:48:10.260+0000] {processor.py:743} INFO - Processing file /home/airflow/.local/lib/python3.7/site-packages/airflow/example_dags/subdags/subdag.py for tasks to queue
[2026-09-30T20:48:10.261+0000] {logging_mixin.py:137} INFO - [2026-09-30T20:48:10.261+0000] {dagbag.py:538} INFO - Filling up the DagBag from /home/airflow/.local/lib/python3.7/site-packages/airflow/example_dags/subdags/subdag.py
[2026-09-30T20:48:10.265+0000] {processor.py:755} WARNING - No viable dags retrieved from /home/airflow/.local/lib/python3.7/site-packages/airflow/example_dags/subdags/subdag.py
[2026-09-30T20:48:10.276+0000] {processor.py:175} INFO - Processing /home/airflow/.local/lib/python3.7/site-packages/airflow/example_dags/subdags/subdag.py took 0.019 seconds
[2026-09-30T20:48:41.035+0000] {processor.py:153} INFO - Started process (PID=16392) to work on /home/airflow/.local/lib/python3.7/site-packages/airflow/example_dags/subdags/subdag.py
[2026-09-30T20:48:41.037+0000] {processor.py:743} INFO - Processing file /home/airflow/.local/lib/python3.7/site-packages/airflow/example_dags/subdags/subdag.py for tasks to queue
[2026-09-30T20:48:41.038+0000] {logging_mixin.py:137} INFO - [2026-09-30T20:48:41.038+0000] {dagbag.py:538} INFO - Filling up the DagBag from /home/airflow/.local/lib/python3.7/site-packages/airflow/example_dags/subdags/subdag.py
[2026-09-30T20:48:41.045+0000] {processor.py:755} WARNING - No viable dags retrieved from /home/airflow/.local/lib/python3.7/site-packages/airflow/example_dags/subdags/subdag.py
[2026-09-30T20:48:41.065+0000] {processor.py:175} INFO - Processing /home/airflow/.local/lib/python3.7/site-packages/airflow/example_dags/subdags/subdag.py took 0.036 seconds
[2026-09-30T20:49:12.074+0000] {processor.py:153} INFO - Started process (PID=16471) to work on /home/airflow/.local/lib/python3.7/site-packages/airflow/example_dags/subdags/subdag.py
[2026-09-30T20:49:12.075+0000] {processor.py:743} INFO - Processing file /home/airflow/.local/lib/python3.7/site-packages/airflow/example_dags/subdags/subdag.py for tasks to queue
[2026-09-30T20:49:12.076+0000] {logging_mixin.py:137} INFO - [2026-09-30T20:49:12.076+0000] {dagbag.py:538} INFO - Filling up the DagBag from /home/airflow/.local/lib/python3.7/site-packages/airflow/example_dags/subdags/subdag.py
[2026-09-30T20:49:12.080+0000] {processor.py:755} WARNING - No viable dags retrieved from /home/airflow/.local/lib/python3.7/site-packages/airflow/example_dags/subdags/subdag.py
[2026-09-30T20:49:12.097+0000] {processor.py:175} INFO - Processing /home/airflow/.local/lib/python3.7/site-packages/airflow/example_dags/subdags/subdag.py took 0.026 seconds
[2026-09-30T20:49:42.940+0000] {processor.py:153} INFO - Started process (PID=16570) to work on /home/airflow/.local/lib/python3.7/site-packages/airflow/example_dags/subdags/subdag.py
[2026-09-30T20:49:42.941+0000] {processor.py:743} INFO - Processing file /home/airflow/.local/lib/python3.7/site-packages/airflow/example_dags/subdags/subdag.py for tasks to queue
[2026-09-30T20:49:42.942+0000] {logging_mixin.py:137} INFO - [2026-09-30T20:49:42.942+0000] {dagbag.py:538} INFO - Filling up the DagBag from /home/airflow/.local/lib/python3.7/site-packages/airflow/example_dags/subdags/subdag.py
[2026-09-30T20:49:42.947+0000] {processor.py:755} WARNING - No viable dags retrieved from /home/airflow/.local/lib/python3.7/site-packages/airflow/example_dags/subdags/subdag.py
[2026-09-30T20:49:42.965+0000] {processor.py:175} INFO - Processing /home/airflow/.local/lib/python3.7/site-packages/airflow/example_dags/subdags/subdag.py took 0.029 seconds
[2026-09-30T20:50:13.227+0000] {processor.py:153} INFO - Started process (PID=16649) to work on /home/airflow/.local/lib/python3.7/site-packages/airflow/example_dags/subdags/subdag.py
[2026-09-30T20:50:13.227+0000] {processor.py:743} INFO - Processing file /home/airflow/.local/lib/python3.7/site-packages/airflow/example_dags/subdags/subdag.py for tasks to queue
[2026-09-30T20:50:13.228+0000] {logging_mixin.py:137} INFO - [2026-09-30T20:50:13.228+0000] {dagbag.py:538} INFO - Filling up the DagBag from /home/airflow/.local/lib/python3.7/site-packages/airflow/example_dags/subdags/subdag.py
[2026-09-30T20:50:13.231+0000] {processor.py:755} WARNING - No viable dags retrieved from /home/airflow/.local/lib/python3.7/site-packages/airflow/example_dags/subdags/subdag.py
[2026-09-30T20:50:13.244+0000] {processor.py:175} INFO - Processing /home/airflow/.local/lib/python3.7/site-packages/airflow/example_dags/subdags/subdag.py took 0.022 seconds
[2026-09-30T20:50:43.906+0000] {processor.py:153} INFO - Started process (PID=16728) to work on /home/airflow/.local/lib/python3.7/site-packages/airflow/example_dags/subdags/subdag.py
[2026-09-30T20:50:43.908+0000] {processor.py:743} INFO - Processing file /home/airflow/.local/lib/python3.7/site-packages/airflow/example_dags/subdags/subdag.py for tasks to queue
[2026-09-30T20:50:43.908+0000] {logging_mixin.py:137} INFO - [2026-09-30T20:50:43.908+0000] {dagbag.py:538} INFO - Filling up the DagBag from /home/airflow/.local/lib/python3.7/site-packages/airflow/example_dags/subdags/subdag.py
[2026-09-30T20:50:43.912+0000] {processor.py:755} WARNING - No viable dags retrieved from /home/airflow/.local/lib/python3.7/site-packages/airflow/example_dags/subdags/subdag.py
[2026-09-30T20:50:43.932+0000] {processor.py:175} INFO - Processing /home/airflow/.local/lib/python3.7/site-packages/airflow/example_dags/subdags/subdag.py took 0.031 seconds
[2026-09-30T20:51:15.095+0000] {processor.py:153} INFO - Started process (PID=16807) to work on /home/airflow/.local/lib/python3.7/site-packages/airflow/example_dags/subdags/subdag.py
[2026-09-30T20:51:15.096+0000] {processor.py:743} INFO - Processing file /home/airflow/.local/lib/python3.7/site-packages/airflow/example_dags/subdags/subdag.py for tasks to queue
[2026-09-30T20:51:15.097+0000] {logging_mixin.py:137} INFO - [2026-09-30T20:51:15.097+0000] {dagbag.py:538} INFO - Filling up the DagBag from /home/airflow/.local/lib/python3.7/site-packages/airflow/example_dags/subdags/subdag.py
[2026-09-30T20:51:15.102+0000] {processor.py:755} WARNING - No viable dags retrieved from /home/airflow/.local/lib/python3.7/site-packages/airflow/example_dags/subdags/subdag.py
[2026-09-30T20:51:15.119+0000] {processor.py:175} INFO - Processing /home/airflow/.local/lib/python3.7/site-packages/airflow/example_dags/subdags/subdag.py took 0.029 seconds
[2026-09-30T20:51:45.761+0000] {processor.py:153} INFO - Started process (PID=16906) to work on /home/airflow/.local/lib/python3.7/site-packages/airflow/example_dags/subdags/subdag.py
[2026-09-30T20:51:45.762+0000] {processor.py:743} INFO - Processing file /home/airflow/.local/lib/python3.7/site-packages/airflow/example_dags/subdags/subdag.py for tasks to queue
[2026-09-30T20:51:45.763+0000] {logging_mixin.py:137} INFO - [2026-09-30T20:51:45.763+0000] {dagbag.py:538} INFO - Filling up the DagBag from /home/airflow/.local/lib/python3.7/site-packages/airflow/example_dags/subdags/subdag.py
[2026-09-30T20:51:45.767+0000] {processor.py:755} WARNING - No viable dags retrieved from /home/airflow/.local/lib/python3.7/site-packages/airflow/example_dags/subdags/subdag.py
[2026-09-30T20:51:45.782+0000] {processor.py:175} INFO - Processing /home/airflow/.local/lib/python3.7/site-packages/airflow/example_dags/subdags/subdag.py took 0.024 seconds
[2026-09-30T20:52:15.946+0000] {processor.py:153} INFO - Started process (PID=16985) to work on /home/airflow/.local/lib/python3.7/site-packages/airflow/example_dags/subdags/subdag.py
[2026-09-30T20:52:15.947+0000] {processor.py:743} INFO - Processing file /home/airflow/.local/lib/python3.7/site-packages/airflow/example_dags/subdags/subdag.py for tasks to queue
[2026-09-30T20:52:15.949+0000] {logging_mixin.py:137} INFO - [2026-09-30T20:52:15.949+0000] {dagbag.py:538} INFO - Filling up the DagBag from /home/airflow/.local/lib/python3.7/site-packages/airflow/example_dags/subdags/subdag.py
[2026-09-30T20:52:15.953+0000] {processor.py:755} WARNING - No viable dags retrieved from /home/airflow/.local/lib/python3.7/site-packages/airflow/example_dags/subdags/subdag.py
[2026-09-30T20:52:15.969+0000] {processor.py:175} INFO - Processing /home/airflow/.local/lib/python3.7/site-packages/airflow/example_dags/subdags/subdag.py took 0.027 seconds
[2026-09-30T20:52:46.912+0000] {processor.py:153} INFO - Started process (PID=17064) to work on /home/airflow/.local/lib/python3.7/site-packages/airflow/example_dags/subdags/subdag.py
[2026-09-30T20:52:46.914+0000] {processor.py:743} INFO - Processing file /home/airflow/.local/lib/python3.7/site-packages/airflow/example_dags/subdags/subdag.py for tasks to queue
[2026-09-30T20:52:46.915+0000] {logging_mixin.py:137} INFO - [2026-09-30T20:52:46.915+0000] {dagbag.py:538} INFO - Filling up the DagBag from /home/airflow/.local/lib/python3.7/site-packages/airflow/example_dags/subdags/subdag.py
[2026-09-30T20:52:46.920+0000] {processor.py:755} WARNING - No viable dags retrieved from /home/airflow/.local/lib/python3.7/site-packages/airflow/example_dags/subdags/subdag.py
[2026-09-30T20:52:46.935+0000] {processor.py:175} INFO - Processing /home/airflow/.local/lib/python3.7/site-packages/airflow/example_dags/subdags/subdag.py took 0.030 seconds
[2026-09-30T20:53:17.162+0000] {processor.py:153} INFO - Started process (PID=17143) to work on /home/airflow/.local/lib/python3.7/site-packages/airflow/example_dags/subdags/subdag.py
[2026-09-30T20:53:17.163+0000] {processor.py:743} INFO - Processing file /home/airflow/.local/lib/python3.7/site-packages/airflow/example_dags/subdags/subdag.py for tasks to queue
[2026-09-30T20:53:17.163+0000] {logging_mixin.py:137} INFO - [2026-09-30T20:53:17.163+0000] {dagbag.py:538} INFO - Filling up the DagBag from /home/airflow/.local/lib/python3.7/site-packages/airflow/example_dags/subdags/subdag.py
[2026-09-30T20:53:17.168+0000] {processor.py:755} WARNING - No viable dags retrieved from /home/airflow/.local/lib/python3.7/site-packages/airflow/example_dags/subdags/subdag.py
[2026-09-30T20:53:17.183+0000] {processor.py:175} INFO - Processing /home/airflow/.local/lib/python3.7/site-packages/airflow/example_dags/subdags/subdag.py took 0.025 seconds
[2026-09-30T20:53:48.450+0000] {processor.py:153} INFO - Started process (PID=17242) to work on /home/airflow/.local/lib/python3.7/site-packages/airflow/example_dags/subdags/subdag.py
[2026-09-30T20:53:48.451+0000] {processor.py:743} INFO - Processing file /home/airflow/.local/lib/python3.7/site-packages/airflow/example_dags/subdags/subdag.py for tasks to queue
[2026-09-30T20:53:48.452+0000] {logging_mixin.py:137} INFO - [2026-09-30T20:53:48.452+0000] {dagbag.py:538} INFO - Filling up the DagBag from /home/airflow/.local/lib/python3.7/site-packages/airflow/example_dags/subdags/subdag.py
[2026-09-30T20:53:48.456+0000] {processor.py:755} WARNING - No viable dags retrieved from /home/airflow/.local/lib/python3.7/site-packages/airflow/example_dags/subdags/subdag.py
[2026-09-30T20:53:48.473+0000] {processor.py:175} INFO - Processing /home/airflow/.local/lib/python3.7/site-packages/airflow/example_dags/subdags/subdag.py took 0.027 seconds
[2026-09-30T20:54:18.693+0000] {processor.py:153} INFO - Started process (PID=17321) to work on /home/airflow/.local/lib/python3.7/site-packages/airflow/example_dags/subdags/subdag.py
[2026-09-30T20:54:18.694+0000] {processor.py:743} INFO - Processing file /home/airflow/.local/lib/python3.7/site-packages/airflow/example_dags/subdags/subdag.py for tasks to queue
[2026-09-30T20:54:18.695+0000] {logging_mixin.py:137} INFO - [2026-09-30T20:54:18.695+0000] {dagbag.py:538} INFO - Filling up the DagBag from /home/airflow/.local/lib/python3.7/site-packages/airflow/example_dags/subdags/subdag.py
[2026-09-30T20:54:18.700+0000] {processor.py:755} WARNING - No viable dags retrieved from /home/airflow/.local/lib/python3.7/site-packages/airflow/example_dags/subdags/subdag.py
[2026-09-30T20:54:18.717+0000] {processor.py:175} INFO - Processing /home/airflow/.local/lib/python3.7/site-packages/airflow/example_dags/subdags/subdag.py took 0.028 seconds
[2026-09-30T20:54:49.176+0000] {processor.py:153} INFO - Started process (PID=17399) to work on /home/airflow/.local/lib/python3.7/site-packages/airflow/example_dags/subdags/subdag.py
[2026-09-30T20:54:49.178+0000] {processor.py:743} INFO - Processing file /home/airflow/.local/lib/python3.7/site-packages/airflow/example_dags/subdags/subdag.py for tasks to queue
[2026-09-30T20:54:49.179+0000] {logging_mixin.py:137} INFO - [2026-09-30T20:54:49.179+0000] {dagbag.py:538} INFO - Filling up the DagBag from /home/airflow/.local/lib/python3.7/site-packages/airflow/example_dags/subdags/subdag.py
[2026-09-30T20:54:49.185+0000] {processor.py:755} WARNING - No viable dags retrieved from /home/airflow/.local/lib/python3.7/site-packages/airflow/example_dags/subdags/subdag.py
[2026-09-30T20:54:49.199+0000] {processor.py:175} INFO - Processing /home/airflow/.local/lib/python3.7/site-packages/airflow/example_dags/subdags/subdag.py took 0.029 seconds
[2026-09-30T20:55:19.548+0000] {processor.py:153} INFO - Started process (PID=17478) to work on /home/airflow/.local/lib/python3.7/site-packages/airflow/example_dags/subdags/subdag.py
[2026-09-30T20:55:19.549+0000] {processor.py:743} INFO - Processing file /home/airflow/.local/lib/python3.7/site-packages/airflow/example_dags/subdags/subdag.py for tasks to queue
[2026-09-30T20:55:19.550+0000] {logging_mixin.py:137} INFO - [2026-09-30T20:55:19.549+0000] {dagbag.py:538} INFO - Filling up the DagBag from /home/airflow/.local/lib/python3.7/site-packages/airflow/example_dags/subdags/subdag.py
[2026-09-30T20:55:19.554+0000] {processor.py:755} WARNING - No viable dags retrieved from /home/airflow/.local/lib/python3.7/site-packages/airflow/example_dags/subdags/subdag.py
[2026-09-30T20:55:19.571+0000] {processor.py:175} INFO - Processing /home/airflow/.local/lib/python3.7/site-packages/airflow/example_dags/subdags/subdag.py took 0.031 seconds
[2026-09-30T20:55:49.788+0000] {processor.py:153} INFO - Started process (PID=17577) to work on /home/airflow/.local/lib/python3.7/site-packages/airflow/example_dags/subdags/subdag.py
[2026-09-30T20:55:49.790+0000] {processor.py:743} INFO - Processing file /home/airflow/.local/lib/python3.7/site-packages/airflow/example_dags/subdags/subdag.py for tasks to queue
[2026-09-30T20:55:49.790+0000] {logging_mixin.py:137} INFO - [2026-09-30T20:55:49.790+0000] {dagbag.py:538} INFO - Filling up the DagBag from /home/airflow/.local/lib/python3.7/site-packages/airflow/example_dags/subdags/subdag.py
[2026-09-30T20:55:49.794+0000] {processor.py:755} WARNING - No viable dags retrieved from /home/airflow/.local/lib/python3.7/site-packages/airflow/example_dags/subdags/subdag.py
[2026-09-30T20:55:49.810+0000] {processor.py:175} INFO - Processing /home/airflow/.local/lib/python3.7/site-packages/airflow/example_dags/subdags/subdag.py took 0.026 seconds
[2026-09-30T20:56:20.093+0000] {processor.py:153} INFO - Started process (PID=17656) to work on /home/airflow/.local/lib/python3.7/site-packages/airflow/example_dags/subdags/subdag.py
[2026-09-30T20:56:20.093+0000] {processor.py:743} INFO - Processing file /home/airflow/.local/lib/python3.7/site-packages/airflow/example_dags/subdags/subdag.py for tasks to queue
[2026-09-30T20:56:20.094+0000] {logging_mixin.py:137} INFO - [2026-09-30T20:56:20.094+0000] {dagbag.py:538} INFO - Filling up the DagBag from /home/airflow/.local/lib/python3.7/site-packages/airflow/example_dags/subdags/subdag.py
[2026-09-30T20:56:20.098+0000] {processor.py:755} WARNING - No viable dags retrieved from /home/airflow/.local/lib/python3.7/site-packages/airflow/example_dags/subdags/subdag.py
[2026-09-30T20:56:20.113+0000] {processor.py:175} INFO - Processing /home/airflow/.local/lib/python3.7/site-packages/airflow/example_dags/subdags/subdag.py took 0.024 seconds
[2026-09-30T20:56:50.642+0000] {processor.py:153} INFO - Started process (PID=17735) to work on /home/airflow/.local/lib/python3.7/site-packages/airflow/example_dags/subdags/subdag.py
[2026-09-30T20:56:50.643+0000] {processor.py:743} INFO - Processing file /home/airflow/.local/lib/python3.7/site-packages/airflow/example_dags/subdags/subdag.py for tasks to queue
[2026-09-30T20:56:50.644+0000] {logging_mixin.py:137} INFO - [2026-09-30T20:56:50.643+0000] {dagbag.py:538} INFO - Filling up the DagBag from /home/airflow/.local/lib/python3.7/site-packages/airflow/example_dags/subdags/subdag.py
[2026-09-30T20:56:50.649+0000] {processor.py:755} WARNING - No viable dags retrieved from /home/airflow/.local/lib/python3.7/site-packages/airflow/example_dags/subdags/subdag.py
[2026-09-30T20:56:50.664+0000] {processor.py:175} INFO - Processing /home/airflow/.local/lib/python3.7/site-packages/airflow/example_dags/subdags/subdag.py took 0.026 seconds
[2026-09-30T20:57:21.220+0000] {processor.py:153} INFO - Started process (PID=17814) to work on /home/airflow/.local/lib/python3.7/site-packages/airflow/example_dags/subdags/subdag.py
[2026-09-30T20:57:21.221+0000] {processor.py:743} INFO - Processing file /home/airflow/.local/lib/python3.7/site-packages/airflow/example_dags/subdags/subdag.py for tasks to queue
[2026-09-30T20:57:21.222+0000] {logging_mixin.py:137} INFO - [2026-09-30T20:57:21.222+0000] {dagbag.py:538} INFO - Filling up the DagBag from /home/airflow/.local/lib/python3.7/site-packages/airflow/example_dags/subdags/subdag.py
[2026-09-30T20:57:21.229+0000] {processor.py:755} WARNING - No viable dags retrieved from /home/airflow/.local/lib/python3.7/site-packages/airflow/example_dags/subdags/subdag.py
[2026-09-30T20:57:21.251+0000] {processor.py:175} INFO - Processing /home/airflow/.local/lib/python3.7/site-packages/airflow/example_dags/subdags/subdag.py took 0.037 seconds
[2026-09-30T20:57:51.742+0000] {processor.py:153} INFO - Started process (PID=17913) to work on /home/airflow/.local/lib/python3.7/site-packages/airflow/example_dags/subdags/subdag.py
[2026-09-30T20:57:51.743+0000] {processor.py:743} INFO - Processing file /home/airflow/.local/lib/python3.7/site-packages/airflow/example_dags/subdags/subdag.py for tasks to queue
[2026-09-30T20:57:51.743+0000] {logging_mixin.py:137} INFO - [2026-09-30T20:57:51.743+0000] {dagbag.py:538} INFO - Filling up the DagBag from /home/airflow/.local/lib/python3.7/site-packages/airflow/example_dags/subdags/subdag.py
[2026-09-30T20:57:51.746+0000] {processor.py:755} WARNING - No viable dags retrieved from /home/airflow/.local/lib/python3.7/site-packages/airflow/example_dags/subdags/subdag.py
[2026-09-30T20:57:51.759+0000] {processor.py:175} INFO - Processing /home/airflow/.local/lib/python3.7/site-packages/airflow/example_dags/subdags/subdag.py took 0.020 seconds
[2026-09-30T20:58:22.293+0000] {processor.py:153} INFO - Started process (PID=17992) to work on /home/airflow/.local/lib/python3.7/site-packages/airflow/example_dags/subdags/subdag.py
[2026-09-30T20:58:22.294+0000] {processor.py:743} INFO - Processing file /home/airflow/.local/lib/python3.7/site-packages/airflow/example_dags/subdags/subdag.py for tasks to queue
[2026-09-30T20:58:22.295+0000] {logging_mixin.py:137} INFO - [2026-09-30T20:58:22.295+0000] {dagbag.py:538} INFO - Filling up the DagBag from /home/airflow/.local/lib/python3.7/site-packages/airflow/example_dags/subdags/subdag.py
[2026-09-30T20:58:22.299+0000] {processor.py:755} WARNING - No viable dags retrieved from /home/airflow/.local/lib/python3.7/site-packages/airflow/example_dags/subdags/subdag.py
[2026-09-30T20:58:22.314+0000] {processor.py:175} INFO - Processing /home/airflow/.local/lib/python3.7/site-packages/airflow/example_dags/subdags/subdag.py took 0.028 seconds
[2026-09-30T20:58:53.259+0000] {processor.py:153} INFO - Started process (PID=18071) to work on /home/airflow/.local/lib/python3.7/site-packages/airflow/example_dags/subdags/subdag.py
[2026-09-30T20:58:53.260+0000] {processor.py:743} INFO - Processing file /home/airflow/.local/lib/python3.7/site-packages/airflow/example_dags/subdags/subdag.py for tasks to queue
[2026-09-30T20:58:53.261+0000] {logging_mixin.py:137} INFO - [2026-09-30T20:58:53.261+0000] {dagbag.py:538} INFO - Filling up the DagBag from /home/airflow/.local/lib/python3.7/site-packages/airflow/example_dags/subdags/subdag.py
[2026-09-30T20:58:53.265+0000] {processor.py:755} WARNING - No viable dags retrieved from /home/airflow/.local/lib/python3.7/site-packages/airflow/example_dags/subdags/subdag.py
[2026-09-30T20:58:53.281+0000] {processor.py:175} INFO - Processing /home/airflow/.local/lib/python3.7/site-packages/airflow/example_dags/subdags/subdag.py took 0.026 seconds
[2026-09-30T20:59:24.719+0000] {processor.py:153} INFO - Started process (PID=18159) to work on /home/airflow/.local/lib/python3.7/site-packages/airflow/example_dags/subdags/subdag.py
[2026-09-30T20:59:24.720+0000] {processor.py:743} INFO - Processing file /home/airflow/.local/lib/python3.7/site-packages/airflow/example_dags/subdags/subdag.py for tasks to queue
[2026-09-30T20:59:24.721+0000] {logging_mixin.py:137} INFO - [2026-09-30T20:59:24.721+0000] {dagbag.py:538} INFO - Filling up the DagBag from /home/airflow/.local/lib/python3.7/site-packages/airflow/example_dags/subdags/subdag.py
[2026-09-30T20:59:24.725+0000] {processor.py:755} WARNING - No viable dags retrieved from /home/airflow/.local/lib/python3.7/site-packages/airflow/example_dags/subdags/subdag.py
[2026-09-30T20:59:24.741+0000] {processor.py:175} INFO - Processing /home/airflow/.local/lib/python3.7/site-packages/airflow/example_dags/subdags/subdag.py took 0.026 seconds
[2026-09-30T20:59:55.612+0000] {processor.py:153} INFO - Started process (PID=18249) to work on /home/airflow/.local/lib/python3.7/site-packages/airflow/example_dags/subdags/subdag.py
[2026-09-30T20:59:55.613+0000] {processor.py:743} INFO - Processing file /home/airflow/.local/lib/python3.7/site-packages/airflow/example_dags/subdags/subdag.py for tasks to queue
[2026-09-30T20:59:55.614+0000] {logging_mixin.py:137} INFO - [2026-09-30T20:59:55.613+0000] {dagbag.py:538} INFO - Filling up the DagBag from /home/airflow/.local/lib/python3.7/site-packages/airflow/example_dags/subdags/subdag.py
[2026-09-30T20:59:55.618+0000] {processor.py:755} WARNING - No viable dags retrieved from /home/airflow/.local/lib/python3.7/site-packages/airflow/example_dags/subdags/subdag.py
[2026-09-30T20:59:55.634+0000] {processor.py:175} INFO - Processing /home/airflow/.local/lib/python3.7/site-packages/airflow/example_dags/subdags/subdag.py took 0.027 seconds
[2026-09-30T21:00:26.247+0000] {processor.py:153} INFO - Started process (PID=18328) to work on /home/airflow/.local/lib/python3.7/site-packages/airflow/example_dags/subdags/subdag.py
[2026-09-30T21:00:26.248+0000] {processor.py:743} INFO - Processing file /home/airflow/.local/lib/python3.7/site-packages/airflow/example_dags/subdags/subdag.py for tasks to queue
[2026-09-30T21:00:26.249+0000] {logging_mixin.py:137} INFO - [2026-09-30T21:00:26.249+0000] {dagbag.py:538} INFO - Filling up the DagBag from /home/airflow/.local/lib/python3.7/site-packages/airflow/example_dags/subdags/subdag.py
[2026-09-30T21:00:26.253+0000] {processor.py:755} WARNING - No viable dags retrieved from /home/airflow/.local/lib/python3.7/site-packages/airflow/example_dags/subdags/subdag.py
[2026-09-30T21:00:26.270+0000] {processor.py:175} INFO - Processing /home/airflow/.local/lib/python3.7/site-packages/airflow/example_dags/subdags/subdag.py took 0.026 seconds
[2026-09-30T21:00:56.961+0000] {processor.py:153} INFO - Started process (PID=18407) to work on /home/airflow/.local/lib/python3.7/site-packages/airflow/example_dags/subdags/subdag.py
[2026-09-30T21:00:56.962+0000] {processor.py:743} INFO - Processing file /home/airflow/.local/lib/python3.7/site-packages/airflow/example_dags/subdags/subdag.py for tasks to queue
[2026-09-30T21:00:56.963+0000] {logging_mixin.py:137} INFO - [2026-09-30T21:00:56.963+0000] {dagbag.py:538} INFO - Filling up the DagBag from /home/airflow/.local/lib/python3.7/site-packages/airflow/example_dags/subdags/subdag.py
[2026-09-30T21:00:56.968+0000] {processor.py:755} WARNING - No viable dags retrieved from /home/airflow/.local/lib/python3.7/site-packages/airflow/example_dags/subdags/subdag.py
[2026-09-30T21:00:56.985+0000] {processor.py:175} INFO - Processing /home/airflow/.local/lib/python3.7/site-packages/airflow/example_dags/subdags/subdag.py took 0.028 seconds
[2026-09-30T21:01:27.417+0000] {processor.py:153} INFO - Started process (PID=18495) to work on /home/airflow/.local/lib/python3.7/site-packages/airflow/example_dags/subdags/subdag.py
[2026-09-30T21:01:27.417+0000] {processor.py:743} INFO - Processing file /home/airflow/.local/lib/python3.7/site-packages/airflow/example_dags/subdags/subdag.py for tasks to queue
[2026-09-30T21:01:27.418+0000] {logging_mixin.py:137} INFO - [2026-09-30T21:01:27.418+0000] {dagbag.py:538} INFO - Filling up the DagBag from /home/airflow/.local/lib/python3.7/site-packages/airflow/example_dags/subdags/subdag.py
[2026-09-30T21:01:27.423+0000] {processor.py:755} WARNING - No viable dags retrieved from /home/airflow/.local/lib/python3.7/site-packages/airflow/example_dags/subdags/subdag.py
[2026-09-30T21:01:27.441+0000] {processor.py:175} INFO - Processing /home/airflow/.local/lib/python3.7/site-packages/airflow/example_dags/subdags/subdag.py took 0.029 seconds
[2026-09-30T21:01:58.184+0000] {processor.py:153} INFO - Started process (PID=18585) to work on /home/airflow/.local/lib/python3.7/site-packages/airflow/example_dags/subdags/subdag.py
[2026-09-30T21:01:58.185+0000] {processor.py:743} INFO - Processing file /home/airflow/.local/lib/python3.7/site-packages/airflow/example_dags/subdags/subdag.py for tasks to queue
[2026-09-30T21:01:58.185+0000] {logging_mixin.py:137} INFO - [2026-09-30T21:01:58.185+0000] {dagbag.py:538} INFO - Filling up the DagBag from /home/airflow/.local/lib/python3.7/site-packages/airflow/example_dags/subdags/subdag.py
[2026-09-30T21:01:58.190+0000] {processor.py:755} WARNING - No viable dags retrieved from /home/airflow/.local/lib/python3.7/site-packages/airflow/example_dags/subdags/subdag.py
[2026-09-30T21:01:58.205+0000] {processor.py:175} INFO - Processing /home/airflow/.local/lib/python3.7/site-packages/airflow/example_dags/subdags/subdag.py took 0.025 seconds
[2026-09-30T21:02:28.754+0000] {processor.py:153} INFO - Started process (PID=18664) to work on /home/airflow/.local/lib/python3.7/site-packages/airflow/example_dags/subdags/subdag.py
[2026-09-30T21:02:28.755+0000] {processor.py:743} INFO - Processing file /home/airflow/.local/lib/python3.7/site-packages/airflow/example_dags/subdags/subdag.py for tasks to queue
[2026-09-30T21:02:28.756+0000] {logging_mixin.py:137} INFO - [2026-09-30T21:02:28.755+0000] {dagbag.py:538} INFO - Filling up the DagBag from /home/airflow/.local/lib/python3.7/site-packages/airflow/example_dags/subdags/subdag.py
[2026-09-30T21:02:28.760+0000] {processor.py:755} WARNING - No viable dags retrieved from /home/airflow/.local/lib/python3.7/site-packages/airflow/example_dags/subdags/subdag.py
[2026-09-30T21:02:28.776+0000] {processor.py:175} INFO - Processing /home/airflow/.local/lib/python3.7/site-packages/airflow/example_dags/subdags/subdag.py took 0.025 seconds
[2026-09-30T21:02:59.588+0000] {processor.py:153} INFO - Started process (PID=18743) to work on /home/airflow/.local/lib/python3.7/site-packages/airflow/example_dags/subdags/subdag.py
[2026-09-30T21:02:59.589+0000] {processor.py:743} INFO - Processing file /home/airflow/.local/lib/python3.7/site-packages/airflow/example_dags/subdags/subdag.py for tasks to queue
[2026-09-30T21:02:59.589+0000] {logging_mixin.py:137} INFO - [2026-09-30T21:02:59.589+0000] {dagbag.py:538} INFO - Filling up the DagBag from /home/airflow/.local/lib/python3.7/site-packages/airflow/example_dags/subdags/subdag.py
[2026-09-30T21:02:59.594+0000] {processor.py:755} WARNING - No viable dags retrieved from /home/airflow/.local/lib/python3.7/site-packages/airflow/example_dags/subdags/subdag.py
[2026-09-30T21:02:59.610+0000] {processor.py:175} INFO - Processing /home/airflow/.local/lib/python3.7/site-packages/airflow/example_dags/subdags/subdag.py took 0.028 seconds
[2026-09-30T21:03:30.300+0000] {processor.py:153} INFO - Started process (PID=18831) to work on /home/airflow/.local/lib/python3.7/site-packages/airflow/example_dags/subdags/subdag.py
[2026-09-30T21:03:30.301+0000] {processor.py:743} INFO - Processing file /home/airflow/.local/lib/python3.7/site-packages/airflow/example_dags/subdags/subdag.py for tasks to queue
[2026-09-30T21:03:30.302+0000] {logging_mixin.py:137} INFO - [2026-09-30T21:03:30.302+0000] {dagbag.py:538} INFO - Filling up the DagBag from /home/airflow/.local/lib/python3.7/site-packages/airflow/example_dags/subdags/subdag.py
[2026-09-30T21:03:30.308+0000] {processor.py:755} WARNING - No viable dags retrieved from /home/airflow/.local/lib/python3.7/site-packages/airflow/example_dags/subdags/subdag.py
[2026-09-30T21:03:30.324+0000] {processor.py:175} INFO - Processing /home/airflow/.local/lib/python3.7/site-packages/airflow/example_dags/subdags/subdag.py took 0.028 seconds
[2026-09-30T21:04:01.078+0000] {processor.py:153} INFO - Started process (PID=18921) to work on /home/airflow/.local/lib/python3.7/site-packages/airflow/example_dags/subdags/subdag.py
[2026-09-30T21:04:01.080+0000] {processor.py:743} INFO - Processing file /home/airflow/.local/lib/python3.7/site-packages/airflow/example_dags/subdags/subdag.py for tasks to queue
[2026-09-30T21:04:01.081+0000] {logging_mixin.py:137} INFO - [2026-09-30T21:04:01.081+0000] {dagbag.py:538} INFO - Filling up the DagBag from /home/airflow/.local/lib/python3.7/site-packages/airflow/example_dags/subdags/subdag.py
[2026-09-30T21:04:01.088+0000] {processor.py:755} WARNING - No viable dags retrieved from /home/airflow/.local/lib/python3.7/site-packages/airflow/example_dags/subdags/subdag.py
[2026-09-30T21:04:01.109+0000] {processor.py:175} INFO - Processing /home/airflow/.local/lib/python3.7/site-packages/airflow/example_dags/subdags/subdag.py took 0.036 seconds
[2026-09-30T21:04:31.629+0000] {processor.py:153} INFO - Started process (PID=19001) to work on /home/airflow/.local/lib/python3.7/site-packages/airflow/example_dags/subdags/subdag.py
[2026-09-30T21:04:31.630+0000] {processor.py:743} INFO - Processing file /home/airflow/.local/lib/python3.7/site-packages/airflow/example_dags/subdags/subdag.py for tasks to queue
[2026-09-30T21:04:31.631+0000] {logging_mixin.py:137} INFO - [2026-09-30T21:04:31.631+0000] {dagbag.py:538} INFO - Filling up the DagBag from /home/airflow/.local/lib/python3.7/site-packages/airflow/example_dags/subdags/subdag.py
[2026-09-30T21:04:31.635+0000] {processor.py:755} WARNING - No viable dags retrieved from /home/airflow/.local/lib/python3.7/site-packages/airflow/example_dags/subdags/subdag.py
[2026-09-30T21:04:31.652+0000] {processor.py:175} INFO - Processing /home/airflow/.local/lib/python3.7/site-packages/airflow/example_dags/subdags/subdag.py took 0.027 seconds
[2026-09-30T21:05:02.134+0000] {processor.py:153} INFO - Started process (PID=19089) to work on /home/airflow/.local/lib/python3.7/site-packages/airflow/example_dags/subdags/subdag.py
[2026-09-30T21:05:02.135+0000] {processor.py:743} INFO - Processing file /home/airflow/.local/lib/python3.7/site-packages/airflow/example_dags/subdags/subdag.py for tasks to queue
[2026-09-30T21:05:02.135+0000] {logging_mixin.py:137} INFO - [2026-09-30T21:05:02.135+0000] {dagbag.py:538} INFO - Filling up the DagBag from /home/airflow/.local/lib/python3.7/site-packages/airflow/example_dags/subdags/subdag.py
[2026-09-30T21:05:02.140+0000] {processor.py:755} WARNING - No viable dags retrieved from /home/airflow/.local/lib/python3.7/site-packages/airflow/example_dags/subdags/subdag.py
[2026-09-30T21:05:02.159+0000] {processor.py:175} INFO - Processing /home/airflow/.local/lib/python3.7/site-packages/airflow/example_dags/subdags/subdag.py took 0.029 seconds
[2026-09-30T21:05:33.088+0000] {processor.py:153} INFO - Started process (PID=19179) to work on /home/airflow/.local/lib/python3.7/site-packages/airflow/example_dags/subdags/subdag.py
[2026-09-30T21:05:33.089+0000] {processor.py:743} INFO - Processing file /home/airflow/.local/lib/python3.7/site-packages/airflow/example_dags/subdags/subdag.py for tasks to queue
[2026-09-30T21:05:33.091+0000] {logging_mixin.py:137} INFO - [2026-09-30T21:05:33.090+0000] {dagbag.py:538} INFO - Filling up the DagBag from /home/airflow/.local/lib/python3.7/site-packages/airflow/example_dags/subdags/subdag.py
[2026-09-30T21:05:33.097+0000] {processor.py:755} WARNING - No viable dags retrieved from /home/airflow/.local/lib/python3.7/site-packages/airflow/example_dags/subdags/subdag.py
[2026-09-30T21:05:33.119+0000] {processor.py:175} INFO - Processing /home/airflow/.local/lib/python3.7/site-packages/airflow/example_dags/subdags/subdag.py took 0.038 seconds
[2026-09-30T21:06:03.802+0000] {processor.py:153} INFO - Started process (PID=19258) to work on /home/airflow/.local/lib/python3.7/site-packages/airflow/example_dags/subdags/subdag.py
[2026-09-30T21:06:03.803+0000] {processor.py:743} INFO - Processing file /home/airflow/.local/lib/python3.7/site-packages/airflow/example_dags/subdags/subdag.py for tasks to queue
[2026-09-30T21:06:03.804+0000] {logging_mixin.py:137} INFO - [2026-09-30T21:06:03.804+0000] {dagbag.py:538} INFO - Filling up the DagBag from /home/airflow/.local/lib/python3.7/site-packages/airflow/example_dags/subdags/subdag.py
[2026-09-30T21:06:03.808+0000] {processor.py:755} WARNING - No viable dags retrieved from /home/airflow/.local/lib/python3.7/site-packages/airflow/example_dags/subdags/subdag.py
[2026-09-30T21:06:03.823+0000] {processor.py:175} INFO - Processing /home/airflow/.local/lib/python3.7/site-packages/airflow/example_dags/subdags/subdag.py took 0.025 seconds
[2026-09-30T21:06:33.927+0000] {processor.py:153} INFO - Started process (PID=19337) to work on /home/airflow/.local/lib/python3.7/site-packages/airflow/example_dags/subdags/subdag.py
[2026-09-30T21:06:33.928+0000] {processor.py:743} INFO - Processing file /home/airflow/.local/lib/python3.7/site-packages/airflow/example_dags/subdags/subdag.py for tasks to queue
[2026-09-30T21:06:33.929+0000] {logging_mixin.py:137} INFO - [2026-09-30T21:06:33.928+0000] {dagbag.py:538} INFO - Filling up the DagBag from /home/airflow/.local/lib/python3.7/site-packages/airflow/example_dags/subdags/subdag.py
[2026-09-30T21:06:33.932+0000] {processor.py:755} WARNING - No viable dags retrieved from /home/airflow/.local/lib/python3.7/site-packages/airflow/example_dags/subdags/subdag.py
[2026-09-30T21:06:33.949+0000] {processor.py:175} INFO - Processing /home/airflow/.local/lib/python3.7/site-packages/airflow/example_dags/subdags/subdag.py took 0.026 seconds
[2026-09-30T21:07:04.562+0000] {processor.py:153} INFO - Started process (PID=19436) to work on /home/airflow/.local/lib/python3.7/site-packages/airflow/example_dags/subdags/subdag.py
[2026-09-30T21:07:04.564+0000] {processor.py:743} INFO - Processing file /home/airflow/.local/lib/python3.7/site-packages/airflow/example_dags/subdags/subdag.py for tasks to queue
[2026-09-30T21:07:04.565+0000] {logging_mixin.py:137} INFO - [2026-09-30T21:07:04.564+0000] {dagbag.py:538} INFO - Filling up the DagBag from /home/airflow/.local/lib/python3.7/site-packages/airflow/example_dags/subdags/subdag.py
[2026-09-30T21:07:04.569+0000] {processor.py:755} WARNING - No viable dags retrieved from /home/airflow/.local/lib/python3.7/site-packages/airflow/example_dags/subdags/subdag.py
[2026-09-30T21:07:04.586+0000] {processor.py:175} INFO - Processing /home/airflow/.local/lib/python3.7/site-packages/airflow/example_dags/subdags/subdag.py took 0.027 seconds
[2026-09-30T21:07:34.844+0000] {processor.py:153} INFO - Started process (PID=19515) to work on /home/airflow/.local/lib/python3.7/site-packages/airflow/example_dags/subdags/subdag.py
[2026-09-30T21:07:34.846+0000] {processor.py:743} INFO - Processing file /home/airflow/.local/lib/python3.7/site-packages/airflow/example_dags/subdags/subdag.py for tasks to queue
[2026-09-30T21:07:34.847+0000] {logging_mixin.py:137} INFO - [2026-09-30T21:07:34.847+0000] {dagbag.py:538} INFO - Filling up the DagBag from /home/airflow/.local/lib/python3.7/site-packages/airflow/example_dags/subdags/subdag.py
[2026-09-30T21:07:34.853+0000] {processor.py:755} WARNING - No viable dags retrieved from /home/airflow/.local/lib/python3.7/site-packages/airflow/example_dags/subdags/subdag.py
[2026-09-30T21:07:34.873+0000] {processor.py:175} INFO - Processing /home/airflow/.local/lib/python3.7/site-packages/airflow/example_dags/subdags/subdag.py took 0.035 seconds
[2026-09-30T21:08:05.688+0000] {processor.py:153} INFO - Started process (PID=19594) to work on /home/airflow/.local/lib/python3.7/site-packages/airflow/example_dags/subdags/subdag.py
[2026-09-30T21:08:05.689+0000] {processor.py:743} INFO - Processing file /home/airflow/.local/lib/python3.7/site-packages/airflow/example_dags/subdags/subdag.py for tasks to queue
[2026-09-30T21:08:05.690+0000] {logging_mixin.py:137} INFO - [2026-09-30T21:08:05.690+0000] {dagbag.py:538} INFO - Filling up the DagBag from /home/airflow/.local/lib/python3.7/site-packages/airflow/example_dags/subdags/subdag.py
[2026-09-30T21:08:05.693+0000] {processor.py:755} WARNING - No viable dags retrieved from /home/airflow/.local/lib/python3.7/site-packages/airflow/example_dags/subdags/subdag.py
[2026-09-30T21:08:05.706+0000] {processor.py:175} INFO - Processing /home/airflow/.local/lib/python3.7/site-packages/airflow/example_dags/subdags/subdag.py took 0.021 seconds
[2026-09-30T21:08:35.904+0000] {processor.py:153} INFO - Started process (PID=19673) to work on /home/airflow/.local/lib/python3.7/site-packages/airflow/example_dags/subdags/subdag.py
[2026-09-30T21:08:35.905+0000] {processor.py:743} INFO - Processing file /home/airflow/.local/lib/python3.7/site-packages/airflow/example_dags/subdags/subdag.py for tasks to queue
[2026-09-30T21:08:35.905+0000] {logging_mixin.py:137} INFO - [2026-09-30T21:08:35.905+0000] {dagbag.py:538} INFO - Filling up the DagBag from /home/airflow/.local/lib/python3.7/site-packages/airflow/example_dags/subdags/subdag.py
[2026-09-30T21:08:35.909+0000] {processor.py:755} WARNING - No viable dags retrieved from /home/airflow/.local/lib/python3.7/site-packages/airflow/example_dags/subdags/subdag.py
[2026-09-30T21:08:35.928+0000] {processor.py:175} INFO - Processing /home/airflow/.local/lib/python3.7/site-packages/airflow/example_dags/subdags/subdag.py took 0.029 seconds
[2026-09-30T21:09:06.153+0000] {processor.py:153} INFO - Started process (PID=19772) to work on /home/airflow/.local/lib/python3.7/site-packages/airflow/example_dags/subdags/subdag.py
[2026-09-30T21:09:06.154+0000] {processor.py:743} INFO - Processing file /home/airflow/.local/lib/python3.7/site-packages/airflow/example_dags/subdags/subdag.py for tasks to queue
[2026-09-30T21:09:06.155+0000] {logging_mixin.py:137} INFO - [2026-09-30T21:09:06.154+0000] {dagbag.py:538} INFO - Filling up the DagBag from /home/airflow/.local/lib/python3.7/site-packages/airflow/example_dags/subdags/subdag.py
[2026-09-30T21:09:06.159+0000] {processor.py:755} WARNING - No viable dags retrieved from /home/airflow/.local/lib/python3.7/site-packages/airflow/example_dags/subdags/subdag.py
[2026-09-30T21:09:06.176+0000] {processor.py:175} INFO - Processing /home/airflow/.local/lib/python3.7/site-packages/airflow/example_dags/subdags/subdag.py took 0.026 seconds
[2026-09-30T21:09:36.350+0000] {processor.py:153} INFO - Started process (PID=19850) to work on /home/airflow/.local/lib/python3.7/site-packages/airflow/example_dags/subdags/subdag.py
[2026-09-30T21:09:36.351+0000] {processor.py:743} INFO - Processing file /home/airflow/.local/lib/python3.7/site-packages/airflow/example_dags/subdags/subdag.py for tasks to queue
[2026-09-30T21:09:36.352+0000] {logging_mixin.py:137} INFO - [2026-09-30T21:09:36.352+0000] {dagbag.py:538} INFO - Filling up the DagBag from /home/airflow/.local/lib/python3.7/site-packages/airflow/example_dags/subdags/subdag.py
[2026-09-30T21:09:36.357+0000] {processor.py:755} WARNING - No viable dags retrieved from /home/airflow/.local/lib/python3.7/site-packages/airflow/example_dags/subdags/subdag.py
[2026-09-30T21:09:36.372+0000] {processor.py:175} INFO - Processing /home/airflow/.local/lib/python3.7/site-packages/airflow/example_dags/subdags/subdag.py took 0.025 seconds
[2026-09-30T21:10:07.661+0000] {processor.py:153} INFO - Started process (PID=19930) to work on /home/airflow/.local/lib/python3.7/site-packages/airflow/example_dags/subdags/subdag.py
[2026-09-30T21:10:07.662+0000] {processor.py:743} INFO - Processing file /home/airflow/.local/lib/python3.7/site-packages/airflow/example_dags/subdags/subdag.py for tasks to queue
[2026-09-30T21:10:07.663+0000] {logging_mixin.py:137} INFO - [2026-09-30T21:10:07.663+0000] {dagbag.py:538} INFO - Filling up the DagBag from /home/airflow/.local/lib/python3.7/site-packages/airflow/example_dags/subdags/subdag.py
[2026-09-30T21:10:07.667+0000] {processor.py:755} WARNING - No viable dags retrieved from /home/airflow/.local/lib/python3.7/site-packages/airflow/example_dags/subdags/subdag.py
[2026-09-30T21:10:07.683+0000] {processor.py:175} INFO - Processing /home/airflow/.local/lib/python3.7/site-packages/airflow/example_dags/subdags/subdag.py took 0.026 seconds
[2026-09-30T21:10:37.953+0000] {processor.py:153} INFO - Started process (PID=20009) to work on /home/airflow/.local/lib/python3.7/site-packages/airflow/example_dags/subdags/subdag.py
[2026-09-30T21:10:37.954+0000] {processor.py:743} INFO - Processing file /home/airflow/.local/lib/python3.7/site-packages/airflow/example_dags/subdags/subdag.py for tasks to queue
[2026-09-30T21:10:37.954+0000] {logging_mixin.py:137} INFO - [2026-09-30T21:10:37.954+0000] {dagbag.py:538} INFO - Filling up the DagBag from /home/airflow/.local/lib/python3.7/site-packages/airflow/example_dags/subdags/subdag.py
[2026-09-30T21:10:37.959+0000] {processor.py:755} WARNING - No viable dags retrieved from /home/airflow/.local/lib/python3.7/site-packages/airflow/example_dags/subdags/subdag.py
[2026-09-30T21:10:37.977+0000] {processor.py:175} INFO - Processing /home/airflow/.local/lib/python3.7/site-packages/airflow/example_dags/subdags/subdag.py took 0.029 seconds
[2026-09-30T21:11:08.078+0000] {processor.py:153} INFO - Started process (PID=20108) to work on /home/airflow/.local/lib/python3.7/site-packages/airflow/example_dags/subdags/subdag.py
[2026-09-30T21:11:08.079+0000] {processor.py:743} INFO - Processing file /home/airflow/.local/lib/python3.7/site-packages/airflow/example_dags/subdags/subdag.py for tasks to queue
[2026-09-30T21:11:08.079+0000] {logging_mixin.py:137} INFO - [2026-09-30T21:11:08.079+0000] {dagbag.py:538} INFO - Filling up the DagBag from /home/airflow/.local/lib/python3.7/site-packages/airflow/example_dags/subdags/subdag.py
[2026-09-30T21:11:08.083+0000] {processor.py:755} WARNING - No viable dags retrieved from /home/airflow/.local/lib/python3.7/site-packages/airflow/example_dags/subdags/subdag.py
[2026-09-30T21:11:08.100+0000] {processor.py:175} INFO - Processing /home/airflow/.local/lib/python3.7/site-packages/airflow/example_dags/subdags/subdag.py took 0.026 seconds
[2026-09-30T21:11:39.168+0000] {processor.py:153} INFO - Started process (PID=20187) to work on /home/airflow/.local/lib/python3.7/site-packages/airflow/example_dags/subdags/subdag.py
[2026-09-30T21:11:39.169+0000] {processor.py:743} INFO - Processing file /home/airflow/.local/lib/python3.7/site-packages/airflow/example_dags/subdags/subdag.py for tasks to queue
[2026-09-30T21:11:39.170+0000] {logging_mixin.py:137} INFO - [2026-09-30T21:11:39.170+0000] {dagbag.py:538} INFO - Filling up the DagBag from /home/airflow/.local/lib/python3.7/site-packages/airflow/example_dags/subdags/subdag.py
[2026-09-30T21:11:39.174+0000] {processor.py:755} WARNING - No viable dags retrieved from /home/airflow/.local/lib/python3.7/site-packages/airflow/example_dags/subdags/subdag.py
[2026-09-30T21:11:39.191+0000] {processor.py:175} INFO - Processing /home/airflow/.local/lib/python3.7/site-packages/airflow/example_dags/subdags/subdag.py took 0.028 seconds
[2026-09-30T21:12:09.565+0000] {processor.py:153} INFO - Started process (PID=20266) to work on /home/airflow/.local/lib/python3.7/site-packages/airflow/example_dags/subdags/subdag.py
[2026-09-30T21:12:09.566+0000] {processor.py:743} INFO - Processing file /home/airflow/.local/lib/python3.7/site-packages/airflow/example_dags/subdags/subdag.py for tasks to queue
[2026-09-30T21:12:09.567+0000] {logging_mixin.py:137} INFO - [2026-09-30T21:12:09.567+0000] {dagbag.py:538} INFO - Filling up the DagBag from /home/airflow/.local/lib/python3.7/site-packages/airflow/example_dags/subdags/subdag.py
[2026-09-30T21:12:09.571+0000] {processor.py:755} WARNING - No viable dags retrieved from /home/airflow/.local/lib/python3.7/site-packages/airflow/example_dags/subdags/subdag.py
[2026-09-30T21:12:09.586+0000] {processor.py:175} INFO - Processing /home/airflow/.local/lib/python3.7/site-packages/airflow/example_dags/subdags/subdag.py took 0.025 seconds
[2026-09-30T21:12:40.631+0000] {processor.py:153} INFO - Started process (PID=20345) to work on /home/airflow/.local/lib/python3.7/site-packages/airflow/example_dags/subdags/subdag.py
[2026-09-30T21:12:40.632+0000] {processor.py:743} INFO - Processing file /home/airflow/.local/lib/python3.7/site-packages/airflow/example_dags/subdags/subdag.py for tasks to queue
[2026-09-30T21:12:40.632+0000] {logging_mixin.py:137} INFO - [2026-09-30T21:12:40.632+0000] {dagbag.py:538} INFO - Filling up the DagBag from /home/airflow/.local/lib/python3.7/site-packages/airflow/example_dags/subdags/subdag.py
[2026-09-30T21:12:40.636+0000] {processor.py:755} WARNING - No viable dags retrieved from /home/airflow/.local/lib/python3.7/site-packages/airflow/example_dags/subdags/subdag.py
[2026-09-30T21:12:40.655+0000] {processor.py:175} INFO - Processing /home/airflow/.local/lib/python3.7/site-packages/airflow/example_dags/subdags/subdag.py took 0.028 seconds
[2026-09-30T21:13:10.751+0000] {processor.py:153} INFO - Started process (PID=20444) to work on /home/airflow/.local/lib/python3.7/site-packages/airflow/example_dags/subdags/subdag.py
[2026-09-30T21:13:10.753+0000] {processor.py:743} INFO - Processing file /home/airflow/.local/lib/python3.7/site-packages/airflow/example_dags/subdags/subdag.py for tasks to queue
[2026-09-30T21:13:10.754+0000] {logging_mixin.py:137} INFO - [2026-09-30T21:13:10.754+0000] {dagbag.py:538} INFO - Filling up the DagBag from /home/airflow/.local/lib/python3.7/site-packages/airflow/example_dags/subdags/subdag.py
[2026-09-30T21:13:10.759+0000] {processor.py:755} WARNING - No viable dags retrieved from /home/airflow/.local/lib/python3.7/site-packages/airflow/example_dags/subdags/subdag.py
[2026-09-30T21:13:10.782+0000] {processor.py:175} INFO - Processing /home/airflow/.local/lib/python3.7/site-packages/airflow/example_dags/subdags/subdag.py took 0.039 seconds
[2026-09-30T21:13:41.565+0000] {processor.py:153} INFO - Started process (PID=20523) to work on /home/airflow/.local/lib/python3.7/site-packages/airflow/example_dags/subdags/subdag.py
[2026-09-30T21:13:41.566+0000] {processor.py:743} INFO - Processing file /home/airflow/.local/lib/python3.7/site-packages/airflow/example_dags/subdags/subdag.py for tasks to queue
[2026-09-30T21:13:41.567+0000] {logging_mixin.py:137} INFO - [2026-09-30T21:13:41.567+0000] {dagbag.py:538} INFO - Filling up the DagBag from /home/airflow/.local/lib/python3.7/site-packages/airflow/example_dags/subdags/subdag.py
[2026-09-30T21:13:41.571+0000] {processor.py:755} WARNING - No viable dags retrieved from /home/airflow/.local/lib/python3.7/site-packages/airflow/example_dags/subdags/subdag.py
[2026-09-30T21:13:41.589+0000] {processor.py:175} INFO - Processing /home/airflow/.local/lib/python3.7/site-packages/airflow/example_dags/subdags/subdag.py took 0.027 seconds
[2026-09-30T21:14:12.107+0000] {processor.py:153} INFO - Started process (PID=20602) to work on /home/airflow/.local/lib/python3.7/site-packages/airflow/example_dags/subdags/subdag.py
[2026-09-30T21:14:12.109+0000] {processor.py:743} INFO - Processing file /home/airflow/.local/lib/python3.7/site-packages/airflow/example_dags/subdags/subdag.py for tasks to queue
[2026-09-30T21:14:12.109+0000] {logging_mixin.py:137} INFO - [2026-09-30T21:14:12.109+0000] {dagbag.py:538} INFO - Filling up the DagBag from /home/airflow/.local/lib/python3.7/site-packages/airflow/example_dags/subdags/subdag.py
[2026-09-30T21:14:12.113+0000] {processor.py:755} WARNING - No viable dags retrieved from /home/airflow/.local/lib/python3.7/site-packages/airflow/example_dags/subdags/subdag.py
[2026-09-30T21:14:12.129+0000] {processor.py:175} INFO - Processing /home/airflow/.local/lib/python3.7/site-packages/airflow/example_dags/subdags/subdag.py took 0.025 seconds
[2026-09-30T21:14:42.707+0000] {processor.py:153} INFO - Started process (PID=20681) to work on /home/airflow/.local/lib/python3.7/site-packages/airflow/example_dags/subdags/subdag.py
[2026-09-30T21:14:42.708+0000] {processor.py:743} INFO - Processing file /home/airflow/.local/lib/python3.7/site-packages/airflow/example_dags/subdags/subdag.py for tasks to queue
[2026-09-30T21:14:42.709+0000] {logging_mixin.py:137} INFO - [2026-09-30T21:14:42.708+0000] {dagbag.py:538} INFO - Filling up the DagBag from /home/airflow/.local/lib/python3.7/site-packages/airflow/example_dags/subdags/subdag.py
[2026-09-30T21:14:42.713+0000] {processor.py:755} WARNING - No viable dags retrieved from /home/airflow/.local/lib/python3.7/site-packages/airflow/example_dags/subdags/subdag.py
[2026-09-30T21:14:42.730+0000] {processor.py:175} INFO - Processing /home/airflow/.local/lib/python3.7/site-packages/airflow/example_dags/subdags/subdag.py took 0.027 seconds
[2026-09-30T21:15:13.493+0000] {processor.py:153} INFO - Started process (PID=20780) to work on /home/airflow/.local/lib/python3.7/site-packages/airflow/example_dags/subdags/subdag.py
[2026-09-30T21:15:13.494+0000] {processor.py:743} INFO - Processing file /home/airflow/.local/lib/python3.7/site-packages/airflow/example_dags/subdags/subdag.py for tasks to queue
[2026-09-30T21:15:13.495+0000] {logging_mixin.py:137} INFO - [2026-09-30T21:15:13.495+0000] {dagbag.py:538} INFO - Filling up the DagBag from /home/airflow/.local/lib/python3.7/site-packages/airflow/example_dags/subdags/subdag.py
[2026-09-30T21:15:13.499+0000] {processor.py:755} WARNING - No viable dags retrieved from /home/airflow/.local/lib/python3.7/site-packages/airflow/example_dags/subdags/subdag.py
[2026-09-30T21:15:13.516+0000] {processor.py:175} INFO - Processing /home/airflow/.local/lib/python3.7/site-packages/airflow/example_dags/subdags/subdag.py took 0.027 seconds
[2026-09-30T21:15:44.686+0000] {processor.py:153} INFO - Started process (PID=20859) to work on /home/airflow/.local/lib/python3.7/site-packages/airflow/example_dags/subdags/subdag.py
[2026-09-30T21:15:44.687+0000] {processor.py:743} INFO - Processing file /home/airflow/.local/lib/python3.7/site-packages/airflow/example_dags/subdags/subdag.py for tasks to queue
[2026-09-30T21:15:44.688+0000] {logging_mixin.py:137} INFO - [2026-09-30T21:15:44.687+0000] {dagbag.py:538} INFO - Filling up the DagBag from /home/airflow/.local/lib/python3.7/site-packages/airflow/example_dags/subdags/subdag.py
[2026-09-30T21:15:44.693+0000] {processor.py:755} WARNING - No viable dags retrieved from /home/airflow/.local/lib/python3.7/site-packages/airflow/example_dags/subdags/subdag.py
[2026-09-30T21:15:44.710+0000] {processor.py:175} INFO - Processing /home/airflow/.local/lib/python3.7/site-packages/airflow/example_dags/subdags/subdag.py took 0.028 seconds
[2026-09-30T21:16:14.831+0000] {processor.py:153} INFO - Started process (PID=20938) to work on /home/airflow/.local/lib/python3.7/site-packages/airflow/example_dags/subdags/subdag.py
[2026-09-30T21:16:14.832+0000] {processor.py:743} INFO - Processing file /home/airflow/.local/lib/python3.7/site-packages/airflow/example_dags/subdags/subdag.py for tasks to queue
[2026-09-30T21:16:14.833+0000] {logging_mixin.py:137} INFO - [2026-09-30T21:16:14.832+0000] {dagbag.py:538} INFO - Filling up the DagBag from /home/airflow/.local/lib/python3.7/site-packages/airflow/example_dags/subdags/subdag.py
[2026-09-30T21:16:14.837+0000] {processor.py:755} WARNING - No viable dags retrieved from /home/airflow/.local/lib/python3.7/site-packages/airflow/example_dags/subdags/subdag.py
[2026-09-30T21:16:14.852+0000] {processor.py:175} INFO - Processing /home/airflow/.local/lib/python3.7/site-packages/airflow/example_dags/subdags/subdag.py took 0.025 seconds
[2026-09-30T21:16:45.010+0000] {processor.py:153} INFO - Started process (PID=21016) to work on /home/airflow/.local/lib/python3.7/site-packages/airflow/example_dags/subdags/subdag.py
[2026-09-30T21:16:45.011+0000] {processor.py:743} INFO - Processing file /home/airflow/.local/lib/python3.7/site-packages/airflow/example_dags/subdags/subdag.py for tasks to queue
[2026-09-30T21:16:45.012+0000] {logging_mixin.py:137} INFO - [2026-09-30T21:16:45.011+0000] {dagbag.py:538} INFO - Filling up the DagBag from /home/airflow/.local/lib/python3.7/site-packages/airflow/example_dags/subdags/subdag.py
[2026-09-30T21:16:45.016+0000] {processor.py:755} WARNING - No viable dags retrieved from /home/airflow/.local/lib/python3.7/site-packages/airflow/example_dags/subdags/subdag.py
[2026-09-30T21:16:45.032+0000] {processor.py:175} INFO - Processing /home/airflow/.local/lib/python3.7/site-packages/airflow/example_dags/subdags/subdag.py took 0.025 seconds
[2026-09-30T21:17:15.957+0000] {processor.py:153} INFO - Started process (PID=21116) to work on /home/airflow/.local/lib/python3.7/site-packages/airflow/example_dags/subdags/subdag.py
[2026-09-30T21:17:15.958+0000] {processor.py:743} INFO - Processing file /home/airflow/.local/lib/python3.7/site-packages/airflow/example_dags/subdags/subdag.py for tasks to queue
[2026-09-30T21:17:15.960+0000] {logging_mixin.py:137} INFO - [2026-09-30T21:17:15.960+0000] {dagbag.py:538} INFO - Filling up the DagBag from /home/airflow/.local/lib/python3.7/site-packages/airflow/example_dags/subdags/subdag.py
[2026-09-30T21:17:15.964+0000] {processor.py:755} WARNING - No viable dags retrieved from /home/airflow/.local/lib/python3.7/site-packages/airflow/example_dags/subdags/subdag.py
[2026-09-30T21:17:15.981+0000] {processor.py:175} INFO - Processing /home/airflow/.local/lib/python3.7/site-packages/airflow/example_dags/subdags/subdag.py took 0.028 seconds
[2026-09-30T21:17:46.493+0000] {processor.py:153} INFO - Started process (PID=21195) to work on /home/airflow/.local/lib/python3.7/site-packages/airflow/example_dags/subdags/subdag.py
[2026-09-30T21:17:46.494+0000] {processor.py:743} INFO - Processing file /home/airflow/.local/lib/python3.7/site-packages/airflow/example_dags/subdags/subdag.py for tasks to queue
[2026-09-30T21:17:46.495+0000] {logging_mixin.py:137} INFO - [2026-09-30T21:17:46.495+0000] {dagbag.py:538} INFO - Filling up the DagBag from /home/airflow/.local/lib/python3.7/site-packages/airflow/example_dags/subdags/subdag.py
[2026-09-30T21:17:46.499+0000] {processor.py:755} WARNING - No viable dags retrieved from /home/airflow/.local/lib/python3.7/site-packages/airflow/example_dags/subdags/subdag.py
[2026-09-30T21:17:46.515+0000] {processor.py:175} INFO - Processing /home/airflow/.local/lib/python3.7/site-packages/airflow/example_dags/subdags/subdag.py took 0.026 seconds
[2026-09-30T21:18:17.479+0000] {processor.py:153} INFO - Started process (PID=21274) to work on /home/airflow/.local/lib/python3.7/site-packages/airflow/example_dags/subdags/subdag.py
[2026-09-30T21:18:17.480+0000] {processor.py:743} INFO - Processing file /home/airflow/.local/lib/python3.7/site-packages/airflow/example_dags/subdags/subdag.py for tasks to queue
[2026-09-30T21:18:17.482+0000] {logging_mixin.py:137} INFO - [2026-09-30T21:18:17.482+0000] {dagbag.py:538} INFO - Filling up the DagBag from /home/airflow/.local/lib/python3.7/site-packages/airflow/example_dags/subdags/subdag.py
[2026-09-30T21:18:17.486+0000] {processor.py:755} WARNING - No viable dags retrieved from /home/airflow/.local/lib/python3.7/site-packages/airflow/example_dags/subdags/subdag.py
[2026-09-30T21:18:17.502+0000] {processor.py:175} INFO - Processing /home/airflow/.local/lib/python3.7/site-packages/airflow/example_dags/subdags/subdag.py took 0.026 seconds
[2026-09-30T21:18:48.107+0000] {processor.py:153} INFO - Started process (PID=21362) to work on /home/airflow/.local/lib/python3.7/site-packages/airflow/example_dags/subdags/subdag.py
[2026-09-30T21:18:48.108+0000] {processor.py:743} INFO - Processing file /home/airflow/.local/lib/python3.7/site-packages/airflow/example_dags/subdags/subdag.py for tasks to queue
[2026-09-30T21:18:48.110+0000] {logging_mixin.py:137} INFO - [2026-09-30T21:18:48.109+0000] {dagbag.py:538} INFO - Filling up the DagBag from /home/airflow/.local/lib/python3.7/site-packages/airflow/example_dags/subdags/subdag.py
[2026-09-30T21:18:48.114+0000] {processor.py:755} WARNING - No viable dags retrieved from /home/airflow/.local/lib/python3.7/site-packages/airflow/example_dags/subdags/subdag.py
[2026-09-30T21:18:48.132+0000] {processor.py:175} INFO - Processing /home/airflow/.local/lib/python3.7/site-packages/airflow/example_dags/subdags/subdag.py took 0.031 seconds
[2026-09-30T21:19:18.405+0000] {processor.py:153} INFO - Started process (PID=21451) to work on /home/airflow/.local/lib/python3.7/site-packages/airflow/example_dags/subdags/subdag.py
[2026-09-30T21:19:18.406+0000] {processor.py:743} INFO - Processing file /home/airflow/.local/lib/python3.7/site-packages/airflow/example_dags/subdags/subdag.py for tasks to queue
[2026-09-30T21:19:18.407+0000] {logging_mixin.py:137} INFO - [2026-09-30T21:19:18.407+0000] {dagbag.py:538} INFO - Filling up the DagBag from /home/airflow/.local/lib/python3.7/site-packages/airflow/example_dags/subdags/subdag.py
[2026-09-30T21:19:18.411+0000] {processor.py:755} WARNING - No viable dags retrieved from /home/airflow/.local/lib/python3.7/site-packages/airflow/example_dags/subdags/subdag.py
[2026-09-30T21:19:18.425+0000] {processor.py:175} INFO - Processing /home/airflow/.local/lib/python3.7/site-packages/airflow/example_dags/subdags/subdag.py took 0.024 seconds
[2026-09-30T21:19:49.364+0000] {processor.py:153} INFO - Started process (PID=21531) to work on /home/airflow/.local/lib/python3.7/site-packages/airflow/example_dags/subdags/subdag.py
[2026-09-30T21:19:49.365+0000] {processor.py:743} INFO - Processing file /home/airflow/.local/lib/python3.7/site-packages/airflow/example_dags/subdags/subdag.py for tasks to queue
[2026-09-30T21:19:49.366+0000] {logging_mixin.py:137} INFO - [2026-09-30T21:19:49.366+0000] {dagbag.py:538} INFO - Filling up the DagBag from /home/airflow/.local/lib/python3.7/site-packages/airflow/example_dags/subdags/subdag.py
[2026-09-30T21:19:49.372+0000] {processor.py:755} WARNING - No viable dags retrieved from /home/airflow/.local/lib/python3.7/site-packages/airflow/example_dags/subdags/subdag.py
[2026-09-30T21:19:49.394+0000] {processor.py:175} INFO - Processing /home/airflow/.local/lib/python3.7/site-packages/airflow/example_dags/subdags/subdag.py took 0.037 seconds
[2026-09-30T21:20:20.150+0000] {processor.py:153} INFO - Started process (PID=21610) to work on /home/airflow/.local/lib/python3.7/site-packages/airflow/example_dags/subdags/subdag.py
[2026-09-30T21:20:20.151+0000] {processor.py:743} INFO - Processing file /home/airflow/.local/lib/python3.7/site-packages/airflow/example_dags/subdags/subdag.py for tasks to queue
[2026-09-30T21:20:20.152+0000] {logging_mixin.py:137} INFO - [2026-09-30T21:20:20.152+0000] {dagbag.py:538} INFO - Filling up the DagBag from /home/airflow/.local/lib/python3.7/site-packages/airflow/example_dags/subdags/subdag.py
[2026-09-30T21:20:20.156+0000] {processor.py:755} WARNING - No viable dags retrieved from /home/airflow/.local/lib/python3.7/site-packages/airflow/example_dags/subdags/subdag.py
[2026-09-30T21:20:20.175+0000] {processor.py:175} INFO - Processing /home/airflow/.local/lib/python3.7/site-packages/airflow/example_dags/subdags/subdag.py took 0.029 seconds
[2026-09-30T21:20:50.426+0000] {processor.py:153} INFO - Started process (PID=21709) to work on /home/airflow/.local/lib/python3.7/site-packages/airflow/example_dags/subdags/subdag.py
[2026-09-30T21:20:50.427+0000] {processor.py:743} INFO - Processing file /home/airflow/.local/lib/python3.7/site-packages/airflow/example_dags/subdags/subdag.py for tasks to queue
[2026-09-30T21:20:50.428+0000] {logging_mixin.py:137} INFO - [2026-09-30T21:20:50.427+0000] {dagbag.py:538} INFO - Filling up the DagBag from /home/airflow/.local/lib/python3.7/site-packages/airflow/example_dags/subdags/subdag.py
[2026-09-30T21:20:50.431+0000] {processor.py:755} WARNING - No viable dags retrieved from /home/airflow/.local/lib/python3.7/site-packages/airflow/example_dags/subdags/subdag.py
[2026-09-30T21:20:50.445+0000] {processor.py:175} INFO - Processing /home/airflow/.local/lib/python3.7/site-packages/airflow/example_dags/subdags/subdag.py took 0.022 seconds
[2026-09-30T21:21:20.927+0000] {processor.py:153} INFO - Started process (PID=21788) to work on /home/airflow/.local/lib/python3.7/site-packages/airflow/example_dags/subdags/subdag.py
[2026-09-30T21:21:20.928+0000] {processor.py:743} INFO - Processing file /home/airflow/.local/lib/python3.7/site-packages/airflow/example_dags/subdags/subdag.py for tasks to queue
[2026-09-30T21:21:20.929+0000] {logging_mixin.py:137} INFO - [2026-09-30T21:21:20.929+0000] {dagbag.py:538} INFO - Filling up the DagBag from /home/airflow/.local/lib/python3.7/site-packages/airflow/example_dags/subdags/subdag.py
[2026-09-30T21:21:20.933+0000] {processor.py:755} WARNING - No viable dags retrieved from /home/airflow/.local/lib/python3.7/site-packages/airflow/example_dags/subdags/subdag.py
[2026-09-30T21:21:20.948+0000] {processor.py:175} INFO - Processing /home/airflow/.local/lib/python3.7/site-packages/airflow/example_dags/subdags/subdag.py took 0.025 seconds
[2026-09-30T21:21:51.852+0000] {processor.py:153} INFO - Started process (PID=21867) to work on /home/airflow/.local/lib/python3.7/site-packages/airflow/example_dags/subdags/subdag.py
[2026-09-30T21:21:51.854+0000] {processor.py:743} INFO - Processing file /home/airflow/.local/lib/python3.7/site-packages/airflow/example_dags/subdags/subdag.py for tasks to queue
[2026-09-30T21:21:51.855+0000] {logging_mixin.py:137} INFO - [2026-09-30T21:21:51.855+0000] {dagbag.py:538} INFO - Filling up the DagBag from /home/airflow/.local/lib/python3.7/site-packages/airflow/example_dags/subdags/subdag.py
[2026-09-30T21:21:51.862+0000] {processor.py:755} WARNING - No viable dags retrieved from /home/airflow/.local/lib/python3.7/site-packages/airflow/example_dags/subdags/subdag.py
[2026-09-30T21:21:51.881+0000] {processor.py:175} INFO - Processing /home/airflow/.local/lib/python3.7/site-packages/airflow/example_dags/subdags/subdag.py took 0.035 seconds
[2026-09-30T21:22:22.654+0000] {processor.py:153} INFO - Started process (PID=21946) to work on /home/airflow/.local/lib/python3.7/site-packages/airflow/example_dags/subdags/subdag.py
[2026-09-30T21:22:22.656+0000] {processor.py:743} INFO - Processing file /home/airflow/.local/lib/python3.7/site-packages/airflow/example_dags/subdags/subdag.py for tasks to queue
[2026-09-30T21:22:22.657+0000] {logging_mixin.py:137} INFO - [2026-09-30T21:22:22.657+0000] {dagbag.py:538} INFO - Filling up the DagBag from /home/airflow/.local/lib/python3.7/site-packages/airflow/example_dags/subdags/subdag.py
[2026-09-30T21:22:22.665+0000] {processor.py:755} WARNING - No viable dags retrieved from /home/airflow/.local/lib/python3.7/site-packages/airflow/example_dags/subdags/subdag.py
[2026-09-30T21:22:22.690+0000] {processor.py:175} INFO - Processing /home/airflow/.local/lib/python3.7/site-packages/airflow/example_dags/subdags/subdag.py took 0.041 seconds
[2026-09-30T21:22:53.302+0000] {processor.py:153} INFO - Started process (PID=22045) to work on /home/airflow/.local/lib/python3.7/site-packages/airflow/example_dags/subdags/subdag.py
[2026-09-30T21:22:53.303+0000] {processor.py:743} INFO - Processing file /home/airflow/.local/lib/python3.7/site-packages/airflow/example_dags/subdags/subdag.py for tasks to queue
[2026-09-30T21:22:53.304+0000] {logging_mixin.py:137} INFO - [2026-09-30T21:22:53.304+0000] {dagbag.py:538} INFO - Filling up the DagBag from /home/airflow/.local/lib/python3.7/site-packages/airflow/example_dags/subdags/subdag.py
[2026-09-30T21:22:53.309+0000] {processor.py:755} WARNING - No viable dags retrieved from /home/airflow/.local/lib/python3.7/site-packages/airflow/example_dags/subdags/subdag.py
[2026-09-30T21:22:53.327+0000] {processor.py:175} INFO - Processing /home/airflow/.local/lib/python3.7/site-packages/airflow/example_dags/subdags/subdag.py took 0.030 seconds
[2026-09-30T21:23:23.623+0000] {processor.py:153} INFO - Started process (PID=22124) to work on /home/airflow/.local/lib/python3.7/site-packages/airflow/example_dags/subdags/subdag.py
[2026-09-30T21:23:23.624+0000] {processor.py:743} INFO - Processing file /home/airflow/.local/lib/python3.7/site-packages/airflow/example_dags/subdags/subdag.py for tasks to queue
[2026-09-30T21:23:23.625+0000] {logging_mixin.py:137} INFO - [2026-09-30T21:23:23.625+0000] {dagbag.py:538} INFO - Filling up the DagBag from /home/airflow/.local/lib/python3.7/site-packages/airflow/example_dags/subdags/subdag.py
[2026-09-30T21:23:23.632+0000] {processor.py:755} WARNING - No viable dags retrieved from /home/airflow/.local/lib/python3.7/site-packages/airflow/example_dags/subdags/subdag.py
[2026-09-30T21:23:23.650+0000] {processor.py:175} INFO - Processing /home/airflow/.local/lib/python3.7/site-packages/airflow/example_dags/subdags/subdag.py took 0.031 seconds
[2026-09-30T21:23:54.658+0000] {processor.py:153} INFO - Started process (PID=22203) to work on /home/airflow/.local/lib/python3.7/site-packages/airflow/example_dags/subdags/subdag.py
[2026-09-30T21:23:54.660+0000] {processor.py:743} INFO - Processing file /home/airflow/.local/lib/python3.7/site-packages/airflow/example_dags/subdags/subdag.py for tasks to queue
[2026-09-30T21:23:54.661+0000] {logging_mixin.py:137} INFO - [2026-09-30T21:23:54.661+0000] {dagbag.py:538} INFO - Filling up the DagBag from /home/airflow/.local/lib/python3.7/site-packages/airflow/example_dags/subdags/subdag.py
[2026-09-30T21:23:54.667+0000] {processor.py:755} WARNING - No viable dags retrieved from /home/airflow/.local/lib/python3.7/site-packages/airflow/example_dags/subdags/subdag.py
[2026-09-30T21:23:54.688+0000] {processor.py:175} INFO - Processing /home/airflow/.local/lib/python3.7/site-packages/airflow/example_dags/subdags/subdag.py took 0.036 seconds
[2026-09-30T21:24:24.955+0000] {processor.py:153} INFO - Started process (PID=22293) to work on /home/airflow/.local/lib/python3.7/site-packages/airflow/example_dags/subdags/subdag.py
[2026-09-30T21:24:24.957+0000] {processor.py:743} INFO - Processing file /home/airflow/.local/lib/python3.7/site-packages/airflow/example_dags/subdags/subdag.py for tasks to queue
[2026-09-30T21:24:24.957+0000] {logging_mixin.py:137} INFO - [2026-09-30T21:24:24.957+0000] {dagbag.py:538} INFO - Filling up the DagBag from /home/airflow/.local/lib/python3.7/site-packages/airflow/example_dags/subdags/subdag.py
[2026-09-30T21:24:24.962+0000] {processor.py:755} WARNING - No viable dags retrieved from /home/airflow/.local/lib/python3.7/site-packages/airflow/example_dags/subdags/subdag.py
[2026-09-30T21:24:24.979+0000] {processor.py:175} INFO - Processing /home/airflow/.local/lib/python3.7/site-packages/airflow/example_dags/subdags/subdag.py took 0.027 seconds
[2026-09-30T21:24:55.313+0000] {processor.py:153} INFO - Started process (PID=22387) to work on /home/airflow/.local/lib/python3.7/site-packages/airflow/example_dags/subdags/subdag.py
[2026-09-30T21:24:55.314+0000] {processor.py:743} INFO - Processing file /home/airflow/.local/lib/python3.7/site-packages/airflow/example_dags/subdags/subdag.py for tasks to queue
[2026-09-30T21:24:55.315+0000] {logging_mixin.py:137} INFO - [2026-09-30T21:24:55.314+0000] {dagbag.py:538} INFO - Filling up the DagBag from /home/airflow/.local/lib/python3.7/site-packages/airflow/example_dags/subdags/subdag.py
[2026-09-30T21:24:55.319+0000] {processor.py:755} WARNING - No viable dags retrieved from /home/airflow/.local/lib/python3.7/site-packages/airflow/example_dags/subdags/subdag.py
[2026-09-30T21:24:55.334+0000] {processor.py:175} INFO - Processing /home/airflow/.local/lib/python3.7/site-packages/airflow/example_dags/subdags/subdag.py took 0.026 seconds
[2026-09-30T21:25:25.602+0000] {processor.py:153} INFO - Started process (PID=22472) to work on /home/airflow/.local/lib/python3.7/site-packages/airflow/example_dags/subdags/subdag.py
[2026-09-30T21:25:25.603+0000] {processor.py:743} INFO - Processing file /home/airflow/.local/lib/python3.7/site-packages/airflow/example_dags/subdags/subdag.py for tasks to queue
[2026-09-30T21:25:25.604+0000] {logging_mixin.py:137} INFO - [2026-09-30T21:25:25.604+0000] {dagbag.py:538} INFO - Filling up the DagBag from /home/airflow/.local/lib/python3.7/site-packages/airflow/example_dags/subdags/subdag.py
[2026-09-30T21:25:25.608+0000] {processor.py:755} WARNING - No viable dags retrieved from /home/airflow/.local/lib/python3.7/site-packages/airflow/example_dags/subdags/subdag.py
[2026-09-30T21:25:25.626+0000] {processor.py:175} INFO - Processing /home/airflow/.local/lib/python3.7/site-packages/airflow/example_dags/subdags/subdag.py took 0.028 seconds
[2026-09-30T21:25:56.152+0000] {processor.py:153} INFO - Started process (PID=22551) to work on /home/airflow/.local/lib/python3.7/site-packages/airflow/example_dags/subdags/subdag.py
[2026-09-30T21:25:56.153+0000] {processor.py:743} INFO - Processing file /home/airflow/.local/lib/python3.7/site-packages/airflow/example_dags/subdags/subdag.py for tasks to queue
[2026-09-30T21:25:56.154+0000] {logging_mixin.py:137} INFO - [2026-09-30T21:25:56.154+0000] {dagbag.py:538} INFO - Filling up the DagBag from /home/airflow/.local/lib/python3.7/site-packages/airflow/example_dags/subdags/subdag.py
[2026-09-30T21:25:56.158+0000] {processor.py:755} WARNING - No viable dags retrieved from /home/airflow/.local/lib/python3.7/site-packages/airflow/example_dags/subdags/subdag.py
[2026-09-30T21:25:56.174+0000] {processor.py:175} INFO - Processing /home/airflow/.local/lib/python3.7/site-packages/airflow/example_dags/subdags/subdag.py took 0.029 seconds
[2026-09-30T21:26:26.457+0000] {processor.py:153} INFO - Started process (PID=22637) to work on /home/airflow/.local/lib/python3.7/site-packages/airflow/example_dags/subdags/subdag.py
[2026-09-30T21:26:26.459+0000] {processor.py:743} INFO - Processing file /home/airflow/.local/lib/python3.7/site-packages/airflow/example_dags/subdags/subdag.py for tasks to queue
[2026-09-30T21:26:26.460+0000] {logging_mixin.py:137} INFO - [2026-09-30T21:26:26.460+0000] {dagbag.py:538} INFO - Filling up the DagBag from /home/airflow/.local/lib/python3.7/site-packages/airflow/example_dags/subdags/subdag.py
[2026-09-30T21:26:26.467+0000] {processor.py:755} WARNING - No viable dags retrieved from /home/airflow/.local/lib/python3.7/site-packages/airflow/example_dags/subdags/subdag.py
[2026-09-30T21:26:26.487+0000] {processor.py:175} INFO - Processing /home/airflow/.local/lib/python3.7/site-packages/airflow/example_dags/subdags/subdag.py took 0.035 seconds
[2026-09-30T21:26:56.829+0000] {processor.py:153} INFO - Started process (PID=22729) to work on /home/airflow/.local/lib/python3.7/site-packages/airflow/example_dags/subdags/subdag.py
[2026-09-30T21:26:56.830+0000] {processor.py:743} INFO - Processing file /home/airflow/.local/lib/python3.7/site-packages/airflow/example_dags/subdags/subdag.py for tasks to queue
[2026-09-30T21:26:56.831+0000] {logging_mixin.py:137} INFO - [2026-09-30T21:26:56.831+0000] {dagbag.py:538} INFO - Filling up the DagBag from /home/airflow/.local/lib/python3.7/site-packages/airflow/example_dags/subdags/subdag.py
[2026-09-30T21:26:56.837+0000] {processor.py:755} WARNING - No viable dags retrieved from /home/airflow/.local/lib/python3.7/site-packages/airflow/example_dags/subdags/subdag.py
[2026-09-30T21:26:56.859+0000] {processor.py:175} INFO - Processing /home/airflow/.local/lib/python3.7/site-packages/airflow/example_dags/subdags/subdag.py took 0.035 seconds
[2026-09-30T21:27:27.599+0000] {processor.py:153} INFO - Started process (PID=22812) to work on /home/airflow/.local/lib/python3.7/site-packages/airflow/example_dags/subdags/subdag.py
[2026-09-30T21:27:27.600+0000] {processor.py:743} INFO - Processing file /home/airflow/.local/lib/python3.7/site-packages/airflow/example_dags/subdags/subdag.py for tasks to queue
[2026-09-30T21:27:27.601+0000] {logging_mixin.py:137} INFO - [2026-09-30T21:27:27.601+0000] {dagbag.py:538} INFO - Filling up the DagBag from /home/airflow/.local/lib/python3.7/site-packages/airflow/example_dags/subdags/subdag.py
[2026-09-30T21:27:27.605+0000] {processor.py:755} WARNING - No viable dags retrieved from /home/airflow/.local/lib/python3.7/site-packages/airflow/example_dags/subdags/subdag.py
[2026-09-30T21:27:27.622+0000] {processor.py:175} INFO - Processing /home/airflow/.local/lib/python3.7/site-packages/airflow/example_dags/subdags/subdag.py took 0.027 seconds
[2026-09-30T21:27:58.203+0000] {processor.py:153} INFO - Started process (PID=22915) to work on /home/airflow/.local/lib/python3.7/site-packages/airflow/example_dags/subdags/subdag.py
[2026-09-30T21:27:58.204+0000] {processor.py:743} INFO - Processing file /home/airflow/.local/lib/python3.7/site-packages/airflow/example_dags/subdags/subdag.py for tasks to queue
[2026-09-30T21:27:58.204+0000] {logging_mixin.py:137} INFO - [2026-09-30T21:27:58.204+0000] {dagbag.py:538} INFO - Filling up the DagBag from /home/airflow/.local/lib/python3.7/site-packages/airflow/example_dags/subdags/subdag.py
[2026-09-30T21:27:58.209+0000] {processor.py:755} WARNING - No viable dags retrieved from /home/airflow/.local/lib/python3.7/site-packages/airflow/example_dags/subdags/subdag.py
[2026-09-30T21:27:58.222+0000] {processor.py:175} INFO - Processing /home/airflow/.local/lib/python3.7/site-packages/airflow/example_dags/subdags/subdag.py took 0.022 seconds
[2026-09-30T21:28:28.959+0000] {processor.py:153} INFO - Started process (PID=22998) to work on /home/airflow/.local/lib/python3.7/site-packages/airflow/example_dags/subdags/subdag.py
[2026-09-30T21:28:28.960+0000] {processor.py:743} INFO - Processing file /home/airflow/.local/lib/python3.7/site-packages/airflow/example_dags/subdags/subdag.py for tasks to queue
[2026-09-30T21:28:28.961+0000] {logging_mixin.py:137} INFO - [2026-09-30T21:28:28.961+0000] {dagbag.py:538} INFO - Filling up the DagBag from /home/airflow/.local/lib/python3.7/site-packages/airflow/example_dags/subdags/subdag.py
[2026-09-30T21:28:28.967+0000] {processor.py:755} WARNING - No viable dags retrieved from /home/airflow/.local/lib/python3.7/site-packages/airflow/example_dags/subdags/subdag.py
[2026-09-30T21:28:28.985+0000] {processor.py:175} INFO - Processing /home/airflow/.local/lib/python3.7/site-packages/airflow/example_dags/subdags/subdag.py took 0.030 seconds
[2026-09-30T21:28:59.863+0000] {processor.py:153} INFO - Started process (PID=23091) to work on /home/airflow/.local/lib/python3.7/site-packages/airflow/example_dags/subdags/subdag.py
[2026-09-30T21:28:59.864+0000] {processor.py:743} INFO - Processing file /home/airflow/.local/lib/python3.7/site-packages/airflow/example_dags/subdags/subdag.py for tasks to queue
[2026-09-30T21:28:59.865+0000] {logging_mixin.py:137} INFO - [2026-09-30T21:28:59.864+0000] {dagbag.py:538} INFO - Filling up the DagBag from /home/airflow/.local/lib/python3.7/site-packages/airflow/example_dags/subdags/subdag.py
[2026-09-30T21:28:59.869+0000] {processor.py:755} WARNING - No viable dags retrieved from /home/airflow/.local/lib/python3.7/site-packages/airflow/example_dags/subdags/subdag.py
[2026-09-30T21:28:59.885+0000] {processor.py:175} INFO - Processing /home/airflow/.local/lib/python3.7/site-packages/airflow/example_dags/subdags/subdag.py took 0.026 seconds
[2026-09-30T21:29:30.721+0000] {processor.py:153} INFO - Started process (PID=23185) to work on /home/airflow/.local/lib/python3.7/site-packages/airflow/example_dags/subdags/subdag.py
[2026-09-30T21:29:30.722+0000] {processor.py:743} INFO - Processing file /home/airflow/.local/lib/python3.7/site-packages/airflow/example_dags/subdags/subdag.py for tasks to queue
[2026-09-30T21:29:30.722+0000] {logging_mixin.py:137} INFO - [2026-09-30T21:29:30.722+0000] {dagbag.py:538} INFO - Filling up the DagBag from /home/airflow/.local/lib/python3.7/site-packages/airflow/example_dags/subdags/subdag.py
[2026-09-30T21:29:30.725+0000] {processor.py:755} WARNING - No viable dags retrieved from /home/airflow/.local/lib/python3.7/site-packages/airflow/example_dags/subdags/subdag.py
[2026-09-30T21:29:30.736+0000] {processor.py:175} INFO - Processing /home/airflow/.local/lib/python3.7/site-packages/airflow/example_dags/subdags/subdag.py took 0.019 seconds
[2026-09-30T21:30:01.368+0000] {processor.py:153} INFO - Started process (PID=23267) to work on /home/airflow/.local/lib/python3.7/site-packages/airflow/example_dags/subdags/subdag.py
[2026-09-30T21:30:01.369+0000] {processor.py:743} INFO - Processing file /home/airflow/.local/lib/python3.7/site-packages/airflow/example_dags/subdags/subdag.py for tasks to queue
[2026-09-30T21:30:01.370+0000] {logging_mixin.py:137} INFO - [2026-09-30T21:30:01.370+0000] {dagbag.py:538} INFO - Filling up the DagBag from /home/airflow/.local/lib/python3.7/site-packages/airflow/example_dags/subdags/subdag.py
[2026-09-30T21:30:01.374+0000] {processor.py:755} WARNING - No viable dags retrieved from /home/airflow/.local/lib/python3.7/site-packages/airflow/example_dags/subdags/subdag.py
[2026-09-30T21:30:01.389+0000] {processor.py:175} INFO - Processing /home/airflow/.local/lib/python3.7/site-packages/airflow/example_dags/subdags/subdag.py took 0.025 seconds
[2026-09-30T21:30:32.118+0000] {processor.py:153} INFO - Started process (PID=23347) to work on /home/airflow/.local/lib/python3.7/site-packages/airflow/example_dags/subdags/subdag.py
[2026-09-30T21:30:32.119+0000] {processor.py:743} INFO - Processing file /home/airflow/.local/lib/python3.7/site-packages/airflow/example_dags/subdags/subdag.py for tasks to queue
[2026-09-30T21:30:32.120+0000] {logging_mixin.py:137} INFO - [2026-09-30T21:30:32.119+0000] {dagbag.py:538} INFO - Filling up the DagBag from /home/airflow/.local/lib/python3.7/site-packages/airflow/example_dags/subdags/subdag.py
[2026-09-30T21:30:32.124+0000] {processor.py:755} WARNING - No viable dags retrieved from /home/airflow/.local/lib/python3.7/site-packages/airflow/example_dags/subdags/subdag.py
[2026-09-30T21:30:32.144+0000] {processor.py:175} INFO - Processing /home/airflow/.local/lib/python3.7/site-packages/airflow/example_dags/subdags/subdag.py took 0.030 seconds
[2026-09-30T21:31:03.158+0000] {processor.py:153} INFO - Started process (PID=23449) to work on /home/airflow/.local/lib/python3.7/site-packages/airflow/example_dags/subdags/subdag.py
[2026-09-30T21:31:03.159+0000] {processor.py:743} INFO - Processing file /home/airflow/.local/lib/python3.7/site-packages/airflow/example_dags/subdags/subdag.py for tasks to queue
[2026-09-30T21:31:03.159+0000] {logging_mixin.py:137} INFO - [2026-09-30T21:31:03.159+0000] {dagbag.py:538} INFO - Filling up the DagBag from /home/airflow/.local/lib/python3.7/site-packages/airflow/example_dags/subdags/subdag.py
[2026-09-30T21:31:03.163+0000] {processor.py:755} WARNING - No viable dags retrieved from /home/airflow/.local/lib/python3.7/site-packages/airflow/example_dags/subdags/subdag.py
[2026-09-30T21:31:03.174+0000] {processor.py:175} INFO - Processing /home/airflow/.local/lib/python3.7/site-packages/airflow/example_dags/subdags/subdag.py took 0.019 seconds
[2026-09-30T21:31:33.987+0000] {processor.py:153} INFO - Started process (PID=23529) to work on /home/airflow/.local/lib/python3.7/site-packages/airflow/example_dags/subdags/subdag.py
[2026-09-30T21:31:33.988+0000] {processor.py:743} INFO - Processing file /home/airflow/.local/lib/python3.7/site-packages/airflow/example_dags/subdags/subdag.py for tasks to queue
[2026-09-30T21:31:33.989+0000] {logging_mixin.py:137} INFO - [2026-09-30T21:31:33.989+0000] {dagbag.py:538} INFO - Filling up the DagBag from /home/airflow/.local/lib/python3.7/site-packages/airflow/example_dags/subdags/subdag.py
[2026-09-30T21:31:33.993+0000] {processor.py:755} WARNING - No viable dags retrieved from /home/airflow/.local/lib/python3.7/site-packages/airflow/example_dags/subdags/subdag.py
[2026-09-30T21:31:34.009+0000] {processor.py:175} INFO - Processing /home/airflow/.local/lib/python3.7/site-packages/airflow/example_dags/subdags/subdag.py took 0.025 seconds
[2026-09-30T21:32:04.946+0000] {processor.py:153} INFO - Started process (PID=23609) to work on /home/airflow/.local/lib/python3.7/site-packages/airflow/example_dags/subdags/subdag.py
[2026-09-30T21:32:04.947+0000] {processor.py:743} INFO - Processing file /home/airflow/.local/lib/python3.7/site-packages/airflow/example_dags/subdags/subdag.py for tasks to queue
[2026-09-30T21:32:04.947+0000] {logging_mixin.py:137} INFO - [2026-09-30T21:32:04.947+0000] {dagbag.py:538} INFO - Filling up the DagBag from /home/airflow/.local/lib/python3.7/site-packages/airflow/example_dags/subdags/subdag.py
[2026-09-30T21:32:04.952+0000] {processor.py:755} WARNING - No viable dags retrieved from /home/airflow/.local/lib/python3.7/site-packages/airflow/example_dags/subdags/subdag.py
[2026-09-30T21:32:04.967+0000] {processor.py:175} INFO - Processing /home/airflow/.local/lib/python3.7/site-packages/airflow/example_dags/subdags/subdag.py took 0.026 seconds
[2026-09-30T21:32:35.173+0000] {processor.py:153} INFO - Started process (PID=23709) to work on /home/airflow/.local/lib/python3.7/site-packages/airflow/example_dags/subdags/subdag.py
[2026-09-30T21:32:35.174+0000] {processor.py:743} INFO - Processing file /home/airflow/.local/lib/python3.7/site-packages/airflow/example_dags/subdags/subdag.py for tasks to queue
[2026-09-30T21:32:35.174+0000] {logging_mixin.py:137} INFO - [2026-09-30T21:32:35.174+0000] {dagbag.py:538} INFO - Filling up the DagBag from /home/airflow/.local/lib/python3.7/site-packages/airflow/example_dags/subdags/subdag.py
[2026-09-30T21:32:35.178+0000] {processor.py:755} WARNING - No viable dags retrieved from /home/airflow/.local/lib/python3.7/site-packages/airflow/example_dags/subdags/subdag.py
[2026-09-30T21:32:35.190+0000] {processor.py:175} INFO - Processing /home/airflow/.local/lib/python3.7/site-packages/airflow/example_dags/subdags/subdag.py took 0.021 seconds
[2026-09-30T21:33:05.682+0000] {processor.py:153} INFO - Started process (PID=23794) to work on /home/airflow/.local/lib/python3.7/site-packages/airflow/example_dags/subdags/subdag.py
[2026-09-30T21:33:05.683+0000] {processor.py:743} INFO - Processing file /home/airflow/.local/lib/python3.7/site-packages/airflow/example_dags/subdags/subdag.py for tasks to queue
[2026-09-30T21:33:05.684+0000] {logging_mixin.py:137} INFO - [2026-09-30T21:33:05.683+0000] {dagbag.py:538} INFO - Filling up the DagBag from /home/airflow/.local/lib/python3.7/site-packages/airflow/example_dags/subdags/subdag.py
[2026-09-30T21:33:05.687+0000] {processor.py:755} WARNING - No viable dags retrieved from /home/airflow/.local/lib/python3.7/site-packages/airflow/example_dags/subdags/subdag.py
[2026-09-30T21:33:05.703+0000] {processor.py:175} INFO - Processing /home/airflow/.local/lib/python3.7/site-packages/airflow/example_dags/subdags/subdag.py took 0.025 seconds
[2026-09-30T21:33:36.320+0000] {processor.py:153} INFO - Started process (PID=23878) to work on /home/airflow/.local/lib/python3.7/site-packages/airflow/example_dags/subdags/subdag.py
[2026-09-30T21:33:36.321+0000] {processor.py:743} INFO - Processing file /home/airflow/.local/lib/python3.7/site-packages/airflow/example_dags/subdags/subdag.py for tasks to queue
[2026-09-30T21:33:36.322+0000] {logging_mixin.py:137} INFO - [2026-09-30T21:33:36.322+0000] {dagbag.py:538} INFO - Filling up the DagBag from /home/airflow/.local/lib/python3.7/site-packages/airflow/example_dags/subdags/subdag.py
[2026-09-30T21:33:36.327+0000] {processor.py:755} WARNING - No viable dags retrieved from /home/airflow/.local/lib/python3.7/site-packages/airflow/example_dags/subdags/subdag.py
[2026-09-30T21:33:36.343+0000] {processor.py:175} INFO - Processing /home/airflow/.local/lib/python3.7/site-packages/airflow/example_dags/subdags/subdag.py took 0.027 seconds
[2026-09-30T21:34:07.030+0000] {processor.py:153} INFO - Started process (PID=23982) to work on /home/airflow/.local/lib/python3.7/site-packages/airflow/example_dags/subdags/subdag.py
[2026-09-30T21:34:07.031+0000] {processor.py:743} INFO - Processing file /home/airflow/.local/lib/python3.7/site-packages/airflow/example_dags/subdags/subdag.py for tasks to queue
[2026-09-30T21:34:07.031+0000] {logging_mixin.py:137} INFO - [2026-09-30T21:34:07.031+0000] {dagbag.py:538} INFO - Filling up the DagBag from /home/airflow/.local/lib/python3.7/site-packages/airflow/example_dags/subdags/subdag.py
[2026-09-30T21:34:07.035+0000] {processor.py:755} WARNING - No viable dags retrieved from /home/airflow/.local/lib/python3.7/site-packages/airflow/example_dags/subdags/subdag.py
[2026-09-30T21:34:07.052+0000] {processor.py:175} INFO - Processing /home/airflow/.local/lib/python3.7/site-packages/airflow/example_dags/subdags/subdag.py took 0.026 seconds
[2026-09-30T21:34:37.526+0000] {processor.py:153} INFO - Started process (PID=24068) to work on /home/airflow/.local/lib/python3.7/site-packages/airflow/example_dags/subdags/subdag.py
[2026-09-30T21:34:37.527+0000] {processor.py:743} INFO - Processing file /home/airflow/.local/lib/python3.7/site-packages/airflow/example_dags/subdags/subdag.py for tasks to queue
[2026-09-30T21:34:37.528+0000] {logging_mixin.py:137} INFO - [2026-09-30T21:34:37.528+0000] {dagbag.py:538} INFO - Filling up the DagBag from /home/airflow/.local/lib/python3.7/site-packages/airflow/example_dags/subdags/subdag.py
[2026-09-30T21:34:37.532+0000] {processor.py:755} WARNING - No viable dags retrieved from /home/airflow/.local/lib/python3.7/site-packages/airflow/example_dags/subdags/subdag.py
[2026-09-30T21:34:37.547+0000] {processor.py:175} INFO - Processing /home/airflow/.local/lib/python3.7/site-packages/airflow/example_dags/subdags/subdag.py took 0.025 seconds
[2026-09-30T21:35:08.581+0000] {processor.py:153} INFO - Started process (PID=24158) to work on /home/airflow/.local/lib/python3.7/site-packages/airflow/example_dags/subdags/subdag.py
[2026-09-30T21:35:08.582+0000] {processor.py:743} INFO - Processing file /home/airflow/.local/lib/python3.7/site-packages/airflow/example_dags/subdags/subdag.py for tasks to queue
[2026-09-30T21:35:08.582+0000] {logging_mixin.py:137} INFO - [2026-09-30T21:35:08.582+0000] {dagbag.py:538} INFO - Filling up the DagBag from /home/airflow/.local/lib/python3.7/site-packages/airflow/example_dags/subdags/subdag.py
[2026-09-30T21:35:08.587+0000] {processor.py:755} WARNING - No viable dags retrieved from /home/airflow/.local/lib/python3.7/site-packages/airflow/example_dags/subdags/subdag.py
[2026-09-30T21:35:08.604+0000] {processor.py:175} INFO - Processing /home/airflow/.local/lib/python3.7/site-packages/airflow/example_dags/subdags/subdag.py took 0.026 seconds
[2026-09-30T21:35:38.752+0000] {processor.py:153} INFO - Started process (PID=24250) to work on /home/airflow/.local/lib/python3.7/site-packages/airflow/example_dags/subdags/subdag.py
[2026-09-30T21:35:38.753+0000] {processor.py:743} INFO - Processing file /home/airflow/.local/lib/python3.7/site-packages/airflow/example_dags/subdags/subdag.py for tasks to queue
[2026-09-30T21:35:38.754+0000] {logging_mixin.py:137} INFO - [2026-09-30T21:35:38.754+0000] {dagbag.py:538} INFO - Filling up the DagBag from /home/airflow/.local/lib/python3.7/site-packages/airflow/example_dags/subdags/subdag.py
[2026-09-30T21:35:38.757+0000] {processor.py:755} WARNING - No viable dags retrieved from /home/airflow/.local/lib/python3.7/site-packages/airflow/example_dags/subdags/subdag.py
[2026-09-30T21:35:38.769+0000] {processor.py:175} INFO - Processing /home/airflow/.local/lib/python3.7/site-packages/airflow/example_dags/subdags/subdag.py took 0.020 seconds
[2026-09-30T21:36:09.178+0000] {processor.py:153} INFO - Started process (PID=24330) to work on /home/airflow/.local/lib/python3.7/site-packages/airflow/example_dags/subdags/subdag.py
[2026-09-30T21:36:09.179+0000] {processor.py:743} INFO - Processing file /home/airflow/.local/lib/python3.7/site-packages/airflow/example_dags/subdags/subdag.py for tasks to queue
[2026-09-30T21:36:09.180+0000] {logging_mixin.py:137} INFO - [2026-09-30T21:36:09.180+0000] {dagbag.py:538} INFO - Filling up the DagBag from /home/airflow/.local/lib/python3.7/site-packages/airflow/example_dags/subdags/subdag.py
[2026-09-30T21:36:09.185+0000] {processor.py:755} WARNING - No viable dags retrieved from /home/airflow/.local/lib/python3.7/site-packages/airflow/example_dags/subdags/subdag.py
[2026-09-30T21:36:09.202+0000] {processor.py:175} INFO - Processing /home/airflow/.local/lib/python3.7/site-packages/airflow/example_dags/subdags/subdag.py took 0.027 seconds
[2026-09-30T21:36:39.623+0000] {processor.py:153} INFO - Started process (PID=24409) to work on /home/airflow/.local/lib/python3.7/site-packages/airflow/example_dags/subdags/subdag.py
[2026-09-30T21:36:39.624+0000] {processor.py:743} INFO - Processing file /home/airflow/.local/lib/python3.7/site-packages/airflow/example_dags/subdags/subdag.py for tasks to queue
[2026-09-30T21:36:39.625+0000] {logging_mixin.py:137} INFO - [2026-09-30T21:36:39.625+0000] {dagbag.py:538} INFO - Filling up the DagBag from /home/airflow/.local/lib/python3.7/site-packages/airflow/example_dags/subdags/subdag.py
[2026-09-30T21:36:39.632+0000] {processor.py:755} WARNING - No viable dags retrieved from /home/airflow/.local/lib/python3.7/site-packages/airflow/example_dags/subdags/subdag.py
[2026-09-30T21:36:39.653+0000] {processor.py:175} INFO - Processing /home/airflow/.local/lib/python3.7/site-packages/airflow/example_dags/subdags/subdag.py took 0.035 seconds
[2026-09-30T21:37:10.007+0000] {processor.py:153} INFO - Started process (PID=24508) to work on /home/airflow/.local/lib/python3.7/site-packages/airflow/example_dags/subdags/subdag.py
[2026-09-30T21:37:10.008+0000] {processor.py:743} INFO - Processing file /home/airflow/.local/lib/python3.7/site-packages/airflow/example_dags/subdags/subdag.py for tasks to queue
[2026-09-30T21:37:10.009+0000] {logging_mixin.py:137} INFO - [2026-09-30T21:37:10.009+0000] {dagbag.py:538} INFO - Filling up the DagBag from /home/airflow/.local/lib/python3.7/site-packages/airflow/example_dags/subdags/subdag.py
[2026-09-30T21:37:10.015+0000] {processor.py:755} WARNING - No viable dags retrieved from /home/airflow/.local/lib/python3.7/site-packages/airflow/example_dags/subdags/subdag.py
[2026-09-30T21:37:10.037+0000] {processor.py:175} INFO - Processing /home/airflow/.local/lib/python3.7/site-packages/airflow/example_dags/subdags/subdag.py took 0.034 seconds
[2026-09-30T21:37:40.396+0000] {processor.py:153} INFO - Started process (PID=24588) to work on /home/airflow/.local/lib/python3.7/site-packages/airflow/example_dags/subdags/subdag.py
[2026-09-30T21:37:40.396+0000] {processor.py:743} INFO - Processing file /home/airflow/.local/lib/python3.7/site-packages/airflow/example_dags/subdags/subdag.py for tasks to queue
[2026-09-30T21:37:40.397+0000] {logging_mixin.py:137} INFO - [2026-09-30T21:37:40.397+0000] {dagbag.py:538} INFO - Filling up the DagBag from /home/airflow/.local/lib/python3.7/site-packages/airflow/example_dags/subdags/subdag.py
[2026-09-30T21:37:40.401+0000] {processor.py:755} WARNING - No viable dags retrieved from /home/airflow/.local/lib/python3.7/site-packages/airflow/example_dags/subdags/subdag.py
[2026-09-30T21:37:40.414+0000] {processor.py:175} INFO - Processing /home/airflow/.local/lib/python3.7/site-packages/airflow/example_dags/subdags/subdag.py took 0.022 seconds
[2026-09-30T21:38:11.413+0000] {processor.py:153} INFO - Started process (PID=24667) to work on /home/airflow/.local/lib/python3.7/site-packages/airflow/example_dags/subdags/subdag.py
[2026-09-30T21:38:11.414+0000] {processor.py:743} INFO - Processing file /home/airflow/.local/lib/python3.7/site-packages/airflow/example_dags/subdags/subdag.py for tasks to queue
[2026-09-30T21:38:11.415+0000] {logging_mixin.py:137} INFO - [2026-09-30T21:38:11.415+0000] {dagbag.py:538} INFO - Filling up the DagBag from /home/airflow/.local/lib/python3.7/site-packages/airflow/example_dags/subdags/subdag.py
[2026-09-30T21:38:11.420+0000] {processor.py:755} WARNING - No viable dags retrieved from /home/airflow/.local/lib/python3.7/site-packages/airflow/example_dags/subdags/subdag.py
[2026-09-30T21:38:11.435+0000] {processor.py:175} INFO - Processing /home/airflow/.local/lib/python3.7/site-packages/airflow/example_dags/subdags/subdag.py took 0.026 seconds
[2026-09-30T21:38:42.184+0000] {processor.py:153} INFO - Started process (PID=24755) to work on /home/airflow/.local/lib/python3.7/site-packages/airflow/example_dags/subdags/subdag.py
[2026-09-30T21:38:42.185+0000] {processor.py:743} INFO - Processing file /home/airflow/.local/lib/python3.7/site-packages/airflow/example_dags/subdags/subdag.py for tasks to queue
[2026-09-30T21:38:42.186+0000] {logging_mixin.py:137} INFO - [2026-09-30T21:38:42.186+0000] {dagbag.py:538} INFO - Filling up the DagBag from /home/airflow/.local/lib/python3.7/site-packages/airflow/example_dags/subdags/subdag.py
[2026-09-30T21:38:42.191+0000] {processor.py:755} WARNING - No viable dags retrieved from /home/airflow/.local/lib/python3.7/site-packages/airflow/example_dags/subdags/subdag.py
[2026-09-30T21:38:42.207+0000] {processor.py:175} INFO - Processing /home/airflow/.local/lib/python3.7/site-packages/airflow/example_dags/subdags/subdag.py took 0.028 seconds
[2026-09-30T21:39:13.070+0000] {processor.py:153} INFO - Started process (PID=24845) to work on /home/airflow/.local/lib/python3.7/site-packages/airflow/example_dags/subdags/subdag.py
[2026-09-30T21:39:13.071+0000] {processor.py:743} INFO - Processing file /home/airflow/.local/lib/python3.7/site-packages/airflow/example_dags/subdags/subdag.py for tasks to queue
[2026-09-30T21:39:13.071+0000] {logging_mixin.py:137} INFO - [2026-09-30T21:39:13.071+0000] {dagbag.py:538} INFO - Filling up the DagBag from /home/airflow/.local/lib/python3.7/site-packages/airflow/example_dags/subdags/subdag.py
[2026-09-30T21:39:13.076+0000] {processor.py:755} WARNING - No viable dags retrieved from /home/airflow/.local/lib/python3.7/site-packages/airflow/example_dags/subdags/subdag.py
[2026-09-30T21:39:13.094+0000] {processor.py:175} INFO - Processing /home/airflow/.local/lib/python3.7/site-packages/airflow/example_dags/subdags/subdag.py took 0.028 seconds
[2026-09-30T21:39:43.945+0000] {processor.py:153} INFO - Started process (PID=24924) to work on /home/airflow/.local/lib/python3.7/site-packages/airflow/example_dags/subdags/subdag.py
[2026-09-30T21:39:43.946+0000] {processor.py:743} INFO - Processing file /home/airflow/.local/lib/python3.7/site-packages/airflow/example_dags/subdags/subdag.py for tasks to queue
[2026-09-30T21:39:43.947+0000] {logging_mixin.py:137} INFO - [2026-09-30T21:39:43.947+0000] {dagbag.py:538} INFO - Filling up the DagBag from /home/airflow/.local/lib/python3.7/site-packages/airflow/example_dags/subdags/subdag.py
[2026-09-30T21:39:43.952+0000] {processor.py:755} WARNING - No viable dags retrieved from /home/airflow/.local/lib/python3.7/site-packages/airflow/example_dags/subdags/subdag.py
[2026-09-30T21:39:43.967+0000] {processor.py:175} INFO - Processing /home/airflow/.local/lib/python3.7/site-packages/airflow/example_dags/subdags/subdag.py took 0.026 seconds
[2026-09-30T21:40:14.693+0000] {processor.py:153} INFO - Started process (PID=25004) to work on /home/airflow/.local/lib/python3.7/site-packages/airflow/example_dags/subdags/subdag.py
[2026-09-30T21:40:14.695+0000] {processor.py:743} INFO - Processing file /home/airflow/.local/lib/python3.7/site-packages/airflow/example_dags/subdags/subdag.py for tasks to queue
[2026-09-30T21:40:14.696+0000] {logging_mixin.py:137} INFO - [2026-09-30T21:40:14.696+0000] {dagbag.py:538} INFO - Filling up the DagBag from /home/airflow/.local/lib/python3.7/site-packages/airflow/example_dags/subdags/subdag.py
[2026-09-30T21:40:14.701+0000] {processor.py:755} WARNING - No viable dags retrieved from /home/airflow/.local/lib/python3.7/site-packages/airflow/example_dags/subdags/subdag.py
[2026-09-30T21:40:14.718+0000] {processor.py:175} INFO - Processing /home/airflow/.local/lib/python3.7/site-packages/airflow/example_dags/subdags/subdag.py took 0.028 seconds
[2026-09-30T21:40:45.196+0000] {processor.py:153} INFO - Started process (PID=25103) to work on /home/airflow/.local/lib/python3.7/site-packages/airflow/example_dags/subdags/subdag.py
[2026-09-30T21:40:45.197+0000] {processor.py:743} INFO - Processing file /home/airflow/.local/lib/python3.7/site-packages/airflow/example_dags/subdags/subdag.py for tasks to queue
[2026-09-30T21:40:45.198+0000] {logging_mixin.py:137} INFO - [2026-09-30T21:40:45.197+0000] {dagbag.py:538} INFO - Filling up the DagBag from /home/airflow/.local/lib/python3.7/site-packages/airflow/example_dags/subdags/subdag.py
[2026-09-30T21:40:45.201+0000] {processor.py:755} WARNING - No viable dags retrieved from /home/airflow/.local/lib/python3.7/site-packages/airflow/example_dags/subdags/subdag.py
[2026-09-30T21:40:45.217+0000] {processor.py:175} INFO - Processing /home/airflow/.local/lib/python3.7/site-packages/airflow/example_dags/subdags/subdag.py took 0.026 seconds
[2026-09-30T21:41:15.496+0000] {processor.py:153} INFO - Started process (PID=25182) to work on /home/airflow/.local/lib/python3.7/site-packages/airflow/example_dags/subdags/subdag.py
[2026-09-30T21:41:15.498+0000] {processor.py:743} INFO - Processing file /home/airflow/.local/lib/python3.7/site-packages/airflow/example_dags/subdags/subdag.py for tasks to queue
[2026-09-30T21:41:15.499+0000] {logging_mixin.py:137} INFO - [2026-09-30T21:41:15.498+0000] {dagbag.py:538} INFO - Filling up the DagBag from /home/airflow/.local/lib/python3.7/site-packages/airflow/example_dags/subdags/subdag.py
[2026-09-30T21:41:15.505+0000] {processor.py:755} WARNING - No viable dags retrieved from /home/airflow/.local/lib/python3.7/site-packages/airflow/example_dags/subdags/subdag.py
[2026-09-30T21:41:15.520+0000] {processor.py:175} INFO - Processing /home/airflow/.local/lib/python3.7/site-packages/airflow/example_dags/subdags/subdag.py took 0.028 seconds
[2026-09-30T21:41:45.950+0000] {processor.py:153} INFO - Started process (PID=25263) to work on /home/airflow/.local/lib/python3.7/site-packages/airflow/example_dags/subdags/subdag.py
[2026-09-30T21:41:45.950+0000] {processor.py:743} INFO - Processing file /home/airflow/.local/lib/python3.7/site-packages/airflow/example_dags/subdags/subdag.py for tasks to queue
[2026-09-30T21:41:45.951+0000] {logging_mixin.py:137} INFO - [2026-09-30T21:41:45.951+0000] {dagbag.py:538} INFO - Filling up the DagBag from /home/airflow/.local/lib/python3.7/site-packages/airflow/example_dags/subdags/subdag.py
[2026-09-30T21:41:45.956+0000] {processor.py:755} WARNING - No viable dags retrieved from /home/airflow/.local/lib/python3.7/site-packages/airflow/example_dags/subdags/subdag.py
[2026-09-30T21:41:45.975+0000] {processor.py:175} INFO - Processing /home/airflow/.local/lib/python3.7/site-packages/airflow/example_dags/subdags/subdag.py took 0.029 seconds
[2026-09-30T21:42:16.508+0000] {processor.py:153} INFO - Started process (PID=25344) to work on /home/airflow/.local/lib/python3.7/site-packages/airflow/example_dags/subdags/subdag.py
[2026-09-30T21:42:16.509+0000] {processor.py:743} INFO - Processing file /home/airflow/.local/lib/python3.7/site-packages/airflow/example_dags/subdags/subdag.py for tasks to queue
[2026-09-30T21:42:16.509+0000] {logging_mixin.py:137} INFO - [2026-09-30T21:42:16.509+0000] {dagbag.py:538} INFO - Filling up the DagBag from /home/airflow/.local/lib/python3.7/site-packages/airflow/example_dags/subdags/subdag.py
[2026-09-30T21:42:16.514+0000] {processor.py:755} WARNING - No viable dags retrieved from /home/airflow/.local/lib/python3.7/site-packages/airflow/example_dags/subdags/subdag.py
[2026-09-30T21:42:16.531+0000] {processor.py:175} INFO - Processing /home/airflow/.local/lib/python3.7/site-packages/airflow/example_dags/subdags/subdag.py took 0.027 seconds
[2026-09-30T21:42:46.824+0000] {processor.py:153} INFO - Started process (PID=25446) to work on /home/airflow/.local/lib/python3.7/site-packages/airflow/example_dags/subdags/subdag.py
[2026-09-30T21:42:46.826+0000] {processor.py:743} INFO - Processing file /home/airflow/.local/lib/python3.7/site-packages/airflow/example_dags/subdags/subdag.py for tasks to queue
[2026-09-30T21:42:46.827+0000] {logging_mixin.py:137} INFO - [2026-09-30T21:42:46.827+0000] {dagbag.py:538} INFO - Filling up the DagBag from /home/airflow/.local/lib/python3.7/site-packages/airflow/example_dags/subdags/subdag.py
[2026-09-30T21:42:46.831+0000] {processor.py:755} WARNING - No viable dags retrieved from /home/airflow/.local/lib/python3.7/site-packages/airflow/example_dags/subdags/subdag.py
[2026-09-30T21:42:46.847+0000] {processor.py:175} INFO - Processing /home/airflow/.local/lib/python3.7/site-packages/airflow/example_dags/subdags/subdag.py took 0.027 seconds
[2026-09-30T21:43:17.024+0000] {processor.py:153} INFO - Started process (PID=25525) to work on /home/airflow/.local/lib/python3.7/site-packages/airflow/example_dags/subdags/subdag.py
[2026-09-30T21:43:17.026+0000] {processor.py:743} INFO - Processing file /home/airflow/.local/lib/python3.7/site-packages/airflow/example_dags/subdags/subdag.py for tasks to queue
[2026-09-30T21:43:17.027+0000] {logging_mixin.py:137} INFO - [2026-09-30T21:43:17.027+0000] {dagbag.py:538} INFO - Filling up the DagBag from /home/airflow/.local/lib/python3.7/site-packages/airflow/example_dags/subdags/subdag.py
[2026-09-30T21:43:17.033+0000] {processor.py:755} WARNING - No viable dags retrieved from /home/airflow/.local/lib/python3.7/site-packages/airflow/example_dags/subdags/subdag.py
[2026-09-30T21:43:17.050+0000] {processor.py:175} INFO - Processing /home/airflow/.local/lib/python3.7/site-packages/airflow/example_dags/subdags/subdag.py took 0.033 seconds
[2026-09-30T21:43:47.289+0000] {processor.py:153} INFO - Started process (PID=25605) to work on /home/airflow/.local/lib/python3.7/site-packages/airflow/example_dags/subdags/subdag.py
[2026-09-30T21:43:47.290+0000] {processor.py:743} INFO - Processing file /home/airflow/.local/lib/python3.7/site-packages/airflow/example_dags/subdags/subdag.py for tasks to queue
[2026-09-30T21:43:47.291+0000] {logging_mixin.py:137} INFO - [2026-09-30T21:43:47.291+0000] {dagbag.py:538} INFO - Filling up the DagBag from /home/airflow/.local/lib/python3.7/site-packages/airflow/example_dags/subdags/subdag.py
[2026-09-30T21:43:47.296+0000] {processor.py:755} WARNING - No viable dags retrieved from /home/airflow/.local/lib/python3.7/site-packages/airflow/example_dags/subdags/subdag.py
[2026-09-30T21:43:47.315+0000] {processor.py:175} INFO - Processing /home/airflow/.local/lib/python3.7/site-packages/airflow/example_dags/subdags/subdag.py took 0.030 seconds
[2026-09-30T21:44:17.560+0000] {processor.py:153} INFO - Started process (PID=25688) to work on /home/airflow/.local/lib/python3.7/site-packages/airflow/example_dags/subdags/subdag.py
[2026-09-30T21:44:17.561+0000] {processor.py:743} INFO - Processing file /home/airflow/.local/lib/python3.7/site-packages/airflow/example_dags/subdags/subdag.py for tasks to queue
[2026-09-30T21:44:17.562+0000] {logging_mixin.py:137} INFO - [2026-09-30T21:44:17.562+0000] {dagbag.py:538} INFO - Filling up the DagBag from /home/airflow/.local/lib/python3.7/site-packages/airflow/example_dags/subdags/subdag.py
[2026-09-30T21:44:17.566+0000] {processor.py:755} WARNING - No viable dags retrieved from /home/airflow/.local/lib/python3.7/site-packages/airflow/example_dags/subdags/subdag.py
[2026-09-30T21:44:17.584+0000] {processor.py:175} INFO - Processing /home/airflow/.local/lib/python3.7/site-packages/airflow/example_dags/subdags/subdag.py took 0.029 seconds
[2026-09-30T21:44:48.252+0000] {processor.py:153} INFO - Started process (PID=25789) to work on /home/airflow/.local/lib/python3.7/site-packages/airflow/example_dags/subdags/subdag.py
[2026-09-30T21:44:48.253+0000] {processor.py:743} INFO - Processing file /home/airflow/.local/lib/python3.7/site-packages/airflow/example_dags/subdags/subdag.py for tasks to queue
[2026-09-30T21:44:48.253+0000] {logging_mixin.py:137} INFO - [2026-09-30T21:44:48.253+0000] {dagbag.py:538} INFO - Filling up the DagBag from /home/airflow/.local/lib/python3.7/site-packages/airflow/example_dags/subdags/subdag.py
[2026-09-30T21:44:48.258+0000] {processor.py:755} WARNING - No viable dags retrieved from /home/airflow/.local/lib/python3.7/site-packages/airflow/example_dags/subdags/subdag.py
[2026-09-30T21:44:48.276+0000] {processor.py:175} INFO - Processing /home/airflow/.local/lib/python3.7/site-packages/airflow/example_dags/subdags/subdag.py took 0.029 seconds
[2026-09-30T21:45:18.573+0000] {processor.py:153} INFO - Started process (PID=25869) to work on /home/airflow/.local/lib/python3.7/site-packages/airflow/example_dags/subdags/subdag.py
[2026-09-30T21:45:18.575+0000] {processor.py:743} INFO - Processing file /home/airflow/.local/lib/python3.7/site-packages/airflow/example_dags/subdags/subdag.py for tasks to queue
[2026-09-30T21:45:18.575+0000] {logging_mixin.py:137} INFO - [2026-09-30T21:45:18.575+0000] {dagbag.py:538} INFO - Filling up the DagBag from /home/airflow/.local/lib/python3.7/site-packages/airflow/example_dags/subdags/subdag.py
[2026-09-30T21:45:18.579+0000] {processor.py:755} WARNING - No viable dags retrieved from /home/airflow/.local/lib/python3.7/site-packages/airflow/example_dags/subdags/subdag.py
[2026-09-30T21:45:18.598+0000] {processor.py:175} INFO - Processing /home/airflow/.local/lib/python3.7/site-packages/airflow/example_dags/subdags/subdag.py took 0.029 seconds
[2026-09-30T21:45:48.763+0000] {processor.py:153} INFO - Started process (PID=25949) to work on /home/airflow/.local/lib/python3.7/site-packages/airflow/example_dags/subdags/subdag.py
[2026-09-30T21:45:48.764+0000] {processor.py:743} INFO - Processing file /home/airflow/.local/lib/python3.7/site-packages/airflow/example_dags/subdags/subdag.py for tasks to queue
[2026-09-30T21:45:48.766+0000] {logging_mixin.py:137} INFO - [2026-09-30T21:45:48.765+0000] {dagbag.py:538} INFO - Filling up the DagBag from /home/airflow/.local/lib/python3.7/site-packages/airflow/example_dags/subdags/subdag.py
[2026-09-30T21:45:48.773+0000] {processor.py:755} WARNING - No viable dags retrieved from /home/airflow/.local/lib/python3.7/site-packages/airflow/example_dags/subdags/subdag.py
[2026-09-30T21:45:48.792+0000] {processor.py:175} INFO - Processing /home/airflow/.local/lib/python3.7/site-packages/airflow/example_dags/subdags/subdag.py took 0.036 seconds
[2026-09-30T21:46:18.895+0000] {processor.py:153} INFO - Started process (PID=26036) to work on /home/airflow/.local/lib/python3.7/site-packages/airflow/example_dags/subdags/subdag.py
[2026-09-30T21:46:18.897+0000] {processor.py:743} INFO - Processing file /home/airflow/.local/lib/python3.7/site-packages/airflow/example_dags/subdags/subdag.py for tasks to queue
[2026-09-30T21:46:18.899+0000] {logging_mixin.py:137} INFO - [2026-09-30T21:46:18.899+0000] {dagbag.py:538} INFO - Filling up the DagBag from /home/airflow/.local/lib/python3.7/site-packages/airflow/example_dags/subdags/subdag.py
[2026-09-30T21:46:18.903+0000] {processor.py:755} WARNING - No viable dags retrieved from /home/airflow/.local/lib/python3.7/site-packages/airflow/example_dags/subdags/subdag.py
[2026-09-30T21:46:18.919+0000] {processor.py:175} INFO - Processing /home/airflow/.local/lib/python3.7/site-packages/airflow/example_dags/subdags/subdag.py took 0.028 seconds
[2026-09-30T21:46:49.297+0000] {processor.py:153} INFO - Started process (PID=26129) to work on /home/airflow/.local/lib/python3.7/site-packages/airflow/example_dags/subdags/subdag.py
[2026-09-30T21:46:49.298+0000] {processor.py:743} INFO - Processing file /home/airflow/.local/lib/python3.7/site-packages/airflow/example_dags/subdags/subdag.py for tasks to queue
[2026-09-30T21:46:49.299+0000] {logging_mixin.py:137} INFO - [2026-09-30T21:46:49.298+0000] {dagbag.py:538} INFO - Filling up the DagBag from /home/airflow/.local/lib/python3.7/site-packages/airflow/example_dags/subdags/subdag.py
[2026-09-30T21:46:49.302+0000] {processor.py:755} WARNING - No viable dags retrieved from /home/airflow/.local/lib/python3.7/site-packages/airflow/example_dags/subdags/subdag.py
[2026-09-30T21:46:49.314+0000] {processor.py:175} INFO - Processing /home/airflow/.local/lib/python3.7/site-packages/airflow/example_dags/subdags/subdag.py took 0.022 seconds
[2026-09-30T21:47:19.710+0000] {processor.py:153} INFO - Started process (PID=26213) to work on /home/airflow/.local/lib/python3.7/site-packages/airflow/example_dags/subdags/subdag.py
[2026-09-30T21:47:19.712+0000] {processor.py:743} INFO - Processing file /home/airflow/.local/lib/python3.7/site-packages/airflow/example_dags/subdags/subdag.py for tasks to queue
[2026-09-30T21:47:19.712+0000] {logging_mixin.py:137} INFO - [2026-09-30T21:47:19.712+0000] {dagbag.py:538} INFO - Filling up the DagBag from /home/airflow/.local/lib/python3.7/site-packages/airflow/example_dags/subdags/subdag.py
[2026-09-30T21:47:19.717+0000] {processor.py:755} WARNING - No viable dags retrieved from /home/airflow/.local/lib/python3.7/site-packages/airflow/example_dags/subdags/subdag.py
[2026-09-30T21:47:19.736+0000] {processor.py:175} INFO - Processing /home/airflow/.local/lib/python3.7/site-packages/airflow/example_dags/subdags/subdag.py took 0.029 seconds
[2026-09-30T21:47:50.027+0000] {processor.py:153} INFO - Started process (PID=26299) to work on /home/airflow/.local/lib/python3.7/site-packages/airflow/example_dags/subdags/subdag.py
[2026-09-30T21:47:50.028+0000] {processor.py:743} INFO - Processing file /home/airflow/.local/lib/python3.7/site-packages/airflow/example_dags/subdags/subdag.py for tasks to queue
[2026-09-30T21:47:50.029+0000] {logging_mixin.py:137} INFO - [2026-09-30T21:47:50.028+0000] {dagbag.py:538} INFO - Filling up the DagBag from /home/airflow/.local/lib/python3.7/site-packages/airflow/example_dags/subdags/subdag.py
[2026-09-30T21:47:50.033+0000] {processor.py:755} WARNING - No viable dags retrieved from /home/airflow/.local/lib/python3.7/site-packages/airflow/example_dags/subdags/subdag.py
[2026-09-30T21:47:50.048+0000] {processor.py:175} INFO - Processing /home/airflow/.local/lib/python3.7/site-packages/airflow/example_dags/subdags/subdag.py took 0.025 seconds
[2026-09-30T21:48:20.662+0000] {processor.py:153} INFO - Started process (PID=26408) to work on /home/airflow/.local/lib/python3.7/site-packages/airflow/example_dags/subdags/subdag.py
[2026-09-30T21:48:20.663+0000] {processor.py:743} INFO - Processing file /home/airflow/.local/lib/python3.7/site-packages/airflow/example_dags/subdags/subdag.py for tasks to queue
[2026-09-30T21:48:20.664+0000] {logging_mixin.py:137} INFO - [2026-09-30T21:48:20.664+0000] {dagbag.py:538} INFO - Filling up the DagBag from /home/airflow/.local/lib/python3.7/site-packages/airflow/example_dags/subdags/subdag.py
[2026-09-30T21:48:20.668+0000] {processor.py:755} WARNING - No viable dags retrieved from /home/airflow/.local/lib/python3.7/site-packages/airflow/example_dags/subdags/subdag.py
[2026-09-30T21:48:20.681+0000] {processor.py:175} INFO - Processing /home/airflow/.local/lib/python3.7/site-packages/airflow/example_dags/subdags/subdag.py took 0.022 seconds
[2026-09-30T21:48:51.513+0000] {processor.py:153} INFO - Started process (PID=26487) to work on /home/airflow/.local/lib/python3.7/site-packages/airflow/example_dags/subdags/subdag.py
[2026-09-30T21:48:51.514+0000] {processor.py:743} INFO - Processing file /home/airflow/.local/lib/python3.7/site-packages/airflow/example_dags/subdags/subdag.py for tasks to queue
[2026-09-30T21:48:51.515+0000] {logging_mixin.py:137} INFO - [2026-09-30T21:48:51.515+0000] {dagbag.py:538} INFO - Filling up the DagBag from /home/airflow/.local/lib/python3.7/site-packages/airflow/example_dags/subdags/subdag.py
[2026-09-30T21:48:51.520+0000] {processor.py:755} WARNING - No viable dags retrieved from /home/airflow/.local/lib/python3.7/site-packages/airflow/example_dags/subdags/subdag.py
[2026-09-30T21:48:51.540+0000] {processor.py:175} INFO - Processing /home/airflow/.local/lib/python3.7/site-packages/airflow/example_dags/subdags/subdag.py took 0.031 seconds
[2026-09-30T21:49:22.554+0000] {processor.py:153} INFO - Started process (PID=26571) to work on /home/airflow/.local/lib/python3.7/site-packages/airflow/example_dags/subdags/subdag.py
[2026-09-30T21:49:22.555+0000] {processor.py:743} INFO - Processing file /home/airflow/.local/lib/python3.7/site-packages/airflow/example_dags/subdags/subdag.py for tasks to queue
[2026-09-30T21:49:22.556+0000] {logging_mixin.py:137} INFO - [2026-09-30T21:49:22.556+0000] {dagbag.py:538} INFO - Filling up the DagBag from /home/airflow/.local/lib/python3.7/site-packages/airflow/example_dags/subdags/subdag.py
[2026-09-30T21:49:22.561+0000] {processor.py:755} WARNING - No viable dags retrieved from /home/airflow/.local/lib/python3.7/site-packages/airflow/example_dags/subdags/subdag.py
[2026-09-30T21:49:22.578+0000] {processor.py:175} INFO - Processing /home/airflow/.local/lib/python3.7/site-packages/airflow/example_dags/subdags/subdag.py took 0.028 seconds
[2026-09-30T21:49:52.798+0000] {processor.py:153} INFO - Started process (PID=26670) to work on /home/airflow/.local/lib/python3.7/site-packages/airflow/example_dags/subdags/subdag.py
[2026-09-30T21:49:52.799+0000] {processor.py:743} INFO - Processing file /home/airflow/.local/lib/python3.7/site-packages/airflow/example_dags/subdags/subdag.py for tasks to queue
[2026-09-30T21:49:52.800+0000] {logging_mixin.py:137} INFO - [2026-09-30T21:49:52.800+0000] {dagbag.py:538} INFO - Filling up the DagBag from /home/airflow/.local/lib/python3.7/site-packages/airflow/example_dags/subdags/subdag.py
[2026-09-30T21:49:52.805+0000] {processor.py:755} WARNING - No viable dags retrieved from /home/airflow/.local/lib/python3.7/site-packages/airflow/example_dags/subdags/subdag.py
[2026-09-30T21:49:52.826+0000] {processor.py:175} INFO - Processing /home/airflow/.local/lib/python3.7/site-packages/airflow/example_dags/subdags/subdag.py took 0.033 seconds
[2026-09-30T21:50:23.734+0000] {processor.py:153} INFO - Started process (PID=26749) to work on /home/airflow/.local/lib/python3.7/site-packages/airflow/example_dags/subdags/subdag.py
[2026-09-30T21:50:23.736+0000] {processor.py:743} INFO - Processing file /home/airflow/.local/lib/python3.7/site-packages/airflow/example_dags/subdags/subdag.py for tasks to queue
[2026-09-30T21:50:23.738+0000] {logging_mixin.py:137} INFO - [2026-09-30T21:50:23.738+0000] {dagbag.py:538} INFO - Filling up the DagBag from /home/airflow/.local/lib/python3.7/site-packages/airflow/example_dags/subdags/subdag.py
[2026-09-30T21:50:23.754+0000] {processor.py:755} WARNING - No viable dags retrieved from /home/airflow/.local/lib/python3.7/site-packages/airflow/example_dags/subdags/subdag.py
[2026-09-30T21:50:23.778+0000] {processor.py:175} INFO - Processing /home/airflow/.local/lib/python3.7/site-packages/airflow/example_dags/subdags/subdag.py took 0.053 seconds
[2026-09-30T21:50:54.636+0000] {processor.py:153} INFO - Started process (PID=26828) to work on /home/airflow/.local/lib/python3.7/site-packages/airflow/example_dags/subdags/subdag.py
[2026-09-30T21:50:54.637+0000] {processor.py:743} INFO - Processing file /home/airflow/.local/lib/python3.7/site-packages/airflow/example_dags/subdags/subdag.py for tasks to queue
[2026-09-30T21:50:54.638+0000] {logging_mixin.py:137} INFO - [2026-09-30T21:50:54.638+0000] {dagbag.py:538} INFO - Filling up the DagBag from /home/airflow/.local/lib/python3.7/site-packages/airflow/example_dags/subdags/subdag.py
[2026-09-30T21:50:54.642+0000] {processor.py:755} WARNING - No viable dags retrieved from /home/airflow/.local/lib/python3.7/site-packages/airflow/example_dags/subdags/subdag.py
[2026-09-30T21:50:54.660+0000] {processor.py:175} INFO - Processing /home/airflow/.local/lib/python3.7/site-packages/airflow/example_dags/subdags/subdag.py took 0.028 seconds
[2026-09-30T21:51:24.807+0000] {processor.py:153} INFO - Started process (PID=26927) to work on /home/airflow/.local/lib/python3.7/site-packages/airflow/example_dags/subdags/subdag.py
[2026-09-30T21:51:24.808+0000] {processor.py:743} INFO - Processing file /home/airflow/.local/lib/python3.7/site-packages/airflow/example_dags/subdags/subdag.py for tasks to queue
[2026-09-30T21:51:24.809+0000] {logging_mixin.py:137} INFO - [2026-09-30T21:51:24.809+0000] {dagbag.py:538} INFO - Filling up the DagBag from /home/airflow/.local/lib/python3.7/site-packages/airflow/example_dags/subdags/subdag.py
[2026-09-30T21:51:24.812+0000] {processor.py:755} WARNING - No viable dags retrieved from /home/airflow/.local/lib/python3.7/site-packages/airflow/example_dags/subdags/subdag.py
[2026-09-30T21:51:24.826+0000] {processor.py:175} INFO - Processing /home/airflow/.local/lib/python3.7/site-packages/airflow/example_dags/subdags/subdag.py took 0.022 seconds
[2026-09-30T21:51:55.426+0000] {processor.py:153} INFO - Started process (PID=27006) to work on /home/airflow/.local/lib/python3.7/site-packages/airflow/example_dags/subdags/subdag.py
[2026-09-30T21:51:55.427+0000] {processor.py:743} INFO - Processing file /home/airflow/.local/lib/python3.7/site-packages/airflow/example_dags/subdags/subdag.py for tasks to queue
[2026-09-30T21:51:55.428+0000] {logging_mixin.py:137} INFO - [2026-09-30T21:51:55.427+0000] {dagbag.py:538} INFO - Filling up the DagBag from /home/airflow/.local/lib/python3.7/site-packages/airflow/example_dags/subdags/subdag.py
[2026-09-30T21:51:55.433+0000] {processor.py:755} WARNING - No viable dags retrieved from /home/airflow/.local/lib/python3.7/site-packages/airflow/example_dags/subdags/subdag.py
[2026-09-30T21:51:55.449+0000] {processor.py:175} INFO - Processing /home/airflow/.local/lib/python3.7/site-packages/airflow/example_dags/subdags/subdag.py took 0.027 seconds
[2026-09-30T21:52:26.208+0000] {processor.py:153} INFO - Started process (PID=27085) to work on /home/airflow/.local/lib/python3.7/site-packages/airflow/example_dags/subdags/subdag.py
[2026-09-30T21:52:26.209+0000] {processor.py:743} INFO - Processing file /home/airflow/.local/lib/python3.7/site-packages/airflow/example_dags/subdags/subdag.py for tasks to queue
[2026-09-30T21:52:26.210+0000] {logging_mixin.py:137} INFO - [2026-09-30T21:52:26.210+0000] {dagbag.py:538} INFO - Filling up the DagBag from /home/airflow/.local/lib/python3.7/site-packages/airflow/example_dags/subdags/subdag.py
[2026-09-30T21:52:26.215+0000] {processor.py:755} WARNING - No viable dags retrieved from /home/airflow/.local/lib/python3.7/site-packages/airflow/example_dags/subdags/subdag.py
[2026-09-30T21:52:26.231+0000] {processor.py:175} INFO - Processing /home/airflow/.local/lib/python3.7/site-packages/airflow/example_dags/subdags/subdag.py took 0.027 seconds
[2026-09-30T21:52:57.088+0000] {processor.py:153} INFO - Started process (PID=27173) to work on /home/airflow/.local/lib/python3.7/site-packages/airflow/example_dags/subdags/subdag.py
[2026-09-30T21:52:57.089+0000] {processor.py:743} INFO - Processing file /home/airflow/.local/lib/python3.7/site-packages/airflow/example_dags/subdags/subdag.py for tasks to queue
[2026-09-30T21:52:57.090+0000] {logging_mixin.py:137} INFO - [2026-09-30T21:52:57.090+0000] {dagbag.py:538} INFO - Filling up the DagBag from /home/airflow/.local/lib/python3.7/site-packages/airflow/example_dags/subdags/subdag.py
[2026-09-30T21:52:57.094+0000] {processor.py:755} WARNING - No viable dags retrieved from /home/airflow/.local/lib/python3.7/site-packages/airflow/example_dags/subdags/subdag.py
[2026-09-30T21:52:57.111+0000] {processor.py:175} INFO - Processing /home/airflow/.local/lib/python3.7/site-packages/airflow/example_dags/subdags/subdag.py took 0.027 seconds
[2026-09-30T21:53:27.930+0000] {processor.py:153} INFO - Started process (PID=27263) to work on /home/airflow/.local/lib/python3.7/site-packages/airflow/example_dags/subdags/subdag.py
[2026-09-30T21:53:27.931+0000] {processor.py:743} INFO - Processing file /home/airflow/.local/lib/python3.7/site-packages/airflow/example_dags/subdags/subdag.py for tasks to queue
[2026-09-30T21:53:27.932+0000] {logging_mixin.py:137} INFO - [2026-09-30T21:53:27.932+0000] {dagbag.py:538} INFO - Filling up the DagBag from /home/airflow/.local/lib/python3.7/site-packages/airflow/example_dags/subdags/subdag.py
[2026-09-30T21:53:27.937+0000] {processor.py:755} WARNING - No viable dags retrieved from /home/airflow/.local/lib/python3.7/site-packages/airflow/example_dags/subdags/subdag.py
[2026-09-30T21:53:27.955+0000] {processor.py:175} INFO - Processing /home/airflow/.local/lib/python3.7/site-packages/airflow/example_dags/subdags/subdag.py took 0.030 seconds
[2026-09-30T21:53:58.040+0000] {processor.py:153} INFO - Started process (PID=27341) to work on /home/airflow/.local/lib/python3.7/site-packages/airflow/example_dags/subdags/subdag.py
[2026-09-30T21:53:58.040+0000] {processor.py:743} INFO - Processing file /home/airflow/.local/lib/python3.7/site-packages/airflow/example_dags/subdags/subdag.py for tasks to queue
[2026-09-30T21:53:58.041+0000] {logging_mixin.py:137} INFO - [2026-09-30T21:53:58.041+0000] {dagbag.py:538} INFO - Filling up the DagBag from /home/airflow/.local/lib/python3.7/site-packages/airflow/example_dags/subdags/subdag.py
[2026-09-30T21:53:58.043+0000] {processor.py:755} WARNING - No viable dags retrieved from /home/airflow/.local/lib/python3.7/site-packages/airflow/example_dags/subdags/subdag.py
[2026-09-30T21:53:58.055+0000] {processor.py:175} INFO - Processing /home/airflow/.local/lib/python3.7/site-packages/airflow/example_dags/subdags/subdag.py took 0.019 seconds
[2026-09-30T21:54:29.310+0000] {processor.py:153} INFO - Started process (PID=27421) to work on /home/airflow/.local/lib/python3.7/site-packages/airflow/example_dags/subdags/subdag.py
[2026-09-30T21:54:29.311+0000] {processor.py:743} INFO - Processing file /home/airflow/.local/lib/python3.7/site-packages/airflow/example_dags/subdags/subdag.py for tasks to queue
[2026-09-30T21:54:29.313+0000] {logging_mixin.py:137} INFO - [2026-09-30T21:54:29.313+0000] {dagbag.py:538} INFO - Filling up the DagBag from /home/airflow/.local/lib/python3.7/site-packages/airflow/example_dags/subdags/subdag.py
[2026-09-30T21:54:29.319+0000] {processor.py:755} WARNING - No viable dags retrieved from /home/airflow/.local/lib/python3.7/site-packages/airflow/example_dags/subdags/subdag.py
[2026-09-30T21:54:29.342+0000] {processor.py:175} INFO - Processing /home/airflow/.local/lib/python3.7/site-packages/airflow/example_dags/subdags/subdag.py took 0.041 seconds
[2026-09-30T21:55:00.092+0000] {processor.py:153} INFO - Started process (PID=27520) to work on /home/airflow/.local/lib/python3.7/site-packages/airflow/example_dags/subdags/subdag.py
[2026-09-30T21:55:00.094+0000] {processor.py:743} INFO - Processing file /home/airflow/.local/lib/python3.7/site-packages/airflow/example_dags/subdags/subdag.py for tasks to queue
[2026-09-30T21:55:00.094+0000] {logging_mixin.py:137} INFO - [2026-09-30T21:55:00.094+0000] {dagbag.py:538} INFO - Filling up the DagBag from /home/airflow/.local/lib/python3.7/site-packages/airflow/example_dags/subdags/subdag.py
[2026-09-30T21:55:00.098+0000] {processor.py:755} WARNING - No viable dags retrieved from /home/airflow/.local/lib/python3.7/site-packages/airflow/example_dags/subdags/subdag.py
[2026-09-30T21:55:00.117+0000] {processor.py:175} INFO - Processing /home/airflow/.local/lib/python3.7/site-packages/airflow/example_dags/subdags/subdag.py took 0.030 seconds
[2026-09-30T21:55:30.471+0000] {processor.py:153} INFO - Started process (PID=27599) to work on /home/airflow/.local/lib/python3.7/site-packages/airflow/example_dags/subdags/subdag.py
[2026-09-30T21:55:30.472+0000] {processor.py:743} INFO - Processing file /home/airflow/.local/lib/python3.7/site-packages/airflow/example_dags/subdags/subdag.py for tasks to queue
[2026-09-30T21:55:30.473+0000] {logging_mixin.py:137} INFO - [2026-09-30T21:55:30.473+0000] {dagbag.py:538} INFO - Filling up the DagBag from /home/airflow/.local/lib/python3.7/site-packages/airflow/example_dags/subdags/subdag.py
[2026-09-30T21:55:30.479+0000] {processor.py:755} WARNING - No viable dags retrieved from /home/airflow/.local/lib/python3.7/site-packages/airflow/example_dags/subdags/subdag.py
[2026-09-30T21:55:30.498+0000] {processor.py:175} INFO - Processing /home/airflow/.local/lib/python3.7/site-packages/airflow/example_dags/subdags/subdag.py took 0.033 seconds
[2026-09-30T21:56:01.223+0000] {processor.py:153} INFO - Started process (PID=27678) to work on /home/airflow/.local/lib/python3.7/site-packages/airflow/example_dags/subdags/subdag.py
[2026-09-30T21:56:01.224+0000] {processor.py:743} INFO - Processing file /home/airflow/.local/lib/python3.7/site-packages/airflow/example_dags/subdags/subdag.py for tasks to queue
[2026-09-30T21:56:01.225+0000] {logging_mixin.py:137} INFO - [2026-09-30T21:56:01.225+0000] {dagbag.py:538} INFO - Filling up the DagBag from /home/airflow/.local/lib/python3.7/site-packages/airflow/example_dags/subdags/subdag.py
[2026-09-30T21:56:01.231+0000] {processor.py:755} WARNING - No viable dags retrieved from /home/airflow/.local/lib/python3.7/site-packages/airflow/example_dags/subdags/subdag.py
[2026-09-30T21:56:01.248+0000] {processor.py:175} INFO - Processing /home/airflow/.local/lib/python3.7/site-packages/airflow/example_dags/subdags/subdag.py took 0.030 seconds
[2026-09-30T21:56:32.018+0000] {processor.py:153} INFO - Started process (PID=27764) to work on /home/airflow/.local/lib/python3.7/site-packages/airflow/example_dags/subdags/subdag.py
[2026-09-30T21:56:32.019+0000] {processor.py:743} INFO - Processing file /home/airflow/.local/lib/python3.7/site-packages/airflow/example_dags/subdags/subdag.py for tasks to queue
[2026-09-30T21:56:32.020+0000] {logging_mixin.py:137} INFO - [2026-09-30T21:56:32.020+0000] {dagbag.py:538} INFO - Filling up the DagBag from /home/airflow/.local/lib/python3.7/site-packages/airflow/example_dags/subdags/subdag.py
[2026-09-30T21:56:32.025+0000] {processor.py:755} WARNING - No viable dags retrieved from /home/airflow/.local/lib/python3.7/site-packages/airflow/example_dags/subdags/subdag.py
[2026-09-30T21:56:32.047+0000] {processor.py:175} INFO - Processing /home/airflow/.local/lib/python3.7/site-packages/airflow/example_dags/subdags/subdag.py took 0.033 seconds
[2026-09-30T21:57:02.911+0000] {processor.py:153} INFO - Started process (PID=27856) to work on /home/airflow/.local/lib/python3.7/site-packages/airflow/example_dags/subdags/subdag.py
[2026-09-30T21:57:02.912+0000] {processor.py:743} INFO - Processing file /home/airflow/.local/lib/python3.7/site-packages/airflow/example_dags/subdags/subdag.py for tasks to queue
[2026-09-30T21:57:02.912+0000] {logging_mixin.py:137} INFO - [2026-09-30T21:57:02.912+0000] {dagbag.py:538} INFO - Filling up the DagBag from /home/airflow/.local/lib/python3.7/site-packages/airflow/example_dags/subdags/subdag.py
[2026-09-30T21:57:02.917+0000] {processor.py:755} WARNING - No viable dags retrieved from /home/airflow/.local/lib/python3.7/site-packages/airflow/example_dags/subdags/subdag.py
[2026-09-30T21:57:02.933+0000] {processor.py:175} INFO - Processing /home/airflow/.local/lib/python3.7/site-packages/airflow/example_dags/subdags/subdag.py took 0.027 seconds
[2026-09-30T21:57:33.280+0000] {processor.py:153} INFO - Started process (PID=27935) to work on /home/airflow/.local/lib/python3.7/site-packages/airflow/example_dags/subdags/subdag.py
[2026-09-30T21:57:33.281+0000] {processor.py:743} INFO - Processing file /home/airflow/.local/lib/python3.7/site-packages/airflow/example_dags/subdags/subdag.py for tasks to queue
[2026-09-30T21:57:33.282+0000] {logging_mixin.py:137} INFO - [2026-09-30T21:57:33.282+0000] {dagbag.py:538} INFO - Filling up the DagBag from /home/airflow/.local/lib/python3.7/site-packages/airflow/example_dags/subdags/subdag.py
[2026-09-30T21:57:33.286+0000] {processor.py:755} WARNING - No viable dags retrieved from /home/airflow/.local/lib/python3.7/site-packages/airflow/example_dags/subdags/subdag.py
[2026-09-30T21:57:33.309+0000] {processor.py:175} INFO - Processing /home/airflow/.local/lib/python3.7/site-packages/airflow/example_dags/subdags/subdag.py took 0.033 seconds
[2026-09-30T21:58:03.828+0000] {processor.py:153} INFO - Started process (PID=28014) to work on /home/airflow/.local/lib/python3.7/site-packages/airflow/example_dags/subdags/subdag.py
[2026-09-30T21:58:03.829+0000] {processor.py:743} INFO - Processing file /home/airflow/.local/lib/python3.7/site-packages/airflow/example_dags/subdags/subdag.py for tasks to queue
[2026-09-30T21:58:03.830+0000] {logging_mixin.py:137} INFO - [2026-09-30T21:58:03.830+0000] {dagbag.py:538} INFO - Filling up the DagBag from /home/airflow/.local/lib/python3.7/site-packages/airflow/example_dags/subdags/subdag.py
[2026-09-30T21:58:03.835+0000] {processor.py:755} WARNING - No viable dags retrieved from /home/airflow/.local/lib/python3.7/site-packages/airflow/example_dags/subdags/subdag.py
[2026-09-30T21:58:03.851+0000] {processor.py:175} INFO - Processing /home/airflow/.local/lib/python3.7/site-packages/airflow/example_dags/subdags/subdag.py took 0.028 seconds
[2026-09-30T21:58:34.729+0000] {processor.py:153} INFO - Started process (PID=28102) to work on /home/airflow/.local/lib/python3.7/site-packages/airflow/example_dags/subdags/subdag.py
[2026-09-30T21:58:34.730+0000] {processor.py:743} INFO - Processing file /home/airflow/.local/lib/python3.7/site-packages/airflow/example_dags/subdags/subdag.py for tasks to queue
[2026-09-30T21:58:34.732+0000] {logging_mixin.py:137} INFO - [2026-09-30T21:58:34.731+0000] {dagbag.py:538} INFO - Filling up the DagBag from /home/airflow/.local/lib/python3.7/site-packages/airflow/example_dags/subdags/subdag.py
[2026-09-30T21:58:34.739+0000] {processor.py:755} WARNING - No viable dags retrieved from /home/airflow/.local/lib/python3.7/site-packages/airflow/example_dags/subdags/subdag.py
[2026-09-30T21:58:34.758+0000] {processor.py:175} INFO - Processing /home/airflow/.local/lib/python3.7/site-packages/airflow/example_dags/subdags/subdag.py took 0.035 seconds
[2026-09-30T21:59:05.072+0000] {processor.py:153} INFO - Started process (PID=28192) to work on /home/airflow/.local/lib/python3.7/site-packages/airflow/example_dags/subdags/subdag.py
[2026-09-30T21:59:05.074+0000] {processor.py:743} INFO - Processing file /home/airflow/.local/lib/python3.7/site-packages/airflow/example_dags/subdags/subdag.py for tasks to queue
[2026-09-30T21:59:05.074+0000] {logging_mixin.py:137} INFO - [2026-09-30T21:59:05.074+0000] {dagbag.py:538} INFO - Filling up the DagBag from /home/airflow/.local/lib/python3.7/site-packages/airflow/example_dags/subdags/subdag.py
[2026-09-30T21:59:05.079+0000] {processor.py:755} WARNING - No viable dags retrieved from /home/airflow/.local/lib/python3.7/site-packages/airflow/example_dags/subdags/subdag.py
[2026-09-30T21:59:05.096+0000] {processor.py:175} INFO - Processing /home/airflow/.local/lib/python3.7/site-packages/airflow/example_dags/subdags/subdag.py took 0.028 seconds
[2026-09-30T21:59:35.958+0000] {processor.py:153} INFO - Started process (PID=28271) to work on /home/airflow/.local/lib/python3.7/site-packages/airflow/example_dags/subdags/subdag.py
[2026-09-30T21:59:35.959+0000] {processor.py:743} INFO - Processing file /home/airflow/.local/lib/python3.7/site-packages/airflow/example_dags/subdags/subdag.py for tasks to queue
[2026-09-30T21:59:35.960+0000] {logging_mixin.py:137} INFO - [2026-09-30T21:59:35.960+0000] {dagbag.py:538} INFO - Filling up the DagBag from /home/airflow/.local/lib/python3.7/site-packages/airflow/example_dags/subdags/subdag.py
[2026-09-30T21:59:35.965+0000] {processor.py:755} WARNING - No viable dags retrieved from /home/airflow/.local/lib/python3.7/site-packages/airflow/example_dags/subdags/subdag.py
[2026-09-30T21:59:35.980+0000] {processor.py:175} INFO - Processing /home/airflow/.local/lib/python3.7/site-packages/airflow/example_dags/subdags/subdag.py took 0.026 seconds
[2026-09-30T22:00:06.736+0000] {processor.py:153} INFO - Started process (PID=28351) to work on /home/airflow/.local/lib/python3.7/site-packages/airflow/example_dags/subdags/subdag.py
[2026-09-30T22:00:06.738+0000] {processor.py:743} INFO - Processing file /home/airflow/.local/lib/python3.7/site-packages/airflow/example_dags/subdags/subdag.py for tasks to queue
[2026-09-30T22:00:06.739+0000] {logging_mixin.py:137} INFO - [2026-09-30T22:00:06.739+0000] {dagbag.py:538} INFO - Filling up the DagBag from /home/airflow/.local/lib/python3.7/site-packages/airflow/example_dags/subdags/subdag.py
[2026-09-30T22:00:06.745+0000] {processor.py:755} WARNING - No viable dags retrieved from /home/airflow/.local/lib/python3.7/site-packages/airflow/example_dags/subdags/subdag.py
[2026-09-30T22:00:06.761+0000] {processor.py:175} INFO - Processing /home/airflow/.local/lib/python3.7/site-packages/airflow/example_dags/subdags/subdag.py took 0.031 seconds
[2026-09-30T22:00:37.048+0000] {processor.py:153} INFO - Started process (PID=28450) to work on /home/airflow/.local/lib/python3.7/site-packages/airflow/example_dags/subdags/subdag.py
[2026-09-30T22:00:37.048+0000] {processor.py:743} INFO - Processing file /home/airflow/.local/lib/python3.7/site-packages/airflow/example_dags/subdags/subdag.py for tasks to queue
[2026-09-30T22:00:37.049+0000] {logging_mixin.py:137} INFO - [2026-09-30T22:00:37.049+0000] {dagbag.py:538} INFO - Filling up the DagBag from /home/airflow/.local/lib/python3.7/site-packages/airflow/example_dags/subdags/subdag.py
[2026-09-30T22:00:37.053+0000] {processor.py:755} WARNING - No viable dags retrieved from /home/airflow/.local/lib/python3.7/site-packages/airflow/example_dags/subdags/subdag.py
[2026-09-30T22:00:37.069+0000] {processor.py:175} INFO - Processing /home/airflow/.local/lib/python3.7/site-packages/airflow/example_dags/subdags/subdag.py took 0.026 seconds
[2026-09-30T22:01:07.759+0000] {processor.py:153} INFO - Started process (PID=28529) to work on /home/airflow/.local/lib/python3.7/site-packages/airflow/example_dags/subdags/subdag.py
[2026-09-30T22:01:07.760+0000] {processor.py:743} INFO - Processing file /home/airflow/.local/lib/python3.7/site-packages/airflow/example_dags/subdags/subdag.py for tasks to queue
[2026-09-30T22:01:07.761+0000] {logging_mixin.py:137} INFO - [2026-09-30T22:01:07.761+0000] {dagbag.py:538} INFO - Filling up the DagBag from /home/airflow/.local/lib/python3.7/site-packages/airflow/example_dags/subdags/subdag.py
[2026-09-30T22:01:07.765+0000] {processor.py:755} WARNING - No viable dags retrieved from /home/airflow/.local/lib/python3.7/site-packages/airflow/example_dags/subdags/subdag.py
[2026-09-30T22:01:07.781+0000] {processor.py:175} INFO - Processing /home/airflow/.local/lib/python3.7/site-packages/airflow/example_dags/subdags/subdag.py took 0.027 seconds
[2026-09-30T22:01:38.435+0000] {processor.py:153} INFO - Started process (PID=28608) to work on /home/airflow/.local/lib/python3.7/site-packages/airflow/example_dags/subdags/subdag.py
[2026-09-30T22:01:38.436+0000] {processor.py:743} INFO - Processing file /home/airflow/.local/lib/python3.7/site-packages/airflow/example_dags/subdags/subdag.py for tasks to queue
[2026-09-30T22:01:38.436+0000] {logging_mixin.py:137} INFO - [2026-09-30T22:01:38.436+0000] {dagbag.py:538} INFO - Filling up the DagBag from /home/airflow/.local/lib/python3.7/site-packages/airflow/example_dags/subdags/subdag.py
[2026-09-30T22:01:38.441+0000] {processor.py:755} WARNING - No viable dags retrieved from /home/airflow/.local/lib/python3.7/site-packages/airflow/example_dags/subdags/subdag.py
[2026-09-30T22:01:38.459+0000] {processor.py:175} INFO - Processing /home/airflow/.local/lib/python3.7/site-packages/airflow/example_dags/subdags/subdag.py took 0.027 seconds
[2026-09-30T22:02:08.638+0000] {processor.py:153} INFO - Started process (PID=28687) to work on /home/airflow/.local/lib/python3.7/site-packages/airflow/example_dags/subdags/subdag.py
[2026-09-30T22:02:08.639+0000] {processor.py:743} INFO - Processing file /home/airflow/.local/lib/python3.7/site-packages/airflow/example_dags/subdags/subdag.py for tasks to queue
[2026-09-30T22:02:08.640+0000] {logging_mixin.py:137} INFO - [2026-09-30T22:02:08.640+0000] {dagbag.py:538} INFO - Filling up the DagBag from /home/airflow/.local/lib/python3.7/site-packages/airflow/example_dags/subdags/subdag.py
[2026-09-30T22:02:08.644+0000] {processor.py:755} WARNING - No viable dags retrieved from /home/airflow/.local/lib/python3.7/site-packages/airflow/example_dags/subdags/subdag.py
[2026-09-30T22:02:08.658+0000] {processor.py:175} INFO - Processing /home/airflow/.local/lib/python3.7/site-packages/airflow/example_dags/subdags/subdag.py took 0.024 seconds
[2026-09-30T22:02:39.106+0000] {processor.py:153} INFO - Started process (PID=28786) to work on /home/airflow/.local/lib/python3.7/site-packages/airflow/example_dags/subdags/subdag.py
[2026-09-30T22:02:39.107+0000] {processor.py:743} INFO - Processing file /home/airflow/.local/lib/python3.7/site-packages/airflow/example_dags/subdags/subdag.py for tasks to queue
[2026-09-30T22:02:39.109+0000] {logging_mixin.py:137} INFO - [2026-09-30T22:02:39.109+0000] {dagbag.py:538} INFO - Filling up the DagBag from /home/airflow/.local/lib/python3.7/site-packages/airflow/example_dags/subdags/subdag.py
[2026-09-30T22:02:39.113+0000] {processor.py:755} WARNING - No viable dags retrieved from /home/airflow/.local/lib/python3.7/site-packages/airflow/example_dags/subdags/subdag.py
[2026-09-30T22:02:39.129+0000] {processor.py:175} INFO - Processing /home/airflow/.local/lib/python3.7/site-packages/airflow/example_dags/subdags/subdag.py took 0.027 seconds
[2026-09-30T22:03:09.211+0000] {processor.py:153} INFO - Started process (PID=28864) to work on /home/airflow/.local/lib/python3.7/site-packages/airflow/example_dags/subdags/subdag.py
[2026-09-30T22:03:09.212+0000] {processor.py:743} INFO - Processing file /home/airflow/.local/lib/python3.7/site-packages/airflow/example_dags/subdags/subdag.py for tasks to queue
[2026-09-30T22:03:09.214+0000] {logging_mixin.py:137} INFO - [2026-09-30T22:03:09.213+0000] {dagbag.py:538} INFO - Filling up the DagBag from /home/airflow/.local/lib/python3.7/site-packages/airflow/example_dags/subdags/subdag.py
[2026-09-30T22:03:09.220+0000] {processor.py:755} WARNING - No viable dags retrieved from /home/airflow/.local/lib/python3.7/site-packages/airflow/example_dags/subdags/subdag.py
[2026-09-30T22:03:09.238+0000] {processor.py:175} INFO - Processing /home/airflow/.local/lib/python3.7/site-packages/airflow/example_dags/subdags/subdag.py took 0.032 seconds
[2026-09-30T22:03:39.937+0000] {processor.py:153} INFO - Started process (PID=28944) to work on /home/airflow/.local/lib/python3.7/site-packages/airflow/example_dags/subdags/subdag.py
[2026-09-30T22:03:39.938+0000] {processor.py:743} INFO - Processing file /home/airflow/.local/lib/python3.7/site-packages/airflow/example_dags/subdags/subdag.py for tasks to queue
[2026-09-30T22:03:39.939+0000] {logging_mixin.py:137} INFO - [2026-09-30T22:03:39.939+0000] {dagbag.py:538} INFO - Filling up the DagBag from /home/airflow/.local/lib/python3.7/site-packages/airflow/example_dags/subdags/subdag.py
[2026-09-30T22:03:39.947+0000] {processor.py:755} WARNING - No viable dags retrieved from /home/airflow/.local/lib/python3.7/site-packages/airflow/example_dags/subdags/subdag.py
[2026-09-30T22:03:39.965+0000] {processor.py:175} INFO - Processing /home/airflow/.local/lib/python3.7/site-packages/airflow/example_dags/subdags/subdag.py took 0.033 seconds
[2026-09-30T22:04:10.211+0000] {processor.py:153} INFO - Started process (PID=29023) to work on /home/airflow/.local/lib/python3.7/site-packages/airflow/example_dags/subdags/subdag.py
[2026-09-30T22:04:10.212+0000] {processor.py:743} INFO - Processing file /home/airflow/.local/lib/python3.7/site-packages/airflow/example_dags/subdags/subdag.py for tasks to queue
[2026-09-30T22:04:10.213+0000] {logging_mixin.py:137} INFO - [2026-09-30T22:04:10.213+0000] {dagbag.py:538} INFO - Filling up the DagBag from /home/airflow/.local/lib/python3.7/site-packages/airflow/example_dags/subdags/subdag.py
[2026-09-30T22:04:10.218+0000] {processor.py:755} WARNING - No viable dags retrieved from /home/airflow/.local/lib/python3.7/site-packages/airflow/example_dags/subdags/subdag.py
[2026-09-30T22:04:10.236+0000] {processor.py:175} INFO - Processing /home/airflow/.local/lib/python3.7/site-packages/airflow/example_dags/subdags/subdag.py took 0.029 seconds
[2026-09-30T22:04:40.478+0000] {processor.py:153} INFO - Started process (PID=29110) to work on /home/airflow/.local/lib/python3.7/site-packages/airflow/example_dags/subdags/subdag.py
[2026-09-30T22:04:40.480+0000] {processor.py:743} INFO - Processing file /home/airflow/.local/lib/python3.7/site-packages/airflow/example_dags/subdags/subdag.py for tasks to queue
[2026-09-30T22:04:40.481+0000] {logging_mixin.py:137} INFO - [2026-09-30T22:04:40.481+0000] {dagbag.py:538} INFO - Filling up the DagBag from /home/airflow/.local/lib/python3.7/site-packages/airflow/example_dags/subdags/subdag.py
[2026-09-30T22:04:40.489+0000] {processor.py:755} WARNING - No viable dags retrieved from /home/airflow/.local/lib/python3.7/site-packages/airflow/example_dags/subdags/subdag.py
[2026-09-30T22:04:40.508+0000] {processor.py:175} INFO - Processing /home/airflow/.local/lib/python3.7/site-packages/airflow/example_dags/subdags/subdag.py took 0.036 seconds
[2026-09-30T22:05:10.791+0000] {processor.py:153} INFO - Started process (PID=29200) to work on /home/airflow/.local/lib/python3.7/site-packages/airflow/example_dags/subdags/subdag.py
[2026-09-30T22:05:10.792+0000] {processor.py:743} INFO - Processing file /home/airflow/.local/lib/python3.7/site-packages/airflow/example_dags/subdags/subdag.py for tasks to queue
[2026-09-30T22:05:10.793+0000] {logging_mixin.py:137} INFO - [2026-09-30T22:05:10.793+0000] {dagbag.py:538} INFO - Filling up the DagBag from /home/airflow/.local/lib/python3.7/site-packages/airflow/example_dags/subdags/subdag.py
[2026-09-30T22:05:10.798+0000] {processor.py:755} WARNING - No viable dags retrieved from /home/airflow/.local/lib/python3.7/site-packages/airflow/example_dags/subdags/subdag.py
[2026-09-30T22:05:10.814+0000] {processor.py:175} INFO - Processing /home/airflow/.local/lib/python3.7/site-packages/airflow/example_dags/subdags/subdag.py took 0.027 seconds
[2026-09-30T22:05:41.418+0000] {processor.py:153} INFO - Started process (PID=29279) to work on /home/airflow/.local/lib/python3.7/site-packages/airflow/example_dags/subdags/subdag.py
[2026-09-30T22:05:41.420+0000] {processor.py:743} INFO - Processing file /home/airflow/.local/lib/python3.7/site-packages/airflow/example_dags/subdags/subdag.py for tasks to queue
[2026-09-30T22:05:41.421+0000] {logging_mixin.py:137} INFO - [2026-09-30T22:05:41.420+0000] {dagbag.py:538} INFO - Filling up the DagBag from /home/airflow/.local/lib/python3.7/site-packages/airflow/example_dags/subdags/subdag.py
[2026-09-30T22:05:41.427+0000] {processor.py:755} WARNING - No viable dags retrieved from /home/airflow/.local/lib/python3.7/site-packages/airflow/example_dags/subdags/subdag.py
[2026-09-30T22:05:41.451+0000] {processor.py:175} INFO - Processing /home/airflow/.local/lib/python3.7/site-packages/airflow/example_dags/subdags/subdag.py took 0.040 seconds
[2026-09-30T22:06:12.472+0000] {processor.py:153} INFO - Started process (PID=29359) to work on /home/airflow/.local/lib/python3.7/site-packages/airflow/example_dags/subdags/subdag.py
[2026-09-30T22:06:12.473+0000] {processor.py:743} INFO - Processing file /home/airflow/.local/lib/python3.7/site-packages/airflow/example_dags/subdags/subdag.py for tasks to queue
[2026-09-30T22:06:12.474+0000] {logging_mixin.py:137} INFO - [2026-09-30T22:06:12.474+0000] {dagbag.py:538} INFO - Filling up the DagBag from /home/airflow/.local/lib/python3.7/site-packages/airflow/example_dags/subdags/subdag.py
[2026-09-30T22:06:12.478+0000] {processor.py:755} WARNING - No viable dags retrieved from /home/airflow/.local/lib/python3.7/site-packages/airflow/example_dags/subdags/subdag.py
[2026-09-30T22:06:12.498+0000] {processor.py:175} INFO - Processing /home/airflow/.local/lib/python3.7/site-packages/airflow/example_dags/subdags/subdag.py took 0.030 seconds
[2026-09-30T22:06:43.455+0000] {processor.py:153} INFO - Started process (PID=29458) to work on /home/airflow/.local/lib/python3.7/site-packages/airflow/example_dags/subdags/subdag.py
[2026-09-30T22:06:43.456+0000] {processor.py:743} INFO - Processing file /home/airflow/.local/lib/python3.7/site-packages/airflow/example_dags/subdags/subdag.py for tasks to queue
[2026-09-30T22:06:43.457+0000] {logging_mixin.py:137} INFO - [2026-09-30T22:06:43.457+0000] {dagbag.py:538} INFO - Filling up the DagBag from /home/airflow/.local/lib/python3.7/site-packages/airflow/example_dags/subdags/subdag.py
[2026-09-30T22:06:43.461+0000] {processor.py:755} WARNING - No viable dags retrieved from /home/airflow/.local/lib/python3.7/site-packages/airflow/example_dags/subdags/subdag.py
[2026-09-30T22:06:43.478+0000] {processor.py:175} INFO - Processing /home/airflow/.local/lib/python3.7/site-packages/airflow/example_dags/subdags/subdag.py took 0.026 seconds
[2026-09-30T22:07:14.089+0000] {processor.py:153} INFO - Started process (PID=29537) to work on /home/airflow/.local/lib/python3.7/site-packages/airflow/example_dags/subdags/subdag.py
[2026-09-30T22:07:14.091+0000] {processor.py:743} INFO - Processing file /home/airflow/.local/lib/python3.7/site-packages/airflow/example_dags/subdags/subdag.py for tasks to queue
[2026-09-30T22:07:14.092+0000] {logging_mixin.py:137} INFO - [2026-09-30T22:07:14.092+0000] {dagbag.py:538} INFO - Filling up the DagBag from /home/airflow/.local/lib/python3.7/site-packages/airflow/example_dags/subdags/subdag.py
[2026-09-30T22:07:14.099+0000] {processor.py:755} WARNING - No viable dags retrieved from /home/airflow/.local/lib/python3.7/site-packages/airflow/example_dags/subdags/subdag.py
[2026-09-30T22:07:14.125+0000] {processor.py:175} INFO - Processing /home/airflow/.local/lib/python3.7/site-packages/airflow/example_dags/subdags/subdag.py took 0.042 seconds
[2026-09-30T22:07:44.906+0000] {processor.py:153} INFO - Started process (PID=29616) to work on /home/airflow/.local/lib/python3.7/site-packages/airflow/example_dags/subdags/subdag.py
[2026-09-30T22:07:44.906+0000] {processor.py:743} INFO - Processing file /home/airflow/.local/lib/python3.7/site-packages/airflow/example_dags/subdags/subdag.py for tasks to queue
[2026-09-30T22:07:44.907+0000] {logging_mixin.py:137} INFO - [2026-09-30T22:07:44.907+0000] {dagbag.py:538} INFO - Filling up the DagBag from /home/airflow/.local/lib/python3.7/site-packages/airflow/example_dags/subdags/subdag.py
[2026-09-30T22:07:44.913+0000] {processor.py:755} WARNING - No viable dags retrieved from /home/airflow/.local/lib/python3.7/site-packages/airflow/example_dags/subdags/subdag.py
[2026-09-30T22:07:44.930+0000] {processor.py:175} INFO - Processing /home/airflow/.local/lib/python3.7/site-packages/airflow/example_dags/subdags/subdag.py took 0.029 seconds
[2026-09-30T22:08:15.199+0000] {processor.py:153} INFO - Started process (PID=29695) to work on /home/airflow/.local/lib/python3.7/site-packages/airflow/example_dags/subdags/subdag.py
[2026-09-30T22:08:15.201+0000] {processor.py:743} INFO - Processing file /home/airflow/.local/lib/python3.7/site-packages/airflow/example_dags/subdags/subdag.py for tasks to queue
[2026-09-30T22:08:15.201+0000] {logging_mixin.py:137} INFO - [2026-09-30T22:08:15.201+0000] {dagbag.py:538} INFO - Filling up the DagBag from /home/airflow/.local/lib/python3.7/site-packages/airflow/example_dags/subdags/subdag.py
[2026-09-30T22:08:15.206+0000] {processor.py:755} WARNING - No viable dags retrieved from /home/airflow/.local/lib/python3.7/site-packages/airflow/example_dags/subdags/subdag.py
[2026-09-30T22:08:15.222+0000] {processor.py:175} INFO - Processing /home/airflow/.local/lib/python3.7/site-packages/airflow/example_dags/subdags/subdag.py took 0.027 seconds
[2026-09-30T22:08:45.895+0000] {processor.py:153} INFO - Started process (PID=29794) to work on /home/airflow/.local/lib/python3.7/site-packages/airflow/example_dags/subdags/subdag.py
[2026-09-30T22:08:45.897+0000] {processor.py:743} INFO - Processing file /home/airflow/.local/lib/python3.7/site-packages/airflow/example_dags/subdags/subdag.py for tasks to queue
[2026-09-30T22:08:45.897+0000] {logging_mixin.py:137} INFO - [2026-09-30T22:08:45.897+0000] {dagbag.py:538} INFO - Filling up the DagBag from /home/airflow/.local/lib/python3.7/site-packages/airflow/example_dags/subdags/subdag.py
[2026-09-30T22:08:45.902+0000] {processor.py:755} WARNING - No viable dags retrieved from /home/airflow/.local/lib/python3.7/site-packages/airflow/example_dags/subdags/subdag.py
[2026-09-30T22:08:45.925+0000] {processor.py:175} INFO - Processing /home/airflow/.local/lib/python3.7/site-packages/airflow/example_dags/subdags/subdag.py took 0.034 seconds
[2026-09-30T22:09:16.555+0000] {processor.py:153} INFO - Started process (PID=29873) to work on /home/airflow/.local/lib/python3.7/site-packages/airflow/example_dags/subdags/subdag.py
[2026-09-30T22:09:16.556+0000] {processor.py:743} INFO - Processing file /home/airflow/.local/lib/python3.7/site-packages/airflow/example_dags/subdags/subdag.py for tasks to queue
[2026-09-30T22:09:16.557+0000] {logging_mixin.py:137} INFO - [2026-09-30T22:09:16.557+0000] {dagbag.py:538} INFO - Filling up the DagBag from /home/airflow/.local/lib/python3.7/site-packages/airflow/example_dags/subdags/subdag.py
[2026-09-30T22:09:16.561+0000] {processor.py:755} WARNING - No viable dags retrieved from /home/airflow/.local/lib/python3.7/site-packages/airflow/example_dags/subdags/subdag.py
[2026-09-30T22:09:16.579+0000] {processor.py:175} INFO - Processing /home/airflow/.local/lib/python3.7/site-packages/airflow/example_dags/subdags/subdag.py took 0.028 seconds
[2026-09-30T22:09:46.965+0000] {processor.py:153} INFO - Started process (PID=29952) to work on /home/airflow/.local/lib/python3.7/site-packages/airflow/example_dags/subdags/subdag.py
[2026-09-30T22:09:46.966+0000] {processor.py:743} INFO - Processing file /home/airflow/.local/lib/python3.7/site-packages/airflow/example_dags/subdags/subdag.py for tasks to queue
[2026-09-30T22:09:46.967+0000] {logging_mixin.py:137} INFO - [2026-09-30T22:09:46.967+0000] {dagbag.py:538} INFO - Filling up the DagBag from /home/airflow/.local/lib/python3.7/site-packages/airflow/example_dags/subdags/subdag.py
[2026-09-30T22:09:46.971+0000] {processor.py:755} WARNING - No viable dags retrieved from /home/airflow/.local/lib/python3.7/site-packages/airflow/example_dags/subdags/subdag.py
[2026-09-30T22:09:46.986+0000] {processor.py:175} INFO - Processing /home/airflow/.local/lib/python3.7/site-packages/airflow/example_dags/subdags/subdag.py took 0.025 seconds
[2026-09-30T22:10:17.344+0000] {processor.py:153} INFO - Started process (PID=30031) to work on /home/airflow/.local/lib/python3.7/site-packages/airflow/example_dags/subdags/subdag.py
[2026-09-30T22:10:17.345+0000] {processor.py:743} INFO - Processing file /home/airflow/.local/lib/python3.7/site-packages/airflow/example_dags/subdags/subdag.py for tasks to queue
[2026-09-30T22:10:17.346+0000] {logging_mixin.py:137} INFO - [2026-09-30T22:10:17.346+0000] {dagbag.py:538} INFO - Filling up the DagBag from /home/airflow/.local/lib/python3.7/site-packages/airflow/example_dags/subdags/subdag.py
[2026-09-30T22:10:17.351+0000] {processor.py:755} WARNING - No viable dags retrieved from /home/airflow/.local/lib/python3.7/site-packages/airflow/example_dags/subdags/subdag.py
[2026-09-30T22:10:17.371+0000] {processor.py:175} INFO - Processing /home/airflow/.local/lib/python3.7/site-packages/airflow/example_dags/subdags/subdag.py took 0.031 seconds
[2026-09-30T22:10:47.652+0000] {processor.py:153} INFO - Started process (PID=30129) to work on /home/airflow/.local/lib/python3.7/site-packages/airflow/example_dags/subdags/subdag.py
[2026-09-30T22:10:47.653+0000] {processor.py:743} INFO - Processing file /home/airflow/.local/lib/python3.7/site-packages/airflow/example_dags/subdags/subdag.py for tasks to queue
[2026-09-30T22:10:47.654+0000] {logging_mixin.py:137} INFO - [2026-09-30T22:10:47.654+0000] {dagbag.py:538} INFO - Filling up the DagBag from /home/airflow/.local/lib/python3.7/site-packages/airflow/example_dags/subdags/subdag.py
[2026-09-30T22:10:47.660+0000] {processor.py:755} WARNING - No viable dags retrieved from /home/airflow/.local/lib/python3.7/site-packages/airflow/example_dags/subdags/subdag.py
[2026-09-30T22:10:47.681+0000] {processor.py:175} INFO - Processing /home/airflow/.local/lib/python3.7/site-packages/airflow/example_dags/subdags/subdag.py took 0.035 seconds
[2026-09-30T22:11:18.368+0000] {processor.py:153} INFO - Started process (PID=30264) to work on /home/airflow/.local/lib/python3.7/site-packages/airflow/example_dags/subdags/subdag.py
[2026-09-30T22:11:18.370+0000] {processor.py:743} INFO - Processing file /home/airflow/.local/lib/python3.7/site-packages/airflow/example_dags/subdags/subdag.py for tasks to queue
[2026-09-30T22:11:18.370+0000] {logging_mixin.py:137} INFO - [2026-09-30T22:11:18.370+0000] {dagbag.py:538} INFO - Filling up the DagBag from /home/airflow/.local/lib/python3.7/site-packages/airflow/example_dags/subdags/subdag.py
[2026-09-30T22:11:18.375+0000] {processor.py:755} WARNING - No viable dags retrieved from /home/airflow/.local/lib/python3.7/site-packages/airflow/example_dags/subdags/subdag.py
[2026-09-30T22:11:18.391+0000] {processor.py:175} INFO - Processing /home/airflow/.local/lib/python3.7/site-packages/airflow/example_dags/subdags/subdag.py took 0.025 seconds
[2026-09-30T22:11:48.596+0000] {processor.py:153} INFO - Started process (PID=30423) to work on /home/airflow/.local/lib/python3.7/site-packages/airflow/example_dags/subdags/subdag.py
[2026-09-30T22:11:48.597+0000] {processor.py:743} INFO - Processing file /home/airflow/.local/lib/python3.7/site-packages/airflow/example_dags/subdags/subdag.py for tasks to queue
[2026-09-30T22:11:48.598+0000] {logging_mixin.py:137} INFO - [2026-09-30T22:11:48.598+0000] {dagbag.py:538} INFO - Filling up the DagBag from /home/airflow/.local/lib/python3.7/site-packages/airflow/example_dags/subdags/subdag.py
[2026-09-30T22:11:48.602+0000] {processor.py:755} WARNING - No viable dags retrieved from /home/airflow/.local/lib/python3.7/site-packages/airflow/example_dags/subdags/subdag.py
[2026-09-30T22:11:48.614+0000] {processor.py:175} INFO - Processing /home/airflow/.local/lib/python3.7/site-packages/airflow/example_dags/subdags/subdag.py took 0.021 seconds
[2026-09-30T22:12:19.525+0000] {processor.py:153} INFO - Started process (PID=30629) to work on /home/airflow/.local/lib/python3.7/site-packages/airflow/example_dags/subdags/subdag.py
[2026-09-30T22:12:19.527+0000] {processor.py:743} INFO - Processing file /home/airflow/.local/lib/python3.7/site-packages/airflow/example_dags/subdags/subdag.py for tasks to queue
[2026-09-30T22:12:19.528+0000] {logging_mixin.py:137} INFO - [2026-09-30T22:12:19.528+0000] {dagbag.py:538} INFO - Filling up the DagBag from /home/airflow/.local/lib/python3.7/site-packages/airflow/example_dags/subdags/subdag.py
[2026-09-30T22:12:19.533+0000] {processor.py:755} WARNING - No viable dags retrieved from /home/airflow/.local/lib/python3.7/site-packages/airflow/example_dags/subdags/subdag.py
[2026-09-30T22:12:19.547+0000] {processor.py:175} INFO - Processing /home/airflow/.local/lib/python3.7/site-packages/airflow/example_dags/subdags/subdag.py took 0.032 seconds
[2026-09-30T22:12:50.381+0000] {processor.py:153} INFO - Started process (PID=30818) to work on /home/airflow/.local/lib/python3.7/site-packages/airflow/example_dags/subdags/subdag.py
[2026-09-30T22:12:50.384+0000] {processor.py:743} INFO - Processing file /home/airflow/.local/lib/python3.7/site-packages/airflow/example_dags/subdags/subdag.py for tasks to queue
[2026-09-30T22:12:50.386+0000] {logging_mixin.py:137} INFO - [2026-09-30T22:12:50.386+0000] {dagbag.py:538} INFO - Filling up the DagBag from /home/airflow/.local/lib/python3.7/site-packages/airflow/example_dags/subdags/subdag.py
[2026-09-30T22:12:50.397+0000] {processor.py:755} WARNING - No viable dags retrieved from /home/airflow/.local/lib/python3.7/site-packages/airflow/example_dags/subdags/subdag.py
[2026-09-30T22:12:50.479+0000] {processor.py:175} INFO - Processing /home/airflow/.local/lib/python3.7/site-packages/airflow/example_dags/subdags/subdag.py took 0.105 seconds
[2026-09-30T22:13:21.301+0000] {processor.py:153} INFO - Started process (PID=31004) to work on /home/airflow/.local/lib/python3.7/site-packages/airflow/example_dags/subdags/subdag.py
[2026-09-30T22:13:21.302+0000] {processor.py:743} INFO - Processing file /home/airflow/.local/lib/python3.7/site-packages/airflow/example_dags/subdags/subdag.py for tasks to queue
[2026-09-30T22:13:21.303+0000] {logging_mixin.py:137} INFO - [2026-09-30T22:13:21.303+0000] {dagbag.py:538} INFO - Filling up the DagBag from /home/airflow/.local/lib/python3.7/site-packages/airflow/example_dags/subdags/subdag.py
[2026-09-30T22:13:21.309+0000] {processor.py:755} WARNING - No viable dags retrieved from /home/airflow/.local/lib/python3.7/site-packages/airflow/example_dags/subdags/subdag.py
[2026-09-30T22:13:21.326+0000] {processor.py:175} INFO - Processing /home/airflow/.local/lib/python3.7/site-packages/airflow/example_dags/subdags/subdag.py took 0.029 seconds
[2026-09-30T22:13:51.526+0000] {processor.py:153} INFO - Started process (PID=31178) to work on /home/airflow/.local/lib/python3.7/site-packages/airflow/example_dags/subdags/subdag.py
[2026-09-30T22:13:51.532+0000] {processor.py:743} INFO - Processing file /home/airflow/.local/lib/python3.7/site-packages/airflow/example_dags/subdags/subdag.py for tasks to queue
[2026-09-30T22:13:51.534+0000] {logging_mixin.py:137} INFO - [2026-09-30T22:13:51.533+0000] {dagbag.py:538} INFO - Filling up the DagBag from /home/airflow/.local/lib/python3.7/site-packages/airflow/example_dags/subdags/subdag.py
[2026-09-30T22:13:51.555+0000] {processor.py:755} WARNING - No viable dags retrieved from /home/airflow/.local/lib/python3.7/site-packages/airflow/example_dags/subdags/subdag.py
[2026-09-30T22:13:51.604+0000] {processor.py:175} INFO - Processing /home/airflow/.local/lib/python3.7/site-packages/airflow/example_dags/subdags/subdag.py took 0.096 seconds
[2026-09-30T22:14:21.950+0000] {processor.py:153} INFO - Started process (PID=31321) to work on /home/airflow/.local/lib/python3.7/site-packages/airflow/example_dags/subdags/subdag.py
[2026-09-30T22:14:21.952+0000] {processor.py:743} INFO - Processing file /home/airflow/.local/lib/python3.7/site-packages/airflow/example_dags/subdags/subdag.py for tasks to queue
[2026-09-30T22:14:21.953+0000] {logging_mixin.py:137} INFO - [2026-09-30T22:14:21.953+0000] {dagbag.py:538} INFO - Filling up the DagBag from /home/airflow/.local/lib/python3.7/site-packages/airflow/example_dags/subdags/subdag.py
[2026-09-30T22:14:21.958+0000] {processor.py:755} WARNING - No viable dags retrieved from /home/airflow/.local/lib/python3.7/site-packages/airflow/example_dags/subdags/subdag.py
[2026-09-30T22:14:21.986+0000] {processor.py:175} INFO - Processing /home/airflow/.local/lib/python3.7/site-packages/airflow/example_dags/subdags/subdag.py took 0.039 seconds
[2026-09-30T22:14:52.551+0000] {processor.py:153} INFO - Started process (PID=31412) to work on /home/airflow/.local/lib/python3.7/site-packages/airflow/example_dags/subdags/subdag.py
[2026-09-30T22:14:52.552+0000] {processor.py:743} INFO - Processing file /home/airflow/.local/lib/python3.7/site-packages/airflow/example_dags/subdags/subdag.py for tasks to queue
[2026-09-30T22:14:52.554+0000] {logging_mixin.py:137} INFO - [2026-09-30T22:14:52.553+0000] {dagbag.py:538} INFO - Filling up the DagBag from /home/airflow/.local/lib/python3.7/site-packages/airflow/example_dags/subdags/subdag.py
[2026-09-30T22:14:52.558+0000] {processor.py:755} WARNING - No viable dags retrieved from /home/airflow/.local/lib/python3.7/site-packages/airflow/example_dags/subdags/subdag.py
[2026-09-30T22:14:52.578+0000] {processor.py:175} INFO - Processing /home/airflow/.local/lib/python3.7/site-packages/airflow/example_dags/subdags/subdag.py took 0.032 seconds
[2026-09-30T22:15:23.161+0000] {processor.py:153} INFO - Started process (PID=31491) to work on /home/airflow/.local/lib/python3.7/site-packages/airflow/example_dags/subdags/subdag.py
[2026-09-30T22:15:23.162+0000] {processor.py:743} INFO - Processing file /home/airflow/.local/lib/python3.7/site-packages/airflow/example_dags/subdags/subdag.py for tasks to queue
[2026-09-30T22:15:23.163+0000] {logging_mixin.py:137} INFO - [2026-09-30T22:15:23.163+0000] {dagbag.py:538} INFO - Filling up the DagBag from /home/airflow/.local/lib/python3.7/site-packages/airflow/example_dags/subdags/subdag.py
[2026-09-30T22:15:23.170+0000] {processor.py:755} WARNING - No viable dags retrieved from /home/airflow/.local/lib/python3.7/site-packages/airflow/example_dags/subdags/subdag.py
[2026-09-30T22:15:23.192+0000] {processor.py:175} INFO - Processing /home/airflow/.local/lib/python3.7/site-packages/airflow/example_dags/subdags/subdag.py took 0.038 seconds
[2026-09-30T22:15:53.272+0000] {processor.py:153} INFO - Started process (PID=31570) to work on /home/airflow/.local/lib/python3.7/site-packages/airflow/example_dags/subdags/subdag.py
[2026-09-30T22:15:53.273+0000] {processor.py:743} INFO - Processing file /home/airflow/.local/lib/python3.7/site-packages/airflow/example_dags/subdags/subdag.py for tasks to queue
[2026-09-30T22:15:53.274+0000] {logging_mixin.py:137} INFO - [2026-09-30T22:15:53.273+0000] {dagbag.py:538} INFO - Filling up the DagBag from /home/airflow/.local/lib/python3.7/site-packages/airflow/example_dags/subdags/subdag.py
[2026-09-30T22:15:53.278+0000] {processor.py:755} WARNING - No viable dags retrieved from /home/airflow/.local/lib/python3.7/site-packages/airflow/example_dags/subdags/subdag.py
[2026-09-30T22:15:53.294+0000] {processor.py:175} INFO - Processing /home/airflow/.local/lib/python3.7/site-packages/airflow/example_dags/subdags/subdag.py took 0.027 seconds
[2026-09-30T22:16:23.656+0000] {processor.py:153} INFO - Started process (PID=31669) to work on /home/airflow/.local/lib/python3.7/site-packages/airflow/example_dags/subdags/subdag.py
[2026-09-30T22:16:23.657+0000] {processor.py:743} INFO - Processing file /home/airflow/.local/lib/python3.7/site-packages/airflow/example_dags/subdags/subdag.py for tasks to queue
[2026-09-30T22:16:23.658+0000] {logging_mixin.py:137} INFO - [2026-09-30T22:16:23.658+0000] {dagbag.py:538} INFO - Filling up the DagBag from /home/airflow/.local/lib/python3.7/site-packages/airflow/example_dags/subdags/subdag.py
[2026-09-30T22:16:23.662+0000] {processor.py:755} WARNING - No viable dags retrieved from /home/airflow/.local/lib/python3.7/site-packages/airflow/example_dags/subdags/subdag.py
[2026-09-30T22:16:23.678+0000] {processor.py:175} INFO - Processing /home/airflow/.local/lib/python3.7/site-packages/airflow/example_dags/subdags/subdag.py took 0.026 seconds
[2026-09-30T22:16:53.856+0000] {processor.py:153} INFO - Started process (PID=31748) to work on /home/airflow/.local/lib/python3.7/site-packages/airflow/example_dags/subdags/subdag.py
[2026-09-30T22:16:53.857+0000] {processor.py:743} INFO - Processing file /home/airflow/.local/lib/python3.7/site-packages/airflow/example_dags/subdags/subdag.py for tasks to queue
[2026-09-30T22:16:53.858+0000] {logging_mixin.py:137} INFO - [2026-09-30T22:16:53.858+0000] {dagbag.py:538} INFO - Filling up the DagBag from /home/airflow/.local/lib/python3.7/site-packages/airflow/example_dags/subdags/subdag.py
[2026-09-30T22:16:53.863+0000] {processor.py:755} WARNING - No viable dags retrieved from /home/airflow/.local/lib/python3.7/site-packages/airflow/example_dags/subdags/subdag.py
[2026-09-30T22:16:53.880+0000] {processor.py:175} INFO - Processing /home/airflow/.local/lib/python3.7/site-packages/airflow/example_dags/subdags/subdag.py took 0.028 seconds
[2026-09-30T22:17:24.393+0000] {processor.py:153} INFO - Started process (PID=31826) to work on /home/airflow/.local/lib/python3.7/site-packages/airflow/example_dags/subdags/subdag.py
[2026-09-30T22:17:24.393+0000] {processor.py:743} INFO - Processing file /home/airflow/.local/lib/python3.7/site-packages/airflow/example_dags/subdags/subdag.py for tasks to queue
[2026-09-30T22:17:24.394+0000] {logging_mixin.py:137} INFO - [2026-09-30T22:17:24.394+0000] {dagbag.py:538} INFO - Filling up the DagBag from /home/airflow/.local/lib/python3.7/site-packages/airflow/example_dags/subdags/subdag.py
[2026-09-30T22:17:24.398+0000] {processor.py:755} WARNING - No viable dags retrieved from /home/airflow/.local/lib/python3.7/site-packages/airflow/example_dags/subdags/subdag.py
[2026-09-30T22:17:24.417+0000] {processor.py:175} INFO - Processing /home/airflow/.local/lib/python3.7/site-packages/airflow/example_dags/subdags/subdag.py took 0.028 seconds
[2026-09-30T22:17:55.743+0000] {processor.py:153} INFO - Started process (PID=31915) to work on /home/airflow/.local/lib/python3.7/site-packages/airflow/example_dags/subdags/subdag.py
[2026-09-30T22:17:55.744+0000] {processor.py:743} INFO - Processing file /home/airflow/.local/lib/python3.7/site-packages/airflow/example_dags/subdags/subdag.py for tasks to queue
[2026-09-30T22:17:55.745+0000] {logging_mixin.py:137} INFO - [2026-09-30T22:17:55.745+0000] {dagbag.py:538} INFO - Filling up the DagBag from /home/airflow/.local/lib/python3.7/site-packages/airflow/example_dags/subdags/subdag.py
[2026-09-30T22:17:55.750+0000] {processor.py:755} WARNING - No viable dags retrieved from /home/airflow/.local/lib/python3.7/site-packages/airflow/example_dags/subdags/subdag.py
[2026-09-30T22:17:55.768+0000] {processor.py:175} INFO - Processing /home/airflow/.local/lib/python3.7/site-packages/airflow/example_dags/subdags/subdag.py took 0.029 seconds
[2026-09-30T22:18:26.764+0000] {processor.py:153} INFO - Started process (PID=32008) to work on /home/airflow/.local/lib/python3.7/site-packages/airflow/example_dags/subdags/subdag.py
[2026-09-30T22:18:26.765+0000] {processor.py:743} INFO - Processing file /home/airflow/.local/lib/python3.7/site-packages/airflow/example_dags/subdags/subdag.py for tasks to queue
[2026-09-30T22:18:26.765+0000] {logging_mixin.py:137} INFO - [2026-09-30T22:18:26.765+0000] {dagbag.py:538} INFO - Filling up the DagBag from /home/airflow/.local/lib/python3.7/site-packages/airflow/example_dags/subdags/subdag.py
[2026-09-30T22:18:26.770+0000] {processor.py:755} WARNING - No viable dags retrieved from /home/airflow/.local/lib/python3.7/site-packages/airflow/example_dags/subdags/subdag.py
[2026-09-30T22:18:26.789+0000] {processor.py:175} INFO - Processing /home/airflow/.local/lib/python3.7/site-packages/airflow/example_dags/subdags/subdag.py took 0.029 seconds
[2026-09-30T22:18:56.928+0000] {processor.py:153} INFO - Started process (PID=32087) to work on /home/airflow/.local/lib/python3.7/site-packages/airflow/example_dags/subdags/subdag.py
[2026-09-30T22:18:56.929+0000] {processor.py:743} INFO - Processing file /home/airflow/.local/lib/python3.7/site-packages/airflow/example_dags/subdags/subdag.py for tasks to queue
[2026-09-30T22:18:56.930+0000] {logging_mixin.py:137} INFO - [2026-09-30T22:18:56.930+0000] {dagbag.py:538} INFO - Filling up the DagBag from /home/airflow/.local/lib/python3.7/site-packages/airflow/example_dags/subdags/subdag.py
[2026-09-30T22:18:56.934+0000] {processor.py:755} WARNING - No viable dags retrieved from /home/airflow/.local/lib/python3.7/site-packages/airflow/example_dags/subdags/subdag.py
[2026-09-30T22:18:56.950+0000] {processor.py:175} INFO - Processing /home/airflow/.local/lib/python3.7/site-packages/airflow/example_dags/subdags/subdag.py took 0.026 seconds
[2026-09-30T22:19:27.682+0000] {processor.py:153} INFO - Started process (PID=32166) to work on /home/airflow/.local/lib/python3.7/site-packages/airflow/example_dags/subdags/subdag.py
[2026-09-30T22:19:27.683+0000] {processor.py:743} INFO - Processing file /home/airflow/.local/lib/python3.7/site-packages/airflow/example_dags/subdags/subdag.py for tasks to queue
[2026-09-30T22:19:27.683+0000] {logging_mixin.py:137} INFO - [2026-09-30T22:19:27.683+0000] {dagbag.py:538} INFO - Filling up the DagBag from /home/airflow/.local/lib/python3.7/site-packages/airflow/example_dags/subdags/subdag.py
[2026-09-30T22:19:27.688+0000] {processor.py:755} WARNING - No viable dags retrieved from /home/airflow/.local/lib/python3.7/site-packages/airflow/example_dags/subdags/subdag.py
[2026-09-30T22:19:27.705+0000] {processor.py:175} INFO - Processing /home/airflow/.local/lib/python3.7/site-packages/airflow/example_dags/subdags/subdag.py took 0.026 seconds
[2026-09-30T22:19:57.796+0000] {processor.py:153} INFO - Started process (PID=32265) to work on /home/airflow/.local/lib/python3.7/site-packages/airflow/example_dags/subdags/subdag.py
[2026-09-30T22:19:57.797+0000] {processor.py:743} INFO - Processing file /home/airflow/.local/lib/python3.7/site-packages/airflow/example_dags/subdags/subdag.py for tasks to queue
[2026-09-30T22:19:57.799+0000] {logging_mixin.py:137} INFO - [2026-09-30T22:19:57.798+0000] {dagbag.py:538} INFO - Filling up the DagBag from /home/airflow/.local/lib/python3.7/site-packages/airflow/example_dags/subdags/subdag.py
[2026-09-30T22:19:57.804+0000] {processor.py:755} WARNING - No viable dags retrieved from /home/airflow/.local/lib/python3.7/site-packages/airflow/example_dags/subdags/subdag.py
[2026-09-30T22:19:57.822+0000] {processor.py:175} INFO - Processing /home/airflow/.local/lib/python3.7/site-packages/airflow/example_dags/subdags/subdag.py took 0.031 seconds
[2026-09-30T22:20:28.039+0000] {processor.py:153} INFO - Started process (PID=32344) to work on /home/airflow/.local/lib/python3.7/site-packages/airflow/example_dags/subdags/subdag.py
[2026-09-30T22:20:28.040+0000] {processor.py:743} INFO - Processing file /home/airflow/.local/lib/python3.7/site-packages/airflow/example_dags/subdags/subdag.py for tasks to queue
[2026-09-30T22:20:28.041+0000] {logging_mixin.py:137} INFO - [2026-09-30T22:20:28.040+0000] {dagbag.py:538} INFO - Filling up the DagBag from /home/airflow/.local/lib/python3.7/site-packages/airflow/example_dags/subdags/subdag.py
[2026-09-30T22:20:28.045+0000] {processor.py:755} WARNING - No viable dags retrieved from /home/airflow/.local/lib/python3.7/site-packages/airflow/example_dags/subdags/subdag.py
[2026-09-30T22:20:28.060+0000] {processor.py:175} INFO - Processing /home/airflow/.local/lib/python3.7/site-packages/airflow/example_dags/subdags/subdag.py took 0.025 seconds
[2026-09-30T22:20:58.231+0000] {processor.py:153} INFO - Started process (PID=32422) to work on /home/airflow/.local/lib/python3.7/site-packages/airflow/example_dags/subdags/subdag.py
[2026-09-30T22:20:58.232+0000] {processor.py:743} INFO - Processing file /home/airflow/.local/lib/python3.7/site-packages/airflow/example_dags/subdags/subdag.py for tasks to queue
[2026-09-30T22:20:58.233+0000] {logging_mixin.py:137} INFO - [2026-09-30T22:20:58.232+0000] {dagbag.py:538} INFO - Filling up the DagBag from /home/airflow/.local/lib/python3.7/site-packages/airflow/example_dags/subdags/subdag.py
[2026-09-30T22:20:58.236+0000] {processor.py:755} WARNING - No viable dags retrieved from /home/airflow/.local/lib/python3.7/site-packages/airflow/example_dags/subdags/subdag.py
[2026-09-30T22:20:58.249+0000] {processor.py:175} INFO - Processing /home/airflow/.local/lib/python3.7/site-packages/airflow/example_dags/subdags/subdag.py took 0.021 seconds
[2026-09-30T22:21:28.745+0000] {processor.py:153} INFO - Started process (PID=32500) to work on /home/airflow/.local/lib/python3.7/site-packages/airflow/example_dags/subdags/subdag.py
[2026-09-30T22:21:28.746+0000] {processor.py:743} INFO - Processing file /home/airflow/.local/lib/python3.7/site-packages/airflow/example_dags/subdags/subdag.py for tasks to queue
[2026-09-30T22:21:28.746+0000] {logging_mixin.py:137} INFO - [2026-09-30T22:21:28.746+0000] {dagbag.py:538} INFO - Filling up the DagBag from /home/airflow/.local/lib/python3.7/site-packages/airflow/example_dags/subdags/subdag.py
[2026-09-30T22:21:28.751+0000] {processor.py:755} WARNING - No viable dags retrieved from /home/airflow/.local/lib/python3.7/site-packages/airflow/example_dags/subdags/subdag.py
[2026-09-30T22:21:28.766+0000] {processor.py:175} INFO - Processing /home/airflow/.local/lib/python3.7/site-packages/airflow/example_dags/subdags/subdag.py took 0.026 seconds
[2026-09-30T22:21:59.250+0000] {processor.py:153} INFO - Started process (PID=32599) to work on /home/airflow/.local/lib/python3.7/site-packages/airflow/example_dags/subdags/subdag.py
[2026-09-30T22:21:59.252+0000] {processor.py:743} INFO - Processing file /home/airflow/.local/lib/python3.7/site-packages/airflow/example_dags/subdags/subdag.py for tasks to queue
[2026-09-30T22:21:59.253+0000] {logging_mixin.py:137} INFO - [2026-09-30T22:21:59.252+0000] {dagbag.py:538} INFO - Filling up the DagBag from /home/airflow/.local/lib/python3.7/site-packages/airflow/example_dags/subdags/subdag.py
[2026-09-30T22:21:59.257+0000] {processor.py:755} WARNING - No viable dags retrieved from /home/airflow/.local/lib/python3.7/site-packages/airflow/example_dags/subdags/subdag.py
[2026-09-30T22:21:59.276+0000] {processor.py:175} INFO - Processing /home/airflow/.local/lib/python3.7/site-packages/airflow/example_dags/subdags/subdag.py took 0.030 seconds
[2026-09-30T22:22:29.570+0000] {processor.py:153} INFO - Started process (PID=32679) to work on /home/airflow/.local/lib/python3.7/site-packages/airflow/example_dags/subdags/subdag.py
[2026-09-30T22:22:29.570+0000] {processor.py:743} INFO - Processing file /home/airflow/.local/lib/python3.7/site-packages/airflow/example_dags/subdags/subdag.py for tasks to queue
[2026-09-30T22:22:29.571+0000] {logging_mixin.py:137} INFO - [2026-09-30T22:22:29.571+0000] {dagbag.py:538} INFO - Filling up the DagBag from /home/airflow/.local/lib/python3.7/site-packages/airflow/example_dags/subdags/subdag.py
[2026-09-30T22:22:29.575+0000] {processor.py:755} WARNING - No viable dags retrieved from /home/airflow/.local/lib/python3.7/site-packages/airflow/example_dags/subdags/subdag.py
[2026-09-30T22:22:29.589+0000] {processor.py:175} INFO - Processing /home/airflow/.local/lib/python3.7/site-packages/airflow/example_dags/subdags/subdag.py took 0.023 seconds
[2026-09-30T22:23:00.590+0000] {processor.py:153} INFO - Started process (PID=32760) to work on /home/airflow/.local/lib/python3.7/site-packages/airflow/example_dags/subdags/subdag.py
[2026-09-30T22:23:00.592+0000] {processor.py:743} INFO - Processing file /home/airflow/.local/lib/python3.7/site-packages/airflow/example_dags/subdags/subdag.py for tasks to queue
[2026-09-30T22:23:00.592+0000] {logging_mixin.py:137} INFO - [2026-09-30T22:23:00.592+0000] {dagbag.py:538} INFO - Filling up the DagBag from /home/airflow/.local/lib/python3.7/site-packages/airflow/example_dags/subdags/subdag.py
[2026-09-30T22:23:00.596+0000] {processor.py:755} WARNING - No viable dags retrieved from /home/airflow/.local/lib/python3.7/site-packages/airflow/example_dags/subdags/subdag.py
[2026-09-30T22:23:00.612+0000] {processor.py:175} INFO - Processing /home/airflow/.local/lib/python3.7/site-packages/airflow/example_dags/subdags/subdag.py took 0.026 seconds
[2026-09-30T22:23:31.677+0000] {processor.py:153} INFO - Started process (PID=32848) to work on /home/airflow/.local/lib/python3.7/site-packages/airflow/example_dags/subdags/subdag.py
[2026-09-30T22:23:31.678+0000] {processor.py:743} INFO - Processing file /home/airflow/.local/lib/python3.7/site-packages/airflow/example_dags/subdags/subdag.py for tasks to queue
[2026-09-30T22:23:31.679+0000] {logging_mixin.py:137} INFO - [2026-09-30T22:23:31.679+0000] {dagbag.py:538} INFO - Filling up the DagBag from /home/airflow/.local/lib/python3.7/site-packages/airflow/example_dags/subdags/subdag.py
[2026-09-30T22:23:31.686+0000] {processor.py:755} WARNING - No viable dags retrieved from /home/airflow/.local/lib/python3.7/site-packages/airflow/example_dags/subdags/subdag.py
[2026-09-30T22:23:31.716+0000] {processor.py:175} INFO - Processing /home/airflow/.local/lib/python3.7/site-packages/airflow/example_dags/subdags/subdag.py took 0.045 seconds
[2026-09-30T22:24:02.111+0000] {processor.py:153} INFO - Started process (PID=32938) to work on /home/airflow/.local/lib/python3.7/site-packages/airflow/example_dags/subdags/subdag.py
[2026-09-30T22:24:02.113+0000] {processor.py:743} INFO - Processing file /home/airflow/.local/lib/python3.7/site-packages/airflow/example_dags/subdags/subdag.py for tasks to queue
[2026-09-30T22:24:02.113+0000] {logging_mixin.py:137} INFO - [2026-09-30T22:24:02.113+0000] {dagbag.py:538} INFO - Filling up the DagBag from /home/airflow/.local/lib/python3.7/site-packages/airflow/example_dags/subdags/subdag.py
[2026-09-30T22:24:02.117+0000] {processor.py:755} WARNING - No viable dags retrieved from /home/airflow/.local/lib/python3.7/site-packages/airflow/example_dags/subdags/subdag.py
[2026-09-30T22:24:02.134+0000] {processor.py:175} INFO - Processing /home/airflow/.local/lib/python3.7/site-packages/airflow/example_dags/subdags/subdag.py took 0.029 seconds
[2026-09-30T22:24:33.043+0000] {processor.py:153} INFO - Started process (PID=33016) to work on /home/airflow/.local/lib/python3.7/site-packages/airflow/example_dags/subdags/subdag.py
[2026-09-30T22:24:33.044+0000] {processor.py:743} INFO - Processing file /home/airflow/.local/lib/python3.7/site-packages/airflow/example_dags/subdags/subdag.py for tasks to queue
[2026-09-30T22:24:33.045+0000] {logging_mixin.py:137} INFO - [2026-09-30T22:24:33.044+0000] {dagbag.py:538} INFO - Filling up the DagBag from /home/airflow/.local/lib/python3.7/site-packages/airflow/example_dags/subdags/subdag.py
[2026-09-30T22:24:33.049+0000] {processor.py:755} WARNING - No viable dags retrieved from /home/airflow/.local/lib/python3.7/site-packages/airflow/example_dags/subdags/subdag.py
[2026-09-30T22:24:33.065+0000] {processor.py:175} INFO - Processing /home/airflow/.local/lib/python3.7/site-packages/airflow/example_dags/subdags/subdag.py took 0.026 seconds
[2026-09-30T22:25:04.014+0000] {processor.py:153} INFO - Started process (PID=33095) to work on /home/airflow/.local/lib/python3.7/site-packages/airflow/example_dags/subdags/subdag.py
[2026-09-30T22:25:04.015+0000] {processor.py:743} INFO - Processing file /home/airflow/.local/lib/python3.7/site-packages/airflow/example_dags/subdags/subdag.py for tasks to queue
[2026-09-30T22:25:04.016+0000] {logging_mixin.py:137} INFO - [2026-09-30T22:25:04.016+0000] {dagbag.py:538} INFO - Filling up the DagBag from /home/airflow/.local/lib/python3.7/site-packages/airflow/example_dags/subdags/subdag.py
[2026-09-30T22:25:04.020+0000] {processor.py:755} WARNING - No viable dags retrieved from /home/airflow/.local/lib/python3.7/site-packages/airflow/example_dags/subdags/subdag.py
[2026-09-30T22:25:04.036+0000] {processor.py:175} INFO - Processing /home/airflow/.local/lib/python3.7/site-packages/airflow/example_dags/subdags/subdag.py took 0.027 seconds
[2026-09-30T22:25:35.386+0000] {processor.py:153} INFO - Started process (PID=33194) to work on /home/airflow/.local/lib/python3.7/site-packages/airflow/example_dags/subdags/subdag.py
[2026-09-30T22:25:35.388+0000] {processor.py:743} INFO - Processing file /home/airflow/.local/lib/python3.7/site-packages/airflow/example_dags/subdags/subdag.py for tasks to queue
[2026-09-30T22:25:35.389+0000] {logging_mixin.py:137} INFO - [2026-09-30T22:25:35.388+0000] {dagbag.py:538} INFO - Filling up the DagBag from /home/airflow/.local/lib/python3.7/site-packages/airflow/example_dags/subdags/subdag.py
[2026-09-30T22:25:35.394+0000] {processor.py:755} WARNING - No viable dags retrieved from /home/airflow/.local/lib/python3.7/site-packages/airflow/example_dags/subdags/subdag.py
[2026-09-30T22:25:35.411+0000] {processor.py:175} INFO - Processing /home/airflow/.local/lib/python3.7/site-packages/airflow/example_dags/subdags/subdag.py took 0.030 seconds
[2026-09-30T22:26:05.783+0000] {processor.py:153} INFO - Started process (PID=33273) to work on /home/airflow/.local/lib/python3.7/site-packages/airflow/example_dags/subdags/subdag.py
[2026-09-30T22:26:05.784+0000] {processor.py:743} INFO - Processing file /home/airflow/.local/lib/python3.7/site-packages/airflow/example_dags/subdags/subdag.py for tasks to queue
[2026-09-30T22:26:05.785+0000] {logging_mixin.py:137} INFO - [2026-09-30T22:26:05.785+0000] {dagbag.py:538} INFO - Filling up the DagBag from /home/airflow/.local/lib/python3.7/site-packages/airflow/example_dags/subdags/subdag.py
[2026-09-30T22:26:05.790+0000] {processor.py:755} WARNING - No viable dags retrieved from /home/airflow/.local/lib/python3.7/site-packages/airflow/example_dags/subdags/subdag.py
[2026-09-30T22:26:05.810+0000] {processor.py:175} INFO - Processing /home/airflow/.local/lib/python3.7/site-packages/airflow/example_dags/subdags/subdag.py took 0.032 seconds
[2026-09-30T22:26:36.031+0000] {processor.py:153} INFO - Started process (PID=33364) to work on /home/airflow/.local/lib/python3.7/site-packages/airflow/example_dags/subdags/subdag.py
[2026-09-30T22:26:36.032+0000] {processor.py:743} INFO - Processing file /home/airflow/.local/lib/python3.7/site-packages/airflow/example_dags/subdags/subdag.py for tasks to queue
[2026-09-30T22:26:36.033+0000] {logging_mixin.py:137} INFO - [2026-09-30T22:26:36.033+0000] {dagbag.py:538} INFO - Filling up the DagBag from /home/airflow/.local/lib/python3.7/site-packages/airflow/example_dags/subdags/subdag.py
[2026-09-30T22:26:36.038+0000] {processor.py:755} WARNING - No viable dags retrieved from /home/airflow/.local/lib/python3.7/site-packages/airflow/example_dags/subdags/subdag.py
[2026-09-30T22:26:36.054+0000] {processor.py:175} INFO - Processing /home/airflow/.local/lib/python3.7/site-packages/airflow/example_dags/subdags/subdag.py took 0.027 seconds
[2026-09-30T22:27:06.333+0000] {processor.py:153} INFO - Started process (PID=33443) to work on /home/airflow/.local/lib/python3.7/site-packages/airflow/example_dags/subdags/subdag.py
[2026-09-30T22:27:06.334+0000] {processor.py:743} INFO - Processing file /home/airflow/.local/lib/python3.7/site-packages/airflow/example_dags/subdags/subdag.py for tasks to queue
[2026-09-30T22:27:06.335+0000] {logging_mixin.py:137} INFO - [2026-09-30T22:27:06.335+0000] {dagbag.py:538} INFO - Filling up the DagBag from /home/airflow/.local/lib/python3.7/site-packages/airflow/example_dags/subdags/subdag.py
[2026-09-30T22:27:06.340+0000] {processor.py:755} WARNING - No viable dags retrieved from /home/airflow/.local/lib/python3.7/site-packages/airflow/example_dags/subdags/subdag.py
[2026-09-30T22:27:06.356+0000] {processor.py:175} INFO - Processing /home/airflow/.local/lib/python3.7/site-packages/airflow/example_dags/subdags/subdag.py took 0.027 seconds
[2026-09-30T22:27:36.833+0000] {processor.py:153} INFO - Started process (PID=33542) to work on /home/airflow/.local/lib/python3.7/site-packages/airflow/example_dags/subdags/subdag.py
[2026-09-30T22:27:36.833+0000] {processor.py:743} INFO - Processing file /home/airflow/.local/lib/python3.7/site-packages/airflow/example_dags/subdags/subdag.py for tasks to queue
[2026-09-30T22:27:36.834+0000] {logging_mixin.py:137} INFO - [2026-09-30T22:27:36.834+0000] {dagbag.py:538} INFO - Filling up the DagBag from /home/airflow/.local/lib/python3.7/site-packages/airflow/example_dags/subdags/subdag.py
[2026-09-30T22:27:36.838+0000] {processor.py:755} WARNING - No viable dags retrieved from /home/airflow/.local/lib/python3.7/site-packages/airflow/example_dags/subdags/subdag.py
[2026-09-30T22:27:36.851+0000] {processor.py:175} INFO - Processing /home/airflow/.local/lib/python3.7/site-packages/airflow/example_dags/subdags/subdag.py took 0.022 seconds
[2026-09-30T22:28:07.769+0000] {processor.py:153} INFO - Started process (PID=33621) to work on /home/airflow/.local/lib/python3.7/site-packages/airflow/example_dags/subdags/subdag.py
[2026-09-30T22:28:07.771+0000] {processor.py:743} INFO - Processing file /home/airflow/.local/lib/python3.7/site-packages/airflow/example_dags/subdags/subdag.py for tasks to queue
[2026-09-30T22:28:07.771+0000] {logging_mixin.py:137} INFO - [2026-09-30T22:28:07.771+0000] {dagbag.py:538} INFO - Filling up the DagBag from /home/airflow/.local/lib/python3.7/site-packages/airflow/example_dags/subdags/subdag.py
[2026-09-30T22:28:07.776+0000] {processor.py:755} WARNING - No viable dags retrieved from /home/airflow/.local/lib/python3.7/site-packages/airflow/example_dags/subdags/subdag.py
[2026-09-30T22:28:07.792+0000] {processor.py:175} INFO - Processing /home/airflow/.local/lib/python3.7/site-packages/airflow/example_dags/subdags/subdag.py took 0.027 seconds
[2026-09-30T22:28:38.037+0000] {processor.py:153} INFO - Started process (PID=33700) to work on /home/airflow/.local/lib/python3.7/site-packages/airflow/example_dags/subdags/subdag.py
[2026-09-30T22:28:38.038+0000] {processor.py:743} INFO - Processing file /home/airflow/.local/lib/python3.7/site-packages/airflow/example_dags/subdags/subdag.py for tasks to queue
[2026-09-30T22:28:38.039+0000] {logging_mixin.py:137} INFO - [2026-09-30T22:28:38.039+0000] {dagbag.py:538} INFO - Filling up the DagBag from /home/airflow/.local/lib/python3.7/site-packages/airflow/example_dags/subdags/subdag.py
[2026-09-30T22:28:38.044+0000] {processor.py:755} WARNING - No viable dags retrieved from /home/airflow/.local/lib/python3.7/site-packages/airflow/example_dags/subdags/subdag.py
[2026-09-30T22:28:38.062+0000] {processor.py:175} INFO - Processing /home/airflow/.local/lib/python3.7/site-packages/airflow/example_dags/subdags/subdag.py took 0.029 seconds
[2026-09-30T22:29:08.455+0000] {processor.py:153} INFO - Started process (PID=33788) to work on /home/airflow/.local/lib/python3.7/site-packages/airflow/example_dags/subdags/subdag.py
[2026-09-30T22:29:08.457+0000] {processor.py:743} INFO - Processing file /home/airflow/.local/lib/python3.7/site-packages/airflow/example_dags/subdags/subdag.py for tasks to queue
[2026-09-30T22:29:08.457+0000] {logging_mixin.py:137} INFO - [2026-09-30T22:29:08.457+0000] {dagbag.py:538} INFO - Filling up the DagBag from /home/airflow/.local/lib/python3.7/site-packages/airflow/example_dags/subdags/subdag.py
[2026-09-30T22:29:08.462+0000] {processor.py:755} WARNING - No viable dags retrieved from /home/airflow/.local/lib/python3.7/site-packages/airflow/example_dags/subdags/subdag.py
[2026-09-30T22:29:08.480+0000] {processor.py:175} INFO - Processing /home/airflow/.local/lib/python3.7/site-packages/airflow/example_dags/subdags/subdag.py took 0.029 seconds
[2026-09-30T22:29:40.024+0000] {processor.py:153} INFO - Started process (PID=33878) to work on /home/airflow/.local/lib/python3.7/site-packages/airflow/example_dags/subdags/subdag.py
[2026-09-30T22:29:40.025+0000] {processor.py:743} INFO - Processing file /home/airflow/.local/lib/python3.7/site-packages/airflow/example_dags/subdags/subdag.py for tasks to queue
[2026-09-30T22:29:40.026+0000] {logging_mixin.py:137} INFO - [2026-09-30T22:29:40.026+0000] {dagbag.py:538} INFO - Filling up the DagBag from /home/airflow/.local/lib/python3.7/site-packages/airflow/example_dags/subdags/subdag.py
[2026-09-30T22:29:40.031+0000] {processor.py:755} WARNING - No viable dags retrieved from /home/airflow/.local/lib/python3.7/site-packages/airflow/example_dags/subdags/subdag.py
[2026-09-30T22:29:40.047+0000] {processor.py:175} INFO - Processing /home/airflow/.local/lib/python3.7/site-packages/airflow/example_dags/subdags/subdag.py took 0.027 seconds
[2026-09-30T22:30:22.921+0000] {processor.py:153} INFO - Started process (PID=99) to work on /home/airflow/.local/lib/python3.7/site-packages/airflow/example_dags/subdags/subdag.py
[2026-09-30T22:30:22.922+0000] {processor.py:743} INFO - Processing file /home/airflow/.local/lib/python3.7/site-packages/airflow/example_dags/subdags/subdag.py for tasks to queue
[2026-09-30T22:30:22.923+0000] {logging_mixin.py:137} INFO - [2026-09-30T22:30:22.923+0000] {dagbag.py:538} INFO - Filling up the DagBag from /home/airflow/.local/lib/python3.7/site-packages/airflow/example_dags/subdags/subdag.py
[2026-09-30T22:30:22.926+0000] {processor.py:755} WARNING - No viable dags retrieved from /home/airflow/.local/lib/python3.7/site-packages/airflow/example_dags/subdags/subdag.py
[2026-09-30T22:30:22.942+0000] {processor.py:175} INFO - Processing /home/airflow/.local/lib/python3.7/site-packages/airflow/example_dags/subdags/subdag.py took 0.024 seconds
[2026-09-30T22:30:55.336+0000] {processor.py:153} INFO - Started process (PID=178) to work on /home/airflow/.local/lib/python3.7/site-packages/airflow/example_dags/subdags/subdag.py
[2026-09-30T22:30:55.337+0000] {processor.py:743} INFO - Processing file /home/airflow/.local/lib/python3.7/site-packages/airflow/example_dags/subdags/subdag.py for tasks to queue
[2026-09-30T22:30:55.338+0000] {logging_mixin.py:137} INFO - [2026-09-30T22:30:55.338+0000] {dagbag.py:538} INFO - Filling up the DagBag from /home/airflow/.local/lib/python3.7/site-packages/airflow/example_dags/subdags/subdag.py
[2026-09-30T22:30:55.345+0000] {processor.py:755} WARNING - No viable dags retrieved from /home/airflow/.local/lib/python3.7/site-packages/airflow/example_dags/subdags/subdag.py
[2026-09-30T22:30:55.361+0000] {processor.py:175} INFO - Processing /home/airflow/.local/lib/python3.7/site-packages/airflow/example_dags/subdags/subdag.py took 0.030 seconds
[2026-09-30T22:31:26.211+0000] {processor.py:153} INFO - Started process (PID=256) to work on /home/airflow/.local/lib/python3.7/site-packages/airflow/example_dags/subdags/subdag.py
[2026-09-30T22:31:26.212+0000] {processor.py:743} INFO - Processing file /home/airflow/.local/lib/python3.7/site-packages/airflow/example_dags/subdags/subdag.py for tasks to queue
[2026-09-30T22:31:26.213+0000] {logging_mixin.py:137} INFO - [2026-09-30T22:31:26.213+0000] {dagbag.py:538} INFO - Filling up the DagBag from /home/airflow/.local/lib/python3.7/site-packages/airflow/example_dags/subdags/subdag.py
[2026-09-30T22:31:26.217+0000] {processor.py:755} WARNING - No viable dags retrieved from /home/airflow/.local/lib/python3.7/site-packages/airflow/example_dags/subdags/subdag.py
[2026-09-30T22:31:26.234+0000] {processor.py:175} INFO - Processing /home/airflow/.local/lib/python3.7/site-packages/airflow/example_dags/subdags/subdag.py took 0.028 seconds
[2026-09-30T22:31:57.165+0000] {processor.py:153} INFO - Started process (PID=356) to work on /home/airflow/.local/lib/python3.7/site-packages/airflow/example_dags/subdags/subdag.py
[2026-09-30T22:31:57.166+0000] {processor.py:743} INFO - Processing file /home/airflow/.local/lib/python3.7/site-packages/airflow/example_dags/subdags/subdag.py for tasks to queue
[2026-09-30T22:31:57.167+0000] {logging_mixin.py:137} INFO - [2026-09-30T22:31:57.167+0000] {dagbag.py:538} INFO - Filling up the DagBag from /home/airflow/.local/lib/python3.7/site-packages/airflow/example_dags/subdags/subdag.py
[2026-09-30T22:31:57.171+0000] {processor.py:755} WARNING - No viable dags retrieved from /home/airflow/.local/lib/python3.7/site-packages/airflow/example_dags/subdags/subdag.py
[2026-09-30T22:31:57.189+0000] {processor.py:175} INFO - Processing /home/airflow/.local/lib/python3.7/site-packages/airflow/example_dags/subdags/subdag.py took 0.027 seconds
[2026-09-30T22:32:27.818+0000] {processor.py:153} INFO - Started process (PID=435) to work on /home/airflow/.local/lib/python3.7/site-packages/airflow/example_dags/subdags/subdag.py
[2026-09-30T22:32:27.819+0000] {processor.py:743} INFO - Processing file /home/airflow/.local/lib/python3.7/site-packages/airflow/example_dags/subdags/subdag.py for tasks to queue
[2026-09-30T22:32:27.819+0000] {logging_mixin.py:137} INFO - [2026-09-30T22:32:27.819+0000] {dagbag.py:538} INFO - Filling up the DagBag from /home/airflow/.local/lib/python3.7/site-packages/airflow/example_dags/subdags/subdag.py
[2026-09-30T22:32:27.824+0000] {processor.py:755} WARNING - No viable dags retrieved from /home/airflow/.local/lib/python3.7/site-packages/airflow/example_dags/subdags/subdag.py
[2026-09-30T22:32:27.839+0000] {processor.py:175} INFO - Processing /home/airflow/.local/lib/python3.7/site-packages/airflow/example_dags/subdags/subdag.py took 0.025 seconds
[2026-09-30T22:32:58.774+0000] {processor.py:153} INFO - Started process (PID=514) to work on /home/airflow/.local/lib/python3.7/site-packages/airflow/example_dags/subdags/subdag.py
[2026-09-30T22:32:58.775+0000] {processor.py:743} INFO - Processing file /home/airflow/.local/lib/python3.7/site-packages/airflow/example_dags/subdags/subdag.py for tasks to queue
[2026-09-30T22:32:58.775+0000] {logging_mixin.py:137} INFO - [2026-09-30T22:32:58.775+0000] {dagbag.py:538} INFO - Filling up the DagBag from /home/airflow/.local/lib/python3.7/site-packages/airflow/example_dags/subdags/subdag.py
[2026-09-30T22:32:58.780+0000] {processor.py:755} WARNING - No viable dags retrieved from /home/airflow/.local/lib/python3.7/site-packages/airflow/example_dags/subdags/subdag.py
[2026-09-30T22:32:58.798+0000] {processor.py:175} INFO - Processing /home/airflow/.local/lib/python3.7/site-packages/airflow/example_dags/subdags/subdag.py took 0.028 seconds
[2026-09-30T22:33:29.266+0000] {processor.py:153} INFO - Started process (PID=613) to work on /home/airflow/.local/lib/python3.7/site-packages/airflow/example_dags/subdags/subdag.py
[2026-09-30T22:33:29.267+0000] {processor.py:743} INFO - Processing file /home/airflow/.local/lib/python3.7/site-packages/airflow/example_dags/subdags/subdag.py for tasks to queue
[2026-09-30T22:33:29.268+0000] {logging_mixin.py:137} INFO - [2026-09-30T22:33:29.268+0000] {dagbag.py:538} INFO - Filling up the DagBag from /home/airflow/.local/lib/python3.7/site-packages/airflow/example_dags/subdags/subdag.py
[2026-09-30T22:33:29.272+0000] {processor.py:755} WARNING - No viable dags retrieved from /home/airflow/.local/lib/python3.7/site-packages/airflow/example_dags/subdags/subdag.py
[2026-09-30T22:33:29.287+0000] {processor.py:175} INFO - Processing /home/airflow/.local/lib/python3.7/site-packages/airflow/example_dags/subdags/subdag.py took 0.025 seconds
[2026-09-30T22:34:00.317+0000] {processor.py:153} INFO - Started process (PID=692) to work on /home/airflow/.local/lib/python3.7/site-packages/airflow/example_dags/subdags/subdag.py
[2026-09-30T22:34:00.318+0000] {processor.py:743} INFO - Processing file /home/airflow/.local/lib/python3.7/site-packages/airflow/example_dags/subdags/subdag.py for tasks to queue
[2026-09-30T22:34:00.320+0000] {logging_mixin.py:137} INFO - [2026-09-30T22:34:00.319+0000] {dagbag.py:538} INFO - Filling up the DagBag from /home/airflow/.local/lib/python3.7/site-packages/airflow/example_dags/subdags/subdag.py
[2026-09-30T22:34:00.328+0000] {processor.py:755} WARNING - No viable dags retrieved from /home/airflow/.local/lib/python3.7/site-packages/airflow/example_dags/subdags/subdag.py
[2026-09-30T22:34:00.346+0000] {processor.py:175} INFO - Processing /home/airflow/.local/lib/python3.7/site-packages/airflow/example_dags/subdags/subdag.py took 0.034 seconds
[2026-09-30T22:34:30.659+0000] {processor.py:153} INFO - Started process (PID=771) to work on /home/airflow/.local/lib/python3.7/site-packages/airflow/example_dags/subdags/subdag.py
[2026-09-30T22:34:30.660+0000] {processor.py:743} INFO - Processing file /home/airflow/.local/lib/python3.7/site-packages/airflow/example_dags/subdags/subdag.py for tasks to queue
[2026-09-30T22:34:30.661+0000] {logging_mixin.py:137} INFO - [2026-09-30T22:34:30.660+0000] {dagbag.py:538} INFO - Filling up the DagBag from /home/airflow/.local/lib/python3.7/site-packages/airflow/example_dags/subdags/subdag.py
[2026-09-30T22:34:30.665+0000] {processor.py:755} WARNING - No viable dags retrieved from /home/airflow/.local/lib/python3.7/site-packages/airflow/example_dags/subdags/subdag.py
[2026-09-30T22:34:30.681+0000] {processor.py:175} INFO - Processing /home/airflow/.local/lib/python3.7/site-packages/airflow/example_dags/subdags/subdag.py took 0.025 seconds
[2026-09-30T22:35:01.262+0000] {processor.py:153} INFO - Started process (PID=870) to work on /home/airflow/.local/lib/python3.7/site-packages/airflow/example_dags/subdags/subdag.py
[2026-09-30T22:35:01.263+0000] {processor.py:743} INFO - Processing file /home/airflow/.local/lib/python3.7/site-packages/airflow/example_dags/subdags/subdag.py for tasks to queue
[2026-09-30T22:35:01.264+0000] {logging_mixin.py:137} INFO - [2026-09-30T22:35:01.264+0000] {dagbag.py:538} INFO - Filling up the DagBag from /home/airflow/.local/lib/python3.7/site-packages/airflow/example_dags/subdags/subdag.py
[2026-09-30T22:35:01.269+0000] {processor.py:755} WARNING - No viable dags retrieved from /home/airflow/.local/lib/python3.7/site-packages/airflow/example_dags/subdags/subdag.py
[2026-09-30T22:35:01.285+0000] {processor.py:175} INFO - Processing /home/airflow/.local/lib/python3.7/site-packages/airflow/example_dags/subdags/subdag.py took 0.029 seconds
[2026-09-30T22:35:31.412+0000] {processor.py:153} INFO - Started process (PID=949) to work on /home/airflow/.local/lib/python3.7/site-packages/airflow/example_dags/subdags/subdag.py
[2026-09-30T22:35:31.412+0000] {processor.py:743} INFO - Processing file /home/airflow/.local/lib/python3.7/site-packages/airflow/example_dags/subdags/subdag.py for tasks to queue
[2026-09-30T22:35:31.413+0000] {logging_mixin.py:137} INFO - [2026-09-30T22:35:31.413+0000] {dagbag.py:538} INFO - Filling up the DagBag from /home/airflow/.local/lib/python3.7/site-packages/airflow/example_dags/subdags/subdag.py
[2026-09-30T22:35:31.416+0000] {processor.py:755} WARNING - No viable dags retrieved from /home/airflow/.local/lib/python3.7/site-packages/airflow/example_dags/subdags/subdag.py
[2026-09-30T22:35:31.428+0000] {processor.py:175} INFO - Processing /home/airflow/.local/lib/python3.7/site-packages/airflow/example_dags/subdags/subdag.py took 0.020 seconds
[2026-09-30T22:36:02.637+0000] {processor.py:153} INFO - Started process (PID=1028) to work on /home/airflow/.local/lib/python3.7/site-packages/airflow/example_dags/subdags/subdag.py
[2026-09-30T22:36:02.639+0000] {processor.py:743} INFO - Processing file /home/airflow/.local/lib/python3.7/site-packages/airflow/example_dags/subdags/subdag.py for tasks to queue
[2026-09-30T22:36:02.640+0000] {logging_mixin.py:137} INFO - [2026-09-30T22:36:02.640+0000] {dagbag.py:538} INFO - Filling up the DagBag from /home/airflow/.local/lib/python3.7/site-packages/airflow/example_dags/subdags/subdag.py
[2026-09-30T22:36:02.646+0000] {processor.py:755} WARNING - No viable dags retrieved from /home/airflow/.local/lib/python3.7/site-packages/airflow/example_dags/subdags/subdag.py
[2026-09-30T22:36:02.667+0000] {processor.py:175} INFO - Processing /home/airflow/.local/lib/python3.7/site-packages/airflow/example_dags/subdags/subdag.py took 0.036 seconds
[2026-09-30T22:36:33.120+0000] {processor.py:153} INFO - Started process (PID=1107) to work on /home/airflow/.local/lib/python3.7/site-packages/airflow/example_dags/subdags/subdag.py
[2026-09-30T22:36:33.121+0000] {processor.py:743} INFO - Processing file /home/airflow/.local/lib/python3.7/site-packages/airflow/example_dags/subdags/subdag.py for tasks to queue
[2026-09-30T22:36:33.122+0000] {logging_mixin.py:137} INFO - [2026-09-30T22:36:33.122+0000] {dagbag.py:538} INFO - Filling up the DagBag from /home/airflow/.local/lib/python3.7/site-packages/airflow/example_dags/subdags/subdag.py
[2026-09-30T22:36:33.126+0000] {processor.py:755} WARNING - No viable dags retrieved from /home/airflow/.local/lib/python3.7/site-packages/airflow/example_dags/subdags/subdag.py
[2026-09-30T22:36:33.142+0000] {processor.py:175} INFO - Processing /home/airflow/.local/lib/python3.7/site-packages/airflow/example_dags/subdags/subdag.py took 0.026 seconds
[2026-09-30T22:37:03.274+0000] {processor.py:153} INFO - Started process (PID=1206) to work on /home/airflow/.local/lib/python3.7/site-packages/airflow/example_dags/subdags/subdag.py
[2026-09-30T22:37:03.275+0000] {processor.py:743} INFO - Processing file /home/airflow/.local/lib/python3.7/site-packages/airflow/example_dags/subdags/subdag.py for tasks to queue
[2026-09-30T22:37:03.276+0000] {logging_mixin.py:137} INFO - [2026-09-30T22:37:03.276+0000] {dagbag.py:538} INFO - Filling up the DagBag from /home/airflow/.local/lib/python3.7/site-packages/airflow/example_dags/subdags/subdag.py
[2026-09-30T22:37:03.281+0000] {processor.py:755} WARNING - No viable dags retrieved from /home/airflow/.local/lib/python3.7/site-packages/airflow/example_dags/subdags/subdag.py
[2026-09-30T22:37:03.300+0000] {processor.py:175} INFO - Processing /home/airflow/.local/lib/python3.7/site-packages/airflow/example_dags/subdags/subdag.py took 0.031 seconds
[2026-09-30T22:37:33.940+0000] {processor.py:153} INFO - Started process (PID=1285) to work on /home/airflow/.local/lib/python3.7/site-packages/airflow/example_dags/subdags/subdag.py
[2026-09-30T22:37:33.941+0000] {processor.py:743} INFO - Processing file /home/airflow/.local/lib/python3.7/site-packages/airflow/example_dags/subdags/subdag.py for tasks to queue
[2026-09-30T22:37:33.942+0000] {logging_mixin.py:137} INFO - [2026-09-30T22:37:33.942+0000] {dagbag.py:538} INFO - Filling up the DagBag from /home/airflow/.local/lib/python3.7/site-packages/airflow/example_dags/subdags/subdag.py
[2026-09-30T22:37:33.945+0000] {processor.py:755} WARNING - No viable dags retrieved from /home/airflow/.local/lib/python3.7/site-packages/airflow/example_dags/subdags/subdag.py
[2026-09-30T22:37:33.963+0000] {processor.py:175} INFO - Processing /home/airflow/.local/lib/python3.7/site-packages/airflow/example_dags/subdags/subdag.py took 0.028 seconds
[2026-09-30T22:38:04.734+0000] {processor.py:153} INFO - Started process (PID=1364) to work on /home/airflow/.local/lib/python3.7/site-packages/airflow/example_dags/subdags/subdag.py
[2026-09-30T22:38:04.736+0000] {processor.py:743} INFO - Processing file /home/airflow/.local/lib/python3.7/site-packages/airflow/example_dags/subdags/subdag.py for tasks to queue
[2026-09-30T22:38:04.737+0000] {logging_mixin.py:137} INFO - [2026-09-30T22:38:04.737+0000] {dagbag.py:538} INFO - Filling up the DagBag from /home/airflow/.local/lib/python3.7/site-packages/airflow/example_dags/subdags/subdag.py
[2026-09-30T22:38:04.743+0000] {processor.py:755} WARNING - No viable dags retrieved from /home/airflow/.local/lib/python3.7/site-packages/airflow/example_dags/subdags/subdag.py
[2026-09-30T22:38:04.763+0000] {processor.py:175} INFO - Processing /home/airflow/.local/lib/python3.7/site-packages/airflow/example_dags/subdags/subdag.py took 0.034 seconds
[2026-09-30T22:38:35.801+0000] {processor.py:153} INFO - Started process (PID=1443) to work on /home/airflow/.local/lib/python3.7/site-packages/airflow/example_dags/subdags/subdag.py
[2026-09-30T22:38:35.802+0000] {processor.py:743} INFO - Processing file /home/airflow/.local/lib/python3.7/site-packages/airflow/example_dags/subdags/subdag.py for tasks to queue
[2026-09-30T22:38:35.803+0000] {logging_mixin.py:137} INFO - [2026-09-30T22:38:35.803+0000] {dagbag.py:538} INFO - Filling up the DagBag from /home/airflow/.local/lib/python3.7/site-packages/airflow/example_dags/subdags/subdag.py
[2026-09-30T22:38:35.807+0000] {processor.py:755} WARNING - No viable dags retrieved from /home/airflow/.local/lib/python3.7/site-packages/airflow/example_dags/subdags/subdag.py
[2026-09-30T22:38:35.823+0000] {processor.py:175} INFO - Processing /home/airflow/.local/lib/python3.7/site-packages/airflow/example_dags/subdags/subdag.py took 0.026 seconds
[2026-09-30T22:39:07.242+0000] {processor.py:153} INFO - Started process (PID=1542) to work on /home/airflow/.local/lib/python3.7/site-packages/airflow/example_dags/subdags/subdag.py
[2026-09-30T22:39:07.244+0000] {processor.py:743} INFO - Processing file /home/airflow/.local/lib/python3.7/site-packages/airflow/example_dags/subdags/subdag.py for tasks to queue
[2026-09-30T22:39:07.245+0000] {logging_mixin.py:137} INFO - [2026-09-30T22:39:07.245+0000] {dagbag.py:538} INFO - Filling up the DagBag from /home/airflow/.local/lib/python3.7/site-packages/airflow/example_dags/subdags/subdag.py
[2026-09-30T22:39:07.251+0000] {processor.py:755} WARNING - No viable dags retrieved from /home/airflow/.local/lib/python3.7/site-packages/airflow/example_dags/subdags/subdag.py
[2026-09-30T22:39:07.270+0000] {processor.py:175} INFO - Processing /home/airflow/.local/lib/python3.7/site-packages/airflow/example_dags/subdags/subdag.py took 0.032 seconds
[2026-09-30T22:39:38.300+0000] {processor.py:153} INFO - Started process (PID=1621) to work on /home/airflow/.local/lib/python3.7/site-packages/airflow/example_dags/subdags/subdag.py
[2026-09-30T22:39:38.301+0000] {processor.py:743} INFO - Processing file /home/airflow/.local/lib/python3.7/site-packages/airflow/example_dags/subdags/subdag.py for tasks to queue
[2026-09-30T22:39:38.302+0000] {logging_mixin.py:137} INFO - [2026-09-30T22:39:38.302+0000] {dagbag.py:538} INFO - Filling up the DagBag from /home/airflow/.local/lib/python3.7/site-packages/airflow/example_dags/subdags/subdag.py
[2026-09-30T22:39:38.305+0000] {processor.py:755} WARNING - No viable dags retrieved from /home/airflow/.local/lib/python3.7/site-packages/airflow/example_dags/subdags/subdag.py
[2026-09-30T22:39:38.318+0000] {processor.py:175} INFO - Processing /home/airflow/.local/lib/python3.7/site-packages/airflow/example_dags/subdags/subdag.py took 0.021 seconds
[2026-09-30T22:40:08.584+0000] {processor.py:153} INFO - Started process (PID=1700) to work on /home/airflow/.local/lib/python3.7/site-packages/airflow/example_dags/subdags/subdag.py
[2026-09-30T22:40:08.584+0000] {processor.py:743} INFO - Processing file /home/airflow/.local/lib/python3.7/site-packages/airflow/example_dags/subdags/subdag.py for tasks to queue
[2026-09-30T22:40:08.585+0000] {logging_mixin.py:137} INFO - [2026-09-30T22:40:08.585+0000] {dagbag.py:538} INFO - Filling up the DagBag from /home/airflow/.local/lib/python3.7/site-packages/airflow/example_dags/subdags/subdag.py
[2026-09-30T22:40:08.592+0000] {processor.py:755} WARNING - No viable dags retrieved from /home/airflow/.local/lib/python3.7/site-packages/airflow/example_dags/subdags/subdag.py
[2026-09-30T22:40:08.608+0000] {processor.py:175} INFO - Processing /home/airflow/.local/lib/python3.7/site-packages/airflow/example_dags/subdags/subdag.py took 0.029 seconds
[2026-09-30T22:40:39.130+0000] {processor.py:153} INFO - Started process (PID=1788) to work on /home/airflow/.local/lib/python3.7/site-packages/airflow/example_dags/subdags/subdag.py
[2026-09-30T22:40:39.131+0000] {processor.py:743} INFO - Processing file /home/airflow/.local/lib/python3.7/site-packages/airflow/example_dags/subdags/subdag.py for tasks to queue
[2026-09-30T22:40:39.132+0000] {logging_mixin.py:137} INFO - [2026-09-30T22:40:39.132+0000] {dagbag.py:538} INFO - Filling up the DagBag from /home/airflow/.local/lib/python3.7/site-packages/airflow/example_dags/subdags/subdag.py
[2026-09-30T22:40:39.136+0000] {processor.py:755} WARNING - No viable dags retrieved from /home/airflow/.local/lib/python3.7/site-packages/airflow/example_dags/subdags/subdag.py
[2026-09-30T22:40:39.154+0000] {processor.py:175} INFO - Processing /home/airflow/.local/lib/python3.7/site-packages/airflow/example_dags/subdags/subdag.py took 0.027 seconds
[2026-09-30T22:41:09.911+0000] {processor.py:153} INFO - Started process (PID=1878) to work on /home/airflow/.local/lib/python3.7/site-packages/airflow/example_dags/subdags/subdag.py
[2026-09-30T22:41:09.912+0000] {processor.py:743} INFO - Processing file /home/airflow/.local/lib/python3.7/site-packages/airflow/example_dags/subdags/subdag.py for tasks to queue
[2026-09-30T22:41:09.912+0000] {logging_mixin.py:137} INFO - [2026-09-30T22:41:09.912+0000] {dagbag.py:538} INFO - Filling up the DagBag from /home/airflow/.local/lib/python3.7/site-packages/airflow/example_dags/subdags/subdag.py
[2026-09-30T22:41:09.915+0000] {processor.py:755} WARNING - No viable dags retrieved from /home/airflow/.local/lib/python3.7/site-packages/airflow/example_dags/subdags/subdag.py
[2026-09-30T22:41:09.927+0000] {processor.py:175} INFO - Processing /home/airflow/.local/lib/python3.7/site-packages/airflow/example_dags/subdags/subdag.py took 0.019 seconds
[2026-09-30T22:41:40.668+0000] {processor.py:153} INFO - Started process (PID=1957) to work on /home/airflow/.local/lib/python3.7/site-packages/airflow/example_dags/subdags/subdag.py
[2026-09-30T22:41:40.670+0000] {processor.py:743} INFO - Processing file /home/airflow/.local/lib/python3.7/site-packages/airflow/example_dags/subdags/subdag.py for tasks to queue
[2026-09-30T22:41:40.671+0000] {logging_mixin.py:137} INFO - [2026-09-30T22:41:40.671+0000] {dagbag.py:538} INFO - Filling up the DagBag from /home/airflow/.local/lib/python3.7/site-packages/airflow/example_dags/subdags/subdag.py
[2026-09-30T22:41:40.678+0000] {processor.py:755} WARNING - No viable dags retrieved from /home/airflow/.local/lib/python3.7/site-packages/airflow/example_dags/subdags/subdag.py
[2026-09-30T22:41:40.696+0000] {processor.py:175} INFO - Processing /home/airflow/.local/lib/python3.7/site-packages/airflow/example_dags/subdags/subdag.py took 0.031 seconds
[2026-09-30T22:42:11.681+0000] {processor.py:153} INFO - Started process (PID=2043) to work on /home/airflow/.local/lib/python3.7/site-packages/airflow/example_dags/subdags/subdag.py
[2026-09-30T22:42:11.682+0000] {processor.py:743} INFO - Processing file /home/airflow/.local/lib/python3.7/site-packages/airflow/example_dags/subdags/subdag.py for tasks to queue
[2026-09-30T22:42:11.683+0000] {logging_mixin.py:137} INFO - [2026-09-30T22:42:11.683+0000] {dagbag.py:538} INFO - Filling up the DagBag from /home/airflow/.local/lib/python3.7/site-packages/airflow/example_dags/subdags/subdag.py
[2026-09-30T22:42:11.688+0000] {processor.py:755} WARNING - No viable dags retrieved from /home/airflow/.local/lib/python3.7/site-packages/airflow/example_dags/subdags/subdag.py
[2026-09-30T22:42:11.705+0000] {processor.py:175} INFO - Processing /home/airflow/.local/lib/python3.7/site-packages/airflow/example_dags/subdags/subdag.py took 0.028 seconds
[2026-09-30T22:42:41.998+0000] {processor.py:153} INFO - Started process (PID=2135) to work on /home/airflow/.local/lib/python3.7/site-packages/airflow/example_dags/subdags/subdag.py
[2026-09-30T22:42:41.999+0000] {processor.py:743} INFO - Processing file /home/airflow/.local/lib/python3.7/site-packages/airflow/example_dags/subdags/subdag.py for tasks to queue
[2026-09-30T22:42:42.000+0000] {logging_mixin.py:137} INFO - [2026-09-30T22:42:42.000+0000] {dagbag.py:538} INFO - Filling up the DagBag from /home/airflow/.local/lib/python3.7/site-packages/airflow/example_dags/subdags/subdag.py
[2026-09-30T22:42:42.005+0000] {processor.py:755} WARNING - No viable dags retrieved from /home/airflow/.local/lib/python3.7/site-packages/airflow/example_dags/subdags/subdag.py
[2026-09-30T22:42:42.022+0000] {processor.py:175} INFO - Processing /home/airflow/.local/lib/python3.7/site-packages/airflow/example_dags/subdags/subdag.py took 0.027 seconds
[2026-09-30T22:43:12.992+0000] {processor.py:153} INFO - Started process (PID=2214) to work on /home/airflow/.local/lib/python3.7/site-packages/airflow/example_dags/subdags/subdag.py
[2026-09-30T22:43:12.993+0000] {processor.py:743} INFO - Processing file /home/airflow/.local/lib/python3.7/site-packages/airflow/example_dags/subdags/subdag.py for tasks to queue
[2026-09-30T22:43:12.994+0000] {logging_mixin.py:137} INFO - [2026-09-30T22:43:12.993+0000] {dagbag.py:538} INFO - Filling up the DagBag from /home/airflow/.local/lib/python3.7/site-packages/airflow/example_dags/subdags/subdag.py
[2026-09-30T22:43:12.998+0000] {processor.py:755} WARNING - No viable dags retrieved from /home/airflow/.local/lib/python3.7/site-packages/airflow/example_dags/subdags/subdag.py
[2026-09-30T22:43:13.014+0000] {processor.py:175} INFO - Processing /home/airflow/.local/lib/python3.7/site-packages/airflow/example_dags/subdags/subdag.py took 0.026 seconds
[2026-09-30T22:43:44.012+0000] {processor.py:153} INFO - Started process (PID=2293) to work on /home/airflow/.local/lib/python3.7/site-packages/airflow/example_dags/subdags/subdag.py
[2026-09-30T22:43:44.014+0000] {processor.py:743} INFO - Processing file /home/airflow/.local/lib/python3.7/site-packages/airflow/example_dags/subdags/subdag.py for tasks to queue
[2026-09-30T22:43:44.014+0000] {logging_mixin.py:137} INFO - [2026-09-30T22:43:44.014+0000] {dagbag.py:538} INFO - Filling up the DagBag from /home/airflow/.local/lib/python3.7/site-packages/airflow/example_dags/subdags/subdag.py
[2026-09-30T22:43:44.018+0000] {processor.py:755} WARNING - No viable dags retrieved from /home/airflow/.local/lib/python3.7/site-packages/airflow/example_dags/subdags/subdag.py
[2026-09-30T22:43:44.033+0000] {processor.py:175} INFO - Processing /home/airflow/.local/lib/python3.7/site-packages/airflow/example_dags/subdags/subdag.py took 0.024 seconds
[2026-09-30T22:44:15.064+0000] {processor.py:153} INFO - Started process (PID=2381) to work on /home/airflow/.local/lib/python3.7/site-packages/airflow/example_dags/subdags/subdag.py
[2026-09-30T22:44:15.065+0000] {processor.py:743} INFO - Processing file /home/airflow/.local/lib/python3.7/site-packages/airflow/example_dags/subdags/subdag.py for tasks to queue
[2026-09-30T22:44:15.066+0000] {logging_mixin.py:137} INFO - [2026-09-30T22:44:15.065+0000] {dagbag.py:538} INFO - Filling up the DagBag from /home/airflow/.local/lib/python3.7/site-packages/airflow/example_dags/subdags/subdag.py
[2026-09-30T22:44:15.070+0000] {processor.py:755} WARNING - No viable dags retrieved from /home/airflow/.local/lib/python3.7/site-packages/airflow/example_dags/subdags/subdag.py
[2026-09-30T22:44:15.087+0000] {processor.py:175} INFO - Processing /home/airflow/.local/lib/python3.7/site-packages/airflow/example_dags/subdags/subdag.py took 0.027 seconds
[2026-09-30T22:44:45.250+0000] {processor.py:153} INFO - Started process (PID=2471) to work on /home/airflow/.local/lib/python3.7/site-packages/airflow/example_dags/subdags/subdag.py
[2026-09-30T22:44:45.251+0000] {processor.py:743} INFO - Processing file /home/airflow/.local/lib/python3.7/site-packages/airflow/example_dags/subdags/subdag.py for tasks to queue
[2026-09-30T22:44:45.251+0000] {logging_mixin.py:137} INFO - [2026-09-30T22:44:45.251+0000] {dagbag.py:538} INFO - Filling up the DagBag from /home/airflow/.local/lib/python3.7/site-packages/airflow/example_dags/subdags/subdag.py
[2026-09-30T22:44:45.256+0000] {processor.py:755} WARNING - No viable dags retrieved from /home/airflow/.local/lib/python3.7/site-packages/airflow/example_dags/subdags/subdag.py
[2026-09-30T22:44:45.270+0000] {processor.py:175} INFO - Processing /home/airflow/.local/lib/python3.7/site-packages/airflow/example_dags/subdags/subdag.py took 0.024 seconds
[2026-09-30T22:45:15.697+0000] {processor.py:153} INFO - Started process (PID=2550) to work on /home/airflow/.local/lib/python3.7/site-packages/airflow/example_dags/subdags/subdag.py
[2026-09-30T22:45:15.697+0000] {processor.py:743} INFO - Processing file /home/airflow/.local/lib/python3.7/site-packages/airflow/example_dags/subdags/subdag.py for tasks to queue
[2026-09-30T22:45:15.698+0000] {logging_mixin.py:137} INFO - [2026-09-30T22:45:15.698+0000] {dagbag.py:538} INFO - Filling up the DagBag from /home/airflow/.local/lib/python3.7/site-packages/airflow/example_dags/subdags/subdag.py
[2026-09-30T22:45:15.702+0000] {processor.py:755} WARNING - No viable dags retrieved from /home/airflow/.local/lib/python3.7/site-packages/airflow/example_dags/subdags/subdag.py
[2026-09-30T22:45:15.717+0000] {processor.py:175} INFO - Processing /home/airflow/.local/lib/python3.7/site-packages/airflow/example_dags/subdags/subdag.py took 0.025 seconds
[2026-09-30T22:45:45.899+0000] {processor.py:153} INFO - Started process (PID=2629) to work on /home/airflow/.local/lib/python3.7/site-packages/airflow/example_dags/subdags/subdag.py
[2026-09-30T22:45:45.900+0000] {processor.py:743} INFO - Processing file /home/airflow/.local/lib/python3.7/site-packages/airflow/example_dags/subdags/subdag.py for tasks to queue
[2026-09-30T22:45:45.900+0000] {logging_mixin.py:137} INFO - [2026-09-30T22:45:45.900+0000] {dagbag.py:538} INFO - Filling up the DagBag from /home/airflow/.local/lib/python3.7/site-packages/airflow/example_dags/subdags/subdag.py
[2026-09-30T22:45:45.906+0000] {processor.py:755} WARNING - No viable dags retrieved from /home/airflow/.local/lib/python3.7/site-packages/airflow/example_dags/subdags/subdag.py
[2026-09-30T22:45:45.921+0000] {processor.py:175} INFO - Processing /home/airflow/.local/lib/python3.7/site-packages/airflow/example_dags/subdags/subdag.py took 0.027 seconds
[2026-09-30T22:46:16.403+0000] {processor.py:153} INFO - Started process (PID=2717) to work on /home/airflow/.local/lib/python3.7/site-packages/airflow/example_dags/subdags/subdag.py
[2026-09-30T22:46:16.404+0000] {processor.py:743} INFO - Processing file /home/airflow/.local/lib/python3.7/site-packages/airflow/example_dags/subdags/subdag.py for tasks to queue
[2026-09-30T22:46:16.404+0000] {logging_mixin.py:137} INFO - [2026-09-30T22:46:16.404+0000] {dagbag.py:538} INFO - Filling up the DagBag from /home/airflow/.local/lib/python3.7/site-packages/airflow/example_dags/subdags/subdag.py
[2026-09-30T22:46:16.409+0000] {processor.py:755} WARNING - No viable dags retrieved from /home/airflow/.local/lib/python3.7/site-packages/airflow/example_dags/subdags/subdag.py
[2026-09-30T22:46:16.428+0000] {processor.py:175} INFO - Processing /home/airflow/.local/lib/python3.7/site-packages/airflow/example_dags/subdags/subdag.py took 0.029 seconds
[2026-09-30T22:46:46.840+0000] {processor.py:153} INFO - Started process (PID=2807) to work on /home/airflow/.local/lib/python3.7/site-packages/airflow/example_dags/subdags/subdag.py
[2026-09-30T22:46:46.841+0000] {processor.py:743} INFO - Processing file /home/airflow/.local/lib/python3.7/site-packages/airflow/example_dags/subdags/subdag.py for tasks to queue
[2026-09-30T22:46:46.842+0000] {logging_mixin.py:137} INFO - [2026-09-30T22:46:46.842+0000] {dagbag.py:538} INFO - Filling up the DagBag from /home/airflow/.local/lib/python3.7/site-packages/airflow/example_dags/subdags/subdag.py
[2026-09-30T22:46:46.846+0000] {processor.py:755} WARNING - No viable dags retrieved from /home/airflow/.local/lib/python3.7/site-packages/airflow/example_dags/subdags/subdag.py
[2026-09-30T22:46:46.862+0000] {processor.py:175} INFO - Processing /home/airflow/.local/lib/python3.7/site-packages/airflow/example_dags/subdags/subdag.py took 0.026 seconds
[2026-09-30T22:47:17.412+0000] {processor.py:153} INFO - Started process (PID=2886) to work on /home/airflow/.local/lib/python3.7/site-packages/airflow/example_dags/subdags/subdag.py
[2026-09-30T22:47:17.413+0000] {processor.py:743} INFO - Processing file /home/airflow/.local/lib/python3.7/site-packages/airflow/example_dags/subdags/subdag.py for tasks to queue
[2026-09-30T22:47:17.413+0000] {logging_mixin.py:137} INFO - [2026-09-30T22:47:17.413+0000] {dagbag.py:538} INFO - Filling up the DagBag from /home/airflow/.local/lib/python3.7/site-packages/airflow/example_dags/subdags/subdag.py
[2026-09-30T22:47:17.418+0000] {processor.py:755} WARNING - No viable dags retrieved from /home/airflow/.local/lib/python3.7/site-packages/airflow/example_dags/subdags/subdag.py
[2026-09-30T22:47:17.433+0000] {processor.py:175} INFO - Processing /home/airflow/.local/lib/python3.7/site-packages/airflow/example_dags/subdags/subdag.py took 0.025 seconds
[2026-09-30T22:47:47.727+0000] {processor.py:153} INFO - Started process (PID=2965) to work on /home/airflow/.local/lib/python3.7/site-packages/airflow/example_dags/subdags/subdag.py
[2026-09-30T22:47:47.728+0000] {processor.py:743} INFO - Processing file /home/airflow/.local/lib/python3.7/site-packages/airflow/example_dags/subdags/subdag.py for tasks to queue
[2026-09-30T22:47:47.728+0000] {logging_mixin.py:137} INFO - [2026-09-30T22:47:47.728+0000] {dagbag.py:538} INFO - Filling up the DagBag from /home/airflow/.local/lib/python3.7/site-packages/airflow/example_dags/subdags/subdag.py
[2026-09-30T22:47:47.734+0000] {processor.py:755} WARNING - No viable dags retrieved from /home/airflow/.local/lib/python3.7/site-packages/airflow/example_dags/subdags/subdag.py
[2026-09-30T22:47:47.752+0000] {processor.py:175} INFO - Processing /home/airflow/.local/lib/python3.7/site-packages/airflow/example_dags/subdags/subdag.py took 0.029 seconds
[2026-09-30T22:48:18.176+0000] {processor.py:153} INFO - Started process (PID=3064) to work on /home/airflow/.local/lib/python3.7/site-packages/airflow/example_dags/subdags/subdag.py
[2026-09-30T22:48:18.177+0000] {processor.py:743} INFO - Processing file /home/airflow/.local/lib/python3.7/site-packages/airflow/example_dags/subdags/subdag.py for tasks to queue
[2026-09-30T22:48:18.178+0000] {logging_mixin.py:137} INFO - [2026-09-30T22:48:18.177+0000] {dagbag.py:538} INFO - Filling up the DagBag from /home/airflow/.local/lib/python3.7/site-packages/airflow/example_dags/subdags/subdag.py
[2026-09-30T22:48:18.183+0000] {processor.py:755} WARNING - No viable dags retrieved from /home/airflow/.local/lib/python3.7/site-packages/airflow/example_dags/subdags/subdag.py
[2026-09-30T22:48:18.205+0000] {processor.py:175} INFO - Processing /home/airflow/.local/lib/python3.7/site-packages/airflow/example_dags/subdags/subdag.py took 0.034 seconds
[2026-09-30T22:48:48.395+0000] {processor.py:153} INFO - Started process (PID=3143) to work on /home/airflow/.local/lib/python3.7/site-packages/airflow/example_dags/subdags/subdag.py
[2026-09-30T22:48:48.396+0000] {processor.py:743} INFO - Processing file /home/airflow/.local/lib/python3.7/site-packages/airflow/example_dags/subdags/subdag.py for tasks to queue
[2026-09-30T22:48:48.397+0000] {logging_mixin.py:137} INFO - [2026-09-30T22:48:48.397+0000] {dagbag.py:538} INFO - Filling up the DagBag from /home/airflow/.local/lib/python3.7/site-packages/airflow/example_dags/subdags/subdag.py
[2026-09-30T22:48:48.402+0000] {processor.py:755} WARNING - No viable dags retrieved from /home/airflow/.local/lib/python3.7/site-packages/airflow/example_dags/subdags/subdag.py
[2026-09-30T22:48:48.419+0000] {processor.py:175} INFO - Processing /home/airflow/.local/lib/python3.7/site-packages/airflow/example_dags/subdags/subdag.py took 0.028 seconds
[2026-09-30T22:49:18.813+0000] {processor.py:153} INFO - Started process (PID=3222) to work on /home/airflow/.local/lib/python3.7/site-packages/airflow/example_dags/subdags/subdag.py
[2026-09-30T22:49:18.814+0000] {processor.py:743} INFO - Processing file /home/airflow/.local/lib/python3.7/site-packages/airflow/example_dags/subdags/subdag.py for tasks to queue
[2026-09-30T22:49:18.815+0000] {logging_mixin.py:137} INFO - [2026-09-30T22:49:18.814+0000] {dagbag.py:538} INFO - Filling up the DagBag from /home/airflow/.local/lib/python3.7/site-packages/airflow/example_dags/subdags/subdag.py
[2026-09-30T22:49:18.819+0000] {processor.py:755} WARNING - No viable dags retrieved from /home/airflow/.local/lib/python3.7/site-packages/airflow/example_dags/subdags/subdag.py
[2026-09-30T22:49:18.836+0000] {processor.py:175} INFO - Processing /home/airflow/.local/lib/python3.7/site-packages/airflow/example_dags/subdags/subdag.py took 0.027 seconds
[2026-09-30T22:49:49.111+0000] {processor.py:153} INFO - Started process (PID=3301) to work on /home/airflow/.local/lib/python3.7/site-packages/airflow/example_dags/subdags/subdag.py
[2026-09-30T22:49:49.112+0000] {processor.py:743} INFO - Processing file /home/airflow/.local/lib/python3.7/site-packages/airflow/example_dags/subdags/subdag.py for tasks to queue
[2026-09-30T22:49:49.113+0000] {logging_mixin.py:137} INFO - [2026-09-30T22:49:49.113+0000] {dagbag.py:538} INFO - Filling up the DagBag from /home/airflow/.local/lib/python3.7/site-packages/airflow/example_dags/subdags/subdag.py
[2026-09-30T22:49:49.118+0000] {processor.py:755} WARNING - No viable dags retrieved from /home/airflow/.local/lib/python3.7/site-packages/airflow/example_dags/subdags/subdag.py
[2026-09-30T22:49:49.133+0000] {processor.py:175} INFO - Processing /home/airflow/.local/lib/python3.7/site-packages/airflow/example_dags/subdags/subdag.py took 0.026 seconds
[2026-09-30T22:50:19.766+0000] {processor.py:153} INFO - Started process (PID=3400) to work on /home/airflow/.local/lib/python3.7/site-packages/airflow/example_dags/subdags/subdag.py
[2026-09-30T22:50:19.767+0000] {processor.py:743} INFO - Processing file /home/airflow/.local/lib/python3.7/site-packages/airflow/example_dags/subdags/subdag.py for tasks to queue
[2026-09-30T22:50:19.768+0000] {logging_mixin.py:137} INFO - [2026-09-30T22:50:19.768+0000] {dagbag.py:538} INFO - Filling up the DagBag from /home/airflow/.local/lib/python3.7/site-packages/airflow/example_dags/subdags/subdag.py
[2026-09-30T22:50:19.772+0000] {processor.py:755} WARNING - No viable dags retrieved from /home/airflow/.local/lib/python3.7/site-packages/airflow/example_dags/subdags/subdag.py
[2026-09-30T22:50:19.788+0000] {processor.py:175} INFO - Processing /home/airflow/.local/lib/python3.7/site-packages/airflow/example_dags/subdags/subdag.py took 0.026 seconds
[2026-09-30T22:50:50.806+0000] {processor.py:153} INFO - Started process (PID=3479) to work on /home/airflow/.local/lib/python3.7/site-packages/airflow/example_dags/subdags/subdag.py
[2026-09-30T22:50:50.807+0000] {processor.py:743} INFO - Processing file /home/airflow/.local/lib/python3.7/site-packages/airflow/example_dags/subdags/subdag.py for tasks to queue
[2026-09-30T22:50:50.808+0000] {logging_mixin.py:137} INFO - [2026-09-30T22:50:50.808+0000] {dagbag.py:538} INFO - Filling up the DagBag from /home/airflow/.local/lib/python3.7/site-packages/airflow/example_dags/subdags/subdag.py
[2026-09-30T22:50:50.812+0000] {processor.py:755} WARNING - No viable dags retrieved from /home/airflow/.local/lib/python3.7/site-packages/airflow/example_dags/subdags/subdag.py
[2026-09-30T22:50:50.828+0000] {processor.py:175} INFO - Processing /home/airflow/.local/lib/python3.7/site-packages/airflow/example_dags/subdags/subdag.py took 0.025 seconds
[2026-09-30T22:51:21.608+0000] {processor.py:153} INFO - Started process (PID=3558) to work on /home/airflow/.local/lib/python3.7/site-packages/airflow/example_dags/subdags/subdag.py
[2026-09-30T22:51:21.610+0000] {processor.py:743} INFO - Processing file /home/airflow/.local/lib/python3.7/site-packages/airflow/example_dags/subdags/subdag.py for tasks to queue
[2026-09-30T22:51:21.611+0000] {logging_mixin.py:137} INFO - [2026-09-30T22:51:21.611+0000] {dagbag.py:538} INFO - Filling up the DagBag from /home/airflow/.local/lib/python3.7/site-packages/airflow/example_dags/subdags/subdag.py
[2026-09-30T22:51:21.617+0000] {processor.py:755} WARNING - No viable dags retrieved from /home/airflow/.local/lib/python3.7/site-packages/airflow/example_dags/subdags/subdag.py
[2026-09-30T22:51:21.638+0000] {processor.py:175} INFO - Processing /home/airflow/.local/lib/python3.7/site-packages/airflow/example_dags/subdags/subdag.py took 0.037 seconds
[2026-09-30T22:51:52.653+0000] {processor.py:153} INFO - Started process (PID=3657) to work on /home/airflow/.local/lib/python3.7/site-packages/airflow/example_dags/subdags/subdag.py
[2026-09-30T22:51:52.655+0000] {processor.py:743} INFO - Processing file /home/airflow/.local/lib/python3.7/site-packages/airflow/example_dags/subdags/subdag.py for tasks to queue
[2026-09-30T22:51:52.656+0000] {logging_mixin.py:137} INFO - [2026-09-30T22:51:52.656+0000] {dagbag.py:538} INFO - Filling up the DagBag from /home/airflow/.local/lib/python3.7/site-packages/airflow/example_dags/subdags/subdag.py
[2026-09-30T22:51:52.662+0000] {processor.py:755} WARNING - No viable dags retrieved from /home/airflow/.local/lib/python3.7/site-packages/airflow/example_dags/subdags/subdag.py
[2026-09-30T22:51:52.680+0000] {processor.py:175} INFO - Processing /home/airflow/.local/lib/python3.7/site-packages/airflow/example_dags/subdags/subdag.py took 0.034 seconds
[2026-09-30T22:52:23.778+0000] {processor.py:153} INFO - Started process (PID=3736) to work on /home/airflow/.local/lib/python3.7/site-packages/airflow/example_dags/subdags/subdag.py
[2026-09-30T22:52:23.779+0000] {processor.py:743} INFO - Processing file /home/airflow/.local/lib/python3.7/site-packages/airflow/example_dags/subdags/subdag.py for tasks to queue
[2026-09-30T22:52:23.780+0000] {logging_mixin.py:137} INFO - [2026-09-30T22:52:23.780+0000] {dagbag.py:538} INFO - Filling up the DagBag from /home/airflow/.local/lib/python3.7/site-packages/airflow/example_dags/subdags/subdag.py
[2026-09-30T22:52:23.784+0000] {processor.py:755} WARNING - No viable dags retrieved from /home/airflow/.local/lib/python3.7/site-packages/airflow/example_dags/subdags/subdag.py
[2026-09-30T22:52:23.801+0000] {processor.py:175} INFO - Processing /home/airflow/.local/lib/python3.7/site-packages/airflow/example_dags/subdags/subdag.py took 0.026 seconds
[2026-09-30T22:52:54.367+0000] {processor.py:153} INFO - Started process (PID=3816) to work on /home/airflow/.local/lib/python3.7/site-packages/airflow/example_dags/subdags/subdag.py
[2026-09-30T22:52:54.368+0000] {processor.py:743} INFO - Processing file /home/airflow/.local/lib/python3.7/site-packages/airflow/example_dags/subdags/subdag.py for tasks to queue
[2026-09-30T22:52:54.369+0000] {logging_mixin.py:137} INFO - [2026-09-30T22:52:54.369+0000] {dagbag.py:538} INFO - Filling up the DagBag from /home/airflow/.local/lib/python3.7/site-packages/airflow/example_dags/subdags/subdag.py
[2026-09-30T22:52:54.373+0000] {processor.py:755} WARNING - No viable dags retrieved from /home/airflow/.local/lib/python3.7/site-packages/airflow/example_dags/subdags/subdag.py
[2026-09-30T22:52:54.389+0000] {processor.py:175} INFO - Processing /home/airflow/.local/lib/python3.7/site-packages/airflow/example_dags/subdags/subdag.py took 0.026 seconds
[2026-09-30T22:53:25.693+0000] {processor.py:153} INFO - Started process (PID=3915) to work on /home/airflow/.local/lib/python3.7/site-packages/airflow/example_dags/subdags/subdag.py
[2026-09-30T22:53:25.694+0000] {processor.py:743} INFO - Processing file /home/airflow/.local/lib/python3.7/site-packages/airflow/example_dags/subdags/subdag.py for tasks to queue
[2026-09-30T22:53:25.695+0000] {logging_mixin.py:137} INFO - [2026-09-30T22:53:25.694+0000] {dagbag.py:538} INFO - Filling up the DagBag from /home/airflow/.local/lib/python3.7/site-packages/airflow/example_dags/subdags/subdag.py
[2026-09-30T22:53:25.698+0000] {processor.py:755} WARNING - No viable dags retrieved from /home/airflow/.local/lib/python3.7/site-packages/airflow/example_dags/subdags/subdag.py
[2026-09-30T22:53:25.714+0000] {processor.py:175} INFO - Processing /home/airflow/.local/lib/python3.7/site-packages/airflow/example_dags/subdags/subdag.py took 0.025 seconds
[2026-09-30T22:53:55.768+0000] {processor.py:153} INFO - Started process (PID=3994) to work on /home/airflow/.local/lib/python3.7/site-packages/airflow/example_dags/subdags/subdag.py
[2026-09-30T22:53:55.769+0000] {processor.py:743} INFO - Processing file /home/airflow/.local/lib/python3.7/site-packages/airflow/example_dags/subdags/subdag.py for tasks to queue
[2026-09-30T22:53:55.769+0000] {logging_mixin.py:137} INFO - [2026-09-30T22:53:55.769+0000] {dagbag.py:538} INFO - Filling up the DagBag from /home/airflow/.local/lib/python3.7/site-packages/airflow/example_dags/subdags/subdag.py
[2026-09-30T22:53:55.772+0000] {processor.py:755} WARNING - No viable dags retrieved from /home/airflow/.local/lib/python3.7/site-packages/airflow/example_dags/subdags/subdag.py
[2026-09-30T22:53:55.785+0000] {processor.py:175} INFO - Processing /home/airflow/.local/lib/python3.7/site-packages/airflow/example_dags/subdags/subdag.py took 0.020 seconds
[2026-09-30T22:54:26.417+0000] {processor.py:153} INFO - Started process (PID=4073) to work on /home/airflow/.local/lib/python3.7/site-packages/airflow/example_dags/subdags/subdag.py
[2026-09-30T22:54:26.418+0000] {processor.py:743} INFO - Processing file /home/airflow/.local/lib/python3.7/site-packages/airflow/example_dags/subdags/subdag.py for tasks to queue
[2026-09-30T22:54:26.418+0000] {logging_mixin.py:137} INFO - [2026-09-30T22:54:26.418+0000] {dagbag.py:538} INFO - Filling up the DagBag from /home/airflow/.local/lib/python3.7/site-packages/airflow/example_dags/subdags/subdag.py
[2026-09-30T22:54:26.421+0000] {processor.py:755} WARNING - No viable dags retrieved from /home/airflow/.local/lib/python3.7/site-packages/airflow/example_dags/subdags/subdag.py
[2026-09-30T22:54:26.433+0000] {processor.py:175} INFO - Processing /home/airflow/.local/lib/python3.7/site-packages/airflow/example_dags/subdags/subdag.py took 0.018 seconds
[2026-09-30T22:54:57.373+0000] {processor.py:153} INFO - Started process (PID=4152) to work on /home/airflow/.local/lib/python3.7/site-packages/airflow/example_dags/subdags/subdag.py
[2026-09-30T22:54:57.374+0000] {processor.py:743} INFO - Processing file /home/airflow/.local/lib/python3.7/site-packages/airflow/example_dags/subdags/subdag.py for tasks to queue
[2026-09-30T22:54:57.376+0000] {logging_mixin.py:137} INFO - [2026-09-30T22:54:57.375+0000] {dagbag.py:538} INFO - Filling up the DagBag from /home/airflow/.local/lib/python3.7/site-packages/airflow/example_dags/subdags/subdag.py
[2026-09-30T22:54:57.382+0000] {processor.py:755} WARNING - No viable dags retrieved from /home/airflow/.local/lib/python3.7/site-packages/airflow/example_dags/subdags/subdag.py
[2026-09-30T22:54:57.402+0000] {processor.py:175} INFO - Processing /home/airflow/.local/lib/python3.7/site-packages/airflow/example_dags/subdags/subdag.py took 0.035 seconds
[2026-09-30T22:55:28.466+0000] {processor.py:153} INFO - Started process (PID=4251) to work on /home/airflow/.local/lib/python3.7/site-packages/airflow/example_dags/subdags/subdag.py
[2026-09-30T22:55:28.467+0000] {processor.py:743} INFO - Processing file /home/airflow/.local/lib/python3.7/site-packages/airflow/example_dags/subdags/subdag.py for tasks to queue
[2026-09-30T22:55:28.467+0000] {logging_mixin.py:137} INFO - [2026-09-30T22:55:28.467+0000] {dagbag.py:538} INFO - Filling up the DagBag from /home/airflow/.local/lib/python3.7/site-packages/airflow/example_dags/subdags/subdag.py
[2026-09-30T22:55:28.472+0000] {processor.py:755} WARNING - No viable dags retrieved from /home/airflow/.local/lib/python3.7/site-packages/airflow/example_dags/subdags/subdag.py
[2026-09-30T22:55:28.492+0000] {processor.py:175} INFO - Processing /home/airflow/.local/lib/python3.7/site-packages/airflow/example_dags/subdags/subdag.py took 0.031 seconds
[2026-09-30T22:55:59.274+0000] {processor.py:153} INFO - Started process (PID=4330) to work on /home/airflow/.local/lib/python3.7/site-packages/airflow/example_dags/subdags/subdag.py
[2026-09-30T22:55:59.276+0000] {processor.py:743} INFO - Processing file /home/airflow/.local/lib/python3.7/site-packages/airflow/example_dags/subdags/subdag.py for tasks to queue
[2026-09-30T22:55:59.277+0000] {logging_mixin.py:137} INFO - [2026-09-30T22:55:59.277+0000] {dagbag.py:538} INFO - Filling up the DagBag from /home/airflow/.local/lib/python3.7/site-packages/airflow/example_dags/subdags/subdag.py
[2026-09-30T22:55:59.284+0000] {processor.py:755} WARNING - No viable dags retrieved from /home/airflow/.local/lib/python3.7/site-packages/airflow/example_dags/subdags/subdag.py
[2026-09-30T22:55:59.309+0000] {processor.py:175} INFO - Processing /home/airflow/.local/lib/python3.7/site-packages/airflow/example_dags/subdags/subdag.py took 0.041 seconds
[2026-09-30T22:56:30.039+0000] {processor.py:153} INFO - Started process (PID=4409) to work on /home/airflow/.local/lib/python3.7/site-packages/airflow/example_dags/subdags/subdag.py
[2026-09-30T22:56:30.040+0000] {processor.py:743} INFO - Processing file /home/airflow/.local/lib/python3.7/site-packages/airflow/example_dags/subdags/subdag.py for tasks to queue
[2026-09-30T22:56:30.040+0000] {logging_mixin.py:137} INFO - [2026-09-30T22:56:30.040+0000] {dagbag.py:538} INFO - Filling up the DagBag from /home/airflow/.local/lib/python3.7/site-packages/airflow/example_dags/subdags/subdag.py
[2026-09-30T22:56:30.045+0000] {processor.py:755} WARNING - No viable dags retrieved from /home/airflow/.local/lib/python3.7/site-packages/airflow/example_dags/subdags/subdag.py
[2026-09-30T22:56:30.061+0000] {processor.py:175} INFO - Processing /home/airflow/.local/lib/python3.7/site-packages/airflow/example_dags/subdags/subdag.py took 0.026 seconds
[2026-09-30T22:57:00.567+0000] {processor.py:153} INFO - Started process (PID=4495) to work on /home/airflow/.local/lib/python3.7/site-packages/airflow/example_dags/subdags/subdag.py
[2026-09-30T22:57:00.568+0000] {processor.py:743} INFO - Processing file /home/airflow/.local/lib/python3.7/site-packages/airflow/example_dags/subdags/subdag.py for tasks to queue
[2026-09-30T22:57:00.569+0000] {logging_mixin.py:137} INFO - [2026-09-30T22:57:00.569+0000] {dagbag.py:538} INFO - Filling up the DagBag from /home/airflow/.local/lib/python3.7/site-packages/airflow/example_dags/subdags/subdag.py
[2026-09-30T22:57:00.574+0000] {processor.py:755} WARNING - No viable dags retrieved from /home/airflow/.local/lib/python3.7/site-packages/airflow/example_dags/subdags/subdag.py
[2026-09-30T22:57:00.590+0000] {processor.py:175} INFO - Processing /home/airflow/.local/lib/python3.7/site-packages/airflow/example_dags/subdags/subdag.py took 0.027 seconds
[2026-09-30T22:57:31.413+0000] {processor.py:153} INFO - Started process (PID=4587) to work on /home/airflow/.local/lib/python3.7/site-packages/airflow/example_dags/subdags/subdag.py
[2026-09-30T22:57:31.414+0000] {processor.py:743} INFO - Processing file /home/airflow/.local/lib/python3.7/site-packages/airflow/example_dags/subdags/subdag.py for tasks to queue
[2026-09-30T22:57:31.415+0000] {logging_mixin.py:137} INFO - [2026-09-30T22:57:31.415+0000] {dagbag.py:538} INFO - Filling up the DagBag from /home/airflow/.local/lib/python3.7/site-packages/airflow/example_dags/subdags/subdag.py
[2026-09-30T22:57:31.421+0000] {processor.py:755} WARNING - No viable dags retrieved from /home/airflow/.local/lib/python3.7/site-packages/airflow/example_dags/subdags/subdag.py
[2026-09-30T22:57:31.441+0000] {processor.py:175} INFO - Processing /home/airflow/.local/lib/python3.7/site-packages/airflow/example_dags/subdags/subdag.py took 0.031 seconds
[2026-09-30T22:58:02.036+0000] {processor.py:153} INFO - Started process (PID=4666) to work on /home/airflow/.local/lib/python3.7/site-packages/airflow/example_dags/subdags/subdag.py
[2026-09-30T22:58:02.038+0000] {processor.py:743} INFO - Processing file /home/airflow/.local/lib/python3.7/site-packages/airflow/example_dags/subdags/subdag.py for tasks to queue
[2026-09-30T22:58:02.039+0000] {logging_mixin.py:137} INFO - [2026-09-30T22:58:02.039+0000] {dagbag.py:538} INFO - Filling up the DagBag from /home/airflow/.local/lib/python3.7/site-packages/airflow/example_dags/subdags/subdag.py
[2026-09-30T22:58:02.046+0000] {processor.py:755} WARNING - No viable dags retrieved from /home/airflow/.local/lib/python3.7/site-packages/airflow/example_dags/subdags/subdag.py
[2026-09-30T22:58:02.072+0000] {processor.py:175} INFO - Processing /home/airflow/.local/lib/python3.7/site-packages/airflow/example_dags/subdags/subdag.py took 0.041 seconds
[2026-09-30T22:58:33.213+0000] {processor.py:153} INFO - Started process (PID=4745) to work on /home/airflow/.local/lib/python3.7/site-packages/airflow/example_dags/subdags/subdag.py
[2026-09-30T22:58:33.214+0000] {processor.py:743} INFO - Processing file /home/airflow/.local/lib/python3.7/site-packages/airflow/example_dags/subdags/subdag.py for tasks to queue
[2026-09-30T22:58:33.215+0000] {logging_mixin.py:137} INFO - [2026-09-30T22:58:33.215+0000] {dagbag.py:538} INFO - Filling up the DagBag from /home/airflow/.local/lib/python3.7/site-packages/airflow/example_dags/subdags/subdag.py
[2026-09-30T22:58:33.219+0000] {processor.py:755} WARNING - No viable dags retrieved from /home/airflow/.local/lib/python3.7/site-packages/airflow/example_dags/subdags/subdag.py
[2026-09-30T22:58:33.235+0000] {processor.py:175} INFO - Processing /home/airflow/.local/lib/python3.7/site-packages/airflow/example_dags/subdags/subdag.py took 0.026 seconds
[2026-09-30T22:59:03.302+0000] {processor.py:153} INFO - Started process (PID=4843) to work on /home/airflow/.local/lib/python3.7/site-packages/airflow/example_dags/subdags/subdag.py
[2026-09-30T22:59:03.303+0000] {processor.py:743} INFO - Processing file /home/airflow/.local/lib/python3.7/site-packages/airflow/example_dags/subdags/subdag.py for tasks to queue
[2026-09-30T22:59:03.304+0000] {logging_mixin.py:137} INFO - [2026-09-30T22:59:03.304+0000] {dagbag.py:538} INFO - Filling up the DagBag from /home/airflow/.local/lib/python3.7/site-packages/airflow/example_dags/subdags/subdag.py
[2026-09-30T22:59:03.309+0000] {processor.py:755} WARNING - No viable dags retrieved from /home/airflow/.local/lib/python3.7/site-packages/airflow/example_dags/subdags/subdag.py
[2026-09-30T22:59:03.328+0000] {processor.py:175} INFO - Processing /home/airflow/.local/lib/python3.7/site-packages/airflow/example_dags/subdags/subdag.py took 0.030 seconds
[2026-09-30T22:59:33.910+0000] {processor.py:153} INFO - Started process (PID=4923) to work on /home/airflow/.local/lib/python3.7/site-packages/airflow/example_dags/subdags/subdag.py
[2026-09-30T22:59:33.911+0000] {processor.py:743} INFO - Processing file /home/airflow/.local/lib/python3.7/site-packages/airflow/example_dags/subdags/subdag.py for tasks to queue
[2026-09-30T22:59:33.912+0000] {logging_mixin.py:137} INFO - [2026-09-30T22:59:33.912+0000] {dagbag.py:538} INFO - Filling up the DagBag from /home/airflow/.local/lib/python3.7/site-packages/airflow/example_dags/subdags/subdag.py
[2026-09-30T22:59:33.917+0000] {processor.py:755} WARNING - No viable dags retrieved from /home/airflow/.local/lib/python3.7/site-packages/airflow/example_dags/subdags/subdag.py
[2026-09-30T22:59:33.933+0000] {processor.py:175} INFO - Processing /home/airflow/.local/lib/python3.7/site-packages/airflow/example_dags/subdags/subdag.py took 0.026 seconds
[2026-09-30T23:00:04.305+0000] {processor.py:153} INFO - Started process (PID=5002) to work on /home/airflow/.local/lib/python3.7/site-packages/airflow/example_dags/subdags/subdag.py
[2026-09-30T23:00:04.306+0000] {processor.py:743} INFO - Processing file /home/airflow/.local/lib/python3.7/site-packages/airflow/example_dags/subdags/subdag.py for tasks to queue
[2026-09-30T23:00:04.307+0000] {logging_mixin.py:137} INFO - [2026-09-30T23:00:04.307+0000] {dagbag.py:538} INFO - Filling up the DagBag from /home/airflow/.local/lib/python3.7/site-packages/airflow/example_dags/subdags/subdag.py
[2026-09-30T23:00:04.311+0000] {processor.py:755} WARNING - No viable dags retrieved from /home/airflow/.local/lib/python3.7/site-packages/airflow/example_dags/subdags/subdag.py
[2026-09-30T23:00:04.328+0000] {processor.py:175} INFO - Processing /home/airflow/.local/lib/python3.7/site-packages/airflow/example_dags/subdags/subdag.py took 0.027 seconds
[2026-09-30T23:00:36.020+0000] {processor.py:153} INFO - Started process (PID=5101) to work on /home/airflow/.local/lib/python3.7/site-packages/airflow/example_dags/subdags/subdag.py
[2026-09-30T23:00:36.021+0000] {processor.py:743} INFO - Processing file /home/airflow/.local/lib/python3.7/site-packages/airflow/example_dags/subdags/subdag.py for tasks to queue
[2026-09-30T23:00:36.022+0000] {logging_mixin.py:137} INFO - [2026-09-30T23:00:36.022+0000] {dagbag.py:538} INFO - Filling up the DagBag from /home/airflow/.local/lib/python3.7/site-packages/airflow/example_dags/subdags/subdag.py
[2026-09-30T23:00:36.030+0000] {processor.py:755} WARNING - No viable dags retrieved from /home/airflow/.local/lib/python3.7/site-packages/airflow/example_dags/subdags/subdag.py
[2026-09-30T23:00:36.056+0000] {processor.py:175} INFO - Processing /home/airflow/.local/lib/python3.7/site-packages/airflow/example_dags/subdags/subdag.py took 0.047 seconds
[2026-09-30T23:01:06.180+0000] {processor.py:153} INFO - Started process (PID=5180) to work on /home/airflow/.local/lib/python3.7/site-packages/airflow/example_dags/subdags/subdag.py
[2026-09-30T23:01:06.181+0000] {processor.py:743} INFO - Processing file /home/airflow/.local/lib/python3.7/site-packages/airflow/example_dags/subdags/subdag.py for tasks to queue
[2026-09-30T23:01:06.181+0000] {logging_mixin.py:137} INFO - [2026-09-30T23:01:06.181+0000] {dagbag.py:538} INFO - Filling up the DagBag from /home/airflow/.local/lib/python3.7/site-packages/airflow/example_dags/subdags/subdag.py
[2026-09-30T23:01:06.184+0000] {processor.py:755} WARNING - No viable dags retrieved from /home/airflow/.local/lib/python3.7/site-packages/airflow/example_dags/subdags/subdag.py
[2026-09-30T23:01:06.197+0000] {processor.py:175} INFO - Processing /home/airflow/.local/lib/python3.7/site-packages/airflow/example_dags/subdags/subdag.py took 0.022 seconds
[2026-09-30T23:01:36.386+0000] {processor.py:153} INFO - Started process (PID=5259) to work on /home/airflow/.local/lib/python3.7/site-packages/airflow/example_dags/subdags/subdag.py
[2026-09-30T23:01:36.387+0000] {processor.py:743} INFO - Processing file /home/airflow/.local/lib/python3.7/site-packages/airflow/example_dags/subdags/subdag.py for tasks to queue
[2026-09-30T23:01:36.387+0000] {logging_mixin.py:137} INFO - [2026-09-30T23:01:36.387+0000] {dagbag.py:538} INFO - Filling up the DagBag from /home/airflow/.local/lib/python3.7/site-packages/airflow/example_dags/subdags/subdag.py
[2026-09-30T23:01:36.390+0000] {processor.py:755} WARNING - No viable dags retrieved from /home/airflow/.local/lib/python3.7/site-packages/airflow/example_dags/subdags/subdag.py
[2026-09-30T23:01:36.402+0000] {processor.py:175} INFO - Processing /home/airflow/.local/lib/python3.7/site-packages/airflow/example_dags/subdags/subdag.py took 0.020 seconds
[2026-09-30T23:02:06.823+0000] {processor.py:153} INFO - Started process (PID=5338) to work on /home/airflow/.local/lib/python3.7/site-packages/airflow/example_dags/subdags/subdag.py
[2026-09-30T23:02:06.824+0000] {processor.py:743} INFO - Processing file /home/airflow/.local/lib/python3.7/site-packages/airflow/example_dags/subdags/subdag.py for tasks to queue
[2026-09-30T23:02:06.824+0000] {logging_mixin.py:137} INFO - [2026-09-30T23:02:06.824+0000] {dagbag.py:538} INFO - Filling up the DagBag from /home/airflow/.local/lib/python3.7/site-packages/airflow/example_dags/subdags/subdag.py
[2026-09-30T23:02:06.827+0000] {processor.py:755} WARNING - No viable dags retrieved from /home/airflow/.local/lib/python3.7/site-packages/airflow/example_dags/subdags/subdag.py
[2026-09-30T23:02:06.839+0000] {processor.py:175} INFO - Processing /home/airflow/.local/lib/python3.7/site-packages/airflow/example_dags/subdags/subdag.py took 0.020 seconds
[2026-09-30T23:02:38.127+0000] {processor.py:153} INFO - Started process (PID=5426) to work on /home/airflow/.local/lib/python3.7/site-packages/airflow/example_dags/subdags/subdag.py
[2026-09-30T23:02:38.128+0000] {processor.py:743} INFO - Processing file /home/airflow/.local/lib/python3.7/site-packages/airflow/example_dags/subdags/subdag.py for tasks to queue
[2026-09-30T23:02:38.129+0000] {logging_mixin.py:137} INFO - [2026-09-30T23:02:38.128+0000] {dagbag.py:538} INFO - Filling up the DagBag from /home/airflow/.local/lib/python3.7/site-packages/airflow/example_dags/subdags/subdag.py
[2026-09-30T23:02:38.132+0000] {processor.py:755} WARNING - No viable dags retrieved from /home/airflow/.local/lib/python3.7/site-packages/airflow/example_dags/subdags/subdag.py
[2026-09-30T23:02:38.147+0000] {processor.py:175} INFO - Processing /home/airflow/.local/lib/python3.7/site-packages/airflow/example_dags/subdags/subdag.py took 0.024 seconds
[2026-09-30T23:03:09.097+0000] {processor.py:153} INFO - Started process (PID=5516) to work on /home/airflow/.local/lib/python3.7/site-packages/airflow/example_dags/subdags/subdag.py
[2026-09-30T23:03:09.098+0000] {processor.py:743} INFO - Processing file /home/airflow/.local/lib/python3.7/site-packages/airflow/example_dags/subdags/subdag.py for tasks to queue
[2026-09-30T23:03:09.099+0000] {logging_mixin.py:137} INFO - [2026-09-30T23:03:09.098+0000] {dagbag.py:538} INFO - Filling up the DagBag from /home/airflow/.local/lib/python3.7/site-packages/airflow/example_dags/subdags/subdag.py
[2026-09-30T23:03:09.103+0000] {processor.py:755} WARNING - No viable dags retrieved from /home/airflow/.local/lib/python3.7/site-packages/airflow/example_dags/subdags/subdag.py
[2026-09-30T23:03:09.120+0000] {processor.py:175} INFO - Processing /home/airflow/.local/lib/python3.7/site-packages/airflow/example_dags/subdags/subdag.py took 0.029 seconds
[2026-09-30T23:03:39.241+0000] {processor.py:153} INFO - Started process (PID=5595) to work on /home/airflow/.local/lib/python3.7/site-packages/airflow/example_dags/subdags/subdag.py
[2026-09-30T23:03:39.242+0000] {processor.py:743} INFO - Processing file /home/airflow/.local/lib/python3.7/site-packages/airflow/example_dags/subdags/subdag.py for tasks to queue
[2026-09-30T23:03:39.243+0000] {logging_mixin.py:137} INFO - [2026-09-30T23:03:39.243+0000] {dagbag.py:538} INFO - Filling up the DagBag from /home/airflow/.local/lib/python3.7/site-packages/airflow/example_dags/subdags/subdag.py
[2026-09-30T23:03:39.247+0000] {processor.py:755} WARNING - No viable dags retrieved from /home/airflow/.local/lib/python3.7/site-packages/airflow/example_dags/subdags/subdag.py
[2026-09-30T23:03:39.262+0000] {processor.py:175} INFO - Processing /home/airflow/.local/lib/python3.7/site-packages/airflow/example_dags/subdags/subdag.py took 0.026 seconds
[2026-09-30T23:04:09.811+0000] {processor.py:153} INFO - Started process (PID=5674) to work on /home/airflow/.local/lib/python3.7/site-packages/airflow/example_dags/subdags/subdag.py
[2026-09-30T23:04:09.812+0000] {processor.py:743} INFO - Processing file /home/airflow/.local/lib/python3.7/site-packages/airflow/example_dags/subdags/subdag.py for tasks to queue
[2026-09-30T23:04:09.813+0000] {logging_mixin.py:137} INFO - [2026-09-30T23:04:09.813+0000] {dagbag.py:538} INFO - Filling up the DagBag from /home/airflow/.local/lib/python3.7/site-packages/airflow/example_dags/subdags/subdag.py
[2026-09-30T23:04:09.817+0000] {processor.py:755} WARNING - No viable dags retrieved from /home/airflow/.local/lib/python3.7/site-packages/airflow/example_dags/subdags/subdag.py
[2026-09-30T23:04:09.834+0000] {processor.py:175} INFO - Processing /home/airflow/.local/lib/python3.7/site-packages/airflow/example_dags/subdags/subdag.py took 0.027 seconds
[2026-09-30T23:04:40.405+0000] {processor.py:153} INFO - Started process (PID=5762) to work on /home/airflow/.local/lib/python3.7/site-packages/airflow/example_dags/subdags/subdag.py
[2026-09-30T23:04:40.406+0000] {processor.py:743} INFO - Processing file /home/airflow/.local/lib/python3.7/site-packages/airflow/example_dags/subdags/subdag.py for tasks to queue
[2026-09-30T23:04:40.407+0000] {logging_mixin.py:137} INFO - [2026-09-30T23:04:40.407+0000] {dagbag.py:538} INFO - Filling up the DagBag from /home/airflow/.local/lib/python3.7/site-packages/airflow/example_dags/subdags/subdag.py
[2026-09-30T23:04:40.412+0000] {processor.py:755} WARNING - No viable dags retrieved from /home/airflow/.local/lib/python3.7/site-packages/airflow/example_dags/subdags/subdag.py
[2026-09-30T23:04:40.429+0000] {processor.py:175} INFO - Processing /home/airflow/.local/lib/python3.7/site-packages/airflow/example_dags/subdags/subdag.py took 0.027 seconds
[2026-09-30T23:05:11.255+0000] {processor.py:153} INFO - Started process (PID=5852) to work on /home/airflow/.local/lib/python3.7/site-packages/airflow/example_dags/subdags/subdag.py
[2026-09-30T23:05:11.257+0000] {processor.py:743} INFO - Processing file /home/airflow/.local/lib/python3.7/site-packages/airflow/example_dags/subdags/subdag.py for tasks to queue
[2026-09-30T23:05:11.257+0000] {logging_mixin.py:137} INFO - [2026-09-30T23:05:11.257+0000] {dagbag.py:538} INFO - Filling up the DagBag from /home/airflow/.local/lib/python3.7/site-packages/airflow/example_dags/subdags/subdag.py
[2026-09-30T23:05:11.262+0000] {processor.py:755} WARNING - No viable dags retrieved from /home/airflow/.local/lib/python3.7/site-packages/airflow/example_dags/subdags/subdag.py
[2026-09-30T23:05:11.279+0000] {processor.py:175} INFO - Processing /home/airflow/.local/lib/python3.7/site-packages/airflow/example_dags/subdags/subdag.py took 0.027 seconds
[2026-09-30T23:05:41.726+0000] {processor.py:153} INFO - Started process (PID=5931) to work on /home/airflow/.local/lib/python3.7/site-packages/airflow/example_dags/subdags/subdag.py
[2026-09-30T23:05:41.727+0000] {processor.py:743} INFO - Processing file /home/airflow/.local/lib/python3.7/site-packages/airflow/example_dags/subdags/subdag.py for tasks to queue
[2026-09-30T23:05:41.728+0000] {logging_mixin.py:137} INFO - [2026-09-30T23:05:41.728+0000] {dagbag.py:538} INFO - Filling up the DagBag from /home/airflow/.local/lib/python3.7/site-packages/airflow/example_dags/subdags/subdag.py
[2026-09-30T23:05:41.732+0000] {processor.py:755} WARNING - No viable dags retrieved from /home/airflow/.local/lib/python3.7/site-packages/airflow/example_dags/subdags/subdag.py
[2026-09-30T23:05:41.751+0000] {processor.py:175} INFO - Processing /home/airflow/.local/lib/python3.7/site-packages/airflow/example_dags/subdags/subdag.py took 0.029 seconds
[2026-09-30T23:06:12.157+0000] {processor.py:153} INFO - Started process (PID=6019) to work on /home/airflow/.local/lib/python3.7/site-packages/airflow/example_dags/subdags/subdag.py
[2026-09-30T23:06:12.158+0000] {processor.py:743} INFO - Processing file /home/airflow/.local/lib/python3.7/site-packages/airflow/example_dags/subdags/subdag.py for tasks to queue
[2026-09-30T23:06:12.159+0000] {logging_mixin.py:137} INFO - [2026-09-30T23:06:12.159+0000] {dagbag.py:538} INFO - Filling up the DagBag from /home/airflow/.local/lib/python3.7/site-packages/airflow/example_dags/subdags/subdag.py
[2026-09-30T23:06:12.163+0000] {processor.py:755} WARNING - No viable dags retrieved from /home/airflow/.local/lib/python3.7/site-packages/airflow/example_dags/subdags/subdag.py
[2026-09-30T23:06:12.180+0000] {processor.py:175} INFO - Processing /home/airflow/.local/lib/python3.7/site-packages/airflow/example_dags/subdags/subdag.py took 0.027 seconds
[2026-09-30T23:06:42.350+0000] {processor.py:153} INFO - Started process (PID=6109) to work on /home/airflow/.local/lib/python3.7/site-packages/airflow/example_dags/subdags/subdag.py
[2026-09-30T23:06:42.351+0000] {processor.py:743} INFO - Processing file /home/airflow/.local/lib/python3.7/site-packages/airflow/example_dags/subdags/subdag.py for tasks to queue
[2026-09-30T23:06:42.352+0000] {logging_mixin.py:137} INFO - [2026-09-30T23:06:42.352+0000] {dagbag.py:538} INFO - Filling up the DagBag from /home/airflow/.local/lib/python3.7/site-packages/airflow/example_dags/subdags/subdag.py
[2026-09-30T23:06:42.355+0000] {processor.py:755} WARNING - No viable dags retrieved from /home/airflow/.local/lib/python3.7/site-packages/airflow/example_dags/subdags/subdag.py
[2026-09-30T23:06:42.369+0000] {processor.py:175} INFO - Processing /home/airflow/.local/lib/python3.7/site-packages/airflow/example_dags/subdags/subdag.py took 0.021 seconds
[2026-09-30T23:07:13.848+0000] {processor.py:153} INFO - Started process (PID=6188) to work on /home/airflow/.local/lib/python3.7/site-packages/airflow/example_dags/subdags/subdag.py
[2026-09-30T23:07:13.849+0000] {processor.py:743} INFO - Processing file /home/airflow/.local/lib/python3.7/site-packages/airflow/example_dags/subdags/subdag.py for tasks to queue
[2026-09-30T23:07:13.850+0000] {logging_mixin.py:137} INFO - [2026-09-30T23:07:13.850+0000] {dagbag.py:538} INFO - Filling up the DagBag from /home/airflow/.local/lib/python3.7/site-packages/airflow/example_dags/subdags/subdag.py
[2026-09-30T23:07:13.854+0000] {processor.py:755} WARNING - No viable dags retrieved from /home/airflow/.local/lib/python3.7/site-packages/airflow/example_dags/subdags/subdag.py
[2026-09-30T23:07:13.874+0000] {processor.py:175} INFO - Processing /home/airflow/.local/lib/python3.7/site-packages/airflow/example_dags/subdags/subdag.py took 0.030 seconds
[2026-09-30T23:07:44.464+0000] {processor.py:153} INFO - Started process (PID=6276) to work on /home/airflow/.local/lib/python3.7/site-packages/airflow/example_dags/subdags/subdag.py
[2026-09-30T23:07:44.465+0000] {processor.py:743} INFO - Processing file /home/airflow/.local/lib/python3.7/site-packages/airflow/example_dags/subdags/subdag.py for tasks to queue
[2026-09-30T23:07:44.466+0000] {logging_mixin.py:137} INFO - [2026-09-30T23:07:44.466+0000] {dagbag.py:538} INFO - Filling up the DagBag from /home/airflow/.local/lib/python3.7/site-packages/airflow/example_dags/subdags/subdag.py
[2026-09-30T23:07:44.471+0000] {processor.py:755} WARNING - No viable dags retrieved from /home/airflow/.local/lib/python3.7/site-packages/airflow/example_dags/subdags/subdag.py
[2026-09-30T23:07:44.490+0000] {processor.py:175} INFO - Processing /home/airflow/.local/lib/python3.7/site-packages/airflow/example_dags/subdags/subdag.py took 0.031 seconds
[2026-09-30T23:08:15.571+0000] {processor.py:153} INFO - Started process (PID=6366) to work on /home/airflow/.local/lib/python3.7/site-packages/airflow/example_dags/subdags/subdag.py
[2026-09-30T23:08:15.572+0000] {processor.py:743} INFO - Processing file /home/airflow/.local/lib/python3.7/site-packages/airflow/example_dags/subdags/subdag.py for tasks to queue
[2026-09-30T23:08:15.572+0000] {logging_mixin.py:137} INFO - [2026-09-30T23:08:15.572+0000] {dagbag.py:538} INFO - Filling up the DagBag from /home/airflow/.local/lib/python3.7/site-packages/airflow/example_dags/subdags/subdag.py
[2026-09-30T23:08:15.576+0000] {processor.py:755} WARNING - No viable dags retrieved from /home/airflow/.local/lib/python3.7/site-packages/airflow/example_dags/subdags/subdag.py
[2026-09-30T23:08:15.589+0000] {processor.py:175} INFO - Processing /home/airflow/.local/lib/python3.7/site-packages/airflow/example_dags/subdags/subdag.py took 0.021 seconds
[2026-09-30T23:08:46.074+0000] {processor.py:153} INFO - Started process (PID=6445) to work on /home/airflow/.local/lib/python3.7/site-packages/airflow/example_dags/subdags/subdag.py
[2026-09-30T23:08:46.075+0000] {processor.py:743} INFO - Processing file /home/airflow/.local/lib/python3.7/site-packages/airflow/example_dags/subdags/subdag.py for tasks to queue
[2026-09-30T23:08:46.075+0000] {logging_mixin.py:137} INFO - [2026-09-30T23:08:46.075+0000] {dagbag.py:538} INFO - Filling up the DagBag from /home/airflow/.local/lib/python3.7/site-packages/airflow/example_dags/subdags/subdag.py
[2026-09-30T23:08:46.080+0000] {processor.py:755} WARNING - No viable dags retrieved from /home/airflow/.local/lib/python3.7/site-packages/airflow/example_dags/subdags/subdag.py
[2026-09-30T23:08:46.096+0000] {processor.py:175} INFO - Processing /home/airflow/.local/lib/python3.7/site-packages/airflow/example_dags/subdags/subdag.py took 0.026 seconds
[2026-09-30T23:09:16.254+0000] {processor.py:153} INFO - Started process (PID=6533) to work on /home/airflow/.local/lib/python3.7/site-packages/airflow/example_dags/subdags/subdag.py
[2026-09-30T23:09:16.255+0000] {processor.py:743} INFO - Processing file /home/airflow/.local/lib/python3.7/site-packages/airflow/example_dags/subdags/subdag.py for tasks to queue
[2026-09-30T23:09:16.256+0000] {logging_mixin.py:137} INFO - [2026-09-30T23:09:16.256+0000] {dagbag.py:538} INFO - Filling up the DagBag from /home/airflow/.local/lib/python3.7/site-packages/airflow/example_dags/subdags/subdag.py
[2026-09-30T23:09:16.262+0000] {processor.py:755} WARNING - No viable dags retrieved from /home/airflow/.local/lib/python3.7/site-packages/airflow/example_dags/subdags/subdag.py
[2026-09-30T23:09:16.283+0000] {processor.py:175} INFO - Processing /home/airflow/.local/lib/python3.7/site-packages/airflow/example_dags/subdags/subdag.py took 0.033 seconds
[2026-09-30T23:09:46.355+0000] {processor.py:153} INFO - Started process (PID=6622) to work on /home/airflow/.local/lib/python3.7/site-packages/airflow/example_dags/subdags/subdag.py
[2026-09-30T23:09:46.355+0000] {processor.py:743} INFO - Processing file /home/airflow/.local/lib/python3.7/site-packages/airflow/example_dags/subdags/subdag.py for tasks to queue
[2026-09-30T23:09:46.356+0000] {logging_mixin.py:137} INFO - [2026-09-30T23:09:46.356+0000] {dagbag.py:538} INFO - Filling up the DagBag from /home/airflow/.local/lib/python3.7/site-packages/airflow/example_dags/subdags/subdag.py
[2026-09-30T23:09:46.359+0000] {processor.py:755} WARNING - No viable dags retrieved from /home/airflow/.local/lib/python3.7/site-packages/airflow/example_dags/subdags/subdag.py
[2026-09-30T23:09:46.372+0000] {processor.py:175} INFO - Processing /home/airflow/.local/lib/python3.7/site-packages/airflow/example_dags/subdags/subdag.py took 0.020 seconds
[2026-09-30T23:10:17.629+0000] {processor.py:153} INFO - Started process (PID=6702) to work on /home/airflow/.local/lib/python3.7/site-packages/airflow/example_dags/subdags/subdag.py
[2026-09-30T23:10:17.631+0000] {processor.py:743} INFO - Processing file /home/airflow/.local/lib/python3.7/site-packages/airflow/example_dags/subdags/subdag.py for tasks to queue
[2026-09-30T23:10:17.632+0000] {logging_mixin.py:137} INFO - [2026-09-30T23:10:17.632+0000] {dagbag.py:538} INFO - Filling up the DagBag from /home/airflow/.local/lib/python3.7/site-packages/airflow/example_dags/subdags/subdag.py
[2026-09-30T23:10:17.636+0000] {processor.py:755} WARNING - No viable dags retrieved from /home/airflow/.local/lib/python3.7/site-packages/airflow/example_dags/subdags/subdag.py
[2026-09-30T23:10:17.655+0000] {processor.py:175} INFO - Processing /home/airflow/.local/lib/python3.7/site-packages/airflow/example_dags/subdags/subdag.py took 0.030 seconds
[2026-09-30T23:10:48.657+0000] {processor.py:153} INFO - Started process (PID=6781) to work on /home/airflow/.local/lib/python3.7/site-packages/airflow/example_dags/subdags/subdag.py
[2026-09-30T23:10:48.658+0000] {processor.py:743} INFO - Processing file /home/airflow/.local/lib/python3.7/site-packages/airflow/example_dags/subdags/subdag.py for tasks to queue
[2026-09-30T23:10:48.659+0000] {logging_mixin.py:137} INFO - [2026-09-30T23:10:48.659+0000] {dagbag.py:538} INFO - Filling up the DagBag from /home/airflow/.local/lib/python3.7/site-packages/airflow/example_dags/subdags/subdag.py
[2026-09-30T23:10:48.664+0000] {processor.py:755} WARNING - No viable dags retrieved from /home/airflow/.local/lib/python3.7/site-packages/airflow/example_dags/subdags/subdag.py
[2026-09-30T23:10:48.680+0000] {processor.py:175} INFO - Processing /home/airflow/.local/lib/python3.7/site-packages/airflow/example_dags/subdags/subdag.py took 0.026 seconds
[2026-09-30T23:11:19.941+0000] {processor.py:153} INFO - Started process (PID=6880) to work on /home/airflow/.local/lib/python3.7/site-packages/airflow/example_dags/subdags/subdag.py
[2026-09-30T23:11:19.942+0000] {processor.py:743} INFO - Processing file /home/airflow/.local/lib/python3.7/site-packages/airflow/example_dags/subdags/subdag.py for tasks to queue
[2026-09-30T23:11:19.943+0000] {logging_mixin.py:137} INFO - [2026-09-30T23:11:19.943+0000] {dagbag.py:538} INFO - Filling up the DagBag from /home/airflow/.local/lib/python3.7/site-packages/airflow/example_dags/subdags/subdag.py
[2026-09-30T23:11:19.947+0000] {processor.py:755} WARNING - No viable dags retrieved from /home/airflow/.local/lib/python3.7/site-packages/airflow/example_dags/subdags/subdag.py
[2026-09-30T23:11:19.964+0000] {processor.py:175} INFO - Processing /home/airflow/.local/lib/python3.7/site-packages/airflow/example_dags/subdags/subdag.py took 0.028 seconds
[2026-09-30T23:11:51.042+0000] {processor.py:153} INFO - Started process (PID=6959) to work on /home/airflow/.local/lib/python3.7/site-packages/airflow/example_dags/subdags/subdag.py
[2026-09-30T23:11:51.043+0000] {processor.py:743} INFO - Processing file /home/airflow/.local/lib/python3.7/site-packages/airflow/example_dags/subdags/subdag.py for tasks to queue
[2026-09-30T23:11:51.044+0000] {logging_mixin.py:137} INFO - [2026-09-30T23:11:51.043+0000] {dagbag.py:538} INFO - Filling up the DagBag from /home/airflow/.local/lib/python3.7/site-packages/airflow/example_dags/subdags/subdag.py
[2026-09-30T23:11:51.048+0000] {processor.py:755} WARNING - No viable dags retrieved from /home/airflow/.local/lib/python3.7/site-packages/airflow/example_dags/subdags/subdag.py
[2026-09-30T23:11:51.062+0000] {processor.py:175} INFO - Processing /home/airflow/.local/lib/python3.7/site-packages/airflow/example_dags/subdags/subdag.py took 0.023 seconds
[2026-09-30T23:12:21.955+0000] {processor.py:153} INFO - Started process (PID=7038) to work on /home/airflow/.local/lib/python3.7/site-packages/airflow/example_dags/subdags/subdag.py
[2026-09-30T23:12:21.956+0000] {processor.py:743} INFO - Processing file /home/airflow/.local/lib/python3.7/site-packages/airflow/example_dags/subdags/subdag.py for tasks to queue
[2026-09-30T23:12:21.957+0000] {logging_mixin.py:137} INFO - [2026-09-30T23:12:21.956+0000] {dagbag.py:538} INFO - Filling up the DagBag from /home/airflow/.local/lib/python3.7/site-packages/airflow/example_dags/subdags/subdag.py
[2026-09-30T23:12:21.960+0000] {processor.py:755} WARNING - No viable dags retrieved from /home/airflow/.local/lib/python3.7/site-packages/airflow/example_dags/subdags/subdag.py
[2026-09-30T23:12:21.976+0000] {processor.py:175} INFO - Processing /home/airflow/.local/lib/python3.7/site-packages/airflow/example_dags/subdags/subdag.py took 0.025 seconds
[2026-09-30T23:12:53.426+0000] {processor.py:153} INFO - Started process (PID=7137) to work on /home/airflow/.local/lib/python3.7/site-packages/airflow/example_dags/subdags/subdag.py
[2026-09-30T23:12:53.427+0000] {processor.py:743} INFO - Processing file /home/airflow/.local/lib/python3.7/site-packages/airflow/example_dags/subdags/subdag.py for tasks to queue
[2026-09-30T23:12:53.429+0000] {logging_mixin.py:137} INFO - [2026-09-30T23:12:53.428+0000] {dagbag.py:538} INFO - Filling up the DagBag from /home/airflow/.local/lib/python3.7/site-packages/airflow/example_dags/subdags/subdag.py
[2026-09-30T23:12:53.434+0000] {processor.py:755} WARNING - No viable dags retrieved from /home/airflow/.local/lib/python3.7/site-packages/airflow/example_dags/subdags/subdag.py
[2026-09-30T23:12:53.456+0000] {processor.py:175} INFO - Processing /home/airflow/.local/lib/python3.7/site-packages/airflow/example_dags/subdags/subdag.py took 0.036 seconds
[2026-09-30T23:13:24.435+0000] {processor.py:153} INFO - Started process (PID=7216) to work on /home/airflow/.local/lib/python3.7/site-packages/airflow/example_dags/subdags/subdag.py
[2026-09-30T23:13:24.436+0000] {processor.py:743} INFO - Processing file /home/airflow/.local/lib/python3.7/site-packages/airflow/example_dags/subdags/subdag.py for tasks to queue
[2026-09-30T23:13:24.437+0000] {logging_mixin.py:137} INFO - [2026-09-30T23:13:24.437+0000] {dagbag.py:538} INFO - Filling up the DagBag from /home/airflow/.local/lib/python3.7/site-packages/airflow/example_dags/subdags/subdag.py
[2026-09-30T23:13:24.441+0000] {processor.py:755} WARNING - No viable dags retrieved from /home/airflow/.local/lib/python3.7/site-packages/airflow/example_dags/subdags/subdag.py
[2026-09-30T23:13:24.459+0000] {processor.py:175} INFO - Processing /home/airflow/.local/lib/python3.7/site-packages/airflow/example_dags/subdags/subdag.py took 0.029 seconds
[2026-09-30T23:13:55.459+0000] {processor.py:153} INFO - Started process (PID=7295) to work on /home/airflow/.local/lib/python3.7/site-packages/airflow/example_dags/subdags/subdag.py
[2026-09-30T23:13:55.460+0000] {processor.py:743} INFO - Processing file /home/airflow/.local/lib/python3.7/site-packages/airflow/example_dags/subdags/subdag.py for tasks to queue
[2026-09-30T23:13:55.462+0000] {logging_mixin.py:137} INFO - [2026-09-30T23:13:55.461+0000] {dagbag.py:538} INFO - Filling up the DagBag from /home/airflow/.local/lib/python3.7/site-packages/airflow/example_dags/subdags/subdag.py
[2026-09-30T23:13:55.467+0000] {processor.py:755} WARNING - No viable dags retrieved from /home/airflow/.local/lib/python3.7/site-packages/airflow/example_dags/subdags/subdag.py
[2026-09-30T23:13:55.486+0000] {processor.py:175} INFO - Processing /home/airflow/.local/lib/python3.7/site-packages/airflow/example_dags/subdags/subdag.py took 0.033 seconds
[2026-09-30T23:14:25.711+0000] {processor.py:153} INFO - Started process (PID=7383) to work on /home/airflow/.local/lib/python3.7/site-packages/airflow/example_dags/subdags/subdag.py
[2026-09-30T23:14:25.713+0000] {processor.py:743} INFO - Processing file /home/airflow/.local/lib/python3.7/site-packages/airflow/example_dags/subdags/subdag.py for tasks to queue
[2026-09-30T23:14:25.714+0000] {logging_mixin.py:137} INFO - [2026-09-30T23:14:25.714+0000] {dagbag.py:538} INFO - Filling up the DagBag from /home/airflow/.local/lib/python3.7/site-packages/airflow/example_dags/subdags/subdag.py
[2026-09-30T23:14:25.721+0000] {processor.py:755} WARNING - No viable dags retrieved from /home/airflow/.local/lib/python3.7/site-packages/airflow/example_dags/subdags/subdag.py
[2026-09-30T23:14:25.742+0000] {processor.py:175} INFO - Processing /home/airflow/.local/lib/python3.7/site-packages/airflow/example_dags/subdags/subdag.py took 0.036 seconds
[2026-09-30T23:14:56.409+0000] {processor.py:153} INFO - Started process (PID=7473) to work on /home/airflow/.local/lib/python3.7/site-packages/airflow/example_dags/subdags/subdag.py
[2026-09-30T23:14:56.410+0000] {processor.py:743} INFO - Processing file /home/airflow/.local/lib/python3.7/site-packages/airflow/example_dags/subdags/subdag.py for tasks to queue
[2026-09-30T23:14:56.411+0000] {logging_mixin.py:137} INFO - [2026-09-30T23:14:56.411+0000] {dagbag.py:538} INFO - Filling up the DagBag from /home/airflow/.local/lib/python3.7/site-packages/airflow/example_dags/subdags/subdag.py
[2026-09-30T23:14:56.419+0000] {processor.py:755} WARNING - No viable dags retrieved from /home/airflow/.local/lib/python3.7/site-packages/airflow/example_dags/subdags/subdag.py
[2026-09-30T23:14:56.439+0000] {processor.py:175} INFO - Processing /home/airflow/.local/lib/python3.7/site-packages/airflow/example_dags/subdags/subdag.py took 0.033 seconds
[2026-09-30T23:15:26.993+0000] {processor.py:153} INFO - Started process (PID=7552) to work on /home/airflow/.local/lib/python3.7/site-packages/airflow/example_dags/subdags/subdag.py
[2026-09-30T23:15:26.994+0000] {processor.py:743} INFO - Processing file /home/airflow/.local/lib/python3.7/site-packages/airflow/example_dags/subdags/subdag.py for tasks to queue
[2026-09-30T23:15:26.994+0000] {logging_mixin.py:137} INFO - [2026-09-30T23:15:26.994+0000] {dagbag.py:538} INFO - Filling up the DagBag from /home/airflow/.local/lib/python3.7/site-packages/airflow/example_dags/subdags/subdag.py
[2026-09-30T23:15:27.001+0000] {processor.py:755} WARNING - No viable dags retrieved from /home/airflow/.local/lib/python3.7/site-packages/airflow/example_dags/subdags/subdag.py
[2026-09-30T23:15:27.021+0000] {processor.py:175} INFO - Processing /home/airflow/.local/lib/python3.7/site-packages/airflow/example_dags/subdags/subdag.py took 0.033 seconds
[2026-09-30T23:15:57.348+0000] {processor.py:153} INFO - Started process (PID=7631) to work on /home/airflow/.local/lib/python3.7/site-packages/airflow/example_dags/subdags/subdag.py
[2026-09-30T23:15:57.350+0000] {processor.py:743} INFO - Processing file /home/airflow/.local/lib/python3.7/site-packages/airflow/example_dags/subdags/subdag.py for tasks to queue
[2026-09-30T23:15:57.351+0000] {logging_mixin.py:137} INFO - [2026-09-30T23:15:57.351+0000] {dagbag.py:538} INFO - Filling up the DagBag from /home/airflow/.local/lib/python3.7/site-packages/airflow/example_dags/subdags/subdag.py
[2026-09-30T23:15:57.358+0000] {processor.py:755} WARNING - No viable dags retrieved from /home/airflow/.local/lib/python3.7/site-packages/airflow/example_dags/subdags/subdag.py
[2026-09-30T23:15:57.380+0000] {processor.py:175} INFO - Processing /home/airflow/.local/lib/python3.7/site-packages/airflow/example_dags/subdags/subdag.py took 0.038 seconds
[2026-09-30T23:16:28.135+0000] {processor.py:153} INFO - Started process (PID=7710) to work on /home/airflow/.local/lib/python3.7/site-packages/airflow/example_dags/subdags/subdag.py
[2026-09-30T23:16:28.136+0000] {processor.py:743} INFO - Processing file /home/airflow/.local/lib/python3.7/site-packages/airflow/example_dags/subdags/subdag.py for tasks to queue
[2026-09-30T23:16:28.136+0000] {logging_mixin.py:137} INFO - [2026-09-30T23:16:28.136+0000] {dagbag.py:538} INFO - Filling up the DagBag from /home/airflow/.local/lib/python3.7/site-packages/airflow/example_dags/subdags/subdag.py
[2026-09-30T23:16:28.141+0000] {processor.py:755} WARNING - No viable dags retrieved from /home/airflow/.local/lib/python3.7/site-packages/airflow/example_dags/subdags/subdag.py
[2026-09-30T23:16:28.155+0000] {processor.py:175} INFO - Processing /home/airflow/.local/lib/python3.7/site-packages/airflow/example_dags/subdags/subdag.py took 0.024 seconds
[2026-09-30T23:16:58.566+0000] {processor.py:153} INFO - Started process (PID=7809) to work on /home/airflow/.local/lib/python3.7/site-packages/airflow/example_dags/subdags/subdag.py
[2026-09-30T23:16:58.567+0000] {processor.py:743} INFO - Processing file /home/airflow/.local/lib/python3.7/site-packages/airflow/example_dags/subdags/subdag.py for tasks to queue
[2026-09-30T23:16:58.567+0000] {logging_mixin.py:137} INFO - [2026-09-30T23:16:58.567+0000] {dagbag.py:538} INFO - Filling up the DagBag from /home/airflow/.local/lib/python3.7/site-packages/airflow/example_dags/subdags/subdag.py
[2026-09-30T23:16:58.572+0000] {processor.py:755} WARNING - No viable dags retrieved from /home/airflow/.local/lib/python3.7/site-packages/airflow/example_dags/subdags/subdag.py
[2026-09-30T23:16:58.590+0000] {processor.py:175} INFO - Processing /home/airflow/.local/lib/python3.7/site-packages/airflow/example_dags/subdags/subdag.py took 0.028 seconds
[2026-09-30T23:17:29.467+0000] {processor.py:153} INFO - Started process (PID=7887) to work on /home/airflow/.local/lib/python3.7/site-packages/airflow/example_dags/subdags/subdag.py
[2026-09-30T23:17:29.468+0000] {processor.py:743} INFO - Processing file /home/airflow/.local/lib/python3.7/site-packages/airflow/example_dags/subdags/subdag.py for tasks to queue
[2026-09-30T23:17:29.469+0000] {logging_mixin.py:137} INFO - [2026-09-30T23:17:29.469+0000] {dagbag.py:538} INFO - Filling up the DagBag from /home/airflow/.local/lib/python3.7/site-packages/airflow/example_dags/subdags/subdag.py
[2026-09-30T23:17:29.474+0000] {processor.py:755} WARNING - No viable dags retrieved from /home/airflow/.local/lib/python3.7/site-packages/airflow/example_dags/subdags/subdag.py
[2026-09-30T23:17:29.491+0000] {processor.py:175} INFO - Processing /home/airflow/.local/lib/python3.7/site-packages/airflow/example_dags/subdags/subdag.py took 0.028 seconds
[2026-09-30T23:18:00.472+0000] {processor.py:153} INFO - Started process (PID=7966) to work on /home/airflow/.local/lib/python3.7/site-packages/airflow/example_dags/subdags/subdag.py
[2026-09-30T23:18:00.473+0000] {processor.py:743} INFO - Processing file /home/airflow/.local/lib/python3.7/site-packages/airflow/example_dags/subdags/subdag.py for tasks to queue
[2026-09-30T23:18:00.474+0000] {logging_mixin.py:137} INFO - [2026-09-30T23:18:00.474+0000] {dagbag.py:538} INFO - Filling up the DagBag from /home/airflow/.local/lib/python3.7/site-packages/airflow/example_dags/subdags/subdag.py
[2026-09-30T23:18:00.482+0000] {processor.py:755} WARNING - No viable dags retrieved from /home/airflow/.local/lib/python3.7/site-packages/airflow/example_dags/subdags/subdag.py
[2026-09-30T23:18:00.504+0000] {processor.py:175} INFO - Processing /home/airflow/.local/lib/python3.7/site-packages/airflow/example_dags/subdags/subdag.py took 0.038 seconds
[2026-09-30T23:18:30.887+0000] {processor.py:153} INFO - Started process (PID=8051) to work on /home/airflow/.local/lib/python3.7/site-packages/airflow/example_dags/subdags/subdag.py
[2026-09-30T23:18:30.888+0000] {processor.py:743} INFO - Processing file /home/airflow/.local/lib/python3.7/site-packages/airflow/example_dags/subdags/subdag.py for tasks to queue
[2026-09-30T23:18:30.889+0000] {logging_mixin.py:137} INFO - [2026-09-30T23:18:30.889+0000] {dagbag.py:538} INFO - Filling up the DagBag from /home/airflow/.local/lib/python3.7/site-packages/airflow/example_dags/subdags/subdag.py
[2026-09-30T23:18:30.893+0000] {processor.py:755} WARNING - No viable dags retrieved from /home/airflow/.local/lib/python3.7/site-packages/airflow/example_dags/subdags/subdag.py
[2026-09-30T23:18:30.907+0000] {processor.py:175} INFO - Processing /home/airflow/.local/lib/python3.7/site-packages/airflow/example_dags/subdags/subdag.py took 0.024 seconds
[2026-09-30T23:19:01.448+0000] {processor.py:153} INFO - Started process (PID=8144) to work on /home/airflow/.local/lib/python3.7/site-packages/airflow/example_dags/subdags/subdag.py
[2026-09-30T23:19:01.449+0000] {processor.py:743} INFO - Processing file /home/airflow/.local/lib/python3.7/site-packages/airflow/example_dags/subdags/subdag.py for tasks to queue
[2026-09-30T23:19:01.450+0000] {logging_mixin.py:137} INFO - [2026-09-30T23:19:01.450+0000] {dagbag.py:538} INFO - Filling up the DagBag from /home/airflow/.local/lib/python3.7/site-packages/airflow/example_dags/subdags/subdag.py
[2026-09-30T23:19:01.456+0000] {processor.py:755} WARNING - No viable dags retrieved from /home/airflow/.local/lib/python3.7/site-packages/airflow/example_dags/subdags/subdag.py
[2026-09-30T23:19:01.472+0000] {processor.py:175} INFO - Processing /home/airflow/.local/lib/python3.7/site-packages/airflow/example_dags/subdags/subdag.py took 0.029 seconds
[2026-09-30T23:19:32.272+0000] {processor.py:153} INFO - Started process (PID=8224) to work on /home/airflow/.local/lib/python3.7/site-packages/airflow/example_dags/subdags/subdag.py
[2026-09-30T23:19:32.275+0000] {processor.py:743} INFO - Processing file /home/airflow/.local/lib/python3.7/site-packages/airflow/example_dags/subdags/subdag.py for tasks to queue
[2026-09-30T23:19:32.276+0000] {logging_mixin.py:137} INFO - [2026-09-30T23:19:32.276+0000] {dagbag.py:538} INFO - Filling up the DagBag from /home/airflow/.local/lib/python3.7/site-packages/airflow/example_dags/subdags/subdag.py
[2026-09-30T23:19:32.280+0000] {processor.py:755} WARNING - No viable dags retrieved from /home/airflow/.local/lib/python3.7/site-packages/airflow/example_dags/subdags/subdag.py
[2026-09-30T23:19:32.297+0000] {processor.py:175} INFO - Processing /home/airflow/.local/lib/python3.7/site-packages/airflow/example_dags/subdags/subdag.py took 0.031 seconds
[2026-09-30T23:20:02.388+0000] {processor.py:153} INFO - Started process (PID=8303) to work on /home/airflow/.local/lib/python3.7/site-packages/airflow/example_dags/subdags/subdag.py
[2026-09-30T23:20:02.389+0000] {processor.py:743} INFO - Processing file /home/airflow/.local/lib/python3.7/site-packages/airflow/example_dags/subdags/subdag.py for tasks to queue
[2026-09-30T23:20:02.390+0000] {logging_mixin.py:137} INFO - [2026-09-30T23:20:02.390+0000] {dagbag.py:538} INFO - Filling up the DagBag from /home/airflow/.local/lib/python3.7/site-packages/airflow/example_dags/subdags/subdag.py
[2026-09-30T23:20:02.395+0000] {processor.py:755} WARNING - No viable dags retrieved from /home/airflow/.local/lib/python3.7/site-packages/airflow/example_dags/subdags/subdag.py
[2026-09-30T23:20:02.413+0000] {processor.py:175} INFO - Processing /home/airflow/.local/lib/python3.7/site-packages/airflow/example_dags/subdags/subdag.py took 0.031 seconds
[2026-09-30T23:20:33.180+0000] {processor.py:153} INFO - Started process (PID=8382) to work on /home/airflow/.local/lib/python3.7/site-packages/airflow/example_dags/subdags/subdag.py
[2026-09-30T23:20:33.181+0000] {processor.py:743} INFO - Processing file /home/airflow/.local/lib/python3.7/site-packages/airflow/example_dags/subdags/subdag.py for tasks to queue
[2026-09-30T23:20:33.182+0000] {logging_mixin.py:137} INFO - [2026-09-30T23:20:33.182+0000] {dagbag.py:538} INFO - Filling up the DagBag from /home/airflow/.local/lib/python3.7/site-packages/airflow/example_dags/subdags/subdag.py
[2026-09-30T23:20:33.186+0000] {processor.py:755} WARNING - No viable dags retrieved from /home/airflow/.local/lib/python3.7/site-packages/airflow/example_dags/subdags/subdag.py
[2026-09-30T23:20:33.205+0000] {processor.py:175} INFO - Processing /home/airflow/.local/lib/python3.7/site-packages/airflow/example_dags/subdags/subdag.py took 0.029 seconds
[2026-09-30T23:21:03.463+0000] {processor.py:153} INFO - Started process (PID=8481) to work on /home/airflow/.local/lib/python3.7/site-packages/airflow/example_dags/subdags/subdag.py
[2026-09-30T23:21:03.463+0000] {processor.py:743} INFO - Processing file /home/airflow/.local/lib/python3.7/site-packages/airflow/example_dags/subdags/subdag.py for tasks to queue
[2026-09-30T23:21:03.464+0000] {logging_mixin.py:137} INFO - [2026-09-30T23:21:03.464+0000] {dagbag.py:538} INFO - Filling up the DagBag from /home/airflow/.local/lib/python3.7/site-packages/airflow/example_dags/subdags/subdag.py
[2026-09-30T23:21:03.467+0000] {processor.py:755} WARNING - No viable dags retrieved from /home/airflow/.local/lib/python3.7/site-packages/airflow/example_dags/subdags/subdag.py
[2026-09-30T23:21:03.480+0000] {processor.py:175} INFO - Processing /home/airflow/.local/lib/python3.7/site-packages/airflow/example_dags/subdags/subdag.py took 0.020 seconds
[2026-09-30T23:21:35.041+0000] {processor.py:153} INFO - Started process (PID=8560) to work on /home/airflow/.local/lib/python3.7/site-packages/airflow/example_dags/subdags/subdag.py
[2026-09-30T23:21:35.041+0000] {processor.py:743} INFO - Processing file /home/airflow/.local/lib/python3.7/site-packages/airflow/example_dags/subdags/subdag.py for tasks to queue
[2026-09-30T23:21:35.042+0000] {logging_mixin.py:137} INFO - [2026-09-30T23:21:35.042+0000] {dagbag.py:538} INFO - Filling up the DagBag from /home/airflow/.local/lib/python3.7/site-packages/airflow/example_dags/subdags/subdag.py
[2026-09-30T23:21:35.047+0000] {processor.py:755} WARNING - No viable dags retrieved from /home/airflow/.local/lib/python3.7/site-packages/airflow/example_dags/subdags/subdag.py
[2026-09-30T23:21:35.061+0000] {processor.py:175} INFO - Processing /home/airflow/.local/lib/python3.7/site-packages/airflow/example_dags/subdags/subdag.py took 0.024 seconds
[2026-09-30T23:22:05.719+0000] {processor.py:153} INFO - Started process (PID=8639) to work on /home/airflow/.local/lib/python3.7/site-packages/airflow/example_dags/subdags/subdag.py
[2026-09-30T23:22:05.720+0000] {processor.py:743} INFO - Processing file /home/airflow/.local/lib/python3.7/site-packages/airflow/example_dags/subdags/subdag.py for tasks to queue
[2026-09-30T23:22:05.722+0000] {logging_mixin.py:137} INFO - [2026-09-30T23:22:05.722+0000] {dagbag.py:538} INFO - Filling up the DagBag from /home/airflow/.local/lib/python3.7/site-packages/airflow/example_dags/subdags/subdag.py
[2026-09-30T23:22:05.732+0000] {processor.py:755} WARNING - No viable dags retrieved from /home/airflow/.local/lib/python3.7/site-packages/airflow/example_dags/subdags/subdag.py
[2026-09-30T23:22:05.760+0000] {processor.py:175} INFO - Processing /home/airflow/.local/lib/python3.7/site-packages/airflow/example_dags/subdags/subdag.py took 0.046 seconds
[2026-09-30T23:22:36.672+0000] {processor.py:153} INFO - Started process (PID=8727) to work on /home/airflow/.local/lib/python3.7/site-packages/airflow/example_dags/subdags/subdag.py
[2026-09-30T23:22:36.674+0000] {processor.py:743} INFO - Processing file /home/airflow/.local/lib/python3.7/site-packages/airflow/example_dags/subdags/subdag.py for tasks to queue
[2026-09-30T23:22:36.675+0000] {logging_mixin.py:137} INFO - [2026-09-30T23:22:36.675+0000] {dagbag.py:538} INFO - Filling up the DagBag from /home/airflow/.local/lib/python3.7/site-packages/airflow/example_dags/subdags/subdag.py
[2026-09-30T23:22:36.684+0000] {processor.py:755} WARNING - No viable dags retrieved from /home/airflow/.local/lib/python3.7/site-packages/airflow/example_dags/subdags/subdag.py
[2026-09-30T23:22:36.707+0000] {processor.py:175} INFO - Processing /home/airflow/.local/lib/python3.7/site-packages/airflow/example_dags/subdags/subdag.py took 0.043 seconds
[2026-09-30T23:23:06.886+0000] {processor.py:153} INFO - Started process (PID=8817) to work on /home/airflow/.local/lib/python3.7/site-packages/airflow/example_dags/subdags/subdag.py
[2026-09-30T23:23:06.887+0000] {processor.py:743} INFO - Processing file /home/airflow/.local/lib/python3.7/site-packages/airflow/example_dags/subdags/subdag.py for tasks to queue
[2026-09-30T23:23:06.887+0000] {logging_mixin.py:137} INFO - [2026-09-30T23:23:06.887+0000] {dagbag.py:538} INFO - Filling up the DagBag from /home/airflow/.local/lib/python3.7/site-packages/airflow/example_dags/subdags/subdag.py
[2026-09-30T23:23:06.891+0000] {processor.py:755} WARNING - No viable dags retrieved from /home/airflow/.local/lib/python3.7/site-packages/airflow/example_dags/subdags/subdag.py
[2026-09-30T23:23:06.902+0000] {processor.py:175} INFO - Processing /home/airflow/.local/lib/python3.7/site-packages/airflow/example_dags/subdags/subdag.py took 0.019 seconds
[2026-09-30T23:23:38.011+0000] {processor.py:153} INFO - Started process (PID=8896) to work on /home/airflow/.local/lib/python3.7/site-packages/airflow/example_dags/subdags/subdag.py
[2026-09-30T23:23:38.013+0000] {processor.py:743} INFO - Processing file /home/airflow/.local/lib/python3.7/site-packages/airflow/example_dags/subdags/subdag.py for tasks to queue
[2026-09-30T23:23:38.014+0000] {logging_mixin.py:137} INFO - [2026-09-30T23:23:38.014+0000] {dagbag.py:538} INFO - Filling up the DagBag from /home/airflow/.local/lib/python3.7/site-packages/airflow/example_dags/subdags/subdag.py
[2026-09-30T23:23:38.022+0000] {processor.py:755} WARNING - No viable dags retrieved from /home/airflow/.local/lib/python3.7/site-packages/airflow/example_dags/subdags/subdag.py
[2026-09-30T23:23:38.040+0000] {processor.py:175} INFO - Processing /home/airflow/.local/lib/python3.7/site-packages/airflow/example_dags/subdags/subdag.py took 0.035 seconds
[2026-09-30T23:24:08.891+0000] {processor.py:153} INFO - Started process (PID=8975) to work on /home/airflow/.local/lib/python3.7/site-packages/airflow/example_dags/subdags/subdag.py
[2026-09-30T23:24:08.892+0000] {processor.py:743} INFO - Processing file /home/airflow/.local/lib/python3.7/site-packages/airflow/example_dags/subdags/subdag.py for tasks to queue
[2026-09-30T23:24:08.893+0000] {logging_mixin.py:137} INFO - [2026-09-30T23:24:08.893+0000] {dagbag.py:538} INFO - Filling up the DagBag from /home/airflow/.local/lib/python3.7/site-packages/airflow/example_dags/subdags/subdag.py
[2026-09-30T23:24:08.898+0000] {processor.py:755} WARNING - No viable dags retrieved from /home/airflow/.local/lib/python3.7/site-packages/airflow/example_dags/subdags/subdag.py
[2026-09-30T23:24:08.916+0000] {processor.py:175} INFO - Processing /home/airflow/.local/lib/python3.7/site-packages/airflow/example_dags/subdags/subdag.py took 0.028 seconds
[2026-09-30T23:24:39.531+0000] {processor.py:153} INFO - Started process (PID=9074) to work on /home/airflow/.local/lib/python3.7/site-packages/airflow/example_dags/subdags/subdag.py
[2026-09-30T23:24:39.532+0000] {processor.py:743} INFO - Processing file /home/airflow/.local/lib/python3.7/site-packages/airflow/example_dags/subdags/subdag.py for tasks to queue
[2026-09-30T23:24:39.533+0000] {logging_mixin.py:137} INFO - [2026-09-30T23:24:39.532+0000] {dagbag.py:538} INFO - Filling up the DagBag from /home/airflow/.local/lib/python3.7/site-packages/airflow/example_dags/subdags/subdag.py
[2026-09-30T23:24:39.538+0000] {processor.py:755} WARNING - No viable dags retrieved from /home/airflow/.local/lib/python3.7/site-packages/airflow/example_dags/subdags/subdag.py
[2026-09-30T23:24:39.556+0000] {processor.py:175} INFO - Processing /home/airflow/.local/lib/python3.7/site-packages/airflow/example_dags/subdags/subdag.py took 0.029 seconds
[2026-09-30T23:25:10.216+0000] {processor.py:153} INFO - Started process (PID=9153) to work on /home/airflow/.local/lib/python3.7/site-packages/airflow/example_dags/subdags/subdag.py
[2026-09-30T23:25:10.217+0000] {processor.py:743} INFO - Processing file /home/airflow/.local/lib/python3.7/site-packages/airflow/example_dags/subdags/subdag.py for tasks to queue
[2026-09-30T23:25:10.218+0000] {logging_mixin.py:137} INFO - [2026-09-30T23:25:10.218+0000] {dagbag.py:538} INFO - Filling up the DagBag from /home/airflow/.local/lib/python3.7/site-packages/airflow/example_dags/subdags/subdag.py
[2026-09-30T23:25:10.222+0000] {processor.py:755} WARNING - No viable dags retrieved from /home/airflow/.local/lib/python3.7/site-packages/airflow/example_dags/subdags/subdag.py
[2026-09-30T23:25:10.239+0000] {processor.py:175} INFO - Processing /home/airflow/.local/lib/python3.7/site-packages/airflow/example_dags/subdags/subdag.py took 0.026 seconds
[2026-09-30T23:25:40.589+0000] {processor.py:153} INFO - Started process (PID=9232) to work on /home/airflow/.local/lib/python3.7/site-packages/airflow/example_dags/subdags/subdag.py
[2026-09-30T23:25:40.590+0000] {processor.py:743} INFO - Processing file /home/airflow/.local/lib/python3.7/site-packages/airflow/example_dags/subdags/subdag.py for tasks to queue
[2026-09-30T23:25:40.591+0000] {logging_mixin.py:137} INFO - [2026-09-30T23:25:40.591+0000] {dagbag.py:538} INFO - Filling up the DagBag from /home/airflow/.local/lib/python3.7/site-packages/airflow/example_dags/subdags/subdag.py
[2026-09-30T23:25:40.594+0000] {processor.py:755} WARNING - No viable dags retrieved from /home/airflow/.local/lib/python3.7/site-packages/airflow/example_dags/subdags/subdag.py
[2026-09-30T23:25:40.610+0000] {processor.py:175} INFO - Processing /home/airflow/.local/lib/python3.7/site-packages/airflow/example_dags/subdags/subdag.py took 0.025 seconds
[2026-09-30T23:26:11.674+0000] {processor.py:153} INFO - Started process (PID=9311) to work on /home/airflow/.local/lib/python3.7/site-packages/airflow/example_dags/subdags/subdag.py
[2026-09-30T23:26:11.674+0000] {processor.py:743} INFO - Processing file /home/airflow/.local/lib/python3.7/site-packages/airflow/example_dags/subdags/subdag.py for tasks to queue
[2026-09-30T23:26:11.675+0000] {logging_mixin.py:137} INFO - [2026-09-30T23:26:11.675+0000] {dagbag.py:538} INFO - Filling up the DagBag from /home/airflow/.local/lib/python3.7/site-packages/airflow/example_dags/subdags/subdag.py
[2026-09-30T23:26:11.679+0000] {processor.py:755} WARNING - No viable dags retrieved from /home/airflow/.local/lib/python3.7/site-packages/airflow/example_dags/subdags/subdag.py
[2026-09-30T23:26:11.694+0000] {processor.py:175} INFO - Processing /home/airflow/.local/lib/python3.7/site-packages/airflow/example_dags/subdags/subdag.py took 0.024 seconds
[2026-09-30T23:26:41.837+0000] {processor.py:153} INFO - Started process (PID=9410) to work on /home/airflow/.local/lib/python3.7/site-packages/airflow/example_dags/subdags/subdag.py
[2026-09-30T23:26:41.837+0000] {processor.py:743} INFO - Processing file /home/airflow/.local/lib/python3.7/site-packages/airflow/example_dags/subdags/subdag.py for tasks to queue
[2026-09-30T23:26:41.838+0000] {logging_mixin.py:137} INFO - [2026-09-30T23:26:41.838+0000] {dagbag.py:538} INFO - Filling up the DagBag from /home/airflow/.local/lib/python3.7/site-packages/airflow/example_dags/subdags/subdag.py
[2026-09-30T23:26:41.841+0000] {processor.py:755} WARNING - No viable dags retrieved from /home/airflow/.local/lib/python3.7/site-packages/airflow/example_dags/subdags/subdag.py
[2026-09-30T23:26:41.851+0000] {processor.py:175} INFO - Processing /home/airflow/.local/lib/python3.7/site-packages/airflow/example_dags/subdags/subdag.py took 0.018 seconds
[2026-09-30T23:27:13.073+0000] {processor.py:153} INFO - Started process (PID=9489) to work on /home/airflow/.local/lib/python3.7/site-packages/airflow/example_dags/subdags/subdag.py
[2026-09-30T23:27:13.074+0000] {processor.py:743} INFO - Processing file /home/airflow/.local/lib/python3.7/site-packages/airflow/example_dags/subdags/subdag.py for tasks to queue
[2026-09-30T23:27:13.075+0000] {logging_mixin.py:137} INFO - [2026-09-30T23:27:13.075+0000] {dagbag.py:538} INFO - Filling up the DagBag from /home/airflow/.local/lib/python3.7/site-packages/airflow/example_dags/subdags/subdag.py
[2026-09-30T23:27:13.081+0000] {processor.py:755} WARNING - No viable dags retrieved from /home/airflow/.local/lib/python3.7/site-packages/airflow/example_dags/subdags/subdag.py
[2026-09-30T23:27:13.106+0000] {processor.py:175} INFO - Processing /home/airflow/.local/lib/python3.7/site-packages/airflow/example_dags/subdags/subdag.py took 0.038 seconds
[2026-09-30T23:27:43.212+0000] {processor.py:153} INFO - Started process (PID=9567) to work on /home/airflow/.local/lib/python3.7/site-packages/airflow/example_dags/subdags/subdag.py
[2026-09-30T23:27:43.214+0000] {processor.py:743} INFO - Processing file /home/airflow/.local/lib/python3.7/site-packages/airflow/example_dags/subdags/subdag.py for tasks to queue
[2026-09-30T23:27:43.215+0000] {logging_mixin.py:137} INFO - [2026-09-30T23:27:43.215+0000] {dagbag.py:538} INFO - Filling up the DagBag from /home/airflow/.local/lib/python3.7/site-packages/airflow/example_dags/subdags/subdag.py
[2026-09-30T23:27:43.222+0000] {processor.py:755} WARNING - No viable dags retrieved from /home/airflow/.local/lib/python3.7/site-packages/airflow/example_dags/subdags/subdag.py
[2026-09-30T23:27:43.240+0000] {processor.py:175} INFO - Processing /home/airflow/.local/lib/python3.7/site-packages/airflow/example_dags/subdags/subdag.py took 0.034 seconds
[2026-09-30T23:28:13.652+0000] {processor.py:153} INFO - Started process (PID=9666) to work on /home/airflow/.local/lib/python3.7/site-packages/airflow/example_dags/subdags/subdag.py
[2026-09-30T23:28:13.653+0000] {processor.py:743} INFO - Processing file /home/airflow/.local/lib/python3.7/site-packages/airflow/example_dags/subdags/subdag.py for tasks to queue
[2026-09-30T23:28:13.655+0000] {logging_mixin.py:137} INFO - [2026-09-30T23:28:13.654+0000] {dagbag.py:538} INFO - Filling up the DagBag from /home/airflow/.local/lib/python3.7/site-packages/airflow/example_dags/subdags/subdag.py
[2026-09-30T23:28:13.660+0000] {processor.py:755} WARNING - No viable dags retrieved from /home/airflow/.local/lib/python3.7/site-packages/airflow/example_dags/subdags/subdag.py
[2026-09-30T23:28:13.678+0000] {processor.py:175} INFO - Processing /home/airflow/.local/lib/python3.7/site-packages/airflow/example_dags/subdags/subdag.py took 0.031 seconds
[2026-09-30T23:28:44.064+0000] {processor.py:153} INFO - Started process (PID=9745) to work on /home/airflow/.local/lib/python3.7/site-packages/airflow/example_dags/subdags/subdag.py
[2026-09-30T23:28:44.066+0000] {processor.py:743} INFO - Processing file /home/airflow/.local/lib/python3.7/site-packages/airflow/example_dags/subdags/subdag.py for tasks to queue
[2026-09-30T23:28:44.066+0000] {logging_mixin.py:137} INFO - [2026-09-30T23:28:44.066+0000] {dagbag.py:538} INFO - Filling up the DagBag from /home/airflow/.local/lib/python3.7/site-packages/airflow/example_dags/subdags/subdag.py
[2026-09-30T23:28:44.071+0000] {processor.py:755} WARNING - No viable dags retrieved from /home/airflow/.local/lib/python3.7/site-packages/airflow/example_dags/subdags/subdag.py
[2026-09-30T23:28:44.089+0000] {processor.py:175} INFO - Processing /home/airflow/.local/lib/python3.7/site-packages/airflow/example_dags/subdags/subdag.py took 0.029 seconds
[2026-09-30T23:29:15.116+0000] {processor.py:153} INFO - Started process (PID=9825) to work on /home/airflow/.local/lib/python3.7/site-packages/airflow/example_dags/subdags/subdag.py
[2026-09-30T23:29:15.117+0000] {processor.py:743} INFO - Processing file /home/airflow/.local/lib/python3.7/site-packages/airflow/example_dags/subdags/subdag.py for tasks to queue
[2026-09-30T23:29:15.118+0000] {logging_mixin.py:137} INFO - [2026-09-30T23:29:15.118+0000] {dagbag.py:538} INFO - Filling up the DagBag from /home/airflow/.local/lib/python3.7/site-packages/airflow/example_dags/subdags/subdag.py
[2026-09-30T23:29:15.124+0000] {processor.py:755} WARNING - No viable dags retrieved from /home/airflow/.local/lib/python3.7/site-packages/airflow/example_dags/subdags/subdag.py
[2026-09-30T23:29:15.141+0000] {processor.py:175} INFO - Processing /home/airflow/.local/lib/python3.7/site-packages/airflow/example_dags/subdags/subdag.py took 0.029 seconds
[2026-09-30T23:29:46.014+0000] {processor.py:153} INFO - Started process (PID=9911) to work on /home/airflow/.local/lib/python3.7/site-packages/airflow/example_dags/subdags/subdag.py
[2026-09-30T23:29:46.015+0000] {processor.py:743} INFO - Processing file /home/airflow/.local/lib/python3.7/site-packages/airflow/example_dags/subdags/subdag.py for tasks to queue
[2026-09-30T23:29:46.016+0000] {logging_mixin.py:137} INFO - [2026-09-30T23:29:46.016+0000] {dagbag.py:538} INFO - Filling up the DagBag from /home/airflow/.local/lib/python3.7/site-packages/airflow/example_dags/subdags/subdag.py
[2026-09-30T23:29:46.021+0000] {processor.py:755} WARNING - No viable dags retrieved from /home/airflow/.local/lib/python3.7/site-packages/airflow/example_dags/subdags/subdag.py
[2026-09-30T23:29:46.037+0000] {processor.py:175} INFO - Processing /home/airflow/.local/lib/python3.7/site-packages/airflow/example_dags/subdags/subdag.py took 0.026 seconds
[2026-09-30T23:30:16.351+0000] {processor.py:153} INFO - Started process (PID=10003) to work on /home/airflow/.local/lib/python3.7/site-packages/airflow/example_dags/subdags/subdag.py
[2026-09-30T23:30:16.352+0000] {processor.py:743} INFO - Processing file /home/airflow/.local/lib/python3.7/site-packages/airflow/example_dags/subdags/subdag.py for tasks to queue
[2026-09-30T23:30:16.353+0000] {logging_mixin.py:137} INFO - [2026-09-30T23:30:16.353+0000] {dagbag.py:538} INFO - Filling up the DagBag from /home/airflow/.local/lib/python3.7/site-packages/airflow/example_dags/subdags/subdag.py
[2026-09-30T23:30:16.358+0000] {processor.py:755} WARNING - No viable dags retrieved from /home/airflow/.local/lib/python3.7/site-packages/airflow/example_dags/subdags/subdag.py
[2026-09-30T23:30:16.374+0000] {processor.py:175} INFO - Processing /home/airflow/.local/lib/python3.7/site-packages/airflow/example_dags/subdags/subdag.py took 0.027 seconds
[2026-09-30T23:30:47.137+0000] {processor.py:153} INFO - Started process (PID=10081) to work on /home/airflow/.local/lib/python3.7/site-packages/airflow/example_dags/subdags/subdag.py
[2026-09-30T23:30:47.138+0000] {processor.py:743} INFO - Processing file /home/airflow/.local/lib/python3.7/site-packages/airflow/example_dags/subdags/subdag.py for tasks to queue
[2026-09-30T23:30:47.139+0000] {logging_mixin.py:137} INFO - [2026-09-30T23:30:47.139+0000] {dagbag.py:538} INFO - Filling up the DagBag from /home/airflow/.local/lib/python3.7/site-packages/airflow/example_dags/subdags/subdag.py
[2026-09-30T23:30:47.144+0000] {processor.py:755} WARNING - No viable dags retrieved from /home/airflow/.local/lib/python3.7/site-packages/airflow/example_dags/subdags/subdag.py
[2026-09-30T23:30:47.161+0000] {processor.py:175} INFO - Processing /home/airflow/.local/lib/python3.7/site-packages/airflow/example_dags/subdags/subdag.py took 0.030 seconds
[2026-09-30T23:31:17.661+0000] {processor.py:153} INFO - Started process (PID=10160) to work on /home/airflow/.local/lib/python3.7/site-packages/airflow/example_dags/subdags/subdag.py
[2026-09-30T23:31:17.663+0000] {processor.py:743} INFO - Processing file /home/airflow/.local/lib/python3.7/site-packages/airflow/example_dags/subdags/subdag.py for tasks to queue
[2026-09-30T23:31:17.663+0000] {logging_mixin.py:137} INFO - [2026-09-30T23:31:17.663+0000] {dagbag.py:538} INFO - Filling up the DagBag from /home/airflow/.local/lib/python3.7/site-packages/airflow/example_dags/subdags/subdag.py
[2026-09-30T23:31:17.668+0000] {processor.py:755} WARNING - No viable dags retrieved from /home/airflow/.local/lib/python3.7/site-packages/airflow/example_dags/subdags/subdag.py
[2026-09-30T23:31:17.685+0000] {processor.py:175} INFO - Processing /home/airflow/.local/lib/python3.7/site-packages/airflow/example_dags/subdags/subdag.py took 0.027 seconds
[2026-09-30T23:31:49.019+0000] {processor.py:153} INFO - Started process (PID=10248) to work on /home/airflow/.local/lib/python3.7/site-packages/airflow/example_dags/subdags/subdag.py
[2026-09-30T23:31:49.020+0000] {processor.py:743} INFO - Processing file /home/airflow/.local/lib/python3.7/site-packages/airflow/example_dags/subdags/subdag.py for tasks to queue
[2026-09-30T23:31:49.021+0000] {logging_mixin.py:137} INFO - [2026-09-30T23:31:49.021+0000] {dagbag.py:538} INFO - Filling up the DagBag from /home/airflow/.local/lib/python3.7/site-packages/airflow/example_dags/subdags/subdag.py
[2026-09-30T23:31:49.026+0000] {processor.py:755} WARNING - No viable dags retrieved from /home/airflow/.local/lib/python3.7/site-packages/airflow/example_dags/subdags/subdag.py
[2026-09-30T23:31:49.042+0000] {processor.py:175} INFO - Processing /home/airflow/.local/lib/python3.7/site-packages/airflow/example_dags/subdags/subdag.py took 0.026 seconds
[2026-09-30T23:32:19.680+0000] {processor.py:153} INFO - Started process (PID=10338) to work on /home/airflow/.local/lib/python3.7/site-packages/airflow/example_dags/subdags/subdag.py
[2026-09-30T23:32:19.681+0000] {processor.py:743} INFO - Processing file /home/airflow/.local/lib/python3.7/site-packages/airflow/example_dags/subdags/subdag.py for tasks to queue
[2026-09-30T23:32:19.681+0000] {logging_mixin.py:137} INFO - [2026-09-30T23:32:19.681+0000] {dagbag.py:538} INFO - Filling up the DagBag from /home/airflow/.local/lib/python3.7/site-packages/airflow/example_dags/subdags/subdag.py
[2026-09-30T23:32:19.685+0000] {processor.py:755} WARNING - No viable dags retrieved from /home/airflow/.local/lib/python3.7/site-packages/airflow/example_dags/subdags/subdag.py
[2026-09-30T23:32:19.697+0000] {processor.py:175} INFO - Processing /home/airflow/.local/lib/python3.7/site-packages/airflow/example_dags/subdags/subdag.py took 0.020 seconds
[2026-09-30T23:32:50.127+0000] {processor.py:153} INFO - Started process (PID=10417) to work on /home/airflow/.local/lib/python3.7/site-packages/airflow/example_dags/subdags/subdag.py
[2026-09-30T23:32:50.128+0000] {processor.py:743} INFO - Processing file /home/airflow/.local/lib/python3.7/site-packages/airflow/example_dags/subdags/subdag.py for tasks to queue
[2026-09-30T23:32:50.130+0000] {logging_mixin.py:137} INFO - [2026-09-30T23:32:50.129+0000] {dagbag.py:538} INFO - Filling up the DagBag from /home/airflow/.local/lib/python3.7/site-packages/airflow/example_dags/subdags/subdag.py
[2026-09-30T23:32:50.136+0000] {processor.py:755} WARNING - No viable dags retrieved from /home/airflow/.local/lib/python3.7/site-packages/airflow/example_dags/subdags/subdag.py
[2026-09-30T23:32:50.157+0000] {processor.py:175} INFO - Processing /home/airflow/.local/lib/python3.7/site-packages/airflow/example_dags/subdags/subdag.py took 0.036 seconds
[2026-09-30T23:33:20.460+0000] {processor.py:153} INFO - Started process (PID=10496) to work on /home/airflow/.local/lib/python3.7/site-packages/airflow/example_dags/subdags/subdag.py
[2026-09-30T23:33:20.462+0000] {processor.py:743} INFO - Processing file /home/airflow/.local/lib/python3.7/site-packages/airflow/example_dags/subdags/subdag.py for tasks to queue
[2026-09-30T23:33:20.463+0000] {logging_mixin.py:137} INFO - [2026-09-30T23:33:20.463+0000] {dagbag.py:538} INFO - Filling up the DagBag from /home/airflow/.local/lib/python3.7/site-packages/airflow/example_dags/subdags/subdag.py
[2026-09-30T23:33:20.469+0000] {processor.py:755} WARNING - No viable dags retrieved from /home/airflow/.local/lib/python3.7/site-packages/airflow/example_dags/subdags/subdag.py
[2026-09-30T23:33:20.491+0000] {processor.py:175} INFO - Processing /home/airflow/.local/lib/python3.7/site-packages/airflow/example_dags/subdags/subdag.py took 0.037 seconds
[2026-09-30T23:33:51.590+0000] {processor.py:153} INFO - Started process (PID=10595) to work on /home/airflow/.local/lib/python3.7/site-packages/airflow/example_dags/subdags/subdag.py
[2026-09-30T23:33:51.591+0000] {processor.py:743} INFO - Processing file /home/airflow/.local/lib/python3.7/site-packages/airflow/example_dags/subdags/subdag.py for tasks to queue
[2026-09-30T23:33:51.592+0000] {logging_mixin.py:137} INFO - [2026-09-30T23:33:51.592+0000] {dagbag.py:538} INFO - Filling up the DagBag from /home/airflow/.local/lib/python3.7/site-packages/airflow/example_dags/subdags/subdag.py
[2026-09-30T23:33:51.598+0000] {processor.py:755} WARNING - No viable dags retrieved from /home/airflow/.local/lib/python3.7/site-packages/airflow/example_dags/subdags/subdag.py
[2026-09-30T23:33:51.623+0000] {processor.py:175} INFO - Processing /home/airflow/.local/lib/python3.7/site-packages/airflow/example_dags/subdags/subdag.py took 0.038 seconds
[2026-09-30T23:34:22.757+0000] {processor.py:153} INFO - Started process (PID=10674) to work on /home/airflow/.local/lib/python3.7/site-packages/airflow/example_dags/subdags/subdag.py
[2026-09-30T23:34:22.758+0000] {processor.py:743} INFO - Processing file /home/airflow/.local/lib/python3.7/site-packages/airflow/example_dags/subdags/subdag.py for tasks to queue
[2026-09-30T23:34:22.759+0000] {logging_mixin.py:137} INFO - [2026-09-30T23:34:22.759+0000] {dagbag.py:538} INFO - Filling up the DagBag from /home/airflow/.local/lib/python3.7/site-packages/airflow/example_dags/subdags/subdag.py
[2026-09-30T23:34:22.765+0000] {processor.py:755} WARNING - No viable dags retrieved from /home/airflow/.local/lib/python3.7/site-packages/airflow/example_dags/subdags/subdag.py
[2026-09-30T23:34:22.785+0000] {processor.py:175} INFO - Processing /home/airflow/.local/lib/python3.7/site-packages/airflow/example_dags/subdags/subdag.py took 0.032 seconds
[2026-09-30T23:34:53.237+0000] {processor.py:153} INFO - Started process (PID=10753) to work on /home/airflow/.local/lib/python3.7/site-packages/airflow/example_dags/subdags/subdag.py
[2026-09-30T23:34:53.239+0000] {processor.py:743} INFO - Processing file /home/airflow/.local/lib/python3.7/site-packages/airflow/example_dags/subdags/subdag.py for tasks to queue
[2026-09-30T23:34:53.239+0000] {logging_mixin.py:137} INFO - [2026-09-30T23:34:53.239+0000] {dagbag.py:538} INFO - Filling up the DagBag from /home/airflow/.local/lib/python3.7/site-packages/airflow/example_dags/subdags/subdag.py
[2026-09-30T23:34:53.244+0000] {processor.py:755} WARNING - No viable dags retrieved from /home/airflow/.local/lib/python3.7/site-packages/airflow/example_dags/subdags/subdag.py
[2026-09-30T23:34:53.259+0000] {processor.py:175} INFO - Processing /home/airflow/.local/lib/python3.7/site-packages/airflow/example_dags/subdags/subdag.py took 0.026 seconds
[2026-09-30T23:35:23.746+0000] {processor.py:153} INFO - Started process (PID=10841) to work on /home/airflow/.local/lib/python3.7/site-packages/airflow/example_dags/subdags/subdag.py
[2026-09-30T23:35:23.747+0000] {processor.py:743} INFO - Processing file /home/airflow/.local/lib/python3.7/site-packages/airflow/example_dags/subdags/subdag.py for tasks to queue
[2026-09-30T23:35:23.747+0000] {logging_mixin.py:137} INFO - [2026-09-30T23:35:23.747+0000] {dagbag.py:538} INFO - Filling up the DagBag from /home/airflow/.local/lib/python3.7/site-packages/airflow/example_dags/subdags/subdag.py
[2026-09-30T23:35:23.751+0000] {processor.py:755} WARNING - No viable dags retrieved from /home/airflow/.local/lib/python3.7/site-packages/airflow/example_dags/subdags/subdag.py
[2026-09-30T23:35:23.771+0000] {processor.py:175} INFO - Processing /home/airflow/.local/lib/python3.7/site-packages/airflow/example_dags/subdags/subdag.py took 0.030 seconds
[2026-09-30T23:35:54.078+0000] {processor.py:153} INFO - Started process (PID=10931) to work on /home/airflow/.local/lib/python3.7/site-packages/airflow/example_dags/subdags/subdag.py
[2026-09-30T23:35:54.079+0000] {processor.py:743} INFO - Processing file /home/airflow/.local/lib/python3.7/site-packages/airflow/example_dags/subdags/subdag.py for tasks to queue
[2026-09-30T23:35:54.082+0000] {logging_mixin.py:137} INFO - [2026-09-30T23:35:54.081+0000] {dagbag.py:538} INFO - Filling up the DagBag from /home/airflow/.local/lib/python3.7/site-packages/airflow/example_dags/subdags/subdag.py
[2026-09-30T23:35:54.088+0000] {processor.py:755} WARNING - No viable dags retrieved from /home/airflow/.local/lib/python3.7/site-packages/airflow/example_dags/subdags/subdag.py
[2026-09-30T23:35:54.110+0000] {processor.py:175} INFO - Processing /home/airflow/.local/lib/python3.7/site-packages/airflow/example_dags/subdags/subdag.py took 0.038 seconds
[2026-09-30T23:36:24.735+0000] {processor.py:153} INFO - Started process (PID=11010) to work on /home/airflow/.local/lib/python3.7/site-packages/airflow/example_dags/subdags/subdag.py
[2026-09-30T23:36:24.736+0000] {processor.py:743} INFO - Processing file /home/airflow/.local/lib/python3.7/site-packages/airflow/example_dags/subdags/subdag.py for tasks to queue
[2026-09-30T23:36:24.738+0000] {logging_mixin.py:137} INFO - [2026-09-30T23:36:24.737+0000] {dagbag.py:538} INFO - Filling up the DagBag from /home/airflow/.local/lib/python3.7/site-packages/airflow/example_dags/subdags/subdag.py
[2026-09-30T23:36:24.745+0000] {processor.py:755} WARNING - No viable dags retrieved from /home/airflow/.local/lib/python3.7/site-packages/airflow/example_dags/subdags/subdag.py
[2026-09-30T23:36:24.761+0000] {processor.py:175} INFO - Processing /home/airflow/.local/lib/python3.7/site-packages/airflow/example_dags/subdags/subdag.py took 0.031 seconds
[2026-09-30T23:36:55.274+0000] {processor.py:153} INFO - Started process (PID=11090) to work on /home/airflow/.local/lib/python3.7/site-packages/airflow/example_dags/subdags/subdag.py
[2026-09-30T23:36:55.275+0000] {processor.py:743} INFO - Processing file /home/airflow/.local/lib/python3.7/site-packages/airflow/example_dags/subdags/subdag.py for tasks to queue
[2026-09-30T23:36:55.276+0000] {logging_mixin.py:137} INFO - [2026-09-30T23:36:55.275+0000] {dagbag.py:538} INFO - Filling up the DagBag from /home/airflow/.local/lib/python3.7/site-packages/airflow/example_dags/subdags/subdag.py
[2026-09-30T23:36:55.280+0000] {processor.py:755} WARNING - No viable dags retrieved from /home/airflow/.local/lib/python3.7/site-packages/airflow/example_dags/subdags/subdag.py
[2026-09-30T23:36:55.296+0000] {processor.py:175} INFO - Processing /home/airflow/.local/lib/python3.7/site-packages/airflow/example_dags/subdags/subdag.py took 0.026 seconds
[2026-09-30T23:37:25.976+0000] {processor.py:153} INFO - Started process (PID=11178) to work on /home/airflow/.local/lib/python3.7/site-packages/airflow/example_dags/subdags/subdag.py
[2026-09-30T23:37:25.977+0000] {processor.py:743} INFO - Processing file /home/airflow/.local/lib/python3.7/site-packages/airflow/example_dags/subdags/subdag.py for tasks to queue
[2026-09-30T23:37:25.979+0000] {logging_mixin.py:137} INFO - [2026-09-30T23:37:25.979+0000] {dagbag.py:538} INFO - Filling up the DagBag from /home/airflow/.local/lib/python3.7/site-packages/airflow/example_dags/subdags/subdag.py
[2026-09-30T23:37:25.988+0000] {processor.py:755} WARNING - No viable dags retrieved from /home/airflow/.local/lib/python3.7/site-packages/airflow/example_dags/subdags/subdag.py
[2026-09-30T23:37:26.012+0000] {processor.py:175} INFO - Processing /home/airflow/.local/lib/python3.7/site-packages/airflow/example_dags/subdags/subdag.py took 0.042 seconds
[2026-09-30T23:37:56.301+0000] {processor.py:153} INFO - Started process (PID=11268) to work on /home/airflow/.local/lib/python3.7/site-packages/airflow/example_dags/subdags/subdag.py
[2026-09-30T23:37:56.302+0000] {processor.py:743} INFO - Processing file /home/airflow/.local/lib/python3.7/site-packages/airflow/example_dags/subdags/subdag.py for tasks to queue
[2026-09-30T23:37:56.303+0000] {logging_mixin.py:137} INFO - [2026-09-30T23:37:56.302+0000] {dagbag.py:538} INFO - Filling up the DagBag from /home/airflow/.local/lib/python3.7/site-packages/airflow/example_dags/subdags/subdag.py
[2026-09-30T23:37:56.307+0000] {processor.py:755} WARNING - No viable dags retrieved from /home/airflow/.local/lib/python3.7/site-packages/airflow/example_dags/subdags/subdag.py
[2026-09-30T23:37:56.324+0000] {processor.py:175} INFO - Processing /home/airflow/.local/lib/python3.7/site-packages/airflow/example_dags/subdags/subdag.py took 0.028 seconds
[2026-09-30T23:38:27.114+0000] {processor.py:153} INFO - Started process (PID=11347) to work on /home/airflow/.local/lib/python3.7/site-packages/airflow/example_dags/subdags/subdag.py
[2026-09-30T23:38:27.115+0000] {processor.py:743} INFO - Processing file /home/airflow/.local/lib/python3.7/site-packages/airflow/example_dags/subdags/subdag.py for tasks to queue
[2026-09-30T23:38:27.116+0000] {logging_mixin.py:137} INFO - [2026-09-30T23:38:27.116+0000] {dagbag.py:538} INFO - Filling up the DagBag from /home/airflow/.local/lib/python3.7/site-packages/airflow/example_dags/subdags/subdag.py
[2026-09-30T23:38:27.121+0000] {processor.py:755} WARNING - No viable dags retrieved from /home/airflow/.local/lib/python3.7/site-packages/airflow/example_dags/subdags/subdag.py
[2026-09-30T23:38:27.135+0000] {processor.py:175} INFO - Processing /home/airflow/.local/lib/python3.7/site-packages/airflow/example_dags/subdags/subdag.py took 0.025 seconds
[2026-09-30T23:38:57.381+0000] {processor.py:153} INFO - Started process (PID=11426) to work on /home/airflow/.local/lib/python3.7/site-packages/airflow/example_dags/subdags/subdag.py
[2026-09-30T23:38:57.382+0000] {processor.py:743} INFO - Processing file /home/airflow/.local/lib/python3.7/site-packages/airflow/example_dags/subdags/subdag.py for tasks to queue
[2026-09-30T23:38:57.383+0000] {logging_mixin.py:137} INFO - [2026-09-30T23:38:57.383+0000] {dagbag.py:538} INFO - Filling up the DagBag from /home/airflow/.local/lib/python3.7/site-packages/airflow/example_dags/subdags/subdag.py
[2026-09-30T23:38:57.387+0000] {processor.py:755} WARNING - No viable dags retrieved from /home/airflow/.local/lib/python3.7/site-packages/airflow/example_dags/subdags/subdag.py
[2026-09-30T23:38:57.404+0000] {processor.py:175} INFO - Processing /home/airflow/.local/lib/python3.7/site-packages/airflow/example_dags/subdags/subdag.py took 0.026 seconds
[2026-09-30T23:39:28.001+0000] {processor.py:153} INFO - Started process (PID=11525) to work on /home/airflow/.local/lib/python3.7/site-packages/airflow/example_dags/subdags/subdag.py
[2026-09-30T23:39:28.002+0000] {processor.py:743} INFO - Processing file /home/airflow/.local/lib/python3.7/site-packages/airflow/example_dags/subdags/subdag.py for tasks to queue
[2026-09-30T23:39:28.003+0000] {logging_mixin.py:137} INFO - [2026-09-30T23:39:28.003+0000] {dagbag.py:538} INFO - Filling up the DagBag from /home/airflow/.local/lib/python3.7/site-packages/airflow/example_dags/subdags/subdag.py
[2026-09-30T23:39:28.007+0000] {processor.py:755} WARNING - No viable dags retrieved from /home/airflow/.local/lib/python3.7/site-packages/airflow/example_dags/subdags/subdag.py
[2026-09-30T23:39:28.021+0000] {processor.py:175} INFO - Processing /home/airflow/.local/lib/python3.7/site-packages/airflow/example_dags/subdags/subdag.py took 0.023 seconds
[2026-09-30T23:39:58.948+0000] {processor.py:153} INFO - Started process (PID=11604) to work on /home/airflow/.local/lib/python3.7/site-packages/airflow/example_dags/subdags/subdag.py
[2026-09-30T23:39:58.949+0000] {processor.py:743} INFO - Processing file /home/airflow/.local/lib/python3.7/site-packages/airflow/example_dags/subdags/subdag.py for tasks to queue
[2026-09-30T23:39:58.950+0000] {logging_mixin.py:137} INFO - [2026-09-30T23:39:58.950+0000] {dagbag.py:538} INFO - Filling up the DagBag from /home/airflow/.local/lib/python3.7/site-packages/airflow/example_dags/subdags/subdag.py
[2026-09-30T23:39:58.958+0000] {processor.py:755} WARNING - No viable dags retrieved from /home/airflow/.local/lib/python3.7/site-packages/airflow/example_dags/subdags/subdag.py
[2026-09-30T23:39:58.976+0000] {processor.py:175} INFO - Processing /home/airflow/.local/lib/python3.7/site-packages/airflow/example_dags/subdags/subdag.py took 0.034 seconds
[2026-09-30T23:40:29.348+0000] {processor.py:153} INFO - Started process (PID=11683) to work on /home/airflow/.local/lib/python3.7/site-packages/airflow/example_dags/subdags/subdag.py
[2026-09-30T23:40:29.349+0000] {processor.py:743} INFO - Processing file /home/airflow/.local/lib/python3.7/site-packages/airflow/example_dags/subdags/subdag.py for tasks to queue
[2026-09-30T23:40:29.350+0000] {logging_mixin.py:137} INFO - [2026-09-30T23:40:29.350+0000] {dagbag.py:538} INFO - Filling up the DagBag from /home/airflow/.local/lib/python3.7/site-packages/airflow/example_dags/subdags/subdag.py
[2026-09-30T23:40:29.354+0000] {processor.py:755} WARNING - No viable dags retrieved from /home/airflow/.local/lib/python3.7/site-packages/airflow/example_dags/subdags/subdag.py
[2026-09-30T23:40:29.370+0000] {processor.py:175} INFO - Processing /home/airflow/.local/lib/python3.7/site-packages/airflow/example_dags/subdags/subdag.py took 0.026 seconds
[2026-09-30T23:41:00.039+0000] {processor.py:153} INFO - Started process (PID=11771) to work on /home/airflow/.local/lib/python3.7/site-packages/airflow/example_dags/subdags/subdag.py
[2026-09-30T23:41:00.039+0000] {processor.py:743} INFO - Processing file /home/airflow/.local/lib/python3.7/site-packages/airflow/example_dags/subdags/subdag.py for tasks to queue
[2026-09-30T23:41:00.040+0000] {logging_mixin.py:137} INFO - [2026-09-30T23:41:00.040+0000] {dagbag.py:538} INFO - Filling up the DagBag from /home/airflow/.local/lib/python3.7/site-packages/airflow/example_dags/subdags/subdag.py
[2026-09-30T23:41:00.045+0000] {processor.py:755} WARNING - No viable dags retrieved from /home/airflow/.local/lib/python3.7/site-packages/airflow/example_dags/subdags/subdag.py
[2026-09-30T23:41:00.060+0000] {processor.py:175} INFO - Processing /home/airflow/.local/lib/python3.7/site-packages/airflow/example_dags/subdags/subdag.py took 0.026 seconds
[2026-09-30T23:41:30.782+0000] {processor.py:153} INFO - Started process (PID=11861) to work on /home/airflow/.local/lib/python3.7/site-packages/airflow/example_dags/subdags/subdag.py
[2026-09-30T23:41:30.783+0000] {processor.py:743} INFO - Processing file /home/airflow/.local/lib/python3.7/site-packages/airflow/example_dags/subdags/subdag.py for tasks to queue
[2026-09-30T23:41:30.784+0000] {logging_mixin.py:137} INFO - [2026-09-30T23:41:30.783+0000] {dagbag.py:538} INFO - Filling up the DagBag from /home/airflow/.local/lib/python3.7/site-packages/airflow/example_dags/subdags/subdag.py
[2026-09-30T23:41:30.788+0000] {processor.py:755} WARNING - No viable dags retrieved from /home/airflow/.local/lib/python3.7/site-packages/airflow/example_dags/subdags/subdag.py
[2026-09-30T23:41:30.802+0000] {processor.py:175} INFO - Processing /home/airflow/.local/lib/python3.7/site-packages/airflow/example_dags/subdags/subdag.py took 0.024 seconds
[2026-09-30T23:42:01.554+0000] {processor.py:153} INFO - Started process (PID=11940) to work on /home/airflow/.local/lib/python3.7/site-packages/airflow/example_dags/subdags/subdag.py
[2026-09-30T23:42:01.555+0000] {processor.py:743} INFO - Processing file /home/airflow/.local/lib/python3.7/site-packages/airflow/example_dags/subdags/subdag.py for tasks to queue
[2026-09-30T23:42:01.556+0000] {logging_mixin.py:137} INFO - [2026-09-30T23:42:01.556+0000] {dagbag.py:538} INFO - Filling up the DagBag from /home/airflow/.local/lib/python3.7/site-packages/airflow/example_dags/subdags/subdag.py
[2026-09-30T23:42:01.561+0000] {processor.py:755} WARNING - No viable dags retrieved from /home/airflow/.local/lib/python3.7/site-packages/airflow/example_dags/subdags/subdag.py
[2026-09-30T23:42:01.577+0000] {processor.py:175} INFO - Processing /home/airflow/.local/lib/python3.7/site-packages/airflow/example_dags/subdags/subdag.py took 0.026 seconds
[2026-09-30T23:42:32.211+0000] {processor.py:153} INFO - Started process (PID=12019) to work on /home/airflow/.local/lib/python3.7/site-packages/airflow/example_dags/subdags/subdag.py
[2026-09-30T23:42:32.213+0000] {processor.py:743} INFO - Processing file /home/airflow/.local/lib/python3.7/site-packages/airflow/example_dags/subdags/subdag.py for tasks to queue
[2026-09-30T23:42:32.214+0000] {logging_mixin.py:137} INFO - [2026-09-30T23:42:32.213+0000] {dagbag.py:538} INFO - Filling up the DagBag from /home/airflow/.local/lib/python3.7/site-packages/airflow/example_dags/subdags/subdag.py
[2026-09-30T23:42:32.218+0000] {processor.py:755} WARNING - No viable dags retrieved from /home/airflow/.local/lib/python3.7/site-packages/airflow/example_dags/subdags/subdag.py
[2026-09-30T23:42:32.234+0000] {processor.py:175} INFO - Processing /home/airflow/.local/lib/python3.7/site-packages/airflow/example_dags/subdags/subdag.py took 0.026 seconds
[2026-09-30T23:43:02.343+0000] {processor.py:153} INFO - Started process (PID=12117) to work on /home/airflow/.local/lib/python3.7/site-packages/airflow/example_dags/subdags/subdag.py
[2026-09-30T23:43:02.344+0000] {processor.py:743} INFO - Processing file /home/airflow/.local/lib/python3.7/site-packages/airflow/example_dags/subdags/subdag.py for tasks to queue
[2026-09-30T23:43:02.344+0000] {logging_mixin.py:137} INFO - [2026-09-30T23:43:02.344+0000] {dagbag.py:538} INFO - Filling up the DagBag from /home/airflow/.local/lib/python3.7/site-packages/airflow/example_dags/subdags/subdag.py
[2026-09-30T23:43:02.348+0000] {processor.py:755} WARNING - No viable dags retrieved from /home/airflow/.local/lib/python3.7/site-packages/airflow/example_dags/subdags/subdag.py
[2026-09-30T23:43:02.361+0000] {processor.py:175} INFO - Processing /home/airflow/.local/lib/python3.7/site-packages/airflow/example_dags/subdags/subdag.py took 0.021 seconds
[2026-09-30T23:43:33.448+0000] {processor.py:153} INFO - Started process (PID=12196) to work on /home/airflow/.local/lib/python3.7/site-packages/airflow/example_dags/subdags/subdag.py
[2026-09-30T23:43:33.450+0000] {processor.py:743} INFO - Processing file /home/airflow/.local/lib/python3.7/site-packages/airflow/example_dags/subdags/subdag.py for tasks to queue
[2026-09-30T23:43:33.452+0000] {logging_mixin.py:137} INFO - [2026-09-30T23:43:33.452+0000] {dagbag.py:538} INFO - Filling up the DagBag from /home/airflow/.local/lib/python3.7/site-packages/airflow/example_dags/subdags/subdag.py
[2026-09-30T23:43:33.459+0000] {processor.py:755} WARNING - No viable dags retrieved from /home/airflow/.local/lib/python3.7/site-packages/airflow/example_dags/subdags/subdag.py
[2026-09-30T23:43:33.481+0000] {processor.py:175} INFO - Processing /home/airflow/.local/lib/python3.7/site-packages/airflow/example_dags/subdags/subdag.py took 0.039 seconds
[2026-09-30T23:44:04.025+0000] {processor.py:153} INFO - Started process (PID=12275) to work on /home/airflow/.local/lib/python3.7/site-packages/airflow/example_dags/subdags/subdag.py
[2026-09-30T23:44:04.026+0000] {processor.py:743} INFO - Processing file /home/airflow/.local/lib/python3.7/site-packages/airflow/example_dags/subdags/subdag.py for tasks to queue
[2026-09-30T23:44:04.026+0000] {logging_mixin.py:137} INFO - [2026-09-30T23:44:04.026+0000] {dagbag.py:538} INFO - Filling up the DagBag from /home/airflow/.local/lib/python3.7/site-packages/airflow/example_dags/subdags/subdag.py
[2026-09-30T23:44:04.031+0000] {processor.py:755} WARNING - No viable dags retrieved from /home/airflow/.local/lib/python3.7/site-packages/airflow/example_dags/subdags/subdag.py
[2026-09-30T23:44:04.046+0000] {processor.py:175} INFO - Processing /home/airflow/.local/lib/python3.7/site-packages/airflow/example_dags/subdags/subdag.py took 0.024 seconds
[2026-09-30T23:44:34.276+0000] {processor.py:153} INFO - Started process (PID=12354) to work on /home/airflow/.local/lib/python3.7/site-packages/airflow/example_dags/subdags/subdag.py
[2026-09-30T23:44:34.277+0000] {processor.py:743} INFO - Processing file /home/airflow/.local/lib/python3.7/site-packages/airflow/example_dags/subdags/subdag.py for tasks to queue
[2026-09-30T23:44:34.278+0000] {logging_mixin.py:137} INFO - [2026-09-30T23:44:34.278+0000] {dagbag.py:538} INFO - Filling up the DagBag from /home/airflow/.local/lib/python3.7/site-packages/airflow/example_dags/subdags/subdag.py
[2026-09-30T23:44:34.283+0000] {processor.py:755} WARNING - No viable dags retrieved from /home/airflow/.local/lib/python3.7/site-packages/airflow/example_dags/subdags/subdag.py
[2026-09-30T23:44:34.301+0000] {processor.py:175} INFO - Processing /home/airflow/.local/lib/python3.7/site-packages/airflow/example_dags/subdags/subdag.py took 0.030 seconds
[2026-09-30T23:45:04.690+0000] {processor.py:153} INFO - Started process (PID=12453) to work on /home/airflow/.local/lib/python3.7/site-packages/airflow/example_dags/subdags/subdag.py
[2026-09-30T23:45:04.691+0000] {processor.py:743} INFO - Processing file /home/airflow/.local/lib/python3.7/site-packages/airflow/example_dags/subdags/subdag.py for tasks to queue
[2026-09-30T23:45:04.691+0000] {logging_mixin.py:137} INFO - [2026-09-30T23:45:04.691+0000] {dagbag.py:538} INFO - Filling up the DagBag from /home/airflow/.local/lib/python3.7/site-packages/airflow/example_dags/subdags/subdag.py
[2026-09-30T23:45:04.696+0000] {processor.py:755} WARNING - No viable dags retrieved from /home/airflow/.local/lib/python3.7/site-packages/airflow/example_dags/subdags/subdag.py
[2026-09-30T23:45:04.713+0000] {processor.py:175} INFO - Processing /home/airflow/.local/lib/python3.7/site-packages/airflow/example_dags/subdags/subdag.py took 0.028 seconds
[2026-09-30T23:45:35.225+0000] {processor.py:153} INFO - Started process (PID=12532) to work on /home/airflow/.local/lib/python3.7/site-packages/airflow/example_dags/subdags/subdag.py
[2026-09-30T23:45:35.226+0000] {processor.py:743} INFO - Processing file /home/airflow/.local/lib/python3.7/site-packages/airflow/example_dags/subdags/subdag.py for tasks to queue
[2026-09-30T23:45:35.227+0000] {logging_mixin.py:137} INFO - [2026-09-30T23:45:35.227+0000] {dagbag.py:538} INFO - Filling up the DagBag from /home/airflow/.local/lib/python3.7/site-packages/airflow/example_dags/subdags/subdag.py
[2026-09-30T23:45:35.233+0000] {processor.py:755} WARNING - No viable dags retrieved from /home/airflow/.local/lib/python3.7/site-packages/airflow/example_dags/subdags/subdag.py
[2026-09-30T23:45:35.252+0000] {processor.py:175} INFO - Processing /home/airflow/.local/lib/python3.7/site-packages/airflow/example_dags/subdags/subdag.py took 0.031 seconds
[2026-09-30T23:46:05.627+0000] {processor.py:153} INFO - Started process (PID=12611) to work on /home/airflow/.local/lib/python3.7/site-packages/airflow/example_dags/subdags/subdag.py
[2026-09-30T23:46:05.628+0000] {processor.py:743} INFO - Processing file /home/airflow/.local/lib/python3.7/site-packages/airflow/example_dags/subdags/subdag.py for tasks to queue
[2026-09-30T23:46:05.629+0000] {logging_mixin.py:137} INFO - [2026-09-30T23:46:05.629+0000] {dagbag.py:538} INFO - Filling up the DagBag from /home/airflow/.local/lib/python3.7/site-packages/airflow/example_dags/subdags/subdag.py
[2026-09-30T23:46:05.634+0000] {processor.py:755} WARNING - No viable dags retrieved from /home/airflow/.local/lib/python3.7/site-packages/airflow/example_dags/subdags/subdag.py
[2026-09-30T23:46:05.650+0000] {processor.py:175} INFO - Processing /home/airflow/.local/lib/python3.7/site-packages/airflow/example_dags/subdags/subdag.py took 0.027 seconds
[2026-09-30T23:46:35.948+0000] {processor.py:153} INFO - Started process (PID=12699) to work on /home/airflow/.local/lib/python3.7/site-packages/airflow/example_dags/subdags/subdag.py
[2026-09-30T23:46:35.949+0000] {processor.py:743} INFO - Processing file /home/airflow/.local/lib/python3.7/site-packages/airflow/example_dags/subdags/subdag.py for tasks to queue
[2026-09-30T23:46:35.950+0000] {logging_mixin.py:137} INFO - [2026-09-30T23:46:35.950+0000] {dagbag.py:538} INFO - Filling up the DagBag from /home/airflow/.local/lib/python3.7/site-packages/airflow/example_dags/subdags/subdag.py
[2026-09-30T23:46:35.954+0000] {processor.py:755} WARNING - No viable dags retrieved from /home/airflow/.local/lib/python3.7/site-packages/airflow/example_dags/subdags/subdag.py
[2026-09-30T23:46:35.969+0000] {processor.py:175} INFO - Processing /home/airflow/.local/lib/python3.7/site-packages/airflow/example_dags/subdags/subdag.py took 0.025 seconds
[2026-09-30T23:47:06.144+0000] {processor.py:153} INFO - Started process (PID=12789) to work on /home/airflow/.local/lib/python3.7/site-packages/airflow/example_dags/subdags/subdag.py
[2026-09-30T23:47:06.145+0000] {processor.py:743} INFO - Processing file /home/airflow/.local/lib/python3.7/site-packages/airflow/example_dags/subdags/subdag.py for tasks to queue
[2026-09-30T23:47:06.146+0000] {logging_mixin.py:137} INFO - [2026-09-30T23:47:06.146+0000] {dagbag.py:538} INFO - Filling up the DagBag from /home/airflow/.local/lib/python3.7/site-packages/airflow/example_dags/subdags/subdag.py
[2026-09-30T23:47:06.152+0000] {processor.py:755} WARNING - No viable dags retrieved from /home/airflow/.local/lib/python3.7/site-packages/airflow/example_dags/subdags/subdag.py
[2026-09-30T23:47:06.169+0000] {processor.py:175} INFO - Processing /home/airflow/.local/lib/python3.7/site-packages/airflow/example_dags/subdags/subdag.py took 0.030 seconds
[2026-09-30T23:47:36.949+0000] {processor.py:153} INFO - Started process (PID=12868) to work on /home/airflow/.local/lib/python3.7/site-packages/airflow/example_dags/subdags/subdag.py
[2026-09-30T23:47:36.951+0000] {processor.py:743} INFO - Processing file /home/airflow/.local/lib/python3.7/site-packages/airflow/example_dags/subdags/subdag.py for tasks to queue
[2026-09-30T23:47:36.952+0000] {logging_mixin.py:137} INFO - [2026-09-30T23:47:36.952+0000] {dagbag.py:538} INFO - Filling up the DagBag from /home/airflow/.local/lib/python3.7/site-packages/airflow/example_dags/subdags/subdag.py
[2026-09-30T23:47:36.956+0000] {processor.py:755} WARNING - No viable dags retrieved from /home/airflow/.local/lib/python3.7/site-packages/airflow/example_dags/subdags/subdag.py
[2026-09-30T23:47:36.971+0000] {processor.py:175} INFO - Processing /home/airflow/.local/lib/python3.7/site-packages/airflow/example_dags/subdags/subdag.py took 0.025 seconds
[2026-09-30T23:48:07.441+0000] {processor.py:153} INFO - Started process (PID=12947) to work on /home/airflow/.local/lib/python3.7/site-packages/airflow/example_dags/subdags/subdag.py
[2026-09-30T23:48:07.442+0000] {processor.py:743} INFO - Processing file /home/airflow/.local/lib/python3.7/site-packages/airflow/example_dags/subdags/subdag.py for tasks to queue
[2026-09-30T23:48:07.443+0000] {logging_mixin.py:137} INFO - [2026-09-30T23:48:07.443+0000] {dagbag.py:538} INFO - Filling up the DagBag from /home/airflow/.local/lib/python3.7/site-packages/airflow/example_dags/subdags/subdag.py
[2026-09-30T23:48:07.447+0000] {processor.py:755} WARNING - No viable dags retrieved from /home/airflow/.local/lib/python3.7/site-packages/airflow/example_dags/subdags/subdag.py
[2026-09-30T23:48:07.463+0000] {processor.py:175} INFO - Processing /home/airflow/.local/lib/python3.7/site-packages/airflow/example_dags/subdags/subdag.py took 0.026 seconds
[2026-09-30T23:48:38.274+0000] {processor.py:153} INFO - Started process (PID=13046) to work on /home/airflow/.local/lib/python3.7/site-packages/airflow/example_dags/subdags/subdag.py
[2026-09-30T23:48:38.275+0000] {processor.py:743} INFO - Processing file /home/airflow/.local/lib/python3.7/site-packages/airflow/example_dags/subdags/subdag.py for tasks to queue
[2026-09-30T23:48:38.276+0000] {logging_mixin.py:137} INFO - [2026-09-30T23:48:38.275+0000] {dagbag.py:538} INFO - Filling up the DagBag from /home/airflow/.local/lib/python3.7/site-packages/airflow/example_dags/subdags/subdag.py
[2026-09-30T23:48:38.280+0000] {processor.py:755} WARNING - No viable dags retrieved from /home/airflow/.local/lib/python3.7/site-packages/airflow/example_dags/subdags/subdag.py
[2026-09-30T23:48:38.296+0000] {processor.py:175} INFO - Processing /home/airflow/.local/lib/python3.7/site-packages/airflow/example_dags/subdags/subdag.py took 0.027 seconds
[2026-09-30T23:49:08.871+0000] {processor.py:153} INFO - Started process (PID=13125) to work on /home/airflow/.local/lib/python3.7/site-packages/airflow/example_dags/subdags/subdag.py
[2026-09-30T23:49:08.872+0000] {processor.py:743} INFO - Processing file /home/airflow/.local/lib/python3.7/site-packages/airflow/example_dags/subdags/subdag.py for tasks to queue
[2026-09-30T23:49:08.872+0000] {logging_mixin.py:137} INFO - [2026-09-30T23:49:08.872+0000] {dagbag.py:538} INFO - Filling up the DagBag from /home/airflow/.local/lib/python3.7/site-packages/airflow/example_dags/subdags/subdag.py
[2026-09-30T23:49:08.877+0000] {processor.py:755} WARNING - No viable dags retrieved from /home/airflow/.local/lib/python3.7/site-packages/airflow/example_dags/subdags/subdag.py
[2026-09-30T23:49:08.894+0000] {processor.py:175} INFO - Processing /home/airflow/.local/lib/python3.7/site-packages/airflow/example_dags/subdags/subdag.py took 0.027 seconds
[2026-09-30T23:49:39.863+0000] {processor.py:153} INFO - Started process (PID=13204) to work on /home/airflow/.local/lib/python3.7/site-packages/airflow/example_dags/subdags/subdag.py
[2026-09-30T23:49:39.865+0000] {processor.py:743} INFO - Processing file /home/airflow/.local/lib/python3.7/site-packages/airflow/example_dags/subdags/subdag.py for tasks to queue
[2026-09-30T23:49:39.868+0000] {logging_mixin.py:137} INFO - [2026-09-30T23:49:39.868+0000] {dagbag.py:538} INFO - Filling up the DagBag from /home/airflow/.local/lib/python3.7/site-packages/airflow/example_dags/subdags/subdag.py
[2026-09-30T23:49:39.874+0000] {processor.py:755} WARNING - No viable dags retrieved from /home/airflow/.local/lib/python3.7/site-packages/airflow/example_dags/subdags/subdag.py
[2026-09-30T23:49:39.895+0000] {processor.py:175} INFO - Processing /home/airflow/.local/lib/python3.7/site-packages/airflow/example_dags/subdags/subdag.py took 0.037 seconds
[2026-09-30T23:50:10.162+0000] {processor.py:153} INFO - Started process (PID=13283) to work on /home/airflow/.local/lib/python3.7/site-packages/airflow/example_dags/subdags/subdag.py
[2026-09-30T23:50:10.164+0000] {processor.py:743} INFO - Processing file /home/airflow/.local/lib/python3.7/site-packages/airflow/example_dags/subdags/subdag.py for tasks to queue
[2026-09-30T23:50:10.164+0000] {logging_mixin.py:137} INFO - [2026-09-30T23:50:10.164+0000] {dagbag.py:538} INFO - Filling up the DagBag from /home/airflow/.local/lib/python3.7/site-packages/airflow/example_dags/subdags/subdag.py
[2026-09-30T23:50:10.169+0000] {processor.py:755} WARNING - No viable dags retrieved from /home/airflow/.local/lib/python3.7/site-packages/airflow/example_dags/subdags/subdag.py
[2026-09-30T23:50:10.185+0000] {processor.py:175} INFO - Processing /home/airflow/.local/lib/python3.7/site-packages/airflow/example_dags/subdags/subdag.py took 0.027 seconds
[2026-09-30T23:50:40.462+0000] {processor.py:153} INFO - Started process (PID=13382) to work on /home/airflow/.local/lib/python3.7/site-packages/airflow/example_dags/subdags/subdag.py
[2026-09-30T23:50:40.463+0000] {processor.py:743} INFO - Processing file /home/airflow/.local/lib/python3.7/site-packages/airflow/example_dags/subdags/subdag.py for tasks to queue
[2026-09-30T23:50:40.463+0000] {logging_mixin.py:137} INFO - [2026-09-30T23:50:40.463+0000] {dagbag.py:538} INFO - Filling up the DagBag from /home/airflow/.local/lib/python3.7/site-packages/airflow/example_dags/subdags/subdag.py
[2026-09-30T23:50:40.467+0000] {processor.py:755} WARNING - No viable dags retrieved from /home/airflow/.local/lib/python3.7/site-packages/airflow/example_dags/subdags/subdag.py
[2026-09-30T23:50:40.481+0000] {processor.py:175} INFO - Processing /home/airflow/.local/lib/python3.7/site-packages/airflow/example_dags/subdags/subdag.py took 0.022 seconds
[2026-09-30T23:51:11.198+0000] {processor.py:153} INFO - Started process (PID=13461) to work on /home/airflow/.local/lib/python3.7/site-packages/airflow/example_dags/subdags/subdag.py
[2026-09-30T23:51:11.199+0000] {processor.py:743} INFO - Processing file /home/airflow/.local/lib/python3.7/site-packages/airflow/example_dags/subdags/subdag.py for tasks to queue
[2026-09-30T23:51:11.200+0000] {logging_mixin.py:137} INFO - [2026-09-30T23:51:11.200+0000] {dagbag.py:538} INFO - Filling up the DagBag from /home/airflow/.local/lib/python3.7/site-packages/airflow/example_dags/subdags/subdag.py
[2026-09-30T23:51:11.204+0000] {processor.py:755} WARNING - No viable dags retrieved from /home/airflow/.local/lib/python3.7/site-packages/airflow/example_dags/subdags/subdag.py
[2026-09-30T23:51:11.221+0000] {processor.py:175} INFO - Processing /home/airflow/.local/lib/python3.7/site-packages/airflow/example_dags/subdags/subdag.py took 0.028 seconds
[2026-09-30T23:51:42.134+0000] {processor.py:153} INFO - Started process (PID=13540) to work on /home/airflow/.local/lib/python3.7/site-packages/airflow/example_dags/subdags/subdag.py
[2026-09-30T23:51:42.135+0000] {processor.py:743} INFO - Processing file /home/airflow/.local/lib/python3.7/site-packages/airflow/example_dags/subdags/subdag.py for tasks to queue
[2026-09-30T23:51:42.136+0000] {logging_mixin.py:137} INFO - [2026-09-30T23:51:42.135+0000] {dagbag.py:538} INFO - Filling up the DagBag from /home/airflow/.local/lib/python3.7/site-packages/airflow/example_dags/subdags/subdag.py
[2026-09-30T23:51:42.140+0000] {processor.py:755} WARNING - No viable dags retrieved from /home/airflow/.local/lib/python3.7/site-packages/airflow/example_dags/subdags/subdag.py
[2026-09-30T23:51:42.157+0000] {processor.py:175} INFO - Processing /home/airflow/.local/lib/python3.7/site-packages/airflow/example_dags/subdags/subdag.py took 0.027 seconds
[2026-09-30T23:52:12.835+0000] {processor.py:153} INFO - Started process (PID=13640) to work on /home/airflow/.local/lib/python3.7/site-packages/airflow/example_dags/subdags/subdag.py
[2026-09-30T23:52:12.836+0000] {processor.py:743} INFO - Processing file /home/airflow/.local/lib/python3.7/site-packages/airflow/example_dags/subdags/subdag.py for tasks to queue
[2026-09-30T23:52:12.837+0000] {logging_mixin.py:137} INFO - [2026-09-30T23:52:12.837+0000] {dagbag.py:538} INFO - Filling up the DagBag from /home/airflow/.local/lib/python3.7/site-packages/airflow/example_dags/subdags/subdag.py
[2026-09-30T23:52:12.840+0000] {processor.py:755} WARNING - No viable dags retrieved from /home/airflow/.local/lib/python3.7/site-packages/airflow/example_dags/subdags/subdag.py
[2026-09-30T23:52:12.854+0000] {processor.py:175} INFO - Processing /home/airflow/.local/lib/python3.7/site-packages/airflow/example_dags/subdags/subdag.py took 0.023 seconds
[2026-09-30T23:52:43.802+0000] {processor.py:153} INFO - Started process (PID=13719) to work on /home/airflow/.local/lib/python3.7/site-packages/airflow/example_dags/subdags/subdag.py
[2026-09-30T23:52:43.803+0000] {processor.py:743} INFO - Processing file /home/airflow/.local/lib/python3.7/site-packages/airflow/example_dags/subdags/subdag.py for tasks to queue
[2026-09-30T23:52:43.804+0000] {logging_mixin.py:137} INFO - [2026-09-30T23:52:43.804+0000] {dagbag.py:538} INFO - Filling up the DagBag from /home/airflow/.local/lib/python3.7/site-packages/airflow/example_dags/subdags/subdag.py
[2026-09-30T23:52:43.809+0000] {processor.py:755} WARNING - No viable dags retrieved from /home/airflow/.local/lib/python3.7/site-packages/airflow/example_dags/subdags/subdag.py
[2026-09-30T23:52:43.825+0000] {processor.py:175} INFO - Processing /home/airflow/.local/lib/python3.7/site-packages/airflow/example_dags/subdags/subdag.py took 0.027 seconds
[2026-09-30T23:53:14.095+0000] {processor.py:153} INFO - Started process (PID=13798) to work on /home/airflow/.local/lib/python3.7/site-packages/airflow/example_dags/subdags/subdag.py
[2026-09-30T23:53:14.096+0000] {processor.py:743} INFO - Processing file /home/airflow/.local/lib/python3.7/site-packages/airflow/example_dags/subdags/subdag.py for tasks to queue
[2026-09-30T23:53:14.097+0000] {logging_mixin.py:137} INFO - [2026-09-30T23:53:14.097+0000] {dagbag.py:538} INFO - Filling up the DagBag from /home/airflow/.local/lib/python3.7/site-packages/airflow/example_dags/subdags/subdag.py
[2026-09-30T23:53:14.102+0000] {processor.py:755} WARNING - No viable dags retrieved from /home/airflow/.local/lib/python3.7/site-packages/airflow/example_dags/subdags/subdag.py
[2026-09-30T23:53:14.120+0000] {processor.py:175} INFO - Processing /home/airflow/.local/lib/python3.7/site-packages/airflow/example_dags/subdags/subdag.py took 0.029 seconds
[2026-09-30T23:53:44.542+0000] {processor.py:153} INFO - Started process (PID=13897) to work on /home/airflow/.local/lib/python3.7/site-packages/airflow/example_dags/subdags/subdag.py
[2026-09-30T23:53:44.543+0000] {processor.py:743} INFO - Processing file /home/airflow/.local/lib/python3.7/site-packages/airflow/example_dags/subdags/subdag.py for tasks to queue
[2026-09-30T23:53:44.545+0000] {logging_mixin.py:137} INFO - [2026-09-30T23:53:44.544+0000] {dagbag.py:538} INFO - Filling up the DagBag from /home/airflow/.local/lib/python3.7/site-packages/airflow/example_dags/subdags/subdag.py
[2026-09-30T23:53:44.551+0000] {processor.py:755} WARNING - No viable dags retrieved from /home/airflow/.local/lib/python3.7/site-packages/airflow/example_dags/subdags/subdag.py
[2026-09-30T23:53:44.572+0000] {processor.py:175} INFO - Processing /home/airflow/.local/lib/python3.7/site-packages/airflow/example_dags/subdags/subdag.py took 0.034 seconds
[2026-09-30T23:54:14.859+0000] {processor.py:153} INFO - Started process (PID=13976) to work on /home/airflow/.local/lib/python3.7/site-packages/airflow/example_dags/subdags/subdag.py
[2026-09-30T23:54:14.860+0000] {processor.py:743} INFO - Processing file /home/airflow/.local/lib/python3.7/site-packages/airflow/example_dags/subdags/subdag.py for tasks to queue
[2026-09-30T23:54:14.861+0000] {logging_mixin.py:137} INFO - [2026-09-30T23:54:14.861+0000] {dagbag.py:538} INFO - Filling up the DagBag from /home/airflow/.local/lib/python3.7/site-packages/airflow/example_dags/subdags/subdag.py
[2026-09-30T23:54:14.866+0000] {processor.py:755} WARNING - No viable dags retrieved from /home/airflow/.local/lib/python3.7/site-packages/airflow/example_dags/subdags/subdag.py
[2026-09-30T23:54:14.883+0000] {processor.py:175} INFO - Processing /home/airflow/.local/lib/python3.7/site-packages/airflow/example_dags/subdags/subdag.py took 0.028 seconds
[2026-09-30T23:54:45.895+0000] {processor.py:153} INFO - Started process (PID=14055) to work on /home/airflow/.local/lib/python3.7/site-packages/airflow/example_dags/subdags/subdag.py
[2026-09-30T23:54:45.896+0000] {processor.py:743} INFO - Processing file /home/airflow/.local/lib/python3.7/site-packages/airflow/example_dags/subdags/subdag.py for tasks to queue
[2026-09-30T23:54:45.897+0000] {logging_mixin.py:137} INFO - [2026-09-30T23:54:45.897+0000] {dagbag.py:538} INFO - Filling up the DagBag from /home/airflow/.local/lib/python3.7/site-packages/airflow/example_dags/subdags/subdag.py
[2026-09-30T23:54:45.901+0000] {processor.py:755} WARNING - No viable dags retrieved from /home/airflow/.local/lib/python3.7/site-packages/airflow/example_dags/subdags/subdag.py
[2026-09-30T23:54:45.918+0000] {processor.py:175} INFO - Processing /home/airflow/.local/lib/python3.7/site-packages/airflow/example_dags/subdags/subdag.py took 0.027 seconds
[2026-09-30T23:55:16.136+0000] {processor.py:153} INFO - Started process (PID=14134) to work on /home/airflow/.local/lib/python3.7/site-packages/airflow/example_dags/subdags/subdag.py
[2026-09-30T23:55:16.137+0000] {processor.py:743} INFO - Processing file /home/airflow/.local/lib/python3.7/site-packages/airflow/example_dags/subdags/subdag.py for tasks to queue
[2026-09-30T23:55:16.138+0000] {logging_mixin.py:137} INFO - [2026-09-30T23:55:16.138+0000] {dagbag.py:538} INFO - Filling up the DagBag from /home/airflow/.local/lib/python3.7/site-packages/airflow/example_dags/subdags/subdag.py
[2026-09-30T23:55:16.142+0000] {processor.py:755} WARNING - No viable dags retrieved from /home/airflow/.local/lib/python3.7/site-packages/airflow/example_dags/subdags/subdag.py
[2026-09-30T23:55:16.159+0000] {processor.py:175} INFO - Processing /home/airflow/.local/lib/python3.7/site-packages/airflow/example_dags/subdags/subdag.py took 0.027 seconds
[2026-09-30T23:55:46.626+0000] {processor.py:153} INFO - Started process (PID=14221) to work on /home/airflow/.local/lib/python3.7/site-packages/airflow/example_dags/subdags/subdag.py
[2026-09-30T23:55:46.627+0000] {processor.py:743} INFO - Processing file /home/airflow/.local/lib/python3.7/site-packages/airflow/example_dags/subdags/subdag.py for tasks to queue
[2026-09-30T23:55:46.628+0000] {logging_mixin.py:137} INFO - [2026-09-30T23:55:46.628+0000] {dagbag.py:538} INFO - Filling up the DagBag from /home/airflow/.local/lib/python3.7/site-packages/airflow/example_dags/subdags/subdag.py
[2026-09-30T23:55:46.632+0000] {processor.py:755} WARNING - No viable dags retrieved from /home/airflow/.local/lib/python3.7/site-packages/airflow/example_dags/subdags/subdag.py
[2026-09-30T23:55:46.647+0000] {processor.py:175} INFO - Processing /home/airflow/.local/lib/python3.7/site-packages/airflow/example_dags/subdags/subdag.py took 0.025 seconds
[2026-09-30T23:56:16.998+0000] {processor.py:153} INFO - Started process (PID=14311) to work on /home/airflow/.local/lib/python3.7/site-packages/airflow/example_dags/subdags/subdag.py
[2026-09-30T23:56:16.999+0000] {processor.py:743} INFO - Processing file /home/airflow/.local/lib/python3.7/site-packages/airflow/example_dags/subdags/subdag.py for tasks to queue
[2026-09-30T23:56:17.000+0000] {logging_mixin.py:137} INFO - [2026-09-30T23:56:17.000+0000] {dagbag.py:538} INFO - Filling up the DagBag from /home/airflow/.local/lib/python3.7/site-packages/airflow/example_dags/subdags/subdag.py
[2026-09-30T23:56:17.005+0000] {processor.py:755} WARNING - No viable dags retrieved from /home/airflow/.local/lib/python3.7/site-packages/airflow/example_dags/subdags/subdag.py
[2026-09-30T23:56:17.023+0000] {processor.py:175} INFO - Processing /home/airflow/.local/lib/python3.7/site-packages/airflow/example_dags/subdags/subdag.py took 0.029 seconds
[2026-09-30T23:56:47.361+0000] {processor.py:153} INFO - Started process (PID=14390) to work on /home/airflow/.local/lib/python3.7/site-packages/airflow/example_dags/subdags/subdag.py
[2026-09-30T23:56:47.362+0000] {processor.py:743} INFO - Processing file /home/airflow/.local/lib/python3.7/site-packages/airflow/example_dags/subdags/subdag.py for tasks to queue
[2026-09-30T23:56:47.363+0000] {logging_mixin.py:137} INFO - [2026-09-30T23:56:47.363+0000] {dagbag.py:538} INFO - Filling up the DagBag from /home/airflow/.local/lib/python3.7/site-packages/airflow/example_dags/subdags/subdag.py
[2026-09-30T23:56:47.368+0000] {processor.py:755} WARNING - No viable dags retrieved from /home/airflow/.local/lib/python3.7/site-packages/airflow/example_dags/subdags/subdag.py
[2026-09-30T23:56:47.385+0000] {processor.py:175} INFO - Processing /home/airflow/.local/lib/python3.7/site-packages/airflow/example_dags/subdags/subdag.py took 0.029 seconds
[2026-09-30T23:57:17.540+0000] {processor.py:153} INFO - Started process (PID=14469) to work on /home/airflow/.local/lib/python3.7/site-packages/airflow/example_dags/subdags/subdag.py
[2026-09-30T23:57:17.541+0000] {processor.py:743} INFO - Processing file /home/airflow/.local/lib/python3.7/site-packages/airflow/example_dags/subdags/subdag.py for tasks to queue
[2026-09-30T23:57:17.542+0000] {logging_mixin.py:137} INFO - [2026-09-30T23:57:17.542+0000] {dagbag.py:538} INFO - Filling up the DagBag from /home/airflow/.local/lib/python3.7/site-packages/airflow/example_dags/subdags/subdag.py
[2026-09-30T23:57:17.546+0000] {processor.py:755} WARNING - No viable dags retrieved from /home/airflow/.local/lib/python3.7/site-packages/airflow/example_dags/subdags/subdag.py
[2026-09-30T23:57:17.562+0000] {processor.py:175} INFO - Processing /home/airflow/.local/lib/python3.7/site-packages/airflow/example_dags/subdags/subdag.py took 0.026 seconds
[2026-09-30T23:57:48.406+0000] {processor.py:153} INFO - Started process (PID=14568) to work on /home/airflow/.local/lib/python3.7/site-packages/airflow/example_dags/subdags/subdag.py
[2026-09-30T23:57:48.407+0000] {processor.py:743} INFO - Processing file /home/airflow/.local/lib/python3.7/site-packages/airflow/example_dags/subdags/subdag.py for tasks to queue
[2026-09-30T23:57:48.408+0000] {logging_mixin.py:137} INFO - [2026-09-30T23:57:48.408+0000] {dagbag.py:538} INFO - Filling up the DagBag from /home/airflow/.local/lib/python3.7/site-packages/airflow/example_dags/subdags/subdag.py
[2026-09-30T23:57:48.412+0000] {processor.py:755} WARNING - No viable dags retrieved from /home/airflow/.local/lib/python3.7/site-packages/airflow/example_dags/subdags/subdag.py
[2026-09-30T23:57:48.426+0000] {processor.py:175} INFO - Processing /home/airflow/.local/lib/python3.7/site-packages/airflow/example_dags/subdags/subdag.py took 0.024 seconds
[2026-09-30T23:58:19.284+0000] {processor.py:153} INFO - Started process (PID=14647) to work on /home/airflow/.local/lib/python3.7/site-packages/airflow/example_dags/subdags/subdag.py
[2026-09-30T23:58:19.285+0000] {processor.py:743} INFO - Processing file /home/airflow/.local/lib/python3.7/site-packages/airflow/example_dags/subdags/subdag.py for tasks to queue
[2026-09-30T23:58:19.286+0000] {logging_mixin.py:137} INFO - [2026-09-30T23:58:19.286+0000] {dagbag.py:538} INFO - Filling up the DagBag from /home/airflow/.local/lib/python3.7/site-packages/airflow/example_dags/subdags/subdag.py
[2026-09-30T23:58:19.293+0000] {processor.py:755} WARNING - No viable dags retrieved from /home/airflow/.local/lib/python3.7/site-packages/airflow/example_dags/subdags/subdag.py
[2026-09-30T23:58:19.311+0000] {processor.py:175} INFO - Processing /home/airflow/.local/lib/python3.7/site-packages/airflow/example_dags/subdags/subdag.py took 0.033 seconds
[2026-09-30T23:58:49.732+0000] {processor.py:153} INFO - Started process (PID=14726) to work on /home/airflow/.local/lib/python3.7/site-packages/airflow/example_dags/subdags/subdag.py
[2026-09-30T23:58:49.733+0000] {processor.py:743} INFO - Processing file /home/airflow/.local/lib/python3.7/site-packages/airflow/example_dags/subdags/subdag.py for tasks to queue
[2026-09-30T23:58:49.733+0000] {logging_mixin.py:137} INFO - [2026-09-30T23:58:49.733+0000] {dagbag.py:538} INFO - Filling up the DagBag from /home/airflow/.local/lib/python3.7/site-packages/airflow/example_dags/subdags/subdag.py
[2026-09-30T23:58:49.738+0000] {processor.py:755} WARNING - No viable dags retrieved from /home/airflow/.local/lib/python3.7/site-packages/airflow/example_dags/subdags/subdag.py
[2026-09-30T23:58:49.752+0000] {processor.py:175} INFO - Processing /home/airflow/.local/lib/python3.7/site-packages/airflow/example_dags/subdags/subdag.py took 0.025 seconds
[2026-09-30T23:59:20.433+0000] {processor.py:153} INFO - Started process (PID=14814) to work on /home/airflow/.local/lib/python3.7/site-packages/airflow/example_dags/subdags/subdag.py
[2026-09-30T23:59:20.434+0000] {processor.py:743} INFO - Processing file /home/airflow/.local/lib/python3.7/site-packages/airflow/example_dags/subdags/subdag.py for tasks to queue
[2026-09-30T23:59:20.435+0000] {logging_mixin.py:137} INFO - [2026-09-30T23:59:20.435+0000] {dagbag.py:538} INFO - Filling up the DagBag from /home/airflow/.local/lib/python3.7/site-packages/airflow/example_dags/subdags/subdag.py
[2026-09-30T23:59:20.439+0000] {processor.py:755} WARNING - No viable dags retrieved from /home/airflow/.local/lib/python3.7/site-packages/airflow/example_dags/subdags/subdag.py
[2026-09-30T23:59:20.459+0000] {processor.py:175} INFO - Processing /home/airflow/.local/lib/python3.7/site-packages/airflow/example_dags/subdags/subdag.py took 0.030 seconds
[2026-09-30T23:59:51.112+0000] {processor.py:153} INFO - Started process (PID=14904) to work on /home/airflow/.local/lib/python3.7/site-packages/airflow/example_dags/subdags/subdag.py
[2026-09-30T23:59:51.114+0000] {processor.py:743} INFO - Processing file /home/airflow/.local/lib/python3.7/site-packages/airflow/example_dags/subdags/subdag.py for tasks to queue
[2026-09-30T23:59:51.115+0000] {logging_mixin.py:137} INFO - [2026-09-30T23:59:51.115+0000] {dagbag.py:538} INFO - Filling up the DagBag from /home/airflow/.local/lib/python3.7/site-packages/airflow/example_dags/subdags/subdag.py
[2026-09-30T23:59:51.119+0000] {processor.py:755} WARNING - No viable dags retrieved from /home/airflow/.local/lib/python3.7/site-packages/airflow/example_dags/subdags/subdag.py
[2026-09-30T23:59:51.136+0000] {processor.py:175} INFO - Processing /home/airflow/.local/lib/python3.7/site-packages/airflow/example_dags/subdags/subdag.py took 0.028 seconds
